solid 
facet normal 0.0 -0.0 1.0
outer loop
vertex -7.25 -3.5 2.0
vertex -5.188905715942383 -0.9561900496482849 2.0
vertex -5.279552459716797 -0.8889620304107666 2.0
endloop
endfacet
facet normal 0.0 -0.0 1.0
outer loop
vertex -7.25 -3.5 2.0
vertex -4.883827209472656 -1.100481390953064 2.0
vertex -4.990086078643799 -1.062461495399475 2.0
endloop
endfacet
facet normal 0.0 -0.0 1.0
outer loop
vertex -7.25 -3.5 2.0
vertex -5.092106342315674 -1.014209508895874 2.0
vertex -5.188905715942383 -0.9561900496482849 2.0
endloop
endfacet
facet normal 0.0 -0.0 1.0
outer loop
vertex -7.25 -3.5 2.0
vertex -4.990086078643799 -1.062461495399475 2.0
vertex -5.092106342315674 -1.014209508895874 2.0
endloop
endfacet
facet normal 0.0 -0.0 1.0
outer loop
vertex -7.25 -3.5 2.0
vertex -4.6627197265625 -1.1444624662399292 2.0
vertex -4.774353981018066 -1.1279031038284302 2.0
endloop
endfacet
facet normal 0.0 -0.0 1.0
outer loop
vertex -7.25 -3.5 2.0
vertex -4.774353981018066 -1.1279031038284302 2.0
vertex -4.883827209472656 -1.100481390953064 2.0
endloop
endfacet
facet normal 0.0 -0.0 1.0
outer loop
vertex -7.25 -3.5 2.0
vertex -4.550000190734863 -1.149999976158142 2.0
vertex -4.6627197265625 -1.1444624662399292 2.0
endloop
endfacet
facet normal 0.0 -0.0 1.0
outer loop
vertex -7.25 -3.5 2.0
vertex -4.437280178070068 -1.1444624662399292 2.0
vertex -4.550000190734863 -1.149999976158142 2.0
endloop
endfacet
facet normal 0.0 -0.0 1.0
outer loop
vertex -7.25 -3.5 2.0
vertex -4.325645923614502 -1.1279031038284302 2.0
vertex -4.437280178070068 -1.1444624662399292 2.0
endloop
endfacet
facet normal 0.0 -0.0 1.0
outer loop
vertex -7.25 -3.5 2.0
vertex -4.216172695159912 -1.100481390953064 2.0
vertex -4.325645923614502 -1.1279031038284302 2.0
endloop
endfacet
facet normal 0.0 -0.0 1.0
outer loop
vertex -7.25 -3.5 2.0
vertex -4.1099138259887695 -1.062461495399475 2.0
vertex -4.216172695159912 -1.100481390953064 2.0
endloop
endfacet
facet normal 0.0 -0.0 0.9999999999999999
outer loop
vertex -7.25 -3.5 2.0
vertex -4.0078935623168945 -1.014209508895874 2.0
vertex -4.1099138259887695 -1.062461495399475 2.0
endloop
endfacet
facet normal 0.0 -0.0 1.0
outer loop
vertex -7.25 -3.5 2.0
vertex -3.9110941886901855 -0.9561900496482849 2.0
vertex -4.0078935623168945 -1.014209508895874 2.0
endloop
endfacet
facet normal 0.0 -0.0 1.0
outer loop
vertex -7.25 -3.5 2.0
vertex -3.8204476833343506 -0.8889620304107666 2.0
vertex -3.9110941886901855 -0.9561900496482849 2.0
endloop
endfacet
facet normal -1.0 0.0 0.0
outer loop
vertex -7.25 -3.5 0.0
vertex -7.25 -3.5 2.0
vertex -7.25 3.5 2.0
endloop
endfacet
facet normal 0.0 -0.0 1.0
outer loop
vertex -7.25 -3.5 2.0
vertex -5.650481224060059 -0.3338273763656616 2.0
vertex -6.550000190734863 -0.30000001192092896 2.0
endloop
endfacet
facet normal 0.0 -0.0 1.0
outer loop
vertex -7.25 -3.5 2.0
vertex -5.363173007965088 -0.8131728172302246 2.0
vertex -5.438961982727051 -0.7295522689819336 2.0
endloop
endfacet
facet normal 0.0 -0.0 1.0
outer loop
vertex -7.25 -3.5 2.0
vertex -5.279552459716797 -0.8889620304107666 2.0
vertex -5.363173007965088 -0.8131728172302246 2.0
endloop
endfacet
facet normal 0.0 -0.0 1.0
outer loop
vertex -7.25 -3.5 2.0
vertex -5.438961982727051 -0.7295522689819336 2.0
vertex -5.506189823150635 -0.6389057636260986 2.0
endloop
endfacet
facet normal 0.0 -0.0 0.9999999999999999
outer loop
vertex -7.25 -3.5 2.0
vertex -5.506189823150635 -0.6389057636260986 2.0
vertex -5.564209461212158 -0.5421062707901001 2.0
endloop
endfacet
facet normal 0.0 -0.0 1.0
outer loop
vertex -7.25 -3.5 2.0
vertex -5.564209461212158 -0.5421062707901001 2.0
vertex -5.612461566925049 -0.4400859475135803 2.0
endloop
endfacet
facet normal 0.0 -0.0 1.0
outer loop
vertex -7.25 -3.5 2.0
vertex -5.612461566925049 -0.4400859475135803 2.0
vertex -5.650481224060059 -0.3338273763656616 2.0
endloop
endfacet
facet normal 0.0 -0.0 1.0
outer loop
vertex -7.25 -3.5 2.0
vertex -6.550000190734863 -0.30000001192092896 2.0
vertex -7.25 3.5 2.0
endloop
endfacet
facet normal 0.0 0.0 1.0
outer loop
vertex -5.650481224060059 -0.3338273763656616 2.0
vertex -5.658954620361328 -0.30000001192092896 2.0
vertex -6.550000190734863 -0.30000001192092896 2.0
endloop
endfacet
facet normal -0.8032083361319745 -0.5956982195441791 -0.0
outer loop
vertex -5.438961982727051 -0.7295522689819336 2.0
vertex -5.506189823150635 -0.6389057636260986 4.0
vertex -5.506189823150635 -0.6389057636260986 2.0
endloop
endfacet
facet normal -0.8577276141718831 -0.5141044056288658 -0.0
outer loop
vertex -5.506189823150635 -0.6389057636260986 2.0
vertex -5.564209461212158 -0.5421062707901001 4.0
vertex -5.564209461212158 -0.5421062707901001 2.0
endloop
endfacet
facet normal -0.9039889972979884 -0.42755571890009525 -0.0
outer loop
vertex -5.564209461212158 -0.5421062707901001 2.0
vertex -5.612461566925049 -0.4400859475135803 4.0
vertex -5.612461566925049 -0.4400859475135803 2.0
endloop
endfacet
facet normal -0.9415448171973642 -0.336887751645533 -0.0
outer loop
vertex -5.612461566925049 -0.4400859475135803 2.0
vertex -5.650481224060059 -0.3338273763656616 4.0
vertex -5.650481224060059 -0.3338273763656616 2.0
endloop
endfacet
facet normal -0.9700306948404719 -0.24298240896680431 0.0
outer loop
vertex -5.650481224060059 -0.3338273763656616 2.0
vertex -5.650481224060059 -0.3338273763656616 4.0
vertex -5.658954620361328 -0.30000001192092896 2.0
endloop
endfacet
facet normal -0.5956982309267262 -0.8032083276901258 0.0
outer loop
vertex -5.279552459716797 -0.8889620304107666 2.0
vertex -5.188905715942383 -0.9561900496482849 2.0
vertex -5.279552459716797 -0.8889620304107666 4.0
endloop
endfacet
facet normal -0.4275550598291976 -0.9039893090155718 -0.0
outer loop
vertex -4.990086078643799 -1.062461495399475 2.0
vertex -5.092106342315674 -1.014209508895874 4.0
vertex -5.092106342315674 -1.014209508895874 2.0
endloop
endfacet
facet normal -0.5141037057419992 -0.8577280336693817 -0.0
outer loop
vertex -5.092106342315674 -1.014209508895874 2.0
vertex -5.188905715942383 -0.9561900496482849 4.0
vertex -5.188905715942383 -0.9561900496482849 2.0
endloop
endfacet
facet normal -0.24298098580936248 -0.9700310513252195 0.0
outer loop
vertex -4.883827209472656 -1.100481390953064 2.0
vertex -4.774353981018066 -1.1279031038284302 2.0
vertex -4.883827209472656 -1.100481390953064 4.0
endloop
endfacet
facet normal -0.14673034469632024 -0.9891765292127078 0.0
outer loop
vertex -4.774353981018066 -1.1279031038284302 2.0
vertex -4.6627197265625 -1.1444624662399292 2.0
vertex -4.774353981018066 -1.1279031038284302 4.0
endloop
endfacet
facet normal -0.04906726961294222 -0.9987954760874375 0.0
outer loop
vertex -4.6627197265625 -1.1444624662399292 2.0
vertex -4.550000190734863 -1.149999976158142 2.0
vertex -4.6627197265625 -1.1444624662399292 4.0
endloop
endfacet
facet normal -0.3368887868431078 -0.9415444467997138 0.0
outer loop
vertex -4.990086078643799 -1.062461495399475 2.0
vertex -4.883827209472656 -1.100481390953064 2.0
vertex -4.990086078643799 -1.062461495399475 4.0
endloop
endfacet
facet normal 0.04906706254441527 -0.9987954862599562 0.0
outer loop
vertex -4.550000190734863 -1.149999976158142 2.0
vertex -4.437280178070068 -1.1444624662399292 2.0
vertex -4.550000190734863 -1.149999976158142 4.0
endloop
endfacet
facet normal 0.14673034469632024 -0.9891765292127078 0.0
outer loop
vertex -4.437280178070068 -1.1444624662399292 2.0
vertex -4.325645923614502 -1.1279031038284302 2.0
vertex -4.437280178070068 -1.1444624662399292 4.0
endloop
endfacet
facet normal 0.24298098580936248 -0.9700310513252195 0.0
outer loop
vertex -4.325645923614502 -1.1279031038284302 2.0
vertex -4.216172695159912 -1.100481390953064 2.0
vertex -4.325645923614502 -1.1279031038284302 4.0
endloop
endfacet
facet normal 0.3368887868431078 -0.9415444467997138 0.0
outer loop
vertex -4.216172695159912 -1.100481390953064 2.0
vertex -4.1099138259887695 -1.062461495399475 2.0
vertex -4.216172695159912 -1.100481390953064 4.0
endloop
endfacet
facet normal 0.4275550598291976 -0.9039893090155718 0.0
outer loop
vertex -4.1099138259887695 -1.062461495399475 2.0
vertex -4.0078935623168945 -1.014209508895874 2.0
vertex -4.1099138259887695 -1.062461495399475 4.0
endloop
endfacet
facet normal 0.5141037057419992 -0.8577280336693817 0.0
outer loop
vertex -4.0078935623168945 -1.014209508895874 2.0
vertex -3.9110941886901855 -0.9561900496482849 2.0
vertex -4.0078935623168945 -1.014209508895874 4.0
endloop
endfacet
facet normal 0.5956992417404677 -0.8032075780206706 0.0
outer loop
vertex -3.9110941886901855 -0.9561900496482849 2.0
vertex -3.8204476833343506 -0.8889620304107666 2.0
vertex -3.9110941886901855 -0.9561900496482849 4.0
endloop
endfacet
facet normal -0.6715587894661638 -0.7409512752473949 -0.0
outer loop
vertex -5.279552459716797 -0.8889620304107666 2.0
vertex -5.363173007965088 -0.8131728172302246 4.0
vertex -5.363173007965088 -0.8131728172302246 2.0
endloop
endfacet
facet normal -0.7409523264602499 -0.6715576296291653 0.0
outer loop
vertex -5.438961982727051 -0.7295522689819336 2.0
vertex -5.363173007965088 -0.8131728172302246 2.0
vertex -5.438961982727051 -0.7295522689819336 4.0
endloop
endfacet
facet normal 0.6715587894661638 -0.7409512752473949 0.0
outer loop
vertex -3.8204476833343506 -0.8889620304107666 2.0
vertex -3.7368271350860596 -0.8131728172302246 2.0
vertex -3.8204476833343506 -0.8889620304107666 4.0
endloop
endfacet
facet normal 0.7409512752473949 -0.6715587894661638 0.0
outer loop
vertex -3.7368271350860596 -0.8131728172302246 2.0
vertex -3.6610379219055176 -0.7295522689819336 2.0
vertex -3.7368271350860596 -0.8131728172302246 4.0
endloop
endfacet
facet normal 0.8032073253169317 -0.5956995824719208 0.0
outer loop
vertex -3.6610379219055176 -0.7295522689819336 2.0
vertex -3.5938098430633545 -0.6389057636260986 2.0
vertex -3.6610379219055176 -0.7295522689819336 4.0
endloop
endfacet
facet normal 0.0 -1.0 0.0
outer loop
vertex -7.25 -3.5 0.0
vertex 7.25 -3.5 0.0
vertex -7.25 -3.5 2.0
endloop
endfacet
facet normal 0.0 0.0 -1.0
outer loop
vertex -7.25 -3.5 0.0
vertex -7.25 3.5 0.0
vertex 7.25 -3.5 0.0
endloop
endfacet
facet normal 0.0 -0.0 1.0
outer loop
vertex -3.7368271350860596 -0.8131728172302246 2.0
vertex -2.549999952316284 -0.30000001192092896 2.0
vertex -3.6610379219055176 -0.7295522689819336 2.0
endloop
endfacet
facet normal 0.0 -0.0 1.0
outer loop
vertex -3.6610379219055176 -0.7295522689819336 2.0
vertex -2.549999952316284 -0.30000001192092896 2.0
vertex -3.5938098430633545 -0.6389057636260986 2.0
endloop
endfacet
facet normal 0.0 -0.0 0.9999999999999999
outer loop
vertex -3.5938098430633545 -0.6389057636260986 2.0
vertex -2.549999952316284 -0.30000001192092896 2.0
vertex -3.53579044342041 -0.5421062707901001 2.0
endloop
endfacet
facet normal 0.0 -0.0 1.0
outer loop
vertex -3.53579044342041 -0.5421062707901001 2.0
vertex -2.549999952316284 -0.30000001192092896 2.0
vertex -3.4875385761260986 -0.4400859475135803 2.0
endloop
endfacet
facet normal 0.0 -0.0 1.0
outer loop
vertex -3.4875385761260986 -0.4400859475135803 2.0
vertex -2.549999952316284 -0.30000001192092896 2.0
vertex -3.4495186805725098 -0.3338273763656616 2.0
endloop
endfacet
facet normal 0.0 -0.0 1.0
outer loop
vertex -3.4495186805725098 -0.3338273763656616 2.0
vertex -2.549999952316284 -0.30000001192092896 2.0
vertex -3.4410452842712402 -0.30000001192092896 2.0
endloop
endfacet
facet normal 0.8577285457449816 -0.5141028513966821 0.0
outer loop
vertex -3.5938098430633545 -0.6389057636260986 2.0
vertex -3.53579044342041 -0.5421062707901001 2.0
vertex -3.5938098430633545 -0.6389057636260986 4.0
endloop
endfacet
facet normal 0.9039898138275726 -0.4275539924921653 0.0
outer loop
vertex -3.53579044342041 -0.5421062707901001 2.0
vertex -3.4875385761260986 -0.4400859475135803 2.0
vertex -3.53579044342041 -0.5421062707901001 4.0
endloop
endfacet
facet normal 0.9415441470902363 -0.33688962447680026 0.0
outer loop
vertex -3.4875385761260986 -0.4400859475135803 2.0
vertex -3.4495186805725098 -0.3338273763656616 2.0
vertex -3.4875385761260986 -0.4400859475135803 4.0
endloop
endfacet
facet normal 0.9700306948404719 -0.24298240896680431 0.0
outer loop
vertex -3.4495186805725098 -0.3338273763656616 2.0
vertex -3.4410452842712402 -0.30000001192092896 2.0
vertex -3.4410452842712402 -0.30000001192092896 4.0
endloop
endfacet
facet normal 0.0 -0.0 1.0
outer loop
vertex -7.25 -3.5 2.0
vertex 3.5938098430633545 -0.6389057636260986 2.0
vertex 3.53579044342041 -0.5421062707901001 2.0
endloop
endfacet
facet normal 0.0 -0.0 0.9999999999999999
outer loop
vertex -7.25 -3.5 2.0
vertex 3.4495186805725098 -0.3338273763656616 2.0
vertex 2.549999952316284 -0.30000001192092896 2.0
endloop
endfacet
facet normal 0.0 -0.0 1.0
outer loop
vertex -7.25 -3.5 2.0
vertex 3.53579044342041 -0.5421062707901001 2.0
vertex 3.4875385761260986 -0.4400859475135803 2.0
endloop
endfacet
facet normal 0.0 -0.0 1.0
outer loop
vertex -7.25 -3.5 2.0
vertex 3.4875385761260986 -0.4400859475135803 2.0
vertex 3.4495186805725098 -0.3338273763656616 2.0
endloop
endfacet
facet normal 0.0 0.0 1.0
outer loop
vertex -7.25 -3.5 2.0
vertex 2.549999952316284 -0.30000001192092896 2.0
vertex 2.549999952316284 0.30000001192092896 2.0
endloop
endfacet
facet normal 0.0 -0.0 1.0
outer loop
vertex -7.25 -3.5 2.0
vertex 7.25 3.5 2.0
vertex -3.8204476833343506 -0.8889620304107666 2.0
endloop
endfacet
facet normal 0.0 0.0 1.0
outer loop
vertex -7.25 -3.5 2.0
vertex 2.549999952316284 0.30000001192092896 2.0
vertex 3.7368271350860596 0.8131728172302246 2.0
endloop
endfacet
facet normal 0.0 0.0 -1.0
outer loop
vertex -5.501589775085449 -1.1595157384872437 4.0
vertex -5.610660076141357 -1.0606601238250732 4.0
vertex -5.279552459716797 -0.8889620304107666 4.0
endloop
endfacet
facet normal 0.0 -0.0 -1.0
outer loop
vertex -5.709515571594238 -0.9515899419784546 4.0
vertex -5.363173007965088 -0.8131728172302246 4.0
vertex -5.610660076141357 -1.0606601238250732 4.0
endloop
endfacet
facet normal -0.8032083361319745 -0.5956982195441791 0.0
outer loop
vertex -5.438961982727051 -0.7295522689819336 2.0
vertex -5.438961982727051 -0.7295522689819336 4.0
vertex -5.506189823150635 -0.6389057636260986 4.0
endloop
endfacet
facet normal -0.8577276141718831 -0.5141044056288658 0.0
outer loop
vertex -5.506189823150635 -0.6389057636260986 2.0
vertex -5.506189823150635 -0.6389057636260986 4.0
vertex -5.564209461212158 -0.5421062707901001 4.0
endloop
endfacet
facet normal -0.9039889972979884 -0.42755571890009525 0.0
outer loop
vertex -5.564209461212158 -0.5421062707901001 2.0
vertex -5.564209461212158 -0.5421062707901001 4.0
vertex -5.612461566925049 -0.4400859475135803 4.0
endloop
endfacet
facet normal -0.9415448171973642 -0.336887751645533 0.0
outer loop
vertex -5.612461566925049 -0.4400859475135803 2.0
vertex -5.612461566925049 -0.4400859475135803 4.0
vertex -5.650481224060059 -0.3338273763656616 4.0
endloop
endfacet
facet normal -0.9700306948404719 -0.24298240896680431 -0.0
outer loop
vertex -5.650481224060059 -0.3338273763656616 4.0
vertex -5.658954620361328 -0.30000001192092896 4.0
vertex -5.658954620361328 -0.30000001192092896 2.0
endloop
endfacet
facet normal 0.0 0.0 -1.0
outer loop
vertex -5.797204494476318 -0.8333553671836853 4.0
vertex -5.872881889343262 -0.7070950865745544 4.0
vertex -5.506189823150635 -0.6389057636260986 4.0
endloop
endfacet
facet normal 0.0 0.0 -1.0
outer loop
vertex -5.709515571594238 -0.9515899419784546 4.0
vertex -5.797204494476318 -0.8333553671836853 4.0
vertex -5.438961982727051 -0.7295522689819336 4.0
endloop
endfacet
facet normal 0.0 0.0 -1.0
outer loop
vertex -5.709515571594238 -0.9515899419784546 4.0
vertex -5.438961982727051 -0.7295522689819336 4.0
vertex -5.363173007965088 -0.8131728172302246 4.0
endloop
endfacet
facet normal 0.0 0.0 -1.0
outer loop
vertex -5.797204494476318 -0.8333553671836853 4.0
vertex -5.506189823150635 -0.6389057636260986 4.0
vertex -5.438961982727051 -0.7295522689819336 4.0
endloop
endfacet
facet normal 0.0 -0.0 -1.0
outer loop
vertex -5.935819149017334 -0.5740251541137695 4.0
vertex -5.564209461212158 -0.5421062707901001 4.0
vertex -5.872881889343262 -0.7070950865745544 4.0
endloop
endfacet
facet normal 0.0 0.0 -1.0
outer loop
vertex -5.935819149017334 -0.5740251541137695 4.0
vertex -5.985410690307617 -0.4354270100593567 4.0
vertex -5.612461566925049 -0.4400859475135803 4.0
endloop
endfacet
facet normal 0.0 0.0 -1.0
outer loop
vertex -5.935819149017334 -0.5740251541137695 4.0
vertex -5.612461566925049 -0.4400859475135803 4.0
vertex -5.564209461212158 -0.5421062707901001 4.0
endloop
endfacet
facet normal 0.0 0.0 -1.0
outer loop
vertex -5.872881889343262 -0.7070950865745544 4.0
vertex -5.564209461212158 -0.5421062707901001 4.0
vertex -5.506189823150635 -0.6389057636260986 4.0
endloop
endfacet
facet normal 0.0 0.0 -1.0
outer loop
vertex -5.985410690307617 -0.4354270100593567 4.0
vertex -6.0193328857421875 -0.30000001192092896 4.0
vertex -5.658954620361328 -0.30000001192092896 4.0
endloop
endfacet
facet normal 0.0 0.0 -1.0
outer loop
vertex -5.612461566925049 -0.4400859475135803 4.0
vertex -5.985410690307617 -0.4354270100593567 4.0
vertex -5.650481224060059 -0.3338273763656616 4.0
endloop
endfacet
facet normal 0.0 0.0 -1.0
outer loop
vertex -5.985410690307617 -0.4354270100593567 4.0
vertex -5.658954620361328 -0.30000001192092896 4.0
vertex -5.650481224060059 -0.3338273763656616 4.0
endloop
endfacet
facet normal -0.5956982309267262 -0.8032083276901258 0.0
outer loop
vertex -5.188905715942383 -0.9561900496482849 2.0
vertex -5.188905715942383 -0.9561900496482849 4.0
vertex -5.279552459716797 -0.8889620304107666 4.0
endloop
endfacet
facet normal -0.5141037057419992 -0.8577280336693817 0.0
outer loop
vertex -5.092106342315674 -1.014209508895874 2.0
vertex -5.092106342315674 -1.014209508895874 4.0
vertex -5.188905715942383 -0.9561900496482849 4.0
endloop
endfacet
facet normal -0.4275550598291976 -0.9039893090155718 0.0
outer loop
vertex -4.990086078643799 -1.062461495399475 2.0
vertex -4.990086078643799 -1.062461495399475 4.0
vertex -5.092106342315674 -1.014209508895874 4.0
endloop
endfacet
facet normal -0.24298098580936248 -0.9700310513252195 0.0
outer loop
vertex -4.774353981018066 -1.1279031038284302 2.0
vertex -4.774353981018066 -1.1279031038284302 4.0
vertex -4.883827209472656 -1.100481390953064 4.0
endloop
endfacet
facet normal -0.14673034469632024 -0.9891765292127078 0.0
outer loop
vertex -4.6627197265625 -1.1444624662399292 2.0
vertex -4.6627197265625 -1.1444624662399292 4.0
vertex -4.774353981018066 -1.1279031038284302 4.0
endloop
endfacet
facet normal -0.04906726961294222 -0.9987954760874375 0.0
outer loop
vertex -4.550000190734863 -1.149999976158142 2.0
vertex -4.550000190734863 -1.149999976158142 4.0
vertex -4.6627197265625 -1.1444624662399292 4.0
endloop
endfacet
facet normal -0.3368887868431078 -0.9415444467997138 0.0
outer loop
vertex -4.883827209472656 -1.100481390953064 2.0
vertex -4.883827209472656 -1.100481390953064 4.0
vertex -4.990086078643799 -1.062461495399475 4.0
endloop
endfacet
facet normal 0.04906706254441527 -0.9987954862599562 0.0
outer loop
vertex -4.437280178070068 -1.1444624662399292 2.0
vertex -4.437280178070068 -1.1444624662399292 4.0
vertex -4.550000190734863 -1.149999976158142 4.0
endloop
endfacet
facet normal 0.14673034469632024 -0.9891765292127078 0.0
outer loop
vertex -4.325645923614502 -1.1279031038284302 2.0
vertex -4.325645923614502 -1.1279031038284302 4.0
vertex -4.437280178070068 -1.1444624662399292 4.0
endloop
endfacet
facet normal 0.24298098580936248 -0.9700310513252195 0.0
outer loop
vertex -4.216172695159912 -1.100481390953064 2.0
vertex -4.216172695159912 -1.100481390953064 4.0
vertex -4.325645923614502 -1.1279031038284302 4.0
endloop
endfacet
facet normal 0.3368887868431078 -0.9415444467997138 0.0
outer loop
vertex -4.1099138259887695 -1.062461495399475 2.0
vertex -4.1099138259887695 -1.062461495399475 4.0
vertex -4.216172695159912 -1.100481390953064 4.0
endloop
endfacet
facet normal 0.4275550598291976 -0.9039893090155718 0.0
outer loop
vertex -4.0078935623168945 -1.014209508895874 2.0
vertex -4.0078935623168945 -1.014209508895874 4.0
vertex -4.1099138259887695 -1.062461495399475 4.0
endloop
endfacet
facet normal 0.5141037057419992 -0.8577280336693817 0.0
outer loop
vertex -3.9110941886901855 -0.9561900496482849 2.0
vertex -3.9110941886901855 -0.9561900496482849 4.0
vertex -4.0078935623168945 -1.014209508895874 4.0
endloop
endfacet
facet normal 0.5956992417404677 -0.8032075780206706 0.0
outer loop
vertex -3.8204476833343506 -0.8889620304107666 2.0
vertex -3.8204476833343506 -0.8889620304107666 4.0
vertex -3.9110941886901855 -0.9561900496482849 4.0
endloop
endfacet
facet normal 0.0 -0.0 -1.0
outer loop
vertex -4.985426902770996 -1.435410499572754 4.0
vertex -4.774353981018066 -1.1279031038284302 4.0
vertex -4.842635631561279 -1.4711779356002808 4.0
endloop
endfacet
facet normal 0.0 -0.0 -1.0
outer loop
vertex -4.842635631561279 -1.4711779356002808 4.0
vertex -4.6627197265625 -1.1444624662399292 4.0
vertex -4.697025775909424 -1.4927771091461182 4.0
endloop
endfacet
facet normal 0.0 0.0 -1.0
outer loop
vertex -4.697025775909424 -1.4927771091461182 4.0
vertex -4.550000190734863 -1.149999976158142 4.0
vertex -4.550000190734863 -1.5 4.0
endloop
endfacet
facet normal 0.0 -0.0 -0.9999999999999999
outer loop
vertex -5.501589775085449 -1.1595157384872437 4.0
vertex -5.188905715942383 -0.9561900496482849 4.0
vertex -5.383355140686035 -1.2472044229507446 4.0
endloop
endfacet
facet normal 0.0 0.0 -0.9999999999999999
outer loop
vertex -5.2570953369140625 -1.3228819370269775 4.0
vertex -5.383355140686035 -1.2472044229507446 4.0
vertex -5.092106342315674 -1.014209508895874 4.0
endloop
endfacet
facet normal 0.0 -0.0 -1.0
outer loop
vertex -5.2570953369140625 -1.3228819370269775 4.0
vertex -4.990086078643799 -1.062461495399475 4.0
vertex -5.124025344848633 -1.3858193159103394 4.0
endloop
endfacet
facet normal 0.0 0.0 -0.9999999999999999
outer loop
vertex -4.985426902770996 -1.435410499572754 4.0
vertex -5.124025344848633 -1.3858193159103394 4.0
vertex -4.883827209472656 -1.100481390953064 4.0
endloop
endfacet
facet normal 0.0 0.0 -1.0
outer loop
vertex -5.2570953369140625 -1.3228819370269775 4.0
vertex -5.092106342315674 -1.014209508895874 4.0
vertex -4.990086078643799 -1.062461495399475 4.0
endloop
endfacet
facet normal 0.0 0.0 -1.0
outer loop
vertex -5.124025344848633 -1.3858193159103394 4.0
vertex -4.990086078643799 -1.062461495399475 4.0
vertex -4.883827209472656 -1.100481390953064 4.0
endloop
endfacet
facet normal 0.0 0.0 -0.9999999999999999
outer loop
vertex -5.383355140686035 -1.2472044229507446 4.0
vertex -5.188905715942383 -0.9561900496482849 4.0
vertex -5.092106342315674 -1.014209508895874 4.0
endloop
endfacet
facet normal 0.0 0.0 -1.0
outer loop
vertex -5.501589775085449 -1.1595157384872437 4.0
vertex -5.279552459716797 -0.8889620304107666 4.0
vertex -5.188905715942383 -0.9561900496482849 4.0
endloop
endfacet
facet normal 0.0 0.0 -1.0
outer loop
vertex -5.610660076141357 -1.0606601238250732 4.0
vertex -5.363173007965088 -0.8131728172302246 4.0
vertex -5.279552459716797 -0.8889620304107666 4.0
endloop
endfacet
facet normal 0.0 0.0 -1.0
outer loop
vertex -4.985426902770996 -1.435410499572754 4.0
vertex -4.883827209472656 -1.100481390953064 4.0
vertex -4.774353981018066 -1.1279031038284302 4.0
endloop
endfacet
facet normal 0.0 0.0 -1.0
outer loop
vertex -4.842635631561279 -1.4711779356002808 4.0
vertex -4.774353981018066 -1.1279031038284302 4.0
vertex -4.6627197265625 -1.1444624662399292 4.0
endloop
endfacet
facet normal 0.0 0.0 -1.0
outer loop
vertex -4.697025775909424 -1.4927771091461182 4.0
vertex -4.6627197265625 -1.1444624662399292 4.0
vertex -4.550000190734863 -1.149999976158142 4.0
endloop
endfacet
facet normal 0.0 0.0 -1.0
outer loop
vertex -4.550000190734863 -1.5 4.0
vertex -4.437280178070068 -1.1444624662399292 4.0
vertex -4.4029741287231445 -1.4927771091461182 4.0
endloop
endfacet
facet normal 0.0 0.0 -1.0
outer loop
vertex -4.4029741287231445 -1.4927771091461182 4.0
vertex -4.325645923614502 -1.1279031038284302 4.0
vertex -4.257364749908447 -1.4711779356002808 4.0
endloop
endfacet
facet normal 0.0 0.0 -1.0
outer loop
vertex -4.257364749908447 -1.4711779356002808 4.0
vertex -4.216172695159912 -1.100481390953064 4.0
vertex -4.114573001861572 -1.435410499572754 4.0
endloop
endfacet
facet normal 0.0 0.0 -1.0
outer loop
vertex -4.550000190734863 -1.5 4.0
vertex -4.550000190734863 -1.149999976158142 4.0
vertex -4.437280178070068 -1.1444624662399292 4.0
endloop
endfacet
facet normal 0.0 0.0 -1.0
outer loop
vertex -4.4029741287231445 -1.4927771091461182 4.0
vertex -4.437280178070068 -1.1444624662399292 4.0
vertex -4.325645923614502 -1.1279031038284302 4.0
endloop
endfacet
facet normal 0.0 0.0 -1.0
outer loop
vertex -4.257364749908447 -1.4711779356002808 4.0
vertex -4.325645923614502 -1.1279031038284302 4.0
vertex -4.216172695159912 -1.100481390953064 4.0
endloop
endfacet
facet normal 0.0 0.0 -1.0
outer loop
vertex -4.114573001861572 -1.435410499572754 4.0
vertex -4.216172695159912 -1.100481390953064 4.0
vertex -4.1099138259887695 -1.062461495399475 4.0
endloop
endfacet
facet normal 0.0 0.0 -1.0
outer loop
vertex -4.114573001861572 -1.435410499572754 4.0
vertex -4.1099138259887695 -1.062461495399475 4.0
vertex -3.9759747982025146 -1.3858193159103394 4.0
endloop
endfacet
facet normal 0.0 0.0 -1.0
outer loop
vertex -3.9759747982025146 -1.3858193159103394 4.0
vertex -4.0078935623168945 -1.014209508895874 4.0
vertex -3.842904806137085 -1.3228819370269775 4.0
endloop
endfacet
facet normal 0.0 0.0 -1.0
outer loop
vertex -3.9759747982025146 -1.3858193159103394 4.0
vertex -4.1099138259887695 -1.062461495399475 4.0
vertex -4.0078935623168945 -1.014209508895874 4.0
endloop
endfacet
facet normal 0.0 0.0 -1.0
outer loop
vertex -3.842904806137085 -1.3228819370269775 4.0
vertex -4.0078935623168945 -1.014209508895874 4.0
vertex -3.9110941886901855 -0.9561900496482849 4.0
endloop
endfacet
facet normal 0.0 0.0 -1.0
outer loop
vertex -3.842904806137085 -1.3228819370269775 4.0
vertex -3.9110941886901855 -0.9561900496482849 4.0
vertex -3.716644763946533 -1.2472044229507446 4.0
endloop
endfacet
facet normal 0.0 0.0 -0.9999999999999999
outer loop
vertex -3.716644763946533 -1.2472044229507446 4.0
vertex -3.8204476833343506 -0.8889620304107666 4.0
vertex -3.598410129547119 -1.1595157384872437 4.0
endloop
endfacet
facet normal 0.0 0.0 -1.0
outer loop
vertex -3.716644763946533 -1.2472044229507446 4.0
vertex -3.9110941886901855 -0.9561900496482849 4.0
vertex -3.8204476833343506 -0.8889620304107666 4.0
endloop
endfacet
facet normal 0.0 0.0 -1.0
outer loop
vertex -3.8204476833343506 -0.8889620304107666 4.0
vertex -3.7368271350860596 -0.8131728172302246 4.0
vertex -3.598410129547119 -1.1595157384872437 4.0
endloop
endfacet
facet normal -0.7409523264602499 -0.6715576296291653 0.0
outer loop
vertex -5.363173007965088 -0.8131728172302246 2.0
vertex -5.363173007965088 -0.8131728172302246 4.0
vertex -5.438961982727051 -0.7295522689819336 4.0
endloop
endfacet
facet normal -0.6715587894661638 -0.7409512752473949 0.0
outer loop
vertex -5.279552459716797 -0.8889620304107666 2.0
vertex -5.279552459716797 -0.8889620304107666 4.0
vertex -5.363173007965088 -0.8131728172302246 4.0
endloop
endfacet
facet normal 0.6715587894661638 -0.7409512752473949 0.0
outer loop
vertex -3.7368271350860596 -0.8131728172302246 2.0
vertex -3.7368271350860596 -0.8131728172302246 4.0
vertex -3.8204476833343506 -0.8889620304107666 4.0
endloop
endfacet
facet normal 0.7409512752473949 -0.6715587894661638 0.0
outer loop
vertex -3.6610379219055176 -0.7295522689819336 2.0
vertex -3.6610379219055176 -0.7295522689819336 4.0
vertex -3.7368271350860596 -0.8131728172302246 4.0
endloop
endfacet
facet normal 0.0 0.0 -1.0
outer loop
vertex -3.7368271350860596 -0.8131728172302246 4.0
vertex -3.6610379219055176 -0.7295522689819336 4.0
vertex -3.489339828491211 -1.0606601238250732 4.0
endloop
endfacet
facet normal -0.7483135938805573 -0.35392523393350406 0.5610380504018233
outer loop
vertex -5.935819149017334 -0.5740251541137695 4.0
vertex -5.872881889343262 -0.7070950865745544 4.0
vertex -5.274263858795166 -0.30000001192092896 5.0552496910095215
endloop
endfacet
facet normal -0.6648867198333313 -0.4931146443583566 0.5610379642311244
outer loop
vertex -5.709515571594238 -0.9515899419784546 4.0
vertex -5.007308483123779 -0.30556362867355347 5.400000095367432
vertex -5.797204494476318 -0.8333553671836853 4.0
endloop
endfacet
facet normal -0.710019438436799 -0.4255686835682608 0.5610380491623274
outer loop
vertex -5.797204494476318 -0.8333553671836853 4.0
vertex -5.111260414123535 -0.30000001192092896 5.2726640701293945
vertex -5.872881889343262 -0.7070950865745544 4.0
endloop
endfacet
facet normal -0.7794002094556881 -0.2788757232831539 0.5610380062560175
outer loop
vertex -5.935819149017334 -0.5740251541137695 4.0
vertex -5.538967609405518 -0.30000001192092896 4.687520503997803
vertex -5.985410690307617 -0.4354270100593567 4.0
endloop
endfacet
facet normal -0.8029829293683539 -0.20113377860457762 0.5610379828917667
outer loop
vertex -5.985410690307617 -0.4354270100593567 4.0
vertex -5.538967609405518 -0.30000001192092896 4.687520503997803
vertex -6.0193328857421875 -0.30000001192092896 4.0
endloop
endfacet
facet normal -0.7793999188739965 -0.278876361271742 0.5610380928092497
outer loop
vertex -5.935819149017334 -0.5740251541137695 4.0
vertex -5.274263858795166 -0.30000001192092896 5.0552496910095215
vertex -5.538967609405518 -0.30000001192092896 4.687520503997803
endloop
endfacet
facet normal -0.49311360344658733 -0.6648874592839016 0.5610380027974219
outer loop
vertex -5.501589775085449 -1.1595157384872437 4.0
vertex -5.383355140686035 -1.2472044229507446 4.0
vertex -4.898916244506836 -0.42515575885772705 5.400000095367432
endloop
endfacet
facet normal -0.42557037458972763 -0.7100184598127409 0.5610380049485971
outer loop
vertex -5.2570953369140625 -1.3228819370269775 4.0
vertex -4.855563640594482 -0.457308292388916 5.400000095367432
vertex -5.383355140686035 -1.2472044229507446 4.0
endloop
endfacet
facet normal -0.35392563678932587 -0.7483133634559147 0.5610381036048856
outer loop
vertex -5.2570953369140625 -1.3228819370269775 4.0
vertex -5.124025344848633 -1.3858193159103394 4.0
vertex -4.809267997741699 -0.48505669832229614 5.400000095367432
endloop
endfacet
facet normal -0.27887341136206534 -0.7794010446448025 0.5610379951855978
outer loop
vertex -4.985426902770996 -1.435410499572754 4.0
vertex -4.760476112365723 -0.5081337690353394 5.400000095367432
vertex -5.124025344848633 -1.3858193159103394 4.0
endloop
endfacet
facet normal -0.20113702137766895 -0.8029821021487187 0.5610380042921725
outer loop
vertex -4.985426902770996 -1.435410499572754 4.0
vertex -4.842635631561279 -1.4711779356002808 4.0
vertex -4.709656715393066 -0.5263171792030334 5.400000095367432
endloop
endfacet
facet normal -0.1214619782217568 -0.8188304556433957 0.5610380314713848
outer loop
vertex -4.842635631561279 -1.4711779356002808 4.0
vertex -4.697025775909424 -1.4927771091461182 4.0
vertex -4.657299518585205 -0.5394319295883179 5.400000095367432
endloop
endfacet
facet normal -0.04061765880576095 -0.8267929247647666 0.5610380248718101
outer loop
vertex -4.697025775909424 -1.4927771091461182 4.0
vertex -4.550000190734863 -1.5 4.0
vertex -4.603909492492676 -0.547351598739624 5.400000095367432
endloop
endfacet
facet normal 0.04061752761120739 -0.8267929357008906 0.5610380182535367
outer loop
vertex -4.550000190734863 -1.5 4.0
vertex -4.4029741287231445 -1.4927771091461182 4.0
vertex -4.550000190734863 -0.550000011920929 5.400000095367432
endloop
endfacet
facet normal 0.1214623687056455 -0.8188304065920721 0.5610380185234117
outer loop
vertex -4.4029741287231445 -1.4927771091461182 4.0
vertex -4.257364749908447 -1.4711779356002808 4.0
vertex -4.496090412139893 -0.547351598739624 5.400000095367432
endloop
endfacet
facet normal 0.20113638974171139 -0.8029822619925266 0.5610380019633572
outer loop
vertex -4.257364749908447 -1.4711779356002808 4.0
vertex -4.114573001861572 -1.435410499572754 4.0
vertex -4.442700386047363 -0.5394319295883179 5.400000095367432
endloop
endfacet
facet normal 0.2788738379052471 -0.7794008960199229 0.5610379896364766
outer loop
vertex -4.114573001861572 -1.435410499572754 4.0
vertex -3.9759747982025146 -1.3858193159103394 4.0
vertex -4.390343189239502 -0.5263171792030334 5.400000095367432
endloop
endfacet
facet normal 0.3539256505357062 -0.7483133925202125 0.5610380561671087
outer loop
vertex -3.9759747982025146 -1.3858193159103394 4.0
vertex -3.842904806137085 -1.3228819370269775 4.0
vertex -4.339524269104004 -0.5081337690353394 5.400000095367432
endloop
endfacet
facet normal 0.42556976558886495 -0.7100187844984774 0.5610380559961536
outer loop
vertex -3.842904806137085 -1.3228819370269775 4.0
vertex -3.716644763946533 -1.2472044229507446 4.0
vertex -4.290731906890869 -0.48505669832229614 5.400000095367432
endloop
endfacet
facet normal 0.49311361482801064 -0.6648874746299914 0.5610379746072496
outer loop
vertex -3.716644763946533 -1.2472044229507446 4.0
vertex -3.598410129547119 -1.1595157384872437 4.0
vertex -4.244436264038086 -0.457308292388916 5.400000095367432
endloop
endfacet
facet normal 0.5559099906105215 -0.6133518085248376 0.5610380034531716
outer loop
vertex -4.201083660125732 -0.42515575885772705 5.400000095367432
vertex -3.598410129547119 -1.1595157384872437 4.0
vertex -3.489339828491211 -1.0606601238250732 4.0
endloop
endfacet
facet normal -0.5559099828039981 -0.6133517999116712 0.5610380206046396
outer loop
vertex -5.501589775085449 -1.1595157384872437 4.0
vertex -4.938908576965332 -0.3889087438583374 5.400000095367432
vertex -5.610660076141357 -1.0606601238250732 4.0
endloop
endfacet
facet normal -0.6133518588864827 -0.5559099734740971 0.561037965375361
outer loop
vertex -5.709515571594238 -0.9515899419784546 4.0
vertex -5.610660076141357 -1.0606601238250732 4.0
vertex -4.975155830383301 -0.34891629219055176 5.400000095367432
endloop
endfacet
facet normal 0.6133518300011798 -0.5559099472939726 0.5610380228948981
outer loop
vertex -4.161091327667236 -0.3889087438583374 5.400000095367432
vertex -3.489339828491211 -1.0606601238250732 4.0
vertex -3.39048433303833 -0.9515899419784546 4.0
endloop
endfacet
facet normal -0.5559104784031493 -0.6133513799642458 0.5610379886402853
outer loop
vertex -5.501589775085449 -1.1595157384872437 4.0
vertex -4.898916244506836 -0.42515575885772705 5.400000095367432
vertex -4.938908576965332 -0.3889087438583374 5.400000095367432
endloop
endfacet
facet normal -0.49311448174561023 -0.6648868522235047 0.5610379502610119
outer loop
vertex -5.383355140686035 -1.2472044229507446 4.0
vertex -4.855563640594482 -0.457308292388916 5.400000095367432
vertex -4.898916244506836 -0.42515575885772705 5.400000095367432
endloop
endfacet
facet normal -0.7100207485270351 -0.4255666760504028 0.5610379139563747
outer loop
vertex -5.797204494476318 -0.8333553671836853 4.0
vertex -5.007308483123779 -0.30556362867355347 5.400000095367432
vertex -5.111260414123535 -0.30000001192092896 5.2726640701293945
endloop
endfacet
facet normal -0.6648862750834383 -0.49311520401245823 0.5610379994059425
outer loop
vertex -5.709515571594238 -0.9515899419784546 4.0
vertex -4.975155830383301 -0.34891629219055176 5.400000095367432
vertex -5.007308483123779 -0.30556362867355347 5.400000095367432
endloop
endfacet
facet normal -0.6133503428842176 -0.5559115379373102 0.5610380725690435
outer loop
vertex -5.610660076141357 -1.0606601238250732 4.0
vertex -4.938908576965332 -0.3889087438583374 5.400000095367432
vertex -4.975155830383301 -0.34891629219055176 5.400000095367432
endloop
endfacet
facet normal -0.3539287212655892 -0.7483120285927882 0.5610379382240125
outer loop
vertex -5.124025344848633 -1.3858193159103394 4.0
vertex -4.760476112365723 -0.5081337690353394 5.400000095367432
vertex -4.809267997741699 -0.48505669832229614 5.400000095367432
endloop
endfacet
facet normal -0.27887323982867557 -0.7794010996399068 0.5610380040492463
outer loop
vertex -4.985426902770996 -1.435410499572754 4.0
vertex -4.709656715393066 -0.5263171792030334 5.400000095367432
vertex -4.760476112365723 -0.5081337690353394 5.400000095367432
endloop
endfacet
facet normal -0.42556756023158726 -0.7100200215289236 0.5610381633245649
outer loop
vertex -5.2570953369140625 -1.3228819370269775 4.0
vertex -4.809267997741699 -0.48505669832229614 5.400000095367432
vertex -4.855563640594482 -0.457308292388916 5.400000095367432
endloop
endfacet
facet normal -0.20113591991102683 -0.802982339315296 0.5610380597332769
outer loop
vertex -4.842635631561279 -1.4711779356002808 4.0
vertex -4.657299518585205 -0.5394319295883179 5.400000095367432
vertex -4.709656715393066 -0.5263171792030334 5.400000095367432
endloop
endfacet
facet normal -0.12146212764697932 -0.8188304385489176 0.5610380240707898
outer loop
vertex -4.697025775909424 -1.4927771091461182 4.0
vertex -4.603909492492676 -0.547351598739624 5.400000095367432
vertex -4.657299518585205 -0.5394319295883179 5.400000095367432
endloop
endfacet
facet normal -0.0406180231161966 -0.826792919033101 0.5610380069432519
outer loop
vertex -4.550000190734863 -1.5 4.0
vertex -4.550000190734863 -0.550000011920929 5.400000095367432
vertex -4.603909492492676 -0.547351598739624 5.400000095367432
endloop
endfacet
facet normal -0.0 -0.0 1.0
outer loop
vertex -4.760476112365723 -0.5081337690353394 5.400000095367432
vertex -4.709656715393066 -0.5263171792030334 5.400000095367432
vertex -5.010643005371094 -0.30000001192092896 5.400000095367432
endloop
endfacet
facet normal -0.0 -0.0 1.0
outer loop
vertex -4.709656715393066 -0.5263171792030334 5.400000095367432
vertex -4.657299518585205 -0.5394319295883179 5.400000095367432
vertex -5.010643005371094 -0.30000001192092896 5.400000095367432
endloop
endfacet
facet normal -0.0 -0.0 1.0
outer loop
vertex -4.603909492492676 -0.547351598739624 5.400000095367432
vertex -4.550000190734863 -0.550000011920929 5.400000095367432
vertex -5.010643005371094 -0.30000001192092896 5.400000095367432
endloop
endfacet
facet normal 0.0 0.0 1.0
outer loop
vertex -4.603909492492676 -0.547351598739624 5.400000095367432
vertex -5.010643005371094 -0.30000001192092896 5.400000095367432
vertex -4.657299518585205 -0.5394319295883179 5.400000095367432
endloop
endfacet
facet normal 0.0 -0.0 1.0
outer loop
vertex -4.550000190734863 -0.550000011920929 5.400000095367432
vertex -4.496090412139893 -0.547351598739624 5.400000095367432
vertex -5.010643005371094 -0.30000001192092896 5.400000095367432
endloop
endfacet
facet normal 0.0 -0.0 1.0
outer loop
vertex -4.496090412139893 -0.547351598739624 5.400000095367432
vertex -4.442700386047363 -0.5394319295883179 5.400000095367432
vertex -5.010643005371094 -0.30000001192092896 5.400000095367432
endloop
endfacet
facet normal 0.0 -0.0 1.0
outer loop
vertex -4.442700386047363 -0.5394319295883179 5.400000095367432
vertex -4.390343189239502 -0.5263171792030334 5.400000095367432
vertex -5.010643005371094 -0.30000001192092896 5.400000095367432
endloop
endfacet
facet normal 0.0 -0.0 1.0
outer loop
vertex -4.390343189239502 -0.5263171792030334 5.400000095367432
vertex -4.339524269104004 -0.5081337690353394 5.400000095367432
vertex -5.010643005371094 -0.30000001192092896 5.400000095367432
endloop
endfacet
facet normal -0.7483138274188647 -0.3539247972173004 0.5610380144058176
outer loop
vertex -5.872881889343262 -0.7070950865745544 4.0
vertex -5.111260414123535 -0.30000001192092896 5.2726640701293945
vertex -5.274263858795166 -0.30000001192092896 5.0552496910095215
endloop
endfacet
facet normal -0.7100263736617529 -0.4255502929885058 0.5610432219019652
outer loop
vertex -5.007308483123779 -0.30556362867355347 5.400000095367432
vertex -5.010643005371094 -0.30000001192092896 5.400000095367432
vertex -5.111260414123535 -0.30000001192092896 5.2726640701293945
endloop
endfacet
facet normal -0.0 -0.0 1.0
outer loop
vertex -5.007308483123779 -0.30556362867355347 5.400000095367432
vertex -4.975155830383301 -0.34891629219055176 5.400000095367432
vertex -5.010643005371094 -0.30000001192092896 5.400000095367432
endloop
endfacet
facet normal -0.0 -0.0 0.9999999999999999
outer loop
vertex -4.855563640594482 -0.457308292388916 5.400000095367432
vertex -4.809267997741699 -0.48505669832229614 5.400000095367432
vertex -5.010643005371094 -0.30000001192092896 5.400000095367432
endloop
endfacet
facet normal 0.0 0.0 1.0
outer loop
vertex -4.855563640594482 -0.457308292388916 5.400000095367432
vertex -5.010643005371094 -0.30000001192092896 5.400000095367432
vertex -4.898916244506836 -0.42515575885772705 5.400000095367432
endloop
endfacet
facet normal -0.0 -0.0 0.9999999999999999
outer loop
vertex -4.938908576965332 -0.3889087438583374 5.400000095367432
vertex -4.898916244506836 -0.42515575885772705 5.400000095367432
vertex -5.010643005371094 -0.30000001192092896 5.400000095367432
endloop
endfacet
facet normal 0.0 0.0 1.0
outer loop
vertex -4.938908576965332 -0.3889087438583374 5.400000095367432
vertex -5.010643005371094 -0.30000001192092896 5.400000095367432
vertex -4.975155830383301 -0.34891629219055176 5.400000095367432
endloop
endfacet
facet normal 0.0 0.0 1.0
outer loop
vertex -4.760476112365723 -0.5081337690353394 5.400000095367432
vertex -5.010643005371094 -0.30000001192092896 5.400000095367432
vertex -4.809267997741699 -0.48505669832229614 5.400000095367432
endloop
endfacet
facet normal 0.0 -0.0 1.0
outer loop
vertex -4.339524269104004 -0.5081337690353394 5.400000095367432
vertex -4.290731906890869 -0.48505669832229614 5.400000095367432
vertex -5.010643005371094 -0.30000001192092896 5.400000095367432
endloop
endfacet
facet normal 0.04061766411062196 -0.8267929244218643 0.5610380249930818
outer loop
vertex -4.4029741287231445 -1.4927771091461182 4.0
vertex -4.496090412139893 -0.547351598739624 5.400000095367432
vertex -4.550000190734863 -0.550000011920929 5.400000095367432
endloop
endfacet
facet normal 0.12146212938908556 -0.8188304502932335 0.561038006552898
outer loop
vertex -4.257364749908447 -1.4711779356002808 4.0
vertex -4.442700386047363 -0.5394319295883179 5.400000095367432
vertex -4.496090412139893 -0.547351598739624 5.400000095367432
endloop
endfacet
facet normal 0.20113593327207732 -0.8029823926557812 0.5610379785999937
outer loop
vertex -4.114573001861572 -1.435410499572754 4.0
vertex -4.390343189239502 -0.5263171792030334 5.400000095367432
vertex -4.442700386047363 -0.5394319295883179 5.400000095367432
endloop
endfacet
facet normal 0.27887554222848954 -0.7794002212760154 0.5610380798320772
outer loop
vertex -3.9759747982025146 -1.3858193159103394 4.0
vertex -4.339524269104004 -0.5081337690353394 5.400000095367432
vertex -4.390343189239502 -0.5263171792030334 5.400000095367432
endloop
endfacet
facet normal 0.35392585720133635 -0.7483132862006358 0.561038067603175
outer loop
vertex -3.842904806137085 -1.3228819370269775 4.0
vertex -4.290731906890869 -0.48505669832229614 5.400000095367432
vertex -4.339524269104004 -0.5081337690353394 5.400000095367432
endloop
endfacet
facet normal 0.42556764098812483 -0.7100201562637198 0.5610379315545831
outer loop
vertex -3.716644763946533 -1.2472044229507446 4.0
vertex -4.244436264038086 -0.457308292388916 5.400000095367432
vertex -4.290731906890869 -0.48505669832229614 5.400000095367432
endloop
endfacet
facet normal 0.4931144507052721 -0.6648868103705203 0.5610380271433956
outer loop
vertex -4.244436264038086 -0.457308292388916 5.400000095367432
vertex -3.598410129547119 -1.1595157384872437 4.0
vertex -4.201083660125732 -0.42515575885772705 5.400000095367432
endloop
endfacet
facet normal 0.7100178239344328 -0.42557147415727853 0.5610379756121804
outer loop
vertex -4.092691898345947 -0.30556362867355347 5.400000095367432
vertex -3.2271180152893066 -0.7070950865745544 4.0
vertex -3.988739490509033 -0.30000001192092896 5.2726640701293945
endloop
endfacet
facet normal 0.5559104571125683 -0.6133513564737599 0.5610380354171132
outer loop
vertex -4.201083660125732 -0.42515575885772705 5.400000095367432
vertex -3.489339828491211 -1.0606601238250732 4.0
vertex -4.161091327667236 -0.3889087438583374 5.400000095367432
endloop
endfacet
facet normal 0.6133504216618392 -0.5559116093375942 0.5610379156981552
outer loop
vertex -4.161091327667236 -0.3889087438583374 5.400000095367432
vertex -3.39048433303833 -0.9515899419784546 4.0
vertex -4.124844074249268 -0.34891629219055176 5.400000095367432
endloop
endfacet
facet normal 0.6648896870211184 -0.4931104213475731 0.5610381595322892
outer loop
vertex -4.124844074249268 -0.34891629219055176 5.400000095367432
vertex -3.302795648574829 -0.8333553671836853 4.0
vertex -4.092691898345947 -0.30556362867355347 5.400000095367432
endloop
endfacet
facet normal 0.7483138977921049 -0.35392456478816653 0.561038067167188
outer loop
vertex -3.1641807556152344 -0.5740251541137695 4.0
vertex -3.8257360458374023 -0.30000001192092896 5.0552496910095215
vertex -3.988739490509033 -0.30000001192092896 5.2726640701293945
endloop
endfacet
facet normal 0.0 -0.0 1.0
outer loop
vertex -4.290731906890869 -0.48505669832229614 5.400000095367432
vertex -4.244436264038086 -0.457308292388916 5.400000095367432
vertex -5.010643005371094 -0.30000001192092896 5.400000095367432
endloop
endfacet
facet normal 0.0 -0.0 1.0
outer loop
vertex -4.244436264038086 -0.457308292388916 5.400000095367432
vertex -4.201083660125732 -0.42515575885772705 5.400000095367432
vertex -5.010643005371094 -0.30000001192092896 5.400000095367432
endloop
endfacet
facet normal 0.0 -0.0 1.0
outer loop
vertex -4.201083660125732 -0.42515575885772705 5.400000095367432
vertex -4.161091327667236 -0.3889087438583374 5.400000095367432
vertex -5.010643005371094 -0.30000001192092896 5.400000095367432
endloop
endfacet
facet normal 0.0 -0.0 1.0
outer loop
vertex -4.161091327667236 -0.3889087438583374 5.400000095367432
vertex -4.124844074249268 -0.34891629219055176 5.400000095367432
vertex -5.010643005371094 -0.30000001192092896 5.400000095367432
endloop
endfacet
facet normal 0.0 -0.0 1.0
outer loop
vertex -4.124844074249268 -0.34891629219055176 5.400000095367432
vertex -4.092691898345947 -0.30556362867355347 5.400000095367432
vertex -5.010643005371094 -0.30000001192092896 5.400000095367432
endloop
endfacet
facet normal 0.0 -0.0 1.0
outer loop
vertex -4.092691898345947 -0.30556362867355347 5.400000095367432
vertex -4.089357376098633 -0.30000001192092896 5.400000095367432
vertex -5.010643005371094 -0.30000001192092896 5.400000095367432
endloop
endfacet
facet normal 0.7100253144954864 -0.4255496581831919 0.5610450438206847
outer loop
vertex -4.092691898345947 -0.30556362867355347 5.400000095367432
vertex -3.988739490509033 -0.30000001192092896 5.2726640701293945
vertex -4.089357376098633 -0.30000001192092896 5.400000095367432
endloop
endfacet
facet normal 0.0 -0.0 -1.0
outer loop
vertex -3.7368271350860596 -0.8131728172302246 4.0
vertex -3.489339828491211 -1.0606601238250732 4.0
vertex -3.598410129547119 -1.1595157384872437 4.0
endloop
endfacet
facet normal 0.0 -0.0 -1.0
outer loop
vertex -3.6610379219055176 -0.7295522689819336 4.0
vertex -3.39048433303833 -0.9515899419784546 4.0
vertex -3.489339828491211 -1.0606601238250732 4.0
endloop
endfacet
facet normal 0.8032073253169317 -0.5956995824719208 0.0
outer loop
vertex -3.5938098430633545 -0.6389057636260986 2.0
vertex -3.5938098430633545 -0.6389057636260986 4.0
vertex -3.6610379219055176 -0.7295522689819336 4.0
endloop
endfacet
facet normal 0.8577285457449816 -0.5141028513966821 0.0
outer loop
vertex -3.53579044342041 -0.5421062707901001 2.0
vertex -3.53579044342041 -0.5421062707901001 4.0
vertex -3.5938098430633545 -0.6389057636260986 4.0
endloop
endfacet
facet normal 0.9039898138275726 -0.4275539924921653 0.0
outer loop
vertex -3.4875385761260986 -0.4400859475135803 2.0
vertex -3.4875385761260986 -0.4400859475135803 4.0
vertex -3.53579044342041 -0.5421062707901001 4.0
endloop
endfacet
facet normal 0.9415441470902363 -0.33688962447680026 0.0
outer loop
vertex -3.4495186805725098 -0.3338273763656616 2.0
vertex -3.4495186805725098 -0.3338273763656616 4.0
vertex -3.4875385761260986 -0.4400859475135803 4.0
endloop
endfacet
facet normal 0.9700306948404719 -0.24298240896680431 0.0
outer loop
vertex -3.4495186805725098 -0.3338273763656616 2.0
vertex -3.4410452842712402 -0.30000001192092896 4.0
vertex -3.4495186805725098 -0.3338273763656616 4.0
endloop
endfacet
facet normal 0.0 0.0 -1.0
outer loop
vertex -3.6610379219055176 -0.7295522689819336 4.0
vertex -3.5938098430633545 -0.6389057636260986 4.0
vertex -3.39048433303833 -0.9515899419784546 4.0
endloop
endfacet
facet normal 0.0 0.0 -1.0
outer loop
vertex -3.39048433303833 -0.9515899419784546 4.0
vertex -3.5938098430633545 -0.6389057636260986 4.0
vertex -3.302795648574829 -0.8333553671836853 4.0
endloop
endfacet
facet normal 0.0 0.0 -1.0
outer loop
vertex -3.302795648574829 -0.8333553671836853 4.0
vertex -3.5938098430633545 -0.6389057636260986 4.0
vertex -3.53579044342041 -0.5421062707901001 4.0
endloop
endfacet
facet normal 0.0 0.0 -1.0
outer loop
vertex -3.302795648574829 -0.8333553671836853 4.0
vertex -3.53579044342041 -0.5421062707901001 4.0
vertex -3.2271180152893066 -0.7070950865745544 4.0
endloop
endfacet
facet normal 0.0 0.0 -1.0
outer loop
vertex -3.2271180152893066 -0.7070950865745544 4.0
vertex -3.53579044342041 -0.5421062707901001 4.0
vertex -3.4875385761260986 -0.4400859475135803 4.0
endloop
endfacet
facet normal 0.0 0.0 -1.0
outer loop
vertex -3.2271180152893066 -0.7070950865745544 4.0
vertex -3.4875385761260986 -0.4400859475135803 4.0
vertex -3.1641807556152344 -0.5740251541137695 4.0
endloop
endfacet
facet normal 0.0 0.0 -1.0
outer loop
vertex -3.4875385761260986 -0.4400859475135803 4.0
vertex -3.4495186805725098 -0.3338273763656616 4.0
vertex -3.1641807556152344 -0.5740251541137695 4.0
endloop
endfacet
facet normal 0.0 0.0 -0.9999999999999999
outer loop
vertex -3.1641807556152344 -0.5740251541137695 4.0
vertex -3.4495186805725098 -0.3338273763656616 4.0
vertex -3.1145894527435303 -0.4354270100593567 4.0
endloop
endfacet
facet normal 0.0 -0.0 -0.9999999999999999
outer loop
vertex -3.4495186805725098 -0.3338273763656616 4.0
vertex -3.0806667804718018 -0.30000001192092896 4.0
vertex -3.1145894527435303 -0.4354270100593567 4.0
endloop
endfacet
facet normal 0.0 0.0 -1.0
outer loop
vertex -3.4495186805725098 -0.3338273763656616 4.0
vertex -3.4410452842712402 -0.30000001192092896 4.0
vertex -3.0806667804718018 -0.30000001192092896 4.0
endloop
endfacet
facet normal 0.6648873644362876 -0.49311378169223763 0.5610379585359152
outer loop
vertex -4.124844074249268 -0.34891629219055176 5.400000095367432
vertex -3.39048433303833 -0.9515899419784546 4.0
vertex -3.302795648574829 -0.8333553671836853 4.0
endloop
endfacet
facet normal 0.7100188306320329 -0.4255696600004281 0.5610380777051062
outer loop
vertex -4.092691898345947 -0.30556362867355347 5.400000095367432
vertex -3.302795648574829 -0.8333553671836853 4.0
vertex -3.2271180152893066 -0.7070950865745544 4.0
endloop
endfacet
facet normal 0.7483136090201528 -0.35392524109398454 0.5610380256914844
outer loop
vertex -3.2271180152893066 -0.7070950865745544 4.0
vertex -3.1641807556152344 -0.5740251541137695 4.0
vertex -3.988739490509033 -0.30000001192092896 5.2726640701293945
endloop
endfacet
facet normal 0.8029823472910852 -0.20113646009709163 0.5610378546573398
outer loop
vertex -3.1145894527435303 -0.4354270100593567 4.0
vertex -3.0806667804718018 -0.30000001192092896 4.0
vertex -3.561032295227051 -0.30000001192092896 4.687520503997803
endloop
endfacet
facet normal 0.7794006080506766 -0.2788745251672135 0.5610380480707141
outer loop
vertex -3.1641807556152344 -0.5740251541137695 4.0
vertex -3.1145894527435303 -0.4354270100593567 4.0
vertex -3.8257360458374023 -0.30000001192092896 5.0552496910095215
endloop
endfacet
facet normal 0.7793994555855696 -0.2788783269662509 0.5610377593187666
outer loop
vertex -3.1145894527435303 -0.4354270100593567 4.0
vertex -3.561032295227051 -0.30000001192092896 4.687520503997803
vertex -3.8257360458374023 -0.30000001192092896 5.0552496910095215
endloop
endfacet
facet normal -1.0 0.0 0.0
outer loop
vertex -7.25 -3.5 0.0
vertex -7.25 3.5 2.0
vertex -7.25 3.5 0.0
endloop
endfacet
facet normal -0.0 0.0 1.0
outer loop
vertex -5.650481224060059 0.3338273763656616 2.0
vertex -6.550000190734863 0.30000001192092896 2.0
vertex -5.658954620361328 0.30000001192092896 2.0
endloop
endfacet
facet normal 0.0 -0.0 0.9999999999999999
outer loop
vertex -5.650481224060059 0.3338273763656616 2.0
vertex -5.612461566925049 0.4400859475135803 2.0
vertex -6.550000190734863 0.30000001192092896 2.0
endloop
endfacet
facet normal -0.9700306948404719 0.24298240896680431 0.0
outer loop
vertex -5.650481224060059 0.3338273763656616 2.0
vertex -5.658954620361328 0.30000001192092896 2.0
vertex -5.658954620361328 0.30000001192092896 4.0
endloop
endfacet
facet normal -0.9415448171973642 0.336887751645533 0.0
outer loop
vertex -5.650481224060059 0.3338273763656616 2.0
vertex -5.612461566925049 0.4400859475135803 4.0
vertex -5.612461566925049 0.4400859475135803 2.0
endloop
endfacet
facet normal -0.9039889972979884 0.42755571890009525 0.0
outer loop
vertex -5.612461566925049 0.4400859475135803 2.0
vertex -5.564209461212158 0.5421062707901001 4.0
vertex -5.564209461212158 0.5421062707901001 2.0
endloop
endfacet
facet normal -0.8577276141718831 0.5141044056288658 0.0
outer loop
vertex -5.564209461212158 0.5421062707901001 2.0
vertex -5.506189823150635 0.6389057636260986 4.0
vertex -5.506189823150635 0.6389057636260986 2.0
endloop
endfacet
facet normal -0.8032083361319745 0.5956982195441791 0.0
outer loop
vertex -5.506189823150635 0.6389057636260986 2.0
vertex -5.438961982727051 0.7295522689819336 4.0
vertex -5.438961982727051 0.7295522689819336 2.0
endloop
endfacet
facet normal -0.0 0.0 1.0
outer loop
vertex -7.25 3.5 2.0
vertex -6.550000190734863 -0.30000001192092896 2.0
vertex -6.550000190734863 0.30000001192092896 2.0
endloop
endfacet
facet normal 0.0 0.0 1.0
outer loop
vertex -5.612461566925049 0.4400859475135803 2.0
vertex -7.25 3.5 2.0
vertex -6.550000190734863 0.30000001192092896 2.0
endloop
endfacet
facet normal 0.0 -0.0 1.0
outer loop
vertex -5.612461566925049 0.4400859475135803 2.0
vertex -5.564209461212158 0.5421062707901001 2.0
vertex -7.25 3.5 2.0
endloop
endfacet
facet normal 0.0 -0.0 0.9999999999999999
outer loop
vertex -5.564209461212158 0.5421062707901001 2.0
vertex -5.506189823150635 0.6389057636260986 2.0
vertex -7.25 3.5 2.0
endloop
endfacet
facet normal 0.0 -0.0 1.0
outer loop
vertex -5.506189823150635 0.6389057636260986 2.0
vertex -5.438961982727051 0.7295522689819336 2.0
vertex -7.25 3.5 2.0
endloop
endfacet
facet normal 0.0 -0.0 1.0
outer loop
vertex -5.438961982727051 0.7295522689819336 2.0
vertex -5.363173007965088 0.8131728172302246 2.0
vertex -7.25 3.5 2.0
endloop
endfacet
facet normal 0.0 -0.0 1.0
outer loop
vertex -5.363173007965088 0.8131728172302246 2.0
vertex -5.279552459716797 0.8889620304107666 2.0
vertex -7.25 3.5 2.0
endloop
endfacet
facet normal -0.7409523264602499 0.6715576296291653 0.0
outer loop
vertex -5.438961982727051 0.7295522689819336 2.0
vertex -5.363173007965088 0.8131728172302246 4.0
vertex -5.363173007965088 0.8131728172302246 2.0
endloop
endfacet
facet normal -0.6715587894661638 0.7409512752473949 0.0
outer loop
vertex -5.363173007965088 0.8131728172302246 2.0
vertex -5.279552459716797 0.8889620304107666 4.0
vertex -5.279552459716797 0.8889620304107666 2.0
endloop
endfacet
facet normal 0.7409512752473949 0.6715587894661638 0.0
outer loop
vertex -3.6610379219055176 0.7295522689819336 2.0
vertex -3.7368271350860596 0.8131728172302246 2.0
vertex -3.6610379219055176 0.7295522689819336 4.0
endloop
endfacet
facet normal 0.6715587894661638 0.7409512752473949 0.0
outer loop
vertex -3.7368271350860596 0.8131728172302246 2.0
vertex -3.8204476833343506 0.8889620304107666 2.0
vertex -3.7368271350860596 0.8131728172302246 4.0
endloop
endfacet
facet normal -0.5956982309267262 0.8032083276901258 0.0
outer loop
vertex -5.279552459716797 0.8889620304107666 2.0
vertex -5.188905715942383 0.9561900496482849 4.0
vertex -5.188905715942383 0.9561900496482849 2.0
endloop
endfacet
facet normal -0.5141037057419992 0.8577280336693817 0.0
outer loop
vertex -5.188905715942383 0.9561900496482849 2.0
vertex -5.092106342315674 1.014209508895874 4.0
vertex -5.092106342315674 1.014209508895874 2.0
endloop
endfacet
facet normal -0.4275550598291976 0.9039893090155718 0.0
outer loop
vertex -5.092106342315674 1.014209508895874 2.0
vertex -4.990086078643799 1.062461495399475 4.0
vertex -4.990086078643799 1.062461495399475 2.0
endloop
endfacet
facet normal -0.3368887868431078 0.9415444467997138 0.0
outer loop
vertex -4.990086078643799 1.062461495399475 2.0
vertex -4.883827209472656 1.100481390953064 4.0
vertex -4.883827209472656 1.100481390953064 2.0
endloop
endfacet
facet normal -0.24298098580936248 0.9700310513252195 0.0
outer loop
vertex -4.883827209472656 1.100481390953064 2.0
vertex -4.774353981018066 1.1279031038284302 4.0
vertex -4.774353981018066 1.1279031038284302 2.0
endloop
endfacet
facet normal -0.14673034469632024 0.9891765292127078 0.0
outer loop
vertex -4.774353981018066 1.1279031038284302 2.0
vertex -4.6627197265625 1.1444624662399292 4.0
vertex -4.6627197265625 1.1444624662399292 2.0
endloop
endfacet
facet normal -0.04906726961294222 0.9987954760874375 0.0
outer loop
vertex -4.6627197265625 1.1444624662399292 2.0
vertex -4.550000190734863 1.149999976158142 4.0
vertex -4.550000190734863 1.149999976158142 2.0
endloop
endfacet
facet normal 0.3368887868431078 0.9415444467997138 0.0
outer loop
vertex -4.1099138259887695 1.062461495399475 2.0
vertex -4.216172695159912 1.100481390953064 2.0
vertex -4.1099138259887695 1.062461495399475 4.0
endloop
endfacet
facet normal 0.04906706254441527 0.9987954862599562 0.0
outer loop
vertex -4.550000190734863 1.149999976158142 2.0
vertex -4.437280178070068 1.1444624662399292 4.0
vertex -4.437280178070068 1.1444624662399292 2.0
endloop
endfacet
facet normal 0.14673034469632024 0.9891765292127078 0.0
outer loop
vertex -4.437280178070068 1.1444624662399292 2.0
vertex -4.325645923614502 1.1279031038284302 4.0
vertex -4.325645923614502 1.1279031038284302 2.0
endloop
endfacet
facet normal 0.24298098580936248 0.9700310513252195 0.0
outer loop
vertex -4.325645923614502 1.1279031038284302 2.0
vertex -4.216172695159912 1.100481390953064 4.0
vertex -4.216172695159912 1.100481390953064 2.0
endloop
endfacet
facet normal 0.5141037057419992 0.8577280336693817 0.0
outer loop
vertex -3.9110941886901855 0.9561900496482849 2.0
vertex -4.0078935623168945 1.014209508895874 2.0
vertex -3.9110941886901855 0.9561900496482849 4.0
endloop
endfacet
facet normal 0.4275550598291976 0.9039893090155718 0.0
outer loop
vertex -4.1099138259887695 1.062461495399475 2.0
vertex -4.0078935623168945 1.014209508895874 4.0
vertex -4.0078935623168945 1.014209508895874 2.0
endloop
endfacet
facet normal 0.5956992417404677 0.8032075780206706 0.0
outer loop
vertex -3.9110941886901855 0.9561900496482849 2.0
vertex -3.8204476833343506 0.8889620304107666 4.0
vertex -3.8204476833343506 0.8889620304107666 2.0
endloop
endfacet
facet normal 0.0 -0.0 1.0
outer loop
vertex -5.279552459716797 0.8889620304107666 2.0
vertex -5.188905715942383 0.9561900496482849 2.0
vertex -7.25 3.5 2.0
endloop
endfacet
facet normal 0.0 -0.0 1.0
outer loop
vertex -5.188905715942383 0.9561900496482849 2.0
vertex -5.092106342315674 1.014209508895874 2.0
vertex -7.25 3.5 2.0
endloop
endfacet
facet normal 0.0 -0.0 1.0
outer loop
vertex -5.092106342315674 1.014209508895874 2.0
vertex -4.990086078643799 1.062461495399475 2.0
vertex -7.25 3.5 2.0
endloop
endfacet
facet normal 0.0 -0.0 1.0
outer loop
vertex -4.990086078643799 1.062461495399475 2.0
vertex -4.883827209472656 1.100481390953064 2.0
vertex -7.25 3.5 2.0
endloop
endfacet
facet normal 0.0 -0.0 1.0
outer loop
vertex -4.883827209472656 1.100481390953064 2.0
vertex -4.774353981018066 1.1279031038284302 2.0
vertex -7.25 3.5 2.0
endloop
endfacet
facet normal 0.0 -0.0 1.0
outer loop
vertex -4.774353981018066 1.1279031038284302 2.0
vertex -4.6627197265625 1.1444624662399292 2.0
vertex -7.25 3.5 2.0
endloop
endfacet
facet normal 0.0 -0.0 1.0
outer loop
vertex -4.6627197265625 1.1444624662399292 2.0
vertex -4.550000190734863 1.149999976158142 2.0
vertex -7.25 3.5 2.0
endloop
endfacet
facet normal -0.0 -0.0 1.0
outer loop
vertex -4.550000190734863 1.149999976158142 2.0
vertex -4.437280178070068 1.1444624662399292 2.0
vertex -7.25 3.5 2.0
endloop
endfacet
facet normal -0.0 -0.0 1.0
outer loop
vertex -4.437280178070068 1.1444624662399292 2.0
vertex -4.325645923614502 1.1279031038284302 2.0
vertex -7.25 3.5 2.0
endloop
endfacet
facet normal -0.0 -0.0 1.0
outer loop
vertex -4.325645923614502 1.1279031038284302 2.0
vertex -4.216172695159912 1.100481390953064 2.0
vertex -7.25 3.5 2.0
endloop
endfacet
facet normal -0.0 -0.0 0.9999999999999999
outer loop
vertex -4.1099138259887695 1.062461495399475 2.0
vertex -4.0078935623168945 1.014209508895874 2.0
vertex -7.25 3.5 2.0
endloop
endfacet
facet normal 0.0 0.0 1.0
outer loop
vertex -3.9110941886901855 0.9561900496482849 2.0
vertex -7.25 3.5 2.0
vertex -4.0078935623168945 1.014209508895874 2.0
endloop
endfacet
facet normal 0.0 0.0 1.0
outer loop
vertex -4.1099138259887695 1.062461495399475 2.0
vertex -7.25 3.5 2.0
vertex -4.216172695159912 1.100481390953064 2.0
endloop
endfacet
facet normal -0.0 0.0 1.0
outer loop
vertex -3.4495186805725098 0.3338273763656616 2.0
vertex -3.4410452842712402 0.30000001192092896 2.0
vertex -2.549999952316284 0.30000001192092896 2.0
endloop
endfacet
facet normal 0.9700306948404719 0.24298240896680431 -0.0
outer loop
vertex -3.4495186805725098 0.3338273763656616 2.0
vertex -3.4495186805725098 0.3338273763656616 4.0
vertex -3.4410452842712402 0.30000001192092896 2.0
endloop
endfacet
facet normal 0.9415441470902363 0.33688962447680026 0.0
outer loop
vertex -3.4495186805725098 0.3338273763656616 2.0
vertex -3.4875385761260986 0.4400859475135803 2.0
vertex -3.4495186805725098 0.3338273763656616 4.0
endloop
endfacet
facet normal 0.9039898138275726 0.4275539924921653 0.0
outer loop
vertex -3.53579044342041 0.5421062707901001 2.0
vertex -3.4875385761260986 0.4400859475135803 4.0
vertex -3.4875385761260986 0.4400859475135803 2.0
endloop
endfacet
facet normal 0.8577285457449816 0.5141028513966821 0.0
outer loop
vertex -3.53579044342041 0.5421062707901001 2.0
vertex -3.5938098430633545 0.6389057636260986 2.0
vertex -3.53579044342041 0.5421062707901001 4.0
endloop
endfacet
facet normal 0.8032073253169317 0.5956995824719208 0.0
outer loop
vertex -3.6610379219055176 0.7295522689819336 2.0
vertex -3.5938098430633545 0.6389057636260986 4.0
vertex -3.5938098430633545 0.6389057636260986 2.0
endloop
endfacet
facet normal 0.0 -0.0 1.0
outer loop
vertex -3.8204476833343506 -0.8889620304107666 2.0
vertex 7.25 3.5 2.0
vertex -3.7368271350860596 -0.8131728172302246 2.0
endloop
endfacet
facet normal -0.0 0.0 0.9999999999999999
outer loop
vertex -3.6610379219055176 0.7295522689819336 2.0
vertex -3.5938098430633545 0.6389057636260986 2.0
vertex 7.25 3.5 2.0
endloop
endfacet
facet normal 0.0 -0.0 1.0
outer loop
vertex -3.6610379219055176 0.7295522689819336 2.0
vertex 7.25 3.5 2.0
vertex -3.7368271350860596 0.8131728172302246 2.0
endloop
endfacet
facet normal 0.0 -0.0 1.0
outer loop
vertex -3.7368271350860596 0.8131728172302246 2.0
vertex 7.25 3.5 2.0
vertex -3.8204476833343506 0.8889620304107666 2.0
endloop
endfacet
facet normal 0.0 1.0 0.0
outer loop
vertex -7.25 3.5 0.0
vertex -7.25 3.5 2.0
vertex 7.25 3.5 2.0
endloop
endfacet
facet normal -0.0 0.0 1.0
outer loop
vertex -3.9110941886901855 0.9561900496482849 2.0
vertex -3.8204476833343506 0.8889620304107666 2.0
vertex 7.25 3.5 2.0
endloop
endfacet
facet normal 0.0 -0.0 1.0
outer loop
vertex -3.9110941886901855 0.9561900496482849 2.0
vertex 7.25 3.5 2.0
vertex -7.25 3.5 2.0
endloop
endfacet
facet normal -0.9700306948404719 0.24298240896680431 0.0
outer loop
vertex -5.650481224060059 0.3338273763656616 2.0
vertex -5.658954620361328 0.30000001192092896 4.0
vertex -5.650481224060059 0.3338273763656616 4.0
endloop
endfacet
facet normal -0.9415448171973642 0.336887751645533 0.0
outer loop
vertex -5.650481224060059 0.3338273763656616 2.0
vertex -5.650481224060059 0.3338273763656616 4.0
vertex -5.612461566925049 0.4400859475135803 4.0
endloop
endfacet
facet normal -0.9039889972979884 0.42755571890009525 0.0
outer loop
vertex -5.612461566925049 0.4400859475135803 2.0
vertex -5.612461566925049 0.4400859475135803 4.0
vertex -5.564209461212158 0.5421062707901001 4.0
endloop
endfacet
facet normal -0.8577276141718831 0.5141044056288658 0.0
outer loop
vertex -5.564209461212158 0.5421062707901001 2.0
vertex -5.564209461212158 0.5421062707901001 4.0
vertex -5.506189823150635 0.6389057636260986 4.0
endloop
endfacet
facet normal -0.8032083361319745 0.5956982195441791 0.0
outer loop
vertex -5.506189823150635 0.6389057636260986 2.0
vertex -5.506189823150635 0.6389057636260986 4.0
vertex -5.438961982727051 0.7295522689819336 4.0
endloop
endfacet
facet normal -0.0 0.0 -1.0
outer loop
vertex -5.650481224060059 0.3338273763656616 4.0
vertex -5.658954620361328 0.30000001192092896 4.0
vertex -6.0193328857421875 0.30000001192092896 4.0
endloop
endfacet
facet normal 0.0 -0.0 -0.9999999999999999
outer loop
vertex -5.985410690307617 0.4354270100593567 4.0
vertex -5.650481224060059 0.3338273763656616 4.0
vertex -6.0193328857421875 0.30000001192092896 4.0
endloop
endfacet
facet normal 0.0 0.0 -1.0
outer loop
vertex -5.985410690307617 0.4354270100593567 4.0
vertex -5.935819149017334 0.5740251541137695 4.0
vertex -5.650481224060059 0.3338273763656616 4.0
endloop
endfacet
facet normal 0.0 0.0 -0.9999999999999999
outer loop
vertex -5.650481224060059 0.3338273763656616 4.0
vertex -5.935819149017334 0.5740251541137695 4.0
vertex -5.612461566925049 0.4400859475135803 4.0
endloop
endfacet
facet normal 0.0 0.0 -1.0
outer loop
vertex -5.935819149017334 0.5740251541137695 4.0
vertex -5.872881889343262 0.7070950865745544 4.0
vertex -5.612461566925049 0.4400859475135803 4.0
endloop
endfacet
facet normal 0.0 0.0 -0.9999999999999999
outer loop
vertex -5.612461566925049 0.4400859475135803 4.0
vertex -5.872881889343262 0.7070950865745544 4.0
vertex -5.564209461212158 0.5421062707901001 4.0
endloop
endfacet
facet normal 0.0 0.0 -1.0
outer loop
vertex -5.564209461212158 0.5421062707901001 4.0
vertex -5.872881889343262 0.7070950865745544 4.0
vertex -5.797204494476318 0.8333553671836853 4.0
endloop
endfacet
facet normal 0.0 0.0 -1.0
outer loop
vertex -5.506189823150635 0.6389057636260986 4.0
vertex -5.797204494476318 0.8333553671836853 4.0
vertex -5.709515571594238 0.9515899419784546 4.0
endloop
endfacet
facet normal 0.0 0.0 -1.0
outer loop
vertex -5.564209461212158 0.5421062707901001 4.0
vertex -5.797204494476318 0.8333553671836853 4.0
vertex -5.506189823150635 0.6389057636260986 4.0
endloop
endfacet
facet normal 0.0 0.0 -1.0
outer loop
vertex -5.506189823150635 0.6389057636260986 4.0
vertex -5.709515571594238 0.9515899419784546 4.0
vertex -5.438961982727051 0.7295522689819336 4.0
endloop
endfacet
facet normal 0.0 0.0 -1.0
outer loop
vertex -5.438961982727051 0.7295522689819336 4.0
vertex -5.610660076141357 1.0606601238250732 4.0
vertex -5.363173007965088 0.8131728172302246 4.0
endloop
endfacet
facet normal 0.0 0.0 -1.0
outer loop
vertex -5.438961982727051 0.7295522689819336 4.0
vertex -5.709515571594238 0.9515899419784546 4.0
vertex -5.610660076141357 1.0606601238250732 4.0
endloop
endfacet
facet normal 0.0 0.0 -1.0
outer loop
vertex -5.610660076141357 1.0606601238250732 4.0
vertex -5.501589775085449 1.1595157384872437 4.0
vertex -5.363173007965088 0.8131728172302246 4.0
endloop
endfacet
facet normal -0.7409523264602499 0.6715576296291653 0.0
outer loop
vertex -5.438961982727051 0.7295522689819336 2.0
vertex -5.438961982727051 0.7295522689819336 4.0
vertex -5.363173007965088 0.8131728172302246 4.0
endloop
endfacet
facet normal -0.6715587894661638 0.7409512752473949 0.0
outer loop
vertex -5.363173007965088 0.8131728172302246 2.0
vertex -5.363173007965088 0.8131728172302246 4.0
vertex -5.279552459716797 0.8889620304107666 4.0
endloop
endfacet
facet normal 0.8032073253169317 0.5956995824719208 -0.0
outer loop
vertex -3.6610379219055176 0.7295522689819336 2.0
vertex -3.6610379219055176 0.7295522689819336 4.0
vertex -3.5938098430633545 0.6389057636260986 4.0
endloop
endfacet
facet normal 0.6715587894661638 0.7409512752473949 -0.0
outer loop
vertex -3.8204476833343506 0.8889620304107666 2.0
vertex -3.8204476833343506 0.8889620304107666 4.0
vertex -3.7368271350860596 0.8131728172302246 4.0
endloop
endfacet
facet normal 0.7409512752473949 0.6715587894661638 -0.0
outer loop
vertex -3.7368271350860596 0.8131728172302246 2.0
vertex -3.7368271350860596 0.8131728172302246 4.0
vertex -3.6610379219055176 0.7295522689819336 4.0
endloop
endfacet
facet normal -0.5956982309267262 0.8032083276901258 0.0
outer loop
vertex -5.279552459716797 0.8889620304107666 2.0
vertex -5.279552459716797 0.8889620304107666 4.0
vertex -5.188905715942383 0.9561900496482849 4.0
endloop
endfacet
facet normal -0.5141037057419992 0.8577280336693817 0.0
outer loop
vertex -5.188905715942383 0.9561900496482849 2.0
vertex -5.188905715942383 0.9561900496482849 4.0
vertex -5.092106342315674 1.014209508895874 4.0
endloop
endfacet
facet normal -0.4275550598291976 0.9039893090155718 0.0
outer loop
vertex -5.092106342315674 1.014209508895874 2.0
vertex -5.092106342315674 1.014209508895874 4.0
vertex -4.990086078643799 1.062461495399475 4.0
endloop
endfacet
facet normal -0.3368887868431078 0.9415444467997138 0.0
outer loop
vertex -4.990086078643799 1.062461495399475 2.0
vertex -4.990086078643799 1.062461495399475 4.0
vertex -4.883827209472656 1.100481390953064 4.0
endloop
endfacet
facet normal -0.24298098580936248 0.9700310513252195 0.0
outer loop
vertex -4.883827209472656 1.100481390953064 2.0
vertex -4.883827209472656 1.100481390953064 4.0
vertex -4.774353981018066 1.1279031038284302 4.0
endloop
endfacet
facet normal -0.14673034469632024 0.9891765292127078 0.0
outer loop
vertex -4.774353981018066 1.1279031038284302 2.0
vertex -4.774353981018066 1.1279031038284302 4.0
vertex -4.6627197265625 1.1444624662399292 4.0
endloop
endfacet
facet normal -0.04906726961294222 0.9987954760874375 0.0
outer loop
vertex -4.6627197265625 1.1444624662399292 2.0
vertex -4.6627197265625 1.1444624662399292 4.0
vertex -4.550000190734863 1.149999976158142 4.0
endloop
endfacet
facet normal 0.3368887868431078 0.9415444467997138 -0.0
outer loop
vertex -4.216172695159912 1.100481390953064 2.0
vertex -4.216172695159912 1.100481390953064 4.0
vertex -4.1099138259887695 1.062461495399475 4.0
endloop
endfacet
facet normal 0.04906706254441527 0.9987954862599562 -0.0
outer loop
vertex -4.550000190734863 1.149999976158142 2.0
vertex -4.550000190734863 1.149999976158142 4.0
vertex -4.437280178070068 1.1444624662399292 4.0
endloop
endfacet
facet normal 0.14673034469632024 0.9891765292127078 -0.0
outer loop
vertex -4.437280178070068 1.1444624662399292 2.0
vertex -4.437280178070068 1.1444624662399292 4.0
vertex -4.325645923614502 1.1279031038284302 4.0
endloop
endfacet
facet normal 0.24298098580936248 0.9700310513252195 -0.0
outer loop
vertex -4.325645923614502 1.1279031038284302 2.0
vertex -4.325645923614502 1.1279031038284302 4.0
vertex -4.216172695159912 1.100481390953064 4.0
endloop
endfacet
facet normal 0.5956992417404677 0.8032075780206706 -0.0
outer loop
vertex -3.9110941886901855 0.9561900496482849 2.0
vertex -3.9110941886901855 0.9561900496482849 4.0
vertex -3.8204476833343506 0.8889620304107666 4.0
endloop
endfacet
facet normal 0.5141037057419992 0.8577280336693817 -0.0
outer loop
vertex -4.0078935623168945 1.014209508895874 2.0
vertex -4.0078935623168945 1.014209508895874 4.0
vertex -3.9110941886901855 0.9561900496482849 4.0
endloop
endfacet
facet normal 0.4275550598291976 0.9039893090155718 -0.0
outer loop
vertex -4.1099138259887695 1.062461495399475 2.0
vertex -4.1099138259887695 1.062461495399475 4.0
vertex -4.0078935623168945 1.014209508895874 4.0
endloop
endfacet
facet normal 0.0 -0.0 -1.0
outer loop
vertex -5.501589775085449 1.1595157384872437 4.0
vertex -5.279552459716797 0.8889620304107666 4.0
vertex -5.363173007965088 0.8131728172302246 4.0
endloop
endfacet
facet normal 0.0 0.0 -0.9999999999999999
outer loop
vertex -5.279552459716797 0.8889620304107666 4.0
vertex -5.383355140686035 1.2472044229507446 4.0
vertex -5.188905715942383 0.9561900496482849 4.0
endloop
endfacet
facet normal 0.0 0.0 -1.0
outer loop
vertex -5.501589775085449 1.1595157384872437 4.0
vertex -5.383355140686035 1.2472044229507446 4.0
vertex -5.279552459716797 0.8889620304107666 4.0
endloop
endfacet
facet normal 0.0 0.0 -1.0
outer loop
vertex -5.188905715942383 0.9561900496482849 4.0
vertex -5.383355140686035 1.2472044229507446 4.0
vertex -5.2570953369140625 1.3228819370269775 4.0
endloop
endfacet
facet normal 0.0 0.0 -1.0
outer loop
vertex -5.188905715942383 0.9561900496482849 4.0
vertex -5.2570953369140625 1.3228819370269775 4.0
vertex -5.092106342315674 1.014209508895874 4.0
endloop
endfacet
facet normal 0.0 0.0 -1.0
outer loop
vertex -5.092106342315674 1.014209508895874 4.0
vertex -5.124025344848633 1.3858193159103394 4.0
vertex -4.990086078643799 1.062461495399475 4.0
endloop
endfacet
facet normal 0.0 0.0 -1.0
outer loop
vertex -5.092106342315674 1.014209508895874 4.0
vertex -5.2570953369140625 1.3228819370269775 4.0
vertex -5.124025344848633 1.3858193159103394 4.0
endloop
endfacet
facet normal 0.0 0.0 -1.0
outer loop
vertex -4.990086078643799 1.062461495399475 4.0
vertex -5.124025344848633 1.3858193159103394 4.0
vertex -4.985426902770996 1.435410499572754 4.0
endloop
endfacet
facet normal 0.0 0.0 -1.0
outer loop
vertex -4.990086078643799 1.062461495399475 4.0
vertex -4.985426902770996 1.435410499572754 4.0
vertex -4.883827209472656 1.100481390953064 4.0
endloop
endfacet
facet normal 0.0 0.0 -1.0
outer loop
vertex -4.883827209472656 1.100481390953064 4.0
vertex -4.842635631561279 1.4711779356002808 4.0
vertex -4.774353981018066 1.1279031038284302 4.0
endloop
endfacet
facet normal 0.0 0.0 -1.0
outer loop
vertex -4.774353981018066 1.1279031038284302 4.0
vertex -4.697025775909424 1.4927771091461182 4.0
vertex -4.6627197265625 1.1444624662399292 4.0
endloop
endfacet
facet normal 0.0 0.0 -1.0
outer loop
vertex -4.6627197265625 1.1444624662399292 4.0
vertex -4.550000190734863 1.5 4.0
vertex -4.550000190734863 1.149999976158142 4.0
endloop
endfacet
facet normal 0.0 0.0 -1.0
outer loop
vertex -4.883827209472656 1.100481390953064 4.0
vertex -4.985426902770996 1.435410499572754 4.0
vertex -4.842635631561279 1.4711779356002808 4.0
endloop
endfacet
facet normal 0.0 0.0 -1.0
outer loop
vertex -4.774353981018066 1.1279031038284302 4.0
vertex -4.842635631561279 1.4711779356002808 4.0
vertex -4.697025775909424 1.4927771091461182 4.0
endloop
endfacet
facet normal 0.0 0.0 -1.0
outer loop
vertex -4.6627197265625 1.1444624662399292 4.0
vertex -4.697025775909424 1.4927771091461182 4.0
vertex -4.550000190734863 1.5 4.0
endloop
endfacet
facet normal 0.0 -0.0 -1.0
outer loop
vertex -4.550000190734863 1.149999976158142 4.0
vertex -4.4029741287231445 1.4927771091461182 4.0
vertex -4.437280178070068 1.1444624662399292 4.0
endloop
endfacet
facet normal 0.0 -0.0 -1.0
outer loop
vertex -4.437280178070068 1.1444624662399292 4.0
vertex -4.257364749908447 1.4711779356002808 4.0
vertex -4.325645923614502 1.1279031038284302 4.0
endloop
endfacet
facet normal 0.0 0.0 -1.0
outer loop
vertex -4.1099138259887695 1.062461495399475 4.0
vertex -4.216172695159912 1.100481390953064 4.0
vertex -3.9759747982025146 1.3858193159103394 4.0
endloop
endfacet
facet normal 0.0 -0.0 -1.0
outer loop
vertex -4.325645923614502 1.1279031038284302 4.0
vertex -4.114573001861572 1.435410499572754 4.0
vertex -4.216172695159912 1.100481390953064 4.0
endloop
endfacet
facet normal 0.0 0.0 -1.0
outer loop
vertex -4.216172695159912 1.100481390953064 4.0
vertex -4.114573001861572 1.435410499572754 4.0
vertex -3.9759747982025146 1.3858193159103394 4.0
endloop
endfacet
facet normal 0.0 0.0 -0.9999999999999999
outer loop
vertex -3.9110941886901855 0.9561900496482849 4.0
vertex -4.0078935623168945 1.014209508895874 4.0
vertex -3.716644763946533 1.2472044229507446 4.0
endloop
endfacet
facet normal 0.0 0.0 -1.0
outer loop
vertex -3.7368271350860596 0.8131728172302246 4.0
vertex -3.8204476833343506 0.8889620304107666 4.0
vertex -3.489339828491211 1.0606601238250732 4.0
endloop
endfacet
facet normal 0.0 -0.0 -0.9999999999999999
outer loop
vertex -3.9110941886901855 0.9561900496482849 4.0
vertex -3.598410129547119 1.1595157384872437 4.0
vertex -3.8204476833343506 0.8889620304107666 4.0
endloop
endfacet
facet normal 0.0 0.0 -0.9999999999999999
outer loop
vertex -3.8204476833343506 0.8889620304107666 4.0
vertex -3.598410129547119 1.1595157384872437 4.0
vertex -3.489339828491211 1.0606601238250732 4.0
endloop
endfacet
facet normal 0.0 -0.0 -1.0
outer loop
vertex -4.1099138259887695 1.062461495399475 4.0
vertex -3.842904806137085 1.3228819370269775 4.0
vertex -4.0078935623168945 1.014209508895874 4.0
endloop
endfacet
facet normal 0.0 0.0 -1.0
outer loop
vertex -4.0078935623168945 1.014209508895874 4.0
vertex -3.842904806137085 1.3228819370269775 4.0
vertex -3.716644763946533 1.2472044229507446 4.0
endloop
endfacet
facet normal 0.0 0.0 -1.0
outer loop
vertex -4.1099138259887695 1.062461495399475 4.0
vertex -3.9759747982025146 1.3858193159103394 4.0
vertex -3.842904806137085 1.3228819370269775 4.0
endloop
endfacet
facet normal 0.0 0.0 -0.9999999999999999
outer loop
vertex -3.9110941886901855 0.9561900496482849 4.0
vertex -3.716644763946533 1.2472044229507446 4.0
vertex -3.598410129547119 1.1595157384872437 4.0
endloop
endfacet
facet normal 0.0 0.0 -1.0
outer loop
vertex -4.550000190734863 1.149999976158142 4.0
vertex -4.550000190734863 1.5 4.0
vertex -4.4029741287231445 1.4927771091461182 4.0
endloop
endfacet
facet normal 0.0 0.0 -1.0
outer loop
vertex -4.437280178070068 1.1444624662399292 4.0
vertex -4.4029741287231445 1.4927771091461182 4.0
vertex -4.257364749908447 1.4711779356002808 4.0
endloop
endfacet
facet normal 0.0 0.0 -1.0
outer loop
vertex -4.325645923614502 1.1279031038284302 4.0
vertex -4.257364749908447 1.4711779356002808 4.0
vertex -4.114573001861572 1.435410499572754 4.0
endloop
endfacet
facet normal -0.8029829293683539 0.20113377860457762 0.5610379828917667
outer loop
vertex -5.985410690307617 0.4354270100593567 4.0
vertex -6.0193328857421875 0.30000001192092896 4.0
vertex -5.538967609405518 0.30000001192092896 4.687520503997803
endloop
endfacet
facet normal -0.7794001643935584 0.278875707159558 0.5610380768713923
outer loop
vertex -5.985410690307617 0.4354270100593567 4.0
vertex -5.274263858795166 0.30000001192092896 5.0552496910095215
vertex -5.935819149017334 0.5740251541137695 4.0
endloop
endfacet
facet normal -0.7793997538276946 0.27887706155128505 0.5610379740034093
outer loop
vertex -5.985410690307617 0.4354270100593567 4.0
vertex -5.538967609405518 0.30000001192092896 4.687520503997803
vertex -5.274263858795166 0.30000001192092896 5.0552496910095215
endloop
endfacet
facet normal -0.7483136090201528 0.35392524109398454 0.5610380256914844
outer loop
vertex -5.935819149017334 0.5740251541137695 4.0
vertex -5.111260414123535 0.30000001192092896 5.2726640701293945
vertex -5.872881889343262 0.7070950865745544 4.0
endloop
endfacet
facet normal -0.7100194852631793 0.42556871163487403 0.5610379686117895
outer loop
vertex -5.872881889343262 0.7070950865745544 4.0
vertex -5.007308483123779 0.30556362867355347 5.400000095367432
vertex -5.797204494476318 0.8333553671836853 4.0
endloop
endfacet
facet normal -0.6648867095584757 0.4931146367379882 0.5610379831056584
outer loop
vertex -5.797204494476318 0.8333553671836853 4.0
vertex -4.975155830383301 0.34891629219055176 5.400000095367432
vertex -5.709515571594238 0.9515899419784546 4.0
endloop
endfacet
facet normal -0.7483138977921049 0.35392456478816653 0.561038067167188
outer loop
vertex -5.935819149017334 0.5740251541137695 4.0
vertex -5.274263858795166 0.30000001192092896 5.0552496910095215
vertex -5.111260414123535 0.30000001192092896 5.2726640701293945
endloop
endfacet
facet normal -0.6133518300011798 0.5559099472939726 0.5610380228948981
outer loop
vertex -5.709515571594238 0.9515899419784546 4.0
vertex -4.938908576965332 0.3889087438583374 5.400000095367432
vertex -5.610660076141357 1.0606601238250732 4.0
endloop
endfacet
facet normal 0.5559099828039981 0.6133517999116712 0.5610380206046396
outer loop
vertex -4.161091327667236 0.3889087438583374 5.400000095367432
vertex -3.489339828491211 1.0606601238250732 4.0
vertex -3.598410129547119 1.1595157384872437 4.0
endloop
endfacet
facet normal 0.6133518588864827 0.5559099734740971 0.561037965375361
outer loop
vertex -4.124844074249268 0.34891629219055176 5.400000095367432
vertex -3.39048433303833 0.9515899419784546 4.0
vertex -3.489339828491211 1.0606601238250732 4.0
endloop
endfacet
facet normal -0.7100263736617529 0.4255502929885058 0.5610432219019652
outer loop
vertex -5.007308483123779 0.30556362867355347 5.400000095367432
vertex -5.111260414123535 0.30000001192092896 5.2726640701293945
vertex -5.010643005371094 0.30000001192092896 5.400000095367432
endloop
endfacet
facet normal -0.0 0.0 1.0
outer loop
vertex -5.007308483123779 0.30556362867355347 5.400000095367432
vertex -5.010643005371094 0.30000001192092896 5.400000095367432
vertex -4.089357376098633 0.30000001192092896 5.400000095367432
endloop
endfacet
facet normal -0.0 -0.0 1.0
outer loop
vertex -5.007308483123779 0.30556362867355347 5.400000095367432
vertex -4.089357376098633 0.30000001192092896 5.400000095367432
vertex -4.975155830383301 0.34891629219055176 5.400000095367432
endloop
endfacet
facet normal -0.0 -0.0 1.0
outer loop
vertex -4.975155830383301 0.34891629219055176 5.400000095367432
vertex -4.089357376098633 0.30000001192092896 5.400000095367432
vertex -4.938908576965332 0.3889087438583374 5.400000095367432
endloop
endfacet
facet normal -0.0 -0.0 1.0
outer loop
vertex -4.938908576965332 0.3889087438583374 5.400000095367432
vertex -4.089357376098633 0.30000001192092896 5.400000095367432
vertex -4.898916244506836 0.42515575885772705 5.400000095367432
endloop
endfacet
facet normal -0.0 -0.0 1.0
outer loop
vertex -4.898916244506836 0.42515575885772705 5.400000095367432
vertex -4.089357376098633 0.30000001192092896 5.400000095367432
vertex -4.855563640594482 0.457308292388916 5.400000095367432
endloop
endfacet
facet normal -0.0 -0.0 0.9999999999999999
outer loop
vertex -4.855563640594482 0.457308292388916 5.400000095367432
vertex -4.089357376098633 0.30000001192092896 5.400000095367432
vertex -4.809267997741699 0.48505669832229614 5.400000095367432
endloop
endfacet
facet normal -0.0 -0.0 1.0
outer loop
vertex -4.809267997741699 0.48505669832229614 5.400000095367432
vertex -4.089357376098633 0.30000001192092896 5.400000095367432
vertex -4.760476112365723 0.5081337690353394 5.400000095367432
endloop
endfacet
facet normal -0.7100209655334059 0.4255660440400399 0.5610381187255644
outer loop
vertex -5.872881889343262 0.7070950865745544 4.0
vertex -5.111260414123535 0.30000001192092896 5.2726640701293945
vertex -5.007308483123779 0.30556362867355347 5.400000095367432
endloop
endfacet
facet normal -0.6648863031057449 0.4931152247952987 0.5610379479299573
outer loop
vertex -5.797204494476318 0.8333553671836853 4.0
vertex -5.007308483123779 0.30556362867355347 5.400000095367432
vertex -4.975155830383301 0.34891629219055176 5.400000095367432
endloop
endfacet
facet normal -0.6133504216618392 0.5559116093375942 0.5610379156981552
outer loop
vertex -5.709515571594238 0.9515899419784546 4.0
vertex -4.975155830383301 0.34891629219055176 5.400000095367432
vertex -4.938908576965332 0.3889087438583374 5.400000095367432
endloop
endfacet
facet normal -0.5559104571125683 0.6133513564737599 0.5610380354171132
outer loop
vertex -5.610660076141357 1.0606601238250732 4.0
vertex -4.938908576965332 0.3889087438583374 5.400000095367432
vertex -4.898916244506836 0.42515575885772705 5.400000095367432
endloop
endfacet
facet normal -0.4931144507052721 0.6648868103705203 0.5610380271433956
outer loop
vertex -5.501589775085449 1.1595157384872437 4.0
vertex -4.898916244506836 0.42515575885772705 5.400000095367432
vertex -4.855563640594482 0.457308292388916 5.400000095367432
endloop
endfacet
facet normal -0.42556764098812483 0.7100201562637198 0.5610379315545831
outer loop
vertex -5.383355140686035 1.2472044229507446 4.0
vertex -4.855563640594482 0.457308292388916 5.400000095367432
vertex -4.809267997741699 0.48505669832229614 5.400000095367432
endloop
endfacet
facet normal -0.3539286511338397 0.7483118803131246 0.5610381802416095
outer loop
vertex -5.2570953369140625 1.3228819370269775 4.0
vertex -4.809267997741699 0.48505669832229614 5.400000095367432
vertex -4.760476112365723 0.5081337690353394 5.400000095367432
endloop
endfacet
facet normal -0.27887324279038234 0.7794011079173503 0.5610379910779514
outer loop
vertex -5.124025344848633 1.3858193159103394 4.0
vertex -4.760476112365723 0.5081337690353394 5.400000095367432
vertex -4.709656715393066 0.5263171792030334 5.400000095367432
endloop
endfacet
facet normal -0.20113593327207732 0.8029823926557812 0.5610379785999937
outer loop
vertex -4.985426902770996 1.435410499572754 4.0
vertex -4.709656715393066 0.5263171792030334 5.400000095367432
vertex -4.657299518585205 0.5394319295883179 5.400000095367432
endloop
endfacet
facet normal -0.12146212656994915 0.8188304312881762 0.561038034900955
outer loop
vertex -4.842635631561279 1.4711779356002808 4.0
vertex -4.657299518585205 0.5394319295883179 5.400000095367432
vertex -4.603909492492676 0.547351598739624 5.400000095367432
endloop
endfacet
facet normal -0.040618022243661164 0.8267929012723617 0.5610380331801436
outer loop
vertex -4.697025775909424 1.4927771091461182 4.0
vertex -4.603909492492676 0.547351598739624 5.400000095367432
vertex -4.550000190734863 0.550000011920929 5.400000095367432
endloop
endfacet
facet normal 0.04061766443861429 0.8267929310983125 0.561038015130359
outer loop
vertex -4.550000190734863 1.5 4.0
vertex -4.550000190734863 0.550000011920929 5.400000095367432
vertex -4.496090412139893 0.547351598739624 5.400000095367432
endloop
endfacet
facet normal 0.7483138274188647 0.3539247972173004 0.5610380144058176
outer loop
vertex -3.2271180152893066 0.7070950865745544 4.0
vertex -3.988739490509033 0.30000001192092896 5.2726640701293945
vertex -3.8257360458374023 0.30000001192092896 5.0552496910095215
endloop
endfacet
facet normal 0.0 0.0 1.0
outer loop
vertex -4.092691898345947 0.30556362867355347 5.400000095367432
vertex -4.124844074249268 0.34891629219055176 5.400000095367432
vertex -4.089357376098633 0.30000001192092896 5.400000095367432
endloop
endfacet
facet normal -0.0 -0.0 0.9999999999999999
outer loop
vertex -4.339524269104004 0.5081337690353394 5.400000095367432
vertex -4.089357376098633 0.30000001192092896 5.400000095367432
vertex -4.290731906890869 0.48505669832229614 5.400000095367432
endloop
endfacet
facet normal -0.0 -0.0 0.9999999999999999
outer loop
vertex -4.290731906890869 0.48505669832229614 5.400000095367432
vertex -4.089357376098633 0.30000001192092896 5.400000095367432
vertex -4.244436264038086 0.457308292388916 5.400000095367432
endloop
endfacet
facet normal -0.0 -0.0 0.9999999999999999
outer loop
vertex -4.201083660125732 0.42515575885772705 5.400000095367432
vertex -4.089357376098633 0.30000001192092896 5.400000095367432
vertex -4.161091327667236 0.3889087438583374 5.400000095367432
endloop
endfacet
facet normal 0.0 0.0 0.9999999999999999
outer loop
vertex -4.124844074249268 0.34891629219055176 5.400000095367432
vertex -4.161091327667236 0.3889087438583374 5.400000095367432
vertex -4.089357376098633 0.30000001192092896 5.400000095367432
endloop
endfacet
facet normal 0.0 0.0 1.0
outer loop
vertex -4.201083660125732 0.42515575885772705 5.400000095367432
vertex -4.244436264038086 0.457308292388916 5.400000095367432
vertex -4.089357376098633 0.30000001192092896 5.400000095367432
endloop
endfacet
facet normal 0.7100253144954864 0.4255496581831919 0.5610450438206847
outer loop
vertex -4.092691898345947 0.30556362867355347 5.400000095367432
vertex -4.089357376098633 0.30000001192092896 5.400000095367432
vertex -3.988739490509033 0.30000001192092896 5.2726640701293945
endloop
endfacet
facet normal 0.12146212764697932 0.8188304385489176 0.5610380240707898
outer loop
vertex -4.4029741287231445 1.4927771091461182 4.0
vertex -4.496090412139893 0.547351598739624 5.400000095367432
vertex -4.442700386047363 0.5394319295883179 5.400000095367432
endloop
endfacet
facet normal 0.20113592764163427 0.802982370177716 0.5610380127901466
outer loop
vertex -4.257364749908447 1.4711779356002808 4.0
vertex -4.442700386047363 0.5394319295883179 5.400000095367432
vertex -4.390343189239502 0.5263171792030334 5.400000095367432
endloop
endfacet
facet normal 0.4255675775353864 0.7100200503987082 0.5610381136629479
outer loop
vertex -3.842904806137085 1.3228819370269775 4.0
vertex -4.290731906890869 0.48505669832229614 5.400000095367432
vertex -4.244436264038086 0.457308292388916 5.400000095367432
endloop
endfacet
facet normal 0.35392586205094867 0.7483132964542786 0.5610380508675181
outer loop
vertex -3.9759747982025146 1.3858193159103394 4.0
vertex -4.339524269104004 0.5081337690353394 5.400000095367432
vertex -4.290731906890869 0.48505669832229614 5.400000095367432
endloop
endfacet
facet normal 0.2788755723668341 0.779400305506537 0.5610379478372096
outer loop
vertex -4.114573001861572 1.435410499572754 4.0
vertex -4.390343189239502 0.5263171792030334 5.400000095367432
vertex -4.339524269104004 0.5081337690353394 5.400000095367432
endloop
endfacet
facet normal 0.7100179715160146 0.4255710443455503 0.5610381148718163
outer loop
vertex -4.092691898345947 0.30556362867355347 5.400000095367432
vertex -3.988739490509033 0.30000001192092896 5.2726640701293945
vertex -3.302795648574829 0.8333553671836853 4.0
endloop
endfacet
facet normal 0.6648898471497983 0.49311054010580074 0.5610378653831517
outer loop
vertex -4.092691898345947 0.30556362867355347 5.400000095367432
vertex -3.39048433303833 0.9515899419784546 4.0
vertex -4.124844074249268 0.34891629219055176 5.400000095367432
endloop
endfacet
facet normal 0.6133503428842176 0.5559115379373102 0.5610380725690435
outer loop
vertex -4.124844074249268 0.34891629219055176 5.400000095367432
vertex -3.489339828491211 1.0606601238250732 4.0
vertex -4.161091327667236 0.3889087438583374 5.400000095367432
endloop
endfacet
facet normal 0.49311448174561023 0.6648868522235047 0.5610379502610119
outer loop
vertex -3.716644763946533 1.2472044229507446 4.0
vertex -4.244436264038086 0.457308292388916 5.400000095367432
vertex -4.201083660125732 0.42515575885772705 5.400000095367432
endloop
endfacet
facet normal 0.5559104784031493 0.6133513799642458 0.5610379886402853
outer loop
vertex -4.201083660125732 0.42515575885772705 5.400000095367432
vertex -4.161091327667236 0.3889087438583374 5.400000095367432
vertex -3.598410129547119 1.1595157384872437 4.0
endloop
endfacet
facet normal -0.0 -0.0 1.0
outer loop
vertex -4.760476112365723 0.5081337690353394 5.400000095367432
vertex -4.089357376098633 0.30000001192092896 5.400000095367432
vertex -4.709656715393066 0.5263171792030334 5.400000095367432
endloop
endfacet
facet normal -0.0 -0.0 1.0
outer loop
vertex -4.709656715393066 0.5263171792030334 5.400000095367432
vertex -4.089357376098633 0.30000001192092896 5.400000095367432
vertex -4.657299518585205 0.5394319295883179 5.400000095367432
endloop
endfacet
facet normal -0.0 -0.0 1.0
outer loop
vertex -4.657299518585205 0.5394319295883179 5.400000095367432
vertex -4.089357376098633 0.30000001192092896 5.400000095367432
vertex -4.603909492492676 0.547351598739624 5.400000095367432
endloop
endfacet
facet normal -0.0 -0.0 1.0
outer loop
vertex -4.603909492492676 0.547351598739624 5.400000095367432
vertex -4.089357376098633 0.30000001192092896 5.400000095367432
vertex -4.550000190734863 0.550000011920929 5.400000095367432
endloop
endfacet
facet normal -0.0 -0.0 0.9999999999999999
outer loop
vertex -4.550000190734863 0.550000011920929 5.400000095367432
vertex -4.089357376098633 0.30000001192092896 5.400000095367432
vertex -4.496090412139893 0.547351598739624 5.400000095367432
endloop
endfacet
facet normal 0.0 0.0 0.9999999999999999
outer loop
vertex -4.442700386047363 0.5394319295883179 5.400000095367432
vertex -4.496090412139893 0.547351598739624 5.400000095367432
vertex -4.089357376098633 0.30000001192092896 5.400000095367432
endloop
endfacet
facet normal -0.0 -0.0 1.0
outer loop
vertex -4.442700386047363 0.5394319295883179 5.400000095367432
vertex -4.089357376098633 0.30000001192092896 5.400000095367432
vertex -4.390343189239502 0.5263171792030334 5.400000095367432
endloop
endfacet
facet normal -0.0 -0.0 0.9999999999999999
outer loop
vertex -4.390343189239502 0.5263171792030334 5.400000095367432
vertex -4.089357376098633 0.30000001192092896 5.400000095367432
vertex -4.339524269104004 0.5081337690353394 5.400000095367432
endloop
endfacet
facet normal -0.5559099906105215 0.6133518085248376 0.5610380034531716
outer loop
vertex -5.610660076141357 1.0606601238250732 4.0
vertex -4.898916244506836 0.42515575885772705 5.400000095367432
vertex -5.501589775085449 1.1595157384872437 4.0
endloop
endfacet
facet normal -0.49311361482801064 0.6648874746299914 0.5610379746072496
outer loop
vertex -5.501589775085449 1.1595157384872437 4.0
vertex -4.855563640594482 0.457308292388916 5.400000095367432
vertex -5.383355140686035 1.2472044229507446 4.0
endloop
endfacet
facet normal -0.4255703449786302 0.7100184104098054 0.5610380899314261
outer loop
vertex -5.383355140686035 1.2472044229507446 4.0
vertex -4.809267997741699 0.48505669832229614 5.400000095367432
vertex -5.2570953369140625 1.3228819370269775 4.0
endloop
endfacet
facet normal -0.35392566250389484 0.7483134178248375 0.5610380148657391
outer loop
vertex -5.2570953369140625 1.3228819370269775 4.0
vertex -4.760476112365723 0.5081337690353394 5.400000095367432
vertex -5.124025344848633 1.3858193159103394 4.0
endloop
endfacet
facet normal -0.2788734102761063 0.7794010416097423 0.5610379999417359
outer loop
vertex -5.124025344848633 1.3858193159103394 4.0
vertex -4.709656715393066 0.5263171792030334 5.400000095367432
vertex -4.985426902770996 1.435410499572754 4.0
endloop
endfacet
facet normal -0.20113701647855498 0.8029820825904057 0.5610380340412587
outer loop
vertex -4.985426902770996 1.435410499572754 4.0
vertex -4.657299518585205 0.5394319295883179 5.400000095367432
vertex -4.842635631561279 1.4711779356002808 4.0
endloop
endfacet
facet normal -0.12146197861666552 0.818830458305655 0.5610380275003429
outer loop
vertex -4.842635631561279 1.4711779356002808 4.0
vertex -4.603909492492676 0.547351598739624 5.400000095367432
vertex -4.697025775909424 1.4927771091461182 4.0
endloop
endfacet
facet normal -0.040617659125687273 0.8267929312770282 0.5610380152516303
outer loop
vertex -4.697025775909424 1.4927771091461182 4.0
vertex -4.550000190734863 0.550000011920929 5.400000095367432
vertex -4.550000190734863 1.5 4.0
endloop
endfacet
facet normal 0.04061752749094344 0.8267929332528494 0.5610380218698834
outer loop
vertex -4.550000190734863 1.5 4.0
vertex -4.496090412139893 0.547351598739624 5.400000095367432
vertex -4.4029741287231445 1.4927771091461182 4.0
endloop
endfacet
facet normal 0.12146236934441805 0.8188304108983142 0.5610380121001944
outer loop
vertex -4.4029741287231445 1.4927771091461182 4.0
vertex -4.442700386047363 0.5394319295883179 5.400000095367432
vertex -4.257364749908447 1.4711779356002808 4.0
endloop
endfacet
facet normal 0.20113639180622037 0.8029822702345165 0.5610379894269162
outer loop
vertex -4.257364749908447 1.4711779356002808 4.0
vertex -4.390343189239502 0.5263171792030334 5.400000095367432
vertex -4.114573001861572 1.435410499572754 4.0
endloop
endfacet
facet normal 0.27887382685467194 0.7794008651356052 0.5610380380342318
outer loop
vertex -4.114573001861572 1.435410499572754 4.0
vertex -4.339524269104004 0.5081337690353394 5.400000095367432
vertex -3.9759747982025146 1.3858193159103394 4.0
endloop
endfacet
facet normal 0.35392564875751464 0.74831338876054 0.5610380623035209
outer loop
vertex -3.9759747982025146 1.3858193159103394 4.0
vertex -4.290731906890869 0.48505669832229614 5.400000095367432
vertex -3.842904806137085 1.3228819370269775 4.0
endloop
endfacet
facet normal 0.4255697888550927 0.7100188233157528 0.5610379892227846
outer loop
vertex -3.716644763946533 1.2472044229507446 4.0
vertex -3.842904806137085 1.3228819370269775 4.0
vertex -4.244436264038086 0.457308292388916 5.400000095367432
endloop
endfacet
facet normal 0.49311360344658733 0.6648874592839016 0.5610380027974219
outer loop
vertex -3.716644763946533 1.2472044229507446 4.0
vertex -4.201083660125732 0.42515575885772705 5.400000095367432
vertex -3.598410129547119 1.1595157384872437 4.0
endloop
endfacet
facet normal 0.9700306948404719 0.24298240896680431 0.0
outer loop
vertex -3.4495186805725098 0.3338273763656616 4.0
vertex -3.4410452842712402 0.30000001192092896 4.0
vertex -3.4410452842712402 0.30000001192092896 2.0
endloop
endfacet
facet normal 0.9415441470902363 0.33688962447680026 -0.0
outer loop
vertex -3.4875385761260986 0.4400859475135803 2.0
vertex -3.4875385761260986 0.4400859475135803 4.0
vertex -3.4495186805725098 0.3338273763656616 4.0
endloop
endfacet
facet normal 0.9039898138275726 0.4275539924921653 -0.0
outer loop
vertex -3.53579044342041 0.5421062707901001 2.0
vertex -3.53579044342041 0.5421062707901001 4.0
vertex -3.4875385761260986 0.4400859475135803 4.0
endloop
endfacet
facet normal 0.8577285457449816 0.5141028513966821 -0.0
outer loop
vertex -3.5938098430633545 0.6389057636260986 2.0
vertex -3.5938098430633545 0.6389057636260986 4.0
vertex -3.53579044342041 0.5421062707901001 4.0
endloop
endfacet
facet normal 0.0 -0.0 -1.0
outer loop
vertex -3.4495186805725098 0.3338273763656616 4.0
vertex -3.1145894527435303 0.4354270100593567 4.0
vertex -3.4410452842712402 0.30000001192092896 4.0
endloop
endfacet
facet normal 0.0 0.0 -1.0
outer loop
vertex -3.4495186805725098 0.3338273763656616 4.0
vertex -3.4875385761260986 0.4400859475135803 4.0
vertex -3.1145894527435303 0.4354270100593567 4.0
endloop
endfacet
facet normal -0.0 -0.0 -1.0
outer loop
vertex -3.1145894527435303 0.4354270100593567 4.0
vertex -3.0806667804718018 0.30000001192092896 4.0
vertex -3.4410452842712402 0.30000001192092896 4.0
endloop
endfacet
facet normal 0.0 0.0 -1.0
outer loop
vertex -3.53579044342041 0.5421062707901001 4.0
vertex -3.5938098430633545 0.6389057636260986 4.0
vertex -3.2271180152893066 0.7070950865745544 4.0
endloop
endfacet
facet normal 0.0 -0.0 -1.0
outer loop
vertex -3.53579044342041 0.5421062707901001 4.0
vertex -3.1641807556152344 0.5740251541137695 4.0
vertex -3.4875385761260986 0.4400859475135803 4.0
endloop
endfacet
facet normal 0.0 0.0 -1.0
outer loop
vertex -3.1145894527435303 0.4354270100593567 4.0
vertex -3.4875385761260986 0.4400859475135803 4.0
vertex -3.1641807556152344 0.5740251541137695 4.0
endloop
endfacet
facet normal 0.0 0.0 -1.0
outer loop
vertex -3.53579044342041 0.5421062707901001 4.0
vertex -3.2271180152893066 0.7070950865745544 4.0
vertex -3.1641807556152344 0.5740251541137695 4.0
endloop
endfacet
facet normal 0.0 -0.0 -1.0
outer loop
vertex -3.6610379219055176 0.7295522689819336 4.0
vertex -3.302795648574829 0.8333553671836853 4.0
vertex -3.5938098430633545 0.6389057636260986 4.0
endloop
endfacet
facet normal 0.0 0.0 -1.0
outer loop
vertex -3.6610379219055176 0.7295522689819336 4.0
vertex -3.7368271350860596 0.8131728172302246 4.0
vertex -3.39048433303833 0.9515899419784546 4.0
endloop
endfacet
facet normal 0.0 0.0 -1.0
outer loop
vertex -3.6610379219055176 0.7295522689819336 4.0
vertex -3.39048433303833 0.9515899419784546 4.0
vertex -3.302795648574829 0.8333553671836853 4.0
endloop
endfacet
facet normal 0.0 0.0 -0.9999999999999999
outer loop
vertex -3.5938098430633545 0.6389057636260986 4.0
vertex -3.302795648574829 0.8333553671836853 4.0
vertex -3.2271180152893066 0.7070950865745544 4.0
endloop
endfacet
facet normal 0.0 0.0 -1.0
outer loop
vertex -3.7368271350860596 0.8131728172302246 4.0
vertex -3.489339828491211 1.0606601238250732 4.0
vertex -3.39048433303833 0.9515899419784546 4.0
endloop
endfacet
facet normal 0.8029823472910852 0.20113646009709163 0.5610378546573398
outer loop
vertex -3.1145894527435303 0.4354270100593567 4.0
vertex -3.561032295227051 0.30000001192092896 4.687520503997803
vertex -3.0806667804718018 0.30000001192092896 4.0
endloop
endfacet
facet normal 0.7794007345409161 0.27887457042623065 0.5610378498520985
outer loop
vertex -3.1145894527435303 0.4354270100593567 4.0
vertex -3.1641807556152344 0.5740251541137695 4.0
vertex -3.561032295227051 0.30000001192092896 4.687520503997803
endloop
endfacet
facet normal 0.7793999188739965 0.278876361271742 0.5610380928092497
outer loop
vertex -3.1641807556152344 0.5740251541137695 4.0
vertex -3.8257360458374023 0.30000001192092896 5.0552496910095215
vertex -3.561032295227051 0.30000001192092896 4.687520503997803
endloop
endfacet
facet normal 0.7483135938805573 0.35392523393350406 0.5610380504018233
outer loop
vertex -3.2271180152893066 0.7070950865745544 4.0
vertex -3.8257360458374023 0.30000001192092896 5.0552496910095215
vertex -3.1641807556152344 0.5740251541137695 4.0
endloop
endfacet
facet normal 0.7100188624775173 0.4255696790879106 0.561038022924601
outer loop
vertex -3.2271180152893066 0.7070950865745544 4.0
vertex -3.302795648574829 0.8333553671836853 4.0
vertex -3.988739490509033 0.30000001192092896 5.2726640701293945
endloop
endfacet
facet normal 0.6648873057228867 0.49311373814743786 0.5610380663901698
outer loop
vertex -4.092691898345947 0.30556362867355347 5.400000095367432
vertex -3.302795648574829 0.8333553671836853 4.0
vertex -3.39048433303833 0.9515899419784546 4.0
endloop
endfacet
facet normal 0.0 -1.0 0.0
outer loop
vertex -7.25 -3.5 2.0
vertex 7.25 -3.5 0.0
vertex 7.25 -3.5 2.0
endloop
endfacet
facet normal 0.0 -0.0 1.0
outer loop
vertex -7.25 -3.5 2.0
vertex 7.25 -3.5 2.0
vertex 4.774353981018066 -1.1279031038284302 2.0
endloop
endfacet
facet normal 0.0 -0.0 0.9999999999999999
outer loop
vertex -7.25 -3.5 2.0
vertex 4.0078935623168945 -1.014209508895874 2.0
vertex 3.9110941886901855 -0.9561900496482849 2.0
endloop
endfacet
facet normal 0.0 -0.0 1.0
outer loop
vertex -7.25 -3.5 2.0
vertex 3.9110941886901855 -0.9561900496482849 2.0
vertex 3.8204476833343506 -0.8889620304107666 2.0
endloop
endfacet
facet normal 0.0 -0.0 1.0
outer loop
vertex -7.25 -3.5 2.0
vertex 4.216172695159912 -1.100481390953064 2.0
vertex 4.1099138259887695 -1.062461495399475 2.0
endloop
endfacet
facet normal 0.0 -0.0 1.0
outer loop
vertex -7.25 -3.5 2.0
vertex 4.325645923614502 -1.1279031038284302 2.0
vertex 4.216172695159912 -1.100481390953064 2.0
endloop
endfacet
facet normal 0.0 -0.0 1.0
outer loop
vertex -7.25 -3.5 2.0
vertex 4.1099138259887695 -1.062461495399475 2.0
vertex 4.0078935623168945 -1.014209508895874 2.0
endloop
endfacet
facet normal 0.0 -0.0 1.0
outer loop
vertex -7.25 -3.5 2.0
vertex 4.437280178070068 -1.1444624662399292 2.0
vertex 4.325645923614502 -1.1279031038284302 2.0
endloop
endfacet
facet normal 0.0 -0.0 1.0
outer loop
vertex -7.25 -3.5 2.0
vertex 4.550000190734863 -1.149999976158142 2.0
vertex 4.437280178070068 -1.1444624662399292 2.0
endloop
endfacet
facet normal 0.0 -0.0 1.0
outer loop
vertex -7.25 -3.5 2.0
vertex 4.6627197265625 -1.1444624662399292 2.0
vertex 4.550000190734863 -1.149999976158142 2.0
endloop
endfacet
facet normal 0.0 -0.0 1.0
outer loop
vertex -7.25 -3.5 2.0
vertex 4.774353981018066 -1.1279031038284302 2.0
vertex 4.6627197265625 -1.1444624662399292 2.0
endloop
endfacet
facet normal 0.0 -0.0 1.0
outer loop
vertex -7.25 -3.5 2.0
vertex 3.8204476833343506 -0.8889620304107666 2.0
vertex 3.7368271350860596 -0.8131728172302246 2.0
endloop
endfacet
facet normal 0.0 -0.0 1.0
outer loop
vertex -7.25 -3.5 2.0
vertex 3.7368271350860596 -0.8131728172302246 2.0
vertex 3.6610379219055176 -0.7295522689819336 2.0
endloop
endfacet
facet normal 0.0 -0.0 0.9999999999999999
outer loop
vertex -7.25 -3.5 2.0
vertex 3.6610379219055176 -0.7295522689819336 2.0
vertex 3.5938098430633545 -0.6389057636260986 2.0
endloop
endfacet
facet normal 0.0 0.0 1.0
outer loop
vertex -7.25 -3.5 2.0
vertex 3.7368271350860596 0.8131728172302246 2.0
vertex 3.8204476833343506 0.8889620304107666 2.0
endloop
endfacet
facet normal 0.0 0.0 1.0
outer loop
vertex 3.4495186805725098 -0.3338273763656616 2.0
vertex 3.4410452842712402 -0.30000001192092896 2.0
vertex 2.549999952316284 -0.30000001192092896 2.0
endloop
endfacet
facet normal -0.8032073253169317 -0.5956995824719208 0.0
outer loop
vertex 3.5938098430633545 -0.6389057636260986 2.0
vertex 3.6610379219055176 -0.7295522689819336 2.0
vertex 3.5938098430633545 -0.6389057636260986 4.0
endloop
endfacet
facet normal -0.8577285457449816 -0.5141028513966821 -0.0
outer loop
vertex 3.5938098430633545 -0.6389057636260986 2.0
vertex 3.53579044342041 -0.5421062707901001 4.0
vertex 3.53579044342041 -0.5421062707901001 2.0
endloop
endfacet
facet normal -0.9039898138275726 -0.4275539924921653 0.0
outer loop
vertex 3.4875385761260986 -0.4400859475135803 2.0
vertex 3.53579044342041 -0.5421062707901001 2.0
vertex 3.4875385761260986 -0.4400859475135803 4.0
endloop
endfacet
facet normal -0.9415441470902363 -0.33688962447680026 -0.0
outer loop
vertex 3.4875385761260986 -0.4400859475135803 2.0
vertex 3.4495186805725098 -0.3338273763656616 4.0
vertex 3.4495186805725098 -0.3338273763656616 2.0
endloop
endfacet
facet normal -0.9700306948404719 -0.24298240896680431 0.0
outer loop
vertex 3.4495186805725098 -0.3338273763656616 2.0
vertex 3.4495186805725098 -0.3338273763656616 4.0
vertex 3.4410452842712402 -0.30000001192092896 2.0
endloop
endfacet
facet normal 0.0 0.0 1.0
outer loop
vertex 7.25 -3.5 2.0
vertex 4.883827209472656 -1.100481390953064 2.0
vertex 4.774353981018066 -1.1279031038284302 2.0
endloop
endfacet
facet normal 0.0 0.0 1.0
outer loop
vertex 7.25 -3.5 2.0
vertex 4.990086078643799 -1.062461495399475 2.0
vertex 4.883827209472656 -1.100481390953064 2.0
endloop
endfacet
facet normal 0.0 0.0 1.0
outer loop
vertex 7.25 -3.5 2.0
vertex 5.092106342315674 -1.014209508895874 2.0
vertex 4.990086078643799 -1.062461495399475 2.0
endloop
endfacet
facet normal 0.0 0.0 1.0
outer loop
vertex 7.25 -3.5 2.0
vertex 5.188905715942383 -0.9561900496482849 2.0
vertex 5.092106342315674 -1.014209508895874 2.0
endloop
endfacet
facet normal 0.0 0.0 1.0
outer loop
vertex 7.25 -3.5 2.0
vertex 5.279552459716797 -0.8889620304107666 2.0
vertex 5.188905715942383 -0.9561900496482849 2.0
endloop
endfacet
facet normal 1.0 0.0 -0.0
outer loop
vertex 7.25 -3.5 0.0
vertex 7.25 3.5 0.0
vertex 7.25 -3.5 2.0
endloop
endfacet
facet normal -0.5956992417404677 -0.8032075780206706 0.0
outer loop
vertex 3.8204476833343506 -0.8889620304107666 2.0
vertex 3.9110941886901855 -0.9561900496482849 2.0
vertex 3.8204476833343506 -0.8889620304107666 4.0
endloop
endfacet
facet normal -0.4275550598291976 -0.9039893090155718 0.0
outer loop
vertex 4.0078935623168945 -1.014209508895874 2.0
vertex 4.1099138259887695 -1.062461495399475 2.0
vertex 4.0078935623168945 -1.014209508895874 4.0
endloop
endfacet
facet normal -0.5141037057419992 -0.8577280336693817 -0.0
outer loop
vertex 4.0078935623168945 -1.014209508895874 2.0
vertex 3.9110941886901855 -0.9561900496482849 4.0
vertex 3.9110941886901855 -0.9561900496482849 2.0
endloop
endfacet
facet normal -0.24298098580936248 -0.9700310513252195 0.0
outer loop
vertex 4.216172695159912 -1.100481390953064 2.0
vertex 4.325645923614502 -1.1279031038284302 2.0
vertex 4.216172695159912 -1.100481390953064 4.0
endloop
endfacet
facet normal -0.14673034469632024 -0.9891765292127078 0.0
outer loop
vertex 4.325645923614502 -1.1279031038284302 2.0
vertex 4.437280178070068 -1.1444624662399292 2.0
vertex 4.325645923614502 -1.1279031038284302 4.0
endloop
endfacet
facet normal -0.04906706254441527 -0.9987954862599562 0.0
outer loop
vertex 4.437280178070068 -1.1444624662399292 2.0
vertex 4.550000190734863 -1.149999976158142 2.0
vertex 4.437280178070068 -1.1444624662399292 4.0
endloop
endfacet
facet normal -0.3368887868431078 -0.9415444467997138 -0.0
outer loop
vertex 4.216172695159912 -1.100481390953064 2.0
vertex 4.1099138259887695 -1.062461495399475 4.0
vertex 4.1099138259887695 -1.062461495399475 2.0
endloop
endfacet
facet normal 0.04906726961294222 -0.9987954760874375 0.0
outer loop
vertex 4.550000190734863 -1.149999976158142 2.0
vertex 4.6627197265625 -1.1444624662399292 2.0
vertex 4.550000190734863 -1.149999976158142 4.0
endloop
endfacet
facet normal 0.14673034469632024 -0.9891765292127078 0.0
outer loop
vertex 4.6627197265625 -1.1444624662399292 2.0
vertex 4.774353981018066 -1.1279031038284302 2.0
vertex 4.6627197265625 -1.1444624662399292 4.0
endloop
endfacet
facet normal 0.24298098580936248 -0.9700310513252195 0.0
outer loop
vertex 4.774353981018066 -1.1279031038284302 2.0
vertex 4.883827209472656 -1.100481390953064 2.0
vertex 4.774353981018066 -1.1279031038284302 4.0
endloop
endfacet
facet normal 0.3368887868431078 -0.9415444467997138 0.0
outer loop
vertex 4.883827209472656 -1.100481390953064 2.0
vertex 4.990086078643799 -1.062461495399475 2.0
vertex 4.883827209472656 -1.100481390953064 4.0
endloop
endfacet
facet normal 0.4275550598291976 -0.9039893090155718 0.0
outer loop
vertex 4.990086078643799 -1.062461495399475 2.0
vertex 5.092106342315674 -1.014209508895874 2.0
vertex 4.990086078643799 -1.062461495399475 4.0
endloop
endfacet
facet normal 0.5141037057419992 -0.8577280336693817 0.0
outer loop
vertex 5.092106342315674 -1.014209508895874 2.0
vertex 5.188905715942383 -0.9561900496482849 2.0
vertex 5.092106342315674 -1.014209508895874 4.0
endloop
endfacet
facet normal 0.5956982309267262 -0.8032083276901258 0.0
outer loop
vertex 5.188905715942383 -0.9561900496482849 2.0
vertex 5.279552459716797 -0.8889620304107666 2.0
vertex 5.188905715942383 -0.9561900496482849 4.0
endloop
endfacet
facet normal -0.6715587894661638 -0.7409512752473949 -0.0
outer loop
vertex 3.8204476833343506 -0.8889620304107666 2.0
vertex 3.7368271350860596 -0.8131728172302246 4.0
vertex 3.7368271350860596 -0.8131728172302246 2.0
endloop
endfacet
facet normal -0.7409512752473949 -0.6715587894661638 -0.0
outer loop
vertex 3.7368271350860596 -0.8131728172302246 2.0
vertex 3.6610379219055176 -0.7295522689819336 4.0
vertex 3.6610379219055176 -0.7295522689819336 2.0
endloop
endfacet
facet normal 0.6715587894661638 -0.7409512752473949 0.0
outer loop
vertex 5.279552459716797 -0.8889620304107666 2.0
vertex 5.363173007965088 -0.8131728172302246 2.0
vertex 5.279552459716797 -0.8889620304107666 4.0
endloop
endfacet
facet normal 0.7409523264602499 -0.6715576296291653 0.0
outer loop
vertex 5.363173007965088 -0.8131728172302246 2.0
vertex 5.438961982727051 -0.7295522689819336 2.0
vertex 5.363173007965088 -0.8131728172302246 4.0
endloop
endfacet
facet normal 0.0 0.0 1.0
outer loop
vertex 7.25 -3.5 2.0
vertex 5.363173007965088 -0.8131728172302246 2.0
vertex 5.279552459716797 -0.8889620304107666 2.0
endloop
endfacet
facet normal 0.0 0.0 1.0
outer loop
vertex 7.25 -3.5 2.0
vertex 5.438961982727051 -0.7295522689819336 2.0
vertex 5.363173007965088 -0.8131728172302246 2.0
endloop
endfacet
facet normal 0.0 0.0 1.0
outer loop
vertex 7.25 -3.5 2.0
vertex 5.506189823150635 -0.6389057636260986 2.0
vertex 5.438961982727051 -0.7295522689819336 2.0
endloop
endfacet
facet normal 0.0 0.0 0.9999999999999999
outer loop
vertex 7.25 -3.5 2.0
vertex 5.564209461212158 -0.5421062707901001 2.0
vertex 5.506189823150635 -0.6389057636260986 2.0
endloop
endfacet
facet normal 0.0 0.0 1.0
outer loop
vertex 7.25 -3.5 2.0
vertex 5.612461566925049 -0.4400859475135803 2.0
vertex 5.564209461212158 -0.5421062707901001 2.0
endloop
endfacet
facet normal 0.0 0.0 1.0
outer loop
vertex 7.25 -3.5 2.0
vertex 5.650481224060059 -0.3338273763656616 2.0
vertex 5.612461566925049 -0.4400859475135803 2.0
endloop
endfacet
facet normal 0.0 0.0 1.0
outer loop
vertex 7.25 -3.5 2.0
vertex 5.658954620361328 -0.30000001192092896 2.0
vertex 5.650481224060059 -0.3338273763656616 2.0
endloop
endfacet
facet normal 0.0 0.0 1.0
outer loop
vertex 7.25 -3.5 2.0
vertex 6.550000190734863 -0.30000001192092896 2.0
vertex 5.658954620361328 -0.30000001192092896 2.0
endloop
endfacet
facet normal 0.0 0.0 1.0
outer loop
vertex 7.25 -3.5 2.0
vertex 6.550000190734863 0.30000001192092896 2.0
vertex 6.550000190734863 -0.30000001192092896 2.0
endloop
endfacet
facet normal 0.8032083361319745 -0.5956982195441791 0.0
outer loop
vertex 5.438961982727051 -0.7295522689819336 2.0
vertex 5.506189823150635 -0.6389057636260986 2.0
vertex 5.438961982727051 -0.7295522689819336 4.0
endloop
endfacet
facet normal 0.8577276141718831 -0.5141044056288658 0.0
outer loop
vertex 5.506189823150635 -0.6389057636260986 2.0
vertex 5.564209461212158 -0.5421062707901001 2.0
vertex 5.506189823150635 -0.6389057636260986 4.0
endloop
endfacet
facet normal 0.9039889972979884 -0.42755571890009525 0.0
outer loop
vertex 5.564209461212158 -0.5421062707901001 2.0
vertex 5.612461566925049 -0.4400859475135803 2.0
vertex 5.564209461212158 -0.5421062707901001 4.0
endloop
endfacet
facet normal 0.9415448171973642 -0.336887751645533 0.0
outer loop
vertex 5.612461566925049 -0.4400859475135803 2.0
vertex 5.650481224060059 -0.3338273763656616 2.0
vertex 5.612461566925049 -0.4400859475135803 4.0
endloop
endfacet
facet normal 0.9700306948404719 -0.24298240896680431 0.0
outer loop
vertex 5.650481224060059 -0.3338273763656616 2.0
vertex 5.658954620361328 -0.30000001192092896 2.0
vertex 5.658954620361328 -0.30000001192092896 4.0
endloop
endfacet
facet normal 0.0 -0.0 -1.0
outer loop
vertex 3.39048433303833 -0.9515899419784546 4.0
vertex 3.7368271350860596 -0.8131728172302246 4.0
vertex 3.489339828491211 -1.0606601238250732 4.0
endloop
endfacet
facet normal -0.8577285457449816 -0.5141028513966821 0.0
outer loop
vertex 3.5938098430633545 -0.6389057636260986 2.0
vertex 3.5938098430633545 -0.6389057636260986 4.0
vertex 3.53579044342041 -0.5421062707901001 4.0
endloop
endfacet
facet normal -0.9039898138275726 -0.4275539924921653 0.0
outer loop
vertex 3.53579044342041 -0.5421062707901001 2.0
vertex 3.53579044342041 -0.5421062707901001 4.0
vertex 3.4875385761260986 -0.4400859475135803 4.0
endloop
endfacet
facet normal -0.9415441470902363 -0.33688962447680026 0.0
outer loop
vertex 3.4875385761260986 -0.4400859475135803 2.0
vertex 3.4875385761260986 -0.4400859475135803 4.0
vertex 3.4495186805725098 -0.3338273763656616 4.0
endloop
endfacet
facet normal -0.9700306948404719 -0.24298240896680431 -0.0
outer loop
vertex 3.4495186805725098 -0.3338273763656616 4.0
vertex 3.4410452842712402 -0.30000001192092896 4.0
vertex 3.4410452842712402 -0.30000001192092896 2.0
endloop
endfacet
facet normal 0.0 0.0 -0.9999999999999999
outer loop
vertex 3.302795648574829 -0.8333553671836853 4.0
vertex 3.2271180152893066 -0.7070950865745544 4.0
vertex 3.5938098430633545 -0.6389057636260986 4.0
endloop
endfacet
facet normal 0.0 0.0 -1.0
outer loop
vertex 3.39048433303833 -0.9515899419784546 4.0
vertex 3.302795648574829 -0.8333553671836853 4.0
vertex 3.6610379219055176 -0.7295522689819336 4.0
endloop
endfacet
facet normal 0.0 0.0 -1.0
outer loop
vertex 3.39048433303833 -0.9515899419784546 4.0
vertex 3.6610379219055176 -0.7295522689819336 4.0
vertex 3.7368271350860596 -0.8131728172302246 4.0
endloop
endfacet
facet normal 0.0 0.0 -1.0
outer loop
vertex 3.302795648574829 -0.8333553671836853 4.0
vertex 3.5938098430633545 -0.6389057636260986 4.0
vertex 3.6610379219055176 -0.7295522689819336 4.0
endloop
endfacet
facet normal 0.0 -0.0 -1.0
outer loop
vertex 3.1641807556152344 -0.5740251541137695 4.0
vertex 3.53579044342041 -0.5421062707901001 4.0
vertex 3.2271180152893066 -0.7070950865745544 4.0
endloop
endfacet
facet normal 0.0 0.0 -1.0
outer loop
vertex 3.1641807556152344 -0.5740251541137695 4.0
vertex 3.1145894527435303 -0.4354270100593567 4.0
vertex 3.4875385761260986 -0.4400859475135803 4.0
endloop
endfacet
facet normal 0.0 0.0 -1.0
outer loop
vertex 3.1641807556152344 -0.5740251541137695 4.0
vertex 3.4875385761260986 -0.4400859475135803 4.0
vertex 3.53579044342041 -0.5421062707901001 4.0
endloop
endfacet
facet normal 0.0 0.0 -1.0
outer loop
vertex 3.2271180152893066 -0.7070950865745544 4.0
vertex 3.53579044342041 -0.5421062707901001 4.0
vertex 3.5938098430633545 -0.6389057636260986 4.0
endloop
endfacet
facet normal 0.0 0.0 -1.0
outer loop
vertex 3.1145894527435303 -0.4354270100593567 4.0
vertex 3.0806667804718018 -0.30000001192092896 4.0
vertex 3.4410452842712402 -0.30000001192092896 4.0
endloop
endfacet
facet normal 0.0 0.0 -1.0
outer loop
vertex 3.4875385761260986 -0.4400859475135803 4.0
vertex 3.1145894527435303 -0.4354270100593567 4.0
vertex 3.4495186805725098 -0.3338273763656616 4.0
endloop
endfacet
facet normal 0.0 0.0 -1.0
outer loop
vertex 3.1145894527435303 -0.4354270100593567 4.0
vertex 3.4410452842712402 -0.30000001192092896 4.0
vertex 3.4495186805725098 -0.3338273763656616 4.0
endloop
endfacet
facet normal -0.7483135938805573 -0.35392523393350406 0.5610380504018233
outer loop
vertex 3.1641807556152344 -0.5740251541137695 4.0
vertex 3.2271180152893066 -0.7070950865745544 4.0
vertex 3.8257360458374023 -0.30000001192092896 5.0552496910095215
endloop
endfacet
facet normal -0.6648873057228867 -0.49311373814743786 0.5610380663901698
outer loop
vertex 3.39048433303833 -0.9515899419784546 4.0
vertex 4.092691898345947 -0.30556362867355347 5.400000095367432
vertex 3.302795648574829 -0.8333553671836853 4.0
endloop
endfacet
facet normal -0.7100188624775173 -0.4255696790879106 0.561038022924601
outer loop
vertex 3.302795648574829 -0.8333553671836853 4.0
vertex 3.988739490509033 -0.30000001192092896 5.2726640701293945
vertex 3.2271180152893066 -0.7070950865745544 4.0
endloop
endfacet
facet normal -0.7794007345409161 -0.27887457042623065 0.5610378498520985
outer loop
vertex 3.1641807556152344 -0.5740251541137695 4.0
vertex 3.561032295227051 -0.30000001192092896 4.687520503997803
vertex 3.1145894527435303 -0.4354270100593567 4.0
endloop
endfacet
facet normal -0.8029823472910852 -0.20113646009709163 0.5610378546573398
outer loop
vertex 3.1145894527435303 -0.4354270100593567 4.0
vertex 3.561032295227051 -0.30000001192092896 4.687520503997803
vertex 3.0806667804718018 -0.30000001192092896 4.0
endloop
endfacet
facet normal -0.7793999188739965 -0.278876361271742 0.5610380928092497
outer loop
vertex 3.1641807556152344 -0.5740251541137695 4.0
vertex 3.8257360458374023 -0.30000001192092896 5.0552496910095215
vertex 3.561032295227051 -0.30000001192092896 4.687520503997803
endloop
endfacet
facet normal -0.4275550598291976 -0.9039893090155718 0.0
outer loop
vertex 4.1099138259887695 -1.062461495399475 2.0
vertex 4.1099138259887695 -1.062461495399475 4.0
vertex 4.0078935623168945 -1.014209508895874 4.0
endloop
endfacet
facet normal -0.5141037057419992 -0.8577280336693817 0.0
outer loop
vertex 4.0078935623168945 -1.014209508895874 2.0
vertex 4.0078935623168945 -1.014209508895874 4.0
vertex 3.9110941886901855 -0.9561900496482849 4.0
endloop
endfacet
facet normal -0.5956992417404677 -0.8032075780206706 0.0
outer loop
vertex 3.9110941886901855 -0.9561900496482849 2.0
vertex 3.9110941886901855 -0.9561900496482849 4.0
vertex 3.8204476833343506 -0.8889620304107666 4.0
endloop
endfacet
facet normal -0.24298098580936248 -0.9700310513252195 0.0
outer loop
vertex 4.325645923614502 -1.1279031038284302 2.0
vertex 4.325645923614502 -1.1279031038284302 4.0
vertex 4.216172695159912 -1.100481390953064 4.0
endloop
endfacet
facet normal -0.14673034469632024 -0.9891765292127078 0.0
outer loop
vertex 4.437280178070068 -1.1444624662399292 2.0
vertex 4.437280178070068 -1.1444624662399292 4.0
vertex 4.325645923614502 -1.1279031038284302 4.0
endloop
endfacet
facet normal -0.04906706254441527 -0.9987954862599562 0.0
outer loop
vertex 4.550000190734863 -1.149999976158142 2.0
vertex 4.550000190734863 -1.149999976158142 4.0
vertex 4.437280178070068 -1.1444624662399292 4.0
endloop
endfacet
facet normal -0.3368887868431078 -0.9415444467997138 0.0
outer loop
vertex 4.216172695159912 -1.100481390953064 2.0
vertex 4.216172695159912 -1.100481390953064 4.0
vertex 4.1099138259887695 -1.062461495399475 4.0
endloop
endfacet
facet normal 0.04906726961294222 -0.9987954760874375 0.0
outer loop
vertex 4.6627197265625 -1.1444624662399292 2.0
vertex 4.6627197265625 -1.1444624662399292 4.0
vertex 4.550000190734863 -1.149999976158142 4.0
endloop
endfacet
facet normal 0.14673034469632024 -0.9891765292127078 0.0
outer loop
vertex 4.774353981018066 -1.1279031038284302 2.0
vertex 4.774353981018066 -1.1279031038284302 4.0
vertex 4.6627197265625 -1.1444624662399292 4.0
endloop
endfacet
facet normal 0.24298098580936248 -0.9700310513252195 0.0
outer loop
vertex 4.883827209472656 -1.100481390953064 2.0
vertex 4.883827209472656 -1.100481390953064 4.0
vertex 4.774353981018066 -1.1279031038284302 4.0
endloop
endfacet
facet normal 0.3368887868431078 -0.9415444467997138 0.0
outer loop
vertex 4.990086078643799 -1.062461495399475 2.0
vertex 4.990086078643799 -1.062461495399475 4.0
vertex 4.883827209472656 -1.100481390953064 4.0
endloop
endfacet
facet normal 0.4275550598291976 -0.9039893090155718 0.0
outer loop
vertex 5.092106342315674 -1.014209508895874 2.0
vertex 5.092106342315674 -1.014209508895874 4.0
vertex 4.990086078643799 -1.062461495399475 4.0
endloop
endfacet
facet normal 0.5141037057419992 -0.8577280336693817 0.0
outer loop
vertex 5.188905715942383 -0.9561900496482849 2.0
vertex 5.188905715942383 -0.9561900496482849 4.0
vertex 5.092106342315674 -1.014209508895874 4.0
endloop
endfacet
facet normal 0.5956982309267262 -0.8032083276901258 0.0
outer loop
vertex 5.279552459716797 -0.8889620304107666 2.0
vertex 5.279552459716797 -0.8889620304107666 4.0
vertex 5.188905715942383 -0.9561900496482849 4.0
endloop
endfacet
facet normal 0.0 -0.0 -1.0
outer loop
vertex 4.114573001861572 -1.435410499572754 4.0
vertex 4.325645923614502 -1.1279031038284302 4.0
vertex 4.257364749908447 -1.4711779356002808 4.0
endloop
endfacet
facet normal 0.0 -0.0 -1.0
outer loop
vertex 4.257364749908447 -1.4711779356002808 4.0
vertex 4.437280178070068 -1.1444624662399292 4.0
vertex 4.4029741287231445 -1.4927771091461182 4.0
endloop
endfacet
facet normal 0.0 0.0 -1.0
outer loop
vertex 4.4029741287231445 -1.4927771091461182 4.0
vertex 4.550000190734863 -1.149999976158142 4.0
vertex 4.550000190734863 -1.5 4.0
endloop
endfacet
facet normal 0.0 -0.0 -0.9999999999999999
outer loop
vertex 3.598410129547119 -1.1595157384872437 4.0
vertex 3.9110941886901855 -0.9561900496482849 4.0
vertex 3.716644763946533 -1.2472044229507446 4.0
endloop
endfacet
facet normal 0.0 -0.0 -1.0
outer loop
vertex 3.842904806137085 -1.3228819370269775 4.0
vertex 4.1099138259887695 -1.062461495399475 4.0
vertex 3.9759747982025146 -1.3858193159103394 4.0
endloop
endfacet
facet normal 0.0 0.0 -1.0
outer loop
vertex 3.842904806137085 -1.3228819370269775 4.0
vertex 3.716644763946533 -1.2472044229507446 4.0
vertex 4.0078935623168945 -1.014209508895874 4.0
endloop
endfacet
facet normal 0.0 0.0 -1.0
outer loop
vertex 3.842904806137085 -1.3228819370269775 4.0
vertex 4.0078935623168945 -1.014209508895874 4.0
vertex 4.1099138259887695 -1.062461495399475 4.0
endloop
endfacet
facet normal 0.0 0.0 -0.9999999999999999
outer loop
vertex 3.598410129547119 -1.1595157384872437 4.0
vertex 3.489339828491211 -1.0606601238250732 4.0
vertex 3.8204476833343506 -0.8889620304107666 4.0
endloop
endfacet
facet normal 0.0 0.0 -0.9999999999999999
outer loop
vertex 3.598410129547119 -1.1595157384872437 4.0
vertex 3.8204476833343506 -0.8889620304107666 4.0
vertex 3.9110941886901855 -0.9561900496482849 4.0
endloop
endfacet
facet normal 0.0 0.0 -1.0
outer loop
vertex 3.489339828491211 -1.0606601238250732 4.0
vertex 3.7368271350860596 -0.8131728172302246 4.0
vertex 3.8204476833343506 -0.8889620304107666 4.0
endloop
endfacet
facet normal 0.0 0.0 -0.9999999999999999
outer loop
vertex 3.716644763946533 -1.2472044229507446 4.0
vertex 3.9110941886901855 -0.9561900496482849 4.0
vertex 4.0078935623168945 -1.014209508895874 4.0
endloop
endfacet
facet normal 0.0 -0.0 -1.0
outer loop
vertex 3.9759747982025146 -1.3858193159103394 4.0
vertex 4.216172695159912 -1.100481390953064 4.0
vertex 4.114573001861572 -1.435410499572754 4.0
endloop
endfacet
facet normal 0.0 0.0 -1.0
outer loop
vertex 4.114573001861572 -1.435410499572754 4.0
vertex 4.216172695159912 -1.100481390953064 4.0
vertex 4.325645923614502 -1.1279031038284302 4.0
endloop
endfacet
facet normal 0.0 0.0 -1.0
outer loop
vertex 3.9759747982025146 -1.3858193159103394 4.0
vertex 4.1099138259887695 -1.062461495399475 4.0
vertex 4.216172695159912 -1.100481390953064 4.0
endloop
endfacet
facet normal 0.0 0.0 -1.0
outer loop
vertex 4.257364749908447 -1.4711779356002808 4.0
vertex 4.325645923614502 -1.1279031038284302 4.0
vertex 4.437280178070068 -1.1444624662399292 4.0
endloop
endfacet
facet normal 0.0 0.0 -1.0
outer loop
vertex 4.4029741287231445 -1.4927771091461182 4.0
vertex 4.437280178070068 -1.1444624662399292 4.0
vertex 4.550000190734863 -1.149999976158142 4.0
endloop
endfacet
facet normal 0.0 0.0 -1.0
outer loop
vertex 4.550000190734863 -1.5 4.0
vertex 4.6627197265625 -1.1444624662399292 4.0
vertex 4.697025775909424 -1.4927771091461182 4.0
endloop
endfacet
facet normal 0.0 0.0 -1.0
outer loop
vertex 4.697025775909424 -1.4927771091461182 4.0
vertex 4.774353981018066 -1.1279031038284302 4.0
vertex 4.842635631561279 -1.4711779356002808 4.0
endloop
endfacet
facet normal 0.0 0.0 -1.0
outer loop
vertex 4.842635631561279 -1.4711779356002808 4.0
vertex 4.883827209472656 -1.100481390953064 4.0
vertex 4.985426902770996 -1.435410499572754 4.0
endloop
endfacet
facet normal 0.0 0.0 -1.0
outer loop
vertex 4.550000190734863 -1.5 4.0
vertex 4.550000190734863 -1.149999976158142 4.0
vertex 4.6627197265625 -1.1444624662399292 4.0
endloop
endfacet
facet normal 0.0 0.0 -1.0
outer loop
vertex 4.697025775909424 -1.4927771091461182 4.0
vertex 4.6627197265625 -1.1444624662399292 4.0
vertex 4.774353981018066 -1.1279031038284302 4.0
endloop
endfacet
facet normal 0.0 0.0 -1.0
outer loop
vertex 4.842635631561279 -1.4711779356002808 4.0
vertex 4.774353981018066 -1.1279031038284302 4.0
vertex 4.883827209472656 -1.100481390953064 4.0
endloop
endfacet
facet normal 0.0 0.0 -1.0
outer loop
vertex 4.985426902770996 -1.435410499572754 4.0
vertex 4.883827209472656 -1.100481390953064 4.0
vertex 4.990086078643799 -1.062461495399475 4.0
endloop
endfacet
facet normal 0.0 0.0 -1.0
outer loop
vertex 4.985426902770996 -1.435410499572754 4.0
vertex 4.990086078643799 -1.062461495399475 4.0
vertex 5.124025344848633 -1.3858193159103394 4.0
endloop
endfacet
facet normal 0.0 0.0 -1.0
outer loop
vertex 5.124025344848633 -1.3858193159103394 4.0
vertex 5.092106342315674 -1.014209508895874 4.0
vertex 5.2570953369140625 -1.3228819370269775 4.0
endloop
endfacet
facet normal 0.0 0.0 -1.0
outer loop
vertex 5.124025344848633 -1.3858193159103394 4.0
vertex 4.990086078643799 -1.062461495399475 4.0
vertex 5.092106342315674 -1.014209508895874 4.0
endloop
endfacet
facet normal 0.0 0.0 -1.0
outer loop
vertex 5.2570953369140625 -1.3228819370269775 4.0
vertex 5.092106342315674 -1.014209508895874 4.0
vertex 5.188905715942383 -0.9561900496482849 4.0
endloop
endfacet
facet normal 0.0 0.0 -1.0
outer loop
vertex 5.2570953369140625 -1.3228819370269775 4.0
vertex 5.188905715942383 -0.9561900496482849 4.0
vertex 5.383355140686035 -1.2472044229507446 4.0
endloop
endfacet
facet normal 0.0 0.0 -1.0
outer loop
vertex 5.383355140686035 -1.2472044229507446 4.0
vertex 5.279552459716797 -0.8889620304107666 4.0
vertex 5.501589775085449 -1.1595157384872437 4.0
endloop
endfacet
facet normal 0.0 0.0 -0.9999999999999999
outer loop
vertex 5.383355140686035 -1.2472044229507446 4.0
vertex 5.188905715942383 -0.9561900496482849 4.0
vertex 5.279552459716797 -0.8889620304107666 4.0
endloop
endfacet
facet normal 0.0 0.0 -1.0
outer loop
vertex 5.279552459716797 -0.8889620304107666 4.0
vertex 5.363173007965088 -0.8131728172302246 4.0
vertex 5.501589775085449 -1.1595157384872437 4.0
endloop
endfacet
facet normal -0.7409512752473949 -0.6715587894661638 0.0
outer loop
vertex 3.7368271350860596 -0.8131728172302246 2.0
vertex 3.7368271350860596 -0.8131728172302246 4.0
vertex 3.6610379219055176 -0.7295522689819336 4.0
endloop
endfacet
facet normal -0.6715587894661638 -0.7409512752473949 0.0
outer loop
vertex 3.8204476833343506 -0.8889620304107666 2.0
vertex 3.8204476833343506 -0.8889620304107666 4.0
vertex 3.7368271350860596 -0.8131728172302246 4.0
endloop
endfacet
facet normal -0.8032073253169317 -0.5956995824719208 0.0
outer loop
vertex 3.6610379219055176 -0.7295522689819336 2.0
vertex 3.6610379219055176 -0.7295522689819336 4.0
vertex 3.5938098430633545 -0.6389057636260986 4.0
endloop
endfacet
facet normal 0.6715587894661638 -0.7409512752473949 0.0
outer loop
vertex 5.363173007965088 -0.8131728172302246 2.0
vertex 5.363173007965088 -0.8131728172302246 4.0
vertex 5.279552459716797 -0.8889620304107666 4.0
endloop
endfacet
facet normal 0.7409523264602499 -0.6715576296291653 0.0
outer loop
vertex 5.438961982727051 -0.7295522689819336 2.0
vertex 5.438961982727051 -0.7295522689819336 4.0
vertex 5.363173007965088 -0.8131728172302246 4.0
endloop
endfacet
facet normal 0.0 -0.0 -1.0
outer loop
vertex 5.363173007965088 -0.8131728172302246 4.0
vertex 5.610660076141357 -1.0606601238250732 4.0
vertex 5.501589775085449 -1.1595157384872437 4.0
endloop
endfacet
facet normal 0.0 0.0 -1.0
outer loop
vertex 5.610660076141357 -1.0606601238250732 4.0
vertex 5.438961982727051 -0.7295522689819336 4.0
vertex 5.709515571594238 -0.9515899419784546 4.0
endloop
endfacet
facet normal 0.8032083361319745 -0.5956982195441791 0.0
outer loop
vertex 5.506189823150635 -0.6389057636260986 2.0
vertex 5.506189823150635 -0.6389057636260986 4.0
vertex 5.438961982727051 -0.7295522689819336 4.0
endloop
endfacet
facet normal 0.8577276141718831 -0.5141044056288658 0.0
outer loop
vertex 5.564209461212158 -0.5421062707901001 2.0
vertex 5.564209461212158 -0.5421062707901001 4.0
vertex 5.506189823150635 -0.6389057636260986 4.0
endloop
endfacet
facet normal 0.9039889972979884 -0.42755571890009525 0.0
outer loop
vertex 5.612461566925049 -0.4400859475135803 2.0
vertex 5.612461566925049 -0.4400859475135803 4.0
vertex 5.564209461212158 -0.5421062707901001 4.0
endloop
endfacet
facet normal 0.9415448171973642 -0.336887751645533 0.0
outer loop
vertex 5.650481224060059 -0.3338273763656616 2.0
vertex 5.650481224060059 -0.3338273763656616 4.0
vertex 5.612461566925049 -0.4400859475135803 4.0
endloop
endfacet
facet normal 0.9700306948404719 -0.24298240896680431 0.0
outer loop
vertex 5.650481224060059 -0.3338273763656616 2.0
vertex 5.658954620361328 -0.30000001192092896 4.0
vertex 5.650481224060059 -0.3338273763656616 4.0
endloop
endfacet
facet normal 0.0 0.0 -1.0
outer loop
vertex 5.363173007965088 -0.8131728172302246 4.0
vertex 5.438961982727051 -0.7295522689819336 4.0
vertex 5.610660076141357 -1.0606601238250732 4.0
endloop
endfacet
facet normal 0.0 0.0 -1.0
outer loop
vertex 5.709515571594238 -0.9515899419784546 4.0
vertex 5.438961982727051 -0.7295522689819336 4.0
vertex 5.506189823150635 -0.6389057636260986 4.0
endloop
endfacet
facet normal 0.0 0.0 -1.0
outer loop
vertex 5.797204494476318 -0.8333553671836853 4.0
vertex 5.506189823150635 -0.6389057636260986 4.0
vertex 5.564209461212158 -0.5421062707901001 4.0
endloop
endfacet
facet normal 0.0 0.0 -1.0
outer loop
vertex 5.709515571594238 -0.9515899419784546 4.0
vertex 5.506189823150635 -0.6389057636260986 4.0
vertex 5.797204494476318 -0.8333553671836853 4.0
endloop
endfacet
facet normal 0.0 0.0 -1.0
outer loop
vertex 5.797204494476318 -0.8333553671836853 4.0
vertex 5.564209461212158 -0.5421062707901001 4.0
vertex 5.872881889343262 -0.7070950865745544 4.0
endloop
endfacet
facet normal 0.0 0.0 -0.9999999999999999
outer loop
vertex 5.872881889343262 -0.7070950865745544 4.0
vertex 5.564209461212158 -0.5421062707901001 4.0
vertex 5.612461566925049 -0.4400859475135803 4.0
endloop
endfacet
facet normal 0.0 0.0 -1.0
outer loop
vertex 5.872881889343262 -0.7070950865745544 4.0
vertex 5.612461566925049 -0.4400859475135803 4.0
vertex 5.935819149017334 -0.5740251541137695 4.0
endloop
endfacet
facet normal 0.0 0.0 -0.9999999999999999
outer loop
vertex 5.612461566925049 -0.4400859475135803 4.0
vertex 5.650481224060059 -0.3338273763656616 4.0
vertex 5.935819149017334 -0.5740251541137695 4.0
endloop
endfacet
facet normal 0.0 0.0 -1.0
outer loop
vertex 5.935819149017334 -0.5740251541137695 4.0
vertex 5.650481224060059 -0.3338273763656616 4.0
vertex 5.985410690307617 -0.4354270100593567 4.0
endloop
endfacet
facet normal 0.0 -0.0 -0.9999999999999999
outer loop
vertex 5.650481224060059 -0.3338273763656616 4.0
vertex 6.0193328857421875 -0.30000001192092896 4.0
vertex 5.985410690307617 -0.4354270100593567 4.0
endloop
endfacet
facet normal 0.0 0.0 -1.0
outer loop
vertex 5.650481224060059 -0.3338273763656616 4.0
vertex 5.658954620361328 -0.30000001192092896 4.0
vertex 6.0193328857421875 -0.30000001192092896 4.0
endloop
endfacet
facet normal -0.49311360344658733 -0.6648874592839016 0.5610380027974219
outer loop
vertex 3.598410129547119 -1.1595157384872437 4.0
vertex 3.716644763946533 -1.2472044229507446 4.0
vertex 4.201083660125732 -0.42515575885772705 5.400000095367432
endloop
endfacet
facet normal -0.4255697888550927 -0.7100188233157528 0.5610379892227846
outer loop
vertex 3.842904806137085 -1.3228819370269775 4.0
vertex 4.244436264038086 -0.457308292388916 5.400000095367432
vertex 3.716644763946533 -1.2472044229507446 4.0
endloop
endfacet
facet normal -0.35392564875751464 -0.74831338876054 0.5610380623035209
outer loop
vertex 3.842904806137085 -1.3228819370269775 4.0
vertex 3.9759747982025146 -1.3858193159103394 4.0
vertex 4.290731906890869 -0.48505669832229614 5.400000095367432
endloop
endfacet
facet normal -0.27887382685467194 -0.7794008651356052 0.5610380380342318
outer loop
vertex 3.9759747982025146 -1.3858193159103394 4.0
vertex 4.114573001861572 -1.435410499572754 4.0
vertex 4.339524269104004 -0.5081337690353394 5.400000095367432
endloop
endfacet
facet normal -0.20113639180622037 -0.8029822702345165 0.5610379894269162
outer loop
vertex 4.114573001861572 -1.435410499572754 4.0
vertex 4.257364749908447 -1.4711779356002808 4.0
vertex 4.390343189239502 -0.5263171792030334 5.400000095367432
endloop
endfacet
facet normal -0.12146236934441805 -0.8188304108983142 0.5610380121001944
outer loop
vertex 4.257364749908447 -1.4711779356002808 4.0
vertex 4.4029741287231445 -1.4927771091461182 4.0
vertex 4.442700386047363 -0.5394319295883179 5.400000095367432
endloop
endfacet
facet normal -0.04061752749094344 -0.8267929332528494 0.5610380218698834
outer loop
vertex 4.4029741287231445 -1.4927771091461182 4.0
vertex 4.550000190734863 -1.5 4.0
vertex 4.496090412139893 -0.547351598739624 5.400000095367432
endloop
endfacet
facet normal 0.040617659125687273 -0.8267929312770282 0.5610380152516303
outer loop
vertex 4.550000190734863 -1.5 4.0
vertex 4.697025775909424 -1.4927771091461182 4.0
vertex 4.550000190734863 -0.550000011920929 5.400000095367432
endloop
endfacet
facet normal 0.12146197861666552 -0.818830458305655 0.5610380275003429
outer loop
vertex 4.697025775909424 -1.4927771091461182 4.0
vertex 4.842635631561279 -1.4711779356002808 4.0
vertex 4.603909492492676 -0.547351598739624 5.400000095367432
endloop
endfacet
facet normal 0.20113701647855498 -0.8029820825904057 0.5610380340412587
outer loop
vertex 4.842635631561279 -1.4711779356002808 4.0
vertex 4.985426902770996 -1.435410499572754 4.0
vertex 4.657299518585205 -0.5394319295883179 5.400000095367432
endloop
endfacet
facet normal 0.2788734102761063 -0.7794010416097423 0.5610379999417359
outer loop
vertex 4.985426902770996 -1.435410499572754 4.0
vertex 5.124025344848633 -1.3858193159103394 4.0
vertex 4.709656715393066 -0.5263171792030334 5.400000095367432
endloop
endfacet
facet normal 0.35392566250389484 -0.7483134178248375 0.5610380148657391
outer loop
vertex 5.124025344848633 -1.3858193159103394 4.0
vertex 5.2570953369140625 -1.3228819370269775 4.0
vertex 4.760476112365723 -0.5081337690353394 5.400000095367432
endloop
endfacet
facet normal 0.4255703449786302 -0.7100184104098054 0.5610380899314261
outer loop
vertex 5.2570953369140625 -1.3228819370269775 4.0
vertex 5.383355140686035 -1.2472044229507446 4.0
vertex 4.809267997741699 -0.48505669832229614 5.400000095367432
endloop
endfacet
facet normal 0.49311361482801064 -0.6648874746299914 0.5610379746072496
outer loop
vertex 5.383355140686035 -1.2472044229507446 4.0
vertex 5.501589775085449 -1.1595157384872437 4.0
vertex 4.855563640594482 -0.457308292388916 5.400000095367432
endloop
endfacet
facet normal 0.5559099906105215 -0.6133518085248376 0.5610380034531716
outer loop
vertex 5.501589775085449 -1.1595157384872437 4.0
vertex 5.610660076141357 -1.0606601238250732 4.0
vertex 4.898916244506836 -0.42515575885772705 5.400000095367432
endloop
endfacet
facet normal -0.6133518588864827 -0.5559099734740971 0.561037965375361
outer loop
vertex 3.39048433303833 -0.9515899419784546 4.0
vertex 3.489339828491211 -1.0606601238250732 4.0
vertex 4.124844074249268 -0.34891629219055176 5.400000095367432
endloop
endfacet
facet normal -0.5559099828039981 -0.6133517999116712 0.5610380206046396
outer loop
vertex 3.598410129547119 -1.1595157384872437 4.0
vertex 4.161091327667236 -0.3889087438583374 5.400000095367432
vertex 3.489339828491211 -1.0606601238250732 4.0
endloop
endfacet
facet normal 0.6133518300011798 -0.5559099472939726 0.5610380228948981
outer loop
vertex 5.610660076141357 -1.0606601238250732 4.0
vertex 5.709515571594238 -0.9515899419784546 4.0
vertex 4.938908576965332 -0.3889087438583374 5.400000095367432
endloop
endfacet
facet normal -0.5559104784031493 -0.6133513799642458 0.5610379886402853
outer loop
vertex 3.598410129547119 -1.1595157384872437 4.0
vertex 4.201083660125732 -0.42515575885772705 5.400000095367432
vertex 4.161091327667236 -0.3889087438583374 5.400000095367432
endloop
endfacet
facet normal -0.49311448174561023 -0.6648868522235047 0.5610379502610119
outer loop
vertex 3.716644763946533 -1.2472044229507446 4.0
vertex 4.244436264038086 -0.457308292388916 5.400000095367432
vertex 4.201083660125732 -0.42515575885772705 5.400000095367432
endloop
endfacet
facet normal -0.7100179715160146 -0.4255710443455503 0.5610381148718163
outer loop
vertex 3.302795648574829 -0.8333553671836853 4.0
vertex 4.092691898345947 -0.30556362867355347 5.400000095367432
vertex 3.988739490509033 -0.30000001192092896 5.2726640701293945
endloop
endfacet
facet normal -0.6133503428842176 -0.5559115379373102 0.5610380725690435
outer loop
vertex 3.489339828491211 -1.0606601238250732 4.0
vertex 4.161091327667236 -0.3889087438583374 5.400000095367432
vertex 4.124844074249268 -0.34891629219055176 5.400000095367432
endloop
endfacet
facet normal -0.6648898471497983 -0.49311054010580074 0.5610378653831517
outer loop
vertex 3.39048433303833 -0.9515899419784546 4.0
vertex 4.124844074249268 -0.34891629219055176 5.400000095367432
vertex 4.092691898345947 -0.30556362867355347 5.400000095367432
endloop
endfacet
facet normal -0.2788755723668341 -0.779400305506537 0.5610379478372096
outer loop
vertex 4.114573001861572 -1.435410499572754 4.0
vertex 4.390343189239502 -0.5263171792030334 5.400000095367432
vertex 4.339524269104004 -0.5081337690353394 5.400000095367432
endloop
endfacet
facet normal -0.35392586205094867 -0.7483132964542786 0.5610380508675181
outer loop
vertex 3.9759747982025146 -1.3858193159103394 4.0
vertex 4.339524269104004 -0.5081337690353394 5.400000095367432
vertex 4.290731906890869 -0.48505669832229614 5.400000095367432
endloop
endfacet
facet normal -0.4255675775353864 -0.7100200503987082 0.5610381136629479
outer loop
vertex 3.842904806137085 -1.3228819370269775 4.0
vertex 4.290731906890869 -0.48505669832229614 5.400000095367432
vertex 4.244436264038086 -0.457308292388916 5.400000095367432
endloop
endfacet
facet normal -0.20113592764163427 -0.802982370177716 0.5610380127901466
outer loop
vertex 4.257364749908447 -1.4711779356002808 4.0
vertex 4.442700386047363 -0.5394319295883179 5.400000095367432
vertex 4.390343189239502 -0.5263171792030334 5.400000095367432
endloop
endfacet
facet normal -0.12146212764697932 -0.8188304385489176 0.5610380240707898
outer loop
vertex 4.4029741287231445 -1.4927771091461182 4.0
vertex 4.496090412139893 -0.547351598739624 5.400000095367432
vertex 4.442700386047363 -0.5394319295883179 5.400000095367432
endloop
endfacet
facet normal -0.0 -0.0 0.9999999999999999
outer loop
vertex 4.339524269104004 -0.5081337690353394 5.400000095367432
vertex 4.390343189239502 -0.5263171792030334 5.400000095367432
vertex 4.089357376098633 -0.30000001192092896 5.400000095367432
endloop
endfacet
facet normal -0.0 -0.0 1.0
outer loop
vertex 4.390343189239502 -0.5263171792030334 5.400000095367432
vertex 4.442700386047363 -0.5394319295883179 5.400000095367432
vertex 4.089357376098633 -0.30000001192092896 5.400000095367432
endloop
endfacet
facet normal 0.0 0.0 0.9999999999999999
outer loop
vertex 4.496090412139893 -0.547351598739624 5.400000095367432
vertex 4.089357376098633 -0.30000001192092896 5.400000095367432
vertex 4.442700386047363 -0.5394319295883179 5.400000095367432
endloop
endfacet
facet normal -0.0 -0.0 0.9999999999999999
outer loop
vertex 4.496090412139893 -0.547351598739624 5.400000095367432
vertex 4.550000190734863 -0.550000011920929 5.400000095367432
vertex 4.089357376098633 -0.30000001192092896 5.400000095367432
endloop
endfacet
facet normal 0.0 -0.0 1.0
outer loop
vertex 4.550000190734863 -0.550000011920929 5.400000095367432
vertex 4.603909492492676 -0.547351598739624 5.400000095367432
vertex 4.089357376098633 -0.30000001192092896 5.400000095367432
endloop
endfacet
facet normal 0.0 -0.0 1.0
outer loop
vertex 4.603909492492676 -0.547351598739624 5.400000095367432
vertex 4.657299518585205 -0.5394319295883179 5.400000095367432
vertex 4.089357376098633 -0.30000001192092896 5.400000095367432
endloop
endfacet
facet normal 0.0 -0.0 1.0
outer loop
vertex 4.657299518585205 -0.5394319295883179 5.400000095367432
vertex 4.709656715393066 -0.5263171792030334 5.400000095367432
vertex 4.089357376098633 -0.30000001192092896 5.400000095367432
endloop
endfacet
facet normal 0.0 -0.0 1.0
outer loop
vertex 4.709656715393066 -0.5263171792030334 5.400000095367432
vertex 4.760476112365723 -0.5081337690353394 5.400000095367432
vertex 4.089357376098633 -0.30000001192092896 5.400000095367432
endloop
endfacet
facet normal -0.7483138274188647 -0.3539247972173004 0.5610380144058176
outer loop
vertex 3.2271180152893066 -0.7070950865745544 4.0
vertex 3.988739490509033 -0.30000001192092896 5.2726640701293945
vertex 3.8257360458374023 -0.30000001192092896 5.0552496910095215
endloop
endfacet
facet normal -0.7100253144954864 -0.4255496581831919 0.5610450438206847
outer loop
vertex 4.092691898345947 -0.30556362867355347 5.400000095367432
vertex 4.089357376098633 -0.30000001192092896 5.400000095367432
vertex 3.988739490509033 -0.30000001192092896 5.2726640701293945
endloop
endfacet
facet normal 0.0 0.0 1.0
outer loop
vertex 4.244436264038086 -0.457308292388916 5.400000095367432
vertex 4.089357376098633 -0.30000001192092896 5.400000095367432
vertex 4.201083660125732 -0.42515575885772705 5.400000095367432
endloop
endfacet
facet normal 0.0 0.0 0.9999999999999999
outer loop
vertex 4.161091327667236 -0.3889087438583374 5.400000095367432
vertex 4.089357376098633 -0.30000001192092896 5.400000095367432
vertex 4.124844074249268 -0.34891629219055176 5.400000095367432
endloop
endfacet
facet normal -0.0 -0.0 0.9999999999999999
outer loop
vertex 4.161091327667236 -0.3889087438583374 5.400000095367432
vertex 4.201083660125732 -0.42515575885772705 5.400000095367432
vertex 4.089357376098633 -0.30000001192092896 5.400000095367432
endloop
endfacet
facet normal -0.0 -0.0 0.9999999999999999
outer loop
vertex 4.244436264038086 -0.457308292388916 5.400000095367432
vertex 4.290731906890869 -0.48505669832229614 5.400000095367432
vertex 4.089357376098633 -0.30000001192092896 5.400000095367432
endloop
endfacet
facet normal -0.0 -0.0 0.9999999999999999
outer loop
vertex 4.290731906890869 -0.48505669832229614 5.400000095367432
vertex 4.339524269104004 -0.5081337690353394 5.400000095367432
vertex 4.089357376098633 -0.30000001192092896 5.400000095367432
endloop
endfacet
facet normal 0.0 0.0 1.0
outer loop
vertex 4.124844074249268 -0.34891629219055176 5.400000095367432
vertex 4.089357376098633 -0.30000001192092896 5.400000095367432
vertex 4.092691898345947 -0.30556362867355347 5.400000095367432
endloop
endfacet
facet normal -0.04061766443861429 -0.8267929310983125 0.561038015130359
outer loop
vertex 4.550000190734863 -1.5 4.0
vertex 4.550000190734863 -0.550000011920929 5.400000095367432
vertex 4.496090412139893 -0.547351598739624 5.400000095367432
endloop
endfacet
facet normal 0.040618022243661164 -0.8267929012723617 0.5610380331801436
outer loop
vertex 4.697025775909424 -1.4927771091461182 4.0
vertex 4.603909492492676 -0.547351598739624 5.400000095367432
vertex 4.550000190734863 -0.550000011920929 5.400000095367432
endloop
endfacet
facet normal 0.12146212656994915 -0.8188304312881762 0.561038034900955
outer loop
vertex 4.842635631561279 -1.4711779356002808 4.0
vertex 4.657299518585205 -0.5394319295883179 5.400000095367432
vertex 4.603909492492676 -0.547351598739624 5.400000095367432
endloop
endfacet
facet normal 0.20113593327207732 -0.8029823926557812 0.5610379785999937
outer loop
vertex 4.985426902770996 -1.435410499572754 4.0
vertex 4.709656715393066 -0.5263171792030334 5.400000095367432
vertex 4.657299518585205 -0.5394319295883179 5.400000095367432
endloop
endfacet
facet normal 0.27887324279038234 -0.7794011079173503 0.5610379910779514
outer loop
vertex 5.124025344848633 -1.3858193159103394 4.0
vertex 4.760476112365723 -0.5081337690353394 5.400000095367432
vertex 4.709656715393066 -0.5263171792030334 5.400000095367432
endloop
endfacet
facet normal 0.3539286511338397 -0.7483118803131246 0.5610381802416095
outer loop
vertex 5.2570953369140625 -1.3228819370269775 4.0
vertex 4.809267997741699 -0.48505669832229614 5.400000095367432
vertex 4.760476112365723 -0.5081337690353394 5.400000095367432
endloop
endfacet
facet normal 0.42556764098812483 -0.7100201562637198 0.5610379315545831
outer loop
vertex 5.383355140686035 -1.2472044229507446 4.0
vertex 4.855563640594482 -0.457308292388916 5.400000095367432
vertex 4.809267997741699 -0.48505669832229614 5.400000095367432
endloop
endfacet
facet normal 0.4931144507052721 -0.6648868103705203 0.5610380271433956
outer loop
vertex 5.501589775085449 -1.1595157384872437 4.0
vertex 4.898916244506836 -0.42515575885772705 5.400000095367432
vertex 4.855563640594482 -0.457308292388916 5.400000095367432
endloop
endfacet
facet normal 0.7100209655334059 -0.4255660440400399 0.5610381187255644
outer loop
vertex 5.872881889343262 -0.7070950865745544 4.0
vertex 5.111260414123535 -0.30000001192092896 5.2726640701293945
vertex 5.007308483123779 -0.30556362867355347 5.400000095367432
endloop
endfacet
facet normal 0.5559104571125683 -0.6133513564737599 0.5610380354171132
outer loop
vertex 5.610660076141357 -1.0606601238250732 4.0
vertex 4.938908576965332 -0.3889087438583374 5.400000095367432
vertex 4.898916244506836 -0.42515575885772705 5.400000095367432
endloop
endfacet
facet normal 0.6133504216618392 -0.5559116093375942 0.5610379156981552
outer loop
vertex 5.709515571594238 -0.9515899419784546 4.0
vertex 4.975155830383301 -0.34891629219055176 5.400000095367432
vertex 4.938908576965332 -0.3889087438583374 5.400000095367432
endloop
endfacet
facet normal 0.6648863031057449 -0.4931152247952987 0.5610379479299573
outer loop
vertex 5.797204494476318 -0.8333553671836853 4.0
vertex 5.007308483123779 -0.30556362867355347 5.400000095367432
vertex 4.975155830383301 -0.34891629219055176 5.400000095367432
endloop
endfacet
facet normal 0.0 -0.0 1.0
outer loop
vertex 4.760476112365723 -0.5081337690353394 5.400000095367432
vertex 4.809267997741699 -0.48505669832229614 5.400000095367432
vertex 4.089357376098633 -0.30000001192092896 5.400000095367432
endloop
endfacet
facet normal 0.0 -0.0 0.9999999999999999
outer loop
vertex 4.809267997741699 -0.48505669832229614 5.400000095367432
vertex 4.855563640594482 -0.457308292388916 5.400000095367432
vertex 4.089357376098633 -0.30000001192092896 5.400000095367432
endloop
endfacet
facet normal 0.0 -0.0 1.0
outer loop
vertex 4.855563640594482 -0.457308292388916 5.400000095367432
vertex 4.898916244506836 -0.42515575885772705 5.400000095367432
vertex 4.089357376098633 -0.30000001192092896 5.400000095367432
endloop
endfacet
facet normal 0.0 -0.0 1.0
outer loop
vertex 4.898916244506836 -0.42515575885772705 5.400000095367432
vertex 4.938908576965332 -0.3889087438583374 5.400000095367432
vertex 4.089357376098633 -0.30000001192092896 5.400000095367432
endloop
endfacet
facet normal 0.0 -0.0 1.0
outer loop
vertex 4.938908576965332 -0.3889087438583374 5.400000095367432
vertex 4.975155830383301 -0.34891629219055176 5.400000095367432
vertex 4.089357376098633 -0.30000001192092896 5.400000095367432
endloop
endfacet
facet normal 0.0 -0.0 1.0
outer loop
vertex 4.975155830383301 -0.34891629219055176 5.400000095367432
vertex 5.007308483123779 -0.30556362867355347 5.400000095367432
vertex 4.089357376098633 -0.30000001192092896 5.400000095367432
endloop
endfacet
facet normal 0.0 -0.0 1.0
outer loop
vertex 5.007308483123779 -0.30556362867355347 5.400000095367432
vertex 5.010643005371094 -0.30000001192092896 5.400000095367432
vertex 4.089357376098633 -0.30000001192092896 5.400000095367432
endloop
endfacet
facet normal 0.7100263736617529 -0.4255502929885058 0.5610432219019652
outer loop
vertex 5.007308483123779 -0.30556362867355347 5.400000095367432
vertex 5.111260414123535 -0.30000001192092896 5.2726640701293945
vertex 5.010643005371094 -0.30000001192092896 5.400000095367432
endloop
endfacet
facet normal 0.6648867095584757 -0.4931146367379882 0.5610379831056584
outer loop
vertex 5.709515571594238 -0.9515899419784546 4.0
vertex 5.797204494476318 -0.8333553671836853 4.0
vertex 4.975155830383301 -0.34891629219055176 5.400000095367432
endloop
endfacet
facet normal 0.7100194852631793 -0.42556871163487403 0.5610379686117895
outer loop
vertex 5.797204494476318 -0.8333553671836853 4.0
vertex 5.872881889343262 -0.7070950865745544 4.0
vertex 5.007308483123779 -0.30556362867355347 5.400000095367432
endloop
endfacet
facet normal 0.7483136090201528 -0.35392524109398454 0.5610380256914844
outer loop
vertex 5.872881889343262 -0.7070950865745544 4.0
vertex 5.935819149017334 -0.5740251541137695 4.0
vertex 5.111260414123535 -0.30000001192092896 5.2726640701293945
endloop
endfacet
facet normal 0.8029829293683539 -0.20113377860457762 0.5610379828917667
outer loop
vertex 5.985410690307617 -0.4354270100593567 4.0
vertex 6.0193328857421875 -0.30000001192092896 4.0
vertex 5.538967609405518 -0.30000001192092896 4.687520503997803
endloop
endfacet
facet normal 0.7794001643935584 -0.278875707159558 0.5610380768713923
outer loop
vertex 5.935819149017334 -0.5740251541137695 4.0
vertex 5.985410690307617 -0.4354270100593567 4.0
vertex 5.274263858795166 -0.30000001192092896 5.0552496910095215
endloop
endfacet
facet normal 0.7793997538276946 -0.27887706155128505 0.5610379740034093
outer loop
vertex 5.985410690307617 -0.4354270100593567 4.0
vertex 5.538967609405518 -0.30000001192092896 4.687520503997803
vertex 5.274263858795166 -0.30000001192092896 5.0552496910095215
endloop
endfacet
facet normal 0.7483138977921049 -0.35392456478816653 0.561038067167188
outer loop
vertex 5.935819149017334 -0.5740251541137695 4.0
vertex 5.274263858795166 -0.30000001192092896 5.0552496910095215
vertex 5.111260414123535 -0.30000001192092896 5.2726640701293945
endloop
endfacet
facet normal 0.0 0.0 -1.0
outer loop
vertex -7.25 3.5 0.0
vertex 7.25 3.5 0.0
vertex 7.25 -3.5 0.0
endloop
endfacet
facet normal 0.0 -0.0 1.0
outer loop
vertex -3.7368271350860596 -0.8131728172302246 2.0
vertex 7.25 3.5 2.0
vertex -2.549999952316284 -0.30000001192092896 2.0
endloop
endfacet
facet normal 0.0 0.0 1.0
outer loop
vertex -7.25 -3.5 2.0
vertex 3.8204476833343506 0.8889620304107666 2.0
vertex 7.25 3.5 2.0
endloop
endfacet
facet normal 0.0 0.0 1.0
outer loop
vertex 7.25 3.5 2.0
vertex -2.549999952316284 0.30000001192092896 2.0
vertex -2.549999952316284 -0.30000001192092896 2.0
endloop
endfacet
facet normal 0.0 -0.0 1.0
outer loop
vertex -3.4495186805725098 0.3338273763656616 2.0
vertex 7.25 3.5 2.0
vertex -3.4875385761260986 0.4400859475135803 2.0
endloop
endfacet
facet normal -0.0 0.0 1.0
outer loop
vertex -3.53579044342041 0.5421062707901001 2.0
vertex -3.4875385761260986 0.4400859475135803 2.0
vertex 7.25 3.5 2.0
endloop
endfacet
facet normal -0.0 0.0 0.9999999999999999
outer loop
vertex -3.4495186805725098 0.3338273763656616 2.0
vertex -2.549999952316284 0.30000001192092896 2.0
vertex 7.25 3.5 2.0
endloop
endfacet
facet normal 0.0 -0.0 1.0
outer loop
vertex -3.53579044342041 0.5421062707901001 2.0
vertex 7.25 3.5 2.0
vertex -3.5938098430633545 0.6389057636260986 2.0
endloop
endfacet
facet normal -0.0 0.0 1.0
outer loop
vertex 3.4495186805725098 0.3338273763656616 2.0
vertex 2.549999952316284 0.30000001192092896 2.0
vertex 3.4410452842712402 0.30000001192092896 2.0
endloop
endfacet
facet normal 0.0 -0.0 1.0
outer loop
vertex 3.4495186805725098 0.3338273763656616 2.0
vertex 3.4875385761260986 0.4400859475135803 2.0
vertex 2.549999952316284 0.30000001192092896 2.0
endloop
endfacet
facet normal 0.0 -0.0 1.0
outer loop
vertex 3.4875385761260986 0.4400859475135803 2.0
vertex 3.53579044342041 0.5421062707901001 2.0
vertex 2.549999952316284 0.30000001192092896 2.0
endloop
endfacet
facet normal 0.0 -0.0 0.9999999999999999
outer loop
vertex 3.53579044342041 0.5421062707901001 2.0
vertex 3.5938098430633545 0.6389057636260986 2.0
vertex 2.549999952316284 0.30000001192092896 2.0
endloop
endfacet
facet normal 0.0 -0.0 1.0
outer loop
vertex 3.5938098430633545 0.6389057636260986 2.0
vertex 3.6610379219055176 0.7295522689819336 2.0
vertex 2.549999952316284 0.30000001192092896 2.0
endloop
endfacet
facet normal 0.0 -0.0 1.0
outer loop
vertex 3.6610379219055176 0.7295522689819336 2.0
vertex 3.7368271350860596 0.8131728172302246 2.0
vertex 2.549999952316284 0.30000001192092896 2.0
endloop
endfacet
facet normal -0.9700306948404719 0.24298240896680431 0.0
outer loop
vertex 3.4495186805725098 0.3338273763656616 2.0
vertex 3.4410452842712402 0.30000001192092896 2.0
vertex 3.4410452842712402 0.30000001192092896 4.0
endloop
endfacet
facet normal -0.9415441470902363 0.33688962447680026 0.0
outer loop
vertex 3.4495186805725098 0.3338273763656616 2.0
vertex 3.4875385761260986 0.4400859475135803 4.0
vertex 3.4875385761260986 0.4400859475135803 2.0
endloop
endfacet
facet normal -0.9039898138275726 0.4275539924921653 0.0
outer loop
vertex 3.4875385761260986 0.4400859475135803 2.0
vertex 3.53579044342041 0.5421062707901001 4.0
vertex 3.53579044342041 0.5421062707901001 2.0
endloop
endfacet
facet normal -0.8577285457449816 0.5141028513966821 0.0
outer loop
vertex 3.53579044342041 0.5421062707901001 2.0
vertex 3.5938098430633545 0.6389057636260986 4.0
vertex 3.5938098430633545 0.6389057636260986 2.0
endloop
endfacet
facet normal -0.0 1.0 0.0
outer loop
vertex -7.25 3.5 0.0
vertex 7.25 3.5 2.0
vertex 7.25 3.5 0.0
endloop
endfacet
facet normal 1.0 -0.0 0.0
outer loop
vertex 7.25 -3.5 2.0
vertex 7.25 3.5 0.0
vertex 7.25 3.5 2.0
endloop
endfacet
facet normal -0.8032073253169317 0.5956995824719208 0.0
outer loop
vertex 3.5938098430633545 0.6389057636260986 2.0
vertex 3.6610379219055176 0.7295522689819336 4.0
vertex 3.6610379219055176 0.7295522689819336 2.0
endloop
endfacet
facet normal -0.7409512752473949 0.6715587894661638 0.0
outer loop
vertex 3.6610379219055176 0.7295522689819336 2.0
vertex 3.7368271350860596 0.8131728172302246 4.0
vertex 3.7368271350860596 0.8131728172302246 2.0
endloop
endfacet
facet normal -0.6715587894661638 0.7409512752473949 0.0
outer loop
vertex 3.7368271350860596 0.8131728172302246 2.0
vertex 3.8204476833343506 0.8889620304107666 4.0
vertex 3.8204476833343506 0.8889620304107666 2.0
endloop
endfacet
facet normal 0.7409523264602499 0.6715576296291653 0.0
outer loop
vertex 5.363173007965088 0.8131728172302246 2.0
vertex 5.438961982727051 0.7295522689819336 4.0
vertex 5.438961982727051 0.7295522689819336 2.0
endloop
endfacet
facet normal 0.6715587894661638 0.7409512752473949 0.0
outer loop
vertex 5.363173007965088 0.8131728172302246 2.0
vertex 5.279552459716797 0.8889620304107666 2.0
vertex 5.363173007965088 0.8131728172302246 4.0
endloop
endfacet
facet normal -0.5956992417404677 0.8032075780206706 0.0
outer loop
vertex 3.8204476833343506 0.8889620304107666 2.0
vertex 3.9110941886901855 0.9561900496482849 4.0
vertex 3.9110941886901855 0.9561900496482849 2.0
endloop
endfacet
facet normal -0.5141037057419992 0.8577280336693817 0.0
outer loop
vertex 3.9110941886901855 0.9561900496482849 2.0
vertex 4.0078935623168945 1.014209508895874 4.0
vertex 4.0078935623168945 1.014209508895874 2.0
endloop
endfacet
facet normal -0.4275550598291976 0.9039893090155718 0.0
outer loop
vertex 4.0078935623168945 1.014209508895874 2.0
vertex 4.1099138259887695 1.062461495399475 4.0
vertex 4.1099138259887695 1.062461495399475 2.0
endloop
endfacet
facet normal -0.3368887868431078 0.9415444467997138 0.0
outer loop
vertex 4.1099138259887695 1.062461495399475 2.0
vertex 4.216172695159912 1.100481390953064 4.0
vertex 4.216172695159912 1.100481390953064 2.0
endloop
endfacet
facet normal -0.24298098580936248 0.9700310513252195 0.0
outer loop
vertex 4.216172695159912 1.100481390953064 2.0
vertex 4.325645923614502 1.1279031038284302 4.0
vertex 4.325645923614502 1.1279031038284302 2.0
endloop
endfacet
facet normal -0.14673034469632024 0.9891765292127078 0.0
outer loop
vertex 4.325645923614502 1.1279031038284302 2.0
vertex 4.437280178070068 1.1444624662399292 4.0
vertex 4.437280178070068 1.1444624662399292 2.0
endloop
endfacet
facet normal -0.04906706254441527 0.9987954862599562 0.0
outer loop
vertex 4.437280178070068 1.1444624662399292 2.0
vertex 4.550000190734863 1.149999976158142 4.0
vertex 4.550000190734863 1.149999976158142 2.0
endloop
endfacet
facet normal 0.3368887868431078 0.9415444467997138 0.0
outer loop
vertex 4.883827209472656 1.100481390953064 2.0
vertex 4.990086078643799 1.062461495399475 4.0
vertex 4.990086078643799 1.062461495399475 2.0
endloop
endfacet
facet normal 0.04906726961294222 0.9987954760874375 0.0
outer loop
vertex 4.550000190734863 1.149999976158142 2.0
vertex 4.6627197265625 1.1444624662399292 4.0
vertex 4.6627197265625 1.1444624662399292 2.0
endloop
endfacet
facet normal 0.14673034469632024 0.9891765292127078 0.0
outer loop
vertex 4.6627197265625 1.1444624662399292 2.0
vertex 4.774353981018066 1.1279031038284302 4.0
vertex 4.774353981018066 1.1279031038284302 2.0
endloop
endfacet
facet normal 0.24298098580936248 0.9700310513252195 0.0
outer loop
vertex 4.774353981018066 1.1279031038284302 2.0
vertex 4.883827209472656 1.100481390953064 4.0
vertex 4.883827209472656 1.100481390953064 2.0
endloop
endfacet
facet normal 0.5141037057419992 0.8577280336693817 0.0
outer loop
vertex 5.188905715942383 0.9561900496482849 2.0
vertex 5.092106342315674 1.014209508895874 2.0
vertex 5.188905715942383 0.9561900496482849 4.0
endloop
endfacet
facet normal 0.4275550598291976 0.9039893090155718 0.0
outer loop
vertex 5.092106342315674 1.014209508895874 2.0
vertex 4.990086078643799 1.062461495399475 2.0
vertex 5.092106342315674 1.014209508895874 4.0
endloop
endfacet
facet normal 0.5956982309267262 0.8032083276901258 0.0
outer loop
vertex 5.188905715942383 0.9561900496482849 2.0
vertex 5.279552459716797 0.8889620304107666 4.0
vertex 5.279552459716797 0.8889620304107666 2.0
endloop
endfacet
facet normal -0.0 0.0 1.0
outer loop
vertex 5.650481224060059 0.3338273763656616 2.0
vertex 5.658954620361328 0.30000001192092896 2.0
vertex 6.550000190734863 0.30000001192092896 2.0
endloop
endfacet
facet normal 0.0 -0.0 1.0
outer loop
vertex 7.25 -3.5 2.0
vertex 7.25 3.5 2.0
vertex 6.550000190734863 0.30000001192092896 2.0
endloop
endfacet
facet normal 0.9700306948404719 0.24298240896680431 -0.0
outer loop
vertex 5.650481224060059 0.3338273763656616 2.0
vertex 5.650481224060059 0.3338273763656616 4.0
vertex 5.658954620361328 0.30000001192092896 2.0
endloop
endfacet
facet normal 0.9415448171973642 0.336887751645533 0.0
outer loop
vertex 5.650481224060059 0.3338273763656616 2.0
vertex 5.612461566925049 0.4400859475135803 2.0
vertex 5.650481224060059 0.3338273763656616 4.0
endloop
endfacet
facet normal 0.9039889972979884 0.42755571890009525 0.0
outer loop
vertex 5.612461566925049 0.4400859475135803 2.0
vertex 5.564209461212158 0.5421062707901001 2.0
vertex 5.612461566925049 0.4400859475135803 4.0
endloop
endfacet
facet normal 0.8577276141718831 0.5141044056288658 0.0
outer loop
vertex 5.564209461212158 0.5421062707901001 2.0
vertex 5.506189823150635 0.6389057636260986 2.0
vertex 5.564209461212158 0.5421062707901001 4.0
endloop
endfacet
facet normal 0.8032083361319745 0.5956982195441791 0.0
outer loop
vertex 5.506189823150635 0.6389057636260986 2.0
vertex 5.438961982727051 0.7295522689819336 2.0
vertex 5.506189823150635 0.6389057636260986 4.0
endloop
endfacet
facet normal 0.0 -0.0 1.0
outer loop
vertex 5.650481224060059 0.3338273763656616 2.0
vertex 7.25 3.5 2.0
vertex 5.612461566925049 0.4400859475135803 2.0
endloop
endfacet
facet normal 0.0 -0.0 1.0
outer loop
vertex 5.612461566925049 0.4400859475135803 2.0
vertex 7.25 3.5 2.0
vertex 5.564209461212158 0.5421062707901001 2.0
endloop
endfacet
facet normal 0.0 -0.0 0.9999999999999999
outer loop
vertex 5.564209461212158 0.5421062707901001 2.0
vertex 7.25 3.5 2.0
vertex 5.506189823150635 0.6389057636260986 2.0
endloop
endfacet
facet normal 0.0 -0.0 1.0
outer loop
vertex 5.506189823150635 0.6389057636260986 2.0
vertex 7.25 3.5 2.0
vertex 5.438961982727051 0.7295522689819336 2.0
endloop
endfacet
facet normal 0.0 -0.0 1.0
outer loop
vertex 5.363173007965088 0.8131728172302246 2.0
vertex 7.25 3.5 2.0
vertex 5.279552459716797 0.8889620304107666 2.0
endloop
endfacet
facet normal -0.0 0.0 1.0
outer loop
vertex 5.363173007965088 0.8131728172302246 2.0
vertex 5.438961982727051 0.7295522689819336 2.0
vertex 7.25 3.5 2.0
endloop
endfacet
facet normal -0.0 0.0 1.0
outer loop
vertex 5.650481224060059 0.3338273763656616 2.0
vertex 6.550000190734863 0.30000001192092896 2.0
vertex 7.25 3.5 2.0
endloop
endfacet
facet normal 0.0 0.0 1.0
outer loop
vertex 3.8204476833343506 0.8889620304107666 2.0
vertex 3.9110941886901855 0.9561900496482849 2.0
vertex 7.25 3.5 2.0
endloop
endfacet
facet normal 0.0 0.0 1.0
outer loop
vertex 3.9110941886901855 0.9561900496482849 2.0
vertex 4.0078935623168945 1.014209508895874 2.0
vertex 7.25 3.5 2.0
endloop
endfacet
facet normal 0.0 0.0 0.9999999999999999
outer loop
vertex 4.0078935623168945 1.014209508895874 2.0
vertex 4.1099138259887695 1.062461495399475 2.0
vertex 7.25 3.5 2.0
endloop
endfacet
facet normal 0.0 0.0 1.0
outer loop
vertex 4.1099138259887695 1.062461495399475 2.0
vertex 4.216172695159912 1.100481390953064 2.0
vertex 7.25 3.5 2.0
endloop
endfacet
facet normal 0.0 0.0 1.0
outer loop
vertex 4.216172695159912 1.100481390953064 2.0
vertex 4.325645923614502 1.1279031038284302 2.0
vertex 7.25 3.5 2.0
endloop
endfacet
facet normal 0.0 0.0 1.0
outer loop
vertex 4.325645923614502 1.1279031038284302 2.0
vertex 4.437280178070068 1.1444624662399292 2.0
vertex 7.25 3.5 2.0
endloop
endfacet
facet normal 0.0 0.0 1.0
outer loop
vertex 4.437280178070068 1.1444624662399292 2.0
vertex 4.550000190734863 1.149999976158142 2.0
vertex 7.25 3.5 2.0
endloop
endfacet
facet normal -0.0 0.0 1.0
outer loop
vertex 4.550000190734863 1.149999976158142 2.0
vertex 4.6627197265625 1.1444624662399292 2.0
vertex 7.25 3.5 2.0
endloop
endfacet
facet normal -0.0 0.0 1.0
outer loop
vertex 4.774353981018066 1.1279031038284302 2.0
vertex 4.883827209472656 1.100481390953064 2.0
vertex 7.25 3.5 2.0
endloop
endfacet
facet normal -0.0 0.0 1.0
outer loop
vertex 4.6627197265625 1.1444624662399292 2.0
vertex 4.774353981018066 1.1279031038284302 2.0
vertex 7.25 3.5 2.0
endloop
endfacet
facet normal 0.0 -0.0 1.0
outer loop
vertex 5.092106342315674 1.014209508895874 2.0
vertex 7.25 3.5 2.0
vertex 4.990086078643799 1.062461495399475 2.0
endloop
endfacet
facet normal 0.0 -0.0 1.0
outer loop
vertex 5.188905715942383 0.9561900496482849 2.0
vertex 7.25 3.5 2.0
vertex 5.092106342315674 1.014209508895874 2.0
endloop
endfacet
facet normal -0.0 0.0 1.0
outer loop
vertex 4.883827209472656 1.100481390953064 2.0
vertex 4.990086078643799 1.062461495399475 2.0
vertex 7.25 3.5 2.0
endloop
endfacet
facet normal -0.0 0.0 1.0
outer loop
vertex 5.188905715942383 0.9561900496482849 2.0
vertex 5.279552459716797 0.8889620304107666 2.0
vertex 7.25 3.5 2.0
endloop
endfacet
facet normal -0.9700306948404719 0.24298240896680431 0.0
outer loop
vertex 3.4495186805725098 0.3338273763656616 2.0
vertex 3.4410452842712402 0.30000001192092896 4.0
vertex 3.4495186805725098 0.3338273763656616 4.0
endloop
endfacet
facet normal -0.9415441470902363 0.33688962447680026 0.0
outer loop
vertex 3.4495186805725098 0.3338273763656616 2.0
vertex 3.4495186805725098 0.3338273763656616 4.0
vertex 3.4875385761260986 0.4400859475135803 4.0
endloop
endfacet
facet normal -0.9039898138275726 0.4275539924921653 0.0
outer loop
vertex 3.4875385761260986 0.4400859475135803 2.0
vertex 3.4875385761260986 0.4400859475135803 4.0
vertex 3.53579044342041 0.5421062707901001 4.0
endloop
endfacet
facet normal -0.8577285457449816 0.5141028513966821 0.0
outer loop
vertex 3.53579044342041 0.5421062707901001 2.0
vertex 3.53579044342041 0.5421062707901001 4.0
vertex 3.5938098430633545 0.6389057636260986 4.0
endloop
endfacet
facet normal -0.8032073253169317 0.5956995824719208 0.0
outer loop
vertex 3.5938098430633545 0.6389057636260986 2.0
vertex 3.5938098430633545 0.6389057636260986 4.0
vertex 3.6610379219055176 0.7295522689819336 4.0
endloop
endfacet
facet normal -0.0 0.0 -1.0
outer loop
vertex 3.4495186805725098 0.3338273763656616 4.0
vertex 3.4410452842712402 0.30000001192092896 4.0
vertex 3.0806667804718018 0.30000001192092896 4.0
endloop
endfacet
facet normal 0.0 -0.0 -0.9999999999999999
outer loop
vertex 3.1145894527435303 0.4354270100593567 4.0
vertex 3.4495186805725098 0.3338273763656616 4.0
vertex 3.0806667804718018 0.30000001192092896 4.0
endloop
endfacet
facet normal 0.0 0.0 -0.9999999999999999
outer loop
vertex 3.1145894527435303 0.4354270100593567 4.0
vertex 3.1641807556152344 0.5740251541137695 4.0
vertex 3.4495186805725098 0.3338273763656616 4.0
endloop
endfacet
facet normal 0.0 0.0 -1.0
outer loop
vertex 3.4495186805725098 0.3338273763656616 4.0
vertex 3.1641807556152344 0.5740251541137695 4.0
vertex 3.4875385761260986 0.4400859475135803 4.0
endloop
endfacet
facet normal 0.0 0.0 -1.0
outer loop
vertex 3.1641807556152344 0.5740251541137695 4.0
vertex 3.2271180152893066 0.7070950865745544 4.0
vertex 3.4875385761260986 0.4400859475135803 4.0
endloop
endfacet
facet normal 0.0 0.0 -1.0
outer loop
vertex 3.4875385761260986 0.4400859475135803 4.0
vertex 3.2271180152893066 0.7070950865745544 4.0
vertex 3.53579044342041 0.5421062707901001 4.0
endloop
endfacet
facet normal 0.0 0.0 -1.0
outer loop
vertex 3.53579044342041 0.5421062707901001 4.0
vertex 3.2271180152893066 0.7070950865745544 4.0
vertex 3.302795648574829 0.8333553671836853 4.0
endloop
endfacet
facet normal 0.0 0.0 -1.0
outer loop
vertex 3.53579044342041 0.5421062707901001 4.0
vertex 3.302795648574829 0.8333553671836853 4.0
vertex 3.5938098430633545 0.6389057636260986 4.0
endloop
endfacet
facet normal 0.0 0.0 -1.0
outer loop
vertex 3.5938098430633545 0.6389057636260986 4.0
vertex 3.302795648574829 0.8333553671836853 4.0
vertex 3.39048433303833 0.9515899419784546 4.0
endloop
endfacet
facet normal 0.0 0.0 -1.0
outer loop
vertex 3.5938098430633545 0.6389057636260986 4.0
vertex 3.39048433303833 0.9515899419784546 4.0
vertex 3.6610379219055176 0.7295522689819336 4.0
endloop
endfacet
facet normal 0.0 0.0 -1.0
outer loop
vertex 3.39048433303833 0.9515899419784546 4.0
vertex 3.489339828491211 1.0606601238250732 4.0
vertex 3.6610379219055176 0.7295522689819336 4.0
endloop
endfacet
facet normal 0.0 0.0 -1.0
outer loop
vertex 3.489339828491211 1.0606601238250732 4.0
vertex 3.598410129547119 1.1595157384872437 4.0
vertex 3.7368271350860596 0.8131728172302246 4.0
endloop
endfacet
facet normal -0.8029823472910852 0.20113646009709163 0.5610378546573398
outer loop
vertex 3.1145894527435303 0.4354270100593567 4.0
vertex 3.0806667804718018 0.30000001192092896 4.0
vertex 3.561032295227051 0.30000001192092896 4.687520503997803
endloop
endfacet
facet normal -0.7794006080506766 0.2788745251672135 0.5610380480707141
outer loop
vertex 3.1145894527435303 0.4354270100593567 4.0
vertex 3.8257360458374023 0.30000001192092896 5.0552496910095215
vertex 3.1641807556152344 0.5740251541137695 4.0
endloop
endfacet
facet normal -0.7793994555855696 0.2788783269662509 0.5610377593187666
outer loop
vertex 3.1145894527435303 0.4354270100593567 4.0
vertex 3.561032295227051 0.30000001192092896 4.687520503997803
vertex 3.8257360458374023 0.30000001192092896 5.0552496910095215
endloop
endfacet
facet normal -0.7483136090201528 0.35392524109398454 0.5610380256914844
outer loop
vertex 3.1641807556152344 0.5740251541137695 4.0
vertex 3.988739490509033 0.30000001192092896 5.2726640701293945
vertex 3.2271180152893066 0.7070950865745544 4.0
endloop
endfacet
facet normal -0.7100188306320329 0.4255696600004281 0.5610380777051062
outer loop
vertex 3.2271180152893066 0.7070950865745544 4.0
vertex 4.092691898345947 0.30556362867355347 5.400000095367432
vertex 3.302795648574829 0.8333553671836853 4.0
endloop
endfacet
facet normal -0.6648873644362876 0.49311378169223763 0.5610379585359152
outer loop
vertex 3.302795648574829 0.8333553671836853 4.0
vertex 4.124844074249268 0.34891629219055176 5.400000095367432
vertex 3.39048433303833 0.9515899419784546 4.0
endloop
endfacet
facet normal -0.7409512752473949 0.6715587894661638 0.0
outer loop
vertex 3.6610379219055176 0.7295522689819336 2.0
vertex 3.6610379219055176 0.7295522689819336 4.0
vertex 3.7368271350860596 0.8131728172302246 4.0
endloop
endfacet
facet normal -0.6715587894661638 0.7409512752473949 0.0
outer loop
vertex 3.7368271350860596 0.8131728172302246 2.0
vertex 3.7368271350860596 0.8131728172302246 4.0
vertex 3.8204476833343506 0.8889620304107666 4.0
endloop
endfacet
facet normal 0.6715587894661638 0.7409512752473949 -0.0
outer loop
vertex 5.279552459716797 0.8889620304107666 2.0
vertex 5.279552459716797 0.8889620304107666 4.0
vertex 5.363173007965088 0.8131728172302246 4.0
endloop
endfacet
facet normal 0.7409523264602499 0.6715576296291653 -0.0
outer loop
vertex 5.363173007965088 0.8131728172302246 2.0
vertex 5.363173007965088 0.8131728172302246 4.0
vertex 5.438961982727051 0.7295522689819336 4.0
endloop
endfacet
facet normal 0.0 -0.0 -1.0
outer loop
vertex 3.489339828491211 1.0606601238250732 4.0
vertex 3.7368271350860596 0.8131728172302246 4.0
vertex 3.6610379219055176 0.7295522689819336 4.0
endloop
endfacet
facet normal -0.5956992417404677 0.8032075780206706 0.0
outer loop
vertex 3.8204476833343506 0.8889620304107666 2.0
vertex 3.8204476833343506 0.8889620304107666 4.0
vertex 3.9110941886901855 0.9561900496482849 4.0
endloop
endfacet
facet normal -0.5141037057419992 0.8577280336693817 0.0
outer loop
vertex 3.9110941886901855 0.9561900496482849 2.0
vertex 3.9110941886901855 0.9561900496482849 4.0
vertex 4.0078935623168945 1.014209508895874 4.0
endloop
endfacet
facet normal -0.4275550598291976 0.9039893090155718 0.0
outer loop
vertex 4.0078935623168945 1.014209508895874 2.0
vertex 4.0078935623168945 1.014209508895874 4.0
vertex 4.1099138259887695 1.062461495399475 4.0
endloop
endfacet
facet normal -0.3368887868431078 0.9415444467997138 0.0
outer loop
vertex 4.1099138259887695 1.062461495399475 2.0
vertex 4.1099138259887695 1.062461495399475 4.0
vertex 4.216172695159912 1.100481390953064 4.0
endloop
endfacet
facet normal -0.24298098580936248 0.9700310513252195 0.0
outer loop
vertex 4.216172695159912 1.100481390953064 2.0
vertex 4.216172695159912 1.100481390953064 4.0
vertex 4.325645923614502 1.1279031038284302 4.0
endloop
endfacet
facet normal -0.14673034469632024 0.9891765292127078 0.0
outer loop
vertex 4.325645923614502 1.1279031038284302 2.0
vertex 4.325645923614502 1.1279031038284302 4.0
vertex 4.437280178070068 1.1444624662399292 4.0
endloop
endfacet
facet normal -0.04906706254441527 0.9987954862599562 0.0
outer loop
vertex 4.437280178070068 1.1444624662399292 2.0
vertex 4.437280178070068 1.1444624662399292 4.0
vertex 4.550000190734863 1.149999976158142 4.0
endloop
endfacet
facet normal 0.3368887868431078 0.9415444467997138 -0.0
outer loop
vertex 4.883827209472656 1.100481390953064 2.0
vertex 4.883827209472656 1.100481390953064 4.0
vertex 4.990086078643799 1.062461495399475 4.0
endloop
endfacet
facet normal 0.04906726961294222 0.9987954760874375 -0.0
outer loop
vertex 4.550000190734863 1.149999976158142 2.0
vertex 4.550000190734863 1.149999976158142 4.0
vertex 4.6627197265625 1.1444624662399292 4.0
endloop
endfacet
facet normal 0.14673034469632024 0.9891765292127078 -0.0
outer loop
vertex 4.6627197265625 1.1444624662399292 2.0
vertex 4.6627197265625 1.1444624662399292 4.0
vertex 4.774353981018066 1.1279031038284302 4.0
endloop
endfacet
facet normal 0.24298098580936248 0.9700310513252195 -0.0
outer loop
vertex 4.774353981018066 1.1279031038284302 2.0
vertex 4.774353981018066 1.1279031038284302 4.0
vertex 4.883827209472656 1.100481390953064 4.0
endloop
endfacet
facet normal 0.4275550598291976 0.9039893090155718 -0.0
outer loop
vertex 4.990086078643799 1.062461495399475 2.0
vertex 4.990086078643799 1.062461495399475 4.0
vertex 5.092106342315674 1.014209508895874 4.0
endloop
endfacet
facet normal 0.5141037057419992 0.8577280336693817 -0.0
outer loop
vertex 5.092106342315674 1.014209508895874 2.0
vertex 5.092106342315674 1.014209508895874 4.0
vertex 5.188905715942383 0.9561900496482849 4.0
endloop
endfacet
facet normal 0.5956982309267262 0.8032083276901258 -0.0
outer loop
vertex 5.188905715942383 0.9561900496482849 2.0
vertex 5.188905715942383 0.9561900496482849 4.0
vertex 5.279552459716797 0.8889620304107666 4.0
endloop
endfacet
facet normal 0.0 -0.0 -1.0
outer loop
vertex 3.598410129547119 1.1595157384872437 4.0
vertex 3.8204476833343506 0.8889620304107666 4.0
vertex 3.7368271350860596 0.8131728172302246 4.0
endloop
endfacet
facet normal 0.0 0.0 -1.0
outer loop
vertex 3.8204476833343506 0.8889620304107666 4.0
vertex 3.716644763946533 1.2472044229507446 4.0
vertex 3.9110941886901855 0.9561900496482849 4.0
endloop
endfacet
facet normal 0.0 0.0 -0.9999999999999999
outer loop
vertex 3.598410129547119 1.1595157384872437 4.0
vertex 3.716644763946533 1.2472044229507446 4.0
vertex 3.8204476833343506 0.8889620304107666 4.0
endloop
endfacet
facet normal 0.0 0.0 -1.0
outer loop
vertex 3.9110941886901855 0.9561900496482849 4.0
vertex 3.716644763946533 1.2472044229507446 4.0
vertex 3.842904806137085 1.3228819370269775 4.0
endloop
endfacet
facet normal 0.0 0.0 -1.0
outer loop
vertex 3.9110941886901855 0.9561900496482849 4.0
vertex 3.842904806137085 1.3228819370269775 4.0
vertex 4.0078935623168945 1.014209508895874 4.0
endloop
endfacet
facet normal 0.0 0.0 -1.0
outer loop
vertex 4.0078935623168945 1.014209508895874 4.0
vertex 3.9759747982025146 1.3858193159103394 4.0
vertex 4.1099138259887695 1.062461495399475 4.0
endloop
endfacet
facet normal 0.0 0.0 -1.0
outer loop
vertex 4.0078935623168945 1.014209508895874 4.0
vertex 3.842904806137085 1.3228819370269775 4.0
vertex 3.9759747982025146 1.3858193159103394 4.0
endloop
endfacet
facet normal 0.0 0.0 -1.0
outer loop
vertex 4.1099138259887695 1.062461495399475 4.0
vertex 3.9759747982025146 1.3858193159103394 4.0
vertex 4.114573001861572 1.435410499572754 4.0
endloop
endfacet
facet normal 0.0 0.0 -1.0
outer loop
vertex 4.1099138259887695 1.062461495399475 4.0
vertex 4.114573001861572 1.435410499572754 4.0
vertex 4.216172695159912 1.100481390953064 4.0
endloop
endfacet
facet normal 0.0 0.0 -1.0
outer loop
vertex 4.216172695159912 1.100481390953064 4.0
vertex 4.257364749908447 1.4711779356002808 4.0
vertex 4.325645923614502 1.1279031038284302 4.0
endloop
endfacet
facet normal 0.0 0.0 -1.0
outer loop
vertex 4.325645923614502 1.1279031038284302 4.0
vertex 4.4029741287231445 1.4927771091461182 4.0
vertex 4.437280178070068 1.1444624662399292 4.0
endloop
endfacet
facet normal 0.0 0.0 -1.0
outer loop
vertex 4.437280178070068 1.1444624662399292 4.0
vertex 4.550000190734863 1.5 4.0
vertex 4.550000190734863 1.149999976158142 4.0
endloop
endfacet
facet normal 0.0 0.0 -1.0
outer loop
vertex 4.216172695159912 1.100481390953064 4.0
vertex 4.114573001861572 1.435410499572754 4.0
vertex 4.257364749908447 1.4711779356002808 4.0
endloop
endfacet
facet normal 0.0 0.0 -1.0
outer loop
vertex 4.325645923614502 1.1279031038284302 4.0
vertex 4.257364749908447 1.4711779356002808 4.0
vertex 4.4029741287231445 1.4927771091461182 4.0
endloop
endfacet
facet normal 0.0 0.0 -1.0
outer loop
vertex 4.437280178070068 1.1444624662399292 4.0
vertex 4.4029741287231445 1.4927771091461182 4.0
vertex 4.550000190734863 1.5 4.0
endloop
endfacet
facet normal 0.0 -0.0 -1.0
outer loop
vertex 4.550000190734863 1.149999976158142 4.0
vertex 4.697025775909424 1.4927771091461182 4.0
vertex 4.6627197265625 1.1444624662399292 4.0
endloop
endfacet
facet normal 0.0 -0.0 -1.0
outer loop
vertex 4.6627197265625 1.1444624662399292 4.0
vertex 4.842635631561279 1.4711779356002808 4.0
vertex 4.774353981018066 1.1279031038284302 4.0
endloop
endfacet
facet normal 0.0 -0.0 -1.0
outer loop
vertex 4.774353981018066 1.1279031038284302 4.0
vertex 4.985426902770996 1.435410499572754 4.0
vertex 4.883827209472656 1.100481390953064 4.0
endloop
endfacet
facet normal 0.0 0.0 -1.0
outer loop
vertex 5.363173007965088 0.8131728172302246 4.0
vertex 5.279552459716797 0.8889620304107666 4.0
vertex 5.610660076141357 1.0606601238250732 4.0
endloop
endfacet
facet normal 0.0 -0.0 -1.0
outer loop
vertex 5.188905715942383 0.9561900496482849 4.0
vertex 5.501589775085449 1.1595157384872437 4.0
vertex 5.279552459716797 0.8889620304107666 4.0
endloop
endfacet
facet normal 0.0 0.0 -0.9999999999999999
outer loop
vertex 5.188905715942383 0.9561900496482849 4.0
vertex 5.092106342315674 1.014209508895874 4.0
vertex 5.383355140686035 1.2472044229507446 4.0
endloop
endfacet
facet normal 0.0 -0.0 -1.0
outer loop
vertex 4.883827209472656 1.100481390953064 4.0
vertex 5.124025344848633 1.3858193159103394 4.0
vertex 4.990086078643799 1.062461495399475 4.0
endloop
endfacet
facet normal 0.0 0.0 -1.0
outer loop
vertex 5.092106342315674 1.014209508895874 4.0
vertex 4.990086078643799 1.062461495399475 4.0
vertex 5.2570953369140625 1.3228819370269775 4.0
endloop
endfacet
facet normal 0.0 0.0 -0.9999999999999999
outer loop
vertex 4.883827209472656 1.100481390953064 4.0
vertex 4.985426902770996 1.435410499572754 4.0
vertex 5.124025344848633 1.3858193159103394 4.0
endloop
endfacet
facet normal 0.0 0.0 -1.0
outer loop
vertex 4.990086078643799 1.062461495399475 4.0
vertex 5.124025344848633 1.3858193159103394 4.0
vertex 5.2570953369140625 1.3228819370269775 4.0
endloop
endfacet
facet normal 0.0 0.0 -0.9999999999999999
outer loop
vertex 5.092106342315674 1.014209508895874 4.0
vertex 5.2570953369140625 1.3228819370269775 4.0
vertex 5.383355140686035 1.2472044229507446 4.0
endloop
endfacet
facet normal 0.0 0.0 -0.9999999999999999
outer loop
vertex 5.188905715942383 0.9561900496482849 4.0
vertex 5.383355140686035 1.2472044229507446 4.0
vertex 5.501589775085449 1.1595157384872437 4.0
endloop
endfacet
facet normal 0.0 0.0 -1.0
outer loop
vertex 4.550000190734863 1.149999976158142 4.0
vertex 4.550000190734863 1.5 4.0
vertex 4.697025775909424 1.4927771091461182 4.0
endloop
endfacet
facet normal 0.0 0.0 -1.0
outer loop
vertex 4.6627197265625 1.1444624662399292 4.0
vertex 4.697025775909424 1.4927771091461182 4.0
vertex 4.842635631561279 1.4711779356002808 4.0
endloop
endfacet
facet normal 0.0 0.0 -1.0
outer loop
vertex 4.774353981018066 1.1279031038284302 4.0
vertex 4.842635631561279 1.4711779356002808 4.0
vertex 4.985426902770996 1.435410499572754 4.0
endloop
endfacet
facet normal 0.9700306948404719 0.24298240896680431 0.0
outer loop
vertex 5.650481224060059 0.3338273763656616 4.0
vertex 5.658954620361328 0.30000001192092896 4.0
vertex 5.658954620361328 0.30000001192092896 2.0
endloop
endfacet
facet normal 0.9415448171973642 0.336887751645533 -0.0
outer loop
vertex 5.612461566925049 0.4400859475135803 2.0
vertex 5.612461566925049 0.4400859475135803 4.0
vertex 5.650481224060059 0.3338273763656616 4.0
endloop
endfacet
facet normal 0.9039889972979884 0.42755571890009525 -0.0
outer loop
vertex 5.564209461212158 0.5421062707901001 2.0
vertex 5.564209461212158 0.5421062707901001 4.0
vertex 5.612461566925049 0.4400859475135803 4.0
endloop
endfacet
facet normal 0.8577276141718831 0.5141044056288658 -0.0
outer loop
vertex 5.506189823150635 0.6389057636260986 2.0
vertex 5.506189823150635 0.6389057636260986 4.0
vertex 5.564209461212158 0.5421062707901001 4.0
endloop
endfacet
facet normal 0.8032083361319745 0.5956982195441791 -0.0
outer loop
vertex 5.438961982727051 0.7295522689819336 2.0
vertex 5.438961982727051 0.7295522689819336 4.0
vertex 5.506189823150635 0.6389057636260986 4.0
endloop
endfacet
facet normal 0.0 -0.0 -1.0
outer loop
vertex 5.650481224060059 0.3338273763656616 4.0
vertex 5.985410690307617 0.4354270100593567 4.0
vertex 5.658954620361328 0.30000001192092896 4.0
endloop
endfacet
facet normal 0.0 0.0 -1.0
outer loop
vertex 5.650481224060059 0.3338273763656616 4.0
vertex 5.612461566925049 0.4400859475135803 4.0
vertex 5.985410690307617 0.4354270100593567 4.0
endloop
endfacet
facet normal -0.0 -0.0 -1.0
outer loop
vertex 5.985410690307617 0.4354270100593567 4.0
vertex 6.0193328857421875 0.30000001192092896 4.0
vertex 5.658954620361328 0.30000001192092896 4.0
endloop
endfacet
facet normal 0.0 0.0 -1.0
outer loop
vertex 5.564209461212158 0.5421062707901001 4.0
vertex 5.506189823150635 0.6389057636260986 4.0
vertex 5.872881889343262 0.7070950865745544 4.0
endloop
endfacet
facet normal 0.0 0.0 -1.0
outer loop
vertex 5.612461566925049 0.4400859475135803 4.0
vertex 5.564209461212158 0.5421062707901001 4.0
vertex 5.935819149017334 0.5740251541137695 4.0
endloop
endfacet
facet normal 0.0 0.0 -1.0
outer loop
vertex 5.985410690307617 0.4354270100593567 4.0
vertex 5.612461566925049 0.4400859475135803 4.0
vertex 5.935819149017334 0.5740251541137695 4.0
endloop
endfacet
facet normal 0.0 0.0 -1.0
outer loop
vertex 5.564209461212158 0.5421062707901001 4.0
vertex 5.872881889343262 0.7070950865745544 4.0
vertex 5.935819149017334 0.5740251541137695 4.0
endloop
endfacet
facet normal 0.0 0.0 -1.0
outer loop
vertex 5.506189823150635 0.6389057636260986 4.0
vertex 5.438961982727051 0.7295522689819336 4.0
vertex 5.797204494476318 0.8333553671836853 4.0
endloop
endfacet
facet normal 0.0 -0.0 -1.0
outer loop
vertex 5.363173007965088 0.8131728172302246 4.0
vertex 5.709515571594238 0.9515899419784546 4.0
vertex 5.438961982727051 0.7295522689819336 4.0
endloop
endfacet
facet normal 0.0 0.0 -1.0
outer loop
vertex 5.438961982727051 0.7295522689819336 4.0
vertex 5.709515571594238 0.9515899419784546 4.0
vertex 5.797204494476318 0.8333553671836853 4.0
endloop
endfacet
facet normal 0.0 0.0 -1.0
outer loop
vertex 5.506189823150635 0.6389057636260986 4.0
vertex 5.797204494476318 0.8333553671836853 4.0
vertex 5.872881889343262 0.7070950865745544 4.0
endloop
endfacet
facet normal 0.0 0.0 -1.0
outer loop
vertex 5.363173007965088 0.8131728172302246 4.0
vertex 5.610660076141357 1.0606601238250732 4.0
vertex 5.709515571594238 0.9515899419784546 4.0
endloop
endfacet
facet normal 0.0 0.0 -1.0
outer loop
vertex 5.279552459716797 0.8889620304107666 4.0
vertex 5.501589775085449 1.1595157384872437 4.0
vertex 5.610660076141357 1.0606601238250732 4.0
endloop
endfacet
facet normal -0.6133518300011798 0.5559099472939726 0.5610380228948981
outer loop
vertex 3.39048433303833 0.9515899419784546 4.0
vertex 4.161091327667236 0.3889087438583374 5.400000095367432
vertex 3.489339828491211 1.0606601238250732 4.0
endloop
endfacet
facet normal 0.6133518588864827 0.5559099734740971 0.561037965375361
outer loop
vertex 5.610660076141357 1.0606601238250732 4.0
vertex 4.975155830383301 0.34891629219055176 5.400000095367432
vertex 5.709515571594238 0.9515899419784546 4.0
endloop
endfacet
facet normal 0.5559099828039981 0.6133517999116712 0.5610380206046396
outer loop
vertex 5.610660076141357 1.0606601238250732 4.0
vertex 5.501589775085449 1.1595157384872437 4.0
vertex 4.938908576965332 0.3889087438583374 5.400000095367432
endloop
endfacet
facet normal -0.7483138977921049 0.35392456478816653 0.561038067167188
outer loop
vertex 3.1641807556152344 0.5740251541137695 4.0
vertex 3.8257360458374023 0.30000001192092896 5.0552496910095215
vertex 3.988739490509033 0.30000001192092896 5.2726640701293945
endloop
endfacet
facet normal -0.7100253144954864 0.4255496581831919 0.5610450438206847
outer loop
vertex 4.092691898345947 0.30556362867355347 5.400000095367432
vertex 3.988739490509033 0.30000001192092896 5.2726640701293945
vertex 4.089357376098633 0.30000001192092896 5.400000095367432
endloop
endfacet
facet normal -0.0 0.0 1.0
outer loop
vertex 4.092691898345947 0.30556362867355347 5.400000095367432
vertex 4.089357376098633 0.30000001192092896 5.400000095367432
vertex 5.010643005371094 0.30000001192092896 5.400000095367432
endloop
endfacet
facet normal -0.0 -0.0 1.0
outer loop
vertex 4.092691898345947 0.30556362867355347 5.400000095367432
vertex 5.010643005371094 0.30000001192092896 5.400000095367432
vertex 4.124844074249268 0.34891629219055176 5.400000095367432
endloop
endfacet
facet normal -0.0 -0.0 1.0
outer loop
vertex 4.124844074249268 0.34891629219055176 5.400000095367432
vertex 5.010643005371094 0.30000001192092896 5.400000095367432
vertex 4.161091327667236 0.3889087438583374 5.400000095367432
endloop
endfacet
facet normal -0.0 -0.0 1.0
outer loop
vertex 4.161091327667236 0.3889087438583374 5.400000095367432
vertex 5.010643005371094 0.30000001192092896 5.400000095367432
vertex 4.201083660125732 0.42515575885772705 5.400000095367432
endloop
endfacet
facet normal -0.0 -0.0 1.0
outer loop
vertex 4.201083660125732 0.42515575885772705 5.400000095367432
vertex 5.010643005371094 0.30000001192092896 5.400000095367432
vertex 4.244436264038086 0.457308292388916 5.400000095367432
endloop
endfacet
facet normal -0.0 -0.0 1.0
outer loop
vertex 4.244436264038086 0.457308292388916 5.400000095367432
vertex 5.010643005371094 0.30000001192092896 5.400000095367432
vertex 4.290731906890869 0.48505669832229614 5.400000095367432
endloop
endfacet
facet normal -0.7100178239344328 0.42557147415727853 0.5610379756121804
outer loop
vertex 3.2271180152893066 0.7070950865745544 4.0
vertex 3.988739490509033 0.30000001192092896 5.2726640701293945
vertex 4.092691898345947 0.30556362867355347 5.400000095367432
endloop
endfacet
facet normal -0.6648896870211184 0.4931104213475731 0.5610381595322892
outer loop
vertex 3.302795648574829 0.8333553671836853 4.0
vertex 4.092691898345947 0.30556362867355347 5.400000095367432
vertex 4.124844074249268 0.34891629219055176 5.400000095367432
endloop
endfacet
facet normal -0.6133504216618392 0.5559116093375942 0.5610379156981552
outer loop
vertex 3.39048433303833 0.9515899419784546 4.0
vertex 4.124844074249268 0.34891629219055176 5.400000095367432
vertex 4.161091327667236 0.3889087438583374 5.400000095367432
endloop
endfacet
facet normal -0.5559104571125683 0.6133513564737599 0.5610380354171132
outer loop
vertex 3.489339828491211 1.0606601238250732 4.0
vertex 4.161091327667236 0.3889087438583374 5.400000095367432
vertex 4.201083660125732 0.42515575885772705 5.400000095367432
endloop
endfacet
facet normal -0.4931144507052721 0.6648868103705203 0.5610380271433956
outer loop
vertex 3.598410129547119 1.1595157384872437 4.0
vertex 4.201083660125732 0.42515575885772705 5.400000095367432
vertex 4.244436264038086 0.457308292388916 5.400000095367432
endloop
endfacet
facet normal -0.42556764098812483 0.7100201562637198 0.5610379315545831
outer loop
vertex 3.716644763946533 1.2472044229507446 4.0
vertex 4.244436264038086 0.457308292388916 5.400000095367432
vertex 4.290731906890869 0.48505669832229614 5.400000095367432
endloop
endfacet
facet normal -0.35392585720133635 0.7483132862006358 0.561038067603175
outer loop
vertex 3.842904806137085 1.3228819370269775 4.0
vertex 4.290731906890869 0.48505669832229614 5.400000095367432
vertex 4.339524269104004 0.5081337690353394 5.400000095367432
endloop
endfacet
facet normal -0.27887554222848954 0.7794002212760154 0.5610380798320772
outer loop
vertex 3.9759747982025146 1.3858193159103394 4.0
vertex 4.339524269104004 0.5081337690353394 5.400000095367432
vertex 4.390343189239502 0.5263171792030334 5.400000095367432
endloop
endfacet
facet normal -0.20113593327207732 0.8029823926557812 0.5610379785999937
outer loop
vertex 4.114573001861572 1.435410499572754 4.0
vertex 4.390343189239502 0.5263171792030334 5.400000095367432
vertex 4.442700386047363 0.5394319295883179 5.400000095367432
endloop
endfacet
facet normal -0.12146212938908556 0.8188304502932335 0.561038006552898
outer loop
vertex 4.257364749908447 1.4711779356002808 4.0
vertex 4.442700386047363 0.5394319295883179 5.400000095367432
vertex 4.496090412139893 0.547351598739624 5.400000095367432
endloop
endfacet
facet normal -0.04061766411062196 0.8267929244218643 0.5610380249930818
outer loop
vertex 4.4029741287231445 1.4927771091461182 4.0
vertex 4.496090412139893 0.547351598739624 5.400000095367432
vertex 4.550000190734863 0.550000011920929 5.400000095367432
endloop
endfacet
facet normal 0.7483138274188647 0.3539247972173004 0.5610380144058176
outer loop
vertex 5.872881889343262 0.7070950865745544 4.0
vertex 5.111260414123535 0.30000001192092896 5.2726640701293945
vertex 5.274263858795166 0.30000001192092896 5.0552496910095215
endloop
endfacet
facet normal -0.0 -0.0 1.0
outer loop
vertex 4.290731906890869 0.48505669832229614 5.400000095367432
vertex 5.010643005371094 0.30000001192092896 5.400000095367432
vertex 4.339524269104004 0.5081337690353394 5.400000095367432
endloop
endfacet
facet normal 0.0 0.0 1.0
outer loop
vertex 4.809267997741699 0.48505669832229614 5.400000095367432
vertex 4.760476112365723 0.5081337690353394 5.400000095367432
vertex 5.010643005371094 0.30000001192092896 5.400000095367432
endloop
endfacet
facet normal 0.0 0.0 1.0
outer loop
vertex 4.975155830383301 0.34891629219055176 5.400000095367432
vertex 4.938908576965332 0.3889087438583374 5.400000095367432
vertex 5.010643005371094 0.30000001192092896 5.400000095367432
endloop
endfacet
facet normal -0.0 -0.0 0.9999999999999999
outer loop
vertex 4.898916244506836 0.42515575885772705 5.400000095367432
vertex 5.010643005371094 0.30000001192092896 5.400000095367432
vertex 4.938908576965332 0.3889087438583374 5.400000095367432
endloop
endfacet
facet normal 0.0 0.0 1.0
outer loop
vertex 4.898916244506836 0.42515575885772705 5.400000095367432
vertex 4.855563640594482 0.457308292388916 5.400000095367432
vertex 5.010643005371094 0.30000001192092896 5.400000095367432
endloop
endfacet
facet normal -0.0 -0.0 0.9999999999999999
outer loop
vertex 4.809267997741699 0.48505669832229614 5.400000095367432
vertex 5.010643005371094 0.30000001192092896 5.400000095367432
vertex 4.855563640594482 0.457308292388916 5.400000095367432
endloop
endfacet
facet normal 0.7100263736617529 0.4255502929885058 0.5610432219019652
outer loop
vertex 5.007308483123779 0.30556362867355347 5.400000095367432
vertex 5.010643005371094 0.30000001192092896 5.400000095367432
vertex 5.111260414123535 0.30000001192092896 5.2726640701293945
endloop
endfacet
facet normal -0.0 -0.0 1.0
outer loop
vertex 4.975155830383301 0.34891629219055176 5.400000095367432
vertex 5.010643005371094 0.30000001192092896 5.400000095367432
vertex 5.007308483123779 0.30556362867355347 5.400000095367432
endloop
endfacet
facet normal 0.0406180231161966 0.826792919033101 0.5610380069432519
outer loop
vertex 4.550000190734863 1.5 4.0
vertex 4.550000190734863 0.550000011920929 5.400000095367432
vertex 4.603909492492676 0.547351598739624 5.400000095367432
endloop
endfacet
facet normal 0.12146212764697932 0.8188304385489176 0.5610380240707898
outer loop
vertex 4.697025775909424 1.4927771091461182 4.0
vertex 4.603909492492676 0.547351598739624 5.400000095367432
vertex 4.657299518585205 0.5394319295883179 5.400000095367432
endloop
endfacet
facet normal 0.20113591991102683 0.802982339315296 0.5610380597332769
outer loop
vertex 4.842635631561279 1.4711779356002808 4.0
vertex 4.657299518585205 0.5394319295883179 5.400000095367432
vertex 4.709656715393066 0.5263171792030334 5.400000095367432
endloop
endfacet
facet normal 0.42556756023158726 0.7100200215289236 0.5610381633245649
outer loop
vertex 5.2570953369140625 1.3228819370269775 4.0
vertex 4.809267997741699 0.48505669832229614 5.400000095367432
vertex 4.855563640594482 0.457308292388916 5.400000095367432
endloop
endfacet
facet normal 0.27887323982867557 0.7794010996399068 0.5610380040492463
outer loop
vertex 4.985426902770996 1.435410499572754 4.0
vertex 4.709656715393066 0.5263171792030334 5.400000095367432
vertex 4.760476112365723 0.5081337690353394 5.400000095367432
endloop
endfacet
facet normal 0.3539287212655892 0.7483120285927882 0.5610379382240125
outer loop
vertex 5.124025344848633 1.3858193159103394 4.0
vertex 4.760476112365723 0.5081337690353394 5.400000095367432
vertex 4.809267997741699 0.48505669832229614 5.400000095367432
endloop
endfacet
facet normal 0.7100207485270351 0.4255666760504028 0.5610379139563747
outer loop
vertex 5.797204494476318 0.8333553671836853 4.0
vertex 5.007308483123779 0.30556362867355347 5.400000095367432
vertex 5.111260414123535 0.30000001192092896 5.2726640701293945
endloop
endfacet
facet normal 0.6133503428842176 0.5559115379373102 0.5610380725690435
outer loop
vertex 5.610660076141357 1.0606601238250732 4.0
vertex 4.938908576965332 0.3889087438583374 5.400000095367432
vertex 4.975155830383301 0.34891629219055176 5.400000095367432
endloop
endfacet
facet normal 0.6648862750834383 0.49311520401245823 0.5610379994059425
outer loop
vertex 5.709515571594238 0.9515899419784546 4.0
vertex 4.975155830383301 0.34891629219055176 5.400000095367432
vertex 5.007308483123779 0.30556362867355347 5.400000095367432
endloop
endfacet
facet normal 0.49311448174561023 0.6648868522235047 0.5610379502610119
outer loop
vertex 5.383355140686035 1.2472044229507446 4.0
vertex 4.855563640594482 0.457308292388916 5.400000095367432
vertex 4.898916244506836 0.42515575885772705 5.400000095367432
endloop
endfacet
facet normal 0.5559104784031493 0.6133513799642458 0.5610379886402853
outer loop
vertex 5.501589775085449 1.1595157384872437 4.0
vertex 4.898916244506836 0.42515575885772705 5.400000095367432
vertex 4.938908576965332 0.3889087438583374 5.400000095367432
endloop
endfacet
facet normal -0.0 -0.0 1.0
outer loop
vertex 4.339524269104004 0.5081337690353394 5.400000095367432
vertex 5.010643005371094 0.30000001192092896 5.400000095367432
vertex 4.390343189239502 0.5263171792030334 5.400000095367432
endloop
endfacet
facet normal -0.0 -0.0 1.0
outer loop
vertex 4.390343189239502 0.5263171792030334 5.400000095367432
vertex 5.010643005371094 0.30000001192092896 5.400000095367432
vertex 4.442700386047363 0.5394319295883179 5.400000095367432
endloop
endfacet
facet normal -0.0 -0.0 1.0
outer loop
vertex 4.442700386047363 0.5394319295883179 5.400000095367432
vertex 5.010643005371094 0.30000001192092896 5.400000095367432
vertex 4.496090412139893 0.547351598739624 5.400000095367432
endloop
endfacet
facet normal -0.0 -0.0 1.0
outer loop
vertex 4.496090412139893 0.547351598739624 5.400000095367432
vertex 5.010643005371094 0.30000001192092896 5.400000095367432
vertex 4.550000190734863 0.550000011920929 5.400000095367432
endloop
endfacet
facet normal 0.0 0.0 1.0
outer loop
vertex 4.657299518585205 0.5394319295883179 5.400000095367432
vertex 4.603909492492676 0.547351598739624 5.400000095367432
vertex 5.010643005371094 0.30000001192092896 5.400000095367432
endloop
endfacet
facet normal -0.0 -0.0 1.0
outer loop
vertex 4.550000190734863 0.550000011920929 5.400000095367432
vertex 5.010643005371094 0.30000001192092896 5.400000095367432
vertex 4.603909492492676 0.547351598739624 5.400000095367432
endloop
endfacet
facet normal -0.0 -0.0 1.0
outer loop
vertex 4.657299518585205 0.5394319295883179 5.400000095367432
vertex 5.010643005371094 0.30000001192092896 5.400000095367432
vertex 4.709656715393066 0.5263171792030334 5.400000095367432
endloop
endfacet
facet normal -0.0 -0.0 1.0
outer loop
vertex 4.709656715393066 0.5263171792030334 5.400000095367432
vertex 5.010643005371094 0.30000001192092896 5.400000095367432
vertex 4.760476112365723 0.5081337690353394 5.400000095367432
endloop
endfacet
facet normal -0.5559099906105215 0.6133518085248376 0.5610380034531716
outer loop
vertex 3.489339828491211 1.0606601238250732 4.0
vertex 4.201083660125732 0.42515575885772705 5.400000095367432
vertex 3.598410129547119 1.1595157384872437 4.0
endloop
endfacet
facet normal -0.49311361482801064 0.6648874746299914 0.5610379746072496
outer loop
vertex 3.598410129547119 1.1595157384872437 4.0
vertex 4.244436264038086 0.457308292388916 5.400000095367432
vertex 3.716644763946533 1.2472044229507446 4.0
endloop
endfacet
facet normal -0.42556976558886495 0.7100187844984774 0.5610380559961536
outer loop
vertex 3.716644763946533 1.2472044229507446 4.0
vertex 4.290731906890869 0.48505669832229614 5.400000095367432
vertex 3.842904806137085 1.3228819370269775 4.0
endloop
endfacet
facet normal -0.3539256505357062 0.7483133925202125 0.5610380561671087
outer loop
vertex 3.842904806137085 1.3228819370269775 4.0
vertex 4.339524269104004 0.5081337690353394 5.400000095367432
vertex 3.9759747982025146 1.3858193159103394 4.0
endloop
endfacet
facet normal -0.2788738379052471 0.7794008960199229 0.5610379896364766
outer loop
vertex 3.9759747982025146 1.3858193159103394 4.0
vertex 4.390343189239502 0.5263171792030334 5.400000095367432
vertex 4.114573001861572 1.435410499572754 4.0
endloop
endfacet
facet normal -0.20113638974171139 0.8029822619925266 0.5610380019633572
outer loop
vertex 4.114573001861572 1.435410499572754 4.0
vertex 4.442700386047363 0.5394319295883179 5.400000095367432
vertex 4.257364749908447 1.4711779356002808 4.0
endloop
endfacet
facet normal -0.1214623687056455 0.8188304065920721 0.5610380185234117
outer loop
vertex 4.257364749908447 1.4711779356002808 4.0
vertex 4.496090412139893 0.547351598739624 5.400000095367432
vertex 4.4029741287231445 1.4927771091461182 4.0
endloop
endfacet
facet normal -0.04061752761120739 0.8267929357008906 0.5610380182535367
outer loop
vertex 4.4029741287231445 1.4927771091461182 4.0
vertex 4.550000190734863 0.550000011920929 5.400000095367432
vertex 4.550000190734863 1.5 4.0
endloop
endfacet
facet normal 0.04061765880576095 0.8267929247647666 0.5610380248718101
outer loop
vertex 4.550000190734863 1.5 4.0
vertex 4.603909492492676 0.547351598739624 5.400000095367432
vertex 4.697025775909424 1.4927771091461182 4.0
endloop
endfacet
facet normal 0.1214619782217568 0.8188304556433957 0.5610380314713848
outer loop
vertex 4.697025775909424 1.4927771091461182 4.0
vertex 4.657299518585205 0.5394319295883179 5.400000095367432
vertex 4.842635631561279 1.4711779356002808 4.0
endloop
endfacet
facet normal 0.20113702137766895 0.8029821021487187 0.5610380042921725
outer loop
vertex 4.842635631561279 1.4711779356002808 4.0
vertex 4.709656715393066 0.5263171792030334 5.400000095367432
vertex 4.985426902770996 1.435410499572754 4.0
endloop
endfacet
facet normal 0.27887341136206534 0.7794010446448025 0.5610379951855978
outer loop
vertex 5.124025344848633 1.3858193159103394 4.0
vertex 4.985426902770996 1.435410499572754 4.0
vertex 4.760476112365723 0.5081337690353394 5.400000095367432
endloop
endfacet
facet normal 0.35392563678932587 0.7483133634559147 0.5610381036048856
outer loop
vertex 5.124025344848633 1.3858193159103394 4.0
vertex 4.809267997741699 0.48505669832229614 5.400000095367432
vertex 5.2570953369140625 1.3228819370269775 4.0
endloop
endfacet
facet normal 0.42557037458972763 0.7100184598127409 0.5610380049485971
outer loop
vertex 5.383355140686035 1.2472044229507446 4.0
vertex 5.2570953369140625 1.3228819370269775 4.0
vertex 4.855563640594482 0.457308292388916 5.400000095367432
endloop
endfacet
facet normal 0.49311360344658733 0.6648874592839016 0.5610380027974219
outer loop
vertex 5.383355140686035 1.2472044229507446 4.0
vertex 4.898916244506836 0.42515575885772705 5.400000095367432
vertex 5.501589775085449 1.1595157384872437 4.0
endloop
endfacet
facet normal 0.8029829293683539 0.20113377860457762 0.5610379828917667
outer loop
vertex 5.985410690307617 0.4354270100593567 4.0
vertex 5.538967609405518 0.30000001192092896 4.687520503997803
vertex 6.0193328857421875 0.30000001192092896 4.0
endloop
endfacet
facet normal 0.7794002094556881 0.2788757232831539 0.5610380062560175
outer loop
vertex 5.985410690307617 0.4354270100593567 4.0
vertex 5.935819149017334 0.5740251541137695 4.0
vertex 5.538967609405518 0.30000001192092896 4.687520503997803
endloop
endfacet
facet normal 0.7793999188739965 0.278876361271742 0.5610380928092497
outer loop
vertex 5.935819149017334 0.5740251541137695 4.0
vertex 5.274263858795166 0.30000001192092896 5.0552496910095215
vertex 5.538967609405518 0.30000001192092896 4.687520503997803
endloop
endfacet
facet normal 0.7483135938805573 0.35392523393350406 0.5610380504018233
outer loop
vertex 5.872881889343262 0.7070950865745544 4.0
vertex 5.274263858795166 0.30000001192092896 5.0552496910095215
vertex 5.935819149017334 0.5740251541137695 4.0
endloop
endfacet
facet normal 0.710019438436799 0.4255686835682608 0.5610380491623274
outer loop
vertex 5.872881889343262 0.7070950865745544 4.0
vertex 5.797204494476318 0.8333553671836853 4.0
vertex 5.111260414123535 0.30000001192092896 5.2726640701293945
endloop
endfacet
facet normal 0.6648867198333313 0.4931146443583566 0.5610379642311244
outer loop
vertex 5.797204494476318 0.8333553671836853 4.0
vertex 5.709515571594238 0.9515899419784546 4.0
vertex 5.007308483123779 0.30556362867355347 5.400000095367432
endloop
endfacet
facet normal 1.0 0.0 -0.0
outer loop
vertex -6.550000190734863 -0.30000001192092896 1.399999976158142
vertex -6.550000190734863 0.30000001192092896 2.0
vertex -6.550000190734863 -0.30000001192092896 2.0
endloop
endfacet
facet normal -0.0 1.0 0.0
outer loop
vertex -6.550000190734863 -0.30000001192092896 1.399999976158142
vertex -6.550000190734863 -0.30000001192092896 2.0
vertex -2.549999952316284 -0.30000001192092896 1.399999976158142
endloop
endfacet
facet normal 0.0 -0.0 1.0
outer loop
vertex -6.550000190734863 -0.30000001192092896 1.399999976158142
vertex -2.549999952316284 -0.30000001192092896 1.399999976158142
vertex -6.550000190734863 0.30000001192092896 1.399999976158142
endloop
endfacet
facet normal 0.0 0.9999999999999999 -0.0
outer loop
vertex -2.549999952316284 -0.30000001192092896 1.399999976158142
vertex -6.550000190734863 -0.30000001192092896 2.0
vertex -5.658954620361328 -0.30000001192092896 2.0
endloop
endfacet
facet normal 0.0 1.0 -0.0
outer loop
vertex -2.549999952316284 -0.30000001192092896 1.399999976158142
vertex -5.658954620361328 -0.30000001192092896 2.0
vertex -3.4410452842712402 -0.30000001192092896 2.0
endloop
endfacet
facet normal -0.0 1.0 0.0
outer loop
vertex -5.658954620361328 -0.30000001192092896 2.0
vertex -3.4410452842712402 -0.30000001192092896 4.0
vertex -3.4410452842712402 -0.30000001192092896 2.0
endloop
endfacet
facet normal 0.0 1.0 -0.0
outer loop
vertex -2.549999952316284 -0.30000001192092896 1.399999976158142
vertex -3.4410452842712402 -0.30000001192092896 2.0
vertex -2.549999952316284 -0.30000001192092896 2.0
endloop
endfacet
facet normal -1.0 0.0 0.0
outer loop
vertex -2.549999952316284 -0.30000001192092896 1.399999976158142
vertex -2.549999952316284 -0.30000001192092896 2.0
vertex -2.549999952316284 0.30000001192092896 1.399999976158142
endloop
endfacet
facet normal 0.0 1.0 0.0
outer loop
vertex -5.658954620361328 -0.30000001192092896 2.0
vertex -5.658954620361328 -0.30000001192092896 4.0
vertex -3.4410452842712402 -0.30000001192092896 4.0
endloop
endfacet
facet normal -0.0 1.0 0.0
outer loop
vertex -6.0193328857421875 -0.30000001192092896 4.0
vertex -5.538967609405518 -0.30000001192092896 4.687520503997803
vertex -5.658954620361328 -0.30000001192092896 4.0
endloop
endfacet
facet normal -0.0 0.9999999999999999 0.0
outer loop
vertex -5.658954620361328 -0.30000001192092896 4.0
vertex -5.538967609405518 -0.30000001192092896 4.687520503997803
vertex -3.4410452842712402 -0.30000001192092896 4.0
endloop
endfacet
facet normal -0.0 0.9999999999999999 0.0
outer loop
vertex -5.538967609405518 -0.30000001192092896 4.687520503997803
vertex -5.274263858795166 -0.30000001192092896 5.0552496910095215
vertex -3.4410452842712402 -0.30000001192092896 4.0
endloop
endfacet
facet normal 0.0 1.0 0.0
outer loop
vertex -5.111260414123535 -0.30000001192092896 5.2726640701293945
vertex -3.561032295227051 -0.30000001192092896 4.687520503997803
vertex -3.4410452842712402 -0.30000001192092896 4.0
endloop
endfacet
facet normal -0.0 1.0 0.0
outer loop
vertex -5.274263858795166 -0.30000001192092896 5.0552496910095215
vertex -5.111260414123535 -0.30000001192092896 5.2726640701293945
vertex -3.4410452842712402 -0.30000001192092896 4.0
endloop
endfacet
facet normal -0.0 1.0 0.0
outer loop
vertex -5.111260414123535 -0.30000001192092896 5.2726640701293945
vertex -5.010643005371094 -0.30000001192092896 5.400000095367432
vertex -3.561032295227051 -0.30000001192092896 4.687520503997803
endloop
endfacet
facet normal 0.0 1.0 0.0
outer loop
vertex -5.010643005371094 -0.30000001192092896 5.400000095367432
vertex -3.8257360458374023 -0.30000001192092896 5.0552496910095215
vertex -3.561032295227051 -0.30000001192092896 4.687520503997803
endloop
endfacet
facet normal -0.0 1.0 0.0
outer loop
vertex -5.010643005371094 -0.30000001192092896 5.400000095367432
vertex -4.089357376098633 -0.30000001192092896 5.400000095367432
vertex -3.988739490509033 -0.30000001192092896 5.2726640701293945
endloop
endfacet
facet normal 0.0 0.9999999999999999 0.0
outer loop
vertex -3.988739490509033 -0.30000001192092896 5.2726640701293945
vertex -3.8257360458374023 -0.30000001192092896 5.0552496910095215
vertex -5.010643005371094 -0.30000001192092896 5.400000095367432
endloop
endfacet
facet normal -0.0 1.0 -0.0
outer loop
vertex -3.4410452842712402 -0.30000001192092896 4.0
vertex -3.561032295227051 -0.30000001192092896 4.687520503997803
vertex -3.0806667804718018 -0.30000001192092896 4.0
endloop
endfacet
facet normal 1.0 0.0 0.0
outer loop
vertex -6.550000190734863 -0.30000001192092896 1.399999976158142
vertex -6.550000190734863 0.30000001192092896 1.399999976158142
vertex -6.550000190734863 0.30000001192092896 2.0
endloop
endfacet
facet normal 0.0 -1.0 0.0
outer loop
vertex -6.550000190734863 0.30000001192092896 1.399999976158142
vertex -2.549999952316284 0.30000001192092896 1.399999976158142
vertex -6.550000190734863 0.30000001192092896 2.0
endloop
endfacet
facet normal 0.0 -0.9999999999999999 0.0
outer loop
vertex -2.549999952316284 0.30000001192092896 1.399999976158142
vertex -5.658954620361328 0.30000001192092896 2.0
vertex -6.550000190734863 0.30000001192092896 2.0
endloop
endfacet
facet normal 0.0 -0.0 1.0
outer loop
vertex -2.549999952316284 -0.30000001192092896 1.399999976158142
vertex -2.549999952316284 0.30000001192092896 1.399999976158142
vertex -6.550000190734863 0.30000001192092896 1.399999976158142
endloop
endfacet
facet normal 0.0 -1.0 0.0
outer loop
vertex -2.549999952316284 0.30000001192092896 1.399999976158142
vertex -3.4410452842712402 0.30000001192092896 2.0
vertex -5.658954620361328 0.30000001192092896 2.0
endloop
endfacet
facet normal 0.0 -1.0 0.0
outer loop
vertex -5.658954620361328 0.30000001192092896 2.0
vertex -3.4410452842712402 0.30000001192092896 2.0
vertex -5.658954620361328 0.30000001192092896 4.0
endloop
endfacet
facet normal 0.0 -1.0 0.0
outer loop
vertex -2.549999952316284 0.30000001192092896 1.399999976158142
vertex -2.549999952316284 0.30000001192092896 2.0
vertex -3.4410452842712402 0.30000001192092896 2.0
endloop
endfacet
facet normal -1.0 0.0 0.0
outer loop
vertex -2.549999952316284 0.30000001192092896 1.399999976158142
vertex -2.549999952316284 -0.30000001192092896 2.0
vertex -2.549999952316284 0.30000001192092896 2.0
endloop
endfacet
facet normal 0.0 -1.0 0.0
outer loop
vertex -3.4410452842712402 0.30000001192092896 2.0
vertex -3.4410452842712402 0.30000001192092896 4.0
vertex -5.658954620361328 0.30000001192092896 4.0
endloop
endfacet
facet normal -0.0 -1.0 0.0
outer loop
vertex -5.658954620361328 0.30000001192092896 4.0
vertex -5.538967609405518 0.30000001192092896 4.687520503997803
vertex -6.0193328857421875 0.30000001192092896 4.0
endloop
endfacet
facet normal -0.0 -1.0 0.0
outer loop
vertex -5.658954620361328 0.30000001192092896 4.0
vertex -3.988739490509033 0.30000001192092896 5.2726640701293945
vertex -5.538967609405518 0.30000001192092896 4.687520503997803
endloop
endfacet
facet normal 0.0 -0.9999999999999999 -0.0
outer loop
vertex -3.561032295227051 0.30000001192092896 4.687520503997803
vertex -5.658954620361328 0.30000001192092896 4.0
vertex -3.4410452842712402 0.30000001192092896 4.0
endloop
endfacet
facet normal 0.0 -0.9999999999999999 0.0
outer loop
vertex -5.658954620361328 0.30000001192092896 4.0
vertex -3.561032295227051 0.30000001192092896 4.687520503997803
vertex -3.8257360458374023 0.30000001192092896 5.0552496910095215
endloop
endfacet
facet normal 0.0 -1.0 -0.0
outer loop
vertex -5.274263858795166 0.30000001192092896 5.0552496910095215
vertex -5.538967609405518 0.30000001192092896 4.687520503997803
vertex -4.089357376098633 0.30000001192092896 5.400000095367432
endloop
endfacet
facet normal 0.0 -1.0 0.0
outer loop
vertex -5.538967609405518 0.30000001192092896 4.687520503997803
vertex -3.988739490509033 0.30000001192092896 5.2726640701293945
vertex -4.089357376098633 0.30000001192092896 5.400000095367432
endloop
endfacet
facet normal 0.0 -1.0 -0.0
outer loop
vertex -5.111260414123535 0.30000001192092896 5.2726640701293945
vertex -5.274263858795166 0.30000001192092896 5.0552496910095215
vertex -4.089357376098633 0.30000001192092896 5.400000095367432
endloop
endfacet
facet normal 0.0 -1.0 0.0
outer loop
vertex -5.111260414123535 0.30000001192092896 5.2726640701293945
vertex -4.089357376098633 0.30000001192092896 5.400000095367432
vertex -5.010643005371094 0.30000001192092896 5.400000095367432
endloop
endfacet
facet normal 0.0 -1.0 0.0
outer loop
vertex -5.658954620361328 0.30000001192092896 4.0
vertex -3.8257360458374023 0.30000001192092896 5.0552496910095215
vertex -3.988739490509033 0.30000001192092896 5.2726640701293945
endloop
endfacet
facet normal -0.0 -1.0 -0.0
outer loop
vertex -3.0806667804718018 0.30000001192092896 4.0
vertex -3.561032295227051 0.30000001192092896 4.687520503997803
vertex -3.4410452842712402 0.30000001192092896 4.0
endloop
endfacet
facet normal 1.0 0.0 -0.0
outer loop
vertex 2.549999952316284 -0.30000001192092896 1.399999976158142
vertex 2.549999952316284 0.30000001192092896 2.0
vertex 2.549999952316284 -0.30000001192092896 2.0
endloop
endfacet
facet normal 0.0 1.0 0.0
outer loop
vertex 2.549999952316284 -0.30000001192092896 1.399999976158142
vertex 2.549999952316284 -0.30000001192092896 2.0
vertex 3.4410452842712402 -0.30000001192092896 2.0
endloop
endfacet
facet normal 0.0 -0.0 1.0
outer loop
vertex 2.549999952316284 -0.30000001192092896 1.399999976158142
vertex 6.550000190734863 -0.30000001192092896 1.399999976158142
vertex 2.549999952316284 0.30000001192092896 1.399999976158142
endloop
endfacet
facet normal 0.0 1.0 0.0
outer loop
vertex 2.549999952316284 -0.30000001192092896 1.399999976158142
vertex 3.4410452842712402 -0.30000001192092896 2.0
vertex 5.658954620361328 -0.30000001192092896 2.0
endloop
endfacet
facet normal -0.0 1.0 0.0
outer loop
vertex 2.549999952316284 -0.30000001192092896 1.399999976158142
vertex 5.658954620361328 -0.30000001192092896 2.0
vertex 6.550000190734863 -0.30000001192092896 1.399999976158142
endloop
endfacet
facet normal -0.0 1.0 0.0
outer loop
vertex 3.4410452842712402 -0.30000001192092896 2.0
vertex 5.658954620361328 -0.30000001192092896 4.0
vertex 5.658954620361328 -0.30000001192092896 2.0
endloop
endfacet
facet normal 0.0 0.9999999999999999 -0.0
outer loop
vertex 6.550000190734863 -0.30000001192092896 1.399999976158142
vertex 5.658954620361328 -0.30000001192092896 2.0
vertex 6.550000190734863 -0.30000001192092896 2.0
endloop
endfacet
facet normal -1.0 0.0 0.0
outer loop
vertex 6.550000190734863 -0.30000001192092896 1.399999976158142
vertex 6.550000190734863 -0.30000001192092896 2.0
vertex 6.550000190734863 0.30000001192092896 1.399999976158142
endloop
endfacet
facet normal -0.0 1.0 0.0
outer loop
vertex 3.0806667804718018 -0.30000001192092896 4.0
vertex 3.561032295227051 -0.30000001192092896 4.687520503997803
vertex 3.4410452842712402 -0.30000001192092896 4.0
endloop
endfacet
facet normal 0.0 1.0 0.0
outer loop
vertex 3.4410452842712402 -0.30000001192092896 2.0
vertex 3.4410452842712402 -0.30000001192092896 4.0
vertex 5.658954620361328 -0.30000001192092896 4.0
endloop
endfacet
facet normal -0.0 0.9999999999999999 0.0
outer loop
vertex 3.4410452842712402 -0.30000001192092896 4.0
vertex 3.561032295227051 -0.30000001192092896 4.687520503997803
vertex 5.658954620361328 -0.30000001192092896 4.0
endloop
endfacet
facet normal -0.0 0.9999999999999999 0.0
outer loop
vertex 3.561032295227051 -0.30000001192092896 4.687520503997803
vertex 3.8257360458374023 -0.30000001192092896 5.0552496910095215
vertex 5.658954620361328 -0.30000001192092896 4.0
endloop
endfacet
facet normal 0.0 1.0 0.0
outer loop
vertex 3.988739490509033 -0.30000001192092896 5.2726640701293945
vertex 5.538967609405518 -0.30000001192092896 4.687520503997803
vertex 5.658954620361328 -0.30000001192092896 4.0
endloop
endfacet
facet normal -0.0 1.0 0.0
outer loop
vertex 3.8257360458374023 -0.30000001192092896 5.0552496910095215
vertex 3.988739490509033 -0.30000001192092896 5.2726640701293945
vertex 5.658954620361328 -0.30000001192092896 4.0
endloop
endfacet
facet normal 0.0 1.0 0.0
outer loop
vertex 4.089357376098633 -0.30000001192092896 5.400000095367432
vertex 5.274263858795166 -0.30000001192092896 5.0552496910095215
vertex 5.538967609405518 -0.30000001192092896 4.687520503997803
endloop
endfacet
facet normal -0.0 1.0 0.0
outer loop
vertex 3.988739490509033 -0.30000001192092896 5.2726640701293945
vertex 4.089357376098633 -0.30000001192092896 5.400000095367432
vertex 5.538967609405518 -0.30000001192092896 4.687520503997803
endloop
endfacet
facet normal 0.0 1.0 -0.0
outer loop
vertex 5.111260414123535 -0.30000001192092896 5.2726640701293945
vertex 4.089357376098633 -0.30000001192092896 5.400000095367432
vertex 5.010643005371094 -0.30000001192092896 5.400000095367432
endloop
endfacet
facet normal -0.0 1.0 -0.0
outer loop
vertex 5.274263858795166 -0.30000001192092896 5.0552496910095215
vertex 4.089357376098633 -0.30000001192092896 5.400000095367432
vertex 5.111260414123535 -0.30000001192092896 5.2726640701293945
endloop
endfacet
facet normal -0.0 1.0 -0.0
outer loop
vertex 5.658954620361328 -0.30000001192092896 4.0
vertex 5.538967609405518 -0.30000001192092896 4.687520503997803
vertex 6.0193328857421875 -0.30000001192092896 4.0
endloop
endfacet
facet normal 1.0 0.0 0.0
outer loop
vertex 2.549999952316284 -0.30000001192092896 1.399999976158142
vertex 2.549999952316284 0.30000001192092896 1.399999976158142
vertex 2.549999952316284 0.30000001192092896 2.0
endloop
endfacet
facet normal 0.0 -1.0 0.0
outer loop
vertex 2.549999952316284 0.30000001192092896 1.399999976158142
vertex 3.4410452842712402 0.30000001192092896 2.0
vertex 2.549999952316284 0.30000001192092896 2.0
endloop
endfacet
facet normal 0.0 -1.0 0.0
outer loop
vertex 2.549999952316284 0.30000001192092896 1.399999976158142
vertex 5.658954620361328 0.30000001192092896 2.0
vertex 3.4410452842712402 0.30000001192092896 2.0
endloop
endfacet
facet normal 0.0 -0.0 1.0
outer loop
vertex 6.550000190734863 -0.30000001192092896 1.399999976158142
vertex 6.550000190734863 0.30000001192092896 1.399999976158142
vertex 2.549999952316284 0.30000001192092896 1.399999976158142
endloop
endfacet
facet normal 0.0 -1.0 0.0
outer loop
vertex 2.549999952316284 0.30000001192092896 1.399999976158142
vertex 6.550000190734863 0.30000001192092896 1.399999976158142
vertex 6.550000190734863 0.30000001192092896 2.0
endloop
endfacet
facet normal 0.0 -0.9999999999999999 0.0
outer loop
vertex 2.549999952316284 0.30000001192092896 1.399999976158142
vertex 6.550000190734863 0.30000001192092896 2.0
vertex 5.658954620361328 0.30000001192092896 2.0
endloop
endfacet
facet normal 0.0 -1.0 0.0
outer loop
vertex 3.4410452842712402 0.30000001192092896 2.0
vertex 5.658954620361328 0.30000001192092896 2.0
vertex 3.4410452842712402 0.30000001192092896 4.0
endloop
endfacet
facet normal -1.0 0.0 0.0
outer loop
vertex 6.550000190734863 0.30000001192092896 1.399999976158142
vertex 6.550000190734863 -0.30000001192092896 2.0
vertex 6.550000190734863 0.30000001192092896 2.0
endloop
endfacet
facet normal -0.0 -1.0 0.0
outer loop
vertex 3.4410452842712402 0.30000001192092896 4.0
vertex 3.561032295227051 0.30000001192092896 4.687520503997803
vertex 3.0806667804718018 0.30000001192092896 4.0
endloop
endfacet
facet normal 0.0 -1.0 0.0
outer loop
vertex 5.658954620361328 0.30000001192092896 2.0
vertex 5.658954620361328 0.30000001192092896 4.0
vertex 3.4410452842712402 0.30000001192092896 4.0
endloop
endfacet
facet normal -0.0 -1.0 0.0
outer loop
vertex 3.4410452842712402 0.30000001192092896 4.0
vertex 5.111260414123535 0.30000001192092896 5.2726640701293945
vertex 3.561032295227051 0.30000001192092896 4.687520503997803
endloop
endfacet
facet normal -0.0 -0.9999999999999999 0.0
outer loop
vertex 5.658954620361328 0.30000001192092896 4.0
vertex 5.538967609405518 0.30000001192092896 4.687520503997803
vertex 3.4410452842712402 0.30000001192092896 4.0
endloop
endfacet
facet normal 0.0 -0.9999999999999999 0.0
outer loop
vertex 3.4410452842712402 0.30000001192092896 4.0
vertex 5.538967609405518 0.30000001192092896 4.687520503997803
vertex 5.274263858795166 0.30000001192092896 5.0552496910095215
endloop
endfacet
facet normal 0.0 -1.0 -0.0
outer loop
vertex 3.8257360458374023 0.30000001192092896 5.0552496910095215
vertex 3.561032295227051 0.30000001192092896 4.687520503997803
vertex 5.010643005371094 0.30000001192092896 5.400000095367432
endloop
endfacet
facet normal 0.0 -0.9999999999999999 -0.0
outer loop
vertex 3.988739490509033 0.30000001192092896 5.2726640701293945
vertex 3.8257360458374023 0.30000001192092896 5.0552496910095215
vertex 5.010643005371094 0.30000001192092896 5.400000095367432
endloop
endfacet
facet normal 0.0 -1.0 0.0
outer loop
vertex 3.988739490509033 0.30000001192092896 5.2726640701293945
vertex 5.010643005371094 0.30000001192092896 5.400000095367432
vertex 4.089357376098633 0.30000001192092896 5.400000095367432
endloop
endfacet
facet normal 0.0 -1.0 0.0
outer loop
vertex 3.4410452842712402 0.30000001192092896 4.0
vertex 5.274263858795166 0.30000001192092896 5.0552496910095215
vertex 5.111260414123535 0.30000001192092896 5.2726640701293945
endloop
endfacet
facet normal 0.0 -1.0 0.0
outer loop
vertex 3.561032295227051 0.30000001192092896 4.687520503997803
vertex 5.111260414123535 0.30000001192092896 5.2726640701293945
vertex 5.010643005371094 0.30000001192092896 5.400000095367432
endloop
endfacet
facet normal 0.0 -1.0 0.0
outer loop
vertex 5.538967609405518 0.30000001192092896 4.687520503997803
vertex 5.658954620361328 0.30000001192092896 4.0
vertex 6.0193328857421875 0.30000001192092896 4.0
endloop
endfacet

endsolid
