solid 
facet normal 0.0 -0.0 -0.9999999999999999
outer loop
vertex -76.098 -93.195 0.0
vertex -71.528 -89.296 0.0
vertex -72.923 -96.559 0.0
endloop
endfacet
facet normal 0.0 -0.0 -1.0
outer loop
vertex -72.923 -96.559 0.0
vertex -68.752 -92.236 0.0
vertex -69.311 -99.731 0.0
endloop
endfacet
facet normal 0.0 0.0 -1.0
outer loop
vertex -72.923 -96.559 0.0
vertex -71.528 -89.296 0.0
vertex -68.752 -92.236 0.0
endloop
endfacet
facet normal 0.0 0.0 -1.0
outer loop
vertex -69.311 -99.731 0.0
vertex -65.546 -95.052 0.0
vertex -65.265 -102.707 0.0
endloop
endfacet
facet normal 0.0 0.0 -1.0
outer loop
vertex -69.311 -99.731 0.0
vertex -68.752 -92.236 0.0
vertex -65.546 -95.052 0.0
endloop
endfacet
facet normal 0.0 -0.0 -1.0
outer loop
vertex -84.362 -77.887 0.0
vertex -78.574 -76.272 0.0
vertex -82.969 -81.985 0.0
endloop
endfacet
facet normal 0.0 0.0 -1.0
outer loop
vertex -84.362 -77.887 0.0
vertex -79.371 -72.645 0.0
vertex -78.574 -76.272 0.0
endloop
endfacet
facet normal 0.0 0.0 -0.9999999999999999
outer loop
vertex -81.124 -85.905 0.0
vertex -82.969 -81.985 0.0
vertex -77.396 -79.735 0.0
endloop
endfacet
facet normal 0.0 -0.0 -1.0
outer loop
vertex -81.124 -85.905 0.0
vertex -75.836 -83.051 0.0
vertex -78.833 -89.642 0.0
endloop
endfacet
facet normal 0.0 0.0 -1.0
outer loop
vertex -81.124 -85.905 0.0
vertex -77.396 -79.735 0.0
vertex -75.836 -83.051 0.0
endloop
endfacet
facet normal 0.0 0.0 -1.0
outer loop
vertex -76.098 -93.195 0.0
vertex -78.833 -89.642 0.0
vertex -73.884 -86.235 0.0
endloop
endfacet
facet normal 0.0 0.0 -1.0
outer loop
vertex -78.833 -89.642 0.0
vertex -75.836 -83.051 0.0
vertex -73.884 -86.235 0.0
endloop
endfacet
facet normal 0.0 0.0 -1.0
outer loop
vertex -82.969 -81.985 0.0
vertex -78.574 -76.272 0.0
vertex -77.396 -79.735 0.0
endloop
endfacet
facet normal 0.0 0.0 -0.9999999999999999
outer loop
vertex -85.301 -73.615 0.0
vertex -85.783 -69.171 0.0
vertex -79.371 -72.645 0.0
endloop
endfacet
facet normal 0.0 0.0 -0.9999999999999999
outer loop
vertex -84.362 -77.887 0.0
vertex -85.301 -73.615 0.0
vertex -79.371 -72.645 0.0
endloop
endfacet
facet normal 0.0 0.0 -0.9999999999999999
outer loop
vertex -85.783 -69.171 0.0
vertex -79.804 -68.65 0.0
vertex -79.371 -72.645 0.0
endloop
endfacet
facet normal 0.0 0.0 -1.0
outer loop
vertex -85.783 -69.171 0.0
vertex -86.109 -64.229 0.0
vertex -80.111 -64.006 0.0
endloop
endfacet
facet normal 0.0 0.0 -1.0
outer loop
vertex -86.109 -64.229 0.0
vertex -86.129 -61.829 0.0
vertex -80.111 -64.006 0.0
endloop
endfacet
facet normal 0.0 0.0 -0.9999999999999999
outer loop
vertex -86.129 -61.829 0.0
vertex -86.044 -59.482 0.0
vertex -80.053 -59.847 0.0
endloop
endfacet
facet normal 0.0 0.0 -1.0
outer loop
vertex -85.783 -69.171 0.0
vertex -80.111 -64.006 0.0
vertex -79.804 -68.65 0.0
endloop
endfacet
facet normal 0.0 -0.0 -1.0
outer loop
vertex -86.129 -61.829 0.0
vertex -80.053 -59.847 0.0
vertex -80.111 -64.006 0.0
endloop
endfacet
facet normal 0.0 0.0 -0.9999999999999999
outer loop
vertex -76.098 -93.195 0.0
vertex -73.884 -86.235 0.0
vertex -71.528 -89.296 0.0
endloop
endfacet
facet normal 0.0 0.0 -1.0
outer loop
vertex -65.265 -102.707 0.0
vertex -61.9 -97.734 0.0
vertex -60.79 -105.484 0.0
endloop
endfacet
facet normal 0.0 0.0 -1.0
outer loop
vertex -65.265 -102.707 0.0
vertex -65.546 -95.052 0.0
vertex -61.9 -97.734 0.0
endloop
endfacet
facet normal 0.0 0.0 -1.0
outer loop
vertex -60.79 -105.484 0.0
vertex -61.9 -97.734 0.0
vertex -57.809 -100.272 0.0
endloop
endfacet
facet normal 0.0 0.0 -1.0
outer loop
vertex -60.79 -105.484 0.0
vertex -57.809 -100.272 0.0
vertex -55.889 -108.059 0.0
endloop
endfacet
facet normal 0.0 0.0 -1.0
outer loop
vertex -55.889 -108.059 0.0
vertex -57.809 -100.272 0.0
vertex -53.272 -102.656 0.0
endloop
endfacet
facet normal 0.0 0.0 -1.0
outer loop
vertex -55.889 -108.059 0.0
vertex -53.272 -102.656 0.0
vertex -50.565 -110.427 0.0
endloop
endfacet
facet normal 0.0 0.0 -1.0
outer loop
vertex -50.565 -110.427 0.0
vertex -53.272 -102.656 0.0
vertex -48.21 -104.908 0.0
endloop
endfacet
facet normal 0.0 0.0 -1.0
outer loop
vertex -50.565 -110.427 0.0
vertex -48.21 -104.908 0.0
vertex -46.416 -112.123 0.0
endloop
endfacet
facet normal 0.0 0.0 -0.9999999999999999
outer loop
vertex -46.416 -112.123 0.0
vertex -48.21 -104.908 0.0
vertex -44.275 -106.517 0.0
endloop
endfacet
facet normal 0.0 0.0 -1.0
outer loop
vertex -46.416 -112.123 0.0
vertex -44.275 -106.517 0.0
vertex -42.031 -113.683 0.0
endloop
endfacet
facet normal -0.7924166686847834 -0.6099801826211325 -0.0
outer loop
vertex -76.098 -93.195 0.0
vertex -78.833 -89.642 16.0
vertex -78.833 -89.642 0.0
endloop
endfacet
facet normal -0.6598584710347781 -0.7513899109008882 0.0
outer loop
vertex -72.923 -96.559 0.0
vertex -69.311 -99.731 0.0
vertex -72.923 -96.559 16.0
endloop
endfacet
facet normal -0.7272409338554275 -0.68638227258947 0.0
outer loop
vertex -76.098 -93.195 0.0
vertex -72.923 -96.559 0.0
vertex -76.098 -93.195 16.0
endloop
endfacet
facet normal -0.5925196729808723 -0.8055559801346149 0.0
outer loop
vertex -69.311 -99.731 0.0
vertex -65.265 -102.707 0.0
vertex -69.311 -99.731 16.0
endloop
endfacet
facet normal 0.7270954499714288 0.6865363840546584 0.0
outer loop
vertex -68.752 -92.236 0.0
vertex -71.528 -89.296 0.0
vertex -68.752 -92.236 16.0
endloop
endfacet
facet normal 0.6599302647159633 0.7513268567753442 0.0
outer loop
vertex -68.752 -92.236 0.0
vertex -65.546 -95.052 16.0
vertex -65.546 -95.052 0.0
endloop
endfacet
facet normal -0.9047925458849746 -0.42585261407086134 -0.0
outer loop
vertex -81.124 -85.905 0.0
vertex -82.969 -81.985 16.0
vertex -82.969 -81.985 0.0
endloop
endfacet
facet normal -0.9467952747480475 -0.3218364611332433 0.0
outer loop
vertex -84.362 -77.887 0.0
vertex -82.969 -81.985 0.0
vertex -84.362 -77.887 16.0
endloop
endfacet
facet normal -0.9766847488836234 -0.21467860000040453 -0.0
outer loop
vertex -84.362 -77.887 0.0
vertex -85.301 -73.615 16.0
vertex -85.301 -73.615 0.0
endloop
endfacet
facet normal -0.8525422285703306 -0.5226583477802054 0.0
outer loop
vertex -81.124 -85.905 0.0
vertex -78.833 -89.642 0.0
vertex -81.124 -85.905 16.0
endloop
endfacet
facet normal 0.9766975541700872 0.21462033379474899 0.0
outer loop
vertex -78.574 -76.272 0.0
vertex -79.371 -72.645 0.0
vertex -78.574 -76.272 16.0
endloop
endfacet
facet normal 0.9048681699831874 0.425691901439618 0.0
outer loop
vertex -75.836 -83.051 0.0
vertex -77.396 -79.735 0.0
vertex -75.836 -83.051 16.0
endloop
endfacet
facet normal 0.9467244094153842 0.322044861187214 0.0
outer loop
vertex -78.574 -76.272 0.0
vertex -77.396 -79.735 16.0
vertex -77.396 -79.735 0.0
endloop
endfacet
facet normal -0.9941695136098272 -0.10782846659764565 -0.0
outer loop
vertex -85.301 -73.615 0.0
vertex -85.783 -69.171 16.0
vertex -85.783 -69.171 0.0
endloop
endfacet
facet normal -0.99783137131896 -0.06582214226021325 -0.0
outer loop
vertex -85.783 -69.171 0.0
vertex -86.109 -64.229 16.0
vertex -86.109 -64.229 0.0
endloop
endfacet
facet normal -0.9999652795861221 -0.008333043996555286 -0.0
outer loop
vertex -86.109 -64.229 0.0
vertex -86.129 -61.829 16.0
vertex -86.129 -61.829 0.0
endloop
endfacet
facet normal -0.9993448289370678 0.03619271855971822 0.0
outer loop
vertex -86.129 -61.829 0.0
vertex -86.044 -59.482 16.0
vertex -86.044 -59.482 0.0
endloop
endfacet
facet normal 0.9941775428406138 0.10775441202753284 0.0
outer loop
vertex -79.371 -72.645 0.0
vertex -79.804 -68.65 0.0
vertex -79.371 -72.645 16.0
endloop
endfacet
facet normal 0.997822080915681 0.06596282920781996 0.0
outer loop
vertex -79.804 -68.65 0.0
vertex -80.111 -64.006 0.0
vertex -79.804 -68.65 16.0
endloop
endfacet
facet normal 0.9999027734647181 -0.013944304126222794 0.0
outer loop
vertex -80.111 -64.006 0.0
vertex -80.053 -59.847 0.0
vertex -80.111 -64.006 16.0
endloop
endfacet
facet normal 0.8525396744347277 0.522662513975059 0.0
outer loop
vertex -75.836 -83.051 0.0
vertex -73.884 -86.235 16.0
vertex -73.884 -86.235 0.0
endloop
endfacet
facet normal 0.7924507246961038 0.6099359383809252 0.0
outer loop
vertex -73.884 -86.235 0.0
vertex -71.528 -89.296 16.0
vertex -71.528 -89.296 0.0
endloop
endfacet
facet normal -0.46511353288411594 -0.885251038704873 0.0
outer loop
vertex -60.79 -105.484 0.0
vertex -55.889 -108.059 0.0
vertex -60.79 -105.484 16.0
endloop
endfacet
facet normal -0.4063932245107169 -0.9136982801077072 0.0
outer loop
vertex -55.889 -108.059 0.0
vertex -50.565 -110.427 0.0
vertex -55.889 -108.059 16.0
endloop
endfacet
facet normal -0.5272825089392132 -0.8496900351109036 0.0
outer loop
vertex -65.265 -102.707 0.0
vertex -60.79 -105.484 0.0
vertex -65.265 -102.707 16.0
endloop
endfacet
facet normal 0.5925507135929998 0.8055331475615555 0.0
outer loop
vertex -65.546 -95.052 0.0
vertex -61.9 -97.734 16.0
vertex -61.9 -97.734 0.0
endloop
endfacet
facet normal 0.527176709353471 0.8497556808372898 0.0
outer loop
vertex -61.9 -97.734 0.0
vertex -57.809 -100.272 16.0
vertex -57.809 -100.272 0.0
endloop
endfacet
facet normal 0.4651512516582789 0.8852312201231588 0.0
outer loop
vertex -57.809 -100.272 0.0
vertex -53.272 -102.656 16.0
vertex -53.272 -102.656 0.0
endloop
endfacet
facet normal -0.3783809041845478 -0.9256499831731668 0.0
outer loop
vertex -50.565 -110.427 0.0
vertex -46.416 -112.123 0.0
vertex -50.565 -110.427 16.0
endloop
endfacet
facet normal -0.3351792129741339 -0.9421543903151117 0.0
outer loop
vertex -46.416 -112.123 0.0
vertex -42.031 -113.683 0.0
vertex -46.416 -112.123 16.0
endloop
endfacet
facet normal 0.37847713385751464 0.925610641223944 0.0
outer loop
vertex -44.275 -106.517 0.0
vertex -48.21 -104.908 0.0
vertex -44.275 -106.517 16.0
endloop
endfacet
facet normal 0.40647337682446283 0.9136626258816315 0.0
outer loop
vertex -53.272 -102.656 0.0
vertex -48.21 -104.908 16.0
vertex -48.21 -104.908 0.0
endloop
endfacet
facet normal -0.6491236067506638 -0.7606829452268596 0.0
outer loop
vertex -45.536 -60.318 0.0
vertex -42.829 -62.628 0.0
vertex -45.536 -60.318 16.0
endloop
endfacet
facet normal 0.0 0.0 -0.9999999999999999
outer loop
vertex -86.044 -59.482 0.0
vertex -85.847 -57.19 0.0
vertex -79.883 -57.868 0.0
endloop
endfacet
facet normal 0.0 0.0 -1.0
outer loop
vertex -85.847 -57.19 0.0
vertex -85.531 -54.958 0.0
vertex -79.616 -55.978 0.0
endloop
endfacet
facet normal 0.0 -0.0 -1.0
outer loop
vertex -86.044 -59.482 0.0
vertex -79.883 -57.868 0.0
vertex -80.053 -59.847 0.0
endloop
endfacet
facet normal 0.0 -0.0 -1.0
outer loop
vertex -85.847 -57.19 0.0
vertex -79.616 -55.978 0.0
vertex -79.883 -57.868 0.0
endloop
endfacet
facet normal 0.0 0.0 -1.0
outer loop
vertex -85.531 -54.958 0.0
vertex -85.09 -52.789 0.0
vertex -79.25 -54.179 0.0
endloop
endfacet
facet normal 0.0 -0.0 -1.0
outer loop
vertex -85.531 -54.958 0.0
vertex -79.25 -54.179 0.0
vertex -79.616 -55.978 0.0
endloop
endfacet
facet normal 0.0 -0.0 -0.9999999999999999
outer loop
vertex -85.09 -52.789 0.0
vertex -78.784 -52.473 0.0
vertex -79.25 -54.179 0.0
endloop
endfacet
facet normal 0.0 0.0 -1.0
outer loop
vertex -85.09 -52.789 0.0
vertex -84.516 -50.687 0.0
vertex -78.784 -52.473 0.0
endloop
endfacet
facet normal 0.0 0.0 -1.0
outer loop
vertex -84.516 -50.687 0.0
vertex -83.802 -48.654 0.0
vertex -78.217 -50.857 0.0
endloop
endfacet
facet normal 0.0 0.0 -1.0
outer loop
vertex -83.802 -48.654 0.0
vertex -82.941 -46.694 0.0
vertex -77.545 -49.328 0.0
endloop
endfacet
facet normal 0.0 -0.0 -1.0
outer loop
vertex -84.516 -50.687 0.0
vertex -78.217 -50.857 0.0
vertex -78.784 -52.473 0.0
endloop
endfacet
facet normal 0.0 -0.0 -1.0
outer loop
vertex -83.802 -48.654 0.0
vertex -77.545 -49.328 0.0
vertex -78.217 -50.857 0.0
endloop
endfacet
facet normal 0.0 0.0 -1.0
outer loop
vertex -82.941 -46.694 0.0
vertex -81.927 -44.812 0.0
vertex -76.79 -47.928 0.0
endloop
endfacet
facet normal 0.0 0.0 -0.9999999999999999
outer loop
vertex -76.79 -47.928 0.0
vertex -81.927 -44.812 0.0
vertex -80.752 -43.009 0.0
endloop
endfacet
facet normal 0.0 -0.0 -0.9999999999999999
outer loop
vertex -82.941 -46.694 0.0
vertex -76.79 -47.928 0.0
vertex -77.545 -49.328 0.0
endloop
endfacet
facet normal 0.0 0.0 -1.0
outer loop
vertex -76.79 -47.928 0.0
vertex -78.409 -42.125 0.0
vertex -74.654 -47.342 0.0
endloop
endfacet
facet normal 0.0 0.0 -0.9999999999999999
outer loop
vertex -76.79 -47.928 0.0
vertex -80.752 -43.009 0.0
vertex -78.409 -42.125 0.0
endloop
endfacet
facet normal 0.0 0.0 -1.0
outer loop
vertex -78.409 -42.125 0.0
vertex -75.926 -41.472 0.0
vertex -74.654 -47.342 0.0
endloop
endfacet
facet normal 0.0 -0.0 -1.0
outer loop
vertex -75.926 -41.472 0.0
vertex -72.54 -46.98 0.0
vertex -74.654 -47.342 0.0
endloop
endfacet
facet normal 0.0 0.0 -1.0
outer loop
vertex -75.926 -41.472 0.0
vertex -73.331 -41.028 0.0
vertex -72.54 -46.98 0.0
endloop
endfacet
facet normal 0.0 0.0 -1.0
outer loop
vertex -72.54 -46.98 0.0
vertex -73.331 -41.028 0.0
vertex -70.272 -46.764 0.0
endloop
endfacet
facet normal 0.0 0.0 -1.0
outer loop
vertex -70.272 -46.764 0.0
vertex -73.331 -41.028 0.0
vertex -70.652 -40.773 0.0
endloop
endfacet
facet normal 0.0 0.0 -0.9999999999999999
outer loop
vertex -70.272 -46.764 0.0
vertex -70.652 -40.773 0.0
vertex -67.886 -46.688 0.0
endloop
endfacet
facet normal 0.0 0.0 -1.0
outer loop
vertex -67.886 -46.688 0.0
vertex -70.652 -40.773 0.0
vertex -67.918 -40.686 0.0
endloop
endfacet
facet normal 0.0 0.0 -1.0
outer loop
vertex -67.886 -46.688 0.0
vertex -67.918 -40.686 0.0
vertex -65.42 -46.741 0.0
endloop
endfacet
facet normal 0.0 0.0 -1.0
outer loop
vertex -65.42 -46.741 0.0
vertex -67.918 -40.686 0.0
vertex -65.155 -40.745 0.0
endloop
endfacet
facet normal 0.0 -0.0 -1.0
outer loop
vertex -68.064 -11.297 0.0
vertex -60.691 -11.346 0.0
vertex -66.702 -13.456 0.0
endloop
endfacet
facet normal 0.0 0.0 -1.0
outer loop
vertex -68.064 -11.297 0.0
vertex -69.185 -8.961 0.0
vertex -60.691 -11.346 0.0
endloop
endfacet
facet normal 0.0 -0.0 -1.0
outer loop
vertex -70.061 -6.449 0.0
vertex -64.292 -4.772 0.0
vertex -69.185 -8.961 0.0
endloop
endfacet
facet normal 0.0 0.0 -1.0
outer loop
vertex -70.061 -6.449 0.0
vertex -70.689 -3.766 0.0
vertex -64.292 -4.772 0.0
endloop
endfacet
facet normal 0.0 0.0 -0.9999999999999999
outer loop
vertex -70.689 -3.766 0.0
vertex -72.326 0.508 0.0
vertex -66.668 2.513 0.0
endloop
endfacet
facet normal 0.0 0.0 -1.0
outer loop
vertex -70.689 -3.766 0.0
vertex -66.668 2.513 0.0
vertex -65.086 -1.621 0.0
endloop
endfacet
facet normal 0.0 0.0 -0.9999999999999999
outer loop
vertex -69.185 -8.961 0.0
vertex -64.292 -4.772 0.0
vertex -63.542 -6.852 0.0
endloop
endfacet
facet normal 0.0 0.0 -1.0
outer loop
vertex -70.689 -3.766 0.0
vertex -65.086 -1.621 0.0
vertex -64.292 -4.772 0.0
endloop
endfacet
facet normal 0.0 0.0 -0.9999999999999999
outer loop
vertex -60.431 -47.172 0.0
vertex -59.658 -41.221 0.0
vertex -55.437 -47.94 0.0
endloop
endfacet
facet normal 0.0 0.0 -1.0
outer loop
vertex -55.437 -47.94 0.0
vertex -54.385 -42.031 0.0
vertex -53.966 -48.238 0.0
endloop
endfacet
facet normal 0.0 0.0 -1.0
outer loop
vertex -65.42 -46.741 0.0
vertex -65.155 -40.745 0.0
vertex -62.393 -40.931 0.0
endloop
endfacet
facet normal 0.0 0.0 -0.9999999999999999
outer loop
vertex -65.42 -46.741 0.0
vertex -62.393 -40.931 0.0
vertex -60.431 -47.172 0.0
endloop
endfacet
facet normal 0.0 0.0 -1.0
outer loop
vertex -60.431 -47.172 0.0
vertex -62.393 -40.931 0.0
vertex -59.658 -41.221 0.0
endloop
endfacet
facet normal 0.0 0.0 -1.0
outer loop
vertex -55.437 -47.94 0.0
vertex -59.658 -41.221 0.0
vertex -54.385 -42.031 0.0
endloop
endfacet
facet normal 0.0 0.0 -1.0
outer loop
vertex -50.21 -54.923 0.0
vertex -52.147 -51.875 0.0
vertex -45.455 -51.264 0.0
endloop
endfacet
facet normal 0.0 -0.0 -0.9999999999999999
outer loop
vertex -53.966 -48.238 0.0
vertex -47.057 -48.697 0.0
vertex -52.147 -51.875 0.0
endloop
endfacet
facet normal 0.0 0.0 -1.0
outer loop
vertex -53.966 -48.238 0.0
vertex -48.428 -45.942 0.0
vertex -47.057 -48.697 0.0
endloop
endfacet
facet normal 0.0 0.0 -1.0
outer loop
vertex -53.966 -48.238 0.0
vertex -49.559 -43.009 0.0
vertex -48.428 -45.942 0.0
endloop
endfacet
facet normal 0.0 -0.0 -1.0
outer loop
vertex -50.21 -54.923 0.0
vertex -43.633 -53.631 0.0
vertex -48.001 -57.744 0.0
endloop
endfacet
facet normal 0.0 0.0 -1.0
outer loop
vertex -50.21 -54.923 0.0
vertex -45.455 -51.264 0.0
vertex -43.633 -53.631 0.0
endloop
endfacet
facet normal 0.0 0.0 -1.0
outer loop
vertex -45.536 -60.318 0.0
vertex -48.001 -57.744 0.0
vertex -41.601 -55.788 0.0
endloop
endfacet
facet normal 0.0 0.0 -1.0
outer loop
vertex -48.001 -57.744 0.0
vertex -43.633 -53.631 0.0
vertex -41.601 -55.788 0.0
endloop
endfacet
facet normal 0.0 0.0 -1.0
outer loop
vertex -52.147 -51.875 0.0
vertex -47.057 -48.697 0.0
vertex -45.455 -51.264 0.0
endloop
endfacet
facet normal 0.0 0.0 -1.0
outer loop
vertex -53.966 -48.238 0.0
vertex -54.385 -42.031 0.0
vertex -49.559 -43.009 0.0
endloop
endfacet
facet normal 0.0 -0.0 -1.0
outer loop
vertex -65.102 -15.433 0.0
vertex -59.319 -12.695 0.0
vertex -63.269 -17.225 0.0
endloop
endfacet
facet normal 0.0 -0.0 -1.0
outer loop
vertex -63.269 -17.225 0.0
vertex -59.319 -12.695 0.0
vertex -61.204 -18.828 0.0
endloop
endfacet
facet normal 0.0 -0.0 -1.0
outer loop
vertex -61.204 -18.828 0.0
vertex -57.781 -13.889 0.0
vertex -58.913 -20.239 0.0
endloop
endfacet
facet normal 0.0 0.0 -1.0
outer loop
vertex -61.204 -18.828 0.0
vertex -59.319 -12.695 0.0
vertex -57.781 -13.889 0.0
endloop
endfacet
facet normal 0.0 -0.0 -1.0
outer loop
vertex -58.913 -20.239 0.0
vertex -56.027 -14.969 0.0
vertex -56.398 -21.454 0.0
endloop
endfacet
facet normal 0.0 0.0 -1.0
outer loop
vertex -58.913 -20.239 0.0
vertex -57.781 -13.889 0.0
vertex -56.027 -14.969 0.0
endloop
endfacet
facet normal 0.0 0.0 -1.0
outer loop
vertex -56.398 -21.454 0.0
vertex -54.043 -15.928 0.0
vertex -53.663 -22.47 0.0
endloop
endfacet
facet normal 0.0 0.0 -1.0
outer loop
vertex -56.398 -21.454 0.0
vertex -56.027 -14.969 0.0
vertex -54.043 -15.928 0.0
endloop
endfacet
facet normal 0.0 0.0 -1.0
outer loop
vertex -65.102 -15.433 0.0
vertex -66.702 -13.456 0.0
vertex -60.691 -11.346 0.0
endloop
endfacet
facet normal 0.0 0.0 -0.9999999999999999
outer loop
vertex -69.185 -8.961 0.0
vertex -63.542 -6.852 0.0
vertex -60.691 -11.346 0.0
endloop
endfacet
facet normal 0.0 0.0 -1.0
outer loop
vertex -65.102 -15.433 0.0
vertex -60.691 -11.346 0.0
vertex -59.319 -12.695 0.0
endloop
endfacet
facet normal 0.0 0.0 -1.0
outer loop
vertex -60.691 -11.346 0.0
vertex -63.542 -6.852 0.0
vertex -59.286 -6.122 0.0
endloop
endfacet
facet normal 0.0 0.0 -1.0
outer loop
vertex -60.691 -11.346 0.0
vertex -59.286 -6.122 0.0
vertex -57.516 -10.793 0.0
endloop
endfacet
facet normal 0.0 -0.0 -0.9999999999999999
outer loop
vertex -59.286 -6.122 0.0
vertex -51.17 -3.249 0.0
vertex -57.516 -10.793 0.0
endloop
endfacet
facet normal 0.0 0.0 -1.0
outer loop
vertex -50.711 -23.284 0.0
vertex -53.663 -22.47 0.0
vertex -51.817 -16.755 0.0
endloop
endfacet
facet normal 0.0 -0.0 -0.9999999999999999
outer loop
vertex -54.043 -15.928 0.0
vertex -51.817 -16.755 0.0
vertex -53.663 -22.47 0.0
endloop
endfacet
facet normal 0.0 0.0 -1.0
outer loop
vertex -50.711 -23.284 0.0
vertex -51.817 -16.755 0.0
vertex -49.319 -17.443 0.0
endloop
endfacet
facet normal 0.0 0.0 -1.0
outer loop
vertex -50.711 -23.284 0.0
vertex -49.319 -17.443 0.0
vertex -45.411 -24.352 0.0
endloop
endfacet
facet normal 0.0 0.0 -1.0
outer loop
vertex -45.411 -24.352 0.0
vertex -44.346 -18.446 0.0
vertex -43.041 -24.73 0.0
endloop
endfacet
facet normal 0.0 -0.0 -1.0
outer loop
vertex -49.319 -17.443 0.0
vertex -44.346 -18.446 0.0
vertex -45.411 -24.352 0.0
endloop
endfacet
facet normal 0.0 -0.0 -1.0
outer loop
vertex -44.346 -18.446 0.0
vertex -42.231 -18.783 0.0
vertex -43.041 -24.73 0.0
endloop
endfacet
facet normal 0.0 0.0 -1.0
outer loop
vertex -57.516 -10.793 0.0
vertex -51.17 -3.249 0.0
vertex -49.256 -7.868 0.0
endloop
endfacet
facet normal 0.0 0.0 -0.9999999999999999
outer loop
vertex -49.256 -7.868 0.0
vertex -51.17 -3.249 0.0
vertex -41.433 -3.812 0.0
endloop
endfacet
facet normal 0.0 0.0 -1.0
outer loop
vertex -51.17 -3.249 0.0
vertex -43.346 0.807 0.0
vertex -41.433 -3.812 0.0
endloop
endfacet
facet normal -0.9963265422854021 0.08563539652278655 0.0
outer loop
vertex -86.044 -59.482 0.0
vertex -85.847 -57.19 16.0
vertex -85.847 -57.19 0.0
endloop
endfacet
facet normal -0.9901261563942799 0.1401791511740954 0.0
outer loop
vertex -85.847 -57.19 0.0
vertex -85.531 -54.958 16.0
vertex -85.531 -54.958 0.0
endloop
endfacet
facet normal -0.9799501205074587 0.19924297055960918 0.0
outer loop
vertex -85.531 -54.958 0.0
vertex -85.09 -52.789 16.0
vertex -85.09 -52.789 0.0
endloop
endfacet
facet normal -0.9646790447945514 0.2634280550485583 -1.8644189435845248e-05
outer loop
vertex -85.09 -52.789 0.0
vertex -84.631 -51.107 16.0
vertex -84.516 -50.687 0.0
endloop
endfacet
facet normal -0.9435032821483579 0.33136317926902514 0.0
outer loop
vertex -84.516 -50.687 0.0
vertex -83.802 -48.654 16.0
vertex -83.802 -48.654 0.0
endloop
endfacet
facet normal -0.9155559426311901 0.4021906462272746 0.0
outer loop
vertex -83.802 -48.654 0.0
vertex -82.941 -46.694 16.0
vertex -82.941 -46.694 0.0
endloop
endfacet
facet normal -0.8803509094806723 0.4743229661070115 0.0
outer loop
vertex -82.941 -46.694 0.0
vertex -81.927 -44.812 16.0
vertex -81.927 -44.812 0.0
endloop
endfacet
facet normal 0.9963307203935339 -0.08558677234305333 0.0
outer loop
vertex -80.053 -59.847 0.0
vertex -79.883 -57.868 0.0
vertex -80.053 -59.847 16.0
endloop
endfacet
facet normal 0.9901683328214688 -0.13988092320811008 0.0
outer loop
vertex -79.883 -57.868 0.0
vertex -79.616 -55.978 0.0
vertex -79.883 -57.868 16.0
endloop
endfacet
facet normal 0.9799258418450457 -0.1993623446999925 0.0
outer loop
vertex -79.616 -55.978 0.0
vertex -79.25 -54.179 0.0
vertex -79.616 -55.978 16.0
endloop
endfacet
facet normal 0.9646593543587482 -0.2635001518940035 0.0
outer loop
vertex -79.25 -54.179 0.0
vertex -78.784 -52.473 0.0
vertex -79.25 -54.179 16.0
endloop
endfacet
facet normal 0.9436031824881403 -0.3310785918754842 0.0
outer loop
vertex -78.784 -52.473 0.0
vertex -78.217 -50.857 0.0
vertex -78.784 -52.473 16.0
endloop
endfacet
facet normal 0.9154826982323544 -0.402357340230308 0.0
outer loop
vertex -78.217 -50.857 0.0
vertex -77.545 -49.328 0.0
vertex -78.217 -50.857 16.0
endloop
endfacet
facet normal 0.8801681102007778 -0.47466208800112897 0.0
outer loop
vertex -77.545 -49.328 0.0
vertex -76.79 -47.928 0.0
vertex -77.545 -49.328 16.0
endloop
endfacet
facet normal 0.2645687980988159 -0.9643668135479092 0.0
outer loop
vertex -76.79 -47.928 0.0
vertex -74.654 -47.342 0.0
vertex -76.79 -47.928 16.0
endloop
endfacet
facet normal -0.8377954298190162 0.5459842651344177 0.0
outer loop
vertex -81.927 -44.812 0.0
vertex -80.752 -43.009 16.0
vertex -80.752 -43.009 0.0
endloop
endfacet
facet normal -0.3530044894164152 0.9356216274916932 2.4932938696923185e-05
outer loop
vertex -80.752 -43.009 0.0
vertex -78.877 -42.302 16.0
vertex -78.409 -42.125 0.0
endloop
endfacet
facet normal -0.25433991999949335 0.9671148872262546 0.0
outer loop
vertex -78.409 -42.125 0.0
vertex -75.926 -41.472 16.0
vertex -75.926 -41.472 0.0
endloop
endfacet
facet normal 0.1687826364555439 -0.9856532968702107 0.0
outer loop
vertex -74.654 -47.342 0.0
vertex -72.54 -46.98 0.0
vertex -74.654 -47.342 16.0
endloop
endfacet
facet normal 0.09480909262799278 -0.9954954725939523 0.0
outer loop
vertex -72.54 -46.98 0.0
vertex -70.272 -46.764 0.0
vertex -72.54 -46.98 16.0
endloop
endfacet
facet normal 0.031836326601654655 -0.9994930956782607 0.0
outer loop
vertex -70.272 -46.764 0.0
vertex -67.886 -46.688 0.0
vertex -70.272 -46.764 16.0
endloop
endfacet
facet normal -0.021487333086821863 -0.9997691206057606 0.0
outer loop
vertex -67.886 -46.688 0.0
vertex -65.42 -46.741 0.0
vertex -67.886 -46.688 16.0
endloop
endfacet
facet normal -0.16864752678374442 0.9856764234320136 0.0
outer loop
vertex -75.926 -41.472 0.0
vertex -73.331 -41.028 16.0
vertex -73.331 -41.028 0.0
endloop
endfacet
facet normal -0.09475648479750527 0.995500481460868 0.0
outer loop
vertex -73.331 -41.028 0.0
vertex -70.652 -40.773 16.0
vertex -70.652 -40.773 0.0
endloop
endfacet
facet normal -0.03180540781398331 0.9994940800393898 0.0
outer loop
vertex -70.652 -40.773 0.0
vertex -67.918 -40.686 16.0
vertex -67.918 -40.686 0.0
endloop
endfacet
facet normal 0.02134873445458709 0.9997720897970636 0.0
outer loop
vertex -67.918 -40.686 0.0
vertex -65.155 -40.745 16.0
vertex -65.155 -40.745 0.0
endloop
endfacet
facet normal -0.9736830386454274 -0.22790642872505207 -0.0
outer loop
vertex -70.061 -6.449 0.0
vertex -70.689 -3.766 16.0
vertex -70.689 -3.766 0.0
endloop
endfacet
facet normal -0.9338458826038825 -0.3576756457235742 -0.0
outer loop
vertex -70.689 -3.766 0.0
vertex -72.326 0.508 16.0
vertex -72.326 0.508 0.0
endloop
endfacet
facet normal -0.845768048069076 -0.5335507556600638 0.0
outer loop
vertex -68.064 -11.297 0.0
vertex -66.702 -13.456 0.0
vertex -68.064 -11.297 16.0
endloop
endfacet
facet normal -0.9015652109234102 -0.43264323692001333 -0.0
outer loop
vertex -68.064 -11.297 0.0
vertex -69.185 -8.961 16.0
vertex -69.185 -8.961 0.0
endloop
endfacet
facet normal -0.7773272713641172 -0.6290964259901785 -0.0
outer loop
vertex -65.102 -15.433 0.0
vertex -66.702 -13.456 16.0
vertex -66.702 -13.456 0.0
endloop
endfacet
facet normal -0.9442327997561555 -0.3292786355837566 -3.5709441067408786e-06
outer loop
vertex -70.061 -6.449 0.0
vertex -69.185 -8.961 0.0
vertex -69.886 -6.951 16.0
endloop
endfacet
facet normal 0.933949834775455 0.3574041215807395 0.0
outer loop
vertex -65.086 -1.621 0.0
vertex -66.668 2.513 0.0
vertex -65.086 -1.621 16.0
endloop
endfacet
facet normal -0.08606947648850977 -0.996289137357722 0.0
outer loop
vertex -65.42 -46.741 0.0
vertex -60.431 -47.172 0.0
vertex -65.42 -46.741 16.0
endloop
endfacet
facet normal -0.15199769547775788 -0.9883808479373986 0.0
outer loop
vertex -60.431 -47.172 0.0
vertex -55.437 -47.94 0.0
vertex -60.431 -47.172 16.0
endloop
endfacet
facet normal -0.19854999766791281 -0.9800907603003264 0.0
outer loop
vertex -55.437 -47.94 0.0
vertex -53.966 -48.238 0.0
vertex -55.437 -47.94 16.0
endloop
endfacet
facet normal 0.06719032327665485 0.9977401768286064 0.0
outer loop
vertex -65.155 -40.745 0.0
vertex -62.393 -40.931 16.0
vertex -62.393 -40.931 0.0
endloop
endfacet
facet normal 0.10544182348960131 0.9944254732553806 0.0
outer loop
vertex -62.393 -40.931 0.0
vertex -59.658 -41.221 16.0
vertex -59.658 -41.221 0.0
endloop
endfacet
facet normal 0.1518318108820957 0.9884063441744309 0.0
outer loop
vertex -59.658 -41.221 0.0
vertex -54.385 -42.031 16.0
vertex -54.385 -42.031 0.0
endloop
endfacet
facet normal -0.8439919792094014 -0.5363557951865511 -0.0
outer loop
vertex -50.21 -54.923 0.0
vertex -52.147 -51.875 16.0
vertex -52.147 -51.875 0.0
endloop
endfacet
facet normal -0.7873341748489485 -0.6165264772213155 0.0
outer loop
vertex -50.21 -54.923 0.0
vertex -48.001 -57.744 0.0
vertex -50.21 -54.923 16.0
endloop
endfacet
facet normal -0.894378003407814 -0.447311957162171 0.0
outer loop
vertex -53.966 -48.238 0.0
vertex -52.147 -51.875 0.0
vertex -53.966 -48.238 16.0
endloop
endfacet
facet normal -0.7222334520393905 -0.6916493625785145 -0.0
outer loop
vertex -45.536 -60.318 0.0
vertex -48.001 -57.744 16.0
vertex -48.001 -57.744 0.0
endloop
endfacet
facet normal 0.7924248210418642 0.609969591862389 0.0
outer loop
vertex -43.633 -53.631 0.0
vertex -45.455 -51.264 0.0
vertex -43.633 -53.631 16.0
endloop
endfacet
facet normal 0.8483508793441825 0.5294344015229387 0.0
outer loop
vertex -47.057 -48.697 0.0
vertex -45.455 -51.264 16.0
vertex -45.455 -51.264 0.0
endloop
endfacet
facet normal 0.8952704961383958 0.44552299463003087 0.0
outer loop
vertex -48.428 -45.942 0.0
vertex -47.057 -48.697 16.0
vertex -47.057 -48.697 0.0
endloop
endfacet
facet normal 0.19861497864295852 0.9800775939988919 0.0
outer loop
vertex -54.385 -42.031 0.0
vertex -49.559 -43.009 16.0
vertex -49.559 -43.009 0.0
endloop
endfacet
facet normal 0.933033697954025 0.3597889916079109 0.0
outer loop
vertex -48.428 -45.942 0.0
vertex -49.559 -43.009 0.0
vertex -48.428 -45.942 16.0
endloop
endfacet
facet normal -0.6990644475660094 -0.71505866762751 0.0
outer loop
vertex -65.102 -15.433 0.0
vertex -63.269 -17.225 0.0
vertex -65.102 -15.433 16.0
endloop
endfacet
facet normal -0.6131988190205062 -0.7899286096552374 0.0
outer loop
vertex -63.269 -17.225 0.0
vertex -61.204 -18.828 0.0
vertex -63.269 -17.225 16.0
endloop
endfacet
facet normal -0.5244084343642085 -0.8514668484255156 0.0
outer loop
vertex -61.204 -18.828 0.0
vertex -58.913 -20.239 0.0
vertex -61.204 -18.828 16.0
endloop
endfacet
facet normal -0.43499935522548566 -0.9004307641087191 0.0
outer loop
vertex -58.913 -20.239 0.0
vertex -56.398 -21.454 0.0
vertex -58.913 -20.239 16.0
endloop
endfacet
facet normal -0.34822955684423157 -0.9374092893395446 0.0
outer loop
vertex -56.398 -21.454 0.0
vertex -53.663 -22.47 0.0
vertex -56.398 -21.454 16.0
endloop
endfacet
facet normal 0.43519318452787514 0.9003370991692428 0.0
outer loop
vertex -54.043 -15.928 0.0
vertex -56.027 -14.969 0.0
vertex -54.043 -15.928 16.0
endloop
endfacet
facet normal 0.7011047205570352 0.7130583221677184 0.0
outer loop
vertex -60.691 -11.346 0.0
vertex -59.319 -12.695 16.0
vertex -59.319 -12.695 0.0
endloop
endfacet
facet normal 0.17158997004721332 -0.9851684537068757 0.0
outer loop
vertex -60.691 -11.346 0.0
vertex -57.516 -10.793 0.0
vertex -60.691 -11.346 16.0
endloop
endfacet
facet normal 0.9407143260896774 0.33919987719579714 0.0
outer loop
vertex -63.542 -6.852 0.0
vertex -64.292 -4.772 0.0
vertex -63.542 -6.852 16.0
endloop
endfacet
facet normal 0.9696882526471698 0.24434543719512847 0.0
outer loop
vertex -65.086 -1.621 0.0
vertex -64.292 -4.772 16.0
vertex -64.292 -4.772 0.0
endloop
endfacet
facet normal -0.1690538020909205 0.9856068242451469 0.0
outer loop
vertex -63.542 -6.852 0.0
vertex -59.286 -6.122 16.0
vertex -59.286 -6.122 0.0
endloop
endfacet
facet normal 0.6132292365359047 0.7899049964759 0.0
outer loop
vertex -59.319 -12.695 0.0
vertex -57.781 -13.889 16.0
vertex -57.781 -13.889 0.0
endloop
endfacet
facet normal 0.5243141018590607 0.8515249395007327 0.0
outer loop
vertex -57.781 -13.889 0.0
vertex -56.027 -14.969 16.0
vertex -56.027 -14.969 0.0
endloop
endfacet
facet normal 0.33380489105036126 -0.9426421880601655 0.0
outer loop
vertex -57.516 -10.793 0.0
vertex -49.256 -7.868 0.0
vertex -57.516 -10.793 16.0
endloop
endfacet
facet normal -0.33370093080477214 0.942678995618354 0.0
outer loop
vertex -59.286 -6.122 0.0
vertex -51.17 -3.249 16.0
vertex -51.17 -3.249 0.0
endloop
endfacet
facet normal -0.2658243512471377 -0.9640214801984643 -0.0
outer loop
vertex -50.711 -23.284 0.0
vertex -53.663 -22.47 16.0
vertex -53.663 -22.47 0.0
endloop
endfacet
facet normal -0.19753870821656247 -0.9802950875915536 0.0
outer loop
vertex -50.711 -23.284 0.0
vertex -45.411 -24.352 0.0
vertex -50.711 -23.284 16.0
endloop
endfacet
facet normal 0.34826054050659444 0.9373977789210164 0.0
outer loop
vertex -54.043 -15.928 0.0
vertex -51.817 -16.755 16.0
vertex -51.817 -16.755 0.0
endloop
endfacet
facet normal 0.26553321761139026 0.9641017116180959 0.0
outer loop
vertex -51.817 -16.755 0.0
vertex -49.319 -17.443 16.0
vertex -49.319 -17.443 0.0
endloop
endfacet
facet normal -0.157502953208059 -0.9875185161457682 0.0
outer loop
vertex -45.411 -24.352 0.0
vertex -43.041 -24.73 0.0
vertex -45.411 -24.352 16.0
endloop
endfacet
facet normal 0.19770797243896954 0.980260964046856 0.0
outer loop
vertex -49.319 -17.443 0.0
vertex -44.346 -18.446 16.0
vertex -44.346 -18.446 0.0
endloop
endfacet
facet normal 0.46028403958349895 -0.8877717065240907 0.0
outer loop
vertex -49.256 -7.868 0.0
vertex -41.433 -3.812 0.0
vertex -49.256 -7.868 16.0
endloop
endfacet
facet normal -0.46023767169563007 0.8877957454010384 0.0
outer loop
vertex -51.17 -3.249 0.0
vertex -43.346 0.807 16.0
vertex -43.346 0.807 0.0
endloop
endfacet
facet normal 0.0 -0.0 -1.0
outer loop
vertex -44.275 -106.517 0.0
vertex -40.145 -107.986 0.0
vertex -42.031 -113.683 0.0
endloop
endfacet
facet normal 0.0 0.0 -1.0
outer loop
vertex -42.031 -113.683 0.0
vertex -40.145 -107.986 0.0
vertex -37.421 -115.096 0.0
endloop
endfacet
facet normal 0.0 -0.0 -0.9999999999999999
outer loop
vertex -40.145 -107.986 0.0
vertex -35.784 -109.323 0.0
vertex -37.421 -115.096 0.0
endloop
endfacet
facet normal 0.0 0.0 -1.0
outer loop
vertex -37.421 -115.096 0.0
vertex -35.784 -109.323 0.0
vertex -32.602 -116.352 0.0
endloop
endfacet
facet normal 0.0 0.0 -1.0
outer loop
vertex -32.602 -116.352 0.0
vertex -35.784 -109.323 0.0
vertex -31.208 -110.515 0.0
endloop
endfacet
facet normal 0.0 0.0 -0.9999999999999999
outer loop
vertex -32.602 -116.352 0.0
vertex -31.208 -110.515 0.0
vertex -27.587 -117.441 0.0
endloop
endfacet
facet normal 0.0 0.0 -1.0
outer loop
vertex -27.587 -117.441 0.0
vertex -31.208 -110.515 0.0
vertex -26.433 -111.552 0.0
endloop
endfacet
facet normal 0.0 0.0 -1.0
outer loop
vertex -27.587 -117.441 0.0
vertex -26.433 -111.552 0.0
vertex -22.39 -118.351 0.0
endloop
endfacet
facet normal 0.0 0.0 -1.0
outer loop
vertex -22.39 -118.351 0.0
vertex -26.433 -111.552 0.0
vertex -21.473 -112.42 0.0
endloop
endfacet
facet normal 0.0 -0.0 -1.0
outer loop
vertex -45.536 -60.318 0.0
vertex -39.371 -57.725 0.0
vertex -42.829 -62.628 0.0
endloop
endfacet
facet normal 0.0 -0.0 -1.0
outer loop
vertex -42.829 -62.628 0.0
vertex -36.951 -59.432 0.0
vertex -39.899 -64.658 0.0
endloop
endfacet
facet normal 0.0 -0.0 -1.0
outer loop
vertex -39.899 -64.658 0.0
vertex -34.353 -60.898 0.0
vertex -36.765 -66.392 0.0
endloop
endfacet
facet normal 0.0 0.0 -1.0
outer loop
vertex -39.899 -64.658 0.0
vertex -36.951 -59.432 0.0
vertex -34.353 -60.898 0.0
endloop
endfacet
facet normal 0.0 0.0 -1.0
outer loop
vertex -33.446 -67.817 0.0
vertex -36.765 -66.392 0.0
vertex -31.588 -62.112 0.0
endloop
endfacet
facet normal 0.0 0.0 -1.0
outer loop
vertex -36.765 -66.392 0.0
vertex -34.353 -60.898 0.0
vertex -31.588 -62.112 0.0
endloop
endfacet
facet normal 0.0 0.0 -1.0
outer loop
vertex -33.446 -67.817 0.0
vertex -31.588 -62.112 0.0
vertex -28.665 -63.064 0.0
endloop
endfacet
facet normal 0.0 -0.0 -1.0
outer loop
vertex -33.446 -67.817 0.0
vertex -28.665 -63.064 0.0
vertex -29.962 -68.922 0.0
endloop
endfacet
facet normal 0.0 0.0 -1.0
outer loop
vertex -29.962 -68.922 0.0
vertex -28.665 -63.064 0.0
vertex -26.893 -69.602 0.0
endloop
endfacet
facet normal 0.0 -0.0 -1.0
outer loop
vertex -28.665 -63.064 0.0
vertex -25.596 -63.744 0.0
vertex -26.893 -69.602 0.0
endloop
endfacet
facet normal 0.0 0.0 -1.0
outer loop
vertex -26.893 -69.602 0.0
vertex -25.596 -63.744 0.0
vertex -23.275 -70.077 0.0
endloop
endfacet
facet normal 0.0 0.0 -1.0
outer loop
vertex -23.275 -70.077 0.0
vertex -25.596 -63.744 0.0
vertex -22.39 -64.14 0.0
endloop
endfacet
facet normal 0.0 0.0 -1.0
outer loop
vertex -22.39 -118.351 0.0
vertex -21.473 -112.42 0.0
vertex -17.026 -119.072 0.0
endloop
endfacet
facet normal 0.0 0.0 -1.0
outer loop
vertex -17.026 -119.072 0.0
vertex -21.473 -112.42 0.0
vertex -16.343 -113.11 0.0
endloop
endfacet
facet normal 0.0 0.0 -1.0
outer loop
vertex -17.026 -119.072 0.0
vertex -16.343 -113.11 0.0
vertex -11.508 -119.595 0.0
endloop
endfacet
facet normal 0.0 -0.0 -0.9999999999999999
outer loop
vertex -16.343 -113.11 0.0
vertex -11.06 -113.61 0.0
vertex -11.508 -119.595 0.0
endloop
endfacet
facet normal 0.0 0.0 -1.0
outer loop
vertex -11.508 -119.595 0.0
vertex -11.06 -113.61 0.0
vertex -5.85 -119.907 0.0
endloop
endfacet
facet normal 0.0 -0.0 -1.0
outer loop
vertex -11.06 -113.61 0.0
vertex -5.637 -113.91 0.0
vertex -5.85 -119.907 0.0
endloop
endfacet
facet normal 0.0 0.0 -1.0
outer loop
vertex -5.85 -119.907 0.0
vertex -5.637 -113.91 0.0
vertex -0.067 -120.0 0.0
endloop
endfacet
facet normal 0.0 0.0 -1.0
outer loop
vertex -5.637 -113.91 0.0
vertex -0.089 -113.999 0.0
vertex -0.067 -120.0 0.0
endloop
endfacet
facet normal 0.0 -0.0 -1.0
outer loop
vertex -23.275 -70.077 0.0
vertex -18.893 -64.75 0.0
vertex -19.468 -70.723 0.0
endloop
endfacet
facet normal 0.0 0.0 -1.0
outer loop
vertex -19.468 -70.723 0.0
vertex -18.893 -64.75 0.0
vertex -16.034 -71.054 0.0
endloop
endfacet
facet normal 0.0 0.0 -1.0
outer loop
vertex -23.275 -70.077 0.0
vertex -22.39 -64.14 0.0
vertex -18.893 -64.75 0.0
endloop
endfacet
facet normal 0.0 -0.0 -1.0
outer loop
vertex -18.893 -64.75 0.0
vertex -15.459 -65.081 0.0
vertex -16.034 -71.054 0.0
endloop
endfacet
facet normal 0.0 0.0 -1.0
outer loop
vertex -16.034 -71.054 0.0
vertex -15.459 -65.081 0.0
vertex -12.225 -71.145 0.0
endloop
endfacet
facet normal 0.0 0.0 -1.0
outer loop
vertex -12.225 -71.145 0.0
vertex -12.108 -65.146 0.0
vertex -8.518 -70.95 0.0
endloop
endfacet
facet normal 0.0 0.0 -1.0
outer loop
vertex -12.225 -71.145 0.0
vertex -15.459 -65.081 0.0
vertex -12.108 -65.146 0.0
endloop
endfacet
facet normal 0.0 0.0 -1.0
outer loop
vertex -8.518 -70.95 0.0
vertex -8.862 -64.96 0.0
vertex -4.934 -70.482 0.0
endloop
endfacet
facet normal 0.0 0.0 -1.0
outer loop
vertex -12.108 -65.146 0.0
vertex -8.862 -64.96 0.0
vertex -8.518 -70.95 0.0
endloop
endfacet
facet normal 0.0 0.0 -1.0
outer loop
vertex -8.862 -64.96 0.0
vertex -5.742 -64.536 0.0
vertex -4.934 -70.482 0.0
endloop
endfacet
facet normal 0.0 -0.0 -1.0
outer loop
vertex -5.742 -64.536 0.0
vertex -1.492 -69.751 0.0
vertex -4.934 -70.482 0.0
endloop
endfacet
facet normal 0.0 0.0 -1.0
outer loop
vertex -5.742 -64.536 0.0
vertex -2.769 -63.889 0.0
vertex -1.492 -69.751 0.0
endloop
endfacet
facet normal 0.0 0.0 -1.0
outer loop
vertex -1.492 -69.751 0.0
vertex -2.769 -63.889 0.0
vertex 1.79 -68.77 0.0
endloop
endfacet
facet normal 0.0 0.0 -1.0
outer loop
vertex -2.769 -63.889 0.0
vertex 0.037 -63.032 0.0
vertex 1.79 -68.77 0.0
endloop
endfacet
facet normal -0.2930509372400642 -0.9560968299198151 0.0
outer loop
vertex -42.031 -113.683 0.0
vertex -37.421 -115.096 0.0
vertex -42.031 -113.683 16.0
endloop
endfacet
facet normal 0.3351221797970376 0.9421746783946604 0.0
outer loop
vertex -44.275 -106.517 0.0
vertex -40.145 -107.986 16.0
vertex -40.145 -107.986 0.0
endloop
endfacet
facet normal -0.25220935907467124 -0.9676726921821983 0.0
outer loop
vertex -37.421 -115.096 0.0
vertex -32.602 -116.352 0.0
vertex -37.421 -115.096 16.0
endloop
endfacet
facet normal 0.2931151447322456 0.956077147477438 0.0
outer loop
vertex -40.145 -107.986 0.0
vertex -35.784 -109.323 16.0
vertex -35.784 -109.323 0.0
endloop
endfacet
facet normal 0.25207753340107925 0.9677070409759494 0.0
outer loop
vertex -35.784 -109.323 0.0
vertex -31.208 -110.515 16.0
vertex -31.208 -110.515 0.0
endloop
endfacet
facet normal -0.21220312204564745 -0.9772255804030511 0.0
outer loop
vertex -32.602 -116.352 0.0
vertex -27.587 -117.441 0.0
vertex -32.602 -116.352 16.0
endloop
endfacet
facet normal 0.21222572498337985 0.9772206719340718 0.0
outer loop
vertex -31.208 -110.515 0.0
vertex -26.433 -111.552 16.0
vertex -26.433 -111.552 0.0
endloop
endfacet
facet normal -0.17247688000103167 -0.9850135663355657 0.0
outer loop
vertex -27.587 -117.441 0.0
vertex -22.39 -118.351 0.0
vertex -27.587 -117.441 16.0
endloop
endfacet
facet normal 0.17238033175224726 0.9850304671557044 0.0
outer loop
vertex -26.433 -111.552 0.0
vertex -21.473 -112.42 16.0
vertex -21.473 -112.42 0.0
endloop
endfacet
facet normal -0.5695017074124599 -0.8219901491224169 0.0
outer loop
vertex -42.829 -62.628 0.0
vertex -39.899 -64.658 0.0
vertex -42.829 -62.628 16.0
endloop
endfacet
facet normal -0.4841250617585205 -0.8749988140433727 0.0
outer loop
vertex -39.899 -64.658 0.0
vertex -36.765 -66.392 0.0
vertex -39.899 -64.658 16.0
endloop
endfacet
facet normal -0.3945206613511285 -0.9188870701925608 -0.0
outer loop
vertex -33.446 -67.817 0.0
vertex -36.765 -66.392 16.0
vertex -36.765 -66.392 0.0
endloop
endfacet
facet normal 0.49143855270966036 0.8709122509820575 0.0
outer loop
vertex -34.353 -60.898 0.0
vertex -36.951 -59.432 0.0
vertex -34.353 -60.898 16.0
endloop
endfacet
facet normal 0.4020171485134936 0.9156321380888067 0.0
outer loop
vertex -34.353 -60.898 0.0
vertex -31.588 -62.112 16.0
vertex -31.588 -62.112 0.0
endloop
endfacet
facet normal -0.3023226846930643 -0.9532056411498928 0.0
outer loop
vertex -33.446 -67.817 0.0
vertex -29.962 -68.922 0.0
vertex -33.446 -67.817 16.0
endloop
endfacet
facet normal -0.21632410964893753 -0.9763216066361506 0.0
outer loop
vertex -29.962 -68.922 0.0
vertex -26.893 -69.602 0.0
vertex -29.962 -68.922 16.0
endloop
endfacet
facet normal 0.3096818054021278 0.9508402491496027 0.0
outer loop
vertex -31.588 -62.112 0.0
vertex -28.665 -63.064 16.0
vertex -28.665 -63.064 0.0
endloop
endfacet
facet normal -0.13017094900804277 -0.991491565286536 0.0
outer loop
vertex -26.893 -69.602 0.0
vertex -23.275 -70.077 0.0
vertex -26.893 -69.602 16.0
endloop
endfacet
facet normal -0.16729596556649373 -0.9859067196774624 0.0
outer loop
vertex -23.275 -70.077 0.0
vertex -19.468 -70.723 0.0
vertex -23.275 -70.077 16.0
endloop
endfacet
facet normal 0.2163241096489354 0.9763216066361512 0.0
outer loop
vertex -28.665 -63.064 0.0
vertex -25.596 -63.744 16.0
vertex -25.596 -63.744 0.0
endloop
endfacet
facet normal 0.1225868019481635 0.9924577955702306 0.0
outer loop
vertex -25.596 -63.744 0.0
vertex -22.39 -64.14 16.0
vertex -22.39 -64.14 0.0
endloop
endfacet
facet normal -0.13321657193510894 -0.9910869512620263 0.0
outer loop
vertex -22.39 -118.351 0.0
vertex -17.026 -119.072 0.0
vertex -22.39 -118.351 16.0
endloop
endfacet
facet normal 0.13330253815236795 0.991075392350217 0.0
outer loop
vertex -16.343 -113.11 0.0
vertex -21.473 -112.42 0.0
vertex -16.343 -113.11 16.0
endloop
endfacet
facet normal -0.09435783887785813 -0.9955383459426865 0.0
outer loop
vertex -17.026 -119.072 0.0
vertex -11.508 -119.595 0.0
vertex -17.026 -119.072 16.0
endloop
endfacet
facet normal 0.09422214628558677 0.9955511976535097 0.0
outer loop
vertex -16.343 -113.11 0.0
vertex -11.06 -113.61 16.0
vertex -11.06 -113.61 0.0
endloop
endfacet
facet normal -0.05505951206339331 -0.9984830745342361 0.0
outer loop
vertex -11.508 -119.595 0.0
vertex -5.85 -119.907 0.0
vertex -11.508 -119.595 16.0
endloop
endfacet
facet normal 0.05523547974738608 0.9984733555669253 0.0
outer loop
vertex -11.06 -113.61 0.0
vertex -5.637 -113.91 16.0
vertex -5.637 -113.91 0.0
endloop
endfacet
facet normal -0.016079539433416317 -0.9998707155208928 -2.5599750617072452e-05
outer loop
vertex -5.85 -119.907 0.0
vertex -0.067 -120.0 0.0
vertex -4.694 -119.926 16.0
endloop
endfacet
facet normal 0.016039753169557594 0.999871354884347 0.0
outer loop
vertex -5.637 -113.91 0.0
vertex -0.089 -113.999 16.0
vertex -0.089 -113.999 0.0
endloop
endfacet
facet normal -0.09594437875479103 -0.995386696809515 0.0
outer loop
vertex -19.468 -70.723 0.0
vertex -16.034 -71.054 0.0
vertex -19.468 -70.723 16.0
endloop
endfacet
facet normal 0.1718404696167161 0.9851247905732078 0.0
outer loop
vertex -22.39 -64.14 0.0
vertex -18.893 -64.75 16.0
vertex -18.893 -64.75 0.0
endloop
endfacet
facet normal 0.09594437875479103 0.995386696809515 0.0
outer loop
vertex -18.893 -64.75 0.0
vertex -15.459 -65.081 16.0
vertex -15.459 -65.081 0.0
endloop
endfacet
facet normal -0.023883969833226073 -0.9997147373051001 0.0
outer loop
vertex -16.034 -71.054 0.0
vertex -12.225 -71.145 0.0
vertex -16.034 -71.054 16.0
endloop
endfacet
facet normal 0.052530554859945504 -0.9986193172606397 0.0
outer loop
vertex -12.225 -71.145 0.0
vertex -8.518 -70.95 0.0
vertex -12.225 -71.145 16.0
endloop
endfacet
facet normal 0.019393546787997124 0.9998119274858557 0.0
outer loop
vertex -15.459 -65.081 0.0
vertex -12.108 -65.146 16.0
vertex -12.108 -65.146 0.0
endloop
endfacet
facet normal 0.12948111705280305 -0.9915818878573561 0.0
outer loop
vertex -8.518 -70.95 0.0
vertex -4.934 -70.482 0.0
vertex -8.518 -70.95 16.0
endloop
endfacet
facet normal -0.05720745229837187 0.9983623126909037 0.0
outer loop
vertex -12.108 -65.146 0.0
vertex -8.862 -64.96 16.0
vertex -8.862 -64.96 0.0
endloop
endfacet
facet normal -0.13465966955256345 0.9908919080283148 0.0
outer loop
vertex -8.862 -64.96 0.0
vertex -5.742 -64.536 16.0
vertex -5.742 -64.536 0.0
endloop
endfacet
facet normal 0.20774319181552306 -0.9781834011341118 0.0
outer loop
vertex -4.934 -70.482 0.0
vertex -1.492 -69.751 0.0
vertex -4.934 -70.482 16.0
endloop
endfacet
facet normal 0.28638356670796905 -0.9581150519220654 0.0
outer loop
vertex -1.492 -69.751 0.0
vertex 1.79 -68.77 0.0
vertex -1.492 -69.751 16.0
endloop
endfacet
facet normal -0.21264795976858766 0.9771288785038835 0.0
outer loop
vertex -5.742 -64.536 0.0
vertex -2.769 -63.889 16.0
vertex -2.769 -63.889 0.0
endloop
endfacet
facet normal -0.2920973040027867 0.9563886056380553 0.0
outer loop
vertex -2.769 -63.889 0.0
vertex 0.037 -63.032 16.0
vertex 0.037 -63.032 0.0
endloop
endfacet
facet normal 0.0 0.0 -1.0
outer loop
vertex -45.536 -60.318 0.0
vertex -41.601 -55.788 0.0
vertex -39.371 -57.725 0.0
endloop
endfacet
facet normal 0.0 0.0 -1.0
outer loop
vertex -42.829 -62.628 0.0
vertex -39.371 -57.725 0.0
vertex -36.951 -59.432 0.0
endloop
endfacet
facet normal 0.0 -0.0 -1.0
outer loop
vertex -43.041 -24.73 0.0
vertex -40.227 -18.971 0.0
vertex -40.455 -25.023 0.0
endloop
endfacet
facet normal 0.0 0.0 -1.0
outer loop
vertex -40.455 -25.023 0.0
vertex -40.227 -18.971 0.0
vertex -37.67 -25.233 0.0
endloop
endfacet
facet normal 0.0 0.0 -1.0
outer loop
vertex -43.041 -24.73 0.0
vertex -42.231 -18.783 0.0
vertex -40.227 -18.971 0.0
endloop
endfacet
facet normal 0.0 0.0 -1.0
outer loop
vertex -37.67 -25.233 0.0
vertex -33.605 -19.342 0.0
vertex -31.572 -25.4 0.0
endloop
endfacet
facet normal 0.0 -0.0 -1.0
outer loop
vertex -40.227 -18.971 0.0
vertex -33.605 -19.342 0.0
vertex -37.67 -25.233 0.0
endloop
endfacet
facet normal 0.0 0.0 -1.0
outer loop
vertex -40.227 -18.971 0.0
vertex -36.988 -15.65 0.0
vertex -33.605 -19.342 0.0
endloop
endfacet
facet normal 0.0 0.0 -0.9999999999999999
outer loop
vertex -41.433 -3.812 0.0
vertex -43.346 0.807 0.0
vertex -33.128 1.635 0.0
endloop
endfacet
facet normal 0.0 -0.0 -1.0
outer loop
vertex -36.988 -15.65 0.0
vertex -28.693 -9.915 0.0
vertex -33.605 -19.342 0.0
endloop
endfacet
facet normal 0.0 0.0 -1.0
outer loop
vertex -31.572 -25.4 0.0
vertex -28.478 -19.36 0.0
vertex -28.294 -25.358 0.0
endloop
endfacet
facet normal 0.0 -0.0 -1.0
outer loop
vertex -33.605 -19.342 0.0
vertex -28.478 -19.36 0.0
vertex -31.572 -25.4 0.0
endloop
endfacet
facet normal 0.0 0.0 -1.0
outer loop
vertex -28.294 -25.358 0.0
vertex -28.478 -19.36 0.0
vertex -21.368 -25.023 0.0
endloop
endfacet
facet normal 0.0 0.0 -1.0
outer loop
vertex -28.478 -19.36 0.0
vertex -21.788 -19.036 0.0
vertex -21.368 -25.023 0.0
endloop
endfacet
facet normal 0.0 0.0 -0.9999999999999999
outer loop
vertex -33.605 -19.342 0.0
vertex -28.693 -9.915 0.0
vertex -26.707 -14.506 0.0
endloop
endfacet
facet normal 0.0 -0.0 -1.0
outer loop
vertex -28.693 -9.915 0.0
vertex -21.115 -6.846 0.0
vertex -26.707 -14.506 0.0
endloop
endfacet
facet normal 0.0 0.0 -1.0
outer loop
vertex -26.707 -14.506 0.0
vertex -21.115 -6.846 0.0
vertex -19.394 -11.543 0.0
endloop
endfacet
facet normal 0.0 -0.0 -1.0
outer loop
vertex -21.788 -19.036 0.0
vertex -14.065 -24.352 0.0
vertex -21.368 -25.023 0.0
endloop
endfacet
facet normal 0.0 0.0 -1.0
outer loop
vertex -21.788 -19.036 0.0
vertex -14.706 -18.386 0.0
vertex -14.065 -24.352 0.0
endloop
endfacet
facet normal 0.0 0.0 -1.0
outer loop
vertex -14.065 -24.352 0.0
vertex -14.706 -18.386 0.0
vertex -10.316 -23.891 0.0
endloop
endfacet
facet normal 0.0 0.0 -1.0
outer loop
vertex -14.706 -18.386 0.0
vertex -11.048 -17.936 0.0
vertex -10.316 -23.891 0.0
endloop
endfacet
facet normal 0.0 0.0 -1.0
outer loop
vertex -19.394 -11.543 0.0
vertex -21.115 -6.846 0.0
vertex -12.58 -5.543 0.0
endloop
endfacet
facet normal 0.0 0.0 -1.0
outer loop
vertex -19.394 -11.543 0.0
vertex -12.58 -5.543 0.0
vertex -12.58 -10.543 0.0
endloop
endfacet
facet normal 0.0 0.0 -1.0
outer loop
vertex -10.316 -23.891 0.0
vertex -10.128 -17.894 0.0
vertex -8.285 -23.954 0.0
endloop
endfacet
facet normal 0.0 -0.0 -1.0
outer loop
vertex -11.048 -17.936 0.0
vertex -10.128 -17.894 0.0
vertex -10.316 -23.891 0.0
endloop
endfacet
facet normal 0.0 0.0 -1.0
outer loop
vertex -8.285 -23.954 0.0
vertex -10.128 -17.894 0.0
vertex -7.725 -17.981 0.0
endloop
endfacet
facet normal 0.0 0.0 -1.0
outer loop
vertex -8.285 -23.954 0.0
vertex -7.725 -17.981 0.0
vertex -6.225 -24.147 0.0
endloop
endfacet
facet normal 0.0 0.0 -1.0
outer loop
vertex -6.225 -24.147 0.0
vertex -7.725 -17.981 0.0
vertex -5.295 -18.22 0.0
endloop
endfacet
facet normal 0.0 0.0 -1.0
outer loop
vertex -4.152 -24.473 0.0
vertex -2.848 -18.616 0.0
vertex -2.079 -24.934 0.0
endloop
endfacet
facet normal 0.0 0.0 -1.0
outer loop
vertex -2.079 -24.934 0.0
vertex -0.397 -19.175 0.0
vertex -0.02 -25.536 0.0
endloop
endfacet
facet normal 0.0 0.0 -1.0
outer loop
vertex -6.225 -24.147 0.0
vertex -5.295 -18.22 0.0
vertex -4.152 -24.473 0.0
endloop
endfacet
facet normal 0.0 0.0 -1.0
outer loop
vertex -4.152 -24.473 0.0
vertex -5.295 -18.22 0.0
vertex -2.848 -18.616 0.0
endloop
endfacet
facet normal 0.0 0.0 -1.0
outer loop
vertex -2.079 -24.934 0.0
vertex -2.848 -18.616 0.0
vertex -0.397 -19.175 0.0
endloop
endfacet
facet normal 0.0 -0.0 -1.0
outer loop
vertex -12.58 -10.543 0.0
vertex -5.096 -6.223 0.0
vertex -5.594 -11.178 0.0
endloop
endfacet
facet normal 0.0 0.0 -1.0
outer loop
vertex -12.58 -10.543 0.0
vertex -12.58 -5.543 0.0
vertex -5.096 -6.223 0.0
endloop
endfacet
facet normal 0.0 0.0 -1.0
outer loop
vertex -5.594 -11.178 0.0
vertex -5.096 -6.223 0.0
vertex -4.139 -6.413 0.0
endloop
endfacet
facet normal 0.0 0.0 -1.0
outer loop
vertex -5.594 -11.178 0.0
vertex -4.139 -6.413 0.0
vertex 1.243 -13.34 0.0
endloop
endfacet
facet normal 0.7278828961295994 0.6857014580136074 0.0
outer loop
vertex -43.633 -53.631 0.0
vertex -41.601 -55.788 16.0
vertex -41.601 -55.788 0.0
endloop
endfacet
facet normal 0.6557679139152808 0.7549625441564639 0.0
outer loop
vertex -41.601 -55.788 0.0
vertex -39.371 -57.725 16.0
vertex -39.371 -57.725 0.0
endloop
endfacet
facet normal 0.5764047608273976 0.817164335795139 0.0
outer loop
vertex -39.371 -57.725 0.0
vertex -36.951 -59.432 16.0
vertex -36.951 -59.432 0.0
endloop
endfacet
facet normal -0.11258206954022541 -0.9936424294574181 0.0
outer loop
vertex -43.041 -24.73 0.0
vertex -40.455 -25.023 0.0
vertex -43.041 -24.73 16.0
endloop
endfacet
facet normal -0.07519049532180536 -0.9971691879582228 0.0
outer loop
vertex -40.455 -25.023 0.0
vertex -37.67 -25.233 0.0
vertex -40.455 -25.023 16.0
endloop
endfacet
facet normal 0.09340227001986513 0.9956284527649539 0.0
outer loop
vertex -42.231 -18.783 0.0
vertex -40.227 -18.971 16.0
vertex -40.227 -18.971 0.0
endloop
endfacet
facet normal 0.1573530926348308 0.9875424062987139 0.0
outer loop
vertex -44.346 -18.446 0.0
vertex -42.231 -18.783 16.0
vertex -42.231 -18.783 0.0
endloop
endfacet
facet normal -0.715889689253958 0.6982134006304029 0.0
outer loop
vertex -40.227 -18.971 0.0
vertex -36.988 -15.65 16.0
vertex -36.988 -15.65 0.0
endloop
endfacet
facet normal -0.02737576429319137 -0.9996252135322335 0.0
outer loop
vertex -37.67 -25.233 0.0
vertex -31.572 -25.4 0.0
vertex -37.67 -25.233 16.0
endloop
endfacet
facet normal 0.5484342953237986 -0.8361936520404162 0.0
outer loop
vertex -41.433 -3.812 0.0
vertex -33.128 1.635 0.0
vertex -41.433 -3.812 16.0
endloop
endfacet
facet normal 0.012811639096559304 -0.9999179275838891 0.0
outer loop
vertex -31.572 -25.4 0.0
vertex -28.294 -25.358 0.0
vertex -31.572 -25.4 16.0
endloop
endfacet
facet normal 0.0035108034070594502 0.9999938371107279 0.0
outer loop
vertex -33.605 -19.342 0.0
vertex -28.478 -19.36 16.0
vertex -28.478 -19.36 0.0
endloop
endfacet
facet normal 0.5740517316887325 -0.818819033331033 0.0
outer loop
vertex -33.605 -19.342 0.0
vertex -26.707 -14.506 0.0
vertex -33.605 -19.342 16.0
endloop
endfacet
facet normal 0.048311986508924605 -0.9988322942113763 0.0
outer loop
vertex -28.294 -25.358 0.0
vertex -21.368 -25.023 0.0
vertex -28.294 -25.358 16.0
endloop
endfacet
facet normal -0.04837379582450464 0.9988293026726484 0.0
outer loop
vertex -28.478 -19.36 0.0
vertex -21.788 -19.036 16.0
vertex -21.788 -19.036 0.0
endloop
endfacet
facet normal -0.5686942243482886 0.8225490132465654 0.0
outer loop
vertex -36.988 -15.65 0.0
vertex -28.693 -9.915 16.0
vertex -28.693 -9.915 0.0
endloop
endfacet
facet normal 0.3755168266468824 -0.926815576533463 0.0
outer loop
vertex -26.707 -14.506 0.0
vertex -19.394 -11.543 0.0
vertex -26.707 -14.506 16.0
endloop
endfacet
facet normal -0.37537291085574476 0.9268738737259158 0.0
outer loop
vertex -28.693 -9.915 0.0
vertex -21.115 -6.846 16.0
vertex -21.115 -6.846 0.0
endloop
endfacet
facet normal 0.09149466454212338 -0.9958055665441543 0.0
outer loop
vertex -21.368 -25.023 0.0
vertex -14.065 -24.352 0.0
vertex -21.368 -25.023 16.0
endloop
endfacet
facet normal -0.0913978252760529 0.9958144593923148 0.0
outer loop
vertex -21.788 -19.036 0.0
vertex -14.706 -18.386 16.0
vertex -14.706 -18.386 0.0
endloop
endfacet
facet normal 0.1220468711005116 -0.9925243378651101 0.0
outer loop
vertex -14.065 -24.352 0.0
vertex -10.316 -23.891 0.0
vertex -14.065 -24.352 16.0
endloop
endfacet
facet normal -0.12209763327872436 0.9925180945190542 0.0
outer loop
vertex -14.706 -18.386 0.0
vertex -11.048 -17.936 16.0
vertex -11.048 -17.936 0.0
endloop
endfacet
facet normal 0.14520136833391453 -0.9894021238272934 0.0
outer loop
vertex -19.394 -11.543 0.0
vertex -12.58 -10.543 0.0
vertex -19.394 -11.543 16.0
endloop
endfacet
facet normal -0.15091693279924212 0.9885464477678675 0.0
outer loop
vertex -21.115 -6.846 0.0
vertex -12.58 -5.543 16.0
vertex -12.58 -5.543 0.0
endloop
endfacet
facet normal -0.031004289926608565 -0.9995192514434861 0.0
outer loop
vertex -10.316 -23.891 0.0
vertex -8.285 -23.954 0.0
vertex -10.316 -23.891 16.0
endloop
endfacet
facet normal -0.09328081985072635 -0.9956398388212356 0.0
outer loop
vertex -8.285 -23.954 0.0
vertex -6.225 -24.147 0.0
vertex -8.285 -23.954 16.0
endloop
endfacet
facet normal -0.15535077422028312 -0.9878593710387925 0.0
outer loop
vertex -6.225 -24.147 0.0
vertex -4.152 -24.473 0.0
vertex -6.225 -24.147 16.0
endloop
endfacet
facet normal -0.04560467581721227 0.9989595655198498 0.0
outer loop
vertex -11.048 -17.936 0.0
vertex -10.128 -17.894 16.0
vertex -10.128 -17.894 0.0
endloop
endfacet
facet normal 0.036181039081000614 0.9993452518579449 0.0
outer loop
vertex -10.128 -17.894 0.0
vertex -7.725 -17.981 16.0
vertex -7.725 -17.981 0.0
endloop
endfacet
facet normal 0.09788162037552796 0.9951980649060072 0.0
outer loop
vertex -7.725 -17.981 0.0
vertex -5.295 -18.22 16.0
vertex -5.295 -18.22 0.0
endloop
endfacet
facet normal -0.21708003191780886 -0.9761538094698823 0.0
outer loop
vertex -4.152 -24.473 0.0
vertex -2.079 -24.934 0.0
vertex -4.152 -24.473 16.0
endloop
endfacet
facet normal -0.2806264552490894 -0.9598170620562705 0.0
outer loop
vertex -2.079 -24.934 0.0
vertex -0.02 -25.536 0.0
vertex -2.079 -24.934 16.0
endloop
endfacet
facet normal 0.15975243780851697 0.9871571093874755 0.0
outer loop
vertex -5.295 -18.22 0.0
vertex -2.848 -18.616 16.0
vertex -2.848 -18.616 0.0
endloop
endfacet
facet normal 0.22236033676906428 0.9749645535258953 0.0
outer loop
vertex -2.848 -18.616 0.0
vertex -0.397 -19.175 16.0
vertex -0.397 -19.175 0.0
endloop
endfacet
facet normal -0.09052289264890447 -0.9958943748744016 0.0
outer loop
vertex -12.58 -10.543 0.0
vertex -5.594 -11.178 0.0
vertex -12.58 -10.543 16.0
endloop
endfacet
facet normal 0.09048775339701753 0.9958975682695287 0.0
outer loop
vertex -12.58 -5.543 0.0
vertex -5.096 -6.223 16.0
vertex -5.096 -6.223 0.0
endloop
endfacet
facet normal -0.30150510246267026 -0.9534645631532274 0.0
outer loop
vertex -5.594 -11.178 0.0
vertex 1.243 -13.34 0.0
vertex -5.594 -11.178 16.0
endloop
endfacet
facet normal 0.1947362308704647 0.9808556470686016 0.0
outer loop
vertex -5.096 -6.223 0.0
vertex -4.139 -6.413 16.0
vertex -4.139 -6.413 0.0
endloop
endfacet
facet normal -0.7924166686847834 -0.6099801826211325 0.0
outer loop
vertex -76.098 -93.195 0.0
vertex -76.098 -93.195 16.0
vertex -78.833 -89.642 16.0
endloop
endfacet
facet normal -0.6598584710347781 -0.7513899109008882 0.0
outer loop
vertex -69.311 -99.731 0.0
vertex -69.311 -99.731 16.0
vertex -72.923 -96.559 16.0
endloop
endfacet
facet normal -0.7272409338554275 -0.68638227258947 0.0
outer loop
vertex -72.923 -96.559 0.0
vertex -72.923 -96.559 16.0
vertex -76.098 -93.195 16.0
endloop
endfacet
facet normal 0.7270954499714288 0.6865363840546584 -0.0
outer loop
vertex -71.528 -89.296 0.0
vertex -71.528 -89.296 16.0
vertex -68.752 -92.236 16.0
endloop
endfacet
facet normal -0.5925196729808723 -0.8055559801346149 0.0
outer loop
vertex -65.265 -102.707 0.0
vertex -65.265 -102.707 16.0
vertex -69.311 -99.731 16.0
endloop
endfacet
facet normal 0.6599302647159633 0.7513268567753442 -0.0
outer loop
vertex -68.752 -92.236 0.0
vertex -68.752 -92.236 16.0
vertex -65.546 -95.052 16.0
endloop
endfacet
facet normal -0.9047925458849746 -0.42585261407086134 0.0
outer loop
vertex -81.124 -85.905 0.0
vertex -81.124 -85.905 16.0
vertex -82.969 -81.985 16.0
endloop
endfacet
facet normal -0.9766847488836234 -0.21467860000040453 0.0
outer loop
vertex -84.362 -77.887 0.0
vertex -84.362 -77.887 16.0
vertex -85.301 -73.615 16.0
endloop
endfacet
facet normal -0.8525422285703306 -0.5226583477802054 0.0
outer loop
vertex -78.833 -89.642 0.0
vertex -78.833 -89.642 16.0
vertex -81.124 -85.905 16.0
endloop
endfacet
facet normal 0.9467244094153842 0.322044861187214 -0.0
outer loop
vertex -78.574 -76.272 0.0
vertex -78.574 -76.272 16.0
vertex -77.396 -79.735 16.0
endloop
endfacet
facet normal 0.9048681699831874 0.425691901439618 -0.0
outer loop
vertex -77.396 -79.735 0.0
vertex -77.396 -79.735 16.0
vertex -75.836 -83.051 16.0
endloop
endfacet
facet normal -0.9467952747480475 -0.3218364611332433 -0.0
outer loop
vertex -82.969 -81.985 0.0
vertex -84.362 -77.887 18.0
vertex -84.362 -77.887 16.0
endloop
endfacet
facet normal -0.9467952747480475 -0.3218364611332433 0.0
outer loop
vertex -82.969 -81.985 0.0
vertex -82.969 -81.985 16.0
vertex -84.362 -77.887 20.0
endloop
endfacet
facet normal -0.9941695136098272 -0.10782846659764565 0.0
outer loop
vertex -85.301 -73.615 0.0
vertex -85.301 -73.615 16.0
vertex -85.783 -69.171 16.0
endloop
endfacet
facet normal -0.99783137131896 -0.06582214226021325 0.0
outer loop
vertex -85.783 -69.171 0.0
vertex -85.783 -69.171 16.0
vertex -86.109 -64.229 16.0
endloop
endfacet
facet normal -0.9999652795861221 -0.008333043996555286 0.0
outer loop
vertex -86.109 -64.229 0.0
vertex -86.109 -64.229 16.0
vertex -86.129 -61.829 16.0
endloop
endfacet
facet normal -0.9993448289370678 0.03619271855971822 0.0
outer loop
vertex -86.129 -61.829 0.0
vertex -86.129 -61.829 16.0
vertex -86.044 -59.482 16.0
endloop
endfacet
facet normal 0.9766975541700872 0.21462033379474899 -0.0
outer loop
vertex -79.371 -72.645 0.0
vertex -79.371 -72.645 16.0
vertex -78.574 -76.272 16.0
endloop
endfacet
facet normal 0.9941775428406138 0.10775441202753284 -0.0
outer loop
vertex -79.804 -68.65 0.0
vertex -79.804 -68.65 16.0
vertex -79.371 -72.645 16.0
endloop
endfacet
facet normal 0.997822080915681 0.06596282920781996 -0.0
outer loop
vertex -80.111 -64.006 0.0
vertex -80.111 -64.006 16.0
vertex -79.804 -68.65 16.0
endloop
endfacet
facet normal 0.9999027734647181 -0.013944304126222794 0.0
outer loop
vertex -80.053 -59.847 0.0
vertex -80.053 -59.847 16.0
vertex -80.111 -64.006 16.0
endloop
endfacet
facet normal 0.7924507246961038 0.6099359383809252 -0.0
outer loop
vertex -73.884 -86.235 0.0
vertex -73.884 -86.235 16.0
vertex -71.528 -89.296 16.0
endloop
endfacet
facet normal 0.8525396744347277 0.522662513975059 -0.0
outer loop
vertex -75.836 -83.051 0.0
vertex -75.836 -83.051 16.0
vertex -73.884 -86.235 16.0
endloop
endfacet
facet normal -0.9467952747480475 -0.3218364611332433 -0.0
outer loop
vertex -82.969 -81.985 0.0
vertex -84.362 -77.887 20.0
vertex -84.362 -77.887 18.0
endloop
endfacet
facet normal -0.46511353288411594 -0.885251038704873 -0.0
outer loop
vertex -55.889 -108.059 0.0
vertex -60.79 -105.484 18.0
vertex -60.79 -105.484 16.0
endloop
endfacet
facet normal -0.46511353288411594 -0.885251038704873 0.0
outer loop
vertex -55.889 -108.059 0.0
vertex -55.889 -108.059 16.0
vertex -60.79 -105.484 20.0
endloop
endfacet
facet normal -0.5272825089392132 -0.8496900351109036 0.0
outer loop
vertex -60.79 -105.484 0.0
vertex -60.79 -105.484 16.0
vertex -65.265 -102.707 16.0
endloop
endfacet
facet normal 0.527176709353471 0.8497556808372898 -0.0
outer loop
vertex -61.9 -97.734 0.0
vertex -61.9 -97.734 16.0
vertex -57.809 -100.272 16.0
endloop
endfacet
facet normal 0.5925507135929998 0.8055331475615555 -0.0
outer loop
vertex -65.546 -95.052 0.0
vertex -65.546 -95.052 16.0
vertex -61.9 -97.734 16.0
endloop
endfacet
facet normal 0.4651512516582789 0.8852312201231588 -0.0
outer loop
vertex -57.809 -100.272 0.0
vertex -57.809 -100.272 16.0
vertex -53.272 -102.656 16.0
endloop
endfacet
facet normal -0.4063932245107169 -0.9136982801077072 0.0
outer loop
vertex -50.565 -110.427 0.0
vertex -50.565 -110.427 16.0
vertex -55.889 -108.059 16.0
endloop
endfacet
facet normal -0.3351792129741339 -0.9421543903151117 0.0
outer loop
vertex -42.031 -113.683 0.0
vertex -42.031 -113.683 16.0
vertex -46.416 -112.123 16.0
endloop
endfacet
facet normal -0.3783809041845478 -0.9256499831731668 0.0
outer loop
vertex -46.416 -112.123 0.0
vertex -46.416 -112.123 16.0
vertex -50.565 -110.427 16.0
endloop
endfacet
facet normal 0.37847713385751464 0.925610641223944 -0.0
outer loop
vertex -48.21 -104.908 0.0
vertex -48.21 -104.908 16.0
vertex -44.275 -106.517 16.0
endloop
endfacet
facet normal 0.40647337682446283 0.9136626258816315 -0.0
outer loop
vertex -53.272 -102.656 0.0
vertex -53.272 -102.656 16.0
vertex -48.21 -104.908 16.0
endloop
endfacet
facet normal -0.46511353288411594 -0.885251038704873 -0.0
outer loop
vertex -55.889 -108.059 0.0
vertex -60.79 -105.484 20.0
vertex -60.79 -105.484 18.0
endloop
endfacet
facet normal -0.6491236067506638 -0.7606829452268596 0.0
outer loop
vertex -42.829 -62.628 0.0
vertex -42.829 -62.628 16.0
vertex -45.536 -60.318 16.0
endloop
endfacet
facet normal -0.7924166686847834 -0.6099801826211325 -0.0
outer loop
vertex -78.833 -89.642 20.0
vertex -78.833 -89.642 18.0
vertex -76.098 -93.195 18.0
endloop
endfacet
facet normal -0.7924166686847834 -0.6099801826211325 0.0
outer loop
vertex -76.098 -93.195 20.0
vertex -78.833 -89.642 20.0
vertex -76.098 -93.195 18.0
endloop
endfacet
facet normal -0.6598584710347781 -0.7513899109008882 -0.0
outer loop
vertex -72.923 -96.559 20.0
vertex -72.923 -96.559 18.0
vertex -69.311 -99.731 18.0
endloop
endfacet
facet normal -0.7272409338554275 -0.68638227258947 -0.0
outer loop
vertex -76.098 -93.195 20.0
vertex -76.098 -93.195 18.0
vertex -72.923 -96.559 16.0
endloop
endfacet
facet normal -0.7272409338554275 -0.68638227258947 0.0
outer loop
vertex -76.098 -93.195 20.0
vertex -72.923 -96.559 16.0
vertex -72.923 -96.559 18.0
endloop
endfacet
facet normal -0.5925196729808723 -0.8055559801346149 -0.0
outer loop
vertex -69.311 -99.731 20.0
vertex -69.311 -99.731 18.0
vertex -65.265 -102.707 18.0
endloop
endfacet
facet normal 0.7270954499714288 0.6865363840546584 0.0
outer loop
vertex -68.752 -92.236 20.0
vertex -68.752 -92.236 18.0
vertex -71.528 -89.296 18.0
endloop
endfacet
facet normal 0.6599302647159633 0.7513268567753442 0.0
outer loop
vertex -65.546 -95.052 20.0
vertex -65.546 -95.052 18.0
vertex -68.752 -92.236 18.0
endloop
endfacet
facet normal -0.6598584710347781 -0.7513899109008882 0.0
outer loop
vertex -72.923 -96.559 20.0
vertex -69.311 -99.731 18.0
vertex -69.311 -99.731 20.0
endloop
endfacet
facet normal -0.7272409338554275 -0.68638227258947 0.0
outer loop
vertex -76.098 -93.195 20.0
vertex -72.923 -96.559 18.0
vertex -72.923 -96.559 20.0
endloop
endfacet
facet normal 0.7270954499714288 0.6865363840546584 -0.0
outer loop
vertex -68.752 -92.236 20.0
vertex -71.528 -89.296 18.0
vertex -71.528 -89.296 20.0
endloop
endfacet
facet normal -0.0 0.0 0.9999999999999999
outer loop
vertex -76.098 -93.195 20.0
vertex -72.923 -96.559 20.0
vertex -71.528 -89.296 20.0
endloop
endfacet
facet normal -0.0 0.0 1.0
outer loop
vertex -72.923 -96.559 20.0
vertex -69.311 -99.731 20.0
vertex -68.752 -92.236 20.0
endloop
endfacet
facet normal 0.0 -0.0 1.0
outer loop
vertex -72.923 -96.559 20.0
vertex -68.752 -92.236 20.0
vertex -71.528 -89.296 20.0
endloop
endfacet
facet normal -0.5925196729808723 -0.8055559801346149 0.0
outer loop
vertex -69.311 -99.731 20.0
vertex -65.265 -102.707 18.0
vertex -65.265 -102.707 20.0
endloop
endfacet
facet normal -0.0 -0.0 1.0
outer loop
vertex -69.311 -99.731 20.0
vertex -65.265 -102.707 20.0
vertex -65.546 -95.052 20.0
endloop
endfacet
facet normal 0.6599302647159633 0.7513268567753442 0.0
outer loop
vertex -68.752 -92.236 20.0
vertex -65.546 -95.052 20.0
vertex -68.752 -92.236 18.0
endloop
endfacet
facet normal 0.0 -0.0 1.0
outer loop
vertex -69.311 -99.731 20.0
vertex -65.546 -95.052 20.0
vertex -68.752 -92.236 20.0
endloop
endfacet
facet normal -0.9047925458849746 -0.42585261407086134 -0.0
outer loop
vertex -82.969 -81.985 20.0
vertex -82.969 -81.985 18.0
vertex -81.124 -85.905 18.0
endloop
endfacet
facet normal -0.9467952747480475 -0.3218364611332433 0.0
outer loop
vertex -84.362 -77.887 20.0
vertex -82.969 -81.985 16.0
vertex -82.969 -81.985 18.0
endloop
endfacet
facet normal -0.9766847488836234 -0.21467860000040453 -0.0
outer loop
vertex -85.301 -73.615 20.0
vertex -85.301 -73.615 18.0
vertex -84.362 -77.887 18.0
endloop
endfacet
facet normal -0.8525422285703306 -0.5226583477802054 -0.0
outer loop
vertex -81.124 -85.905 20.0
vertex -81.124 -85.905 18.0
vertex -78.833 -89.642 18.0
endloop
endfacet
facet normal 0.9766975541700872 0.21462033379474899 0.0
outer loop
vertex -78.574 -76.272 20.0
vertex -78.574 -76.272 18.0
vertex -79.371 -72.645 18.0
endloop
endfacet
facet normal 0.9048681699831874 0.425691901439618 0.0
outer loop
vertex -75.836 -83.051 20.0
vertex -75.836 -83.051 18.0
vertex -77.396 -79.735 18.0
endloop
endfacet
facet normal 0.9467244094153842 0.322044861187214 0.0
outer loop
vertex -77.396 -79.735 20.0
vertex -77.396 -79.735 18.0
vertex -78.574 -76.272 18.0
endloop
endfacet
facet normal -0.9047925458849746 -0.42585261407086134 0.0
outer loop
vertex -81.124 -85.905 20.0
vertex -82.969 -81.985 20.0
vertex -81.124 -85.905 18.0
endloop
endfacet
facet normal -0.9766847488836234 -0.21467860000040453 0.0
outer loop
vertex -84.362 -77.887 20.0
vertex -85.301 -73.615 20.0
vertex -84.362 -77.887 18.0
endloop
endfacet
facet normal -0.9467952747480475 -0.3218364611332433 0.0
outer loop
vertex -84.362 -77.887 20.0
vertex -82.969 -81.985 18.0
vertex -82.969 -81.985 20.0
endloop
endfacet
facet normal -0.0 0.0 1.0
outer loop
vertex -84.362 -77.887 20.0
vertex -82.969 -81.985 20.0
vertex -78.574 -76.272 20.0
endloop
endfacet
facet normal 0.0 -0.0 1.0
outer loop
vertex -84.362 -77.887 20.0
vertex -78.574 -76.272 20.0
vertex -79.371 -72.645 20.0
endloop
endfacet
facet normal -0.8525422285703306 -0.5226583477802054 0.0
outer loop
vertex -81.124 -85.905 20.0
vertex -78.833 -89.642 18.0
vertex -78.833 -89.642 20.0
endloop
endfacet
facet normal 0.0 -0.0 1.0
outer loop
vertex -81.124 -85.905 20.0
vertex -77.396 -79.735 20.0
vertex -82.969 -81.985 20.0
endloop
endfacet
facet normal -0.0 0.0 1.0
outer loop
vertex -81.124 -85.905 20.0
vertex -78.833 -89.642 20.0
vertex -75.836 -83.051 20.0
endloop
endfacet
facet normal 0.0 -0.0 1.0
outer loop
vertex -81.124 -85.905 20.0
vertex -75.836 -83.051 20.0
vertex -77.396 -79.735 20.0
endloop
endfacet
facet normal 0.0 -0.0 1.0
outer loop
vertex -76.098 -93.195 20.0
vertex -73.884 -86.235 20.0
vertex -78.833 -89.642 20.0
endloop
endfacet
facet normal 0.0 -0.0 1.0
outer loop
vertex -78.833 -89.642 20.0
vertex -73.884 -86.235 20.0
vertex -75.836 -83.051 20.0
endloop
endfacet
facet normal 0.9467244094153842 0.322044861187214 0.0
outer loop
vertex -78.574 -76.272 20.0
vertex -77.396 -79.735 20.0
vertex -78.574 -76.272 18.0
endloop
endfacet
facet normal 0.9048681699831874 0.425691901439618 -0.0
outer loop
vertex -75.836 -83.051 20.0
vertex -77.396 -79.735 18.0
vertex -77.396 -79.735 20.0
endloop
endfacet
facet normal 0.0 -0.0 1.0
outer loop
vertex -82.969 -81.985 20.0
vertex -77.396 -79.735 20.0
vertex -78.574 -76.272 20.0
endloop
endfacet
facet normal -0.9941695136098272 -0.10782846659764565 -0.0
outer loop
vertex -85.783 -69.171 20.0
vertex -85.783 -69.171 18.0
vertex -85.301 -73.615 18.0
endloop
endfacet
facet normal -0.99783137131896 -0.06582214226021325 -0.0
outer loop
vertex -86.109 -64.229 20.0
vertex -86.109 -64.229 18.0
vertex -85.783 -69.171 18.0
endloop
endfacet
facet normal -0.9999652795861221 -0.008333043996555286 -0.0
outer loop
vertex -86.129 -61.829 20.0
vertex -86.129 -61.829 18.0
vertex -86.109 -64.229 18.0
endloop
endfacet
facet normal -0.9993448289370678 0.03619271855971822 0.0
outer loop
vertex -86.044 -59.482 20.0
vertex -86.044 -59.482 18.0
vertex -86.129 -61.829 18.0
endloop
endfacet
facet normal 0.9941775428406138 0.10775441202753284 0.0
outer loop
vertex -79.371 -72.645 20.0
vertex -79.371 -72.645 18.0
vertex -79.804 -68.65 18.0
endloop
endfacet
facet normal 0.997822080915681 0.06596282920781996 0.0
outer loop
vertex -79.804 -68.65 20.0
vertex -79.804 -68.65 18.0
vertex -80.111 -64.006 18.0
endloop
endfacet
facet normal 0.9999027734647181 -0.013944304126222794 0.0
outer loop
vertex -80.111 -64.006 20.0
vertex -80.111 -64.006 18.0
vertex -80.053 -59.847 18.0
endloop
endfacet
facet normal -0.9941695136098272 -0.10782846659764565 0.0
outer loop
vertex -85.301 -73.615 20.0
vertex -85.783 -69.171 20.0
vertex -85.301 -73.615 18.0
endloop
endfacet
facet normal -0.99783137131896 -0.06582214226021325 0.0
outer loop
vertex -85.783 -69.171 20.0
vertex -86.109 -64.229 20.0
vertex -85.783 -69.171 18.0
endloop
endfacet
facet normal 0.0 -0.0 1.0
outer loop
vertex -85.301 -73.615 20.0
vertex -79.371 -72.645 20.0
vertex -85.783 -69.171 20.0
endloop
endfacet
facet normal 0.0 -0.0 0.9999999999999999
outer loop
vertex -84.362 -77.887 20.0
vertex -79.371 -72.645 20.0
vertex -85.301 -73.615 20.0
endloop
endfacet
facet normal -0.0 -0.0 0.9999999999999999
outer loop
vertex -85.783 -69.171 20.0
vertex -79.371 -72.645 20.0
vertex -79.804 -68.65 20.0
endloop
endfacet
facet normal -0.9999652795861221 -0.008333043996555286 0.0
outer loop
vertex -86.109 -64.229 20.0
vertex -86.129 -61.829 20.0
vertex -86.109 -64.229 18.0
endloop
endfacet
facet normal -0.9993448289370678 0.03619271855971822 0.0
outer loop
vertex -86.129 -61.829 20.0
vertex -86.044 -59.482 20.0
vertex -86.129 -61.829 18.0
endloop
endfacet
facet normal 0.0 -0.0 0.9999999999999999
outer loop
vertex -85.783 -69.171 20.0
vertex -80.111 -64.006 20.0
vertex -86.109 -64.229 20.0
endloop
endfacet
facet normal 0.0 -0.0 1.0
outer loop
vertex -86.109 -64.229 20.0
vertex -80.111 -64.006 20.0
vertex -86.129 -61.829 20.0
endloop
endfacet
facet normal 0.0 -0.0 0.9999999999999999
outer loop
vertex -86.129 -61.829 20.0
vertex -80.053 -59.847 20.0
vertex -86.044 -59.482 20.0
endloop
endfacet
facet normal 0.0 -0.0 1.0
outer loop
vertex -85.783 -69.171 20.0
vertex -79.804 -68.65 20.0
vertex -80.111 -64.006 20.0
endloop
endfacet
facet normal -0.0 0.0 1.0
outer loop
vertex -86.129 -61.829 20.0
vertex -80.111 -64.006 20.0
vertex -80.053 -59.847 20.0
endloop
endfacet
facet normal 0.9766975541700872 0.21462033379474899 -0.0
outer loop
vertex -78.574 -76.272 20.0
vertex -79.371 -72.645 18.0
vertex -79.371 -72.645 20.0
endloop
endfacet
facet normal 0.9941775428406138 0.10775441202753284 -0.0
outer loop
vertex -79.371 -72.645 20.0
vertex -79.804 -68.65 18.0
vertex -79.804 -68.65 20.0
endloop
endfacet
facet normal 0.997822080915681 0.06596282920781996 -0.0
outer loop
vertex -79.804 -68.65 20.0
vertex -80.111 -64.006 18.0
vertex -80.111 -64.006 20.0
endloop
endfacet
facet normal 0.9999027734647181 -0.013944304126222794 0.0
outer loop
vertex -80.111 -64.006 20.0
vertex -80.053 -59.847 18.0
vertex -80.053 -59.847 20.0
endloop
endfacet
facet normal 0.8525396744347277 0.522662513975059 0.0
outer loop
vertex -73.884 -86.235 20.0
vertex -73.884 -86.235 18.0
vertex -75.836 -83.051 18.0
endloop
endfacet
facet normal 0.7924507246961038 0.6099359383809252 0.0
outer loop
vertex -71.528 -89.296 20.0
vertex -71.528 -89.296 18.0
vertex -73.884 -86.235 18.0
endloop
endfacet
facet normal 0.7924507246961038 0.6099359383809252 0.0
outer loop
vertex -73.884 -86.235 20.0
vertex -71.528 -89.296 20.0
vertex -73.884 -86.235 18.0
endloop
endfacet
facet normal 0.8525396744347277 0.522662513975059 0.0
outer loop
vertex -75.836 -83.051 20.0
vertex -73.884 -86.235 20.0
vertex -75.836 -83.051 18.0
endloop
endfacet
facet normal 0.0 -0.0 0.9999999999999999
outer loop
vertex -76.098 -93.195 20.0
vertex -71.528 -89.296 20.0
vertex -73.884 -86.235 20.0
endloop
endfacet
facet normal -0.46511353288411594 -0.885251038704873 0.0
outer loop
vertex -60.79 -105.484 20.0
vertex -55.889 -108.059 16.0
vertex -55.889 -108.059 18.0
endloop
endfacet
facet normal -0.4063932245107169 -0.9136982801077072 -0.0
outer loop
vertex -55.889 -108.059 20.0
vertex -55.889 -108.059 18.0
vertex -50.565 -110.427 18.0
endloop
endfacet
facet normal -0.46511353288411594 -0.885251038704873 0.0
outer loop
vertex -60.79 -105.484 20.0
vertex -55.889 -108.059 18.0
vertex -55.889 -108.059 20.0
endloop
endfacet
facet normal -0.5272825089392132 -0.8496900351109036 -0.0
outer loop
vertex -65.265 -102.707 20.0
vertex -65.265 -102.707 18.0
vertex -60.79 -105.484 18.0
endloop
endfacet
facet normal 0.5925507135929998 0.8055331475615555 0.0
outer loop
vertex -61.9 -97.734 20.0
vertex -61.9 -97.734 18.0
vertex -65.546 -95.052 18.0
endloop
endfacet
facet normal 0.527176709353471 0.8497556808372898 0.0
outer loop
vertex -57.809 -100.272 20.0
vertex -57.809 -100.272 18.0
vertex -61.9 -97.734 18.0
endloop
endfacet
facet normal 0.4651512516582789 0.8852312201231588 0.0
outer loop
vertex -53.272 -102.656 20.0
vertex -53.272 -102.656 18.0
vertex -57.809 -100.272 18.0
endloop
endfacet
facet normal -0.5272825089392132 -0.8496900351109036 0.0
outer loop
vertex -65.265 -102.707 20.0
vertex -60.79 -105.484 18.0
vertex -60.79 -105.484 20.0
endloop
endfacet
facet normal 0.527176709353471 0.8497556808372898 0.0
outer loop
vertex -61.9 -97.734 20.0
vertex -57.809 -100.272 20.0
vertex -61.9 -97.734 18.0
endloop
endfacet
facet normal -0.0 -0.0 1.0
outer loop
vertex -65.265 -102.707 20.0
vertex -60.79 -105.484 20.0
vertex -61.9 -97.734 20.0
endloop
endfacet
facet normal 0.0 -0.0 0.9999999999999999
outer loop
vertex -65.265 -102.707 20.0
vertex -61.9 -97.734 20.0
vertex -65.546 -95.052 20.0
endloop
endfacet
facet normal 0.0 -0.0 1.0
outer loop
vertex -60.79 -105.484 20.0
vertex -57.809 -100.272 20.0
vertex -61.9 -97.734 20.0
endloop
endfacet
facet normal 0.5925507135929998 0.8055331475615555 0.0
outer loop
vertex -65.546 -95.052 20.0
vertex -61.9 -97.734 20.0
vertex -65.546 -95.052 18.0
endloop
endfacet
facet normal 0.4651512516582789 0.8852312201231588 0.0
outer loop
vertex -57.809 -100.272 20.0
vertex -53.272 -102.656 20.0
vertex -57.809 -100.272 18.0
endloop
endfacet
facet normal -0.0 -0.0 1.0
outer loop
vertex -60.79 -105.484 20.0
vertex -55.889 -108.059 20.0
vertex -57.809 -100.272 20.0
endloop
endfacet
facet normal 0.0 -0.0 1.0
outer loop
vertex -55.889 -108.059 20.0
vertex -53.272 -102.656 20.0
vertex -57.809 -100.272 20.0
endloop
endfacet
facet normal -0.3783809041845478 -0.9256499831731668 -0.0
outer loop
vertex -50.565 -110.427 20.0
vertex -50.565 -110.427 18.0
vertex -46.416 -112.123 18.0
endloop
endfacet
facet normal -0.3351792129741339 -0.9421543903151117 -0.0
outer loop
vertex -46.416 -112.123 20.0
vertex -46.416 -112.123 18.0
vertex -42.031 -113.683 18.0
endloop
endfacet
facet normal 0.37847713385751464 0.925610641223944 0.0
outer loop
vertex -44.275 -106.517 20.0
vertex -44.275 -106.517 18.0
vertex -48.21 -104.908 18.0
endloop
endfacet
facet normal -0.4063932245107169 -0.9136982801077072 0.0
outer loop
vertex -55.889 -108.059 20.0
vertex -50.565 -110.427 18.0
vertex -50.565 -110.427 20.0
endloop
endfacet
facet normal -0.0 -0.0 1.0
outer loop
vertex -55.889 -108.059 20.0
vertex -50.565 -110.427 20.0
vertex -53.272 -102.656 20.0
endloop
endfacet
facet normal 0.0 -0.0 1.0
outer loop
vertex -50.565 -110.427 20.0
vertex -48.21 -104.908 20.0
vertex -53.272 -102.656 20.0
endloop
endfacet
facet normal -0.3351792129741339 -0.9421543903151117 0.0
outer loop
vertex -46.416 -112.123 20.0
vertex -42.031 -113.683 18.0
vertex -42.031 -113.683 20.0
endloop
endfacet
facet normal -0.3783809041845478 -0.9256499831731668 0.0
outer loop
vertex -50.565 -110.427 20.0
vertex -46.416 -112.123 18.0
vertex -46.416 -112.123 20.0
endloop
endfacet
facet normal 0.37847713385751464 0.925610641223944 -0.0
outer loop
vertex -44.275 -106.517 20.0
vertex -48.21 -104.908 18.0
vertex -48.21 -104.908 20.0
endloop
endfacet
facet normal -0.0 -0.0 1.0
outer loop
vertex -50.565 -110.427 20.0
vertex -46.416 -112.123 20.0
vertex -48.21 -104.908 20.0
endloop
endfacet
facet normal 0.0 -0.0 1.0
outer loop
vertex -46.416 -112.123 20.0
vertex -44.275 -106.517 20.0
vertex -48.21 -104.908 20.0
endloop
endfacet
facet normal -0.0 -0.0 1.0
outer loop
vertex -46.416 -112.123 20.0
vertex -42.031 -113.683 20.0
vertex -44.275 -106.517 20.0
endloop
endfacet
facet normal 0.40647337682446283 0.9136626258816315 0.0
outer loop
vertex -48.21 -104.908 20.0
vertex -48.21 -104.908 18.0
vertex -53.272 -102.656 18.0
endloop
endfacet
facet normal 0.40647337682446283 0.9136626258816315 0.0
outer loop
vertex -53.272 -102.656 20.0
vertex -48.21 -104.908 20.0
vertex -53.272 -102.656 18.0
endloop
endfacet
facet normal -0.6491236067506638 -0.7606829452268596 -0.0
outer loop
vertex -45.536 -60.318 20.0
vertex -45.536 -60.318 18.0
vertex -42.829 -62.628 18.0
endloop
endfacet
facet normal -0.6491236067506638 -0.7606829452268596 0.0
outer loop
vertex -45.536 -60.318 20.0
vertex -42.829 -62.628 18.0
vertex -42.829 -62.628 20.0
endloop
endfacet
facet normal -0.9963265422854021 0.08563539652278655 0.0
outer loop
vertex -86.044 -59.482 0.0
vertex -86.044 -59.482 16.0
vertex -85.847 -57.19 16.0
endloop
endfacet
facet normal -0.9901261563942799 0.1401791511740954 0.0
outer loop
vertex -85.847 -57.19 0.0
vertex -85.847 -57.19 16.0
vertex -85.531 -54.958 16.0
endloop
endfacet
facet normal -0.9799501205074587 0.19924297055960918 0.0
outer loop
vertex -85.531 -54.958 0.0
vertex -85.531 -54.958 16.0
vertex -85.09 -52.789 16.0
endloop
endfacet
facet normal -0.9647241024087403 0.2632629982197469 0.0
outer loop
vertex -85.09 -52.789 0.0
vertex -85.09 -52.789 16.0
vertex -84.631 -51.107 16.0
endloop
endfacet
facet normal -0.9644983599543618 0.26408883665415767 0.0
outer loop
vertex -84.516 -50.687 0.0
vertex -84.631 -51.107 16.0
vertex -84.516 -50.687 16.0
endloop
endfacet
facet normal -0.9435032821483579 0.33136317926902514 0.0
outer loop
vertex -84.516 -50.687 0.0
vertex -84.516 -50.687 16.0
vertex -83.802 -48.654 16.0
endloop
endfacet
facet normal -0.9155559426311901 0.4021906462272746 0.0
outer loop
vertex -83.802 -48.654 0.0
vertex -83.802 -48.654 16.0
vertex -82.941 -46.694 16.0
endloop
endfacet
facet normal 0.9963307203935339 -0.08558677234305333 0.0
outer loop
vertex -79.883 -57.868 0.0
vertex -79.883 -57.868 16.0
vertex -80.053 -59.847 16.0
endloop
endfacet
facet normal 0.9901683328214688 -0.13988092320811008 0.0
outer loop
vertex -79.616 -55.978 0.0
vertex -79.616 -55.978 16.0
vertex -79.883 -57.868 16.0
endloop
endfacet
facet normal 0.9799258418450457 -0.1993623446999925 0.0
outer loop
vertex -79.25 -54.179 0.0
vertex -79.25 -54.179 16.0
vertex -79.616 -55.978 16.0
endloop
endfacet
facet normal 0.9646593543587482 -0.2635001518940035 0.0
outer loop
vertex -78.784 -52.473 0.0
vertex -78.784 -52.473 16.0
vertex -79.25 -54.179 16.0
endloop
endfacet
facet normal 0.9436031824881403 -0.3310785918754842 0.0
outer loop
vertex -78.217 -50.857 0.0
vertex -78.217 -50.857 16.0
vertex -78.784 -52.473 16.0
endloop
endfacet
facet normal 0.9154826982323544 -0.402357340230308 0.0
outer loop
vertex -77.545 -49.328 0.0
vertex -77.545 -49.328 16.0
vertex -78.217 -50.857 16.0
endloop
endfacet
facet normal 0.8801681102007778 -0.47466208800112897 0.0
outer loop
vertex -76.79 -47.928 0.0
vertex -76.79 -47.928 16.0
vertex -77.545 -49.328 16.0
endloop
endfacet
facet normal 0.2645687980988159 -0.9643668135479092 0.0
outer loop
vertex -74.654 -47.342 0.0
vertex -74.654 -47.342 16.0
vertex -76.79 -47.928 16.0
endloop
endfacet
facet normal -0.8803509094806723 0.4743229661070115 0.0
outer loop
vertex -82.941 -46.694 0.0
vertex -81.927 -44.812 18.0
vertex -81.927 -44.812 16.0
endloop
endfacet
facet normal -0.8803509094806723 0.4743229661070115 0.0
outer loop
vertex -82.941 -46.694 0.0
vertex -82.941 -46.694 16.0
vertex -81.927 -44.812 20.0
endloop
endfacet
facet normal -0.8377954298190162 0.5459842651344177 0.0
outer loop
vertex -81.927 -44.812 0.0
vertex -81.927 -44.812 16.0
vertex -80.752 -43.009 16.0
endloop
endfacet
facet normal -0.352818220087734 0.9356918849568608 0.0
outer loop
vertex -80.752 -43.009 0.0
vertex -80.752 -43.009 16.0
vertex -78.877 -42.302 16.0
endloop
endfacet
facet normal -0.3537503403584789 0.9353398829817215 0.0
outer loop
vertex -78.409 -42.125 0.0
vertex -78.877 -42.302 16.0
vertex -78.409 -42.125 16.0
endloop
endfacet
facet normal -0.25433991999949335 0.9671148872262546 0.0
outer loop
vertex -78.409 -42.125 0.0
vertex -78.409 -42.125 16.0
vertex -75.926 -41.472 16.0
endloop
endfacet
facet normal 0.1687826364555439 -0.9856532968702107 0.0
outer loop
vertex -72.54 -46.98 0.0
vertex -72.54 -46.98 16.0
vertex -74.654 -47.342 16.0
endloop
endfacet
facet normal 0.09480909262799278 -0.9954954725939523 0.0
outer loop
vertex -70.272 -46.764 0.0
vertex -70.272 -46.764 16.0
vertex -72.54 -46.98 16.0
endloop
endfacet
facet normal 0.031836326601654655 -0.9994930956782607 0.0
outer loop
vertex -67.886 -46.688 0.0
vertex -67.886 -46.688 16.0
vertex -70.272 -46.764 16.0
endloop
endfacet
facet normal -0.021487333086821863 -0.9997691206057606 0.0
outer loop
vertex -65.42 -46.741 0.0
vertex -65.42 -46.741 16.0
vertex -67.886 -46.688 16.0
endloop
endfacet
facet normal -0.16864752678374442 0.9856764234320136 0.0
outer loop
vertex -75.926 -41.472 0.0
vertex -75.926 -41.472 16.0
vertex -73.331 -41.028 16.0
endloop
endfacet
facet normal -0.09475648479750527 0.995500481460868 0.0
outer loop
vertex -73.331 -41.028 0.0
vertex -73.331 -41.028 16.0
vertex -70.652 -40.773 16.0
endloop
endfacet
facet normal -0.03180540781398331 0.9994940800393898 0.0
outer loop
vertex -70.652 -40.773 0.0
vertex -70.652 -40.773 16.0
vertex -67.918 -40.686 16.0
endloop
endfacet
facet normal 0.021305978729057744 0.9997730018711232 -0.0
outer loop
vertex -67.918 -40.686 0.0
vertex -67.918 -40.686 16.0
vertex -65.431 -40.739 18.0
endloop
endfacet
facet normal 0.02134873445458709 0.9997720897970636 0.0
outer loop
vertex -67.918 -40.686 0.0
vertex -65.155 -40.745 18.0
vertex -65.155 -40.745 16.0
endloop
endfacet
facet normal 0.021733995371177095 0.999763787074095 -5.916476517740707e-05
outer loop
vertex -67.918 -40.686 0.0
vertex -65.431 -40.739 18.0
vertex -65.155 -40.745 18.0
endloop
endfacet
facet normal -0.8803509094806723 0.4743229661070115 0.0
outer loop
vertex -82.941 -46.694 0.0
vertex -81.927 -44.812 20.0
vertex -81.927 -44.812 18.0
endloop
endfacet
facet normal -0.9442681824891538 -0.32917715525022456 0.0
outer loop
vertex -70.061 -6.449 0.0
vertex -69.886 -6.951 16.0
vertex -70.061 -6.449 16.0
endloop
endfacet
facet normal -0.9736830386454274 -0.22790642872505207 0.0
outer loop
vertex -70.061 -6.449 0.0
vertex -70.061 -6.449 16.0
vertex -70.689 -3.766 16.0
endloop
endfacet
facet normal -0.9338458826038825 -0.3576756457235742 0.0
outer loop
vertex -70.689 -3.766 0.0
vertex -70.689 -3.766 16.0
vertex -72.326 0.508 16.0
endloop
endfacet
facet normal -0.9442239615939995 -0.32930397864546623 0.0
outer loop
vertex -69.185 -8.961 0.0
vertex -69.185 -8.961 16.0
vertex -69.886 -6.951 16.0
endloop
endfacet
facet normal -0.9015652109234102 -0.43264323692001333 0.0
outer loop
vertex -68.064 -11.297 0.0
vertex -68.064 -11.297 16.0
vertex -69.185 -8.961 16.0
endloop
endfacet
facet normal -0.845768048069076 -0.5335507556600638 0.0
outer loop
vertex -66.702 -13.456 0.0
vertex -66.702 -13.456 16.0
vertex -68.064 -11.297 16.0
endloop
endfacet
facet normal -0.7773272713641172 -0.6290964259901785 0.0
outer loop
vertex -65.102 -15.433 0.0
vertex -65.102 -15.433 16.0
vertex -66.702 -13.456 16.0
endloop
endfacet
facet normal 0.9696882526471698 0.24434543719512847 -0.0
outer loop
vertex -65.086 -1.621 0.0
vertex -65.086 -1.621 16.0
vertex -64.292 -4.772 16.0
endloop
endfacet
facet normal -0.08606947648850977 -0.996289137357722 0.0
outer loop
vertex -60.431 -47.172 0.0
vertex -60.431 -47.172 16.0
vertex -65.42 -46.741 16.0
endloop
endfacet
facet normal -0.15199769547775788 -0.9883808479373986 0.0
outer loop
vertex -55.437 -47.94 0.0
vertex -55.437 -47.94 16.0
vertex -60.431 -47.172 16.0
endloop
endfacet
facet normal -0.19854999766791281 -0.9800907603003264 0.0
outer loop
vertex -53.966 -48.238 0.0
vertex -53.966 -48.238 16.0
vertex -55.437 -47.94 16.0
endloop
endfacet
facet normal 0.06719032327665485 0.9977401768286064 -0.0
outer loop
vertex -65.155 -40.745 0.0
vertex -65.155 -40.745 16.0
vertex -62.393 -40.931 16.0
endloop
endfacet
facet normal 0.10544182348960131 0.9944254732553806 -0.0
outer loop
vertex -62.393 -40.931 0.0
vertex -62.393 -40.931 16.0
vertex -59.658 -41.221 16.0
endloop
endfacet
facet normal 0.1518318108820957 0.9884063441744309 -0.0
outer loop
vertex -59.658 -41.221 0.0
vertex -59.658 -41.221 16.0
vertex -54.385 -42.031 16.0
endloop
endfacet
facet normal -0.7873341748489485 -0.6165264772213155 0.0
outer loop
vertex -48.001 -57.744 0.0
vertex -48.001 -57.744 16.0
vertex -50.21 -54.923 16.0
endloop
endfacet
facet normal -0.8439919792094014 -0.5363557951865511 0.0
outer loop
vertex -50.21 -54.923 0.0
vertex -50.21 -54.923 16.0
vertex -52.147 -51.875 16.0
endloop
endfacet
facet normal -0.894378003407814 -0.447311957162171 0.0
outer loop
vertex -52.147 -51.875 0.0
vertex -52.147 -51.875 16.0
vertex -53.966 -48.238 16.0
endloop
endfacet
facet normal -0.7222334520393905 -0.6916493625785145 0.0
outer loop
vertex -45.536 -60.318 0.0
vertex -45.536 -60.318 16.0
vertex -48.001 -57.744 16.0
endloop
endfacet
facet normal 0.8483508793441825 0.5294344015229387 -0.0
outer loop
vertex -47.057 -48.697 0.0
vertex -47.057 -48.697 16.0
vertex -45.455 -51.264 16.0
endloop
endfacet
facet normal 0.8952704961383958 0.44552299463003087 -0.0
outer loop
vertex -48.428 -45.942 0.0
vertex -48.428 -45.942 16.0
vertex -47.057 -48.697 16.0
endloop
endfacet
facet normal 0.7922504434538008 0.6101960626284438 -0.0
outer loop
vertex -45.455 -51.264 0.0
vertex -45.455 -51.264 16.0
vertex -43.997 -53.157 16.0
endloop
endfacet
facet normal 0.7939897153114787 0.6079310405807538 -0.00042647156904823674
outer loop
vertex -45.455 -51.264 0.0
vertex -43.997 -53.157 16.0
vertex -43.633 -53.631 18.0
endloop
endfacet
facet normal 0.7924248210418642 0.609969591862389 0.0
outer loop
vertex -45.455 -51.264 0.0
vertex -43.633 -53.631 18.0
vertex -43.633 -53.631 16.0
endloop
endfacet
facet normal 0.19861497864295852 0.9800775939988919 -0.0
outer loop
vertex -54.385 -42.031 0.0
vertex -54.385 -42.031 16.0
vertex -49.559 -43.009 16.0
endloop
endfacet
facet normal 0.933033697954025 0.3597889916079109 -0.0
outer loop
vertex -49.559 -43.009 0.0
vertex -49.559 -43.009 16.0
vertex -48.428 -45.942 16.0
endloop
endfacet
facet normal -0.6990644475660094 -0.71505866762751 0.0
outer loop
vertex -63.269 -17.225 0.0
vertex -63.269 -17.225 16.0
vertex -65.102 -15.433 16.0
endloop
endfacet
facet normal -0.6131988190205062 -0.7899286096552374 0.0
outer loop
vertex -61.204 -18.828 0.0
vertex -61.204 -18.828 16.0
vertex -63.269 -17.225 16.0
endloop
endfacet
facet normal -0.43499935522548566 -0.9004307641087191 0.0
outer loop
vertex -56.398 -21.454 0.0
vertex -56.398 -21.454 16.0
vertex -58.913 -20.239 16.0
endloop
endfacet
facet normal -0.34822955684423157 -0.9374092893395446 0.0
outer loop
vertex -53.663 -22.47 0.0
vertex -53.663 -22.47 16.0
vertex -56.398 -21.454 16.0
endloop
endfacet
facet normal 0.43519318452787514 0.9003370991692428 -0.0
outer loop
vertex -56.027 -14.969 0.0
vertex -56.027 -14.969 16.0
vertex -54.043 -15.928 16.0
endloop
endfacet
facet normal -0.5244084343642085 -0.8514668484255156 -0.0
outer loop
vertex -58.913 -20.239 0.0
vertex -61.204 -18.828 18.0
vertex -61.204 -18.828 16.0
endloop
endfacet
facet normal -0.5244084343642085 -0.8514668484255156 0.0
outer loop
vertex -58.913 -20.239 0.0
vertex -58.913 -20.239 16.0
vertex -61.204 -18.828 20.0
endloop
endfacet
facet normal 0.7011047205570352 0.7130583221677184 -0.0
outer loop
vertex -60.691 -11.346 0.0
vertex -60.691 -11.346 16.0
vertex -59.319 -12.695 16.0
endloop
endfacet
facet normal 0.9407143260896774 0.33919987719579714 -0.0
outer loop
vertex -64.292 -4.772 0.0
vertex -64.292 -4.772 16.0
vertex -63.542 -6.852 16.0
endloop
endfacet
facet normal -0.1690538020909205 0.9856068242451469 0.0
outer loop
vertex -63.542 -6.852 0.0
vertex -63.542 -6.852 16.0
vertex -59.286 -6.122 16.0
endloop
endfacet
facet normal 0.6132292365359047 0.7899049964759 -0.0
outer loop
vertex -59.319 -12.695 0.0
vertex -59.319 -12.695 16.0
vertex -57.781 -13.889 16.0
endloop
endfacet
facet normal 0.5243141018590607 0.8515249395007327 -0.0
outer loop
vertex -57.781 -13.889 0.0
vertex -57.781 -13.889 16.0
vertex -56.027 -14.969 16.0
endloop
endfacet
facet normal 0.17158997004721332 -0.9851684537068757 0.0
outer loop
vertex -57.516 -10.793 0.0
vertex -57.516 -10.793 16.0
vertex -60.691 -11.346 16.0
endloop
endfacet
facet normal -0.33370093080477214 0.942678995618354 0.0
outer loop
vertex -59.286 -6.122 0.0
vertex -59.286 -6.122 16.0
vertex -51.17 -3.249 16.0
endloop
endfacet
facet normal 0.34826054050659444 0.9373977789210164 -0.0
outer loop
vertex -54.043 -15.928 0.0
vertex -54.043 -15.928 16.0
vertex -51.817 -16.755 16.0
endloop
endfacet
facet normal 0.26553321761139026 0.9641017116180959 -0.0
outer loop
vertex -51.817 -16.755 0.0
vertex -51.817 -16.755 16.0
vertex -49.319 -17.443 16.0
endloop
endfacet
facet normal -0.19753870821656247 -0.9802950875915536 0.0
outer loop
vertex -45.411 -24.352 0.0
vertex -45.411 -24.352 16.0
vertex -50.711 -23.284 16.0
endloop
endfacet
facet normal -0.157502953208059 -0.9875185161457682 0.0
outer loop
vertex -43.041 -24.73 0.0
vertex -43.041 -24.73 16.0
vertex -45.411 -24.352 16.0
endloop
endfacet
facet normal 0.19770797243896954 0.980260964046856 -0.0
outer loop
vertex -49.319 -17.443 0.0
vertex -49.319 -17.443 16.0
vertex -44.346 -18.446 16.0
endloop
endfacet
facet normal 0.1573530926348308 0.9875424062987139 -0.0
outer loop
vertex -44.346 -18.446 0.0
vertex -44.346 -18.446 16.0
vertex -42.231 -18.783 16.0
endloop
endfacet
facet normal -0.2658243512471377 -0.9640214801984643 -0.0
outer loop
vertex -50.711 -23.284 0.0
vertex -53.663 -22.47 18.0
vertex -53.663 -22.47 16.0
endloop
endfacet
facet normal -0.2658243512471377 -0.9640214801984643 0.0
outer loop
vertex -50.711 -23.284 0.0
vertex -50.711 -23.284 16.0
vertex -53.663 -22.47 20.0
endloop
endfacet
facet normal 0.33380489105036126 -0.9426421880601655 0.0
outer loop
vertex -49.256 -7.868 0.0
vertex -49.256 -7.868 16.0
vertex -57.516 -10.793 16.0
endloop
endfacet
facet normal -0.46023767169563007 0.8877957454010384 0.0
outer loop
vertex -51.17 -3.249 0.0
vertex -51.17 -3.249 16.0
vertex -43.346 0.807 16.0
endloop
endfacet
facet normal 0.46028403958349895 -0.8877717065240907 0.0
outer loop
vertex -41.433 -3.812 0.0
vertex -41.433 -3.812 16.0
vertex -49.256 -7.868 16.0
endloop
endfacet
facet normal -0.5244084343642085 -0.8514668484255156 -0.0
outer loop
vertex -58.913 -20.239 0.0
vertex -61.204 -18.828 20.0
vertex -61.204 -18.828 18.0
endloop
endfacet
facet normal -0.2658243512471377 -0.9640214801984643 -0.0
outer loop
vertex -50.711 -23.284 0.0
vertex -53.663 -22.47 20.0
vertex -53.663 -22.47 18.0
endloop
endfacet
facet normal -0.9647241024087403 0.2632629982197469 0.0
outer loop
vertex -84.631 -51.107 16.0
vertex -85.09 -52.789 16.0
vertex -85.09 -52.789 18.0
endloop
endfacet
facet normal -0.9646342387073806 0.2635919140653936 0.0002972419456509388
outer loop
vertex -84.573 -50.897 18.0
vertex -84.631 -51.107 16.0
vertex -85.09 -52.789 18.0
endloop
endfacet
facet normal -0.35281821105975075 0.9356918610141894 0.00022622201423960504
outer loop
vertex -78.877 -42.302 16.0
vertex -80.752 -43.009 16.0
vertex -78.669 -42.224 17.778
endloop
endfacet
facet normal 0.021305978729057744 0.9997730018711232 -0.0
outer loop
vertex -67.918 -40.686 16.0
vertex -67.918 -40.686 16.363999999999997
vertex -65.431 -40.739 18.0
endloop
endfacet
facet normal -0.03165833142894518 0.9994987493994854 0.0
outer loop
vertex -68.221 -40.696 17.778
vertex -70.652 -40.773 16.0
vertex -70.652 -40.773 18.0
endloop
endfacet
facet normal -0.9963265422854021 0.08563539652278655 0.0
outer loop
vertex -85.847 -57.19 20.0
vertex -85.847 -57.19 18.0
vertex -86.044 -59.482 18.0
endloop
endfacet
facet normal -0.9901261563942799 0.1401791511740954 0.0
outer loop
vertex -85.531 -54.958 20.0
vertex -85.531 -54.958 18.0
vertex -85.847 -57.19 18.0
endloop
endfacet
facet normal -0.9799501205074587 0.19924297055960918 0.0
outer loop
vertex -85.09 -52.789 20.0
vertex -85.09 -52.789 18.0
vertex -85.531 -54.958 18.0
endloop
endfacet
facet normal -0.8803509094806723 0.4743229661070115 0.0
outer loop
vertex -81.927 -44.812 20.0
vertex -82.941 -46.694 16.0
vertex -82.941 -46.694 18.0
endloop
endfacet
facet normal -0.964634281321439 0.26359192570993284 0.0
outer loop
vertex -85.09 -52.789 20.0
vertex -84.573 -50.897 18.0
vertex -85.09 -52.789 18.0
endloop
endfacet
facet normal -0.9650812745905492 0.2619506316745212 0.0
outer loop
vertex -84.516 -50.687 20.0
vertex -84.516 -50.687 18.0
vertex -84.573 -50.897 18.0
endloop
endfacet
facet normal -0.9435032821483579 0.33136317926902514 0.0
outer loop
vertex -83.802 -48.654 20.0
vertex -83.802 -48.654 18.0
vertex -84.516 -50.687 18.0
endloop
endfacet
facet normal -0.9155559426311901 0.4021906462272746 0.0
outer loop
vertex -82.941 -46.694 20.0
vertex -82.941 -46.694 18.0
vertex -83.802 -48.654 18.0
endloop
endfacet
facet normal 0.9963307203935339 -0.08558677234305333 0.0
outer loop
vertex -80.053 -59.847 20.0
vertex -80.053 -59.847 18.0
vertex -79.883 -57.868 18.0
endloop
endfacet
facet normal 0.9901683328214688 -0.13988092320811008 0.0
outer loop
vertex -79.883 -57.868 20.0
vertex -79.883 -57.868 18.0
vertex -79.616 -55.978 18.0
endloop
endfacet
facet normal 0.9799258418450457 -0.1993623446999925 0.0
outer loop
vertex -79.616 -55.978 20.0
vertex -79.616 -55.978 18.0
vertex -79.25 -54.179 18.0
endloop
endfacet
facet normal 0.9646593543587482 -0.2635001518940035 0.0
outer loop
vertex -79.25 -54.179 20.0
vertex -79.25 -54.179 18.0
vertex -78.784 -52.473 18.0
endloop
endfacet
facet normal 0.9436031824881403 -0.3310785918754842 0.0
outer loop
vertex -78.784 -52.473 20.0
vertex -78.784 -52.473 18.0
vertex -78.217 -50.857 18.0
endloop
endfacet
facet normal 0.9154826982323544 -0.402357340230308 0.0
outer loop
vertex -78.217 -50.857 20.0
vertex -78.217 -50.857 18.0
vertex -77.545 -49.328 18.0
endloop
endfacet
facet normal 0.8801681102007778 -0.47466208800112897 0.0
outer loop
vertex -77.545 -49.328 20.0
vertex -77.545 -49.328 18.0
vertex -76.79 -47.928 18.0
endloop
endfacet
facet normal 0.2645687980988159 -0.9643668135479092 0.0
outer loop
vertex -76.79 -47.928 20.0
vertex -76.79 -47.928 18.0
vertex -74.654 -47.342 18.0
endloop
endfacet
facet normal -0.9963265422854021 0.08563539652278655 0.0
outer loop
vertex -86.044 -59.482 20.0
vertex -85.847 -57.19 20.0
vertex -86.044 -59.482 18.0
endloop
endfacet
facet normal -0.9901261563942799 0.1401791511740954 0.0
outer loop
vertex -85.847 -57.19 20.0
vertex -85.531 -54.958 20.0
vertex -85.847 -57.19 18.0
endloop
endfacet
facet normal -0.9799501205074587 0.19924297055960918 0.0
outer loop
vertex -85.531 -54.958 20.0
vertex -85.09 -52.789 20.0
vertex -85.531 -54.958 18.0
endloop
endfacet
facet normal 0.0 -0.0 1.0
outer loop
vertex -86.044 -59.482 20.0
vertex -79.883 -57.868 20.0
vertex -85.847 -57.19 20.0
endloop
endfacet
facet normal 0.0 -0.0 1.0
outer loop
vertex -85.847 -57.19 20.0
vertex -79.616 -55.978 20.0
vertex -85.531 -54.958 20.0
endloop
endfacet
facet normal -0.0 0.0 1.0
outer loop
vertex -86.044 -59.482 20.0
vertex -80.053 -59.847 20.0
vertex -79.883 -57.868 20.0
endloop
endfacet
facet normal -0.0 0.0 1.0
outer loop
vertex -85.847 -57.19 20.0
vertex -79.883 -57.868 20.0
vertex -79.616 -55.978 20.0
endloop
endfacet
facet normal 0.0 -0.0 1.0
outer loop
vertex -85.531 -54.958 20.0
vertex -79.25 -54.179 20.0
vertex -85.09 -52.789 20.0
endloop
endfacet
facet normal -0.0 0.0 1.0
outer loop
vertex -85.531 -54.958 20.0
vertex -79.616 -55.978 20.0
vertex -79.25 -54.179 20.0
endloop
endfacet
facet normal -0.0 0.0 0.9999999999999999
outer loop
vertex -85.09 -52.789 20.0
vertex -79.25 -54.179 20.0
vertex -78.784 -52.473 20.0
endloop
endfacet
facet normal -0.9646790315757363 0.26342805143885334 -0.00016659300117704236
outer loop
vertex -85.09 -52.789 20.0
vertex -84.516 -50.687 20.0
vertex -84.573 -50.897 18.0
endloop
endfacet
facet normal -0.9435032821483579 0.33136317926902514 0.0
outer loop
vertex -84.516 -50.687 20.0
vertex -83.802 -48.654 20.0
vertex -84.516 -50.687 18.0
endloop
endfacet
facet normal -0.9155559426311901 0.4021906462272746 0.0
outer loop
vertex -83.802 -48.654 20.0
vertex -82.941 -46.694 20.0
vertex -83.802 -48.654 18.0
endloop
endfacet
facet normal -0.8803509094806723 0.4743229661070115 0.0
outer loop
vertex -82.941 -46.694 20.0
vertex -81.927 -44.812 20.0
vertex -82.941 -46.694 18.0
endloop
endfacet
facet normal 0.0 -0.0 1.0
outer loop
vertex -85.09 -52.789 20.0
vertex -78.784 -52.473 20.0
vertex -84.516 -50.687 20.0
endloop
endfacet
facet normal -0.0 -0.0 1.0
outer loop
vertex -84.516 -50.687 20.0
vertex -78.217 -50.857 20.0
vertex -83.802 -48.654 20.0
endloop
endfacet
facet normal -0.0 -0.0 1.0
outer loop
vertex -83.802 -48.654 20.0
vertex -77.545 -49.328 20.0
vertex -82.941 -46.694 20.0
endloop
endfacet
facet normal 0.9963307203935339 -0.08558677234305333 0.0
outer loop
vertex -80.053 -59.847 20.0
vertex -79.883 -57.868 18.0
vertex -79.883 -57.868 20.0
endloop
endfacet
facet normal 0.9901683328214688 -0.13988092320811008 0.0
outer loop
vertex -79.883 -57.868 20.0
vertex -79.616 -55.978 18.0
vertex -79.616 -55.978 20.0
endloop
endfacet
facet normal 0.9799258418450457 -0.1993623446999925 0.0
outer loop
vertex -79.616 -55.978 20.0
vertex -79.25 -54.179 18.0
vertex -79.25 -54.179 20.0
endloop
endfacet
facet normal 0.9646593543587482 -0.2635001518940035 0.0
outer loop
vertex -79.25 -54.179 20.0
vertex -78.784 -52.473 18.0
vertex -78.784 -52.473 20.0
endloop
endfacet
facet normal 0.9436031824881403 -0.3310785918754842 0.0
outer loop
vertex -78.784 -52.473 20.0
vertex -78.217 -50.857 18.0
vertex -78.217 -50.857 20.0
endloop
endfacet
facet normal 0.9154826982323544 -0.402357340230308 0.0
outer loop
vertex -78.217 -50.857 20.0
vertex -77.545 -49.328 18.0
vertex -77.545 -49.328 20.0
endloop
endfacet
facet normal 0.8801681102007778 -0.47466208800112897 0.0
outer loop
vertex -77.545 -49.328 20.0
vertex -76.79 -47.928 18.0
vertex -76.79 -47.928 20.0
endloop
endfacet
facet normal 0.2645687980988159 -0.9643668135479092 0.0
outer loop
vertex -76.79 -47.928 20.0
vertex -74.654 -47.342 18.0
vertex -74.654 -47.342 20.0
endloop
endfacet
facet normal -0.0 0.0 1.0
outer loop
vertex -84.516 -50.687 20.0
vertex -78.784 -52.473 20.0
vertex -78.217 -50.857 20.0
endloop
endfacet
facet normal -0.0 0.0 1.0
outer loop
vertex -83.802 -48.654 20.0
vertex -78.217 -50.857 20.0
vertex -77.545 -49.328 20.0
endloop
endfacet
facet normal -0.0 -0.0 1.0
outer loop
vertex -82.941 -46.694 20.0
vertex -76.79 -47.928 20.0
vertex -81.927 -44.812 20.0
endloop
endfacet
facet normal 0.0 0.0 0.9999999999999999
outer loop
vertex -76.79 -47.928 20.0
vertex -80.752 -43.009 20.0
vertex -81.927 -44.812 20.0
endloop
endfacet
facet normal -0.0 0.0 0.9999999999999999
outer loop
vertex -82.941 -46.694 20.0
vertex -77.545 -49.328 20.0
vertex -76.79 -47.928 20.0
endloop
endfacet
facet normal 0.0 -0.0 1.0
outer loop
vertex -76.79 -47.928 20.0
vertex -74.654 -47.342 20.0
vertex -78.409 -42.125 20.0
endloop
endfacet
facet normal -0.8377954298190162 0.5459842651344177 0.0
outer loop
vertex -80.752 -43.009 20.0
vertex -80.752 -43.009 18.0
vertex -81.927 -44.812 18.0
endloop
endfacet
facet normal -0.3530044895261381 0.9356216277825085 0.0
outer loop
vertex -78.409 -42.125 20.0
vertex -78.409 -42.125 18.0
vertex -80.752 -43.009 18.0
endloop
endfacet
facet normal -0.25433991999949335 0.9671148872262546 0.0
outer loop
vertex -75.926 -41.472 20.0
vertex -75.926 -41.472 18.0
vertex -78.409 -42.125 18.0
endloop
endfacet
facet normal -0.8377954298190162 0.5459842651344177 0.0
outer loop
vertex -81.927 -44.812 20.0
vertex -80.752 -43.009 20.0
vertex -81.927 -44.812 18.0
endloop
endfacet
facet normal -0.3530044895261381 0.9356216277825085 0.0
outer loop
vertex -80.752 -43.009 20.0
vertex -78.409 -42.125 20.0
vertex -80.752 -43.009 18.0
endloop
endfacet
facet normal -0.25433991999949335 0.9671148872262546 0.0
outer loop
vertex -78.409 -42.125 20.0
vertex -75.926 -41.472 20.0
vertex -78.409 -42.125 18.0
endloop
endfacet
facet normal 0.0 0.0 1.0
outer loop
vertex -76.79 -47.928 20.0
vertex -78.409 -42.125 20.0
vertex -80.752 -43.009 20.0
endloop
endfacet
facet normal -0.0 -0.0 1.0
outer loop
vertex -78.409 -42.125 20.0
vertex -74.654 -47.342 20.0
vertex -75.926 -41.472 20.0
endloop
endfacet
facet normal 0.1687826364555439 -0.9856532968702107 0.0
outer loop
vertex -74.654 -47.342 20.0
vertex -74.654 -47.342 18.0
vertex -72.54 -46.98 18.0
endloop
endfacet
facet normal 0.09480909262799278 -0.9954954725939523 0.0
outer loop
vertex -72.54 -46.98 20.0
vertex -72.54 -46.98 18.0
vertex -70.272 -46.764 18.0
endloop
endfacet
facet normal 0.031836326601654655 -0.9994930956782607 0.0
outer loop
vertex -70.272 -46.764 20.0
vertex -70.272 -46.764 18.0
vertex -67.886 -46.688 18.0
endloop
endfacet
facet normal -0.021487333086821863 -0.9997691206057606 -0.0
outer loop
vertex -67.886 -46.688 20.0
vertex -67.886 -46.688 18.0
vertex -65.42 -46.741 18.0
endloop
endfacet
facet normal 0.1687826364555439 -0.9856532968702107 0.0
outer loop
vertex -74.654 -47.342 20.0
vertex -72.54 -46.98 18.0
vertex -72.54 -46.98 20.0
endloop
endfacet
facet normal 0.09480909262799278 -0.9954954725939523 0.0
outer loop
vertex -72.54 -46.98 20.0
vertex -70.272 -46.764 18.0
vertex -70.272 -46.764 20.0
endloop
endfacet
facet normal -0.0 0.0 1.0
outer loop
vertex -75.926 -41.472 20.0
vertex -74.654 -47.342 20.0
vertex -72.54 -46.98 20.0
endloop
endfacet
facet normal 0.031836326601654655 -0.9994930956782607 0.0
outer loop
vertex -70.272 -46.764 20.0
vertex -67.886 -46.688 18.0
vertex -67.886 -46.688 20.0
endloop
endfacet
facet normal -0.021487333086821863 -0.9997691206057606 0.0
outer loop
vertex -67.886 -46.688 20.0
vertex -65.42 -46.741 18.0
vertex -65.42 -46.741 20.0
endloop
endfacet
facet normal -0.17118063358715463 0.9852396466460317 0.00017135198555938126
outer loop
vertex -73.331 -41.028 18.0
vertex -73.619 -41.078 17.778
vertex -73.59 -41.073 18.0
endloop
endfacet
facet normal -0.16836646576442466 0.985724471242343 0.0
outer loop
vertex -75.926 -41.472 20.0
vertex -73.59 -41.073 18.0
vertex -75.926 -41.472 18.0
endloop
endfacet
facet normal -0.171180636100215 0.9852396611100903 0.0
outer loop
vertex -73.331 -41.028 20.0
vertex -73.331 -41.028 18.0
vertex -73.59 -41.073 18.0
endloop
endfacet
facet normal -0.09475648479750527 0.995500481460868 0.0
outer loop
vertex -70.652 -40.773 20.0
vertex -70.652 -40.773 18.0
vertex -73.331 -41.028 18.0
endloop
endfacet
facet normal -0.0316785252477135 0.9994980850592298 -0.00022136183615068845
outer loop
vertex -68.221 -40.696 17.778
vertex -70.652 -40.773 18.0
vertex -68.191 -40.695 18.0
endloop
endfacet
facet normal -0.03167852602385423 0.9994981095474648 0.0
outer loop
vertex -70.652 -40.773 20.0
vertex -68.191 -40.695 18.0
vertex -70.652 -40.773 18.0
endloop
endfacet
facet normal -0.03294913285430339 0.9994570299138175 0.0
outer loop
vertex -67.918 -40.686 20.0
vertex -67.918 -40.686 18.0
vertex -68.191 -40.695 18.0
endloop
endfacet
facet normal 0.021305978729057744 0.9997730018711232 0.0
outer loop
vertex -67.918 -40.686 20.0
vertex -65.431 -40.739 18.0
vertex -67.918 -40.686 18.0
endloop
endfacet
facet normal 0.02173399540921669 0.9997637888239164 0.0
outer loop
vertex -65.431 -40.739 18.0
vertex -65.155 -40.745 20.0
vertex -65.155 -40.745 18.0
endloop
endfacet
facet normal -0.16864751715796597 0.9856763671732408 -0.00033786478944213623
outer loop
vertex -75.926 -41.472 20.0
vertex -73.331 -41.028 20.0
vertex -73.59 -41.073 18.0
endloop
endfacet
facet normal -0.09475648479750527 0.995500481460868 0.0
outer loop
vertex -73.331 -41.028 20.0
vertex -70.652 -40.773 20.0
vertex -73.331 -41.028 18.0
endloop
endfacet
facet normal -0.0 -0.0 1.0
outer loop
vertex -75.926 -41.472 20.0
vertex -72.54 -46.98 20.0
vertex -73.331 -41.028 20.0
endloop
endfacet
facet normal 0.0 -0.0 1.0
outer loop
vertex -72.54 -46.98 20.0
vertex -70.272 -46.764 20.0
vertex -73.331 -41.028 20.0
endloop
endfacet
facet normal 0.0 0.0 1.0
outer loop
vertex -70.272 -46.764 20.0
vertex -70.652 -40.773 20.0
vertex -73.331 -41.028 20.0
endloop
endfacet
facet normal -0.03180540742555879 0.9994940678330376 -0.0001562851916601261
outer loop
vertex -70.652 -40.773 20.0
vertex -67.918 -40.686 20.0
vertex -68.191 -40.695 18.0
endloop
endfacet
facet normal 0.02134873442438639 0.9997720883827492 5.319091458307965e-05
outer loop
vertex -67.918 -40.686 20.0
vertex -65.155 -40.745 20.0
vertex -65.431 -40.739 18.0
endloop
endfacet
facet normal 0.0 -0.0 0.9999999999999999
outer loop
vertex -70.272 -46.764 20.0
vertex -67.886 -46.688 20.0
vertex -70.652 -40.773 20.0
endloop
endfacet
facet normal 0.0 0.0 1.0
outer loop
vertex -67.886 -46.688 20.0
vertex -67.918 -40.686 20.0
vertex -70.652 -40.773 20.0
endloop
endfacet
facet normal -0.0 -0.0 1.0
outer loop
vertex -67.886 -46.688 20.0
vertex -65.42 -46.741 20.0
vertex -67.918 -40.686 20.0
endloop
endfacet
facet normal 0.0 -0.0 1.0
outer loop
vertex -65.42 -46.741 20.0
vertex -65.155 -40.745 20.0
vertex -67.918 -40.686 20.0
endloop
endfacet
facet normal -0.9442239615939995 -0.32930397864546623 0.0
outer loop
vertex -69.886 -6.951 16.0
vertex -69.185 -8.961 16.0
vertex -69.185 -8.961 18.0
endloop
endfacet
facet normal -0.9441639160983595 -0.32947604148677884 -0.00019396910174097393
outer loop
vertex -69.185 -8.961 18.0
vertex -69.974 -6.7 18.0
vertex -69.886 -6.951 16.0
endloop
endfacet
facet normal -0.944851730381385 -0.3274984085385797 -0.0
outer loop
vertex -70.061 -6.449 20.0
vertex -70.061 -6.449 18.0
vertex -69.974 -6.7 18.0
endloop
endfacet
facet normal -0.9736830386454274 -0.22790642872505207 -0.0
outer loop
vertex -70.689 -3.766 20.0
vertex -70.689 -3.766 18.0
vertex -70.061 -6.449 18.0
endloop
endfacet
facet normal -0.9338458826038825 -0.3576756457235742 -0.0
outer loop
vertex -72.326 0.508 20.0
vertex -72.326 0.508 18.0
vertex -70.689 -3.766 18.0
endloop
endfacet
facet normal -0.845768048069076 -0.5335507556600638 -0.0
outer loop
vertex -68.064 -11.297 20.0
vertex -68.064 -11.297 18.0
vertex -66.702 -13.456 18.0
endloop
endfacet
facet normal -0.9015652109234102 -0.43264323692001333 -0.0
outer loop
vertex -69.185 -8.961 20.0
vertex -69.185 -8.961 18.0
vertex -68.064 -11.297 18.0
endloop
endfacet
facet normal -0.9441639338599774 -0.32947604768488437 0.0
outer loop
vertex -69.185 -8.961 20.0
vertex -69.974 -6.7 18.0
vertex -69.185 -8.961 18.0
endloop
endfacet
facet normal -0.7773272713641172 -0.6290964259901785 -0.0
outer loop
vertex -66.702 -13.456 20.0
vertex -66.702 -13.456 18.0
vertex -65.102 -15.433 18.0
endloop
endfacet
facet normal 0.933949834775455 0.3574041215807395 0.0
outer loop
vertex -65.086 -1.621 20.0
vertex -65.086 -1.621 18.0
vertex -66.668 2.513 18.0
endloop
endfacet
facet normal -0.9736830386454274 -0.22790642872505207 0.0
outer loop
vertex -70.061 -6.449 20.0
vertex -70.689 -3.766 20.0
vertex -70.061 -6.449 18.0
endloop
endfacet
facet normal -0.9338458826038825 -0.3576756457235742 0.0
outer loop
vertex -70.689 -3.766 20.0
vertex -72.326 0.508 20.0
vertex -70.689 -3.766 18.0
endloop
endfacet
facet normal -0.9015652109234102 -0.43264323692001333 0.0
outer loop
vertex -68.064 -11.297 20.0
vertex -69.185 -8.961 20.0
vertex -68.064 -11.297 18.0
endloop
endfacet
facet normal -0.845768048069076 -0.5335507556600638 0.0
outer loop
vertex -68.064 -11.297 20.0
vertex -66.702 -13.456 18.0
vertex -66.702 -13.456 20.0
endloop
endfacet
facet normal -0.7773272713641172 -0.6290964259901785 0.0
outer loop
vertex -65.102 -15.433 20.0
vertex -66.702 -13.456 20.0
vertex -65.102 -15.433 18.0
endloop
endfacet
facet normal -0.0 0.0 1.0
outer loop
vertex -68.064 -11.297 20.0
vertex -66.702 -13.456 20.0
vertex -60.691 -11.346 20.0
endloop
endfacet
facet normal -0.0 -0.0 1.0
outer loop
vertex -68.064 -11.297 20.0
vertex -60.691 -11.346 20.0
vertex -69.185 -8.961 20.0
endloop
endfacet
facet normal -0.9442327701741207 -0.32927862526772855 0.0002503419685241802
outer loop
vertex -70.061 -6.449 20.0
vertex -69.974 -6.7 18.0
vertex -69.185 -8.961 20.0
endloop
endfacet
facet normal 0.9696882526471698 0.24434543719512847 0.0
outer loop
vertex -65.086 -1.621 20.0
vertex -64.292 -4.772 20.0
vertex -65.086 -1.621 18.0
endloop
endfacet
facet normal -0.0 0.0 1.0
outer loop
vertex -70.061 -6.449 20.0
vertex -69.185 -8.961 20.0
vertex -64.292 -4.772 20.0
endloop
endfacet
facet normal 0.0 -0.0 1.0
outer loop
vertex -70.061 -6.449 20.0
vertex -64.292 -4.772 20.0
vertex -70.689 -3.766 20.0
endloop
endfacet
facet normal 0.0 -0.0 0.9999999999999999
outer loop
vertex -70.689 -3.766 20.0
vertex -66.668 2.513 20.0
vertex -72.326 0.508 20.0
endloop
endfacet
facet normal 0.0 -0.0 1.0
outer loop
vertex -70.689 -3.766 20.0
vertex -65.086 -1.621 20.0
vertex -66.668 2.513 20.0
endloop
endfacet
facet normal 0.0 -0.0 1.0
outer loop
vertex -69.185 -8.961 20.0
vertex -63.542 -6.852 20.0
vertex -64.292 -4.772 20.0
endloop
endfacet
facet normal -0.0 -0.0 1.0
outer loop
vertex -70.689 -3.766 20.0
vertex -64.292 -4.772 20.0
vertex -65.086 -1.621 20.0
endloop
endfacet
facet normal 0.7931213464634821 0.6090636500267876 -2.821355537713687e-15
outer loop
vertex -43.997 -53.157 16.0
vertex -43.815 -53.394 18.0
vertex -43.633 -53.631 18.0
endloop
endfacet
facet normal -0.08606947648850977 -0.996289137357722 -0.0
outer loop
vertex -65.42 -46.741 20.0
vertex -65.42 -46.741 18.0
vertex -60.431 -47.172 18.0
endloop
endfacet
facet normal -0.15199769547775788 -0.9883808479373986 -0.0
outer loop
vertex -60.431 -47.172 20.0
vertex -60.431 -47.172 18.0
vertex -55.437 -47.94 18.0
endloop
endfacet
facet normal -0.19854999766791281 -0.9800907603003264 -0.0
outer loop
vertex -55.437 -47.94 20.0
vertex -55.437 -47.94 18.0
vertex -53.966 -48.238 18.0
endloop
endfacet
facet normal -0.08606947648850977 -0.996289137357722 0.0
outer loop
vertex -65.42 -46.741 20.0
vertex -60.431 -47.172 18.0
vertex -60.431 -47.172 20.0
endloop
endfacet
facet normal -0.15199769547775788 -0.9883808479373986 0.0
outer loop
vertex -60.431 -47.172 20.0
vertex -55.437 -47.94 18.0
vertex -55.437 -47.94 20.0
endloop
endfacet
facet normal -0.19854999766791281 -0.9800907603003264 0.0
outer loop
vertex -55.437 -47.94 20.0
vertex -53.966 -48.238 18.0
vertex -53.966 -48.238 20.0
endloop
endfacet
facet normal -0.0 -0.0 0.9999999999999999
outer loop
vertex -60.431 -47.172 20.0
vertex -55.437 -47.94 20.0
vertex -59.658 -41.221 20.0
endloop
endfacet
facet normal -0.0 -0.0 1.0
outer loop
vertex -55.437 -47.94 20.0
vertex -53.966 -48.238 20.0
vertex -54.385 -42.031 20.0
endloop
endfacet
facet normal 0.06719032327665485 0.9977401768286064 0.0
outer loop
vertex -62.393 -40.931 20.0
vertex -62.393 -40.931 18.0
vertex -65.155 -40.745 18.0
endloop
endfacet
facet normal 0.10544182348960131 0.9944254732553806 0.0
outer loop
vertex -59.658 -41.221 20.0
vertex -59.658 -41.221 18.0
vertex -62.393 -40.931 18.0
endloop
endfacet
facet normal 0.1518318108820957 0.9884063441744309 0.0
outer loop
vertex -54.385 -42.031 20.0
vertex -54.385 -42.031 18.0
vertex -59.658 -41.221 18.0
endloop
endfacet
facet normal 0.06719032327665485 0.9977401768286064 0.0
outer loop
vertex -65.155 -40.745 20.0
vertex -62.393 -40.931 20.0
vertex -65.155 -40.745 18.0
endloop
endfacet
facet normal 0.10544182348960131 0.9944254732553806 0.0
outer loop
vertex -62.393 -40.931 20.0
vertex -59.658 -41.221 20.0
vertex -62.393 -40.931 18.0
endloop
endfacet
facet normal 0.0 -0.0 1.0
outer loop
vertex -65.42 -46.741 20.0
vertex -62.393 -40.931 20.0
vertex -65.155 -40.745 20.0
endloop
endfacet
facet normal -0.0 -0.0 1.0
outer loop
vertex -65.42 -46.741 20.0
vertex -60.431 -47.172 20.0
vertex -62.393 -40.931 20.0
endloop
endfacet
facet normal 0.0 -0.0 1.0
outer loop
vertex -60.431 -47.172 20.0
vertex -59.658 -41.221 20.0
vertex -62.393 -40.931 20.0
endloop
endfacet
facet normal 0.1518318108820957 0.9884063441744309 0.0
outer loop
vertex -59.658 -41.221 20.0
vertex -54.385 -42.031 20.0
vertex -59.658 -41.221 18.0
endloop
endfacet
facet normal 0.0 -0.0 1.0
outer loop
vertex -55.437 -47.94 20.0
vertex -54.385 -42.031 20.0
vertex -59.658 -41.221 20.0
endloop
endfacet
facet normal -0.8439919792094014 -0.5363557951865511 -0.0
outer loop
vertex -52.147 -51.875 20.0
vertex -52.147 -51.875 18.0
vertex -50.21 -54.923 18.0
endloop
endfacet
facet normal -0.7873341748489485 -0.6165264772213155 -0.0
outer loop
vertex -50.21 -54.923 20.0
vertex -50.21 -54.923 18.0
vertex -48.001 -57.744 18.0
endloop
endfacet
facet normal -0.894378003407814 -0.447311957162171 -0.0
outer loop
vertex -53.966 -48.238 20.0
vertex -53.966 -48.238 18.0
vertex -52.147 -51.875 18.0
endloop
endfacet
facet normal -0.7222334520393905 -0.6916493625785145 -0.0
outer loop
vertex -48.001 -57.744 20.0
vertex -48.001 -57.744 18.0
vertex -45.536 -60.318 18.0
endloop
endfacet
facet normal 0.7931213464634821 0.6090636500267876 0.0
outer loop
vertex -43.815 -53.394 18.0
vertex -43.633 -53.631 20.0
vertex -43.633 -53.631 18.0
endloop
endfacet
facet normal 0.8483508793441825 0.5294344015229387 0.0
outer loop
vertex -45.455 -51.264 20.0
vertex -45.455 -51.264 18.0
vertex -47.057 -48.697 18.0
endloop
endfacet
facet normal 0.8952704961383958 0.44552299463003087 0.0
outer loop
vertex -47.057 -48.697 20.0
vertex -47.057 -48.697 18.0
vertex -48.428 -45.942 18.0
endloop
endfacet
facet normal 0.7923473320521213 0.6100702462748742 0.0
outer loop
vertex -45.455 -51.264 20.0
vertex -43.815 -53.394 18.0
vertex -45.455 -51.264 18.0
endloop
endfacet
facet normal -0.7873341748489485 -0.6165264772213155 0.0
outer loop
vertex -50.21 -54.923 20.0
vertex -48.001 -57.744 18.0
vertex -48.001 -57.744 20.0
endloop
endfacet
facet normal -0.8439919792094014 -0.5363557951865511 0.0
outer loop
vertex -50.21 -54.923 20.0
vertex -52.147 -51.875 20.0
vertex -50.21 -54.923 18.0
endloop
endfacet
facet normal 0.0 -0.0 1.0
outer loop
vertex -50.21 -54.923 20.0
vertex -45.455 -51.264 20.0
vertex -52.147 -51.875 20.0
endloop
endfacet
facet normal -0.894378003407814 -0.447311957162171 0.0
outer loop
vertex -53.966 -48.238 20.0
vertex -52.147 -51.875 18.0
vertex -52.147 -51.875 20.0
endloop
endfacet
facet normal -0.0 0.0 0.9999999999999999
outer loop
vertex -53.966 -48.238 20.0
vertex -52.147 -51.875 20.0
vertex -47.057 -48.697 20.0
endloop
endfacet
facet normal -0.0 -0.0 1.0
outer loop
vertex -53.966 -48.238 20.0
vertex -47.057 -48.697 20.0
vertex -48.428 -45.942 20.0
endloop
endfacet
facet normal 0.0 -0.0 1.0
outer loop
vertex -53.966 -48.238 20.0
vertex -48.428 -45.942 20.0
vertex -49.559 -43.009 20.0
endloop
endfacet
facet normal -0.7222334520393905 -0.6916493625785145 0.0
outer loop
vertex -45.536 -60.318 20.0
vertex -48.001 -57.744 20.0
vertex -45.536 -60.318 18.0
endloop
endfacet
facet normal 0.7924248094917031 0.6099695829716439 0.00017073791839735522
outer loop
vertex -43.633 -53.631 20.0
vertex -43.815 -53.394 18.0
vertex -45.455 -51.264 20.0
endloop
endfacet
facet normal -0.0 0.0 1.0
outer loop
vertex -50.21 -54.923 20.0
vertex -48.001 -57.744 20.0
vertex -43.633 -53.631 20.0
endloop
endfacet
facet normal 0.0 -0.0 1.0
outer loop
vertex -50.21 -54.923 20.0
vertex -43.633 -53.631 20.0
vertex -45.455 -51.264 20.0
endloop
endfacet
facet normal 0.0 -0.0 1.0
outer loop
vertex -45.536 -60.318 20.0
vertex -41.601 -55.788 20.0
vertex -48.001 -57.744 20.0
endloop
endfacet
facet normal 0.0 -0.0 1.0
outer loop
vertex -48.001 -57.744 20.0
vertex -41.601 -55.788 20.0
vertex -43.633 -53.631 20.0
endloop
endfacet
facet normal 0.8483508793441825 0.5294344015229387 0.0
outer loop
vertex -47.057 -48.697 20.0
vertex -45.455 -51.264 20.0
vertex -47.057 -48.697 18.0
endloop
endfacet
facet normal 0.8952704961383958 0.44552299463003087 0.0
outer loop
vertex -48.428 -45.942 20.0
vertex -47.057 -48.697 20.0
vertex -48.428 -45.942 18.0
endloop
endfacet
facet normal 0.0 -0.0 1.0
outer loop
vertex -52.147 -51.875 20.0
vertex -45.455 -51.264 20.0
vertex -47.057 -48.697 20.0
endloop
endfacet
facet normal 0.19861497864295852 0.9800775939988919 0.0
outer loop
vertex -49.559 -43.009 20.0
vertex -49.559 -43.009 18.0
vertex -54.385 -42.031 18.0
endloop
endfacet
facet normal 0.933033697954025 0.3597889916079109 0.0
outer loop
vertex -48.428 -45.942 20.0
vertex -48.428 -45.942 18.0
vertex -49.559 -43.009 18.0
endloop
endfacet
facet normal 0.19861497864295852 0.9800775939988919 0.0
outer loop
vertex -54.385 -42.031 20.0
vertex -49.559 -43.009 20.0
vertex -54.385 -42.031 18.0
endloop
endfacet
facet normal 0.933033697954025 0.3597889916079109 -0.0
outer loop
vertex -48.428 -45.942 20.0
vertex -49.559 -43.009 18.0
vertex -49.559 -43.009 20.0
endloop
endfacet
facet normal 0.0 -0.0 1.0
outer loop
vertex -53.966 -48.238 20.0
vertex -49.559 -43.009 20.0
vertex -54.385 -42.031 20.0
endloop
endfacet
facet normal -0.5244084343642085 -0.8514668484255156 0.0
outer loop
vertex -61.204 -18.828 20.0
vertex -58.913 -20.239 16.0
vertex -58.913 -20.239 18.0
endloop
endfacet
facet normal -0.6990644475660094 -0.71505866762751 -0.0
outer loop
vertex -65.102 -15.433 20.0
vertex -65.102 -15.433 18.0
vertex -63.269 -17.225 18.0
endloop
endfacet
facet normal -0.6131988190205062 -0.7899286096552374 -0.0
outer loop
vertex -63.269 -17.225 20.0
vertex -63.269 -17.225 18.0
vertex -61.204 -18.828 18.0
endloop
endfacet
facet normal -0.43499935522548566 -0.9004307641087191 -0.0
outer loop
vertex -58.913 -20.239 20.0
vertex -58.913 -20.239 18.0
vertex -56.398 -21.454 18.0
endloop
endfacet
facet normal -0.34822955684423157 -0.9374092893395446 -0.0
outer loop
vertex -56.398 -21.454 20.0
vertex -56.398 -21.454 18.0
vertex -53.663 -22.47 18.0
endloop
endfacet
facet normal 0.43519318452787514 0.9003370991692428 0.0
outer loop
vertex -54.043 -15.928 20.0
vertex -54.043 -15.928 18.0
vertex -56.027 -14.969 18.0
endloop
endfacet
facet normal -0.6990644475660094 -0.71505866762751 0.0
outer loop
vertex -65.102 -15.433 20.0
vertex -63.269 -17.225 18.0
vertex -63.269 -17.225 20.0
endloop
endfacet
facet normal -0.5244084343642085 -0.8514668484255156 0.0
outer loop
vertex -61.204 -18.828 20.0
vertex -58.913 -20.239 18.0
vertex -58.913 -20.239 20.0
endloop
endfacet
facet normal -0.6131988190205062 -0.7899286096552374 0.0
outer loop
vertex -63.269 -17.225 20.0
vertex -61.204 -18.828 18.0
vertex -61.204 -18.828 20.0
endloop
endfacet
facet normal -0.0 0.0 0.9999999999999999
outer loop
vertex -65.102 -15.433 20.0
vertex -63.269 -17.225 20.0
vertex -59.319 -12.695 20.0
endloop
endfacet
facet normal -0.0 0.0 1.0
outer loop
vertex -63.269 -17.225 20.0
vertex -61.204 -18.828 20.0
vertex -59.319 -12.695 20.0
endloop
endfacet
facet normal -0.0 0.0 1.0
outer loop
vertex -61.204 -18.828 20.0
vertex -58.913 -20.239 20.0
vertex -57.781 -13.889 20.0
endloop
endfacet
facet normal 0.0 -0.0 1.0
outer loop
vertex -61.204 -18.828 20.0
vertex -57.781 -13.889 20.0
vertex -59.319 -12.695 20.0
endloop
endfacet
facet normal -0.43499935522548566 -0.9004307641087191 0.0
outer loop
vertex -58.913 -20.239 20.0
vertex -56.398 -21.454 18.0
vertex -56.398 -21.454 20.0
endloop
endfacet
facet normal -0.34822955684423157 -0.9374092893395446 0.0
outer loop
vertex -56.398 -21.454 20.0
vertex -53.663 -22.47 18.0
vertex -53.663 -22.47 20.0
endloop
endfacet
facet normal 0.43519318452787514 0.9003370991692428 -0.0
outer loop
vertex -54.043 -15.928 20.0
vertex -56.027 -14.969 18.0
vertex -56.027 -14.969 20.0
endloop
endfacet
facet normal -0.0 0.0 1.0
outer loop
vertex -58.913 -20.239 20.0
vertex -56.398 -21.454 20.0
vertex -56.027 -14.969 20.0
endloop
endfacet
facet normal 0.0 -0.0 1.0
outer loop
vertex -58.913 -20.239 20.0
vertex -56.027 -14.969 20.0
vertex -57.781 -13.889 20.0
endloop
endfacet
facet normal -0.0 -0.0 1.0
outer loop
vertex -56.398 -21.454 20.0
vertex -53.663 -22.47 20.0
vertex -54.043 -15.928 20.0
endloop
endfacet
facet normal 0.0 -0.0 1.0
outer loop
vertex -56.398 -21.454 20.0
vertex -54.043 -15.928 20.0
vertex -56.027 -14.969 20.0
endloop
endfacet
facet normal 0.7011047205570352 0.7130583221677184 0.0
outer loop
vertex -59.319 -12.695 20.0
vertex -59.319 -12.695 18.0
vertex -60.691 -11.346 18.0
endloop
endfacet
facet normal 0.17158997004721332 -0.9851684537068757 0.0
outer loop
vertex -60.691 -11.346 20.0
vertex -60.691 -11.346 18.0
vertex -57.516 -10.793 18.0
endloop
endfacet
facet normal 0.9407143260896774 0.33919987719579714 0.0
outer loop
vertex -63.542 -6.852 20.0
vertex -63.542 -6.852 18.0
vertex -64.292 -4.772 18.0
endloop
endfacet
facet normal 0.9696882526471698 0.24434543719512847 0.0
outer loop
vertex -64.292 -4.772 20.0
vertex -64.292 -4.772 18.0
vertex -65.086 -1.621 18.0
endloop
endfacet
facet normal -0.1690538020909205 0.9856068242451469 0.0
outer loop
vertex -59.286 -6.122 20.0
vertex -59.286 -6.122 18.0
vertex -63.542 -6.852 18.0
endloop
endfacet
facet normal 0.6132292365359047 0.7899049964759 0.0
outer loop
vertex -57.781 -13.889 20.0
vertex -57.781 -13.889 18.0
vertex -59.319 -12.695 18.0
endloop
endfacet
facet normal 0.5243141018590607 0.8515249395007327 0.0
outer loop
vertex -56.027 -14.969 20.0
vertex -56.027 -14.969 18.0
vertex -57.781 -13.889 18.0
endloop
endfacet
facet normal 0.33380489105036126 -0.9426421880601655 0.0
outer loop
vertex -57.516 -10.793 20.0
vertex -57.516 -10.793 18.0
vertex -49.256 -7.868 18.0
endloop
endfacet
facet normal -0.33370093080477214 0.942678995618354 0.0
outer loop
vertex -51.17 -3.249 20.0
vertex -51.17 -3.249 18.0
vertex -59.286 -6.122 18.0
endloop
endfacet
facet normal 0.7011047205570352 0.7130583221677184 0.0
outer loop
vertex -60.691 -11.346 20.0
vertex -59.319 -12.695 20.0
vertex -60.691 -11.346 18.0
endloop
endfacet
facet normal 0.0 -0.0 1.0
outer loop
vertex -65.102 -15.433 20.0
vertex -60.691 -11.346 20.0
vertex -66.702 -13.456 20.0
endloop
endfacet
facet normal -0.0 -0.0 0.9999999999999999
outer loop
vertex -69.185 -8.961 20.0
vertex -60.691 -11.346 20.0
vertex -63.542 -6.852 20.0
endloop
endfacet
facet normal 0.0 -0.0 1.0
outer loop
vertex -65.102 -15.433 20.0
vertex -59.319 -12.695 20.0
vertex -60.691 -11.346 20.0
endloop
endfacet
facet normal 0.0 -0.0 1.0
outer loop
vertex -60.691 -11.346 20.0
vertex -59.286 -6.122 20.0
vertex -63.542 -6.852 20.0
endloop
endfacet
facet normal 0.9407143260896774 0.33919987719579714 -0.0
outer loop
vertex -63.542 -6.852 20.0
vertex -64.292 -4.772 18.0
vertex -64.292 -4.772 20.0
endloop
endfacet
facet normal -0.1690538020909205 0.9856068242451469 0.0
outer loop
vertex -63.542 -6.852 20.0
vertex -59.286 -6.122 20.0
vertex -63.542 -6.852 18.0
endloop
endfacet
facet normal 0.6132292365359047 0.7899049964759 0.0
outer loop
vertex -59.319 -12.695 20.0
vertex -57.781 -13.889 20.0
vertex -59.319 -12.695 18.0
endloop
endfacet
facet normal 0.5243141018590607 0.8515249395007327 0.0
outer loop
vertex -57.781 -13.889 20.0
vertex -56.027 -14.969 20.0
vertex -57.781 -13.889 18.0
endloop
endfacet
facet normal 0.17158997004721332 -0.9851684537068757 0.0
outer loop
vertex -60.691 -11.346 20.0
vertex -57.516 -10.793 18.0
vertex -57.516 -10.793 20.0
endloop
endfacet
facet normal 0.0 -0.0 1.0
outer loop
vertex -60.691 -11.346 20.0
vertex -57.516 -10.793 20.0
vertex -59.286 -6.122 20.0
endloop
endfacet
facet normal -0.33370093080477214 0.942678995618354 0.0
outer loop
vertex -59.286 -6.122 20.0
vertex -51.17 -3.249 20.0
vertex -59.286 -6.122 18.0
endloop
endfacet
facet normal -0.0 0.0 0.9999999999999999
outer loop
vertex -59.286 -6.122 20.0
vertex -57.516 -10.793 20.0
vertex -51.17 -3.249 20.0
endloop
endfacet
facet normal -0.2658243512471377 -0.9640214801984643 0.0
outer loop
vertex -53.663 -22.47 20.0
vertex -50.711 -23.284 16.0
vertex -50.711 -23.284 18.0
endloop
endfacet
facet normal -0.19753870821656247 -0.9802950875915536 -0.0
outer loop
vertex -50.711 -23.284 20.0
vertex -50.711 -23.284 18.0
vertex -45.411 -24.352 18.0
endloop
endfacet
facet normal 0.34826054050659444 0.9373977789210164 0.0
outer loop
vertex -51.817 -16.755 20.0
vertex -51.817 -16.755 18.0
vertex -54.043 -15.928 18.0
endloop
endfacet
facet normal 0.26553321761139026 0.9641017116180959 0.0
outer loop
vertex -49.319 -17.443 20.0
vertex -49.319 -17.443 18.0
vertex -51.817 -16.755 18.0
endloop
endfacet
facet normal -0.157502953208059 -0.9875185161457682 -0.0
outer loop
vertex -45.411 -24.352 20.0
vertex -45.411 -24.352 18.0
vertex -43.041 -24.73 18.0
endloop
endfacet
facet normal 0.19770797243896954 0.980260964046856 0.0
outer loop
vertex -44.346 -18.446 20.0
vertex -44.346 -18.446 18.0
vertex -49.319 -17.443 18.0
endloop
endfacet
facet normal -0.2658243512471377 -0.9640214801984643 0.0
outer loop
vertex -50.711 -23.284 20.0
vertex -53.663 -22.47 20.0
vertex -50.711 -23.284 18.0
endloop
endfacet
facet normal 0.34826054050659444 0.9373977789210164 0.0
outer loop
vertex -54.043 -15.928 20.0
vertex -51.817 -16.755 20.0
vertex -54.043 -15.928 18.0
endloop
endfacet
facet normal 0.26553321761139026 0.9641017116180959 0.0
outer loop
vertex -51.817 -16.755 20.0
vertex -49.319 -17.443 20.0
vertex -51.817 -16.755 18.0
endloop
endfacet
facet normal 0.0 0.0 1.0
outer loop
vertex -50.711 -23.284 20.0
vertex -51.817 -16.755 20.0
vertex -53.663 -22.47 20.0
endloop
endfacet
facet normal -0.0 0.0 0.9999999999999999
outer loop
vertex -54.043 -15.928 20.0
vertex -53.663 -22.47 20.0
vertex -51.817 -16.755 20.0
endloop
endfacet
facet normal 0.0 -0.0 1.0
outer loop
vertex -50.711 -23.284 20.0
vertex -49.319 -17.443 20.0
vertex -51.817 -16.755 20.0
endloop
endfacet
facet normal -0.0 -0.0 1.0
outer loop
vertex -50.711 -23.284 20.0
vertex -45.411 -24.352 20.0
vertex -49.319 -17.443 20.0
endloop
endfacet
facet normal -0.19753870821656247 -0.9802950875915536 0.0
outer loop
vertex -50.711 -23.284 20.0
vertex -45.411 -24.352 18.0
vertex -45.411 -24.352 20.0
endloop
endfacet
facet normal -0.157502953208059 -0.9875185161457682 0.0
outer loop
vertex -45.411 -24.352 20.0
vertex -43.041 -24.73 18.0
vertex -43.041 -24.73 20.0
endloop
endfacet
facet normal -0.0 -0.0 1.0
outer loop
vertex -45.411 -24.352 20.0
vertex -43.041 -24.73 20.0
vertex -44.346 -18.446 20.0
endloop
endfacet
facet normal 0.19770797243896954 0.980260964046856 0.0
outer loop
vertex -49.319 -17.443 20.0
vertex -44.346 -18.446 20.0
vertex -49.319 -17.443 18.0
endloop
endfacet
facet normal 0.1573530926348308 0.9875424062987139 0.0
outer loop
vertex -44.346 -18.446 20.0
vertex -42.231 -18.783 20.0
vertex -44.346 -18.446 18.0
endloop
endfacet
facet normal -0.0 0.0 1.0
outer loop
vertex -49.319 -17.443 20.0
vertex -45.411 -24.352 20.0
vertex -44.346 -18.446 20.0
endloop
endfacet
facet normal -0.0 0.0 1.0
outer loop
vertex -44.346 -18.446 20.0
vertex -43.041 -24.73 20.0
vertex -42.231 -18.783 20.0
endloop
endfacet
facet normal 0.46028403958349895 -0.8877717065240907 0.0
outer loop
vertex -49.256 -7.868 20.0
vertex -49.256 -7.868 18.0
vertex -41.433 -3.812 18.0
endloop
endfacet
facet normal -0.46023767169563007 0.8877957454010384 0.0
outer loop
vertex -43.346 0.807 20.0
vertex -43.346 0.807 18.0
vertex -51.17 -3.249 18.0
endloop
endfacet
facet normal 0.33380489105036126 -0.9426421880601655 0.0
outer loop
vertex -57.516 -10.793 20.0
vertex -49.256 -7.868 18.0
vertex -49.256 -7.868 20.0
endloop
endfacet
facet normal -0.46023767169563007 0.8877957454010384 0.0
outer loop
vertex -51.17 -3.249 20.0
vertex -43.346 0.807 20.0
vertex -51.17 -3.249 18.0
endloop
endfacet
facet normal 0.0 -0.0 1.0
outer loop
vertex -57.516 -10.793 20.0
vertex -49.256 -7.868 20.0
vertex -51.17 -3.249 20.0
endloop
endfacet
facet normal 0.46028403958349895 -0.8877717065240907 0.0
outer loop
vertex -49.256 -7.868 20.0
vertex -41.433 -3.812 18.0
vertex -41.433 -3.812 20.0
endloop
endfacet
facet normal 0.0 -0.0 0.9999999999999999
outer loop
vertex -49.256 -7.868 20.0
vertex -41.433 -3.812 20.0
vertex -51.17 -3.249 20.0
endloop
endfacet
facet normal -0.0 -0.0 1.0
outer loop
vertex -51.17 -3.249 20.0
vertex -41.433 -3.812 20.0
vertex -43.346 0.807 20.0
endloop
endfacet
facet normal -0.2930509372400642 -0.9560968299198151 0.0
outer loop
vertex -37.421 -115.096 0.0
vertex -37.421 -115.096 16.0
vertex -42.031 -113.683 16.0
endloop
endfacet
facet normal 0.3351221797970376 0.9421746783946604 -0.0
outer loop
vertex -44.275 -106.517 0.0
vertex -44.275 -106.517 16.0
vertex -40.145 -107.986 16.0
endloop
endfacet
facet normal 0.2931151447322456 0.956077147477438 -0.0
outer loop
vertex -40.145 -107.986 0.0
vertex -40.145 -107.986 16.0
vertex -35.784 -109.323 16.0
endloop
endfacet
facet normal 0.25207753340107925 0.9677070409759494 -0.0
outer loop
vertex -35.784 -109.323 0.0
vertex -35.784 -109.323 16.0
vertex -31.208 -110.515 16.0
endloop
endfacet
facet normal -0.25220935907467124 -0.9676726921821983 -0.0
outer loop
vertex -32.602 -116.352 0.0
vertex -37.421 -115.096 18.0
vertex -37.421 -115.096 16.0
endloop
endfacet
facet normal -0.25220935907467124 -0.9676726921821983 0.0
outer loop
vertex -32.602 -116.352 0.0
vertex -32.602 -116.352 16.0
vertex -37.421 -115.096 20.0
endloop
endfacet
facet normal -0.21220312204564745 -0.9772255804030511 0.0
outer loop
vertex -27.587 -117.441 0.0
vertex -27.587 -117.441 16.0
vertex -32.602 -116.352 16.0
endloop
endfacet
facet normal 0.21222572498337985 0.9772206719340718 -0.0
outer loop
vertex -31.208 -110.515 0.0
vertex -31.208 -110.515 16.0
vertex -26.433 -111.552 16.0
endloop
endfacet
facet normal 0.17238033175224726 0.9850304671557044 -0.0
outer loop
vertex -26.433 -111.552 0.0
vertex -26.433 -111.552 16.0
vertex -21.473 -112.42 16.0
endloop
endfacet
facet normal -0.1724493235593148 -0.9850183910561429 9.225082707984774e-06
outer loop
vertex -22.39 -118.351 0.0
vertex -27.01 -117.542 17.778
vertex -27.587 -117.441 16.0
endloop
endfacet
facet normal -0.17248376616324937 -0.9850123605367301 0.0
outer loop
vertex -22.39 -118.351 0.0
vertex -22.39 -118.351 16.0
vertex -27.01 -117.542 17.778
endloop
endfacet
facet normal -0.25220935907467124 -0.9676726921821983 -0.0
outer loop
vertex -32.602 -116.352 0.0
vertex -37.421 -115.096 20.0
vertex -37.421 -115.096 18.0
endloop
endfacet
facet normal -0.5695017074124599 -0.8219901491224169 0.0
outer loop
vertex -39.899 -64.658 0.0
vertex -39.899 -64.658 16.0
vertex -42.829 -62.628 16.0
endloop
endfacet
facet normal -0.4841250617585205 -0.8749988140433727 0.0
outer loop
vertex -36.765 -66.392 0.0
vertex -36.765 -66.392 16.0
vertex -39.899 -64.658 16.0
endloop
endfacet
facet normal -0.3945206613511285 -0.9188870701925608 0.0
outer loop
vertex -33.446 -67.817 0.0
vertex -33.446 -67.817 16.0
vertex -36.765 -66.392 16.0
endloop
endfacet
facet normal 0.4020171485134936 0.9156321380888067 -0.0
outer loop
vertex -34.353 -60.898 0.0
vertex -34.353 -60.898 16.0
vertex -31.588 -62.112 16.0
endloop
endfacet
facet normal -0.3023226846930643 -0.9532056411498928 0.0
outer loop
vertex -29.962 -68.922 0.0
vertex -29.962 -68.922 16.0
vertex -33.446 -67.817 16.0
endloop
endfacet
facet normal -0.21632410964893753 -0.9763216066361506 0.0
outer loop
vertex -26.893 -69.602 0.0
vertex -26.893 -69.602 16.0
vertex -29.962 -68.922 16.0
endloop
endfacet
facet normal 0.2163241096489354 0.9763216066361512 -0.0
outer loop
vertex -28.665 -63.064 0.0
vertex -28.665 -63.064 16.0
vertex -25.596 -63.744 16.0
endloop
endfacet
facet normal -0.13017094900804277 -0.991491565286536 0.0
outer loop
vertex -23.275 -70.077 0.0
vertex -23.275 -70.077 16.0
vertex -26.893 -69.602 16.0
endloop
endfacet
facet normal 0.3096322215934375 0.9508563968082208 -0.0
outer loop
vertex -31.588 -62.112 0.0
vertex -31.588 -62.112 16.0
vertex -28.99 -62.958 17.778
endloop
endfacet
facet normal 0.30988001797231296 0.9507756690498543 -4.005347485074653e-05
outer loop
vertex -31.588 -62.112 0.0
vertex -28.99 -62.958 17.778
vertex -28.665 -63.064 16.0
endloop
endfacet
facet normal 0.1225868019481635 0.9924577955702306 0.0
outer loop
vertex -25.596 -63.744 0.0
vertex -22.39 -64.14 18.0
vertex -22.39 -64.14 16.0
endloop
endfacet
facet normal 0.1225868019481635 0.9924577955702306 -0.0
outer loop
vertex -25.596 -63.744 0.0
vertex -25.596 -63.744 16.0
vertex -22.39 -64.14 20.0
endloop
endfacet
facet normal 0.1225868019481635 0.9924577955702306 0.0
outer loop
vertex -25.596 -63.744 0.0
vertex -22.39 -64.14 20.0
vertex -22.39 -64.14 18.0
endloop
endfacet
facet normal 0.13330253815236795 0.991075392350217 -0.0
outer loop
vertex -21.473 -112.42 0.0
vertex -21.473 -112.42 16.0
vertex -16.343 -113.11 16.0
endloop
endfacet
facet normal -0.13321657193510894 -0.9910869512620263 0.0
outer loop
vertex -17.026 -119.072 0.0
vertex -17.026 -119.072 16.0
vertex -22.39 -118.351 16.0
endloop
endfacet
facet normal 0.09422214628558677 0.9955511976535097 -0.0
outer loop
vertex -16.343 -113.11 0.0
vertex -16.343 -113.11 16.0
vertex -11.06 -113.61 16.0
endloop
endfacet
facet normal -0.09435783887785813 -0.9955383459426865 0.0
outer loop
vertex -11.508 -119.595 0.0
vertex -11.508 -119.595 16.0
vertex -17.026 -119.072 16.0
endloop
endfacet
facet normal 0.05523547974738608 0.9984733555669253 -0.0
outer loop
vertex -11.06 -113.61 0.0
vertex -11.06 -113.61 16.0
vertex -5.637 -113.91 16.0
endloop
endfacet
facet normal -0.05505951206339331 -0.9984830745342361 0.0
outer loop
vertex -5.85 -119.907 0.0
vertex -5.85 -119.907 16.0
vertex -11.508 -119.595 16.0
endloop
endfacet
facet normal -0.01643376658672691 -0.9998649565395182 0.0
outer loop
vertex -5.85 -119.907 0.0
vertex -4.694 -119.926 16.0
vertex -5.85 -119.907 16.0
endloop
endfacet
facet normal 0.016039753169557594 0.999871354884347 -0.0
outer loop
vertex -5.637 -113.91 0.0
vertex -5.637 -113.91 16.0
vertex -0.089 -113.999 16.0
endloop
endfacet
facet normal -0.015991039118604323 -0.9998721351592449 0.0
outer loop
vertex -0.067 -120.0 0.0
vertex -0.067 -120.0 16.0
vertex -4.694 -119.926 16.0
endloop
endfacet
facet normal -0.16729596556649373 -0.9859067196774624 0.0
outer loop
vertex -19.468 -70.723 0.0
vertex -19.468 -70.723 16.0
vertex -23.275 -70.077 16.0
endloop
endfacet
facet normal -0.09594437875479103 -0.995386696809515 0.0
outer loop
vertex -16.034 -71.054 0.0
vertex -16.034 -71.054 16.0
vertex -19.468 -70.723 16.0
endloop
endfacet
facet normal 0.1718404696167161 0.9851247905732078 -0.0
outer loop
vertex -22.39 -64.14 0.0
vertex -22.39 -64.14 16.0
vertex -18.893 -64.75 16.0
endloop
endfacet
facet normal 0.09594437875479103 0.995386696809515 -0.0
outer loop
vertex -18.893 -64.75 0.0
vertex -18.893 -64.75 16.0
vertex -15.459 -65.081 16.0
endloop
endfacet
facet normal -0.023883969833226073 -0.9997147373051001 0.0
outer loop
vertex -12.225 -71.145 0.0
vertex -12.225 -71.145 16.0
vertex -16.034 -71.054 16.0
endloop
endfacet
facet normal 0.019393546787997124 0.9998119274858557 -0.0
outer loop
vertex -15.459 -65.081 0.0
vertex -15.459 -65.081 16.0
vertex -12.108 -65.146 16.0
endloop
endfacet
facet normal -0.05720745229837187 0.9983623126909037 0.0
outer loop
vertex -12.108 -65.146 0.0
vertex -12.108 -65.146 16.0
vertex -8.862 -64.96 16.0
endloop
endfacet
facet normal 0.052530554859945504 -0.9986193172606397 0.0
outer loop
vertex -8.518 -70.95 0.0
vertex -8.518 -70.95 16.0
vertex -12.225 -71.145 16.0
endloop
endfacet
facet normal 0.12948111705280305 -0.9915818878573561 0.0
outer loop
vertex -4.934 -70.482 0.0
vertex -4.934 -70.482 16.0
vertex -8.518 -70.95 16.0
endloop
endfacet
facet normal -0.13465966955256345 0.9908919080283148 0.0
outer loop
vertex -8.862 -64.96 0.0
vertex -8.862 -64.96 16.0
vertex -5.742 -64.536 16.0
endloop
endfacet
facet normal 0.20774319181552306 -0.9781834011341118 0.0
outer loop
vertex -1.492 -69.751 0.0
vertex -1.492 -69.751 16.0
vertex -4.934 -70.482 16.0
endloop
endfacet
facet normal -0.21264795976858766 0.9771288785038835 0.0
outer loop
vertex -5.742 -64.536 0.0
vertex -5.742 -64.536 16.0
vertex -2.769 -63.889 16.0
endloop
endfacet
facet normal -0.2920973040027867 0.9563886056380553 0.0
outer loop
vertex -2.769 -63.889 0.0
vertex 0.037 -63.032 18.0
vertex 0.037 -63.032 16.0
endloop
endfacet
facet normal -0.2920973040027867 0.9563886056380553 0.0
outer loop
vertex -2.769 -63.889 0.0
vertex -2.769 -63.889 16.0
vertex 0.037 -63.032 20.0
endloop
endfacet
facet normal -0.2920973040027867 0.9563886056380553 0.0
outer loop
vertex -2.769 -63.889 0.0
vertex 0.037 -63.032 20.0
vertex 0.037 -63.032 18.0
endloop
endfacet
facet normal -0.17242174205379307 -0.9850232194558335 -0.0
outer loop
vertex -27.01 -117.542 17.778
vertex -27.587 -117.441 18.0
vertex -27.587 -117.441 16.0
endloop
endfacet
facet normal -0.17248376616324937 -0.9850123605367301 0.0
outer loop
vertex -27.01 -117.542 17.778
vertex -22.39 -118.351 16.0
vertex -22.39 -118.351 18.0
endloop
endfacet
facet normal -0.2930509372400642 -0.9560968299198151 -0.0
outer loop
vertex -42.031 -113.683 20.0
vertex -42.031 -113.683 18.0
vertex -37.421 -115.096 18.0
endloop
endfacet
facet normal 0.3351221797970376 0.9421746783946604 0.0
outer loop
vertex -40.145 -107.986 20.0
vertex -40.145 -107.986 18.0
vertex -44.275 -106.517 18.0
endloop
endfacet
facet normal -0.25220935907467124 -0.9676726921821983 0.0
outer loop
vertex -37.421 -115.096 20.0
vertex -32.602 -116.352 16.0
vertex -32.602 -116.352 18.0
endloop
endfacet
facet normal 0.2931151447322456 0.956077147477438 0.0
outer loop
vertex -35.784 -109.323 20.0
vertex -35.784 -109.323 18.0
vertex -40.145 -107.986 18.0
endloop
endfacet
facet normal 0.25207753340107925 0.9677070409759494 0.0
outer loop
vertex -31.208 -110.515 20.0
vertex -31.208 -110.515 18.0
vertex -35.784 -109.323 18.0
endloop
endfacet
facet normal -0.2930509372400642 -0.9560968299198151 0.0
outer loop
vertex -42.031 -113.683 20.0
vertex -37.421 -115.096 18.0
vertex -37.421 -115.096 20.0
endloop
endfacet
facet normal 0.3351221797970376 0.9421746783946604 0.0
outer loop
vertex -44.275 -106.517 20.0
vertex -40.145 -107.986 20.0
vertex -44.275 -106.517 18.0
endloop
endfacet
facet normal 0.2931151447322456 0.956077147477438 0.0
outer loop
vertex -40.145 -107.986 20.0
vertex -35.784 -109.323 20.0
vertex -40.145 -107.986 18.0
endloop
endfacet
facet normal -0.0 0.0 1.0
outer loop
vertex -44.275 -106.517 20.0
vertex -42.031 -113.683 20.0
vertex -40.145 -107.986 20.0
endloop
endfacet
facet normal -0.0 -0.0 1.0
outer loop
vertex -42.031 -113.683 20.0
vertex -37.421 -115.096 20.0
vertex -40.145 -107.986 20.0
endloop
endfacet
facet normal -0.0 0.0 1.0
outer loop
vertex -40.145 -107.986 20.0
vertex -37.421 -115.096 20.0
vertex -35.784 -109.323 20.0
endloop
endfacet
facet normal -0.25220935907467124 -0.9676726921821983 0.0
outer loop
vertex -37.421 -115.096 20.0
vertex -32.602 -116.352 18.0
vertex -32.602 -116.352 20.0
endloop
endfacet
facet normal -0.0 -0.0 1.0
outer loop
vertex -37.421 -115.096 20.0
vertex -32.602 -116.352 20.0
vertex -35.784 -109.323 20.0
endloop
endfacet
facet normal 0.25207753340107925 0.9677070409759494 0.0
outer loop
vertex -35.784 -109.323 20.0
vertex -31.208 -110.515 20.0
vertex -35.784 -109.323 18.0
endloop
endfacet
facet normal 0.0 -0.0 1.0
outer loop
vertex -32.602 -116.352 20.0
vertex -31.208 -110.515 20.0
vertex -35.784 -109.323 20.0
endloop
endfacet
facet normal -0.21220312204564745 -0.9772255804030511 -0.0
outer loop
vertex -32.602 -116.352 20.0
vertex -32.602 -116.352 18.0
vertex -27.587 -117.441 18.0
endloop
endfacet
facet normal -0.17238033175223733 -0.9850304671557062 -0.0
outer loop
vertex -27.587 -117.441 20.0
vertex -27.587 -117.441 18.0
vertex -27.067 -117.532 18.0
endloop
endfacet
facet normal 0.21222572498337985 0.9772206719340718 0.0
outer loop
vertex -26.433 -111.552 20.0
vertex -26.433 -111.552 18.0
vertex -31.208 -110.515 18.0
endloop
endfacet
facet normal -0.1724876135707801 -0.9850116833584077 8.253540565277749e-05
outer loop
vertex -27.01 -117.542 17.778
vertex -22.39 -118.351 18.0
vertex -27.067 -117.532 18.0
endloop
endfacet
facet normal -0.17248761415828098 -0.9850116867134036 0.0
outer loop
vertex -22.39 -118.351 20.0
vertex -27.067 -117.532 18.0
vertex -22.39 -118.351 18.0
endloop
endfacet
facet normal 0.17238033175224726 0.9850304671557044 0.0
outer loop
vertex -21.473 -112.42 20.0
vertex -21.473 -112.42 18.0
vertex -26.433 -111.552 18.0
endloop
endfacet
facet normal -0.21220312204564745 -0.9772255804030511 0.0
outer loop
vertex -32.602 -116.352 20.0
vertex -27.587 -117.441 18.0
vertex -27.587 -117.441 20.0
endloop
endfacet
facet normal -0.0 -0.0 0.9999999999999999
outer loop
vertex -32.602 -116.352 20.0
vertex -27.587 -117.441 20.0
vertex -31.208 -110.515 20.0
endloop
endfacet
facet normal 0.0 -0.0 1.0
outer loop
vertex -27.587 -117.441 20.0
vertex -26.433 -111.552 20.0
vertex -31.208 -110.515 20.0
endloop
endfacet
facet normal 0.21222572498337985 0.9772206719340718 0.0
outer loop
vertex -31.208 -110.515 20.0
vertex -26.433 -111.552 20.0
vertex -31.208 -110.515 18.0
endloop
endfacet
facet normal -0.17247687994330915 -0.9850135660059129 -2.5871531994271034e-05
outer loop
vertex -27.587 -117.441 20.0
vertex -27.067 -117.532 18.0
vertex -22.39 -118.351 20.0
endloop
endfacet
facet normal -0.0 -0.0 1.0
outer loop
vertex -27.587 -117.441 20.0
vertex -22.39 -118.351 20.0
vertex -26.433 -111.552 20.0
endloop
endfacet
facet normal 0.0 -0.0 1.0
outer loop
vertex -22.39 -118.351 20.0
vertex -21.473 -112.42 20.0
vertex -26.433 -111.552 20.0
endloop
endfacet
facet normal 0.17238033175224726 0.9850304671557044 0.0
outer loop
vertex -26.433 -111.552 20.0
vertex -21.473 -112.42 20.0
vertex -26.433 -111.552 18.0
endloop
endfacet
facet normal 0.3096322215934375 0.9508563968082208 -0.0
outer loop
vertex -28.99 -62.958 17.778
vertex -31.588 -62.112 16.0
vertex -31.588 -62.112 18.0
endloop
endfacet
facet normal 0.3100780799074576 0.9507110940558674 0.0
outer loop
vertex -28.99 -62.958 17.778
vertex -28.665 -63.064 18.0
vertex -28.665 -63.064 16.0
endloop
endfacet
facet normal -0.5695017074124599 -0.8219901491224169 -0.0
outer loop
vertex -42.829 -62.628 20.0
vertex -42.829 -62.628 18.0
vertex -39.899 -64.658 18.0
endloop
endfacet
facet normal -0.4841250617585205 -0.8749988140433727 -0.0
outer loop
vertex -39.899 -64.658 20.0
vertex -39.899 -64.658 18.0
vertex -36.765 -66.392 18.0
endloop
endfacet
facet normal -0.3945206613511285 -0.9188870701925608 -0.0
outer loop
vertex -36.765 -66.392 20.0
vertex -36.765 -66.392 18.0
vertex -33.446 -67.817 18.0
endloop
endfacet
facet normal 0.49143855270966036 0.8709122509820575 0.0
outer loop
vertex -34.353 -60.898 20.0
vertex -34.353 -60.898 18.0
vertex -36.951 -59.432 18.0
endloop
endfacet
facet normal 0.4020171485134936 0.9156321380888067 0.0
outer loop
vertex -31.588 -62.112 20.0
vertex -31.588 -62.112 18.0
vertex -34.353 -60.898 18.0
endloop
endfacet
facet normal -0.5695017074124599 -0.8219901491224169 0.0
outer loop
vertex -42.829 -62.628 20.0
vertex -39.899 -64.658 18.0
vertex -39.899 -64.658 20.0
endloop
endfacet
facet normal -0.4841250617585205 -0.8749988140433727 0.0
outer loop
vertex -39.899 -64.658 20.0
vertex -36.765 -66.392 18.0
vertex -36.765 -66.392 20.0
endloop
endfacet
facet normal -0.0 0.0 1.0
outer loop
vertex -45.536 -60.318 20.0
vertex -42.829 -62.628 20.0
vertex -39.371 -57.725 20.0
endloop
endfacet
facet normal -0.0 0.0 1.0
outer loop
vertex -42.829 -62.628 20.0
vertex -39.899 -64.658 20.0
vertex -36.951 -59.432 20.0
endloop
endfacet
facet normal -0.3945206613511285 -0.9188870701925608 0.0
outer loop
vertex -33.446 -67.817 20.0
vertex -36.765 -66.392 20.0
vertex -33.446 -67.817 18.0
endloop
endfacet
facet normal 0.4020171485134936 0.9156321380888067 0.0
outer loop
vertex -34.353 -60.898 20.0
vertex -31.588 -62.112 20.0
vertex -34.353 -60.898 18.0
endloop
endfacet
facet normal -0.0 0.0 1.0
outer loop
vertex -39.899 -64.658 20.0
vertex -36.765 -66.392 20.0
vertex -34.353 -60.898 20.0
endloop
endfacet
facet normal 0.0 -0.0 1.0
outer loop
vertex -39.899 -64.658 20.0
vertex -34.353 -60.898 20.0
vertex -36.951 -59.432 20.0
endloop
endfacet
facet normal 0.0 -0.0 1.0
outer loop
vertex -33.446 -67.817 20.0
vertex -31.588 -62.112 20.0
vertex -36.765 -66.392 20.0
endloop
endfacet
facet normal 0.0 -0.0 1.0
outer loop
vertex -36.765 -66.392 20.0
vertex -31.588 -62.112 20.0
vertex -34.353 -60.898 20.0
endloop
endfacet
facet normal -0.3023226846930643 -0.9532056411498928 -0.0
outer loop
vertex -33.446 -67.817 20.0
vertex -33.446 -67.817 18.0
vertex -29.962 -68.922 18.0
endloop
endfacet
facet normal -0.21632410964893753 -0.9763216066361506 -0.0
outer loop
vertex -29.962 -68.922 20.0
vertex -29.962 -68.922 18.0
vertex -26.893 -69.602 18.0
endloop
endfacet
facet normal 0.3098207564428977 0.9507918196555687 0.00245245860378937
outer loop
vertex -28.99 -62.958 17.778
vertex -31.588 -62.112 18.0
vertex -28.958 -62.969 18.0
endloop
endfacet
facet normal 0.30982168816381217 0.9507946789624591 0.0
outer loop
vertex -31.588 -62.112 20.0
vertex -28.958 -62.969 18.0
vertex -31.588 -62.112 18.0
endloop
endfacet
facet normal 0.3084253026872642 0.9512485651302027 0.0
outer loop
vertex -28.665 -63.064 20.0
vertex -28.665 -63.064 18.0
vertex -28.958 -62.969 18.0
endloop
endfacet
facet normal -0.13017094900804277 -0.991491565286536 -0.0
outer loop
vertex -26.893 -69.602 20.0
vertex -26.893 -69.602 18.0
vertex -23.275 -70.077 18.0
endloop
endfacet
facet normal -0.16729596556649373 -0.9859067196774624 -0.0
outer loop
vertex -23.275 -70.077 20.0
vertex -23.275 -70.077 18.0
vertex -19.468 -70.723 18.0
endloop
endfacet
facet normal 0.1225868019481635 0.9924577955702306 -0.0
outer loop
vertex -22.39 -64.14 20.0
vertex -25.596 -63.744 16.0
vertex -25.596 -63.744 18.0
endloop
endfacet
facet normal 0.2163241096489354 0.9763216066361512 0.0
outer loop
vertex -25.596 -63.744 20.0
vertex -25.596 -63.744 18.0
vertex -28.665 -63.064 18.0
endloop
endfacet
facet normal -0.3023226846930643 -0.9532056411498928 0.0
outer loop
vertex -33.446 -67.817 20.0
vertex -29.962 -68.922 18.0
vertex -29.962 -68.922 20.0
endloop
endfacet
facet normal -0.21632410964893753 -0.9763216066361506 0.0
outer loop
vertex -29.962 -68.922 20.0
vertex -26.893 -69.602 18.0
vertex -26.893 -69.602 20.0
endloop
endfacet
facet normal 0.30968179899154086 0.9508402294666768 -0.00020347265259401445
outer loop
vertex -31.588 -62.112 20.0
vertex -28.665 -63.064 20.0
vertex -28.958 -62.969 18.0
endloop
endfacet
facet normal 0.2163241096489354 0.9763216066361512 0.0
outer loop
vertex -28.665 -63.064 20.0
vertex -25.596 -63.744 20.0
vertex -28.665 -63.064 18.0
endloop
endfacet
facet normal 0.0 -0.0 1.0
outer loop
vertex -33.446 -67.817 20.0
vertex -28.665 -63.064 20.0
vertex -31.588 -62.112 20.0
endloop
endfacet
facet normal -0.0 0.0 1.0
outer loop
vertex -33.446 -67.817 20.0
vertex -29.962 -68.922 20.0
vertex -28.665 -63.064 20.0
endloop
endfacet
facet normal -0.0 -0.0 1.0
outer loop
vertex -29.962 -68.922 20.0
vertex -26.893 -69.602 20.0
vertex -28.665 -63.064 20.0
endloop
endfacet
facet normal -0.0 0.0 1.0
outer loop
vertex -28.665 -63.064 20.0
vertex -26.893 -69.602 20.0
vertex -25.596 -63.744 20.0
endloop
endfacet
facet normal -0.13017094900804277 -0.991491565286536 0.0
outer loop
vertex -26.893 -69.602 20.0
vertex -23.275 -70.077 18.0
vertex -23.275 -70.077 20.0
endloop
endfacet
facet normal -0.0 -0.0 1.0
outer loop
vertex -26.893 -69.602 20.0
vertex -23.275 -70.077 20.0
vertex -25.596 -63.744 20.0
endloop
endfacet
facet normal 0.1225868019481635 0.9924577955702306 0.0
outer loop
vertex -25.596 -63.744 20.0
vertex -22.39 -64.14 20.0
vertex -25.596 -63.744 18.0
endloop
endfacet
facet normal 0.0 -0.0 1.0
outer loop
vertex -23.275 -70.077 20.0
vertex -22.39 -64.14 20.0
vertex -25.596 -63.744 20.0
endloop
endfacet
facet normal -0.015991039118604323 -0.9998721351592449 0.0
outer loop
vertex -4.694 -119.926 16.0
vertex -0.067 -120.0 16.0
vertex -0.067 -120.0 18.0
endloop
endfacet
facet normal -0.015944178452074798 -0.9998728776271194 -0.0001084396233274113
outer loop
vertex -0.067 -120.0 18.0
vertex -5.272 -119.917 18.0
vertex -4.694 -119.926 16.0
endloop
endfacet
facet normal -0.13321657193510894 -0.9910869512620263 -0.0
outer loop
vertex -22.39 -118.351 20.0
vertex -22.39 -118.351 18.0
vertex -17.026 -119.072 18.0
endloop
endfacet
facet normal 0.13330253815236795 0.991075392350217 0.0
outer loop
vertex -16.343 -113.11 20.0
vertex -16.343 -113.11 18.0
vertex -21.473 -112.42 18.0
endloop
endfacet
facet normal -0.09435783887785813 -0.9955383459426865 -0.0
outer loop
vertex -17.026 -119.072 20.0
vertex -17.026 -119.072 18.0
vertex -11.508 -119.595 18.0
endloop
endfacet
facet normal 0.09422214628558677 0.9955511976535097 0.0
outer loop
vertex -11.06 -113.61 20.0
vertex -11.06 -113.61 18.0
vertex -16.343 -113.11 18.0
endloop
endfacet
facet normal 0.13330253815236795 0.991075392350217 -0.0
outer loop
vertex -16.343 -113.11 20.0
vertex -21.473 -112.42 18.0
vertex -21.473 -112.42 20.0
endloop
endfacet
facet normal -0.13321657193510894 -0.9910869512620263 0.0
outer loop
vertex -22.39 -118.351 20.0
vertex -17.026 -119.072 18.0
vertex -17.026 -119.072 20.0
endloop
endfacet
facet normal -0.0 -0.0 1.0
outer loop
vertex -22.39 -118.351 20.0
vertex -17.026 -119.072 20.0
vertex -21.473 -112.42 20.0
endloop
endfacet
facet normal 0.0 -0.0 1.0
outer loop
vertex -17.026 -119.072 20.0
vertex -16.343 -113.11 20.0
vertex -21.473 -112.42 20.0
endloop
endfacet
facet normal 0.09422214628558677 0.9955511976535097 0.0
outer loop
vertex -16.343 -113.11 20.0
vertex -11.06 -113.61 20.0
vertex -16.343 -113.11 18.0
endloop
endfacet
facet normal -0.09435783887785813 -0.9955383459426865 0.0
outer loop
vertex -17.026 -119.072 20.0
vertex -11.508 -119.595 18.0
vertex -11.508 -119.595 20.0
endloop
endfacet
facet normal -0.0 -0.0 1.0
outer loop
vertex -17.026 -119.072 20.0
vertex -11.508 -119.595 20.0
vertex -16.343 -113.11 20.0
endloop
endfacet
facet normal -0.0 0.0 0.9999999999999999
outer loop
vertex -16.343 -113.11 20.0
vertex -11.508 -119.595 20.0
vertex -11.06 -113.61 20.0
endloop
endfacet
facet normal -0.05505951206339331 -0.9984830745342361 -0.0
outer loop
vertex -11.508 -119.595 20.0
vertex -11.508 -119.595 18.0
vertex -5.85 -119.907 18.0
endloop
endfacet
facet normal -0.01729844931888615 -0.999850370631107 -0.0
outer loop
vertex -5.85 -119.907 20.0
vertex -5.85 -119.907 18.0
vertex -5.272 -119.917 18.0
endloop
endfacet
facet normal 0.05523547974738608 0.9984733555669253 0.0
outer loop
vertex -5.637 -113.91 20.0
vertex -5.637 -113.91 18.0
vertex -11.06 -113.61 18.0
endloop
endfacet
facet normal -0.015944178545819806 -0.9998728835059479 0.0
outer loop
vertex -0.067 -120.0 20.0
vertex -5.272 -119.917 18.0
vertex -0.067 -120.0 18.0
endloop
endfacet
facet normal 0.016039753169557594 0.999871354884347 0.0
outer loop
vertex -0.089 -113.999 20.0
vertex -0.089 -113.999 18.0
vertex -5.637 -113.91 18.0
endloop
endfacet
facet normal 0.05523547974738608 0.9984733555669253 0.0
outer loop
vertex -11.06 -113.61 20.0
vertex -5.637 -113.91 20.0
vertex -11.06 -113.61 18.0
endloop
endfacet
facet normal -0.05505951206339331 -0.9984830745342361 0.0
outer loop
vertex -11.508 -119.595 20.0
vertex -5.85 -119.907 18.0
vertex -5.85 -119.907 20.0
endloop
endfacet
facet normal -0.0 -0.0 1.0
outer loop
vertex -11.508 -119.595 20.0
vertex -5.85 -119.907 20.0
vertex -11.06 -113.61 20.0
endloop
endfacet
facet normal -0.0 0.0 1.0
outer loop
vertex -11.06 -113.61 20.0
vertex -5.85 -119.907 20.0
vertex -5.637 -113.91 20.0
endloop
endfacet
facet normal -0.016079538440449126 -0.9998706537754167 0.0003523666595898491
outer loop
vertex -5.85 -119.907 20.0
vertex -5.272 -119.917 18.0
vertex -0.067 -120.0 20.0
endloop
endfacet
facet normal 0.016039753169557594 0.999871354884347 0.0
outer loop
vertex -5.637 -113.91 20.0
vertex -0.089 -113.999 20.0
vertex -5.637 -113.91 18.0
endloop
endfacet
facet normal -0.0 -0.0 1.0
outer loop
vertex -5.85 -119.907 20.0
vertex -0.067 -120.0 20.0
vertex -5.637 -113.91 20.0
endloop
endfacet
facet normal -0.0 -0.0 1.0
outer loop
vertex -5.637 -113.91 20.0
vertex -0.067 -120.0 20.0
vertex -0.089 -113.999 20.0
endloop
endfacet
facet normal -0.09594437875479103 -0.995386696809515 -0.0
outer loop
vertex -19.468 -70.723 20.0
vertex -19.468 -70.723 18.0
vertex -16.034 -71.054 18.0
endloop
endfacet
facet normal 0.1718404696167161 0.9851247905732078 0.0
outer loop
vertex -18.893 -64.75 20.0
vertex -18.893 -64.75 18.0
vertex -22.39 -64.14 18.0
endloop
endfacet
facet normal 0.09594437875479103 0.995386696809515 0.0
outer loop
vertex -15.459 -65.081 20.0
vertex -15.459 -65.081 18.0
vertex -18.893 -64.75 18.0
endloop
endfacet
facet normal -0.023883969833226073 -0.9997147373051001 -0.0
outer loop
vertex -16.034 -71.054 20.0
vertex -16.034 -71.054 18.0
vertex -12.225 -71.145 18.0
endloop
endfacet
facet normal 0.052530554859945504 -0.9986193172606397 0.0
outer loop
vertex -12.225 -71.145 20.0
vertex -12.225 -71.145 18.0
vertex -8.518 -70.95 18.0
endloop
endfacet
facet normal 0.019393546787997124 0.9998119274858557 0.0
outer loop
vertex -12.108 -65.146 20.0
vertex -12.108 -65.146 18.0
vertex -15.459 -65.081 18.0
endloop
endfacet
facet normal -0.16729596556649373 -0.9859067196774624 0.0
outer loop
vertex -23.275 -70.077 20.0
vertex -19.468 -70.723 18.0
vertex -19.468 -70.723 20.0
endloop
endfacet
facet normal -0.09594437875479103 -0.995386696809515 0.0
outer loop
vertex -19.468 -70.723 20.0
vertex -16.034 -71.054 18.0
vertex -16.034 -71.054 20.0
endloop
endfacet
facet normal -0.0 0.0 1.0
outer loop
vertex -23.275 -70.077 20.0
vertex -19.468 -70.723 20.0
vertex -18.893 -64.75 20.0
endloop
endfacet
facet normal -0.0 -0.0 1.0
outer loop
vertex -19.468 -70.723 20.0
vertex -16.034 -71.054 20.0
vertex -18.893 -64.75 20.0
endloop
endfacet
facet normal 0.1718404696167161 0.9851247905732078 0.0
outer loop
vertex -22.39 -64.14 20.0
vertex -18.893 -64.75 20.0
vertex -22.39 -64.14 18.0
endloop
endfacet
facet normal 0.09594437875479103 0.995386696809515 0.0
outer loop
vertex -18.893 -64.75 20.0
vertex -15.459 -65.081 20.0
vertex -18.893 -64.75 18.0
endloop
endfacet
facet normal 0.0 -0.0 0.9999999999999999
outer loop
vertex -23.275 -70.077 20.0
vertex -18.893 -64.75 20.0
vertex -22.39 -64.14 20.0
endloop
endfacet
facet normal -0.0 0.0 1.0
outer loop
vertex -18.893 -64.75 20.0
vertex -16.034 -71.054 20.0
vertex -15.459 -65.081 20.0
endloop
endfacet
facet normal -0.023883969833226073 -0.9997147373051001 0.0
outer loop
vertex -16.034 -71.054 20.0
vertex -12.225 -71.145 18.0
vertex -12.225 -71.145 20.0
endloop
endfacet
facet normal -0.0 -0.0 1.0
outer loop
vertex -16.034 -71.054 20.0
vertex -12.225 -71.145 20.0
vertex -15.459 -65.081 20.0
endloop
endfacet
facet normal 0.0 -0.0 1.0
outer loop
vertex -12.225 -71.145 20.0
vertex -8.518 -70.95 20.0
vertex -12.108 -65.146 20.0
endloop
endfacet
facet normal 0.019393546787997124 0.9998119274858557 0.0
outer loop
vertex -15.459 -65.081 20.0
vertex -12.108 -65.146 20.0
vertex -15.459 -65.081 18.0
endloop
endfacet
facet normal -0.05720745229837187 0.9983623126909037 0.0
outer loop
vertex -12.108 -65.146 20.0
vertex -8.862 -64.96 20.0
vertex -12.108 -65.146 18.0
endloop
endfacet
facet normal 0.0 -0.0 1.0
outer loop
vertex -12.225 -71.145 20.0
vertex -12.108 -65.146 20.0
vertex -15.459 -65.081 20.0
endloop
endfacet
facet normal 0.12948111705280305 -0.9915818878573561 0.0
outer loop
vertex -8.518 -70.95 20.0
vertex -8.518 -70.95 18.0
vertex -4.934 -70.482 18.0
endloop
endfacet
facet normal -0.05720745229837187 0.9983623126909037 0.0
outer loop
vertex -8.862 -64.96 20.0
vertex -8.862 -64.96 18.0
vertex -12.108 -65.146 18.0
endloop
endfacet
facet normal -0.13465966955256345 0.9908919080283148 0.0
outer loop
vertex -5.742 -64.536 20.0
vertex -5.742 -64.536 18.0
vertex -8.862 -64.96 18.0
endloop
endfacet
facet normal 0.20774319181552306 -0.9781834011341118 0.0
outer loop
vertex -4.934 -70.482 20.0
vertex -4.934 -70.482 18.0
vertex -1.492 -69.751 18.0
endloop
endfacet
facet normal 0.28638356670796905 -0.9581150519220654 0.0
outer loop
vertex -1.492 -69.751 20.0
vertex -1.492 -69.751 18.0
vertex 1.79 -68.77 18.0
endloop
endfacet
facet normal -0.2920973040027867 0.9563886056380553 0.0
outer loop
vertex 0.037 -63.032 20.0
vertex -2.769 -63.889 16.0
vertex -2.769 -63.889 18.0
endloop
endfacet
facet normal -0.21264795976858766 0.9771288785038835 0.0
outer loop
vertex -2.769 -63.889 20.0
vertex -2.769 -63.889 18.0
vertex -5.742 -64.536 18.0
endloop
endfacet
facet normal 0.052530554859945504 -0.9986193172606397 0.0
outer loop
vertex -12.225 -71.145 20.0
vertex -8.518 -70.95 18.0
vertex -8.518 -70.95 20.0
endloop
endfacet
facet normal 0.12948111705280305 -0.9915818878573561 0.0
outer loop
vertex -8.518 -70.95 20.0
vertex -4.934 -70.482 18.0
vertex -4.934 -70.482 20.0
endloop
endfacet
facet normal 0.0 -0.0 1.0
outer loop
vertex -8.518 -70.95 20.0
vertex -4.934 -70.482 20.0
vertex -8.862 -64.96 20.0
endloop
endfacet
facet normal -0.13465966955256345 0.9908919080283148 0.0
outer loop
vertex -8.862 -64.96 20.0
vertex -5.742 -64.536 20.0
vertex -8.862 -64.96 18.0
endloop
endfacet
facet normal -0.0 -0.0 1.0
outer loop
vertex -12.108 -65.146 20.0
vertex -8.518 -70.95 20.0
vertex -8.862 -64.96 20.0
endloop
endfacet
facet normal -0.0 -0.0 1.0
outer loop
vertex -8.862 -64.96 20.0
vertex -4.934 -70.482 20.0
vertex -5.742 -64.536 20.0
endloop
endfacet
facet normal 0.20774319181552306 -0.9781834011341118 0.0
outer loop
vertex -4.934 -70.482 20.0
vertex -1.492 -69.751 18.0
vertex -1.492 -69.751 20.0
endloop
endfacet
facet normal -0.0 0.0 1.0
outer loop
vertex -5.742 -64.536 20.0
vertex -4.934 -70.482 20.0
vertex -1.492 -69.751 20.0
endloop
endfacet
facet normal -0.21264795976858766 0.9771288785038835 0.0
outer loop
vertex -5.742 -64.536 20.0
vertex -2.769 -63.889 20.0
vertex -5.742 -64.536 18.0
endloop
endfacet
facet normal -0.2920973040027867 0.9563886056380553 0.0
outer loop
vertex -2.769 -63.889 20.0
vertex 0.037 -63.032 20.0
vertex -2.769 -63.889 18.0
endloop
endfacet
facet normal -0.0 -0.0 1.0
outer loop
vertex -5.742 -64.536 20.0
vertex -1.492 -69.751 20.0
vertex -2.769 -63.889 20.0
endloop
endfacet
facet normal 0.0 -0.0 1.0
outer loop
vertex -1.492 -69.751 20.0
vertex 1.79 -68.77 20.0
vertex -2.769 -63.889 20.0
endloop
endfacet
facet normal -0.0 -0.0 1.0
outer loop
vertex -2.769 -63.889 20.0
vertex 1.79 -68.77 20.0
vertex 0.037 -63.032 20.0
endloop
endfacet
facet normal 0.6557679139152808 0.7549625441564639 -0.0
outer loop
vertex -41.601 -55.788 0.0
vertex -41.601 -55.788 16.0
vertex -39.371 -57.725 16.0
endloop
endfacet
facet normal 0.7278828961295994 0.6857014580136074 -0.0
outer loop
vertex -43.633 -53.631 0.0
vertex -43.633 -53.631 16.0
vertex -41.601 -55.788 16.0
endloop
endfacet
facet normal 0.5764047608273976 0.817164335795139 -0.0
outer loop
vertex -39.371 -57.725 0.0
vertex -39.371 -57.725 16.0
vertex -36.951 -59.432 16.0
endloop
endfacet
facet normal 0.49143855270966036 0.8709122509820575 -0.0
outer loop
vertex -36.951 -59.432 0.0
vertex -36.951 -59.432 16.0
vertex -34.353 -60.898 16.0
endloop
endfacet
facet normal -0.07519049532180536 -0.9971691879582228 0.0
outer loop
vertex -37.67 -25.233 0.0
vertex -37.67 -25.233 16.0
vertex -40.455 -25.023 16.0
endloop
endfacet
facet normal 0.09340227001986513 0.9956284527649539 -0.0
outer loop
vertex -42.231 -18.783 0.0
vertex -42.231 -18.783 16.0
vertex -40.227 -18.971 16.0
endloop
endfacet
facet normal -0.715889689253958 0.6982134006304029 0.0
outer loop
vertex -40.227 -18.971 0.0
vertex -40.227 -18.971 16.0
vertex -36.988 -15.65 16.0
endloop
endfacet
facet normal -0.11258206954022541 -0.9936424294574181 -0.0
outer loop
vertex -40.455 -25.023 0.0
vertex -43.041 -24.73 18.0
vertex -43.041 -24.73 16.0
endloop
endfacet
facet normal -0.11258206954022541 -0.9936424294574181 0.0
outer loop
vertex -40.455 -25.023 0.0
vertex -40.455 -25.023 16.0
vertex -43.041 -24.73 20.0
endloop
endfacet
facet normal -0.02737576429319137 -0.9996252135322335 -0.0
outer loop
vertex -31.572 -25.4 0.0
vertex -37.67 -25.233 18.0
vertex -37.67 -25.233 16.0
endloop
endfacet
facet normal -0.02737576429319137 -0.9996252135322335 0.0
outer loop
vertex -31.572 -25.4 0.0
vertex -31.572 -25.4 16.0
vertex -37.67 -25.233 18.0
endloop
endfacet
facet normal -0.5686942243482886 0.8225490132465654 0.0
outer loop
vertex -36.988 -15.65 0.0
vertex -36.988 -15.65 16.0
vertex -28.693 -9.915 16.0
endloop
endfacet
facet normal 0.5484342953237986 -0.8361936520404162 0.0
outer loop
vertex -33.128 1.635 0.0
vertex -33.128 1.635 16.0
vertex -41.433 -3.812 16.0
endloop
endfacet
facet normal 0.012811639096559304 -0.9999179275838891 0.0
outer loop
vertex -28.294 -25.358 0.0
vertex -28.294 -25.358 16.0
vertex -31.572 -25.4 16.0
endloop
endfacet
facet normal 0.0035108034070594502 0.9999938371107279 -0.0
outer loop
vertex -33.605 -19.342 0.0
vertex -33.605 -19.342 16.0
vertex -28.478 -19.36 16.0
endloop
endfacet
facet normal 0.5740517316887325 -0.818819033331033 0.0
outer loop
vertex -26.707 -14.506 0.0
vertex -26.707 -14.506 16.0
vertex -33.605 -19.342 16.0
endloop
endfacet
facet normal 0.048311986508924605 -0.9988322942113763 0.0
outer loop
vertex -21.368 -25.023 0.0
vertex -21.368 -25.023 16.0
vertex -28.294 -25.358 16.0
endloop
endfacet
facet normal -0.04837379582450464 0.9988293026726484 0.0
outer loop
vertex -28.478 -19.36 0.0
vertex -28.478 -19.36 16.0
vertex -21.788 -19.036 16.0
endloop
endfacet
facet normal -0.37537291085574476 0.9268738737259158 0.0
outer loop
vertex -28.693 -9.915 0.0
vertex -28.693 -9.915 16.0
vertex -21.115 -6.846 16.0
endloop
endfacet
facet normal 0.3755168266468824 -0.926815576533463 0.0
outer loop
vertex -19.394 -11.543 0.0
vertex -19.394 -11.543 16.0
vertex -26.707 -14.506 16.0
endloop
endfacet
facet normal -0.11258206954022541 -0.9936424294574181 -0.0
outer loop
vertex -40.455 -25.023 0.0
vertex -43.041 -24.73 20.0
vertex -43.041 -24.73 18.0
endloop
endfacet
facet normal -0.0913978252760529 0.9958144593923148 0.0
outer loop
vertex -21.788 -19.036 0.0
vertex -21.788 -19.036 16.0
vertex -14.706 -18.386 16.0
endloop
endfacet
facet normal 0.1220468711005116 -0.9925243378651101 0.0
outer loop
vertex -10.316 -23.891 0.0
vertex -10.316 -23.891 16.0
vertex -14.065 -24.352 16.0
endloop
endfacet
facet normal -0.12209763327872436 0.9925180945190542 0.0
outer loop
vertex -14.706 -18.386 0.0
vertex -14.706 -18.386 16.0
vertex -11.048 -17.936 16.0
endloop
endfacet
facet normal 0.09149466454212338 -0.9958055665441543 0.0
outer loop
vertex -14.065 -24.352 0.0
vertex -21.368 -25.023 18.0
vertex -21.368 -25.023 16.0
endloop
endfacet
facet normal 0.09149466454212338 -0.9958055665441543 0.0
outer loop
vertex -14.065 -24.352 0.0
vertex -14.065 -24.352 16.0
vertex -21.368 -25.023 18.0
endloop
endfacet
facet normal -0.15091693279924212 0.9885464477678675 0.0
outer loop
vertex -21.115 -6.846 0.0
vertex -21.115 -6.846 16.0
vertex -12.58 -5.543 16.0
endloop
endfacet
facet normal 0.14520136833391453 -0.9894021238272934 0.0
outer loop
vertex -12.58 -10.543 0.0
vertex -12.58 -10.543 16.0
vertex -19.394 -11.543 16.0
endloop
endfacet
facet normal -0.09328081985072635 -0.9956398388212356 0.0
outer loop
vertex -6.225 -24.147 0.0
vertex -6.225 -24.147 16.0
vertex -8.285 -23.954 16.0
endloop
endfacet
facet normal -0.04560467581721227 0.9989595655198498 0.0
outer loop
vertex -11.048 -17.936 0.0
vertex -11.048 -17.936 16.0
vertex -10.128 -17.894 16.0
endloop
endfacet
facet normal 0.036181039081000614 0.9993452518579449 -0.0
outer loop
vertex -10.128 -17.894 0.0
vertex -10.128 -17.894 16.0
vertex -7.725 -17.981 16.0
endloop
endfacet
facet normal 0.09788162037552796 0.9951980649060072 -0.0
outer loop
vertex -7.725 -17.981 0.0
vertex -7.725 -17.981 16.0
vertex -5.295 -18.22 16.0
endloop
endfacet
facet normal -0.15535077422028312 -0.9878593710387925 0.0
outer loop
vertex -4.152 -24.473 0.0
vertex -4.152 -24.473 16.0
vertex -6.225 -24.147 16.0
endloop
endfacet
facet normal -0.21711735543984076 -0.9761455086035122 0.0
outer loop
vertex -2.079 -24.934 0.0
vertex -2.079 -24.934 16.0
vertex -3.738 -24.565 16.0
endloop
endfacet
facet normal -0.2806264552490894 -0.9598170620562705 0.0
outer loop
vertex -0.02 -25.536 0.0
vertex -0.02 -25.536 16.0
vertex -2.079 -24.934 16.0
endloop
endfacet
facet normal 0.15975243780851697 0.9871571093874755 -0.0
outer loop
vertex -5.295 -18.22 0.0
vertex -5.295 -18.22 16.0
vertex -2.848 -18.616 16.0
endloop
endfacet
facet normal 0.22236033676906428 0.9749645535258953 -0.0
outer loop
vertex -2.848 -18.616 0.0
vertex -2.848 -18.616 16.0
vertex -0.397 -19.175 16.0
endloop
endfacet
facet normal -0.031004289926608565 -0.9995192514434861 -0.0
outer loop
vertex -8.285 -23.954 0.0
vertex -10.316 -23.891 18.0
vertex -10.316 -23.891 16.0
endloop
endfacet
facet normal -0.031004289926608565 -0.9995192514434861 0.0
outer loop
vertex -8.285 -23.954 0.0
vertex -8.285 -23.954 16.0
vertex -10.316 -23.891 20.0
endloop
endfacet
facet normal -0.21708003191780886 -0.9761538094698823 -0.0
outer loop
vertex -2.079 -24.934 0.0
vertex -4.152 -24.473 18.0
vertex -4.152 -24.473 16.0
endloop
endfacet
facet normal -0.21674285763496307 -0.9762287293476186 4.075001955421394e-05
outer loop
vertex -2.079 -24.934 0.0
vertex -3.738 -24.565 16.0
vertex -4.152 -24.473 18.0
endloop
endfacet
facet normal -0.09052289264890447 -0.9958943748744016 0.0
outer loop
vertex -5.594 -11.178 0.0
vertex -5.594 -11.178 16.0
vertex -12.58 -10.543 16.0
endloop
endfacet
facet normal 0.09048775339701753 0.9958975682695287 -0.0
outer loop
vertex -12.58 -5.543 0.0
vertex -12.58 -5.543 16.0
vertex -5.096 -6.223 16.0
endloop
endfacet
facet normal -0.30150510246267026 -0.9534645631532274 0.0
outer loop
vertex 1.243 -13.34 0.0
vertex 1.243 -13.34 16.0
vertex -5.594 -11.178 16.0
endloop
endfacet
facet normal 0.1947362308704647 0.9808556470686016 -0.0
outer loop
vertex -5.096 -6.223 0.0
vertex -5.096 -6.223 16.0
vertex -4.139 -6.413 16.0
endloop
endfacet
facet normal 0.301525418215257 0.9534581386563934 -0.0
outer loop
vertex -4.139 -6.413 0.0
vertex -4.139 -6.413 16.0
vertex 3.156 -8.72 16.0
endloop
endfacet
facet normal -0.031004289926608565 -0.9995192514434861 -0.0
outer loop
vertex -8.285 -23.954 0.0
vertex -10.316 -23.891 20.0
vertex -10.316 -23.891 18.0
endloop
endfacet
facet normal 0.7270114199159828 0.6866218965873384 0.0021832174772352954
outer loop
vertex -41.601 -55.788 18.0
vertex -41.827 -55.548 17.778
vertex -41.805 -55.572 18.0
endloop
endfacet
facet normal 0.7279797399326027 0.6855986422446152 0.0
outer loop
vertex -43.633 -53.631 20.0
vertex -41.805 -55.572 18.0
vertex -43.633 -53.631 18.0
endloop
endfacet
facet normal 0.7270131525498068 0.6866235329637277 0.0
outer loop
vertex -41.601 -55.788 20.0
vertex -41.601 -55.788 18.0
vertex -41.805 -55.572 18.0
endloop
endfacet
facet normal 0.6557679139152808 0.7549625441564639 0.0
outer loop
vertex -39.371 -57.725 20.0
vertex -39.371 -57.725 18.0
vertex -41.601 -55.788 18.0
endloop
endfacet
facet normal 0.5764047608273976 0.817164335795139 0.0
outer loop
vertex -36.951 -59.432 20.0
vertex -36.951 -59.432 18.0
vertex -39.371 -57.725 18.0
endloop
endfacet
facet normal 0.6557679139152808 0.7549625441564639 0.0
outer loop
vertex -41.601 -55.788 20.0
vertex -39.371 -57.725 20.0
vertex -41.601 -55.788 18.0
endloop
endfacet
facet normal 0.7278828832256502 0.6857014458574531 -0.0001882979364136856
outer loop
vertex -43.633 -53.631 20.0
vertex -41.601 -55.788 20.0
vertex -41.805 -55.572 18.0
endloop
endfacet
facet normal 0.5764047608273976 0.817164335795139 0.0
outer loop
vertex -39.371 -57.725 20.0
vertex -36.951 -59.432 20.0
vertex -39.371 -57.725 18.0
endloop
endfacet
facet normal 0.0 -0.0 1.0
outer loop
vertex -45.536 -60.318 20.0
vertex -39.371 -57.725 20.0
vertex -41.601 -55.788 20.0
endloop
endfacet
facet normal 0.0 -0.0 1.0
outer loop
vertex -42.829 -62.628 20.0
vertex -36.951 -59.432 20.0
vertex -39.371 -57.725 20.0
endloop
endfacet
facet normal 0.49143855270966036 0.8709122509820575 -0.0
outer loop
vertex -34.353 -60.898 20.0
vertex -36.951 -59.432 18.0
vertex -36.951 -59.432 20.0
endloop
endfacet
facet normal -0.11258206954022541 -0.9936424294574181 0.0
outer loop
vertex -43.041 -24.73 20.0
vertex -40.455 -25.023 16.0
vertex -40.455 -25.023 18.0
endloop
endfacet
facet normal -0.07519049532180536 -0.9971691879582228 -0.0
outer loop
vertex -40.455 -25.023 20.0
vertex -40.455 -25.023 18.0
vertex -37.67 -25.233 18.0
endloop
endfacet
facet normal 0.09340227001986513 0.9956284527649539 0.0
outer loop
vertex -40.227 -18.971 20.0
vertex -40.227 -18.971 18.0
vertex -42.231 -18.783 18.0
endloop
endfacet
facet normal 0.1573530926348308 0.9875424062987139 0.0
outer loop
vertex -42.231 -18.783 20.0
vertex -42.231 -18.783 18.0
vertex -44.346 -18.446 18.0
endloop
endfacet
facet normal -0.715889689253958 0.6982134006304029 0.0
outer loop
vertex -36.988 -15.65 20.0
vertex -36.988 -15.65 18.0
vertex -40.227 -18.971 18.0
endloop
endfacet
facet normal -0.02737576429319137 -0.9996252135322335 -0.0
outer loop
vertex -37.67 -25.233 20.0
vertex -37.67 -25.233 18.0
vertex -31.572 -25.4 18.0
endloop
endfacet
facet normal -0.11258206954022541 -0.9936424294574181 0.0
outer loop
vertex -43.041 -24.73 20.0
vertex -40.455 -25.023 18.0
vertex -40.455 -25.023 20.0
endloop
endfacet
facet normal -0.07519049532180536 -0.9971691879582228 0.0
outer loop
vertex -40.455 -25.023 20.0
vertex -37.67 -25.233 18.0
vertex -37.67 -25.233 20.0
endloop
endfacet
facet normal -0.0 0.0 1.0
outer loop
vertex -43.041 -24.73 20.0
vertex -40.455 -25.023 20.0
vertex -40.227 -18.971 20.0
endloop
endfacet
facet normal -0.0 -0.0 1.0
outer loop
vertex -40.455 -25.023 20.0
vertex -37.67 -25.233 20.0
vertex -40.227 -18.971 20.0
endloop
endfacet
facet normal 0.09340227001986513 0.9956284527649539 0.0
outer loop
vertex -42.231 -18.783 20.0
vertex -40.227 -18.971 20.0
vertex -42.231 -18.783 18.0
endloop
endfacet
facet normal -0.715889689253958 0.6982134006304029 0.0
outer loop
vertex -40.227 -18.971 20.0
vertex -36.988 -15.65 20.0
vertex -40.227 -18.971 18.0
endloop
endfacet
facet normal 0.0 -0.0 1.0
outer loop
vertex -43.041 -24.73 20.0
vertex -40.227 -18.971 20.0
vertex -42.231 -18.783 20.0
endloop
endfacet
facet normal -0.02737576429319137 -0.9996252135322335 0.0
outer loop
vertex -37.67 -25.233 20.0
vertex -31.572 -25.4 18.0
vertex -31.572 -25.4 20.0
endloop
endfacet
facet normal -0.0 -0.0 1.0
outer loop
vertex -37.67 -25.233 20.0
vertex -31.572 -25.4 20.0
vertex -33.605 -19.342 20.0
endloop
endfacet
facet normal -0.0 0.0 1.0
outer loop
vertex -40.227 -18.971 20.0
vertex -37.67 -25.233 20.0
vertex -33.605 -19.342 20.0
endloop
endfacet
facet normal -0.0 -0.0 1.0
outer loop
vertex -40.227 -18.971 20.0
vertex -33.605 -19.342 20.0
vertex -36.988 -15.65 20.0
endloop
endfacet
facet normal 0.5484342953237986 -0.8361936520404162 0.0
outer loop
vertex -41.433 -3.812 20.0
vertex -41.433 -3.812 18.0
vertex -33.128 1.635 18.0
endloop
endfacet
facet normal 0.0 -0.0 0.9999999999999999
outer loop
vertex -41.433 -3.812 20.0
vertex -33.128 1.635 20.0
vertex -43.346 0.807 20.0
endloop
endfacet
facet normal -0.5686942243482886 0.8225490132465654 0.0
outer loop
vertex -36.988 -15.65 20.0
vertex -28.693 -9.915 20.0
vertex -36.988 -15.65 18.0
endloop
endfacet
facet normal -0.0 0.0 1.0
outer loop
vertex -36.988 -15.65 20.0
vertex -33.605 -19.342 20.0
vertex -28.693 -9.915 20.0
endloop
endfacet
facet normal 0.5484342953237986 -0.8361936520404162 0.0
outer loop
vertex -41.433 -3.812 20.0
vertex -33.128 1.635 18.0
vertex -33.128 1.635 20.0
endloop
endfacet
facet normal 0.012811639096559304 -0.9999179275838891 0.0
outer loop
vertex -31.572 -25.4 20.0
vertex -31.572 -25.4 18.0
vertex -28.294 -25.358 16.0
endloop
endfacet
facet normal 0.012811639096559304 -0.9999179275838891 0.0
outer loop
vertex -31.572 -25.4 20.0
vertex -28.294 -25.358 16.0
vertex -28.294 -25.358 18.0
endloop
endfacet
facet normal 0.0035108034070594502 0.9999938371107279 0.0
outer loop
vertex -28.478 -19.36 20.0
vertex -28.478 -19.36 18.0
vertex -33.605 -19.342 18.0
endloop
endfacet
facet normal 0.5740517316887325 -0.818819033331033 0.0
outer loop
vertex -33.605 -19.342 20.0
vertex -33.605 -19.342 18.0
vertex -26.707 -14.506 18.0
endloop
endfacet
facet normal 0.048311986508924605 -0.9988322942113763 0.0
outer loop
vertex -28.294 -25.358 20.0
vertex -28.294 -25.358 18.0
vertex -21.368 -25.023 18.0
endloop
endfacet
facet normal -0.04837379582450464 0.9988293026726484 0.0
outer loop
vertex -21.788 -19.036 20.0
vertex -21.788 -19.036 18.0
vertex -28.478 -19.36 18.0
endloop
endfacet
facet normal 0.012811639096559304 -0.9999179275838891 0.0
outer loop
vertex -31.572 -25.4 20.0
vertex -28.294 -25.358 18.0
vertex -28.294 -25.358 20.0
endloop
endfacet
facet normal 0.0 -0.0 1.0
outer loop
vertex -31.572 -25.4 20.0
vertex -28.294 -25.358 20.0
vertex -28.478 -19.36 20.0
endloop
endfacet
facet normal 0.0035108034070594502 0.9999938371107279 0.0
outer loop
vertex -33.605 -19.342 20.0
vertex -28.478 -19.36 20.0
vertex -33.605 -19.342 18.0
endloop
endfacet
facet normal 0.5740517316887325 -0.818819033331033 0.0
outer loop
vertex -33.605 -19.342 20.0
vertex -26.707 -14.506 18.0
vertex -26.707 -14.506 20.0
endloop
endfacet
facet normal -0.0 0.0 1.0
outer loop
vertex -33.605 -19.342 20.0
vertex -31.572 -25.4 20.0
vertex -28.478 -19.36 20.0
endloop
endfacet
facet normal 0.048311986508924605 -0.9988322942113763 0.0
outer loop
vertex -28.294 -25.358 20.0
vertex -21.368 -25.023 18.0
vertex -21.368 -25.023 20.0
endloop
endfacet
facet normal 0.0 -0.0 0.9999999999999999
outer loop
vertex -28.294 -25.358 20.0
vertex -21.368 -25.023 20.0
vertex -28.478 -19.36 20.0
endloop
endfacet
facet normal -0.04837379582450464 0.9988293026726484 0.0
outer loop
vertex -28.478 -19.36 20.0
vertex -21.788 -19.036 20.0
vertex -28.478 -19.36 18.0
endloop
endfacet
facet normal -0.0 -0.0 1.0
outer loop
vertex -28.478 -19.36 20.0
vertex -21.368 -25.023 20.0
vertex -21.788 -19.036 20.0
endloop
endfacet
facet normal -0.5686942243482886 0.8225490132465654 0.0
outer loop
vertex -28.693 -9.915 20.0
vertex -28.693 -9.915 18.0
vertex -36.988 -15.65 18.0
endloop
endfacet
facet normal 0.3755168266468824 -0.926815576533463 0.0
outer loop
vertex -26.707 -14.506 20.0
vertex -26.707 -14.506 18.0
vertex -19.394 -11.543 18.0
endloop
endfacet
facet normal -0.37537291085574476 0.9268738737259158 0.0
outer loop
vertex -21.115 -6.846 20.0
vertex -21.115 -6.846 18.0
vertex -28.693 -9.915 18.0
endloop
endfacet
facet normal 0.0 -0.0 0.9999999999999999
outer loop
vertex -33.605 -19.342 20.0
vertex -26.707 -14.506 20.0
vertex -28.693 -9.915 20.0
endloop
endfacet
facet normal -0.37537291085574476 0.9268738737259158 0.0
outer loop
vertex -28.693 -9.915 20.0
vertex -21.115 -6.846 20.0
vertex -28.693 -9.915 18.0
endloop
endfacet
facet normal 0.3755168266468824 -0.926815576533463 0.0
outer loop
vertex -26.707 -14.506 20.0
vertex -19.394 -11.543 18.0
vertex -19.394 -11.543 20.0
endloop
endfacet
facet normal -0.0 0.0 1.0
outer loop
vertex -28.693 -9.915 20.0
vertex -26.707 -14.506 20.0
vertex -21.115 -6.846 20.0
endloop
endfacet
facet normal 0.0 -0.0 1.0
outer loop
vertex -26.707 -14.506 20.0
vertex -19.394 -11.543 20.0
vertex -21.115 -6.846 20.0
endloop
endfacet
facet normal -0.21693045781865306 -0.9761870601839534 1.7834028262492903e-15
outer loop
vertex -3.738 -24.565 16.0
vertex -3.945 -24.519 18.0
vertex -4.152 -24.473 18.0
endloop
endfacet
facet normal 0.09149466454212338 -0.9958055665441543 0.0
outer loop
vertex -21.368 -25.023 20.0
vertex -21.368 -25.023 18.0
vertex -14.065 -24.352 18.0
endloop
endfacet
facet normal -0.0913978252760529 0.9958144593923148 0.0
outer loop
vertex -14.706 -18.386 20.0
vertex -14.706 -18.386 18.0
vertex -21.788 -19.036 18.0
endloop
endfacet
facet normal 0.1220468711005116 -0.9925243378651101 0.0
outer loop
vertex -14.065 -24.352 20.0
vertex -14.065 -24.352 18.0
vertex -10.316 -23.891 18.0
endloop
endfacet
facet normal -0.12209763327872436 0.9925180945190542 0.0
outer loop
vertex -11.048 -17.936 20.0
vertex -11.048 -17.936 18.0
vertex -14.706 -18.386 18.0
endloop
endfacet
facet normal 0.09149466454212338 -0.9958055665441543 0.0
outer loop
vertex -21.368 -25.023 20.0
vertex -14.065 -24.352 18.0
vertex -14.065 -24.352 20.0
endloop
endfacet
facet normal -0.0 0.0 1.0
outer loop
vertex -21.788 -19.036 20.0
vertex -21.368 -25.023 20.0
vertex -14.065 -24.352 20.0
endloop
endfacet
facet normal -0.0913978252760529 0.9958144593923148 0.0
outer loop
vertex -21.788 -19.036 20.0
vertex -14.706 -18.386 20.0
vertex -21.788 -19.036 18.0
endloop
endfacet
facet normal -0.0 -0.0 1.0
outer loop
vertex -21.788 -19.036 20.0
vertex -14.065 -24.352 20.0
vertex -14.706 -18.386 20.0
endloop
endfacet
facet normal 0.1220468711005116 -0.9925243378651101 0.0
outer loop
vertex -14.065 -24.352 20.0
vertex -10.316 -23.891 18.0
vertex -10.316 -23.891 20.0
endloop
endfacet
facet normal -0.12209763327872436 0.9925180945190542 0.0
outer loop
vertex -14.706 -18.386 20.0
vertex -11.048 -17.936 20.0
vertex -14.706 -18.386 18.0
endloop
endfacet
facet normal 0.0 -0.0 1.0
outer loop
vertex -14.065 -24.352 20.0
vertex -10.316 -23.891 20.0
vertex -14.706 -18.386 20.0
endloop
endfacet
facet normal -0.0 -0.0 1.0
outer loop
vertex -14.706 -18.386 20.0
vertex -10.316 -23.891 20.0
vertex -11.048 -17.936 20.0
endloop
endfacet
facet normal 0.14520136833391453 -0.9894021238272934 0.0
outer loop
vertex -19.394 -11.543 20.0
vertex -19.394 -11.543 18.0
vertex -12.58 -10.543 18.0
endloop
endfacet
facet normal -0.15091693279924212 0.9885464477678675 0.0
outer loop
vertex -12.58 -5.543 20.0
vertex -12.58 -5.543 18.0
vertex -21.115 -6.846 18.0
endloop
endfacet
facet normal 0.0 -0.0 1.0
outer loop
vertex -19.394 -11.543 20.0
vertex -12.58 -5.543 20.0
vertex -21.115 -6.846 20.0
endloop
endfacet
facet normal -0.15091693279924212 0.9885464477678675 0.0
outer loop
vertex -21.115 -6.846 20.0
vertex -12.58 -5.543 20.0
vertex -21.115 -6.846 18.0
endloop
endfacet
facet normal 0.14520136833391453 -0.9894021238272934 0.0
outer loop
vertex -19.394 -11.543 20.0
vertex -12.58 -10.543 18.0
vertex -12.58 -10.543 20.0
endloop
endfacet
facet normal 0.0 0.0 1.0
outer loop
vertex -19.394 -11.543 20.0
vertex -12.58 -10.543 20.0
vertex -12.58 -5.543 20.0
endloop
endfacet
facet normal -0.031004289926608565 -0.9995192514434861 0.0
outer loop
vertex -10.316 -23.891 20.0
vertex -8.285 -23.954 16.0
vertex -8.285 -23.954 18.0
endloop
endfacet
facet normal -0.09328081985072635 -0.9956398388212356 -0.0
outer loop
vertex -8.285 -23.954 20.0
vertex -8.285 -23.954 18.0
vertex -6.225 -24.147 18.0
endloop
endfacet
facet normal -0.15535077422028312 -0.9878593710387925 -0.0
outer loop
vertex -6.225 -24.147 20.0
vertex -6.225 -24.147 18.0
vertex -4.152 -24.473 18.0
endloop
endfacet
facet normal -0.04560467581721227 0.9989595655198498 0.0
outer loop
vertex -10.128 -17.894 20.0
vertex -10.128 -17.894 18.0
vertex -11.048 -17.936 18.0
endloop
endfacet
facet normal 0.036181039081000614 0.9993452518579449 0.0
outer loop
vertex -7.725 -17.981 20.0
vertex -7.725 -17.981 18.0
vertex -10.128 -17.894 18.0
endloop
endfacet
facet normal 0.09788162037552796 0.9951980649060072 0.0
outer loop
vertex -5.295 -18.22 20.0
vertex -5.295 -18.22 18.0
vertex -7.725 -17.981 18.0
endloop
endfacet
facet normal -0.21693045781865306 -0.9761870601839534 -0.0
outer loop
vertex -3.945 -24.519 18.0
vertex -4.152 -24.473 20.0
vertex -4.152 -24.473 18.0
endloop
endfacet
facet normal -0.2170966236010272 -0.9761501196132868 0.0
outer loop
vertex -2.079 -24.934 20.0
vertex -3.945 -24.519 18.0
vertex -2.079 -24.934 18.0
endloop
endfacet
facet normal -0.2806264552490894 -0.9598170620562705 -0.0
outer loop
vertex -2.079 -24.934 20.0
vertex -2.079 -24.934 18.0
vertex -0.02 -25.536 18.0
endloop
endfacet
facet normal 0.15975243780851697 0.9871571093874755 0.0
outer loop
vertex -2.848 -18.616 20.0
vertex -2.848 -18.616 18.0
vertex -5.295 -18.22 18.0
endloop
endfacet
facet normal 0.22236033676906428 0.9749645535258953 0.0
outer loop
vertex -0.397 -19.175 20.0
vertex -0.397 -19.175 18.0
vertex -2.848 -18.616 18.0
endloop
endfacet
facet normal -0.031004289926608565 -0.9995192514434861 0.0
outer loop
vertex -10.316 -23.891 20.0
vertex -8.285 -23.954 18.0
vertex -8.285 -23.954 20.0
endloop
endfacet
facet normal -0.09328081985072635 -0.9956398388212356 0.0
outer loop
vertex -8.285 -23.954 20.0
vertex -6.225 -24.147 18.0
vertex -6.225 -24.147 20.0
endloop
endfacet
facet normal -0.04560467581721227 0.9989595655198498 0.0
outer loop
vertex -11.048 -17.936 20.0
vertex -10.128 -17.894 20.0
vertex -11.048 -17.936 18.0
endloop
endfacet
facet normal 0.036181039081000614 0.9993452518579449 0.0
outer loop
vertex -10.128 -17.894 20.0
vertex -7.725 -17.981 20.0
vertex -10.128 -17.894 18.0
endloop
endfacet
facet normal 0.09788162037552796 0.9951980649060072 0.0
outer loop
vertex -7.725 -17.981 20.0
vertex -5.295 -18.22 20.0
vertex -7.725 -17.981 18.0
endloop
endfacet
facet normal -0.0 -0.0 1.0
outer loop
vertex -10.316 -23.891 20.0
vertex -8.285 -23.954 20.0
vertex -10.128 -17.894 20.0
endloop
endfacet
facet normal -0.0 0.0 1.0
outer loop
vertex -11.048 -17.936 20.0
vertex -10.316 -23.891 20.0
vertex -10.128 -17.894 20.0
endloop
endfacet
facet normal 0.0 -0.0 1.0
outer loop
vertex -8.285 -23.954 20.0
vertex -7.725 -17.981 20.0
vertex -10.128 -17.894 20.0
endloop
endfacet
facet normal -0.0 -0.0 1.0
outer loop
vertex -8.285 -23.954 20.0
vertex -6.225 -24.147 20.0
vertex -7.725 -17.981 20.0
endloop
endfacet
facet normal 0.0 -0.0 1.0
outer loop
vertex -6.225 -24.147 20.0
vertex -5.295 -18.22 20.0
vertex -7.725 -17.981 20.0
endloop
endfacet
facet normal -0.15535077422028312 -0.9878593710387925 0.0
outer loop
vertex -6.225 -24.147 20.0
vertex -4.152 -24.473 18.0
vertex -4.152 -24.473 20.0
endloop
endfacet
facet normal -0.21708003188916275 -0.976153809341068 -1.624568568411688e-05
outer loop
vertex -4.152 -24.473 20.0
vertex -3.945 -24.519 18.0
vertex -2.079 -24.934 20.0
endloop
endfacet
facet normal -0.2806264552490894 -0.9598170620562705 0.0
outer loop
vertex -2.079 -24.934 20.0
vertex -0.02 -25.536 18.0
vertex -0.02 -25.536 20.0
endloop
endfacet
facet normal -0.0 -0.0 1.0
outer loop
vertex -4.152 -24.473 20.0
vertex -2.079 -24.934 20.0
vertex -2.848 -18.616 20.0
endloop
endfacet
facet normal -0.0 -0.0 1.0
outer loop
vertex -2.079 -24.934 20.0
vertex -0.02 -25.536 20.0
vertex -0.397 -19.175 20.0
endloop
endfacet
facet normal 0.15975243780851697 0.9871571093874755 0.0
outer loop
vertex -5.295 -18.22 20.0
vertex -2.848 -18.616 20.0
vertex -5.295 -18.22 18.0
endloop
endfacet
facet normal 0.22236033676906428 0.9749645535258953 0.0
outer loop
vertex -2.848 -18.616 20.0
vertex -0.397 -19.175 20.0
vertex -2.848 -18.616 18.0
endloop
endfacet
facet normal -0.0 -0.0 1.0
outer loop
vertex -6.225 -24.147 20.0
vertex -4.152 -24.473 20.0
vertex -5.295 -18.22 20.0
endloop
endfacet
facet normal 0.0 -0.0 1.0
outer loop
vertex -4.152 -24.473 20.0
vertex -2.848 -18.616 20.0
vertex -5.295 -18.22 20.0
endloop
endfacet
facet normal 0.0 -0.0 1.0
outer loop
vertex -2.079 -24.934 20.0
vertex -0.397 -19.175 20.0
vertex -2.848 -18.616 20.0
endloop
endfacet
facet normal -0.09052289264890447 -0.9958943748744016 -0.0
outer loop
vertex -12.58 -10.543 20.0
vertex -12.58 -10.543 18.0
vertex -5.594 -11.178 18.0
endloop
endfacet
facet normal 0.09048775339701753 0.9958975682695287 0.0
outer loop
vertex -5.096 -6.223 20.0
vertex -5.096 -6.223 18.0
vertex -12.58 -5.543 18.0
endloop
endfacet
facet normal -0.30150510246267026 -0.9534645631532274 -0.0
outer loop
vertex -5.594 -11.178 20.0
vertex -5.594 -11.178 18.0
vertex 1.243 -13.34 18.0
endloop
endfacet
facet normal 0.1947362308704647 0.9808556470686016 0.0
outer loop
vertex -4.139 -6.413 20.0
vertex -4.139 -6.413 18.0
vertex -5.096 -6.223 18.0
endloop
endfacet
facet normal -0.09052289264890447 -0.9958943748744016 0.0
outer loop
vertex -12.58 -10.543 20.0
vertex -5.594 -11.178 18.0
vertex -5.594 -11.178 20.0
endloop
endfacet
facet normal -0.0 0.0 1.0
outer loop
vertex -12.58 -10.543 20.0
vertex -5.594 -11.178 20.0
vertex -5.096 -6.223 20.0
endloop
endfacet
facet normal 0.09048775339701753 0.9958975682695287 0.0
outer loop
vertex -12.58 -5.543 20.0
vertex -5.096 -6.223 20.0
vertex -12.58 -5.543 18.0
endloop
endfacet
facet normal 0.0 -0.0 1.0
outer loop
vertex -12.58 -10.543 20.0
vertex -5.096 -6.223 20.0
vertex -12.58 -5.543 20.0
endloop
endfacet
facet normal -0.30150510246267026 -0.9534645631532274 0.0
outer loop
vertex -5.594 -11.178 20.0
vertex 1.243 -13.34 18.0
vertex 1.243 -13.34 20.0
endloop
endfacet
facet normal 0.0 -0.0 1.0
outer loop
vertex -5.594 -11.178 20.0
vertex -4.139 -6.413 20.0
vertex -5.096 -6.223 20.0
endloop
endfacet
facet normal -0.0 -0.0 1.0
outer loop
vertex -5.594 -11.178 20.0
vertex 1.243 -13.34 20.0
vertex -4.139 -6.413 20.0
endloop
endfacet
facet normal 0.1947362308704647 0.9808556470686016 0.0
outer loop
vertex -5.096 -6.223 20.0
vertex -4.139 -6.413 20.0
vertex -5.096 -6.223 18.0
endloop
endfacet
facet normal 0.301525418215257 0.9534581386563934 0.0
outer loop
vertex -4.139 -6.413 20.0
vertex 3.156 -8.72 20.0
vertex -4.139 -6.413 18.0
endloop
endfacet
facet normal 0.0 -0.0 -1.0
outer loop
vertex -73.717 4.773 0.0
vertex -67.967 6.492 0.0
vertex -72.326 0.508 0.0
endloop
endfacet
facet normal 0.0 0.0 -1.0
outer loop
vertex -73.717 4.773 0.0
vertex -69.043 10.447 0.0
vertex -67.967 6.492 0.0
endloop
endfacet
facet normal 0.0 -0.0 -1.0
outer loop
vertex -75.795 13.228 0.0
vertex -69.903 14.368 0.0
vertex -74.872 9.016 0.0
endloop
endfacet
facet normal 0.0 0.0 -0.9999999999999999
outer loop
vertex -73.717 4.773 0.0
vertex -74.872 9.016 0.0
vertex -69.043 10.447 0.0
endloop
endfacet
facet normal 0.0 0.0 -0.9999999999999999
outer loop
vertex -74.872 9.016 0.0
vertex -69.903 14.368 0.0
vertex -69.043 10.447 0.0
endloop
endfacet
facet normal 0.0 0.0 -0.9999999999999999
outer loop
vertex -72.326 0.508 0.0
vertex -67.967 6.492 0.0
vertex -66.668 2.513 0.0
endloop
endfacet
facet normal 0.0 0.0 -1.0
outer loop
vertex -75.795 13.228 0.0
vertex -76.495 17.398 0.0
vertex -70.553 18.245 0.0
endloop
endfacet
facet normal 0.0 0.0 -0.9999999999999999
outer loop
vertex -76.495 17.398 0.0
vertex -76.978 21.515 0.0
vertex -71.002 22.067 0.0
endloop
endfacet
facet normal 0.0 0.0 -1.0
outer loop
vertex -76.495 17.398 0.0
vertex -71.002 22.067 0.0
vertex -70.553 18.245 0.0
endloop
endfacet
facet normal 0.0 0.0 -1.0
outer loop
vertex -75.795 13.228 0.0
vertex -70.553 18.245 0.0
vertex -69.903 14.368 0.0
endloop
endfacet
facet normal 0.0 0.0 -1.0
outer loop
vertex -76.978 21.515 0.0
vertex -77.252 25.57 0.0
vertex -71.256 25.826 0.0
endloop
endfacet
facet normal 0.0 0.0 -1.0
outer loop
vertex -76.978 21.515 0.0
vertex -71.256 25.826 0.0
vertex -71.002 22.067 0.0
endloop
endfacet
facet normal 0.0 0.0 -1.0
outer loop
vertex -77.252 25.57 0.0
vertex -77.323 29.551 0.0
vertex -71.321 29.509 0.0
endloop
endfacet
facet normal 0.0 0.0 -1.0
outer loop
vertex -77.252 25.57 0.0
vertex -71.321 29.509 0.0
vertex -71.256 25.826 0.0
endloop
endfacet
facet normal 0.0 0.0 -1.0
outer loop
vertex -77.323 29.551 0.0
vertex -77.199 33.448 0.0
vertex -71.206 33.106 0.0
endloop
endfacet
facet normal 0.0 -0.0 -1.0
outer loop
vertex -77.323 29.551 0.0
vertex -71.206 33.106 0.0
vertex -71.321 29.509 0.0
endloop
endfacet
facet normal 0.0 0.0 -1.0
outer loop
vertex -77.199 33.448 0.0
vertex -76.885 37.251 0.0
vertex -70.918 36.607 0.0
endloop
endfacet
facet normal 0.0 -0.0 -1.0
outer loop
vertex -77.199 33.448 0.0
vertex -70.918 36.607 0.0
vertex -71.206 33.106 0.0
endloop
endfacet
facet normal 0.0 0.0 -1.0
outer loop
vertex -76.885 37.251 0.0
vertex -76.39 40.95 0.0
vertex -70.464 40.0 0.0
endloop
endfacet
facet normal 0.0 -0.0 -1.0
outer loop
vertex -76.885 37.251 0.0
vertex -70.464 40.0 0.0
vertex -70.918 36.607 0.0
endloop
endfacet
facet normal 0.0 0.0 -1.0
outer loop
vertex -76.39 40.95 0.0
vertex -75.721 44.533 0.0
vertex -70.464 40.0 0.0
endloop
endfacet
facet normal 0.0 -0.0 -1.0
outer loop
vertex -75.721 44.533 0.0
vertex -69.727 44.25 0.0
vertex -70.464 40.0 0.0
endloop
endfacet
facet normal 0.0 0.0 -1.0
outer loop
vertex -75.721 44.533 0.0
vertex -75.506 49.076 0.0
vertex -69.727 44.25 0.0
endloop
endfacet
facet normal 0.0 0.0 -1.0
outer loop
vertex -75.506 49.076 0.0
vertex -75.087 62.645 0.0
vertex -69.727 44.25 0.0
endloop
endfacet
facet normal 0.0 0.0 -1.0
outer loop
vertex -69.727 44.25 0.0
vertex -75.087 62.645 0.0
vertex -68.857 67.865 0.0
endloop
endfacet
facet normal -0.9768212777038788 -0.21405651455856647 0.0
outer loop
vertex -75.795 13.228 0.0
vertex -74.872 9.016 0.0
vertex -75.795 13.228 16.0
endloop
endfacet
facet normal -0.9862014967596276 -0.16554941192607725 -0.0
outer loop
vertex -75.795 13.228 0.0
vertex -76.495 17.398 16.0
vertex -76.495 17.398 0.0
endloop
endfacet
facet normal -0.9931884261306562 -0.11651931256281195 -0.0
outer loop
vertex -76.495 17.398 0.0
vertex -76.978 21.515 16.0
vertex -76.978 21.515 0.0
endloop
endfacet
facet normal -0.9977248746415112 -0.06741716785493834 -0.0
outer loop
vertex -76.978 21.515 0.0
vertex -77.252 25.57 16.0
vertex -77.252 25.57 0.0
endloop
endfacet
facet normal -0.9998409994021199 -0.017831879165422886 -0.0
outer loop
vertex -77.252 25.57 0.0
vertex -77.323 29.551 20.0
vertex -77.323 29.551 0.0
endloop
endfacet
facet normal -0.9507141269128122 -0.3100687808993498 0.0
outer loop
vertex -73.717 4.773 0.0
vertex -72.326 0.508 0.0
vertex -73.717 4.773 16.0
endloop
endfacet
facet normal -0.964889659429764 -0.26265556366754145 -0.0
outer loop
vertex -73.717 4.773 0.0
vertex -74.872 9.016 16.0
vertex -74.872 9.016 0.0
endloop
endfacet
facet normal 0.9506241575679073 0.31034450381520595 0.0
outer loop
vertex -67.967 6.492 0.0
vertex -66.668 2.513 16.0
vertex -66.668 2.513 0.0
endloop
endfacet
facet normal 0.9649269120392943 0.262518674425863 0.0
outer loop
vertex -67.967 6.492 0.0
vertex -69.043 10.447 0.0
vertex -67.967 6.492 16.0
endloop
endfacet
facet normal 0.9767812294453156 0.21423918829966096 0.0
outer loop
vertex -69.043 10.447 0.0
vertex -69.903 14.368 0.0
vertex -69.043 10.447 16.0
endloop
endfacet
facet normal 0.9862353387769016 0.16534768382898568 0.0
outer loop
vertex -69.903 14.368 0.0
vertex -70.553 18.245 0.0
vertex -69.903 14.368 16.0
endloop
endfacet
facet normal 0.9931701018567033 0.1166753991977127 0.0
outer loop
vertex -70.553 18.245 0.0
vertex -71.002 22.067 0.0
vertex -70.553 18.245 16.0
endloop
endfacet
facet normal 0.9977248570302788 0.06741742848781475 0.0
outer loop
vertex -71.002 22.067 0.0
vertex -71.256 25.826 0.0
vertex -71.002 22.067 16.0
endloop
endfacet
facet normal 0.9998442988427532 0.017645908070805506 0.0
outer loop
vertex -71.256 25.826 0.0
vertex -71.321 29.509 0.0
vertex -71.256 25.826 16.0
endloop
endfacet
facet normal -0.9994941486269975 0.03180325235559221 0.0
outer loop
vertex -77.323 29.551 0.0
vertex -77.199 33.448 16.0
vertex -77.199 33.448 0.0
endloop
endfacet
facet normal -0.9966087246713283 0.08228638957317652 0.0
outer loop
vertex -77.199 33.448 0.0
vertex -76.885 37.251 16.0
vertex -76.885 37.251 0.0
endloop
endfacet
facet normal -0.9911646015662099 0.13263759874973716 0.0
outer loop
vertex -76.885 37.251 0.0
vertex -76.39 40.95 16.0
vertex -76.39 40.95 0.0
endloop
endfacet
facet normal -0.9830116696990189 0.18354306643277726 0.0
outer loop
vertex -76.39 40.95 0.0
vertex -75.721 44.533 16.0
vertex -75.721 44.533 0.0
endloop
endfacet
facet normal -0.9988820234898846 0.047272646940420125 0.0
outer loop
vertex -75.721 44.533 0.0
vertex -75.506 49.076 16.0
vertex -75.506 49.076 0.0
endloop
endfacet
facet normal 0.9994893162608399 -0.03195475990269431 0.0
outer loop
vertex -71.321 29.509 0.0
vertex -71.206 33.106 0.0
vertex -71.321 29.509 16.0
endloop
endfacet
facet normal 0.9966335405382628 -0.08198527839903358 0.0
outer loop
vertex -71.206 33.106 0.0
vertex -70.918 36.607 0.0
vertex -71.206 33.106 16.0
endloop
endfacet
facet normal 0.9911665637003018 -0.13262293543175496 0.0
outer loop
vertex -70.918 36.607 0.0
vertex -70.464 40.0 0.0
vertex -70.918 36.607 16.0
endloop
endfacet
facet normal 0.9852950133857562 -0.17086174702712875 0.0
outer loop
vertex -70.464 40.0 0.0
vertex -69.727 44.25 0.0
vertex -70.464 40.0 16.0
endloop
endfacet
facet normal -0.9995235778794621 0.030864498425196514 0.0
outer loop
vertex -75.506 49.076 0.0
vertex -75.087 62.645 16.0
vertex -75.087 62.645 0.0
endloop
endfacet
facet normal 0.999322060721106 -0.03681601494081588 0.0
outer loop
vertex -69.727 44.25 0.0
vertex -68.857 67.865 0.0
vertex -69.727 44.25 16.0
endloop
endfacet
facet normal 0.0 0.0 -1.0
outer loop
vertex -75.087 62.645 0.0
vertex -74.714 71.324 0.0
vertex -68.857 67.865 0.0
endloop
endfacet
facet normal 0.0 -0.0 -1.0
outer loop
vertex -74.714 71.324 0.0
vertex -68.588 72.862 0.0
vertex -68.857 67.865 0.0
endloop
endfacet
facet normal 0.0 0.0 -1.0
outer loop
vertex -74.714 71.324 0.0
vertex -74.416 75.459 0.0
vertex -68.588 72.862 0.0
endloop
endfacet
facet normal 0.0 0.0 -1.0
outer loop
vertex -68.857 67.865 0.0
vertex -68.588 72.862 0.0
vertex -65.045 67.817 0.0
endloop
endfacet
facet normal 0.0 0.0 -1.0
outer loop
vertex -68.588 72.862 0.0
vertex -65.045 72.817 0.0
vertex -65.045 67.817 0.0
endloop
endfacet
facet normal 0.0 0.0 -1.0
outer loop
vertex -74.416 75.459 0.0
vertex -74.006 79.415 0.0
vertex -68.051 78.67 0.0
endloop
endfacet
facet normal 0.0 0.0 -1.0
outer loop
vertex -68.588 72.862 0.0
vertex -74.416 75.459 0.0
vertex -68.051 78.67 0.0
endloop
endfacet
facet normal 0.0 0.0 -1.0
outer loop
vertex -74.006 79.415 0.0
vertex -73.457 83.163 0.0
vertex -68.051 78.67 0.0
endloop
endfacet
facet normal 0.0 0.0 -1.0
outer loop
vertex -73.457 83.163 0.0
vertex -72.739 86.669 0.0
vertex -67.545 82.125 0.0
endloop
endfacet
facet normal 0.0 0.0 -1.0
outer loop
vertex -72.739 86.669 0.0
vertex -71.826 89.902 0.0
vertex -66.905 85.25 0.0
endloop
endfacet
facet normal 0.0 -0.0 -1.0
outer loop
vertex -73.457 83.163 0.0
vertex -67.545 82.125 0.0
vertex -68.051 78.67 0.0
endloop
endfacet
facet normal 0.0 -0.0 -1.0
outer loop
vertex -72.739 86.669 0.0
vertex -66.905 85.25 0.0
vertex -67.545 82.125 0.0
endloop
endfacet
facet normal 0.0 -0.0 -1.0
outer loop
vertex -71.826 89.902 0.0
vertex -66.129 87.997 0.0
vertex -66.905 85.25 0.0
endloop
endfacet
facet normal 0.0 0.0 -1.0
outer loop
vertex -71.826 89.902 0.0
vertex -70.689 92.832 0.0
vertex -66.129 87.997 0.0
endloop
endfacet
facet normal 0.0 0.0 -0.9999999999999999
outer loop
vertex -70.689 92.832 0.0
vertex -69.913 95.807 0.0
vertex -64.136 94.181 0.0
endloop
endfacet
facet normal 0.0 0.0 -1.0
outer loop
vertex -69.913 95.807 0.0
vertex -68.205 101.463 0.0
vertex -64.136 94.181 0.0
endloop
endfacet
facet normal 0.0 0.0 -1.0
outer loop
vertex -66.129 87.997 0.0
vertex -70.689 92.832 0.0
vertex -64.884 91.316 0.0
endloop
endfacet
facet normal 0.0 -0.0 -1.0
outer loop
vertex -70.689 92.832 0.0
vertex -64.136 94.181 0.0
vertex -64.884 91.316 0.0
endloop
endfacet
facet normal 0.0 -0.0 -0.9999999999999999
outer loop
vertex -68.205 101.463 0.0
vertex -62.503 99.592 0.0
vertex -64.136 94.181 0.0
endloop
endfacet
facet normal 0.0 0.0 -1.0
outer loop
vertex -68.205 101.463 0.0
vertex -67.261 104.124 0.0
vertex -62.503 99.592 0.0
endloop
endfacet
facet normal 0.0 0.0 -0.9999999999999999
outer loop
vertex -67.261 104.124 0.0
vertex -66.246 106.659 0.0
vertex -60.728 104.3 0.0
endloop
endfacet
facet normal 0.0 0.0 -1.0
outer loop
vertex -65.045 67.817 0.0
vertex -65.045 72.817 0.0
vertex -58.204 71.976 0.0
endloop
endfacet
facet normal 0.0 -0.0 -1.0
outer loop
vertex -65.045 67.817 0.0
vertex -58.204 71.976 0.0
vertex -58.476 67.01 0.0
endloop
endfacet
facet normal 0.0 0.0 -1.0
outer loop
vertex -58.476 67.01 0.0
vertex -58.204 71.976 0.0
vertex -50.489 70.237 0.0
endloop
endfacet
facet normal 0.0 0.0 -1.0
outer loop
vertex -52.402 65.618 0.0
vertex -50.489 70.237 0.0
vertex -45.785 63.409 0.0
endloop
endfacet
facet normal 0.0 -0.0 -1.0
outer loop
vertex -58.476 67.01 0.0
vertex -50.489 70.237 0.0
vertex -52.402 65.618 0.0
endloop
endfacet
facet normal 0.0 -0.0 -1.0
outer loop
vertex -50.489 70.237 0.0
vertex -43.871 68.028 0.0
vertex -45.785 63.409 0.0
endloop
endfacet
facet normal 0.0 -0.0 -1.0
outer loop
vertex -67.261 104.124 0.0
vertex -60.728 104.3 0.0
vertex -62.503 99.592 0.0
endloop
endfacet
facet normal 0.0 0.0 -1.0
outer loop
vertex -66.246 106.659 0.0
vertex -65.155 109.057 0.0
vertex -60.728 104.3 0.0
endloop
endfacet
facet normal 0.0 0.0 -1.0
outer loop
vertex -65.155 109.057 0.0
vertex -63.98 111.309 0.0
vertex -59.761 106.425 0.0
endloop
endfacet
facet normal 0.0 -0.0 -1.0
outer loop
vertex -65.155 109.057 0.0
vertex -59.761 106.425 0.0
vertex -60.728 104.3 0.0
endloop
endfacet
facet normal 0.0 -0.0 -1.0
outer loop
vertex -63.98 111.309 0.0
vertex -58.748 108.366 0.0
vertex -59.761 106.425 0.0
endloop
endfacet
facet normal 0.0 0.0 -1.0
outer loop
vertex -63.98 111.309 0.0
vertex -62.714 113.404 0.0
vertex -58.748 108.366 0.0
endloop
endfacet
facet normal 0.0 -0.0 -1.0
outer loop
vertex -62.714 113.404 0.0
vertex -57.691 110.114 0.0
vertex -58.748 108.366 0.0
endloop
endfacet
facet normal 0.0 0.0 -1.0
outer loop
vertex -62.714 113.404 0.0
vertex -61.35 115.33 0.0
vertex -56.596 111.662 0.0
endloop
endfacet
facet normal 0.0 -0.0 -0.9999999999999999
outer loop
vertex -62.714 113.404 0.0
vertex -56.596 111.662 0.0
vertex -57.691 110.114 0.0
endloop
endfacet
facet normal 0.0 0.0 -1.0
outer loop
vertex -61.35 115.33 0.0
vertex -59.882 117.079 0.0
vertex -55.467 113.006 0.0
endloop
endfacet
facet normal 0.0 -0.0 -1.0
outer loop
vertex -61.35 115.33 0.0
vertex -55.467 113.006 0.0
vertex -56.596 111.662 0.0
endloop
endfacet
facet normal 0.0 -0.0 -1.0
outer loop
vertex -59.882 117.079 0.0
vertex -54.464 113.996 0.0
vertex -55.467 113.006 0.0
endloop
endfacet
facet normal 0.0 0.0 -1.0
outer loop
vertex -59.882 117.079 0.0
vertex -58.301 118.639 0.0
vertex -54.464 113.996 0.0
endloop
endfacet
facet normal 0.0 0.0 -1.0
outer loop
vertex -58.301 118.639 0.0
vertex -56.602 120.0 0.0
vertex -54.464 113.996 0.0
endloop
endfacet
facet normal -0.9990777531559819 0.04293766585173247 0.0
outer loop
vertex -75.087 62.645 0.0
vertex -74.714 71.324 16.0
vertex -74.714 71.324 0.0
endloop
endfacet
facet normal -0.9974131943311114 0.07188128945844562 0.0
outer loop
vertex -74.714 71.324 0.0
vertex -74.416 75.459 16.0
vertex -74.416 75.459 0.0
endloop
endfacet
facet normal -0.012590817198566733 -0.9999207325194694 0.0
outer loop
vertex -68.857 67.865 0.0
vertex -65.045 67.817 0.0
vertex -68.857 67.865 16.0
endloop
endfacet
facet normal 0.995752907190255 -0.09206599710075039 0.0
outer loop
vertex -68.588 72.862 0.0
vertex -68.051 78.67 0.0
vertex -68.588 72.862 16.0
endloop
endfacet
facet normal 0.012700076428161528 0.9999193507772108 0.0
outer loop
vertex -68.588 72.862 0.0
vertex -65.045 72.817 16.0
vertex -65.045 72.817 0.0
endloop
endfacet
facet normal -0.9946722528254718 0.10308787251224462 0.0
outer loop
vertex -74.416 75.459 0.0
vertex -74.006 79.415 16.0
vertex -74.006 79.415 0.0
endloop
endfacet
facet normal -0.989441682508697 0.14493155915082245 -8.744732052454091e-06
outer loop
vertex -74.006 79.415 0.0
vertex -73.567 82.413 16.0
vertex -73.457 83.163 0.0
endloop
endfacet
facet normal -0.9796675257786106 0.2006278618109047 0.0
outer loop
vertex -73.457 83.163 0.0
vertex -72.739 86.669 16.0
vertex -72.739 86.669 0.0
endloop
endfacet
facet normal -0.9623618842397512 0.27177123424401556 0.0
outer loop
vertex -72.739 86.669 0.0
vertex -71.826 89.902 16.0
vertex -71.826 89.902 0.0
endloop
endfacet
facet normal 0.9894450461220057 -0.14490859430904063 0.0
outer loop
vertex -68.051 78.67 0.0
vertex -67.545 82.125 0.0
vertex -68.051 78.67 16.0
endloop
endfacet
facet normal 0.979665944032033 -0.20063558533776052 0.0
outer loop
vertex -67.545 82.125 0.0
vertex -66.905 85.25 0.0
vertex -67.545 82.125 16.0
endloop
endfacet
facet normal 0.9623392936286431 -0.2718512165474421 0.0
outer loop
vertex -66.905 85.25 0.0
vertex -66.129 87.997 0.0
vertex -66.905 85.25 16.0
endloop
endfacet
facet normal 0.9362943933567395 -0.351216185516464 0.0
outer loop
vertex -66.129 87.997 0.0
vertex -64.884 91.316 0.0
vertex -66.129 87.997 16.0
endloop
endfacet
facet normal -0.9322671596897133 0.3617705667464871 0.0
outer loop
vertex -71.826 89.902 0.0
vertex -70.689 92.832 16.0
vertex -70.689 92.832 0.0
endloop
endfacet
facet normal -0.967624180037865 0.25239541637289997 0.0
outer loop
vertex -70.689 92.832 0.0
vertex -69.913 95.807 16.0
vertex -69.913 95.807 0.0
endloop
endfacet
facet normal 0.9675670435946799 -0.25261436251616975 0.0
outer loop
vertex -64.884 91.316 0.0
vertex -64.136 94.181 0.0
vertex -64.884 91.316 16.0
endloop
endfacet
facet normal -0.9573029679716691 0.28908653983302895 0.0
outer loop
vertex -69.913 95.807 0.0
vertex -68.205 101.463 16.0
vertex -68.205 101.463 0.0
endloop
endfacet
facet normal -0.942452947314909 0.33433881332780013 0.0
outer loop
vertex -68.205 101.463 0.0
vertex -67.261 104.124 16.0
vertex -67.261 104.124 0.0
endloop
endfacet
facet normal -0.9283503568133863 0.3717063558838594 0.0
outer loop
vertex -67.261 104.124 0.0
vertex -66.246 106.659 16.0
vertex -66.246 106.659 0.0
endloop
endfacet
facet normal -0.9102234321226608 0.41411749976889867 0.0
outer loop
vertex -66.246 106.659 0.0
vertex -65.155 109.057 16.0
vertex -65.155 109.057 0.0
endloop
endfacet
facet normal -0.12193308370436383 -0.9925383232391304 0.0
outer loop
vertex -65.045 67.817 0.0
vertex -58.476 67.01 0.0
vertex -65.045 67.817 16.0
endloop
endfacet
facet normal 0.12201667741811999 0.9925280501990071 0.0
outer loop
vertex -65.045 72.817 0.0
vertex -58.204 71.976 16.0
vertex -58.204 71.976 0.0
endloop
endfacet
facet normal -0.22338250918662822 -0.974730862643369 0.0
outer loop
vertex -58.476 67.01 0.0
vertex -52.402 65.618 0.0
vertex -58.476 67.01 16.0
endloop
endfacet
facet normal -0.3166577803079154 -0.9485398516511913 0.0
outer loop
vertex -52.402 65.618 0.0
vertex -45.785 63.409 0.0
vertex -52.402 65.618 16.0
endloop
endfacet
facet normal 0.21988828007319808 0.9755250608192753 0.0
outer loop
vertex -58.204 71.976 0.0
vertex -50.489 70.237 16.0
vertex -50.489 70.237 0.0
endloop
endfacet
facet normal -0.4025617268892399 -0.9153928424692609 0.0
outer loop
vertex -45.785 63.409 0.0
vertex -39.368 60.587 0.0
vertex -45.785 63.409 16.0
endloop
endfacet
facet normal 0.31661472918992634 0.9485542226251432 0.0
outer loop
vertex -50.489 70.237 0.0
vertex -43.871 68.028 16.0
vertex -43.871 68.028 0.0
endloop
endfacet
facet normal 0.9573526444221341 -0.28892198638723715 0.0
outer loop
vertex -64.136 94.181 0.0
vertex -62.503 99.592 0.0
vertex -64.136 94.181 16.0
endloop
endfacet
facet normal 0.9357069662525824 -0.3527782211338855 0.0
outer loop
vertex -62.503 99.592 0.0
vertex -60.728 104.3 0.0
vertex -62.503 99.592 16.0
endloop
endfacet
facet normal -0.8865778264262615 0.4625794609462093 0.0
outer loop
vertex -65.155 109.057 0.0
vertex -63.98 111.309 16.0
vertex -63.98 111.309 0.0
endloop
endfacet
facet normal 0.9101903711741244 -0.4141901594942951 0.0
outer loop
vertex -60.728 104.3 0.0
vertex -59.761 106.425 0.0
vertex -60.728 104.3 16.0
endloop
endfacet
facet normal 0.8865278320552271 -0.4626752673219725 0.0
outer loop
vertex -59.761 106.425 0.0
vertex -58.748 108.366 0.0
vertex -59.761 106.425 16.0
endloop
endfacet
facet normal -0.8558665666835132 0.5171966937571966 0.0
outer loop
vertex -63.98 111.309 0.0
vertex -62.714 113.404 16.0
vertex -62.714 113.404 0.0
endloop
endfacet
facet normal -0.8160744420942697 0.5779468011508726 0.0
outer loop
vertex -62.714 113.404 0.0
vertex -61.35 115.33 16.0
vertex -61.35 115.33 0.0
endloop
endfacet
facet normal -0.7659549989264471 0.6428941900651974 0.0
outer loop
vertex -61.35 115.33 0.0
vertex -59.882 117.079 16.0
vertex -59.882 117.079 0.0
endloop
endfacet
facet normal 0.8557168607747223 -0.5174443488780749 0.0
outer loop
vertex -58.748 108.366 0.0
vertex -57.691 110.114 0.0
vertex -58.748 108.366 16.0
endloop
endfacet
facet normal 0.8163974460794067 -0.5774904415096602 0.0
outer loop
vertex -57.691 110.114 0.0
vertex -56.596 111.662 0.0
vertex -57.691 110.114 16.0
endloop
endfacet
facet normal 0.765693641443071 -0.6432054473134146 0.0
outer loop
vertex -56.596 111.662 0.0
vertex -55.467 113.006 0.0
vertex -56.596 111.662 16.0
endloop
endfacet
facet normal -0.7023635312100034 0.711818424899366 0.0
outer loop
vertex -59.882 117.079 0.0
vertex -58.301 118.639 16.0
vertex -58.301 118.639 0.0
endloop
endfacet
facet normal -0.6251991011277527 0.7804652996444172 0.0
outer loop
vertex -58.301 118.639 0.0
vertex -56.602 120.0 16.0
vertex -56.602 120.0 0.0
endloop
endfacet
facet normal 0.7024794997808755 -0.7117039780608302 0.0
outer loop
vertex -55.467 113.006 0.0
vertex -54.464 113.996 0.0
vertex -55.467 113.006 16.0
endloop
endfacet
facet normal 0.0 0.0 -1.0
outer loop
vertex -43.346 0.807 0.0
vertex -36.551 5.255 0.0
vertex -33.128 1.635 0.0
endloop
endfacet
facet normal 0.0 -0.0 -1.0
outer loop
vertex -36.551 5.255 0.0
vertex -29.394 10.642 0.0
vertex -33.128 1.635 0.0
endloop
endfacet
facet normal 0.0 0.0 -1.0
outer loop
vertex -33.128 1.635 0.0
vertex -29.394 10.642 0.0
vertex -25.858 7.107 0.0
endloop
endfacet
facet normal 0.0 -0.0 -1.0
outer loop
vertex -29.394 10.642 0.0
vertex -15.102 22.151 0.0
vertex -25.858 7.107 0.0
endloop
endfacet
facet normal 0.0 0.0 -1.0
outer loop
vertex -34.019 52.735 0.0
vertex -34.673 56.863 0.0
vertex -28.746 57.801 0.0
endloop
endfacet
facet normal 0.0 0.0 -1.0
outer loop
vertex -34.673 56.863 0.0
vertex -34.743 58.042 0.0
vertex -28.746 57.801 0.0
endloop
endfacet
facet normal 0.0 0.0 -1.0
outer loop
vertex -34.743 58.042 0.0
vertex -34.116 63.369 0.0
vertex -28.746 57.801 0.0
endloop
endfacet
facet normal 0.0 -0.0 -1.0
outer loop
vertex -29.896 43.969 0.0
vertex -25.146 47.635 0.0
vertex -28.209 42.244 0.0
endloop
endfacet
facet normal 0.0 -0.0 -1.0
outer loop
vertex -28.209 42.244 0.0
vertex -24.026 46.545 0.0
vertex -27.556 41.694 0.0
endloop
endfacet
facet normal 0.0 -0.0 -1.0
outer loop
vertex -27.556 41.694 0.0
vertex -22.758 45.623 0.0
vertex -25.588 40.332 0.0
endloop
endfacet
facet normal 0.0 0.0 -1.0
outer loop
vertex -27.556 41.694 0.0
vertex -24.026 46.545 0.0
vertex -22.758 45.623 0.0
endloop
endfacet
facet normal 0.0 -0.0 -1.0
outer loop
vertex -25.588 40.332 0.0
vertex -21.347 44.868 0.0
vertex -23.471 39.257 0.0
endloop
endfacet
facet normal 0.0 0.0 -1.0
outer loop
vertex -25.588 40.332 0.0
vertex -22.758 45.623 0.0
vertex -21.347 44.868 0.0
endloop
endfacet
facet normal 0.0 0.0 -1.0
outer loop
vertex -23.471 39.257 0.0
vertex -21.347 44.868 0.0
vertex -19.796 44.281 0.0
endloop
endfacet
facet normal 0.0 -0.0 -1.0
outer loop
vertex -32.478 48.023 0.0
vertex -26.934 50.319 0.0
vertex -31.323 45.91 0.0
endloop
endfacet
facet normal 0.0 0.0 -1.0
outer loop
vertex -32.478 48.023 0.0
vertex -33.367 50.276 0.0
vertex -27.594 51.912 0.0
endloop
endfacet
facet normal 0.0 0.0 -1.0
outer loop
vertex -33.367 50.276 0.0
vertex -34.019 52.735 0.0
vertex -28.093 53.673 0.0
endloop
endfacet
facet normal 0.0 0.0 -1.0
outer loop
vertex -33.367 50.276 0.0
vertex -28.093 53.673 0.0
vertex -27.594 51.912 0.0
endloop
endfacet
facet normal 0.0 0.0 -0.9999999999999999
outer loop
vertex -29.896 43.969 0.0
vertex -31.323 45.91 0.0
vertex -26.117 48.893 0.0
endloop
endfacet
facet normal 0.0 0.0 -1.0
outer loop
vertex -29.896 43.969 0.0
vertex -26.117 48.893 0.0
vertex -25.146 47.635 0.0
endloop
endfacet
facet normal 0.0 0.0 -1.0
outer loop
vertex -31.323 45.91 0.0
vertex -26.934 50.319 0.0
vertex -26.117 48.893 0.0
endloop
endfacet
facet normal 0.0 0.0 -1.0
outer loop
vertex -32.478 48.023 0.0
vertex -27.594 51.912 0.0
vertex -26.934 50.319 0.0
endloop
endfacet
facet normal 0.0 0.0 -1.0
outer loop
vertex -34.019 52.735 0.0
vertex -28.746 57.801 0.0
vertex -28.093 53.673 0.0
endloop
endfacet
facet normal 0.0 0.0 -1.0
outer loop
vertex -28.209 42.244 0.0
vertex -25.146 47.635 0.0
vertex -24.026 46.545 0.0
endloop
endfacet
facet normal 0.0 0.0 -1.0
outer loop
vertex -25.858 7.107 0.0
vertex -15.102 22.151 0.0
vertex -11.737 18.478 0.0
endloop
endfacet
facet normal 0.0 -0.0 -1.0
outer loop
vertex -15.102 22.151 0.0
vertex -6.532 27.592 0.0
vertex -11.737 18.478 0.0
endloop
endfacet
facet normal 0.0 0.0 -0.9999999999999999
outer loop
vertex -11.737 18.478 0.0
vertex -6.532 27.592 0.0
vertex -4.619 22.973 0.0
endloop
endfacet
facet normal 0.0 -0.0 -1.0
outer loop
vertex -6.532 27.592 0.0
vertex 2.312 30.947 0.0
vertex -4.619 22.973 0.0
endloop
endfacet
facet normal 0.0 -0.0 -1.0
outer loop
vertex -23.471 39.257 0.0
vertex -19.796 44.281 0.0
vertex -21.243 38.458 0.0
endloop
endfacet
facet normal 0.0 -0.0 -0.9999999999999999
outer loop
vertex -21.243 38.458 0.0
vertex -18.109 43.862 0.0
vertex -18.931 37.918 0.0
endloop
endfacet
facet normal 0.0 0.0 -1.0
outer loop
vertex -21.243 38.458 0.0
vertex -19.796 44.281 0.0
vertex -18.109 43.862 0.0
endloop
endfacet
facet normal 0.0 -0.0 -0.9999999999999999
outer loop
vertex -18.931 37.918 0.0
vertex -16.29 43.61 0.0
vertex -16.547 37.616 0.0
endloop
endfacet
facet normal 0.0 0.0 -0.9999999999999999
outer loop
vertex -18.931 37.918 0.0
vertex -18.109 43.862 0.0
vertex -16.29 43.61 0.0
endloop
endfacet
facet normal 0.0 -0.0 -0.9999999999999999
outer loop
vertex -16.547 37.616 0.0
vertex -14.341 43.526 0.0
vertex -14.583 37.531 0.0
endloop
endfacet
facet normal 0.0 0.0 -1.0
outer loop
vertex -14.583 37.531 0.0
vertex -14.341 43.526 0.0
vertex -13.539 37.58 0.0
endloop
endfacet
facet normal 0.0 0.0 -1.0
outer loop
vertex -16.547 37.616 0.0
vertex -16.29 43.61 0.0
vertex -14.341 43.526 0.0
endloop
endfacet
facet normal 0.0 0.0 -1.0
outer loop
vertex -13.539 37.58 0.0
vertex -14.341 43.526 0.0
vertex -10.379 38.006 0.0
endloop
endfacet
facet normal 0.0 0.0 -1.0
outer loop
vertex -14.341 43.526 0.0
vertex -11.072 43.967 0.0
vertex -10.379 38.006 0.0
endloop
endfacet
facet normal 0.0 0.0 -1.0
outer loop
vertex -10.379 38.006 0.0
vertex -7.814 44.286 0.0
vertex -7.337 38.304 0.0
endloop
endfacet
facet normal 0.0 -0.0 -1.0
outer loop
vertex -11.072 43.967 0.0
vertex -7.814 44.286 0.0
vertex -10.379 38.006 0.0
endloop
endfacet
facet normal 0.0 0.0 -1.0
outer loop
vertex -7.337 38.304 0.0
vertex -4.577 44.486 0.0
vertex -4.313 38.49 0.0
endloop
endfacet
facet normal 0.0 0.0 -1.0
outer loop
vertex -7.337 38.304 0.0
vertex -7.814 44.286 0.0
vertex -4.577 44.486 0.0
endloop
endfacet
facet normal 0.0 0.0 -1.0
outer loop
vertex -4.313 38.49 0.0
vertex -4.577 44.486 0.0
vertex -1.371 44.57 0.0
endloop
endfacet
facet normal 0.0 0.0 -1.0
outer loop
vertex -4.313 38.49 0.0
vertex -1.371 44.57 0.0
vertex -1.318 38.569 0.0
endloop
endfacet
facet normal 0.0 0.0 -1.0
outer loop
vertex -1.318 38.569 0.0
vertex -1.371 44.57 0.0
vertex 1.792 44.543 0.0
endloop
endfacet
facet normal -0.5476905200743971 0.8366809990794798 0.0
outer loop
vertex -43.346 0.807 0.0
vertex -36.551 5.255 16.0
vertex -36.551 5.255 0.0
endloop
endfacet
facet normal 0.6013706653457485 -0.7989701639370597 0.0
outer loop
vertex -33.128 1.635 0.0
vertex -25.858 7.107 0.0
vertex -33.128 1.635 16.0
endloop
endfacet
facet normal -0.6013744489982198 0.7989673160349474 0.0
outer loop
vertex -36.551 5.255 0.0
vertex -29.394 10.642 16.0
vertex -29.394 10.642 0.0
endloop
endfacet
facet normal -0.4821005344719721 -0.8761159025276501 -0.0
outer loop
vertex -34.743 58.042 0.0
vertex -39.368 60.587 16.0
vertex -39.368 60.587 0.0
endloop
endfacet
facet normal -0.9665993264882141 -0.2562922980359161 -0.0
outer loop
vertex -33.367 50.276 0.0
vertex -34.019 52.735 16.0
vertex -34.019 52.735 0.0
endloop
endfacet
facet normal -0.9302034519408375 -0.36704432701970735 -0.0
outer loop
vertex -32.478 48.023 0.0
vertex -33.367 50.276 16.0
vertex -33.367 50.276 0.0
endloop
endfacet
facet normal -0.9876813514784631 -0.15647858620807129 -0.0
outer loop
vertex -34.019 52.735 0.0
vertex -34.673 56.863 16.0
vertex -34.673 56.863 0.0
endloop
endfacet
facet normal -0.9982421082240553 -0.05926797928387111 -0.0
outer loop
vertex -34.673 56.863 0.0
vertex -34.743 58.042 16.0
vertex -34.743 58.042 0.0
endloop
endfacet
facet normal -0.7149376068665149 -0.6991882566862669 0.0
outer loop
vertex -29.896 43.969 0.0
vertex -28.209 42.244 0.0
vertex -29.896 43.969 16.0
endloop
endfacet
facet normal -0.6442078805327179 -0.7648504472506658 0.0
outer loop
vertex -28.209 42.244 0.0
vertex -27.556 41.694 0.0
vertex -28.209 42.244 16.0
endloop
endfacet
facet normal -0.5690796098265726 -0.8222824318198922 0.0
outer loop
vertex -27.556 41.694 0.0
vertex -25.588 40.332 0.0
vertex -27.556 41.694 16.0
endloop
endfacet
facet normal -0.45276448294807053 -0.8916301492102913 0.0
outer loop
vertex -25.588 40.332 0.0
vertex -23.471 39.257 0.0
vertex -25.588 40.332 16.0
endloop
endfacet
facet normal -0.33756724867609716 -0.9413014143308454 0.0
outer loop
vertex -23.471 39.257 0.0
vertex -21.243 38.458 0.0
vertex -23.471 39.257 16.0
endloop
endfacet
facet normal -0.8774667256794474 -0.4796375145100613 0.0
outer loop
vertex -32.478 48.023 0.0
vertex -31.323 45.91 0.0
vertex -32.478 48.023 16.0
endloop
endfacet
facet normal -0.8056917973428829 -0.5923349792933006 -0.0
outer loop
vertex -29.896 43.969 0.0
vertex -31.323 45.91 16.0
vertex -31.323 45.91 0.0
endloop
endfacet
facet normal 0.9621195612185477 0.27262785976607234 0.0
outer loop
vertex -27.594 51.912 0.0
vertex -28.093 53.673 0.0
vertex -27.594 51.912 16.0
endloop
endfacet
facet normal 0.9238471747411652 0.3827615413240242 1.435355779956063e-05
outer loop
vertex -26.934 50.319 0.0
vertex -27.594 51.912 0.0
vertex -27.066 50.637 16.0
endloop
endfacet
facet normal 0.9877183037506554 0.1562451677202463 0.0
outer loop
vertex -28.093 53.673 0.0
vertex -28.746 57.801 0.0
vertex -28.093 53.673 16.0
endloop
endfacet
facet normal 0.9998647433065152 -0.016446735013265813 0.0
outer loop
vertex -28.746 57.801 0.0
vertex -28.712 59.868 0.0
vertex -28.746 57.801 16.0
endloop
endfacet
facet normal 0.7916170200417392 0.6110175886013729 0.0
outer loop
vertex -25.146 47.635 0.0
vertex -26.117 48.893 0.0
vertex -25.146 47.635 16.0
endloop
endfacet
facet normal 0.697443790084571 0.7166394907291035 0.0
outer loop
vertex -25.146 47.635 0.0
vertex -24.026 46.545 16.0
vertex -24.026 46.545 0.0
endloop
endfacet
facet normal 0.8676809193942604 0.49712153656739827 0.0
outer loop
vertex -26.934 50.319 0.0
vertex -26.117 48.893 16.0
vertex -26.117 48.893 0.0
endloop
endfacet
facet normal 0.5880958428951414 0.8087912459772628 0.0
outer loop
vertex -24.026 46.545 0.0
vertex -22.758 45.623 16.0
vertex -22.758 45.623 0.0
endloop
endfacet
facet normal 0.4717878378768039 0.88171210495917 0.0
outer loop
vertex -22.758 45.623 0.0
vertex -21.347 44.868 16.0
vertex -21.347 44.868 0.0
endloop
endfacet
facet normal 0.6271873639383649 -0.7788684166892665 0.0
outer loop
vertex -25.858 7.107 0.0
vertex -11.737 18.478 0.0
vertex -25.858 7.107 16.0
endloop
endfacet
facet normal -0.6271973301649669 0.7788603912344866 0.0
outer loop
vertex -29.394 10.642 0.0
vertex -15.102 22.151 16.0
vertex -15.102 22.151 0.0
endloop
endfacet
facet normal 0.5339438294767668 -0.8455199506597615 0.0
outer loop
vertex -11.737 18.478 0.0
vertex -4.619 22.973 0.0
vertex -11.737 18.478 16.0
endloop
endfacet
facet normal -0.5359891917506168 0.8442248434667867 0.0
outer loop
vertex -15.102 22.151 0.0
vertex -6.532 27.592 16.0
vertex -6.532 27.592 0.0
endloop
endfacet
facet normal 0.35461883594316834 -0.9350109524461797 0.0
outer loop
vertex -4.619 22.973 0.0
vertex 4.14 26.295 0.0
vertex -4.619 22.973 16.0
endloop
endfacet
facet normal -0.3546892905817502 0.9349842282876298 0.0
outer loop
vertex -6.532 27.592 0.0
vertex 2.312 30.947 16.0
vertex 2.312 30.947 0.0
endloop
endfacet
facet normal -0.22744264625060334 -0.9737914780211023 0.0
outer loop
vertex -21.243 38.458 0.0
vertex -18.931 37.918 0.0
vertex -21.243 38.458 16.0
endloop
endfacet
facet normal 0.35396337801714434 0.9352592833127571 0.0
outer loop
vertex -21.347 44.868 0.0
vertex -19.796 44.281 16.0
vertex -19.796 44.281 0.0
endloop
endfacet
facet normal -0.12567350669935187 -0.9920716555339578 0.0
outer loop
vertex -18.931 37.918 0.0
vertex -16.547 37.616 0.0
vertex -18.931 37.918 16.0
endloop
endfacet
facet normal 0.24104635445094738 0.9705136037201686 0.0
outer loop
vertex -19.796 44.281 0.0
vertex -18.109 43.862 16.0
vertex -18.109 43.862 0.0
endloop
endfacet
facet normal 0.1372270390954792 0.990539619502677 -4.400658768622208e-05
outer loop
vertex -18.109 43.862 0.0
vertex -16.653 43.661 16.0
vertex -16.29 43.61 0.0
endloop
endfacet
facet normal -0.043238546853612454 -0.9990647767116944 0.0
outer loop
vertex -16.547 37.616 0.0
vertex -14.583 37.531 0.0
vertex -16.547 37.616 16.0
endloop
endfacet
facet normal 0.04688325517686747 -0.9989003756051055 0.0
outer loop
vertex -14.583 37.531 0.0
vertex -13.539 37.58 0.0
vertex -14.583 37.531 16.0
endloop
endfacet
facet normal 0.04305905204158659 0.9990725289173354 0.0
outer loop
vertex -16.29 43.61 0.0
vertex -14.341 43.526 16.0
vertex -14.341 43.526 0.0
endloop
endfacet
facet normal 0.13360157073800905 -0.9910351256622224 0.0
outer loop
vertex -13.539 37.58 0.0
vertex -10.379 38.006 0.0
vertex -13.539 37.58 16.0
endloop
endfacet
facet normal -0.1336925901862451 0.9910228510631289 0.0
outer loop
vertex -14.341 43.526 0.0
vertex -11.072 43.967 16.0
vertex -11.072 43.967 0.0
endloop
endfacet
facet normal 0.09749517660352978 -0.9952359974091806 0.0
outer loop
vertex -10.379 38.006 0.0
vertex -7.337 38.304 0.0
vertex -10.379 38.006 16.0
endloop
endfacet
facet normal -0.09744683653001637 0.9952407317078077 0.0
outer loop
vertex -11.072 43.967 0.0
vertex -7.814 44.286 16.0
vertex -7.814 44.286 0.0
endloop
endfacet
facet normal 0.061391916382039585 -0.9981137373079987 0.0
outer loop
vertex -7.337 38.304 0.0
vertex -4.313 38.49 0.0
vertex -7.337 38.304 16.0
endloop
endfacet
facet normal -0.06166800847220631 0.9980967171226804 0.0
outer loop
vertex -7.814 44.286 0.0
vertex -4.577 44.486 16.0
vertex -4.577 44.486 0.0
endloop
endfacet
facet normal 0.02636812412181936 -0.9996523005677006 0.0
outer loop
vertex -4.313 38.49 0.0
vertex -1.318 38.569 0.0
vertex -4.313 38.49 16.0
endloop
endfacet
facet normal -0.008462797815551894 -0.9999641898853844 0.0
outer loop
vertex -1.318 38.569 0.0
vertex 1.636 38.544 0.0
vertex -1.318 38.569 16.0
endloop
endfacet
facet normal -0.0261918847268132 0.9996569337399992 0.0
outer loop
vertex -4.577 44.486 0.0
vertex -1.371 44.57 16.0
vertex -1.371 44.57 0.0
endloop
endfacet
facet normal 0.0 -0.0 -1.0
outer loop
vertex -45.785 63.409 0.0
vertex -37.455 65.206 0.0
vertex -39.368 60.587 0.0
endloop
endfacet
facet normal 0.0 0.0 -1.0
outer loop
vertex -45.785 63.409 0.0
vertex -43.871 68.028 0.0
vertex -37.455 65.206 0.0
endloop
endfacet
facet normal 0.0 0.0 -1.0
outer loop
vertex -39.368 60.587 0.0
vertex -37.455 65.206 0.0
vertex -34.116 63.369 0.0
endloop
endfacet
facet normal 0.0 0.0 -1.0
outer loop
vertex -34.743 58.042 0.0
vertex -39.368 60.587 0.0
vertex -34.116 63.369 0.0
endloop
endfacet
facet normal 0.0 0.0 -1.0
outer loop
vertex -34.116 63.369 0.0
vertex -33.301 65.68 0.0
vertex -28.349 61.796 0.0
endloop
endfacet
facet normal 0.0 0.0 -1.0
outer loop
vertex -28.746 57.801 0.0
vertex -34.116 63.369 0.0
vertex -28.712 59.868 0.0
endloop
endfacet
facet normal 0.0 0.0 -1.0
outer loop
vertex -28.712 59.868 0.0
vertex -34.116 63.369 0.0
vertex -28.349 61.796 0.0
endloop
endfacet
facet normal 0.0 -0.0 -1.0
outer loop
vertex -33.301 65.68 0.0
vertex -27.682 63.577 0.0
vertex -28.349 61.796 0.0
endloop
endfacet
facet normal 0.0 0.0 -1.0
outer loop
vertex -33.301 65.68 0.0
vertex -32.869 66.593 0.0
vertex -27.682 63.577 0.0
endloop
endfacet
facet normal 0.0 0.0 -1.0
outer loop
vertex -32.869 66.593 0.0
vertex -31.923 68.22 0.0
vertex -26.736 65.204 0.0
endloop
endfacet
facet normal 0.0 0.0 -0.9999999999999999
outer loop
vertex -31.923 68.22 0.0
vertex -31.377 69.006 0.0
vertex -26.736 65.204 0.0
endloop
endfacet
facet normal 0.0 -0.0 -1.0
outer loop
vertex -32.869 66.593 0.0
vertex -26.736 65.204 0.0
vertex -27.682 63.577 0.0
endloop
endfacet
facet normal 0.0 -0.0 -1.0
outer loop
vertex -31.377 69.006 0.0
vertex -25.535 66.67 0.0
vertex -26.736 65.204 0.0
endloop
endfacet
facet normal 0.0 0.0 -1.0
outer loop
vertex -31.377 69.006 0.0
vertex -29.565 71.114 0.0
vertex -25.535 66.67 0.0
endloop
endfacet
facet normal 0.0 0.0 -1.0
outer loop
vertex -29.565 71.114 0.0
vertex -27.497 72.916 0.0
vertex -24.103 67.968 0.0
endloop
endfacet
facet normal 0.0 -0.0 -0.9999999999999999
outer loop
vertex -29.565 71.114 0.0
vertex -24.103 67.968 0.0
vertex -25.535 66.67 0.0
endloop
endfacet
facet normal 0.0 -0.0 -1.0
outer loop
vertex -27.497 72.916 0.0
vertex -22.465 69.092 0.0
vertex -24.103 67.968 0.0
endloop
endfacet
facet normal 0.0 0.0 -1.0
outer loop
vertex -27.497 72.916 0.0
vertex -25.224 74.42 0.0
vertex -22.465 69.092 0.0
endloop
endfacet
facet normal 0.0 -0.0 -1.0
outer loop
vertex -25.224 74.42 0.0
vertex -20.645 70.034 0.0
vertex -22.465 69.092 0.0
endloop
endfacet
facet normal 0.0 0.0 -1.0
outer loop
vertex -25.224 74.42 0.0
vertex -22.782 75.641 0.0
vertex -20.645 70.034 0.0
endloop
endfacet
facet normal 0.0 -0.0 -1.0
outer loop
vertex -56.602 120.0 0.0
vertex -11.285 119.925 0.0
vertex -54.464 113.996 0.0
endloop
endfacet
facet normal 0.0 -0.0 -1.0
outer loop
vertex -54.464 113.996 0.0
vertex -11.285 119.925 0.0
vertex -11.317 113.926 0.0
endloop
endfacet
facet normal 0.0 -0.0 -0.9999999999999999
outer loop
vertex -22.782 75.641 0.0
vertex -18.668 70.788 0.0
vertex -20.645 70.034 0.0
endloop
endfacet
facet normal 0.0 0.0 -1.0
outer loop
vertex -22.782 75.641 0.0
vertex -20.202 76.589 0.0
vertex -18.668 70.788 0.0
endloop
endfacet
facet normal 0.0 0.0 -1.0
outer loop
vertex -18.668 70.788 0.0
vertex -20.202 76.589 0.0
vertex -16.559 71.346 0.0
endloop
endfacet
facet normal 0.0 0.0 -1.0
outer loop
vertex -16.559 71.346 0.0
vertex -17.507 77.27 0.0
vertex -14.341 71.701 0.0
endloop
endfacet
facet normal 0.0 0.0 -1.0
outer loop
vertex -14.341 71.701 0.0
vertex -14.5 77.699 0.0
vertex -7.717 71.877 0.0
endloop
endfacet
facet normal 0.0 0.0 -1.0
outer loop
vertex -16.559 71.346 0.0
vertex -20.202 76.589 0.0
vertex -17.507 77.27 0.0
endloop
endfacet
facet normal 0.0 0.0 -1.0
outer loop
vertex -14.341 71.701 0.0
vertex -17.507 77.27 0.0
vertex -14.5 77.699 0.0
endloop
endfacet
facet normal 0.0 0.0 -0.9999999999999999
outer loop
vertex -14.5 77.699 0.0
vertex -7.732 77.877 0.0
vertex -7.717 71.877 0.0
endloop
endfacet
facet normal 0.4026143003658395 0.9153697204632266 0.0
outer loop
vertex -43.871 68.028 0.0
vertex -37.455 65.206 16.0
vertex -37.455 65.206 0.0
endloop
endfacet
facet normal 0.48202954839425993 0.8761549603094341 0.0
outer loop
vertex -37.455 65.206 0.0
vertex -34.116 63.369 16.0
vertex -34.116 63.369 0.0
endloop
endfacet
facet normal -0.9430731760068881 0.33258530439013817 0.0
outer loop
vertex -34.116 63.369 0.0
vertex -33.301 65.68 16.0
vertex -33.301 65.68 0.0
endloop
endfacet
facet normal -0.9039191929374347 0.4277032763953726 0.0
outer loop
vertex -33.301 65.68 0.0
vertex -32.869 66.593 16.0
vertex -32.869 66.593 0.0
endloop
endfacet
facet normal 0.9827334203974558 -0.1850270910810563 0.0
outer loop
vertex -28.712 59.868 0.0
vertex -28.349 61.796 0.0
vertex -28.712 59.868 16.0
endloop
endfacet
facet normal 0.9364803531540074 -0.3507200424220802 0.0
outer loop
vertex -28.349 61.796 0.0
vertex -27.682 63.577 0.0
vertex -28.349 61.796 16.0
endloop
endfacet
facet normal 0.8644910785032169 -0.5026481624241204 0.0
outer loop
vertex -27.682 63.577 0.0
vertex -26.736 65.204 0.0
vertex -27.682 63.577 16.0
endloop
endfacet
facet normal -0.864491078503216 0.5026481624241217 0.0
outer loop
vertex -32.869 66.593 0.0
vertex -31.923 68.22 16.0
vertex -31.923 68.22 0.0
endloop
endfacet
facet normal -0.8212883672541189 0.570513293283394 0.0
outer loop
vertex -31.923 68.22 0.0
vertex -31.377 69.006 16.0
vertex -31.377 69.006 0.0
endloop
endfacet
facet normal -0.7583416786885953 0.6518572683983539 0.0
outer loop
vertex -31.377 69.006 0.0
vertex -29.565 71.114 16.0
vertex -29.565 71.114 0.0
endloop
endfacet
facet normal -0.6569545990484978 0.753930139196615 0.0
outer loop
vertex -29.565 71.114 0.0
vertex -27.497 72.916 16.0
vertex -27.497 72.916 0.0
endloop
endfacet
facet normal 0.7735574776926631 -0.633726146458993 0.0
outer loop
vertex -26.736 65.204 0.0
vertex -25.535 66.67 0.0
vertex -26.736 65.204 16.0
endloop
endfacet
facet normal 0.6715904433348235 -0.7409225846344106 0.0
outer loop
vertex -25.535 66.67 0.0
vertex -24.103 67.968 0.0
vertex -25.535 66.67 16.0
endloop
endfacet
facet normal -0.5518181196508318 0.8339644853499578 0.0
outer loop
vertex -27.497 72.916 0.0
vertex -25.224 74.42 16.0
vertex -25.224 74.42 0.0
endloop
endfacet
facet normal 0.5658022361415792 -0.8245409811387113 0.0
outer loop
vertex -24.103 67.968 0.0
vertex -22.465 69.092 0.0
vertex -24.103 67.968 16.0
endloop
endfacet
facet normal 0.4596618488492689 -0.8880940179465637 0.0
outer loop
vertex -22.465 69.092 0.0
vertex -20.645 70.034 0.0
vertex -22.465 69.092 16.0
endloop
endfacet
facet normal -0.447213595499959 0.8944271909999154 0.0
outer loop
vertex -25.224 74.42 0.0
vertex -22.782 75.641 16.0
vertex -22.782 75.641 0.0
endloop
endfacet
facet normal -0.0016223586316144582 -0.9999986839753693 0.0
outer loop
vertex -54.464 113.996 0.0
vertex -11.317 113.926 0.0
vertex -54.464 113.996 16.0
endloop
endfacet
facet normal 0.0016550057878009711 0.9999986304769835 0.0
outer loop
vertex -56.602 120.0 0.0
vertex -11.285 119.925 16.0
vertex -11.285 119.925 0.0
endloop
endfacet
facet normal 0.3563490587985991 -0.9343529035077445 0.0
outer loop
vertex -20.645 70.034 0.0
vertex -18.668 70.788 0.0
vertex -20.645 70.034 16.0
endloop
endfacet
facet normal 0.2557791664827325 -0.9667352367599923 0.0
outer loop
vertex -18.668 70.788 0.0
vertex -16.559 71.346 0.0
vertex -18.668 70.788 16.0
endloop
endfacet
facet normal 0.15804259024663983 -0.9874322962452324 0.0
outer loop
vertex -16.559 71.346 0.0
vertex -14.341 71.701 0.0
vertex -16.559 71.346 16.0
endloop
endfacet
facet normal 0.026560674477248972 -0.9996472030528138 0.0
outer loop
vertex -14.341 71.701 0.0
vertex -7.717 71.877 0.0
vertex -14.341 71.701 16.0
endloop
endfacet
facet normal -0.34489596525861826 0.9386409181089038 0.0
outer loop
vertex -22.782 75.641 0.0
vertex -20.202 76.589 16.0
vertex -20.202 76.589 0.0
endloop
endfacet
facet normal -0.24498961194298657 0.96952570365103 0.0
outer loop
vertex -20.202 76.589 0.0
vertex -17.507 77.27 16.0
vertex -17.507 77.27 0.0
endloop
endfacet
facet normal -0.1412369884851091 0.9899758143932896 0.0
outer loop
vertex -17.507 77.27 0.0
vertex -14.5 77.699 16.0
vertex -14.5 77.699 0.0
endloop
endfacet
facet normal -0.02629114515389611 0.9996543280987168 0.0
outer loop
vertex -14.5 77.699 0.0
vertex -7.732 77.877 16.0
vertex -7.732 77.877 0.0
endloop
endfacet
facet normal -0.9862014967596276 -0.16554941192607725 0.0
outer loop
vertex -75.795 13.228 0.0
vertex -75.795 13.228 16.0
vertex -76.495 17.398 20.0
endloop
endfacet
facet normal -0.9931884261306562 -0.11651931256281195 0.0
outer loop
vertex -76.495 17.398 0.0
vertex -76.495 17.398 16.0
vertex -76.978 21.515 16.0
endloop
endfacet
facet normal -0.9977248746415112 -0.06741716785493834 0.0
outer loop
vertex -76.978 21.515 0.0
vertex -76.978 21.515 16.0
vertex -77.252 25.57 16.0
endloop
endfacet
facet normal -0.9862014967596276 -0.16554941192607725 -0.0
outer loop
vertex -75.795 13.228 0.0
vertex -76.495 17.398 18.0
vertex -76.495 17.398 16.0
endloop
endfacet
facet normal -0.9998409994021197 -0.017831879165422882 0.0
outer loop
vertex -77.252 25.57 0.0
vertex -77.252 25.57 16.0
vertex -77.323 29.551 20.0
endloop
endfacet
facet normal -0.9507141269128122 -0.3100687808993498 0.0
outer loop
vertex -72.326 0.508 0.0
vertex -72.326 0.508 16.0
vertex -73.717 4.773 16.0
endloop
endfacet
facet normal -0.964889659429764 -0.26265556366754145 0.0
outer loop
vertex -73.717 4.773 0.0
vertex -73.717 4.773 16.0
vertex -74.872 9.016 16.0
endloop
endfacet
facet normal -0.9768212777038788 -0.21405651455856647 0.0
outer loop
vertex -74.872 9.016 0.0
vertex -74.872 9.016 16.0
vertex -75.795 13.228 16.0
endloop
endfacet
facet normal 0.9506241575679073 0.31034450381520595 -0.0
outer loop
vertex -67.967 6.492 0.0
vertex -67.967 6.492 16.0
vertex -66.668 2.513 16.0
endloop
endfacet
facet normal 0.933949834775455 0.3574041215807395 -0.0
outer loop
vertex -66.668 2.513 0.0
vertex -66.668 2.513 16.0
vertex -65.086 -1.621 16.0
endloop
endfacet
facet normal 0.9649269120392943 0.262518674425863 -0.0
outer loop
vertex -69.043 10.447 0.0
vertex -69.043 10.447 16.0
vertex -67.967 6.492 16.0
endloop
endfacet
facet normal 0.9767812294453156 0.21423918829966096 -0.0
outer loop
vertex -69.903 14.368 0.0
vertex -69.903 14.368 16.0
vertex -69.043 10.447 16.0
endloop
endfacet
facet normal 0.9862353387769016 0.16534768382898568 -0.0
outer loop
vertex -70.553 18.245 0.0
vertex -70.553 18.245 16.0
vertex -69.903 14.368 16.0
endloop
endfacet
facet normal 0.9931701018567033 0.1166753991977127 -0.0
outer loop
vertex -71.002 22.067 0.0
vertex -71.002 22.067 16.0
vertex -70.553 18.245 16.0
endloop
endfacet
facet normal 0.9977248570302788 0.06741742848781475 -0.0
outer loop
vertex -71.256 25.826 0.0
vertex -71.256 25.826 16.0
vertex -71.002 22.067 16.0
endloop
endfacet
facet normal 0.9998442988427532 0.017645908070805506 -0.0
outer loop
vertex -71.321 29.509 0.0
vertex -71.321 29.509 16.0
vertex -71.256 25.826 16.0
endloop
endfacet
facet normal -0.9862014967596276 -0.16554941192607725 -0.0
outer loop
vertex -75.795 13.228 0.0
vertex -76.495 17.398 20.0
vertex -76.495 17.398 18.0
endloop
endfacet
facet normal -0.9966087246713283 0.08228638957317652 0.0
outer loop
vertex -77.199 33.448 0.0
vertex -77.199 33.448 16.0
vertex -76.885 37.251 16.0
endloop
endfacet
facet normal -0.9911646015662099 0.13263759874973716 0.0
outer loop
vertex -76.885 37.251 0.0
vertex -76.885 37.251 16.0
vertex -76.39 40.95 16.0
endloop
endfacet
facet normal -0.9994941486269975 0.03180325235559221 0.0
outer loop
vertex -77.323 29.551 0.0
vertex -77.199 33.448 18.0
vertex -77.199 33.448 16.0
endloop
endfacet
facet normal -0.9830116696990189 0.18354306643277726 0.0
outer loop
vertex -76.39 40.95 0.0
vertex -75.721 44.533 18.0
vertex -75.721 44.533 16.0
endloop
endfacet
facet normal -0.9830116696990189 0.18354306643277726 0.0
outer loop
vertex -76.39 40.95 0.0
vertex -76.39 40.95 16.0
vertex -75.721 44.533 20.0
endloop
endfacet
facet normal -0.9988820234898846 0.047272646940420125 0.0
outer loop
vertex -75.721 44.533 0.0
vertex -75.721 44.533 16.0
vertex -75.506 49.076 16.0
endloop
endfacet
facet normal -0.9995235778794621 0.030864498425196514 0.0
outer loop
vertex -75.506 49.076 0.0
vertex -75.506 49.076 16.0
vertex -75.087 62.645 16.0
endloop
endfacet
facet normal 0.9994893162608399 -0.03195475990269431 0.0
outer loop
vertex -71.206 33.106 0.0
vertex -71.206 33.106 16.0
vertex -71.321 29.509 16.0
endloop
endfacet
facet normal 0.9966335405382628 -0.08198527839903358 0.0
outer loop
vertex -70.918 36.607 0.0
vertex -70.918 36.607 16.0
vertex -71.206 33.106 16.0
endloop
endfacet
facet normal 0.9911665637003018 -0.13262293543175496 0.0
outer loop
vertex -70.464 40.0 0.0
vertex -70.464 40.0 16.0
vertex -70.918 36.607 16.0
endloop
endfacet
facet normal 0.9852950133857562 -0.17086174702712875 0.0
outer loop
vertex -69.727 44.25 0.0
vertex -69.727 44.25 16.0
vertex -70.464 40.0 16.0
endloop
endfacet
facet normal 0.999322060721106 -0.03681601494081588 0.0
outer loop
vertex -68.857 67.865 0.0
vertex -68.857 67.865 16.0
vertex -69.727 44.25 16.0
endloop
endfacet
facet normal -0.9994941486269975 0.03180325235559221 0.0
outer loop
vertex -77.323 29.551 0.0
vertex -77.199 33.448 20.0
vertex -77.199 33.448 18.0
endloop
endfacet
facet normal -0.9994941486269974 0.031803252355592206 0.0
outer loop
vertex -77.323 29.551 0.0
vertex -77.323 29.551 20.0
vertex -77.199 33.448 20.0
endloop
endfacet
facet normal -0.9830116696990189 0.18354306643277726 0.0
outer loop
vertex -76.39 40.95 0.0
vertex -75.721 44.533 20.0
vertex -75.721 44.533 18.0
endloop
endfacet
facet normal -0.9862014967596276 -0.16554941192607725 0.0
outer loop
vertex -76.495 17.398 20.0
vertex -75.795 13.228 16.0
vertex -75.795 13.228 18.0
endloop
endfacet
facet normal -0.9768212777038788 -0.21405651455856647 -0.0
outer loop
vertex -75.795 13.228 20.0
vertex -75.795 13.228 18.0
vertex -74.872 9.016 18.0
endloop
endfacet
facet normal -0.9862014967596276 -0.16554941192607725 0.0
outer loop
vertex -75.795 13.228 20.0
vertex -76.495 17.398 20.0
vertex -75.795 13.228 18.0
endloop
endfacet
facet normal -0.9931884261306562 -0.11651931256281195 -0.0
outer loop
vertex -76.978 21.515 20.0
vertex -76.978 21.515 18.0
vertex -76.495 17.398 18.0
endloop
endfacet
facet normal -0.9998409994021197 -0.017831879165422882 0.0
outer loop
vertex -77.323 29.551 20.0
vertex -77.252 25.57 16.0
vertex -77.252 25.57 18.0
endloop
endfacet
facet normal -0.9977248746415112 -0.06741716785493834 -0.0
outer loop
vertex -77.252 25.57 20.0
vertex -77.252 25.57 18.0
vertex -76.978 21.515 18.0
endloop
endfacet
facet normal -0.9931884261306562 -0.11651931256281195 0.0
outer loop
vertex -76.495 17.398 20.0
vertex -76.978 21.515 20.0
vertex -76.495 17.398 18.0
endloop
endfacet
facet normal -0.9977248746415112 -0.06741716785493834 0.0
outer loop
vertex -76.978 21.515 20.0
vertex -77.252 25.57 20.0
vertex -76.978 21.515 18.0
endloop
endfacet
facet normal -0.9998409994021197 -0.017831879165422882 0.0
outer loop
vertex -77.252 25.57 20.0
vertex -77.323 29.551 20.0
vertex -77.252 25.57 18.0
endloop
endfacet
facet normal -0.9507141269128122 -0.3100687808993498 -0.0
outer loop
vertex -73.717 4.773 20.0
vertex -73.717 4.773 18.0
vertex -72.326 0.508 18.0
endloop
endfacet
facet normal -0.964889659429764 -0.26265556366754145 -0.0
outer loop
vertex -74.872 9.016 20.0
vertex -74.872 9.016 18.0
vertex -73.717 4.773 18.0
endloop
endfacet
facet normal 0.9506241575679073 0.31034450381520595 0.0
outer loop
vertex -66.668 2.513 20.0
vertex -66.668 2.513 18.0
vertex -67.967 6.492 18.0
endloop
endfacet
facet normal 0.9649269120392943 0.262518674425863 0.0
outer loop
vertex -67.967 6.492 20.0
vertex -67.967 6.492 18.0
vertex -69.043 10.447 18.0
endloop
endfacet
facet normal 0.9767812294453156 0.21423918829966096 0.0
outer loop
vertex -69.043 10.447 20.0
vertex -69.043 10.447 18.0
vertex -69.903 14.368 18.0
endloop
endfacet
facet normal -0.9507141269128122 -0.3100687808993498 0.0
outer loop
vertex -73.717 4.773 20.0
vertex -72.326 0.508 18.0
vertex -72.326 0.508 20.0
endloop
endfacet
facet normal -0.964889659429764 -0.26265556366754145 0.0
outer loop
vertex -73.717 4.773 20.0
vertex -74.872 9.016 20.0
vertex -73.717 4.773 18.0
endloop
endfacet
facet normal -0.0 0.0 1.0
outer loop
vertex -73.717 4.773 20.0
vertex -72.326 0.508 20.0
vertex -67.967 6.492 20.0
endloop
endfacet
facet normal 0.0 -0.0 1.0
outer loop
vertex -73.717 4.773 20.0
vertex -67.967 6.492 20.0
vertex -69.043 10.447 20.0
endloop
endfacet
facet normal -0.9768212777038788 -0.21405651455856647 0.0
outer loop
vertex -75.795 13.228 20.0
vertex -74.872 9.016 18.0
vertex -74.872 9.016 20.0
endloop
endfacet
facet normal -0.0 0.0 1.0
outer loop
vertex -75.795 13.228 20.0
vertex -74.872 9.016 20.0
vertex -69.903 14.368 20.0
endloop
endfacet
facet normal 0.0 -0.0 1.0
outer loop
vertex -73.717 4.773 20.0
vertex -69.043 10.447 20.0
vertex -74.872 9.016 20.0
endloop
endfacet
facet normal 0.0 -0.0 1.0
outer loop
vertex -74.872 9.016 20.0
vertex -69.043 10.447 20.0
vertex -69.903 14.368 20.0
endloop
endfacet
facet normal 0.9506241575679073 0.31034450381520595 0.0
outer loop
vertex -67.967 6.492 20.0
vertex -66.668 2.513 20.0
vertex -67.967 6.492 18.0
endloop
endfacet
facet normal 0.933949834775455 0.3574041215807395 -0.0
outer loop
vertex -65.086 -1.621 20.0
vertex -66.668 2.513 18.0
vertex -66.668 2.513 20.0
endloop
endfacet
facet normal 0.0 -0.0 0.9999999999999999
outer loop
vertex -72.326 0.508 20.0
vertex -66.668 2.513 20.0
vertex -67.967 6.492 20.0
endloop
endfacet
facet normal 0.9649269120392943 0.262518674425863 -0.0
outer loop
vertex -67.967 6.492 20.0
vertex -69.043 10.447 18.0
vertex -69.043 10.447 20.0
endloop
endfacet
facet normal 0.9767812294453156 0.21423918829966096 -0.0
outer loop
vertex -69.043 10.447 20.0
vertex -69.903 14.368 18.0
vertex -69.903 14.368 20.0
endloop
endfacet
facet normal 0.9862353387769016 0.16534768382898568 0.0
outer loop
vertex -69.903 14.368 20.0
vertex -69.903 14.368 18.0
vertex -70.553 18.245 18.0
endloop
endfacet
facet normal 0.9931701018567033 0.1166753991977127 0.0
outer loop
vertex -70.553 18.245 20.0
vertex -70.553 18.245 18.0
vertex -71.002 22.067 18.0
endloop
endfacet
facet normal 0.9977248570302788 0.06741742848781475 0.0
outer loop
vertex -71.002 22.067 20.0
vertex -71.002 22.067 18.0
vertex -71.256 25.826 18.0
endloop
endfacet
facet normal 0.9998442988427532 0.017645908070805506 0.0
outer loop
vertex -71.256 25.826 20.0
vertex -71.256 25.826 18.0
vertex -71.321 29.509 18.0
endloop
endfacet
facet normal 0.9862353387769016 0.16534768382898568 -0.0
outer loop
vertex -69.903 14.368 20.0
vertex -70.553 18.245 18.0
vertex -70.553 18.245 20.0
endloop
endfacet
facet normal 0.9931701018567033 0.1166753991977127 -0.0
outer loop
vertex -70.553 18.245 20.0
vertex -71.002 22.067 18.0
vertex -71.002 22.067 20.0
endloop
endfacet
facet normal 0.0 -0.0 1.0
outer loop
vertex -75.795 13.228 20.0
vertex -70.553 18.245 20.0
vertex -76.495 17.398 20.0
endloop
endfacet
facet normal 0.0 -0.0 1.0
outer loop
vertex -76.495 17.398 20.0
vertex -71.002 22.067 20.0
vertex -76.978 21.515 20.0
endloop
endfacet
facet normal 0.0 -0.0 1.0
outer loop
vertex -76.495 17.398 20.0
vertex -70.553 18.245 20.0
vertex -71.002 22.067 20.0
endloop
endfacet
facet normal 0.0 -0.0 0.9999999999999999
outer loop
vertex -75.795 13.228 20.0
vertex -69.903 14.368 20.0
vertex -70.553 18.245 20.0
endloop
endfacet
facet normal 0.9977248570302788 0.06741742848781475 -0.0
outer loop
vertex -71.002 22.067 20.0
vertex -71.256 25.826 18.0
vertex -71.256 25.826 20.0
endloop
endfacet
facet normal 0.9998442988427532 0.017645908070805506 -0.0
outer loop
vertex -71.256 25.826 20.0
vertex -71.321 29.509 18.0
vertex -71.321 29.509 20.0
endloop
endfacet
facet normal 0.0 -0.0 1.0
outer loop
vertex -76.978 21.515 20.0
vertex -71.256 25.826 20.0
vertex -77.252 25.57 20.0
endloop
endfacet
facet normal 0.0 -0.0 1.0
outer loop
vertex -76.978 21.515 20.0
vertex -71.002 22.067 20.0
vertex -71.256 25.826 20.0
endloop
endfacet
facet normal 0.0 -0.0 1.0
outer loop
vertex -77.252 25.57 20.0
vertex -71.321 29.509 20.0
vertex -77.323 29.551 20.0
endloop
endfacet
facet normal 0.0 -0.0 1.0
outer loop
vertex -77.252 25.57 20.0
vertex -71.256 25.826 20.0
vertex -71.321 29.509 20.0
endloop
endfacet
facet normal -0.9966087246713283 0.08228638957317652 0.0
outer loop
vertex -76.885 37.251 20.0
vertex -76.885 37.251 18.0
vertex -77.199 33.448 18.0
endloop
endfacet
facet normal -0.9830116696990189 0.18354306643277726 0.0
outer loop
vertex -75.721 44.533 20.0
vertex -76.39 40.95 16.0
vertex -76.39 40.95 18.0
endloop
endfacet
facet normal -0.9911646015662099 0.13263759874973716 0.0
outer loop
vertex -76.39 40.95 20.0
vertex -76.39 40.95 18.0
vertex -76.885 37.251 18.0
endloop
endfacet
facet normal -0.9966087246713283 0.08228638957317652 0.0
outer loop
vertex -77.199 33.448 20.0
vertex -76.885 37.251 20.0
vertex -77.199 33.448 18.0
endloop
endfacet
facet normal -0.9911646015662099 0.13263759874973716 0.0
outer loop
vertex -76.885 37.251 20.0
vertex -76.39 40.95 20.0
vertex -76.885 37.251 18.0
endloop
endfacet
facet normal -0.9830116696990189 0.18354306643277726 0.0
outer loop
vertex -76.39 40.95 20.0
vertex -75.721 44.533 20.0
vertex -76.39 40.95 18.0
endloop
endfacet
facet normal -0.9988820234898846 0.047272646940420125 0.0
outer loop
vertex -75.506 49.076 20.0
vertex -75.506 49.076 18.0
vertex -75.721 44.533 18.0
endloop
endfacet
facet normal -0.9988820234898846 0.047272646940420125 0.0
outer loop
vertex -75.721 44.533 20.0
vertex -75.506 49.076 20.0
vertex -75.721 44.533 18.0
endloop
endfacet
facet normal -0.9995235778794621 0.030864498425196514 0.0
outer loop
vertex -75.506 49.076 20.0
vertex -75.087 62.645 20.0
vertex -75.506 49.076 18.0
endloop
endfacet
facet normal 0.9994893162608399 -0.03195475990269431 0.0
outer loop
vertex -71.321 29.509 20.0
vertex -71.321 29.509 18.0
vertex -71.206 33.106 18.0
endloop
endfacet
facet normal 0.9966335405382628 -0.08198527839903358 0.0
outer loop
vertex -71.206 33.106 20.0
vertex -71.206 33.106 18.0
vertex -70.918 36.607 18.0
endloop
endfacet
facet normal 0.9911665637003018 -0.13262293543175496 0.0
outer loop
vertex -70.918 36.607 20.0
vertex -70.918 36.607 18.0
vertex -70.464 40.0 18.0
endloop
endfacet
facet normal 0.9852950133857562 -0.17086174702712875 0.0
outer loop
vertex -70.464 40.0 20.0
vertex -70.464 40.0 18.0
vertex -69.727 44.25 18.0
endloop
endfacet
facet normal 0.9994893162608399 -0.03195475990269431 0.0
outer loop
vertex -71.321 29.509 20.0
vertex -71.206 33.106 18.0
vertex -71.206 33.106 20.0
endloop
endfacet
facet normal 0.9966335405382628 -0.08198527839903358 0.0
outer loop
vertex -71.206 33.106 20.0
vertex -70.918 36.607 18.0
vertex -70.918 36.607 20.0
endloop
endfacet
facet normal 0.0 -0.0 1.0
outer loop
vertex -77.323 29.551 20.0
vertex -71.206 33.106 20.0
vertex -77.199 33.448 20.0
endloop
endfacet
facet normal -0.0 0.0 1.0
outer loop
vertex -77.323 29.551 20.0
vertex -71.321 29.509 20.0
vertex -71.206 33.106 20.0
endloop
endfacet
facet normal 0.0 -0.0 1.0
outer loop
vertex -77.199 33.448 20.0
vertex -70.918 36.607 20.0
vertex -76.885 37.251 20.0
endloop
endfacet
facet normal -0.0 0.0 0.9999999999999999
outer loop
vertex -77.199 33.448 20.0
vertex -71.206 33.106 20.0
vertex -70.918 36.607 20.0
endloop
endfacet
facet normal 0.9911665637003018 -0.13262293543175496 0.0
outer loop
vertex -70.918 36.607 20.0
vertex -70.464 40.0 18.0
vertex -70.464 40.0 20.0
endloop
endfacet
facet normal 0.0 -0.0 1.0
outer loop
vertex -76.885 37.251 20.0
vertex -70.464 40.0 20.0
vertex -76.39 40.95 20.0
endloop
endfacet
facet normal -0.0 0.0 1.0
outer loop
vertex -76.885 37.251 20.0
vertex -70.918 36.607 20.0
vertex -70.464 40.0 20.0
endloop
endfacet
facet normal -0.0 -0.0 1.0
outer loop
vertex -76.39 40.95 20.0
vertex -70.464 40.0 20.0
vertex -75.721 44.533 20.0
endloop
endfacet
facet normal -0.0 0.0 1.0
outer loop
vertex -75.721 44.533 20.0
vertex -70.464 40.0 20.0
vertex -69.727 44.25 20.0
endloop
endfacet
facet normal 0.9852950133857562 -0.17086174702712875 0.0
outer loop
vertex -70.464 40.0 20.0
vertex -69.727 44.25 18.0
vertex -69.727 44.25 20.0
endloop
endfacet
facet normal -0.9995235778794621 0.030864498425196514 0.0
outer loop
vertex -75.087 62.645 20.0
vertex -75.087 62.645 18.0
vertex -75.506 49.076 18.0
endloop
endfacet
facet normal 0.999322060721106 -0.03681601494081588 0.0
outer loop
vertex -69.727 44.25 20.0
vertex -69.727 44.25 18.0
vertex -68.857 67.865 18.0
endloop
endfacet
facet normal -0.0 -0.0 1.0
outer loop
vertex -75.721 44.533 20.0
vertex -69.727 44.25 20.0
vertex -75.506 49.076 20.0
endloop
endfacet
facet normal -0.0 -0.0 1.0
outer loop
vertex -75.506 49.076 20.0
vertex -69.727 44.25 20.0
vertex -75.087 62.645 20.0
endloop
endfacet
facet normal 0.0 -0.0 1.0
outer loop
vertex -69.727 44.25 20.0
vertex -68.857 67.865 20.0
vertex -75.087 62.645 20.0
endloop
endfacet
facet normal 0.999322060721106 -0.03681601494081588 0.0
outer loop
vertex -69.727 44.25 20.0
vertex -68.857 67.865 18.0
vertex -68.857 67.865 20.0
endloop
endfacet
facet normal -0.9990777531559819 0.04293766585173247 0.0
outer loop
vertex -75.087 62.645 0.0
vertex -75.087 62.645 16.0
vertex -74.714 71.324 16.0
endloop
endfacet
facet normal -0.9974131943311114 0.07188128945844562 0.0
outer loop
vertex -74.714 71.324 0.0
vertex -74.714 71.324 16.0
vertex -74.416 75.459 16.0
endloop
endfacet
facet normal 0.012700076428161528 0.9999193507772108 -0.0
outer loop
vertex -68.588 72.862 0.0
vertex -68.588 72.862 16.0
vertex -65.045 72.817 16.0
endloop
endfacet
facet normal -0.012590817198566733 -0.9999207325194694 0.0
outer loop
vertex -65.045 67.817 0.0
vertex -65.045 67.817 16.0
vertex -68.857 67.865 16.0
endloop
endfacet
facet normal -0.9946722528254718 0.10308787251224462 0.0
outer loop
vertex -74.416 75.459 0.0
vertex -74.416 75.459 16.0
vertex -74.006 79.415 16.0
endloop
endfacet
facet normal -0.9894483740314451 0.14488586931281283 0.0
outer loop
vertex -74.006 79.415 0.0
vertex -74.006 79.415 16.0
vertex -73.567 82.413 16.0
endloop
endfacet
facet normal -0.989414914283705 0.14511418742827598 0.0
outer loop
vertex -73.457 83.163 0.0
vertex -73.567 82.413 16.0
vertex -73.457 83.163 16.0
endloop
endfacet
facet normal -0.9796675257786106 0.2006278618109047 0.0
outer loop
vertex -73.457 83.163 0.0
vertex -73.457 83.163 16.0
vertex -72.739 86.669 16.0
endloop
endfacet
facet normal -0.9623618842397512 0.27177123424401556 0.0
outer loop
vertex -72.739 86.669 0.0
vertex -72.739 86.669 16.0
vertex -71.826 89.902 16.0
endloop
endfacet
facet normal 0.995752907190255 -0.09206599710075039 0.0
outer loop
vertex -68.051 78.67 0.0
vertex -68.051 78.67 16.0
vertex -68.588 72.862 16.0
endloop
endfacet
facet normal 0.9894450461220057 -0.14490859430904063 0.0
outer loop
vertex -67.545 82.125 0.0
vertex -67.545 82.125 16.0
vertex -68.051 78.67 16.0
endloop
endfacet
facet normal 0.979665944032033 -0.20063558533776052 0.0
outer loop
vertex -66.905 85.25 0.0
vertex -66.905 85.25 16.0
vertex -67.545 82.125 16.0
endloop
endfacet
facet normal 0.9623392936286431 -0.2718512165474421 0.0
outer loop
vertex -66.129 87.997 0.0
vertex -66.129 87.997 16.0
vertex -66.905 85.25 16.0
endloop
endfacet
facet normal -0.9322671596897133 0.3617705667464871 0.0
outer loop
vertex -71.826 89.902 0.0
vertex -71.826 89.902 16.0
vertex -70.689 92.832 16.0
endloop
endfacet
facet normal -0.967624180037865 0.25239541637289997 0.0
outer loop
vertex -70.689 92.832 0.0
vertex -70.689 92.832 16.0
vertex -69.913 95.807 16.0
endloop
endfacet
facet normal 0.9362943933567395 -0.351216185516464 0.0
outer loop
vertex -64.884 91.316 0.0
vertex -64.884 91.316 16.0
vertex -66.129 87.997 16.0
endloop
endfacet
facet normal -0.942452947314909 0.33433881332780013 0.0
outer loop
vertex -68.205 101.463 0.0
vertex -68.205 101.463 16.0
vertex -67.261 104.124 16.0
endloop
endfacet
facet normal -0.9283503568133863 0.3717063558838594 0.0
outer loop
vertex -67.261 104.124 0.0
vertex -67.261 104.124 16.0
vertex -66.246 106.659 16.0
endloop
endfacet
facet normal -0.9573029679716691 0.28908653983302895 0.0
outer loop
vertex -69.913 95.807 0.0
vertex -69.913 95.807 16.0
vertex -68.205 101.463 18.0
endloop
endfacet
facet normal -0.9573029679716691 0.28908653983302895 0.0
outer loop
vertex -69.913 95.807 0.0
vertex -68.205 101.463 18.0
vertex -68.205 101.463 16.0
endloop
endfacet
facet normal -0.9102234321226608 0.41411749976889867 0.0
outer loop
vertex -66.246 106.659 0.0
vertex -66.246 106.659 16.0
vertex -65.155 109.057 16.0
endloop
endfacet
facet normal -0.8865778264262615 0.4625794609462093 0.0
outer loop
vertex -65.155 109.057 0.0
vertex -65.155 109.057 16.0
vertex -63.98 111.309 16.0
endloop
endfacet
facet normal -0.12193308370436383 -0.9925383232391304 0.0
outer loop
vertex -58.476 67.01 0.0
vertex -58.476 67.01 16.0
vertex -65.045 67.817 16.0
endloop
endfacet
facet normal 0.12201667741811999 0.9925280501990071 -0.0
outer loop
vertex -65.045 72.817 0.0
vertex -65.045 72.817 16.0
vertex -58.204 71.976 16.0
endloop
endfacet
facet normal -0.22338250918662822 -0.974730862643369 0.0
outer loop
vertex -52.402 65.618 0.0
vertex -52.402 65.618 16.0
vertex -58.476 67.01 16.0
endloop
endfacet
facet normal 0.21988828007319808 0.9755250608192753 -0.0
outer loop
vertex -58.204 71.976 0.0
vertex -58.204 71.976 16.0
vertex -50.489 70.237 16.0
endloop
endfacet
facet normal -0.3166577803079154 -0.9485398516511913 0.0
outer loop
vertex -45.785 63.409 0.0
vertex -45.785 63.409 16.0
vertex -52.402 65.618 16.0
endloop
endfacet
facet normal 0.31661472918992634 0.9485542226251432 -0.0
outer loop
vertex -50.489 70.237 0.0
vertex -50.489 70.237 16.0
vertex -43.871 68.028 16.0
endloop
endfacet
facet normal 0.9675670435946799 -0.25261436251616975 0.0
outer loop
vertex -64.136 94.181 0.0
vertex -64.136 94.181 16.0
vertex -64.884 91.316 16.0
endloop
endfacet
facet normal 0.9573526444221341 -0.28892198638723715 0.0
outer loop
vertex -62.503 99.592 0.0
vertex -62.503 99.592 16.0
vertex -64.136 94.181 16.0
endloop
endfacet
facet normal 0.9357069662525824 -0.3527782211338855 0.0
outer loop
vertex -60.728 104.3 0.0
vertex -60.728 104.3 16.0
vertex -62.503 99.592 16.0
endloop
endfacet
facet normal -0.8558213569121759 0.5172715003293744 0.0
outer loop
vertex -63.98 111.309 0.0
vertex -63.98 111.309 16.0
vertex -62.967 112.985 16.0
endloop
endfacet
facet normal 0.9101903711741244 -0.4141901594942951 0.0
outer loop
vertex -59.761 106.425 0.0
vertex -59.761 106.425 16.0
vertex -60.728 104.3 16.0
endloop
endfacet
facet normal -0.8160744420942697 0.5779468011508726 0.0
outer loop
vertex -62.714 113.404 0.0
vertex -62.714 113.404 16.0
vertex -61.35 115.33 16.0
endloop
endfacet
facet normal -0.7659549989264471 0.6428941900651974 0.0
outer loop
vertex -61.35 115.33 0.0
vertex -61.35 115.33 16.0
vertex -59.882 117.079 16.0
endloop
endfacet
facet normal -0.7023635312100034 0.711818424899366 0.0
outer loop
vertex -59.882 117.079 0.0
vertex -59.882 117.079 16.0
vertex -58.301 118.639 16.0
endloop
endfacet
facet normal 0.8865278320552271 -0.4626752673219725 0.0
outer loop
vertex -58.748 108.366 0.0
vertex -58.748 108.366 16.0
vertex -59.761 106.425 16.0
endloop
endfacet
facet normal 0.8557168607747223 -0.5174443488780749 0.0
outer loop
vertex -57.691 110.114 0.0
vertex -57.691 110.114 16.0
vertex -58.748 108.366 16.0
endloop
endfacet
facet normal 0.8163974460794067 -0.5774904415096602 0.0
outer loop
vertex -56.596 111.662 0.0
vertex -56.596 111.662 16.0
vertex -57.691 110.114 16.0
endloop
endfacet
facet normal -0.6251991011277527 0.7804652996444172 0.0
outer loop
vertex -58.301 118.639 0.0
vertex -58.301 118.639 16.0
vertex -56.602 120.0 16.0
endloop
endfacet
facet normal 0.765693641443071 -0.6432054473134146 0.0
outer loop
vertex -55.467 113.006 0.0
vertex -55.467 113.006 16.0
vertex -56.596 111.662 16.0
endloop
endfacet
facet normal 0.7024794997808755 -0.7117039780608302 0.0
outer loop
vertex -54.464 113.996 0.0
vertex -54.464 113.996 16.0
vertex -55.467 113.006 16.0
endloop
endfacet
facet normal -0.8558665666835132 0.5171966937571966 0.0
outer loop
vertex -63.98 111.309 0.0
vertex -62.714 113.404 18.0
vertex -62.714 113.404 16.0
endloop
endfacet
facet normal -0.8562733700859015 0.5165228980649538 0.00010703417125956311
outer loop
vertex -63.98 111.309 0.0
vertex -62.967 112.985 16.0
vertex -62.714 113.404 18.0
endloop
endfacet
facet normal -0.9894483740314451 0.14488586931281283 0.0
outer loop
vertex -73.567 82.413 16.0
vertex -74.006 79.415 16.0
vertex -74.006 79.415 18.0
endloop
endfacet
facet normal -0.9894446558213102 0.14491125406929392 3.886789708976611e-05
outer loop
vertex -74.006 79.415 18.0
vertex -73.512 82.788 18.0
vertex -73.567 82.413 16.0
endloop
endfacet
facet normal -0.9974102523815435 0.07192209983159449 0.0
outer loop
vertex -74.714 71.324 18.0
vertex -74.449 74.999 17.778
vertex -74.714 71.324 17.778
endloop
endfacet
facet normal -0.9990777531559819 0.04293766585173247 0.0
outer loop
vertex -74.714 71.324 20.0
vertex -74.714 71.324 18.0
vertex -75.087 62.645 18.0
endloop
endfacet
facet normal -0.9974102523815436 0.0719220998315945 0.0
outer loop
vertex -74.714 71.324 20.0
vertex -74.449 74.999 17.778
vertex -74.714 71.324 18.0
endloop
endfacet
facet normal -0.012590817198566733 -0.9999207325194694 -0.0
outer loop
vertex -68.857 67.865 20.0
vertex -68.857 67.865 18.0
vertex -65.045 67.817 18.0
endloop
endfacet
facet normal 0.995752907190255 -0.09206599710075039 0.0
outer loop
vertex -68.588 72.862 20.0
vertex -68.588 72.862 18.0
vertex -68.051 78.67 18.0
endloop
endfacet
facet normal 0.012700076428161528 0.9999193507772108 0.0
outer loop
vertex -65.045 72.817 20.0
vertex -65.045 72.817 18.0
vertex -68.588 72.862 18.0
endloop
endfacet
facet normal -0.9990777531559819 0.04293766585173247 0.0
outer loop
vertex -75.087 62.645 20.0
vertex -74.714 71.324 20.0
vertex -75.087 62.645 18.0
endloop
endfacet
facet normal 0.0 -0.0 1.0
outer loop
vertex -75.087 62.645 20.0
vertex -68.857 67.865 20.0
vertex -74.714 71.324 20.0
endloop
endfacet
facet normal -0.9974131920354053 0.07188128929299933 -6.784776670145661e-05
outer loop
vertex -74.714 71.324 20.0
vertex -74.416 75.459 20.0
vertex -74.449 74.999 17.778
endloop
endfacet
facet normal -0.0 0.0 1.0
outer loop
vertex -74.714 71.324 20.0
vertex -68.857 67.865 20.0
vertex -68.588 72.862 20.0
endloop
endfacet
facet normal 0.0 -0.0 0.9999999999999999
outer loop
vertex -74.714 71.324 20.0
vertex -68.588 72.862 20.0
vertex -74.416 75.459 20.0
endloop
endfacet
facet normal 0.012700076428161528 0.9999193507772108 0.0
outer loop
vertex -68.588 72.862 20.0
vertex -65.045 72.817 20.0
vertex -68.588 72.862 18.0
endloop
endfacet
facet normal -0.012590817198566733 -0.9999207325194694 0.0
outer loop
vertex -68.857 67.865 20.0
vertex -65.045 67.817 18.0
vertex -65.045 67.817 20.0
endloop
endfacet
facet normal -0.0 -0.0 1.0
outer loop
vertex -68.857 67.865 20.0
vertex -65.045 67.817 20.0
vertex -68.588 72.862 20.0
endloop
endfacet
facet normal -0.0 0.0 1.0
outer loop
vertex -68.588 72.862 20.0
vertex -65.045 67.817 20.0
vertex -65.045 72.817 20.0
endloop
endfacet
facet normal -0.9974366386097094 0.07155523711765455 0.0
outer loop
vertex -74.416 75.459 20.0
vertex -74.416 75.459 18.0
vertex -74.449 74.999 17.778
endloop
endfacet
facet normal -0.9946722528254718 0.10308787251224462 0.0
outer loop
vertex -74.006 79.415 20.0
vertex -74.006 79.415 18.0
vertex -74.416 75.459 18.0
endloop
endfacet
facet normal -0.989444656568694 0.1449112541787536 0.0
outer loop
vertex -74.006 79.415 20.0
vertex -73.512 82.788 18.0
vertex -74.006 79.415 18.0
endloop
endfacet
facet normal -0.9894149142837023 0.14511418742829435 0.0
outer loop
vertex -73.457 83.163 20.0
vertex -73.457 83.163 18.0
vertex -73.512 82.788 18.0
endloop
endfacet
facet normal -0.9796675257786106 0.2006278618109047 0.0
outer loop
vertex -72.739 86.669 20.0
vertex -72.739 86.669 18.0
vertex -73.457 83.163 18.0
endloop
endfacet
facet normal -0.9623618842397512 0.27177123424401556 0.0
outer loop
vertex -71.826 89.902 20.0
vertex -71.826 89.902 18.0
vertex -72.739 86.669 18.0
endloop
endfacet
facet normal 0.9894450461220057 -0.14490859430904063 0.0
outer loop
vertex -68.051 78.67 20.0
vertex -68.051 78.67 18.0
vertex -67.545 82.125 18.0
endloop
endfacet
facet normal 0.979665944032033 -0.20063558533776052 0.0
outer loop
vertex -67.545 82.125 20.0
vertex -67.545 82.125 18.0
vertex -66.905 85.25 18.0
endloop
endfacet
facet normal 0.9623392936286431 -0.2718512165474421 0.0
outer loop
vertex -66.905 85.25 20.0
vertex -66.905 85.25 18.0
vertex -66.129 87.997 18.0
endloop
endfacet
facet normal 0.9362943933567395 -0.351216185516464 0.0
outer loop
vertex -66.129 87.997 20.0
vertex -66.129 87.997 18.0
vertex -64.884 91.316 18.0
endloop
endfacet
facet normal -0.9946722528254718 0.10308787251224462 0.0
outer loop
vertex -74.416 75.459 20.0
vertex -74.006 79.415 20.0
vertex -74.416 75.459 18.0
endloop
endfacet
facet normal -0.9894416819412251 0.14493155906770022 3.497892819327206e-05
outer loop
vertex -74.006 79.415 20.0
vertex -73.457 83.163 20.0
vertex -73.512 82.788 18.0
endloop
endfacet
facet normal 0.0 -0.0 1.0
outer loop
vertex -74.416 75.459 20.0
vertex -68.051 78.67 20.0
vertex -74.006 79.415 20.0
endloop
endfacet
facet normal 0.0 -0.0 1.0
outer loop
vertex -68.588 72.862 20.0
vertex -68.051 78.67 20.0
vertex -74.416 75.459 20.0
endloop
endfacet
facet normal -0.0 -0.0 1.0
outer loop
vertex -74.006 79.415 20.0
vertex -68.051 78.67 20.0
vertex -73.457 83.163 20.0
endloop
endfacet
facet normal -0.9796675257786106 0.2006278618109047 0.0
outer loop
vertex -73.457 83.163 20.0
vertex -72.739 86.669 20.0
vertex -73.457 83.163 18.0
endloop
endfacet
facet normal -0.9623618842397512 0.27177123424401556 0.0
outer loop
vertex -72.739 86.669 20.0
vertex -71.826 89.902 20.0
vertex -72.739 86.669 18.0
endloop
endfacet
facet normal -0.0 -0.0 1.0
outer loop
vertex -73.457 83.163 20.0
vertex -67.545 82.125 20.0
vertex -72.739 86.669 20.0
endloop
endfacet
facet normal -0.0 -0.0 1.0
outer loop
vertex -72.739 86.669 20.0
vertex -66.905 85.25 20.0
vertex -71.826 89.902 20.0
endloop
endfacet
facet normal 0.995752907190255 -0.09206599710075039 0.0
outer loop
vertex -68.588 72.862 20.0
vertex -68.051 78.67 18.0
vertex -68.051 78.67 20.0
endloop
endfacet
facet normal 0.9894450461220057 -0.14490859430904063 0.0
outer loop
vertex -68.051 78.67 20.0
vertex -67.545 82.125 18.0
vertex -67.545 82.125 20.0
endloop
endfacet
facet normal -0.0 0.0 1.0
outer loop
vertex -73.457 83.163 20.0
vertex -68.051 78.67 20.0
vertex -67.545 82.125 20.0
endloop
endfacet
facet normal 0.979665944032033 -0.20063558533776052 0.0
outer loop
vertex -67.545 82.125 20.0
vertex -66.905 85.25 18.0
vertex -66.905 85.25 20.0
endloop
endfacet
facet normal 0.9623392936286431 -0.2718512165474421 0.0
outer loop
vertex -66.905 85.25 20.0
vertex -66.129 87.997 18.0
vertex -66.129 87.997 20.0
endloop
endfacet
facet normal -0.0 0.0 1.0
outer loop
vertex -72.739 86.669 20.0
vertex -67.545 82.125 20.0
vertex -66.905 85.25 20.0
endloop
endfacet
facet normal -0.0 0.0 1.0
outer loop
vertex -71.826 89.902 20.0
vertex -66.905 85.25 20.0
vertex -66.129 87.997 20.0
endloop
endfacet
facet normal -0.9322671596897133 0.3617705667464871 0.0
outer loop
vertex -70.689 92.832 20.0
vertex -70.689 92.832 18.0
vertex -71.826 89.902 18.0
endloop
endfacet
facet normal -0.96755967361938 0.2526425894135013 0.0
outer loop
vertex -70.689 92.832 20.0
vertex -69.99 95.509 18.0
vertex -70.689 92.832 18.0
endloop
endfacet
facet normal -0.9681991433382914 0.2501722618692826 0.0020635479655779737
outer loop
vertex -69.913 95.807 18.0
vertex -69.999 95.476 17.778
vertex -69.99 95.509 18.0
endloop
endfacet
facet normal -0.9682012047522935 0.2501727945165248 0.0
outer loop
vertex -69.913 95.807 20.0
vertex -69.913 95.807 18.0
vertex -69.99 95.509 18.0
endloop
endfacet
facet normal 0.9675670435946799 -0.25261436251616975 0.0
outer loop
vertex -64.884 91.316 20.0
vertex -64.884 91.316 18.0
vertex -64.136 94.181 18.0
endloop
endfacet
facet normal -0.9573029679716691 0.28908653983302895 0.0
outer loop
vertex -68.205 101.463 20.0
vertex -68.205 101.463 18.0
vertex -69.913 95.807 18.0
endloop
endfacet
facet normal -0.942452947314909 0.33433881332780013 0.0
outer loop
vertex -67.261 104.124 20.0
vertex -67.261 104.124 18.0
vertex -68.205 101.463 18.0
endloop
endfacet
facet normal -0.9322671596897133 0.3617705667464871 0.0
outer loop
vertex -71.826 89.902 20.0
vertex -70.689 92.832 20.0
vertex -71.826 89.902 18.0
endloop
endfacet
facet normal -0.9676241196185742 0.25239540061311183 -0.00035338608603966803
outer loop
vertex -70.689 92.832 20.0
vertex -69.913 95.807 20.0
vertex -69.99 95.509 18.0
endloop
endfacet
facet normal 0.9362943933567395 -0.351216185516464 0.0
outer loop
vertex -66.129 87.997 20.0
vertex -64.884 91.316 18.0
vertex -64.884 91.316 20.0
endloop
endfacet
facet normal -0.0 -0.0 1.0
outer loop
vertex -71.826 89.902 20.0
vertex -66.129 87.997 20.0
vertex -70.689 92.832 20.0
endloop
endfacet
facet normal 0.0 -0.0 0.9999999999999999
outer loop
vertex -70.689 92.832 20.0
vertex -64.136 94.181 20.0
vertex -69.913 95.807 20.0
endloop
endfacet
facet normal -0.0 -0.0 1.0
outer loop
vertex -69.913 95.807 20.0
vertex -64.136 94.181 20.0
vertex -68.205 101.463 20.0
endloop
endfacet
facet normal 0.0 -0.0 1.0
outer loop
vertex -66.129 87.997 20.0
vertex -64.884 91.316 20.0
vertex -70.689 92.832 20.0
endloop
endfacet
facet normal -0.0 0.0 1.0
outer loop
vertex -70.689 92.832 20.0
vertex -64.884 91.316 20.0
vertex -64.136 94.181 20.0
endloop
endfacet
facet normal -0.9573029679716691 0.28908653983302895 0.0
outer loop
vertex -69.913 95.807 20.0
vertex -68.205 101.463 20.0
vertex -69.913 95.807 18.0
endloop
endfacet
facet normal -0.942452947314909 0.33433881332780013 0.0
outer loop
vertex -68.205 101.463 20.0
vertex -67.261 104.124 20.0
vertex -68.205 101.463 18.0
endloop
endfacet
facet normal -0.9283503568133863 0.3717063558838594 0.0
outer loop
vertex -67.261 104.124 20.0
vertex -66.246 106.659 20.0
vertex -67.261 104.124 18.0
endloop
endfacet
facet normal -0.0 0.0 0.9999999999999999
outer loop
vertex -68.205 101.463 20.0
vertex -64.136 94.181 20.0
vertex -62.503 99.592 20.0
endloop
endfacet
facet normal -0.0 -0.0 1.0
outer loop
vertex -68.205 101.463 20.0
vertex -62.503 99.592 20.0
vertex -67.261 104.124 20.0
endloop
endfacet
facet normal -0.9283503568133863 0.3717063558838594 0.0
outer loop
vertex -66.246 106.659 20.0
vertex -66.246 106.659 18.0
vertex -67.261 104.124 18.0
endloop
endfacet
facet normal -0.9102234321226608 0.41411749976889867 0.0
outer loop
vertex -65.155 109.057 20.0
vertex -65.155 109.057 18.0
vertex -66.246 106.659 18.0
endloop
endfacet
facet normal -0.9102234321226608 0.41411749976889867 0.0
outer loop
vertex -66.246 106.659 20.0
vertex -65.155 109.057 20.0
vertex -66.246 106.659 18.0
endloop
endfacet
facet normal -0.8865778264262615 0.4625794609462093 0.0
outer loop
vertex -65.155 109.057 20.0
vertex -63.98 111.309 20.0
vertex -65.155 109.057 18.0
endloop
endfacet
facet normal 0.0 -0.0 0.9999999999999999
outer loop
vertex -67.261 104.124 20.0
vertex -60.728 104.3 20.0
vertex -66.246 106.659 20.0
endloop
endfacet
facet normal -0.12193308370436383 -0.9925383232391304 -0.0
outer loop
vertex -65.045 67.817 20.0
vertex -65.045 67.817 18.0
vertex -58.476 67.01 18.0
endloop
endfacet
facet normal 0.12201667741811999 0.9925280501990071 0.0
outer loop
vertex -58.204 71.976 20.0
vertex -58.204 71.976 18.0
vertex -65.045 72.817 18.0
endloop
endfacet
facet normal -0.22338250918662822 -0.974730862643369 -0.0
outer loop
vertex -58.476 67.01 20.0
vertex -58.476 67.01 18.0
vertex -52.402 65.618 18.0
endloop
endfacet
facet normal -0.12193308370436383 -0.9925383232391304 0.0
outer loop
vertex -65.045 67.817 20.0
vertex -58.476 67.01 18.0
vertex -58.476 67.01 20.0
endloop
endfacet
facet normal 0.12201667741811999 0.9925280501990071 0.0
outer loop
vertex -65.045 72.817 20.0
vertex -58.204 71.976 20.0
vertex -65.045 72.817 18.0
endloop
endfacet
facet normal 0.0 -0.0 1.0
outer loop
vertex -65.045 67.817 20.0
vertex -58.204 71.976 20.0
vertex -65.045 72.817 20.0
endloop
endfacet
facet normal -0.0 0.0 1.0
outer loop
vertex -65.045 67.817 20.0
vertex -58.476 67.01 20.0
vertex -58.204 71.976 20.0
endloop
endfacet
facet normal -0.22338250918662822 -0.974730862643369 0.0
outer loop
vertex -58.476 67.01 20.0
vertex -52.402 65.618 18.0
vertex -52.402 65.618 20.0
endloop
endfacet
facet normal 0.21988828007319808 0.9755250608192753 0.0
outer loop
vertex -58.204 71.976 20.0
vertex -50.489 70.237 20.0
vertex -58.204 71.976 18.0
endloop
endfacet
facet normal 0.0 -0.0 1.0
outer loop
vertex -58.476 67.01 20.0
vertex -50.489 70.237 20.0
vertex -58.204 71.976 20.0
endloop
endfacet
facet normal -0.3166577803079154 -0.9485398516511913 -0.0
outer loop
vertex -52.402 65.618 20.0
vertex -52.402 65.618 18.0
vertex -45.785 63.409 18.0
endloop
endfacet
facet normal 0.21988828007319808 0.9755250608192753 0.0
outer loop
vertex -50.489 70.237 20.0
vertex -50.489 70.237 18.0
vertex -58.204 71.976 18.0
endloop
endfacet
facet normal -0.4025617268892399 -0.9153928424692609 -0.0
outer loop
vertex -45.785 63.409 20.0
vertex -45.785 63.409 18.0
vertex -39.368 60.587 18.0
endloop
endfacet
facet normal 0.31661472918992634 0.9485542226251432 0.0
outer loop
vertex -43.871 68.028 20.0
vertex -43.871 68.028 18.0
vertex -50.489 70.237 18.0
endloop
endfacet
facet normal -0.0 -0.0 1.0
outer loop
vertex -52.402 65.618 20.0
vertex -45.785 63.409 20.0
vertex -50.489 70.237 20.0
endloop
endfacet
facet normal -0.0 0.0 1.0
outer loop
vertex -58.476 67.01 20.0
vertex -52.402 65.618 20.0
vertex -50.489 70.237 20.0
endloop
endfacet
facet normal -0.3166577803079154 -0.9485398516511913 0.0
outer loop
vertex -52.402 65.618 20.0
vertex -45.785 63.409 18.0
vertex -45.785 63.409 20.0
endloop
endfacet
facet normal -0.0 0.0 1.0
outer loop
vertex -50.489 70.237 20.0
vertex -45.785 63.409 20.0
vertex -43.871 68.028 20.0
endloop
endfacet
facet normal 0.31661472918992634 0.9485542226251432 0.0
outer loop
vertex -50.489 70.237 20.0
vertex -43.871 68.028 20.0
vertex -50.489 70.237 18.0
endloop
endfacet
facet normal -0.8554169890637738 0.5179398477895325 -0.0002981489953388136
outer loop
vertex -62.967 112.985 16.0
vertex -62.855 113.171 17.778
vertex -62.714 113.404 18.0
endloop
endfacet
facet normal 0.9573526444221341 -0.28892198638723715 0.0
outer loop
vertex -64.136 94.181 20.0
vertex -64.136 94.181 18.0
vertex -62.503 99.592 18.0
endloop
endfacet
facet normal 0.9357069662525824 -0.3527782211338855 0.0
outer loop
vertex -62.503 99.592 20.0
vertex -62.503 99.592 18.0
vertex -60.728 104.3 18.0
endloop
endfacet
facet normal 0.9675670435946799 -0.25261436251616975 0.0
outer loop
vertex -64.884 91.316 20.0
vertex -64.136 94.181 18.0
vertex -64.136 94.181 20.0
endloop
endfacet
facet normal 0.9573526444221341 -0.28892198638723715 0.0
outer loop
vertex -64.136 94.181 20.0
vertex -62.503 99.592 18.0
vertex -62.503 99.592 20.0
endloop
endfacet
facet normal 0.9357069662525824 -0.3527782211338855 0.0
outer loop
vertex -62.503 99.592 20.0
vertex -60.728 104.3 18.0
vertex -60.728 104.3 20.0
endloop
endfacet
facet normal -0.0 0.0 1.0
outer loop
vertex -67.261 104.124 20.0
vertex -62.503 99.592 20.0
vertex -60.728 104.3 20.0
endloop
endfacet
facet normal -0.8559070645946961 0.5171296711434095 0.0
outer loop
vertex -63.98 111.309 18.0
vertex -62.855 113.171 17.778
vertex -63.98 111.309 17.778
endloop
endfacet
facet normal -0.8865778264262615 0.4625794609462093 0.0
outer loop
vertex -63.98 111.309 20.0
vertex -63.98 111.309 18.0
vertex -65.155 109.057 18.0
endloop
endfacet
facet normal 0.9101903711741244 -0.4141901594942951 0.0
outer loop
vertex -60.728 104.3 20.0
vertex -60.728 104.3 18.0
vertex -59.761 106.425 18.0
endloop
endfacet
facet normal 0.8865278320552271 -0.4626752673219725 0.0
outer loop
vertex -59.761 106.425 20.0
vertex -59.761 106.425 18.0
vertex -58.748 108.366 18.0
endloop
endfacet
facet normal -0.8559025653133971 0.5171371108621671 8.520021526004815e-05
outer loop
vertex -62.714 113.404 20.0
vertex -62.855 113.171 17.778
vertex -63.98 111.309 18.0
endloop
endfacet
facet normal -0.8555428803175252 0.5177319576170591 0.0
outer loop
vertex -62.855 113.171 17.778
vertex -62.714 113.404 20.0
vertex -62.714 113.404 18.0
endloop
endfacet
facet normal -0.8160744420942697 0.5779468011508726 0.0
outer loop
vertex -61.35 115.33 20.0
vertex -61.35 115.33 18.0
vertex -62.714 113.404 18.0
endloop
endfacet
facet normal -0.7659549989264471 0.6428941900651974 0.0
outer loop
vertex -59.882 117.079 20.0
vertex -59.882 117.079 18.0
vertex -61.35 115.33 18.0
endloop
endfacet
facet normal 0.8557168607747223 -0.5174443488780749 0.0
outer loop
vertex -58.748 108.366 20.0
vertex -58.748 108.366 18.0
vertex -57.691 110.114 18.0
endloop
endfacet
facet normal 0.8163974460794067 -0.5774904415096602 0.0
outer loop
vertex -57.691 110.114 20.0
vertex -57.691 110.114 18.0
vertex -56.596 111.662 18.0
endloop
endfacet
facet normal 0.765693641443071 -0.6432054473134146 0.0
outer loop
vertex -56.596 111.662 20.0
vertex -56.596 111.662 18.0
vertex -55.467 113.006 18.0
endloop
endfacet
facet normal -0.7023635312100034 0.711818424899366 0.0
outer loop
vertex -58.301 118.639 20.0
vertex -58.301 118.639 18.0
vertex -59.882 117.079 18.0
endloop
endfacet
facet normal -0.6251991011277527 0.7804652996444172 0.0
outer loop
vertex -56.602 120.0 20.0
vertex -56.602 120.0 18.0
vertex -58.301 118.639 18.0
endloop
endfacet
facet normal 0.7024794997808755 -0.7117039780608302 0.0
outer loop
vertex -55.467 113.006 20.0
vertex -55.467 113.006 18.0
vertex -54.464 113.996 18.0
endloop
endfacet
facet normal -0.8558665666835132 0.5171966937571966 0.0
outer loop
vertex -63.98 111.309 20.0
vertex -62.714 113.404 20.0
vertex -63.98 111.309 18.0
endloop
endfacet
facet normal 0.9101903711741244 -0.4141901594942951 0.0
outer loop
vertex -60.728 104.3 20.0
vertex -59.761 106.425 18.0
vertex -59.761 106.425 20.0
endloop
endfacet
facet normal -0.0 -0.0 0.9999999999999999
outer loop
vertex -66.246 106.659 20.0
vertex -60.728 104.3 20.0
vertex -65.155 109.057 20.0
endloop
endfacet
facet normal -0.0 -0.0 1.0
outer loop
vertex -65.155 109.057 20.0
vertex -59.761 106.425 20.0
vertex -63.98 111.309 20.0
endloop
endfacet
facet normal -0.0 0.0 1.0
outer loop
vertex -65.155 109.057 20.0
vertex -60.728 104.3 20.0
vertex -59.761 106.425 20.0
endloop
endfacet
facet normal -0.0 0.0 1.0
outer loop
vertex -63.98 111.309 20.0
vertex -59.761 106.425 20.0
vertex -58.748 108.366 20.0
endloop
endfacet
facet normal -0.0 -0.0 1.0
outer loop
vertex -63.98 111.309 20.0
vertex -58.748 108.366 20.0
vertex -62.714 113.404 20.0
endloop
endfacet
facet normal -0.0 0.0 1.0
outer loop
vertex -62.714 113.404 20.0
vertex -58.748 108.366 20.0
vertex -57.691 110.114 20.0
endloop
endfacet
facet normal -0.8160744420942697 0.5779468011508726 0.0
outer loop
vertex -62.714 113.404 20.0
vertex -61.35 115.33 20.0
vertex -62.714 113.404 18.0
endloop
endfacet
facet normal -0.7659549989264471 0.6428941900651974 0.0
outer loop
vertex -61.35 115.33 20.0
vertex -59.882 117.079 20.0
vertex -61.35 115.33 18.0
endloop
endfacet
facet normal -0.7023635312100034 0.711818424899366 0.0
outer loop
vertex -59.882 117.079 20.0
vertex -58.301 118.639 20.0
vertex -59.882 117.079 18.0
endloop
endfacet
facet normal -0.0 -0.0 0.9999999999999999
outer loop
vertex -62.714 113.404 20.0
vertex -56.596 111.662 20.0
vertex -61.35 115.33 20.0
endloop
endfacet
facet normal 0.8865278320552271 -0.4626752673219725 0.0
outer loop
vertex -59.761 106.425 20.0
vertex -58.748 108.366 18.0
vertex -58.748 108.366 20.0
endloop
endfacet
facet normal 0.8557168607747223 -0.5174443488780749 0.0
outer loop
vertex -58.748 108.366 20.0
vertex -57.691 110.114 18.0
vertex -57.691 110.114 20.0
endloop
endfacet
facet normal 0.8163974460794067 -0.5774904415096602 0.0
outer loop
vertex -57.691 110.114 20.0
vertex -56.596 111.662 18.0
vertex -56.596 111.662 20.0
endloop
endfacet
facet normal -0.0 0.0 0.9999999999999999
outer loop
vertex -62.714 113.404 20.0
vertex -57.691 110.114 20.0
vertex -56.596 111.662 20.0
endloop
endfacet
facet normal -0.6251991011277527 0.7804652996444172 0.0
outer loop
vertex -58.301 118.639 20.0
vertex -56.602 120.0 20.0
vertex -58.301 118.639 18.0
endloop
endfacet
facet normal 0.765693641443071 -0.6432054473134146 0.0
outer loop
vertex -56.596 111.662 20.0
vertex -55.467 113.006 18.0
vertex -55.467 113.006 20.0
endloop
endfacet
facet normal 0.7024794997808755 -0.7117039780608302 0.0
outer loop
vertex -55.467 113.006 20.0
vertex -54.464 113.996 18.0
vertex -54.464 113.996 20.0
endloop
endfacet
facet normal -0.0 -0.0 1.0
outer loop
vertex -61.35 115.33 20.0
vertex -55.467 113.006 20.0
vertex -59.882 117.079 20.0
endloop
endfacet
facet normal -0.0 0.0 1.0
outer loop
vertex -61.35 115.33 20.0
vertex -56.596 111.662 20.0
vertex -55.467 113.006 20.0
endloop
endfacet
facet normal -0.0 0.0 1.0
outer loop
vertex -59.882 117.079 20.0
vertex -55.467 113.006 20.0
vertex -54.464 113.996 20.0
endloop
endfacet
facet normal -0.0 -0.0 0.9999999999999999
outer loop
vertex -59.882 117.079 20.0
vertex -54.464 113.996 20.0
vertex -58.301 118.639 20.0
endloop
endfacet
facet normal -0.0 -0.0 0.9999999999999999
outer loop
vertex -58.301 118.639 20.0
vertex -54.464 113.996 20.0
vertex -56.602 120.0 20.0
endloop
endfacet
facet normal -0.5476905200743971 0.8366809990794798 0.0
outer loop
vertex -43.346 0.807 0.0
vertex -43.346 0.807 16.0
vertex -36.551 5.255 16.0
endloop
endfacet
facet normal -0.6013744489982198 0.7989673160349474 0.0
outer loop
vertex -36.551 5.255 0.0
vertex -36.551 5.255 16.0
vertex -29.394 10.642 16.0
endloop
endfacet
facet normal 0.6013706653457485 -0.7989701639370597 0.0
outer loop
vertex -25.858 7.107 0.0
vertex -25.858 7.107 16.0
vertex -33.128 1.635 16.0
endloop
endfacet
facet normal -0.6271973301649669 0.7788603912344866 0.0
outer loop
vertex -29.394 10.642 0.0
vertex -29.394 10.642 16.0
vertex -15.102 22.151 16.0
endloop
endfacet
facet normal -0.9302034519408375 -0.36704432701970735 0.0
outer loop
vertex -32.478 48.023 0.0
vertex -32.478 48.023 16.0
vertex -33.367 50.276 16.0
endloop
endfacet
facet normal -0.9665993264882141 -0.2562922980359161 0.0
outer loop
vertex -33.367 50.276 0.0
vertex -33.367 50.276 16.0
vertex -34.019 52.735 16.0
endloop
endfacet
facet normal -0.4821005344719721 -0.8761159025276501 0.0
outer loop
vertex -34.743 58.042 0.0
vertex -34.743 58.042 16.0
vertex -39.368 60.587 16.0
endloop
endfacet
facet normal -0.9876813514784631 -0.15647858620807129 0.0
outer loop
vertex -34.019 52.735 0.0
vertex -34.019 52.735 16.0
vertex -34.673 56.863 16.0
endloop
endfacet
facet normal -0.9982421082240553 -0.05926797928387111 0.0
outer loop
vertex -34.673 56.863 0.0
vertex -34.673 56.863 16.0
vertex -34.743 58.042 16.0
endloop
endfacet
facet normal -0.8056917973428829 -0.5923349792933006 0.0
outer loop
vertex -29.896 43.969 0.0
vertex -29.896 43.969 16.0
vertex -31.323 45.91 16.0
endloop
endfacet
facet normal -0.7149376068665149 -0.6991882566862669 0.0
outer loop
vertex -28.209 42.244 0.0
vertex -28.209 42.244 16.0
vertex -29.896 43.969 16.0
endloop
endfacet
facet normal -0.6442078805327179 -0.7648504472506658 0.0
outer loop
vertex -27.556 41.694 0.0
vertex -27.556 41.694 16.0
vertex -28.209 42.244 16.0
endloop
endfacet
facet normal -0.5690796098265726 -0.8222824318198922 0.0
outer loop
vertex -25.588 40.332 0.0
vertex -25.588 40.332 16.0
vertex -27.556 41.694 16.0
endloop
endfacet
facet normal -0.45276448294807053 -0.8916301492102913 0.0
outer loop
vertex -23.471 39.257 0.0
vertex -23.471 39.257 16.0
vertex -25.588 40.332 16.0
endloop
endfacet
facet normal -0.33756724867609716 -0.9413014143308454 0.0
outer loop
vertex -21.243 38.458 0.0
vertex -21.243 38.458 16.0
vertex -23.471 39.257 16.0
endloop
endfacet
facet normal -0.8774667256794474 -0.4796375145100613 0.0
outer loop
vertex -31.323 45.91 0.0
vertex -31.323 45.91 16.0
vertex -32.478 48.023 16.0
endloop
endfacet
facet normal 0.9235916635000188 0.3833776716415137 0.0
outer loop
vertex -26.934 50.319 0.0
vertex -27.066 50.637 16.0
vertex -26.934 50.319 16.0
endloop
endfacet
facet normal 0.9239108603266327 0.3826077915705606 -0.0
outer loop
vertex -27.594 51.912 0.0
vertex -27.594 51.912 16.0
vertex -27.066 50.637 16.0
endloop
endfacet
facet normal 0.9621195612185477 0.27262785976607234 -0.0
outer loop
vertex -28.093 53.673 0.0
vertex -28.093 53.673 16.0
vertex -27.594 51.912 16.0
endloop
endfacet
facet normal 0.9877183037506554 0.1562451677202463 -0.0
outer loop
vertex -28.746 57.801 0.0
vertex -28.746 57.801 16.0
vertex -28.093 53.673 16.0
endloop
endfacet
facet normal 0.9998647433065152 -0.016446735013265813 0.0
outer loop
vertex -28.712 59.868 0.0
vertex -28.712 59.868 16.0
vertex -28.746 57.801 16.0
endloop
endfacet
facet normal 0.7916170200417392 0.6110175886013729 -0.0
outer loop
vertex -26.117 48.893 0.0
vertex -26.117 48.893 16.0
vertex -25.146 47.635 16.0
endloop
endfacet
facet normal 0.697443790084571 0.7166394907291035 -0.0
outer loop
vertex -25.146 47.635 0.0
vertex -25.146 47.635 16.0
vertex -24.026 46.545 16.0
endloop
endfacet
facet normal 0.8676809193942604 0.49712153656739827 -0.0
outer loop
vertex -26.934 50.319 0.0
vertex -26.934 50.319 16.0
vertex -26.117 48.893 16.0
endloop
endfacet
facet normal 0.5880958428951414 0.8087912459772628 -0.0
outer loop
vertex -24.026 46.545 0.0
vertex -24.026 46.545 16.0
vertex -22.758 45.623 16.0
endloop
endfacet
facet normal 0.4717878378768039 0.88171210495917 -0.0
outer loop
vertex -22.758 45.623 0.0
vertex -22.758 45.623 16.0
vertex -21.347 44.868 16.0
endloop
endfacet
facet normal 0.6271873639383649 -0.7788684166892665 0.0
outer loop
vertex -11.737 18.478 0.0
vertex -11.737 18.478 16.0
vertex -25.858 7.107 16.0
endloop
endfacet
facet normal -0.5359891917506168 0.8442248434667867 0.0
outer loop
vertex -15.102 22.151 0.0
vertex -15.102 22.151 16.0
vertex -6.532 27.592 16.0
endloop
endfacet
facet normal 0.5339438294767668 -0.8455199506597615 0.0
outer loop
vertex -4.619 22.973 0.0
vertex -4.619 22.973 16.0
vertex -11.737 18.478 16.0
endloop
endfacet
facet normal -0.3546892905817502 0.9349842282876298 0.0
outer loop
vertex -6.532 27.592 0.0
vertex -6.532 27.592 16.0
vertex 2.312 30.947 16.0
endloop
endfacet
facet normal -0.22744264625060334 -0.9737914780211023 0.0
outer loop
vertex -18.931 37.918 0.0
vertex -18.931 37.918 16.0
vertex -21.243 38.458 16.0
endloop
endfacet
facet normal 0.24104635445094738 0.9705136037201686 -0.0
outer loop
vertex -19.796 44.281 0.0
vertex -19.796 44.281 16.0
vertex -18.109 43.862 16.0
endloop
endfacet
facet normal -0.12567350669935187 -0.9920716555339578 0.0
outer loop
vertex -16.547 37.616 0.0
vertex -16.547 37.616 16.0
vertex -18.931 37.918 16.0
endloop
endfacet
facet normal 0.13675250975947345 0.9906052448248421 -0.0
outer loop
vertex -18.109 43.862 0.0
vertex -18.109 43.862 16.0
vertex -16.653 43.661 16.0
endloop
endfacet
facet normal 0.13912943373064207 0.9902742047886489 0.0
outer loop
vertex -16.29 43.61 0.0
vertex -16.653 43.661 16.0
vertex -16.29 43.61 16.0
endloop
endfacet
facet normal -0.043238546853612454 -0.9990647767116944 0.0
outer loop
vertex -14.583 37.531 0.0
vertex -14.583 37.531 16.0
vertex -16.547 37.616 16.0
endloop
endfacet
facet normal 0.04688325517686747 -0.9989003756051055 0.0
outer loop
vertex -13.539 37.58 0.0
vertex -13.539 37.58 16.0
vertex -14.583 37.531 16.0
endloop
endfacet
facet normal 0.04290916122604694 0.9990789778004925 -0.0
outer loop
vertex -16.29 43.61 0.0
vertex -16.29 43.61 16.0
vertex -14.73 43.543 16.0
endloop
endfacet
facet normal 0.043660127168142784 0.9990464393183341 -7.335543424838301e-05
outer loop
vertex -16.29 43.61 0.0
vertex -14.73 43.543 16.0
vertex -14.341 43.526 16.0
endloop
endfacet
facet normal 0.13360157073800905 -0.9910351256622224 0.0
outer loop
vertex -10.379 38.006 0.0
vertex -10.379 38.006 16.0
vertex -13.539 37.58 16.0
endloop
endfacet
facet normal -0.1336925901862451 0.9910228510631289 0.0
outer loop
vertex -14.341 43.526 0.0
vertex -14.341 43.526 16.0
vertex -11.072 43.967 16.0
endloop
endfacet
facet normal 0.35396337801714434 0.9352592833127571 0.0
outer loop
vertex -21.347 44.868 0.0
vertex -19.796 44.281 18.0
vertex -19.796 44.281 16.0
endloop
endfacet
facet normal 0.35396337801714434 0.9352592833127571 -0.0
outer loop
vertex -21.347 44.868 0.0
vertex -21.347 44.868 16.0
vertex -19.796 44.281 20.0
endloop
endfacet
facet normal 0.09749517660352978 -0.9952359974091806 0.0
outer loop
vertex -7.337 38.304 0.0
vertex -7.337 38.304 16.0
vertex -10.379 38.006 16.0
endloop
endfacet
facet normal -0.09744683653001637 0.9952407317078077 0.0
outer loop
vertex -11.072 43.967 0.0
vertex -11.072 43.967 16.0
vertex -7.814 44.286 16.0
endloop
endfacet
facet normal 0.061391916382039585 -0.9981137373079987 0.0
outer loop
vertex -4.313 38.49 0.0
vertex -4.313 38.49 16.0
vertex -7.337 38.304 16.0
endloop
endfacet
facet normal -0.0261918847268132 0.9996569337399992 0.0
outer loop
vertex -4.577 44.486 0.0
vertex -4.577 44.486 16.0
vertex -1.371 44.57 16.0
endloop
endfacet
facet normal 0.02636812412181936 -0.9996523005677006 0.0
outer loop
vertex -1.318 38.569 0.0
vertex -1.318 38.569 16.0
vertex -4.313 38.49 16.0
endloop
endfacet
facet normal -0.06140631724166505 0.9981128514365578 0.0
outer loop
vertex -7.814 44.286 0.0
vertex -7.814 44.286 16.0
vertex -4.937 44.463 17.778
endloop
endfacet
facet normal -0.06271397302559505 0.998031518771952 0.00021242668309156442
outer loop
vertex -7.814 44.286 0.0
vertex -4.937 44.463 17.778
vertex -4.577 44.486 16.0
endloop
endfacet
facet normal 0.008534539802150935 0.9999635801519801 -0.0
outer loop
vertex -1.371 44.57 0.0
vertex -1.371 44.57 16.0
vertex 1.441 44.546 17.778
endloop
endfacet
facet normal 0.35396337801714434 0.9352592833127571 0.0
outer loop
vertex -21.347 44.868 0.0
vertex -19.796 44.281 20.0
vertex -19.796 44.281 18.0
endloop
endfacet
facet normal -0.5476905200743971 0.8366809990794798 0.0
outer loop
vertex -36.551 5.255 20.0
vertex -36.551 5.255 18.0
vertex -43.346 0.807 18.0
endloop
endfacet
facet normal -0.5476905200743971 0.8366809990794798 0.0
outer loop
vertex -43.346 0.807 20.0
vertex -36.551 5.255 20.0
vertex -43.346 0.807 18.0
endloop
endfacet
facet normal -0.6013744489982198 0.7989673160349474 0.0
outer loop
vertex -36.551 5.255 20.0
vertex -29.394 10.642 20.0
vertex -36.551 5.255 18.0
endloop
endfacet
facet normal 0.0 -0.0 1.0
outer loop
vertex -43.346 0.807 20.0
vertex -33.128 1.635 20.0
vertex -36.551 5.255 20.0
endloop
endfacet
facet normal -0.0 0.0 1.0
outer loop
vertex -36.551 5.255 20.0
vertex -33.128 1.635 20.0
vertex -29.394 10.642 20.0
endloop
endfacet
facet normal 0.6013706653457485 -0.7989701639370597 0.0
outer loop
vertex -33.128 1.635 20.0
vertex -33.128 1.635 18.0
vertex -25.858 7.107 18.0
endloop
endfacet
facet normal -0.6013744489982198 0.7989673160349474 0.0
outer loop
vertex -29.394 10.642 20.0
vertex -29.394 10.642 18.0
vertex -36.551 5.255 18.0
endloop
endfacet
facet normal 0.6013706653457485 -0.7989701639370597 0.0
outer loop
vertex -33.128 1.635 20.0
vertex -25.858 7.107 18.0
vertex -25.858 7.107 20.0
endloop
endfacet
facet normal 0.0 -0.0 1.0
outer loop
vertex -33.128 1.635 20.0
vertex -25.858 7.107 20.0
vertex -29.394 10.642 20.0
endloop
endfacet
facet normal -0.6271973301649669 0.7788603912344866 0.0
outer loop
vertex -29.394 10.642 20.0
vertex -15.102 22.151 20.0
vertex -29.394 10.642 18.0
endloop
endfacet
facet normal -0.0 0.0 1.0
outer loop
vertex -29.394 10.642 20.0
vertex -25.858 7.107 20.0
vertex -15.102 22.151 20.0
endloop
endfacet
facet normal 0.9239108603266327 0.3826077915705606 -0.0
outer loop
vertex -27.066 50.637 16.0
vertex -27.594 51.912 16.0
vertex -27.594 51.912 18.0
endloop
endfacet
facet normal 0.9238754870962662 0.38269319339971003 -6.378219889955935e-05
outer loop
vertex -27.594 51.912 18.0
vertex -27.0 50.478 18.0
vertex -27.066 50.637 16.0
endloop
endfacet
facet normal -0.4821005344719721 -0.8761159025276501 -0.0
outer loop
vertex -39.368 60.587 20.0
vertex -39.368 60.587 18.0
vertex -34.743 58.042 18.0
endloop
endfacet
facet normal -0.9665993264882141 -0.2562922980359161 -0.0
outer loop
vertex -34.019 52.735 20.0
vertex -34.019 52.735 18.0
vertex -33.367 50.276 18.0
endloop
endfacet
facet normal -0.9302034519408375 -0.36704432701970735 -0.0
outer loop
vertex -33.367 50.276 20.0
vertex -33.367 50.276 18.0
vertex -32.478 48.023 18.0
endloop
endfacet
facet normal -0.9876813514784631 -0.15647858620807129 -0.0
outer loop
vertex -34.673 56.863 20.0
vertex -34.673 56.863 18.0
vertex -34.019 52.735 18.0
endloop
endfacet
facet normal -0.9982421082240553 -0.05926797928387111 -0.0
outer loop
vertex -34.743 58.042 20.0
vertex -34.743 58.042 18.0
vertex -34.673 56.863 18.0
endloop
endfacet
facet normal -0.9302034519408375 -0.36704432701970735 0.0
outer loop
vertex -32.478 48.023 20.0
vertex -33.367 50.276 20.0
vertex -32.478 48.023 18.0
endloop
endfacet
facet normal -0.9665993264882141 -0.2562922980359161 0.0
outer loop
vertex -33.367 50.276 20.0
vertex -34.019 52.735 20.0
vertex -33.367 50.276 18.0
endloop
endfacet
facet normal -0.4821005344719721 -0.8761159025276501 0.0
outer loop
vertex -34.743 58.042 20.0
vertex -39.368 60.587 20.0
vertex -34.743 58.042 18.0
endloop
endfacet
facet normal -0.9876813514784631 -0.15647858620807129 0.0
outer loop
vertex -34.019 52.735 20.0
vertex -34.673 56.863 20.0
vertex -34.019 52.735 18.0
endloop
endfacet
facet normal -0.9982421082240553 -0.05926797928387111 0.0
outer loop
vertex -34.673 56.863 20.0
vertex -34.743 58.042 20.0
vertex -34.673 56.863 18.0
endloop
endfacet
facet normal 0.0 -0.0 1.0
outer loop
vertex -34.019 52.735 20.0
vertex -28.746 57.801 20.0
vertex -34.673 56.863 20.0
endloop
endfacet
facet normal 0.0 -0.0 1.0
outer loop
vertex -34.673 56.863 20.0
vertex -28.746 57.801 20.0
vertex -34.743 58.042 20.0
endloop
endfacet
facet normal -0.0 -0.0 1.0
outer loop
vertex -34.743 58.042 20.0
vertex -28.746 57.801 20.0
vertex -34.116 63.369 20.0
endloop
endfacet
facet normal -0.7149376068665149 -0.6991882566862669 -0.0
outer loop
vertex -29.896 43.969 20.0
vertex -29.896 43.969 18.0
vertex -28.209 42.244 18.0
endloop
endfacet
facet normal -0.6442078805327179 -0.7648504472506658 -0.0
outer loop
vertex -28.209 42.244 20.0
vertex -28.209 42.244 18.0
vertex -27.556 41.694 18.0
endloop
endfacet
facet normal -0.5690796098265726 -0.8222824318198922 -0.0
outer loop
vertex -27.556 41.694 20.0
vertex -27.556 41.694 18.0
vertex -25.588 40.332 18.0
endloop
endfacet
facet normal -0.45276448294807053 -0.8916301492102913 -0.0
outer loop
vertex -25.588 40.332 20.0
vertex -25.588 40.332 18.0
vertex -23.471 39.257 18.0
endloop
endfacet
facet normal -0.33756724867609716 -0.9413014143308454 -0.0
outer loop
vertex -23.471 39.257 20.0
vertex -23.471 39.257 18.0
vertex -21.243 38.458 18.0
endloop
endfacet
facet normal -0.8056917973428829 -0.5923349792933006 0.0
outer loop
vertex -29.896 43.969 20.0
vertex -31.323 45.91 20.0
vertex -29.896 43.969 18.0
endloop
endfacet
facet normal -0.7149376068665149 -0.6991882566862669 0.0
outer loop
vertex -29.896 43.969 20.0
vertex -28.209 42.244 18.0
vertex -28.209 42.244 20.0
endloop
endfacet
facet normal -0.6442078805327179 -0.7648504472506658 0.0
outer loop
vertex -28.209 42.244 20.0
vertex -27.556 41.694 18.0
vertex -27.556 41.694 20.0
endloop
endfacet
facet normal -0.0 0.0 1.0
outer loop
vertex -29.896 43.969 20.0
vertex -28.209 42.244 20.0
vertex -25.146 47.635 20.0
endloop
endfacet
facet normal -0.5690796098265726 -0.8222824318198922 0.0
outer loop
vertex -27.556 41.694 20.0
vertex -25.588 40.332 18.0
vertex -25.588 40.332 20.0
endloop
endfacet
facet normal -0.45276448294807053 -0.8916301492102913 0.0
outer loop
vertex -25.588 40.332 20.0
vertex -23.471 39.257 18.0
vertex -23.471 39.257 20.0
endloop
endfacet
facet normal -0.33756724867609716 -0.9413014143308454 0.0
outer loop
vertex -23.471 39.257 20.0
vertex -21.243 38.458 18.0
vertex -21.243 38.458 20.0
endloop
endfacet
facet normal -0.0 0.0 1.0
outer loop
vertex -28.209 42.244 20.0
vertex -27.556 41.694 20.0
vertex -24.026 46.545 20.0
endloop
endfacet
facet normal -0.0 0.0 1.0
outer loop
vertex -27.556 41.694 20.0
vertex -25.588 40.332 20.0
vertex -22.758 45.623 20.0
endloop
endfacet
facet normal 0.0 -0.0 1.0
outer loop
vertex -27.556 41.694 20.0
vertex -22.758 45.623 20.0
vertex -24.026 46.545 20.0
endloop
endfacet
facet normal -0.0 0.0 1.0
outer loop
vertex -25.588 40.332 20.0
vertex -23.471 39.257 20.0
vertex -21.347 44.868 20.0
endloop
endfacet
facet normal 0.0 -0.0 1.0
outer loop
vertex -25.588 40.332 20.0
vertex -21.347 44.868 20.0
vertex -22.758 45.623 20.0
endloop
endfacet
facet normal 0.0 -0.0 1.0
outer loop
vertex -23.471 39.257 20.0
vertex -19.796 44.281 20.0
vertex -21.347 44.868 20.0
endloop
endfacet
facet normal -0.8774667256794474 -0.4796375145100613 -0.0
outer loop
vertex -32.478 48.023 20.0
vertex -32.478 48.023 18.0
vertex -31.323 45.91 18.0
endloop
endfacet
facet normal -0.8056917973428829 -0.5923349792933006 -0.0
outer loop
vertex -31.323 45.91 20.0
vertex -31.323 45.91 18.0
vertex -29.896 43.969 18.0
endloop
endfacet
facet normal 0.9235916635000188 0.3833776716415137 0.0
outer loop
vertex -26.934 50.319 20.0
vertex -26.934 50.319 18.0
vertex -27.0 50.478 18.0
endloop
endfacet
facet normal 0.9621195612185477 0.27262785976607234 0.0
outer loop
vertex -27.594 51.912 20.0
vertex -27.594 51.912 18.0
vertex -28.093 53.673 18.0
endloop
endfacet
facet normal 0.923875488975507 0.38269319417814035 0.0
outer loop
vertex -27.594 51.912 20.0
vertex -27.0 50.478 18.0
vertex -27.594 51.912 18.0
endloop
endfacet
facet normal 0.9877183037506554 0.1562451677202463 0.0
outer loop
vertex -28.093 53.673 20.0
vertex -28.093 53.673 18.0
vertex -28.746 57.801 18.0
endloop
endfacet
facet normal 0.9998647433065152 -0.016446735013265813 0.0
outer loop
vertex -28.746 57.801 20.0
vertex -28.746 57.801 18.0
vertex -28.712 59.868 18.0
endloop
endfacet
facet normal 0.7916170200417392 0.6110175886013729 0.0
outer loop
vertex -25.146 47.635 20.0
vertex -25.146 47.635 18.0
vertex -26.117 48.893 18.0
endloop
endfacet
facet normal 0.697443790084571 0.7166394907291035 0.0
outer loop
vertex -24.026 46.545 20.0
vertex -24.026 46.545 18.0
vertex -25.146 47.635 18.0
endloop
endfacet
facet normal 0.8676809193942604 0.49712153656739827 0.0
outer loop
vertex -26.117 48.893 20.0
vertex -26.117 48.893 18.0
vertex -26.934 50.319 18.0
endloop
endfacet
facet normal 0.5880958428951414 0.8087912459772628 0.0
outer loop
vertex -22.758 45.623 20.0
vertex -22.758 45.623 18.0
vertex -24.026 46.545 18.0
endloop
endfacet
facet normal 0.4717878378768039 0.88171210495917 0.0
outer loop
vertex -21.347 44.868 20.0
vertex -21.347 44.868 18.0
vertex -22.758 45.623 18.0
endloop
endfacet
facet normal -0.8774667256794474 -0.4796375145100613 0.0
outer loop
vertex -32.478 48.023 20.0
vertex -31.323 45.91 18.0
vertex -31.323 45.91 20.0
endloop
endfacet
facet normal 0.9238471733136506 0.3827615407325869 -5.7414231109534975e-05
outer loop
vertex -26.934 50.319 20.0
vertex -27.0 50.478 18.0
vertex -27.594 51.912 20.0
endloop
endfacet
facet normal -0.0 0.0 1.0
outer loop
vertex -32.478 48.023 20.0
vertex -31.323 45.91 20.0
vertex -26.934 50.319 20.0
endloop
endfacet
facet normal 0.0 -0.0 1.0
outer loop
vertex -32.478 48.023 20.0
vertex -27.594 51.912 20.0
vertex -33.367 50.276 20.0
endloop
endfacet
facet normal 0.0 -0.0 1.0
outer loop
vertex -33.367 50.276 20.0
vertex -28.093 53.673 20.0
vertex -34.019 52.735 20.0
endloop
endfacet
facet normal 0.0 -0.0 1.0
outer loop
vertex -33.367 50.276 20.0
vertex -27.594 51.912 20.0
vertex -28.093 53.673 20.0
endloop
endfacet
facet normal 0.0 -0.0 1.0
outer loop
vertex -29.896 43.969 20.0
vertex -26.117 48.893 20.0
vertex -31.323 45.91 20.0
endloop
endfacet
facet normal 0.0 -0.0 1.0
outer loop
vertex -29.896 43.969 20.0
vertex -25.146 47.635 20.0
vertex -26.117 48.893 20.0
endloop
endfacet
facet normal 0.0 -0.0 1.0
outer loop
vertex -31.323 45.91 20.0
vertex -26.117 48.893 20.0
vertex -26.934 50.319 20.0
endloop
endfacet
facet normal 0.0 -0.0 1.0
outer loop
vertex -32.478 48.023 20.0
vertex -26.934 50.319 20.0
vertex -27.594 51.912 20.0
endloop
endfacet
facet normal 0.9621195612185477 0.27262785976607234 -0.0
outer loop
vertex -27.594 51.912 20.0
vertex -28.093 53.673 18.0
vertex -28.093 53.673 20.0
endloop
endfacet
facet normal 0.9877183037506554 0.1562451677202463 -0.0
outer loop
vertex -28.093 53.673 20.0
vertex -28.746 57.801 18.0
vertex -28.746 57.801 20.0
endloop
endfacet
facet normal 0.9998647433065152 -0.016446735013265813 0.0
outer loop
vertex -28.746 57.801 20.0
vertex -28.712 59.868 18.0
vertex -28.712 59.868 20.0
endloop
endfacet
facet normal 0.0 -0.0 1.0
outer loop
vertex -34.019 52.735 20.0
vertex -28.093 53.673 20.0
vertex -28.746 57.801 20.0
endloop
endfacet
facet normal 0.7916170200417392 0.6110175886013729 -0.0
outer loop
vertex -25.146 47.635 20.0
vertex -26.117 48.893 18.0
vertex -26.117 48.893 20.0
endloop
endfacet
facet normal 0.697443790084571 0.7166394907291035 0.0
outer loop
vertex -25.146 47.635 20.0
vertex -24.026 46.545 20.0
vertex -25.146 47.635 18.0
endloop
endfacet
facet normal 0.8676809193942604 0.49712153656739827 0.0
outer loop
vertex -26.934 50.319 20.0
vertex -26.117 48.893 20.0
vertex -26.934 50.319 18.0
endloop
endfacet
facet normal 0.5880958428951414 0.8087912459772628 0.0
outer loop
vertex -24.026 46.545 20.0
vertex -22.758 45.623 20.0
vertex -24.026 46.545 18.0
endloop
endfacet
facet normal 0.4717878378768039 0.88171210495917 0.0
outer loop
vertex -22.758 45.623 20.0
vertex -21.347 44.868 20.0
vertex -22.758 45.623 18.0
endloop
endfacet
facet normal 0.0 -0.0 1.0
outer loop
vertex -28.209 42.244 20.0
vertex -24.026 46.545 20.0
vertex -25.146 47.635 20.0
endloop
endfacet
facet normal 0.6271873639383649 -0.7788684166892665 0.0
outer loop
vertex -25.858 7.107 20.0
vertex -25.858 7.107 18.0
vertex -11.737 18.478 18.0
endloop
endfacet
facet normal 0.6271873639383649 -0.7788684166892665 0.0
outer loop
vertex -25.858 7.107 20.0
vertex -11.737 18.478 18.0
vertex -11.737 18.478 20.0
endloop
endfacet
facet normal -0.6271973301649669 0.7788603912344866 0.0
outer loop
vertex -15.102 22.151 20.0
vertex -15.102 22.151 18.0
vertex -29.394 10.642 18.0
endloop
endfacet
facet normal 0.0 -0.0 1.0
outer loop
vertex -25.858 7.107 20.0
vertex -11.737 18.478 20.0
vertex -15.102 22.151 20.0
endloop
endfacet
facet normal -0.5359891917506168 0.8442248434667867 0.0
outer loop
vertex -15.102 22.151 20.0
vertex -6.532 27.592 20.0
vertex -15.102 22.151 18.0
endloop
endfacet
facet normal -0.0 0.0 1.0
outer loop
vertex -15.102 22.151 20.0
vertex -11.737 18.478 20.0
vertex -6.532 27.592 20.0
endloop
endfacet
facet normal 0.5339438294767668 -0.8455199506597615 0.0
outer loop
vertex -11.737 18.478 20.0
vertex -11.737 18.478 18.0
vertex -4.619 22.973 18.0
endloop
endfacet
facet normal -0.5359891917506168 0.8442248434667867 0.0
outer loop
vertex -6.532 27.592 20.0
vertex -6.532 27.592 18.0
vertex -15.102 22.151 18.0
endloop
endfacet
facet normal 0.35461883594316834 -0.9350109524461797 0.0
outer loop
vertex -4.619 22.973 20.0
vertex -4.619 22.973 18.0
vertex 4.14 26.295 18.0
endloop
endfacet
facet normal -0.3546892905817502 0.9349842282876298 0.0
outer loop
vertex 2.312 30.947 20.0
vertex 2.312 30.947 18.0
vertex -6.532 27.592 18.0
endloop
endfacet
facet normal 0.5339438294767668 -0.8455199506597615 0.0
outer loop
vertex -11.737 18.478 20.0
vertex -4.619 22.973 18.0
vertex -4.619 22.973 20.0
endloop
endfacet
facet normal 0.0 -0.0 0.9999999999999999
outer loop
vertex -11.737 18.478 20.0
vertex -4.619 22.973 20.0
vertex -6.532 27.592 20.0
endloop
endfacet
facet normal -0.3546892905817502 0.9349842282876298 0.0
outer loop
vertex -6.532 27.592 20.0
vertex 2.312 30.947 20.0
vertex -6.532 27.592 18.0
endloop
endfacet
facet normal -0.0 0.0 1.0
outer loop
vertex -6.532 27.592 20.0
vertex -4.619 22.973 20.0
vertex 2.312 30.947 20.0
endloop
endfacet
facet normal 0.13675250975947345 0.9906052448248421 -0.0
outer loop
vertex -16.653 43.661 16.0
vertex -18.109 43.862 16.0
vertex -18.109 43.862 18.0
endloop
endfacet
facet normal 0.1372717164814906 0.990533355051445 0.0003852074158548974
outer loop
vertex -18.109 43.862 18.0
vertex -16.471 43.635 18.0
vertex -16.653 43.661 16.0
endloop
endfacet
facet normal 0.04366012512101606 0.9990463924752578 -0.000314891394044475
outer loop
vertex -14.73 43.543 16.0
vertex -14.557 43.536 17.778
vertex -14.341 43.526 16.0
endloop
endfacet
facet normal 0.04624676139487946 0.9989300461296 0.0
outer loop
vertex -14.557 43.536 17.778
vertex -14.341 43.526 18.0
vertex -14.341 43.526 16.0
endloop
endfacet
facet normal -0.06140631724166505 0.9981128514365578 0.0
outer loop
vertex -4.937 44.463 17.778
vertex -7.814 44.286 16.0
vertex -7.814 44.286 18.0
endloop
endfacet
facet normal -0.06375889618814942 0.9979653316407682 0.0
outer loop
vertex -4.937 44.463 17.778
vertex -4.577 44.486 18.0
vertex -4.577 44.486 16.0
endloop
endfacet
facet normal 0.008534539802150935 0.9999635801519801 0.0
outer loop
vertex -1.371 44.57 18.0
vertex 1.441 44.546 17.778
vertex -1.371 44.57 16.0
endloop
endfacet
facet normal 0.35396337801714434 0.9352592833127571 -0.0
outer loop
vertex -19.796 44.281 20.0
vertex -21.347 44.868 16.0
vertex -21.347 44.868 18.0
endloop
endfacet
facet normal -0.22744264625060334 -0.9737914780211023 -0.0
outer loop
vertex -21.243 38.458 20.0
vertex -21.243 38.458 18.0
vertex -18.931 37.918 18.0
endloop
endfacet
facet normal -0.12567350669935187 -0.9920716555339578 -0.0
outer loop
vertex -18.931 37.918 20.0
vertex -18.931 37.918 18.0
vertex -16.547 37.616 18.0
endloop
endfacet
facet normal 0.24104635445094738 0.9705136037201686 0.0
outer loop
vertex -18.109 43.862 20.0
vertex -18.109 43.862 18.0
vertex -19.796 44.281 18.0
endloop
endfacet
facet normal 0.13727172666600662 0.9905334285414769 0.0
outer loop
vertex -18.109 43.862 20.0
vertex -16.471 43.635 18.0
vertex -18.109 43.862 18.0
endloop
endfacet
facet normal 0.13682259219024664 0.990595567457447 0.0
outer loop
vertex -16.29 43.61 20.0
vertex -16.29 43.61 18.0
vertex -16.471 43.635 18.0
endloop
endfacet
facet normal -0.043238546853612454 -0.9990647767116944 -0.0
outer loop
vertex -16.547 37.616 20.0
vertex -16.547 37.616 18.0
vertex -14.583 37.531 18.0
endloop
endfacet
facet normal 0.04688325517686747 -0.9989003756051055 0.0
outer loop
vertex -14.583 37.531 20.0
vertex -14.583 37.531 18.0
vertex -13.539 37.58 18.0
endloop
endfacet
facet normal 0.04305905204158659 0.9990725289173354 0.0
outer loop
vertex -14.341 43.526 20.0
vertex -14.341 43.526 18.0
vertex -16.29 43.61 18.0
endloop
endfacet
facet normal 0.13360157073800905 -0.9910351256622224 0.0
outer loop
vertex -13.539 37.58 20.0
vertex -13.539 37.58 18.0
vertex -10.379 38.006 18.0
endloop
endfacet
facet normal -0.1336925901862451 0.9910228510631289 0.0
outer loop
vertex -11.072 43.967 20.0
vertex -11.072 43.967 18.0
vertex -14.341 43.526 18.0
endloop
endfacet
facet normal -0.22744264625060334 -0.9737914780211023 0.0
outer loop
vertex -21.243 38.458 20.0
vertex -18.931 37.918 18.0
vertex -18.931 37.918 20.0
endloop
endfacet
facet normal 0.35396337801714434 0.9352592833127571 0.0
outer loop
vertex -21.347 44.868 20.0
vertex -19.796 44.281 20.0
vertex -21.347 44.868 18.0
endloop
endfacet
facet normal 0.24104635445094738 0.9705136037201686 0.0
outer loop
vertex -19.796 44.281 20.0
vertex -18.109 43.862 20.0
vertex -19.796 44.281 18.0
endloop
endfacet
facet normal -0.12567350669935187 -0.9920716555339578 0.0
outer loop
vertex -18.931 37.918 20.0
vertex -16.547 37.616 18.0
vertex -16.547 37.616 20.0
endloop
endfacet
facet normal 0.13722703913288425 0.9905396197726762 -3.7301794368340645e-05
outer loop
vertex -18.109 43.862 20.0
vertex -16.29 43.61 20.0
vertex -16.471 43.635 18.0
endloop
endfacet
facet normal -0.0 0.0 1.0
outer loop
vertex -23.471 39.257 20.0
vertex -21.243 38.458 20.0
vertex -19.796 44.281 20.0
endloop
endfacet
facet normal -0.0 0.0 0.9999999999999999
outer loop
vertex -21.243 38.458 20.0
vertex -18.931 37.918 20.0
vertex -18.109 43.862 20.0
endloop
endfacet
facet normal 0.0 -0.0 1.0
outer loop
vertex -21.243 38.458 20.0
vertex -18.109 43.862 20.0
vertex -19.796 44.281 20.0
endloop
endfacet
facet normal -0.0 0.0 1.0
outer loop
vertex -18.931 37.918 20.0
vertex -16.547 37.616 20.0
vertex -16.29 43.61 20.0
endloop
endfacet
facet normal 0.0 -0.0 1.0
outer loop
vertex -18.931 37.918 20.0
vertex -16.29 43.61 20.0
vertex -18.109 43.862 20.0
endloop
endfacet
facet normal -0.043238546853612454 -0.9990647767116944 0.0
outer loop
vertex -16.547 37.616 20.0
vertex -14.583 37.531 18.0
vertex -14.583 37.531 20.0
endloop
endfacet
facet normal 0.04688325517686747 -0.9989003756051055 0.0
outer loop
vertex -14.583 37.531 20.0
vertex -13.539 37.58 18.0
vertex -13.539 37.58 20.0
endloop
endfacet
facet normal 0.04305905204158659 0.9990725289173354 0.0
outer loop
vertex -16.29 43.61 20.0
vertex -14.341 43.526 20.0
vertex -16.29 43.61 18.0
endloop
endfacet
facet normal 0.13360157073800905 -0.9910351256622224 0.0
outer loop
vertex -13.539 37.58 20.0
vertex -10.379 38.006 18.0
vertex -10.379 38.006 20.0
endloop
endfacet
facet normal -0.1336925901862451 0.9910228510631289 0.0
outer loop
vertex -14.341 43.526 20.0
vertex -11.072 43.967 20.0
vertex -14.341 43.526 18.0
endloop
endfacet
facet normal -0.0 0.0 0.9999999999999999
outer loop
vertex -16.547 37.616 20.0
vertex -14.583 37.531 20.0
vertex -14.341 43.526 20.0
endloop
endfacet
facet normal 0.0 -0.0 1.0
outer loop
vertex -14.583 37.531 20.0
vertex -13.539 37.58 20.0
vertex -14.341 43.526 20.0
endloop
endfacet
facet normal 0.0 -0.0 1.0
outer loop
vertex -16.547 37.616 20.0
vertex -14.341 43.526 20.0
vertex -16.29 43.61 20.0
endloop
endfacet
facet normal 0.0 -0.0 1.0
outer loop
vertex -13.539 37.58 20.0
vertex -10.379 38.006 20.0
vertex -14.341 43.526 20.0
endloop
endfacet
facet normal -0.0 -0.0 1.0
outer loop
vertex -14.341 43.526 20.0
vertex -10.379 38.006 20.0
vertex -11.072 43.967 20.0
endloop
endfacet
facet normal -0.06167396044233136 0.9980902598250643 -0.0034865234394204285
outer loop
vertex -4.937 44.463 17.778
vertex -7.814 44.286 18.0
vertex -4.901 44.466 18.0
endloop
endfacet
facet normal 0.09749517660352978 -0.9952359974091806 0.0
outer loop
vertex -10.379 38.006 20.0
vertex -10.379 38.006 18.0
vertex -7.337 38.304 18.0
endloop
endfacet
facet normal -0.09744683653001637 0.9952407317078077 0.0
outer loop
vertex -7.814 44.286 20.0
vertex -7.814 44.286 18.0
vertex -11.072 43.967 18.0
endloop
endfacet
facet normal 0.061391916382039585 -0.9981137373079987 0.0
outer loop
vertex -7.337 38.304 20.0
vertex -7.337 38.304 18.0
vertex -4.313 38.49 18.0
endloop
endfacet
facet normal -0.06167433529532208 0.998096326195964 0.0
outer loop
vertex -7.814 44.286 20.0
vertex -4.901 44.466 18.0
vertex -7.814 44.286 18.0
endloop
endfacet
facet normal 0.02636812412181936 -0.9996523005677006 0.0
outer loop
vertex -4.313 38.49 20.0
vertex -4.313 38.49 18.0
vertex -1.318 38.569 18.0
endloop
endfacet
facet normal -0.06161112531208464 0.9981002300559693 0.0
outer loop
vertex -4.577 44.486 20.0
vertex -4.577 44.486 18.0
vertex -4.901 44.466 18.0
endloop
endfacet
facet normal -0.008462797815551894 -0.9999641898853844 -0.0
outer loop
vertex -1.318 38.569 20.0
vertex -1.318 38.569 18.0
vertex 1.636 38.544 18.0
endloop
endfacet
facet normal -0.0261918847268132 0.9996569337399992 0.0
outer loop
vertex -1.371 44.57 20.0
vertex -1.371 44.57 18.0
vertex -4.577 44.486 18.0
endloop
endfacet
facet normal 0.008780834630561991 0.9999614477284564 0.0
outer loop
vertex -1.371 44.57 20.0
vertex 1.476 44.545 18.0
vertex -1.371 44.57 18.0
endloop
endfacet
facet normal 0.09749517660352978 -0.9952359974091806 0.0
outer loop
vertex -10.379 38.006 20.0
vertex -7.337 38.304 18.0
vertex -7.337 38.304 20.0
endloop
endfacet
facet normal -0.09744683653001637 0.9952407317078077 0.0
outer loop
vertex -11.072 43.967 20.0
vertex -7.814 44.286 20.0
vertex -11.072 43.967 18.0
endloop
endfacet
facet normal -0.06166800846956796 0.9980967170799786 9.250201272201203e-06
outer loop
vertex -7.814 44.286 20.0
vertex -4.577 44.486 20.0
vertex -4.901 44.466 18.0
endloop
endfacet
facet normal 0.0 -0.0 1.0
outer loop
vertex -10.379 38.006 20.0
vertex -7.337 38.304 20.0
vertex -7.814 44.286 20.0
endloop
endfacet
facet normal -0.0 0.0 1.0
outer loop
vertex -11.072 43.967 20.0
vertex -10.379 38.006 20.0
vertex -7.814 44.286 20.0
endloop
endfacet
facet normal 0.0 -0.0 1.0
outer loop
vertex -7.337 38.304 20.0
vertex -4.313 38.49 20.0
vertex -4.577 44.486 20.0
endloop
endfacet
facet normal 0.0 -0.0 1.0
outer loop
vertex -7.337 38.304 20.0
vertex -4.577 44.486 20.0
vertex -7.814 44.286 20.0
endloop
endfacet
facet normal 0.061391916382039585 -0.9981137373079987 0.0
outer loop
vertex -7.337 38.304 20.0
vertex -4.313 38.49 18.0
vertex -4.313 38.49 20.0
endloop
endfacet
facet normal -0.0261918847268132 0.9996569337399992 0.0
outer loop
vertex -4.577 44.486 20.0
vertex -1.371 44.57 20.0
vertex -4.577 44.486 18.0
endloop
endfacet
facet normal 0.02636812412181936 -0.9996523005677006 0.0
outer loop
vertex -4.313 38.49 20.0
vertex -1.318 38.569 18.0
vertex -1.318 38.569 20.0
endloop
endfacet
facet normal 0.0 -0.0 0.9999999999999999
outer loop
vertex -4.313 38.49 20.0
vertex -1.371 44.57 20.0
vertex -4.577 44.486 20.0
endloop
endfacet
facet normal 0.0 -0.0 1.0
outer loop
vertex -4.313 38.49 20.0
vertex -1.318 38.569 20.0
vertex -1.371 44.57 20.0
endloop
endfacet
facet normal 0.0 -0.0 1.0
outer loop
vertex -1.318 38.569 20.0
vertex 1.792 44.543 20.0
vertex -1.371 44.57 20.0
endloop
endfacet
facet normal -0.4025617268892399 -0.9153928424692609 0.0
outer loop
vertex -39.368 60.587 0.0
vertex -39.368 60.587 16.0
vertex -45.785 63.409 16.0
endloop
endfacet
facet normal 0.4026143003658395 0.9153697204632266 -0.0
outer loop
vertex -43.871 68.028 0.0
vertex -43.871 68.028 16.0
vertex -37.455 65.206 16.0
endloop
endfacet
facet normal 0.48202954839425993 0.8761549603094341 -0.0
outer loop
vertex -37.455 65.206 0.0
vertex -37.455 65.206 16.0
vertex -34.116 63.369 16.0
endloop
endfacet
facet normal -0.9430731760068881 0.33258530439013817 0.0
outer loop
vertex -34.116 63.369 0.0
vertex -34.116 63.369 16.0
vertex -33.301 65.68 16.0
endloop
endfacet
facet normal -0.9039191929374347 0.4277032763953726 0.0
outer loop
vertex -33.301 65.68 0.0
vertex -33.301 65.68 16.0
vertex -32.869 66.593 16.0
endloop
endfacet
facet normal -0.864491078503216 0.5026481624241217 0.0
outer loop
vertex -32.869 66.593 0.0
vertex -32.869 66.593 16.0
vertex -31.923 68.22 16.0
endloop
endfacet
facet normal 0.9827334203974558 -0.1850270910810563 0.0
outer loop
vertex -28.349 61.796 0.0
vertex -28.349 61.796 16.0
vertex -28.712 59.868 16.0
endloop
endfacet
facet normal 0.9364803531540074 -0.3507200424220802 0.0
outer loop
vertex -27.682 63.577 0.0
vertex -27.682 63.577 16.0
vertex -28.349 61.796 16.0
endloop
endfacet
facet normal -0.8212883672541189 0.570513293283394 0.0
outer loop
vertex -31.923 68.22 0.0
vertex -31.923 68.22 16.0
vertex -31.377 69.006 16.0
endloop
endfacet
facet normal -0.7583416786885953 0.6518572683983539 0.0
outer loop
vertex -31.377 69.006 0.0
vertex -31.377 69.006 16.0
vertex -29.565 71.114 16.0
endloop
endfacet
facet normal -0.6569545990484978 0.753930139196615 0.0
outer loop
vertex -29.565 71.114 0.0
vertex -29.565 71.114 16.0
vertex -27.497 72.916 16.0
endloop
endfacet
facet normal 0.7735574776926631 -0.633726146458993 0.0
outer loop
vertex -25.535 66.67 0.0
vertex -25.535 66.67 16.0
vertex -26.736 65.204 16.0
endloop
endfacet
facet normal 0.6715904433348235 -0.7409225846344106 0.0
outer loop
vertex -24.103 67.968 0.0
vertex -24.103 67.968 16.0
vertex -25.535 66.67 16.0
endloop
endfacet
facet normal -0.5518181196508318 0.8339644853499578 0.0
outer loop
vertex -27.497 72.916 0.0
vertex -27.497 72.916 16.0
vertex -25.224 74.42 16.0
endloop
endfacet
facet normal -0.447213595499959 0.8944271909999154 0.0
outer loop
vertex -25.224 74.42 0.0
vertex -25.224 74.42 16.0
vertex -22.782 75.641 16.0
endloop
endfacet
facet normal 0.5658022361415792 -0.8245409811387113 0.0
outer loop
vertex -22.465 69.092 0.0
vertex -22.465 69.092 16.0
vertex -24.103 67.968 16.0
endloop
endfacet
facet normal 0.8644910785032169 -0.5026481624241204 0.0
outer loop
vertex -26.736 65.204 0.0
vertex -27.682 63.577 18.0
vertex -27.682 63.577 16.0
endloop
endfacet
facet normal 0.8644910785032169 -0.5026481624241204 0.0
outer loop
vertex -26.736 65.204 0.0
vertex -26.736 65.204 16.0
vertex -27.682 63.577 20.0
endloop
endfacet
facet normal -0.34489596525861826 0.9386409181089038 0.0
outer loop
vertex -22.782 75.641 0.0
vertex -22.782 75.641 16.0
vertex -20.202 76.589 16.0
endloop
endfacet
facet normal 0.8644910785032169 -0.5026481624241204 0.0
outer loop
vertex -26.736 65.204 0.0
vertex -27.682 63.577 20.0
vertex -27.682 63.577 18.0
endloop
endfacet
facet normal 0.0016550057878009711 0.9999986304769835 -0.0
outer loop
vertex -56.602 120.0 0.0
vertex -56.602 120.0 16.0
vertex -11.285 119.925 16.0
endloop
endfacet
facet normal -0.0016223586316144582 -0.9999986839753693 0.0
outer loop
vertex -11.317 113.926 0.0
vertex -11.317 113.926 16.0
vertex -54.464 113.996 16.0
endloop
endfacet
facet normal 0.4596618488492689 -0.8880940179465637 0.0
outer loop
vertex -20.645 70.034 0.0
vertex -20.645 70.034 16.0
vertex -22.465 69.092 16.0
endloop
endfacet
facet normal 0.3563490587985991 -0.9343529035077445 0.0
outer loop
vertex -18.668 70.788 0.0
vertex -18.668 70.788 16.0
vertex -20.645 70.034 16.0
endloop
endfacet
facet normal 0.2557791664827325 -0.9667352367599923 0.0
outer loop
vertex -16.559 71.346 0.0
vertex -16.559 71.346 16.0
vertex -18.668 70.788 16.0
endloop
endfacet
facet normal 0.15804259024663983 -0.9874322962452324 0.0
outer loop
vertex -14.341 71.701 0.0
vertex -14.341 71.701 16.0
vertex -16.559 71.346 16.0
endloop
endfacet
facet normal -0.24498961194298657 0.96952570365103 0.0
outer loop
vertex -20.202 76.589 0.0
vertex -20.202 76.589 16.0
vertex -17.507 77.27 16.0
endloop
endfacet
facet normal -0.1412369884851091 0.9899758143932896 0.0
outer loop
vertex -17.507 77.27 0.0
vertex -17.507 77.27 16.0
vertex -14.5 77.699 16.0
endloop
endfacet
facet normal -0.02629114515389611 0.9996543280987168 0.0
outer loop
vertex -14.5 77.699 0.0
vertex -14.5 77.699 16.0
vertex -7.732 77.877 16.0
endloop
endfacet
facet normal 0.026560674477248972 -0.9996472030528138 0.0
outer loop
vertex -7.717 71.877 0.0
vertex -7.717 71.877 16.0
vertex -14.341 71.701 16.0
endloop
endfacet
facet normal 0.4026143003658395 0.9153697204632266 0.0
outer loop
vertex -37.455 65.206 20.0
vertex -37.455 65.206 18.0
vertex -43.871 68.028 18.0
endloop
endfacet
facet normal 0.48202954839425993 0.8761549603094341 0.0
outer loop
vertex -34.116 63.369 20.0
vertex -34.116 63.369 18.0
vertex -37.455 65.206 18.0
endloop
endfacet
facet normal -0.9430731760068881 0.33258530439013817 0.0
outer loop
vertex -33.301 65.68 20.0
vertex -33.301 65.68 18.0
vertex -34.116 63.369 18.0
endloop
endfacet
facet normal -0.9039191929374347 0.4277032763953726 0.0
outer loop
vertex -32.869 66.593 20.0
vertex -32.869 66.593 18.0
vertex -33.301 65.68 18.0
endloop
endfacet
facet normal -0.4025617268892399 -0.9153928424692609 0.0
outer loop
vertex -45.785 63.409 20.0
vertex -39.368 60.587 18.0
vertex -39.368 60.587 20.0
endloop
endfacet
facet normal 0.4026143003658395 0.9153697204632266 0.0
outer loop
vertex -43.871 68.028 20.0
vertex -37.455 65.206 20.0
vertex -43.871 68.028 18.0
endloop
endfacet
facet normal -0.0 0.0 1.0
outer loop
vertex -45.785 63.409 20.0
vertex -39.368 60.587 20.0
vertex -37.455 65.206 20.0
endloop
endfacet
facet normal 0.0 -0.0 1.0
outer loop
vertex -45.785 63.409 20.0
vertex -37.455 65.206 20.0
vertex -43.871 68.028 20.0
endloop
endfacet
facet normal 0.48202954839425993 0.8761549603094341 0.0
outer loop
vertex -37.455 65.206 20.0
vertex -34.116 63.369 20.0
vertex -37.455 65.206 18.0
endloop
endfacet
facet normal -0.9430731760068881 0.33258530439013817 0.0
outer loop
vertex -34.116 63.369 20.0
vertex -33.301 65.68 20.0
vertex -34.116 63.369 18.0
endloop
endfacet
facet normal -0.9039191929374347 0.4277032763953726 0.0
outer loop
vertex -33.301 65.68 20.0
vertex -32.869 66.593 20.0
vertex -33.301 65.68 18.0
endloop
endfacet
facet normal -0.864491078503216 0.5026481624241217 0.0
outer loop
vertex -32.869 66.593 20.0
vertex -31.923 68.22 20.0
vertex -32.869 66.593 18.0
endloop
endfacet
facet normal 0.0 -0.0 1.0
outer loop
vertex -39.368 60.587 20.0
vertex -34.116 63.369 20.0
vertex -37.455 65.206 20.0
endloop
endfacet
facet normal 0.0 -0.0 1.0
outer loop
vertex -34.743 58.042 20.0
vertex -34.116 63.369 20.0
vertex -39.368 60.587 20.0
endloop
endfacet
facet normal 0.8644910785032169 -0.5026481624241204 0.0
outer loop
vertex -27.682 63.577 20.0
vertex -26.736 65.204 16.0
vertex -26.736 65.204 18.0
endloop
endfacet
facet normal 0.9827334203974558 -0.1850270910810563 0.0
outer loop
vertex -28.712 59.868 20.0
vertex -28.712 59.868 18.0
vertex -28.349 61.796 18.0
endloop
endfacet
facet normal 0.9364803531540074 -0.3507200424220802 0.0
outer loop
vertex -28.349 61.796 20.0
vertex -28.349 61.796 18.0
vertex -27.682 63.577 18.0
endloop
endfacet
facet normal -0.864491078503216 0.5026481624241217 0.0
outer loop
vertex -31.923 68.22 20.0
vertex -31.923 68.22 18.0
vertex -32.869 66.593 18.0
endloop
endfacet
facet normal -0.8212883672541189 0.570513293283394 0.0
outer loop
vertex -31.377 69.006 20.0
vertex -31.377 69.006 18.0
vertex -31.923 68.22 18.0
endloop
endfacet
facet normal -0.7583416786885953 0.6518572683983539 0.0
outer loop
vertex -29.565 71.114 20.0
vertex -29.565 71.114 18.0
vertex -31.377 69.006 18.0
endloop
endfacet
facet normal -0.6569545990484978 0.753930139196615 0.0
outer loop
vertex -27.497 72.916 20.0
vertex -27.497 72.916 18.0
vertex -29.565 71.114 18.0
endloop
endfacet
facet normal 0.7735574776926631 -0.633726146458993 0.0
outer loop
vertex -26.736 65.204 20.0
vertex -26.736 65.204 18.0
vertex -25.535 66.67 18.0
endloop
endfacet
facet normal 0.6715904433348235 -0.7409225846344106 0.0
outer loop
vertex -25.535 66.67 20.0
vertex -25.535 66.67 18.0
vertex -24.103 67.968 18.0
endloop
endfacet
facet normal 0.45974583281091885 -0.8880467855475079 -0.002583774706308861
outer loop
vertex -20.645 70.034 18.0
vertex -22.283 69.186 18.0
vertex -22.263 69.197 17.778
endloop
endfacet
facet normal -0.5518181196508318 0.8339644853499578 0.0
outer loop
vertex -25.224 74.42 20.0
vertex -25.224 74.42 18.0
vertex -27.497 72.916 18.0
endloop
endfacet
facet normal 0.5658022361415792 -0.8245409811387113 0.0
outer loop
vertex -24.103 67.968 20.0
vertex -24.103 67.968 18.0
vertex -22.465 69.092 18.0
endloop
endfacet
facet normal 0.4588916061516155 -0.8884922587190001 0.0
outer loop
vertex -22.465 69.092 20.0
vertex -22.465 69.092 18.0
vertex -22.283 69.186 18.0
endloop
endfacet
facet normal 0.9827334203974558 -0.1850270910810563 0.0
outer loop
vertex -28.712 59.868 20.0
vertex -28.349 61.796 18.0
vertex -28.349 61.796 20.0
endloop
endfacet
facet normal 0.9364803531540074 -0.3507200424220802 0.0
outer loop
vertex -28.349 61.796 20.0
vertex -27.682 63.577 18.0
vertex -27.682 63.577 20.0
endloop
endfacet
facet normal 0.8644910785032169 -0.5026481624241204 0.0
outer loop
vertex -27.682 63.577 20.0
vertex -26.736 65.204 18.0
vertex -26.736 65.204 20.0
endloop
endfacet
facet normal -0.0 -0.0 1.0
outer loop
vertex -34.116 63.369 20.0
vertex -28.349 61.796 20.0
vertex -33.301 65.68 20.0
endloop
endfacet
facet normal 0.0 -0.0 1.0
outer loop
vertex -28.746 57.801 20.0
vertex -28.712 59.868 20.0
vertex -34.116 63.369 20.0
endloop
endfacet
facet normal 0.0 -0.0 1.0
outer loop
vertex -28.712 59.868 20.0
vertex -28.349 61.796 20.0
vertex -34.116 63.369 20.0
endloop
endfacet
facet normal -0.0 0.0 1.0
outer loop
vertex -33.301 65.68 20.0
vertex -28.349 61.796 20.0
vertex -27.682 63.577 20.0
endloop
endfacet
facet normal -0.0 -0.0 1.0
outer loop
vertex -33.301 65.68 20.0
vertex -27.682 63.577 20.0
vertex -32.869 66.593 20.0
endloop
endfacet
facet normal -0.0 -0.0 1.0
outer loop
vertex -32.869 66.593 20.0
vertex -26.736 65.204 20.0
vertex -31.923 68.22 20.0
endloop
endfacet
facet normal -0.0 -0.0 0.9999999999999999
outer loop
vertex -31.923 68.22 20.0
vertex -26.736 65.204 20.0
vertex -31.377 69.006 20.0
endloop
endfacet
facet normal -0.0 0.0 1.0
outer loop
vertex -32.869 66.593 20.0
vertex -27.682 63.577 20.0
vertex -26.736 65.204 20.0
endloop
endfacet
facet normal -0.0 0.0 1.0
outer loop
vertex -31.377 69.006 20.0
vertex -26.736 65.204 20.0
vertex -25.535 66.67 20.0
endloop
endfacet
facet normal -0.8212883672541189 0.570513293283394 0.0
outer loop
vertex -31.923 68.22 20.0
vertex -31.377 69.006 20.0
vertex -31.923 68.22 18.0
endloop
endfacet
facet normal -0.7583416786885953 0.6518572683983539 0.0
outer loop
vertex -31.377 69.006 20.0
vertex -29.565 71.114 20.0
vertex -31.377 69.006 18.0
endloop
endfacet
facet normal -0.6569545990484978 0.753930139196615 0.0
outer loop
vertex -29.565 71.114 20.0
vertex -27.497 72.916 20.0
vertex -29.565 71.114 18.0
endloop
endfacet
facet normal -0.0 -0.0 1.0
outer loop
vertex -31.377 69.006 20.0
vertex -25.535 66.67 20.0
vertex -29.565 71.114 20.0
endloop
endfacet
facet normal -0.0 -0.0 1.0
outer loop
vertex -29.565 71.114 20.0
vertex -24.103 67.968 20.0
vertex -27.497 72.916 20.0
endloop
endfacet
facet normal 0.7735574776926631 -0.633726146458993 0.0
outer loop
vertex -26.736 65.204 20.0
vertex -25.535 66.67 18.0
vertex -25.535 66.67 20.0
endloop
endfacet
facet normal 0.6715904433348235 -0.7409225846344106 0.0
outer loop
vertex -25.535 66.67 20.0
vertex -24.103 67.968 18.0
vertex -24.103 67.968 20.0
endloop
endfacet
facet normal -0.5518181196508318 0.8339644853499578 0.0
outer loop
vertex -27.497 72.916 20.0
vertex -25.224 74.42 20.0
vertex -27.497 72.916 18.0
endloop
endfacet
facet normal -0.447213595499959 0.8944271909999154 0.0
outer loop
vertex -25.224 74.42 20.0
vertex -22.782 75.641 20.0
vertex -25.224 74.42 18.0
endloop
endfacet
facet normal 0.5658022361415792 -0.8245409811387113 0.0
outer loop
vertex -24.103 67.968 20.0
vertex -22.465 69.092 18.0
vertex -22.465 69.092 20.0
endloop
endfacet
facet normal 0.4596618470365672 -0.8880940144443163 8.880940144074174e-05
outer loop
vertex -22.465 69.092 20.0
vertex -22.283 69.186 18.0
vertex -20.645 70.034 20.0
endloop
endfacet
facet normal -0.0 0.0 0.9999999999999999
outer loop
vertex -29.565 71.114 20.0
vertex -25.535 66.67 20.0
vertex -24.103 67.968 20.0
endloop
endfacet
facet normal -0.0 0.0 1.0
outer loop
vertex -27.497 72.916 20.0
vertex -24.103 67.968 20.0
vertex -22.465 69.092 20.0
endloop
endfacet
facet normal -0.0 -0.0 1.0
outer loop
vertex -27.497 72.916 20.0
vertex -22.465 69.092 20.0
vertex -25.224 74.42 20.0
endloop
endfacet
facet normal -0.0 0.0 1.0
outer loop
vertex -25.224 74.42 20.0
vertex -22.465 69.092 20.0
vertex -20.645 70.034 20.0
endloop
endfacet
facet normal -0.0 -0.0 1.0
outer loop
vertex -25.224 74.42 20.0
vertex -20.645 70.034 20.0
vertex -22.782 75.641 20.0
endloop
endfacet
facet normal -0.447213595499959 0.8944271909999154 0.0
outer loop
vertex -22.782 75.641 20.0
vertex -22.782 75.641 18.0
vertex -25.224 74.42 18.0
endloop
endfacet
facet normal -0.34489596525861826 0.9386409181089038 0.0
outer loop
vertex -22.782 75.641 20.0
vertex -20.202 76.589 20.0
vertex -22.782 75.641 18.0
endloop
endfacet
facet normal -0.0016223586316144582 -0.9999986839753693 -0.0
outer loop
vertex -54.464 113.996 20.0
vertex -54.464 113.996 18.0
vertex -11.317 113.926 18.0
endloop
endfacet
facet normal 0.0016550057878009711 0.9999986304769835 0.0
outer loop
vertex -56.602 120.0 20.0
vertex -11.285 119.925 20.0
vertex -56.602 120.0 18.0
endloop
endfacet
facet normal -0.0 0.0 1.0
outer loop
vertex -56.602 120.0 20.0
vertex -54.464 113.996 20.0
vertex -11.285 119.925 20.0
endloop
endfacet
facet normal 0.0016550057878009711 0.9999986304769835 0.0
outer loop
vertex -11.285 119.925 20.0
vertex -11.285 119.925 18.0
vertex -56.602 120.0 18.0
endloop
endfacet
facet normal -0.0016223586316144582 -0.9999986839753693 0.0
outer loop
vertex -54.464 113.996 20.0
vertex -11.317 113.926 18.0
vertex -11.317 113.926 20.0
endloop
endfacet
facet normal -0.0 0.0 1.0
outer loop
vertex -54.464 113.996 20.0
vertex -11.317 113.926 20.0
vertex -11.285 119.925 20.0
endloop
endfacet
facet normal 0.4594677196903248 -0.8881944688876267 0.0
outer loop
vertex -20.645 70.034 18.0
vertex -22.263 69.197 17.778
vertex -20.645 70.034 16.0
endloop
endfacet
facet normal 0.4597473674253048 -0.8880497498144468 0.0
outer loop
vertex -20.645 70.034 20.0
vertex -22.283 69.186 18.0
vertex -20.645 70.034 18.0
endloop
endfacet
facet normal 0.3563490587985991 -0.9343529035077445 0.0
outer loop
vertex -20.645 70.034 20.0
vertex -20.645 70.034 18.0
vertex -18.668 70.788 18.0
endloop
endfacet
facet normal 0.2557791664827325 -0.9667352367599923 0.0
outer loop
vertex -18.668 70.788 20.0
vertex -18.668 70.788 18.0
vertex -16.559 71.346 18.0
endloop
endfacet
facet normal 0.15804259024663983 -0.9874322962452324 0.0
outer loop
vertex -16.559 71.346 20.0
vertex -16.559 71.346 18.0
vertex -14.341 71.701 18.0
endloop
endfacet
facet normal 0.026560674477248972 -0.9996472030528138 0.0
outer loop
vertex -14.341 71.701 20.0
vertex -14.341 71.701 18.0
vertex -7.717 71.877 18.0
endloop
endfacet
facet normal 0.3563490587985991 -0.9343529035077445 0.0
outer loop
vertex -20.645 70.034 20.0
vertex -18.668 70.788 18.0
vertex -18.668 70.788 20.0
endloop
endfacet
facet normal 0.2557791664827325 -0.9667352367599923 0.0
outer loop
vertex -18.668 70.788 20.0
vertex -16.559 71.346 18.0
vertex -16.559 71.346 20.0
endloop
endfacet
facet normal -0.0 0.0 0.9999999999999999
outer loop
vertex -22.782 75.641 20.0
vertex -20.645 70.034 20.0
vertex -18.668 70.788 20.0
endloop
endfacet
facet normal -0.0 -0.0 1.0
outer loop
vertex -22.782 75.641 20.0
vertex -18.668 70.788 20.0
vertex -20.202 76.589 20.0
endloop
endfacet
facet normal 0.0 -0.0 1.0
outer loop
vertex -18.668 70.788 20.0
vertex -16.559 71.346 20.0
vertex -20.202 76.589 20.0
endloop
endfacet
facet normal 0.15804259024663983 -0.9874322962452324 0.0
outer loop
vertex -16.559 71.346 20.0
vertex -14.341 71.701 18.0
vertex -14.341 71.701 20.0
endloop
endfacet
facet normal 0.0 -0.0 1.0
outer loop
vertex -16.559 71.346 20.0
vertex -14.341 71.701 20.0
vertex -17.507 77.27 20.0
endloop
endfacet
facet normal 0.0 -0.0 1.0
outer loop
vertex -14.341 71.701 20.0
vertex -7.717 71.877 20.0
vertex -14.5 77.699 20.0
endloop
endfacet
facet normal -0.34489596525861826 0.9386409181089038 0.0
outer loop
vertex -20.202 76.589 20.0
vertex -20.202 76.589 18.0
vertex -22.782 75.641 18.0
endloop
endfacet
facet normal -0.24498961194298657 0.96952570365103 0.0
outer loop
vertex -17.507 77.27 20.0
vertex -17.507 77.27 18.0
vertex -20.202 76.589 18.0
endloop
endfacet
facet normal -0.1412369884851091 0.9899758143932896 0.0
outer loop
vertex -14.5 77.699 20.0
vertex -14.5 77.699 18.0
vertex -17.507 77.27 18.0
endloop
endfacet
facet normal -0.24498961194298657 0.96952570365103 0.0
outer loop
vertex -20.202 76.589 20.0
vertex -17.507 77.27 20.0
vertex -20.202 76.589 18.0
endloop
endfacet
facet normal -0.1412369884851091 0.9899758143932896 0.0
outer loop
vertex -17.507 77.27 20.0
vertex -14.5 77.699 20.0
vertex -17.507 77.27 18.0
endloop
endfacet
facet normal 0.0 0.0 1.0
outer loop
vertex -16.559 71.346 20.0
vertex -17.507 77.27 20.0
vertex -20.202 76.589 20.0
endloop
endfacet
facet normal -0.02629114515389611 0.9996543280987168 0.0
outer loop
vertex -14.5 77.699 20.0
vertex -7.732 77.877 20.0
vertex -14.5 77.699 18.0
endloop
endfacet
facet normal 0.0 0.0 1.0
outer loop
vertex -14.341 71.701 20.0
vertex -14.5 77.699 20.0
vertex -17.507 77.27 20.0
endloop
endfacet
facet normal 0.026560674477248972 -0.9996472030528138 0.0
outer loop
vertex -14.341 71.701 20.0
vertex -7.717 71.877 18.0
vertex -7.717 71.877 20.0
endloop
endfacet
facet normal -0.02629114515389611 0.9996543280987168 0.0
outer loop
vertex -7.732 77.877 20.0
vertex -7.732 77.877 18.0
vertex -14.5 77.699 18.0
endloop
endfacet
facet normal -0.0 -0.0 0.9999999999999999
outer loop
vertex -14.5 77.699 20.0
vertex -7.717 71.877 20.0
vertex -7.732 77.877 20.0
endloop
endfacet
facet normal 0.0 0.0 -1.0
outer loop
vertex -0.067 -120.0 0.0
vertex -0.089 -113.999 0.0
vertex 5.828 -119.862 0.0
endloop
endfacet
facet normal 0.0 0.0 -0.9999999999999999
outer loop
vertex -0.089 -113.999 0.0
vertex 5.569 -113.866 0.0
vertex 5.828 -119.862 0.0
endloop
endfacet
facet normal 0.0 0.0 -1.0
outer loop
vertex 5.828 -119.862 0.0
vertex 5.569 -113.866 0.0
vertex 11.821 -119.483 0.0
endloop
endfacet
facet normal 0.0 0.0 -1.0
outer loop
vertex 5.569 -113.866 0.0
vertex 11.369 -113.5 0.0
vertex 11.821 -119.483 0.0
endloop
endfacet
facet normal 0.0 0.0 -1.0
outer loop
vertex 11.821 -119.483 0.0
vertex 11.369 -113.5 0.0
vertex 15.844 -113.106 0.0
endloop
endfacet
facet normal 0.0 0.0 -1.0
outer loop
vertex 11.821 -119.483 0.0
vertex 15.844 -113.106 0.0
vertex 16.578 -119.065 0.0
endloop
endfacet
facet normal 0.0 -0.0 -1.0
outer loop
vertex 15.844 -113.106 0.0
vertex 21.278 -118.318 0.0
vertex 16.578 -119.065 0.0
endloop
endfacet
facet normal 0.0 0.0 -1.0
outer loop
vertex 15.844 -113.106 0.0
vertex 20.132 -112.425 0.0
vertex 21.278 -118.318 0.0
endloop
endfacet
facet normal 0.0 0.0 -1.0
outer loop
vertex 1.79 -68.77 0.0
vertex 0.037 -63.032 0.0
vertex 4.893 -67.545 0.0
endloop
endfacet
facet normal 0.0 0.0 -1.0
outer loop
vertex 4.893 -67.545 0.0
vertex 0.037 -63.032 0.0
vertex 2.654 -61.979 0.0
endloop
endfacet
facet normal 0.0 0.0 -1.0
outer loop
vertex 4.893 -67.545 0.0
vertex 2.654 -61.979 0.0
vertex 7.799 -66.083 0.0
endloop
endfacet
facet normal 0.0 0.0 -1.0
outer loop
vertex 2.654 -61.979 0.0
vertex 5.061 -60.744 0.0
vertex 7.799 -66.083 0.0
endloop
endfacet
facet normal 0.0 -0.0 -1.0
outer loop
vertex 5.061 -60.744 0.0
vertex 10.487 -64.386 0.0
vertex 7.799 -66.083 0.0
endloop
endfacet
facet normal 0.0 0.0 -1.0
outer loop
vertex 5.061 -60.744 0.0
vertex 7.238 -59.342 0.0
vertex 10.487 -64.386 0.0
endloop
endfacet
facet normal 0.0 0.0 -1.0
outer loop
vertex 10.487 -64.386 0.0
vertex 7.238 -59.342 0.0
vertex 12.934 -62.452 0.0
endloop
endfacet
facet normal 0.0 0.0 -1.0
outer loop
vertex 12.934 -62.452 0.0
vertex 9.163 -57.786 0.0
vertex 14.925 -60.47 0.0
endloop
endfacet
facet normal 0.0 0.0 -1.0
outer loop
vertex 21.278 -118.318 0.0
vertex 20.132 -112.425 0.0
vertex 25.909 -117.25 0.0
endloop
endfacet
facet normal 0.0 0.0 -1.0
outer loop
vertex 20.132 -112.425 0.0
vertex 24.36 -111.45 0.0
vertex 25.909 -117.25 0.0
endloop
endfacet
facet normal 0.0 0.0 -1.0
outer loop
vertex 25.909 -117.25 0.0
vertex 24.36 -111.45 0.0
vertex 30.455 -115.868 0.0
endloop
endfacet
facet normal 0.0 0.0 -1.0
outer loop
vertex 24.36 -111.45 0.0
vertex 28.515 -110.187 0.0
vertex 30.455 -115.868 0.0
endloop
endfacet
facet normal 0.0 0.0 -1.0
outer loop
vertex 30.455 -115.868 0.0
vertex 28.515 -110.187 0.0
vertex 34.904 -114.178 0.0
endloop
endfacet
facet normal 0.0 0.0 -0.9999999999999999
outer loop
vertex 28.515 -110.187 0.0
vertex 32.585 -108.641 0.0
vertex 34.904 -114.178 0.0
endloop
endfacet
facet normal 0.0 0.0 -1.0
outer loop
vertex 34.904 -114.178 0.0
vertex 32.585 -108.641 0.0
vertex 39.241 -112.188 0.0
endloop
endfacet
facet normal 0.0 0.0 -1.0
outer loop
vertex 32.585 -108.641 0.0
vertex 36.557 -106.818 0.0
vertex 39.241 -112.188 0.0
endloop
endfacet
facet normal 0.0 -0.0 -1.0
outer loop
vertex 36.557 -106.818 0.0
vertex 43.453 -109.904 0.0
vertex 39.241 -112.188 0.0
endloop
endfacet
facet normal 0.0 0.0 -1.0
outer loop
vertex 36.557 -106.818 0.0
vertex 40.418 -104.724 0.0
vertex 43.453 -109.904 0.0
endloop
endfacet
facet normal 0.023403257449379256 -0.9997261062614891 0.0
outer loop
vertex -0.067 -120.0 0.0
vertex 5.828 -119.862 0.0
vertex -0.067 -120.0 16.0
endloop
endfacet
facet normal -0.023500047747265117 0.99972383574459 0.0
outer loop
vertex -0.089 -113.999 0.0
vertex 5.569 -113.866 16.0
vertex 5.569 -113.866 0.0
endloop
endfacet
facet normal 0.06311436477596999 -0.9980063010617347 0.0
outer loop
vertex 5.828 -119.862 0.0
vertex 11.821 -119.483 0.0
vertex 5.828 -119.862 16.0
endloop
endfacet
facet normal -0.062978181873161 0.9980149040009128 0.0
outer loop
vertex 5.569 -113.866 0.0
vertex 11.369 -113.5 16.0
vertex 11.369 -113.5 0.0
endloop
endfacet
facet normal 0.08753322452607774 -0.9961616006472379 0.0
outer loop
vertex 11.821 -119.483 0.0
vertex 16.578 -119.065 0.0
vertex 11.821 -119.483 16.0
endloop
endfacet
facet normal -0.08770540861780869 0.9961464557479403 0.0
outer loop
vertex 11.369 -113.5 0.0
vertex 15.844 -113.106 16.0
vertex 15.844 -113.106 0.0
endloop
endfacet
facet normal 0.1569659986106744 -0.9876040073228509 0.0
outer loop
vertex 16.578 -119.065 0.0
vertex 21.278 -118.318 0.0
vertex 16.578 -119.065 16.0
endloop
endfacet
facet normal -0.1568495631185002 0.9876225060971098 0.0
outer loop
vertex 15.844 -113.106 0.0
vertex 20.132 -112.425 16.0
vertex 20.132 -112.425 0.0
endloop
endfacet
facet normal 0.3672006588577895 -0.9301417505597763 0.0
outer loop
vertex 1.79 -68.77 0.0
vertex 4.893 -67.545 0.0
vertex 1.79 -68.77 16.0
endloop
endfacet
facet normal -0.3732846247593435 0.9277168689413147 0.0
outer loop
vertex 0.037 -63.032 0.0
vertex 2.654 -61.979 16.0
vertex 2.654 -61.979 0.0
endloop
endfacet
facet normal -0.45650424707887316 0.8897212329707274 0.0
outer loop
vertex 2.654 -61.979 0.0
vertex 5.061 -60.744 16.0
vertex 5.061 -60.744 0.0
endloop
endfacet
facet normal 0.4494255394442865 -0.8933177959131968 0.0
outer loop
vertex 4.893 -67.545 0.0
vertex 7.799 -66.083 0.0
vertex 4.893 -67.545 16.0
endloop
endfacet
facet normal 0.5338391195697758 -0.8455860656473512 0.0
outer loop
vertex 7.799 -66.083 0.0
vertex 10.487 -64.386 0.0
vertex 7.799 -66.083 16.0
endloop
endfacet
facet normal 0.6200704079485638 -0.7845461676577752 0.0
outer loop
vertex 10.487 -64.386 0.0
vertex 12.934 -62.452 0.0
vertex 10.487 -64.386 16.0
endloop
endfacet
facet normal 0.7055031686052631 -0.708706765233643 0.0
outer loop
vertex 12.934 -62.452 0.0
vertex 14.925 -60.47 0.0
vertex 12.934 -62.452 16.0
endloop
endfacet
facet normal 0.22472119918858421 -0.974423102474097 0.0
outer loop
vertex 21.278 -118.318 0.0
vertex 25.909 -117.25 0.0
vertex 21.278 -118.318 16.0
endloop
endfacet
facet normal -0.22470801543149932 0.974426142814753 0.0
outer loop
vertex 20.132 -112.425 0.0
vertex 24.36 -111.45 16.0
vertex 24.36 -111.45 0.0
endloop
endfacet
facet normal 0.29086010736432316 -0.9567655919523937 0.0
outer loop
vertex 25.909 -117.25 0.0
vertex 30.455 -115.868 0.0
vertex 25.909 -117.25 16.0
endloop
endfacet
facet normal 0.3551039212093591 -0.934826831633398 0.0
outer loop
vertex 30.455 -115.868 0.0
vertex 34.904 -114.178 0.0
vertex 30.455 -115.868 16.0
endloop
endfacet
facet normal -0.29083172990684597 0.9567742183396203 0.0
outer loop
vertex 24.36 -111.45 0.0
vertex 28.515 -110.187 16.0
vertex 28.515 -110.187 0.0
endloop
endfacet
facet normal -0.3550973341543258 0.9348293337698017 0.0
outer loop
vertex 28.515 -110.187 0.0
vertex 32.585 -108.641 16.0
vertex 32.585 -108.641 0.0
endloop
endfacet
facet normal 0.4170371247731808 -0.9088894523323056 0.0
outer loop
vertex 34.904 -114.178 0.0
vertex 39.241 -112.188 0.0
vertex 34.904 -114.178 16.0
endloop
endfacet
facet normal -0.41712738261412763 0.908848032771974 0.0
outer loop
vertex 32.585 -108.641 0.0
vertex 36.557 -106.818 16.0
vertex 36.557 -106.818 0.0
endloop
endfacet
facet normal -0.47674514996062034 0.8790415587382804 0.0
outer loop
vertex 36.557 -106.818 0.0
vertex 40.418 -104.724 16.0
vertex 40.418 -104.724 0.0
endloop
endfacet
facet normal 0.4766865049949766 -0.8790733621010672 0.0
outer loop
vertex 39.241 -112.188 0.0
vertex 43.453 -109.904 0.0
vertex 39.241 -112.188 16.0
endloop
endfacet
facet normal -0.5338993211703859 0.8455480559103672 0.0
outer loop
vertex 40.418 -104.724 0.0
vertex 44.154 -102.365 16.0
vertex 44.154 -102.365 0.0
endloop
endfacet
facet normal 0.0 0.0 -0.9999999999999999
outer loop
vertex 12.934 -62.452 0.0
vertex 7.238 -59.342 0.0
vertex 9.163 -57.786 0.0
endloop
endfacet
facet normal 0.0 0.0 -1.0
outer loop
vertex 14.925 -60.47 0.0
vertex 9.163 -57.786 0.0
vertex 10.815 -56.09 0.0
endloop
endfacet
facet normal 0.0 0.0 -1.0
outer loop
vertex 14.925 -60.47 0.0
vertex 10.815 -56.09 0.0
vertex 12.892 -54.31 0.0
endloop
endfacet
facet normal 0.0 0.0 -1.0
outer loop
vertex 14.925 -60.47 0.0
vertex 12.892 -54.31 0.0
vertex 17.264 -58.418 0.0
endloop
endfacet
facet normal 0.0 0.0 -0.9999999999999999
outer loop
vertex 12.892 -54.31 0.0
vertex 14.598 -52.494 0.0
vertex 18.97 -56.603 0.0
endloop
endfacet
facet normal 0.0 -0.0 -1.0
outer loop
vertex 12.892 -54.31 0.0
vertex 18.97 -56.603 0.0
vertex 17.264 -58.418 0.0
endloop
endfacet
facet normal 0.0 -0.0 -1.0
outer loop
vertex 14.598 -52.494 0.0
vertex 20.791 -54.183 0.0
vertex 18.97 -56.603 0.0
endloop
endfacet
facet normal 0.0 0.0 -0.9999999999999999
outer loop
vertex 14.598 -52.494 0.0
vertex 15.941 -50.65 0.0
vertex 20.791 -54.183 0.0
endloop
endfacet
facet normal 0.0 0.0 -1.0
outer loop
vertex 15.941 -50.65 0.0
vertex 16.927 -48.786 0.0
vertex 22.231 -51.592 0.0
endloop
endfacet
facet normal 0.0 -0.0 -1.0
outer loop
vertex 15.941 -50.65 0.0
vertex 22.231 -51.592 0.0
vertex 20.791 -54.183 0.0
endloop
endfacet
facet normal 0.0 0.0 -0.9999999999999999
outer loop
vertex 16.927 -48.786 0.0
vertex 17.564 -46.907 0.0
vertex 22.609 -50.713 0.0
endloop
endfacet
facet normal 0.0 -0.0 -1.0
outer loop
vertex 16.927 -48.786 0.0
vertex 22.609 -50.713 0.0
vertex 22.231 -51.592 0.0
endloop
endfacet
facet normal 0.0 -0.0 -1.0
outer loop
vertex 17.564 -46.907 0.0
vertex 23.246 -48.834 0.0
vertex 22.609 -50.713 0.0
endloop
endfacet
facet normal 0.0 0.0 -1.0
outer loop
vertex 17.564 -46.907 0.0
vertex 17.859 -45.022 0.0
vertex 23.492 -47.834 0.0
endloop
endfacet
facet normal 0.0 -0.0 -1.0
outer loop
vertex 17.564 -46.907 0.0
vertex 23.492 -47.834 0.0
vertex 23.246 -48.834 0.0
endloop
endfacet
facet normal 0.0 -0.0 -1.0
outer loop
vertex 11.258 -32.276 0.0
vertex 15.673 -28.212 0.0
vertex 14.441 -35.734 0.0
endloop
endfacet
facet normal 0.0 -0.0 -0.9999999999999999
outer loop
vertex 15.753 -37.55 0.0
vertex 22.026 -36.521 0.0
vertex 16.758 -39.393 0.0
endloop
endfacet
facet normal 0.0 0.0 -1.0
outer loop
vertex 17.859 -45.022 0.0
vertex 17.818 -43.136 0.0
vertex 23.857 -44.892 0.0
endloop
endfacet
facet normal 0.0 -0.0 -0.9999999999999999
outer loop
vertex 17.449 -41.258 0.0
vertex 23.336 -40.101 0.0
vertex 17.818 -43.136 0.0
endloop
endfacet
facet normal 0.0 0.0 -0.9999999999999999
outer loop
vertex 17.449 -41.258 0.0
vertex 16.758 -39.393 0.0
vertex 23.075 -39.174 0.0
endloop
endfacet
facet normal 0.0 0.0 -1.0
outer loop
vertex 17.449 -41.258 0.0
vertex 23.075 -39.174 0.0
vertex 23.336 -40.101 0.0
endloop
endfacet
facet normal 0.0 0.0 -1.0
outer loop
vertex 16.758 -39.393 0.0
vertex 22.026 -36.521 0.0
vertex 23.075 -39.174 0.0
endloop
endfacet
facet normal 0.0 0.0 -1.0
outer loop
vertex 15.753 -37.55 0.0
vertex 14.441 -35.734 0.0
vertex 20.616 -34.035 0.0
endloop
endfacet
facet normal 0.0 0.0 -1.0
outer loop
vertex 14.441 -35.734 0.0
vertex 18.855 -31.671 0.0
vertex 20.616 -34.035 0.0
endloop
endfacet
facet normal 0.0 0.0 -0.9999999999999999
outer loop
vertex 14.441 -35.734 0.0
vertex 15.673 -28.212 0.0
vertex 18.855 -31.671 0.0
endloop
endfacet
facet normal 0.0 0.0 -1.0
outer loop
vertex 15.753 -37.55 0.0
vertex 20.616 -34.035 0.0
vertex 22.026 -36.521 0.0
endloop
endfacet
facet normal 0.0 -0.0 -1.0
outer loop
vertex -0.02 -25.536 0.0
vertex 2.045 -19.903 0.0
vertex 2.011 -26.281 0.0
endloop
endfacet
facet normal 0.0 -0.0 -1.0
outer loop
vertex 2.011 -26.281 0.0
vertex 4.465 -20.806 0.0
vertex 4.0 -27.172 0.0
endloop
endfacet
facet normal 0.0 0.0 -1.0
outer loop
vertex 4.0 -27.172 0.0
vertex 4.465 -20.806 0.0
vertex 6.846 -21.89 0.0
endloop
endfacet
facet normal 0.0 0.0 -1.0
outer loop
vertex -0.02 -25.536 0.0
vertex -0.397 -19.175 0.0
vertex 2.045 -19.903 0.0
endloop
endfacet
facet normal 0.0 0.0 -1.0
outer loop
vertex 2.011 -26.281 0.0
vertex 2.045 -19.903 0.0
vertex 4.465 -20.806 0.0
endloop
endfacet
facet normal 0.0 -0.0 -1.0
outer loop
vertex 5.933 -28.214 0.0
vertex 9.173 -23.164 0.0
vertex 7.797 -29.41 0.0
endloop
endfacet
facet normal 0.0 -0.0 -0.9999999999999999
outer loop
vertex 4.0 -27.172 0.0
vertex 6.846 -21.89 0.0
vertex 5.933 -28.214 0.0
endloop
endfacet
facet normal 0.0 0.0 -1.0
outer loop
vertex 5.933 -28.214 0.0
vertex 6.846 -21.89 0.0
vertex 9.173 -23.164 0.0
endloop
endfacet
facet normal 0.0 0.0 -1.0
outer loop
vertex 9.576 -30.762 0.0
vertex 7.797 -29.41 0.0
vertex 11.427 -24.633 0.0
endloop
endfacet
facet normal 0.0 0.0 -1.0
outer loop
vertex 7.797 -29.41 0.0
vertex 9.173 -23.164 0.0
vertex 11.427 -24.633 0.0
endloop
endfacet
facet normal 0.0 -0.0 -1.0
outer loop
vertex -4.139 -6.413 0.0
vertex 3.156 -8.72 0.0
vertex 1.243 -13.34 0.0
endloop
endfacet
facet normal 0.0 0.0 -1.0
outer loop
vertex 1.243 -13.34 0.0
vertex 3.156 -8.72 0.0
vertex 10.168 -12.49 0.0
endloop
endfacet
facet normal 0.0 0.0 -1.0
outer loop
vertex 7.912 -16.925 0.0
vertex 1.243 -13.34 0.0
vertex 10.168 -12.49 0.0
endloop
endfacet
facet normal 0.0 0.0 -1.0
outer loop
vertex 7.912 -16.925 0.0
vertex 10.168 -12.49 0.0
vertex 10.979 -13.032 0.0
endloop
endfacet
facet normal 0.0 -0.0 -1.0
outer loop
vertex 9.576 -30.762 0.0
vertex 13.59 -26.302 0.0
vertex 11.258 -32.276 0.0
endloop
endfacet
facet normal 0.0 0.0 -1.0
outer loop
vertex 9.576 -30.762 0.0
vertex 11.427 -24.633 0.0
vertex 13.59 -26.302 0.0
endloop
endfacet
facet normal 0.0 0.0 -1.0
outer loop
vertex 11.258 -32.276 0.0
vertex 13.59 -26.302 0.0
vertex 15.673 -28.212 0.0
endloop
endfacet
facet normal 0.0 0.0 -1.0
outer loop
vertex 7.912 -16.925 0.0
vertex 10.979 -13.032 0.0
vertex 14.079 -21.634 0.0
endloop
endfacet
facet normal 0.0 0.0 -1.0
outer loop
vertex 14.079 -21.634 0.0
vertex 10.979 -13.032 0.0
vertex 17.614 -18.098 0.0
endloop
endfacet
facet normal 0.0 0.0 -1.0
outer loop
vertex 14.079 -21.634 0.0
vertex 17.614 -18.098 0.0
vertex 20.658 -26.212 0.0
endloop
endfacet
facet normal 0.0 0.0 -1.0
outer loop
vertex 20.658 -26.212 0.0
vertex 17.614 -18.098 0.0
vertex 22.649 -21.622 0.0
endloop
endfacet
facet normal 0.0 -0.0 -1.0
outer loop
vertex 17.859 -45.022 0.0
vertex 23.789 -45.936 0.0
vertex 23.492 -47.834 0.0
endloop
endfacet
facet normal 0.0 -0.0 -1.0
outer loop
vertex 17.859 -45.022 0.0
vertex 23.857 -44.892 0.0
vertex 23.789 -45.936 0.0
endloop
endfacet
facet normal 0.0 0.0 -1.0
outer loop
vertex 17.818 -43.136 0.0
vertex 23.817 -43.007 0.0
vertex 23.857 -44.892 0.0
endloop
endfacet
facet normal 0.0 0.0 -1.0
outer loop
vertex 17.818 -43.136 0.0
vertex 23.705 -41.979 0.0
vertex 23.817 -43.007 0.0
endloop
endfacet
facet normal 0.0 0.0 -0.9999999999999999
outer loop
vertex 17.818 -43.136 0.0
vertex 23.336 -40.101 0.0
vertex 23.705 -41.979 0.0
endloop
endfacet
facet normal 0.0 0.0 -1.0
outer loop
vertex 20.658 -26.212 0.0
vertex 22.649 -21.622 0.0
vertex 26.697 -28.433 0.0
endloop
endfacet
facet normal 0.0 0.0 -0.9999999999999999
outer loop
vertex 26.697 -28.433 0.0
vertex 22.649 -21.622 0.0
vertex 28.154 -23.646 0.0
endloop
endfacet
facet normal 0.0 -0.0 -1.0
outer loop
vertex 26.697 -28.433 0.0
vertex 28.154 -23.646 0.0
vertex 27.654 -28.624 0.0
endloop
endfacet
facet normal 0.0 0.0 -1.0
outer loop
vertex 27.654 -28.624 0.0
vertex 28.154 -23.646 0.0
vertex 34.047 -28.91 0.0
endloop
endfacet
facet normal 0.0 0.0 -1.0
outer loop
vertex 28.154 -23.646 0.0
vertex 33.859 -23.902 0.0
vertex 34.047 -28.91 0.0
endloop
endfacet
facet normal 0.0 0.0 -1.0
outer loop
vertex 34.047 -28.91 0.0
vertex 33.859 -23.902 0.0
vertex 41.833 -26.955 0.0
endloop
endfacet
facet normal 0.0 0.0 -0.9999999999999999
outer loop
vertex 33.859 -23.902 0.0
vertex 39.92 -22.336 0.0
vertex 41.833 -26.955 0.0
endloop
endfacet
facet normal -0.5414405677252135 0.8407390270597641 0.0
outer loop
vertex 5.061 -60.744 0.0
vertex 7.238 -59.342 16.0
vertex 7.238 -59.342 0.0
endloop
endfacet
facet normal -0.6286285816579309 0.7777056681822101 0.0
outer loop
vertex 7.238 -59.342 0.0
vertex 9.163 -57.786 16.0
vertex 9.163 -57.786 0.0
endloop
endfacet
facet normal -0.7163378427465869 0.6977536062602372 0.0
outer loop
vertex 9.163 -57.786 0.0
vertex 10.815 -56.09 16.0
vertex 10.815 -56.09 0.0
endloop
endfacet
facet normal -0.6690135572266334 -0.7432502003006567 0.0
outer loop
vertex 9.576 -30.762 0.0
vertex 11.258 -32.276 0.0
vertex 9.576 -30.762 16.0
endloop
endfacet
facet normal -0.6507311581541216 0.7593082109472526 -2.4402418430991666e-05
outer loop
vertex 10.815 -56.09 0.0
vertex 12.476 -54.666 16.0
vertex 12.892 -54.31 0.0
endloop
endfacet
facet normal 0.6594824275816614 -0.7517199795874783 0.0
outer loop
vertex 14.925 -60.47 0.0
vertex 17.264 -58.418 0.0
vertex 14.925 -60.47 16.0
endloop
endfacet
facet normal -0.7288359338501138 0.6846883827909105 0.0
outer loop
vertex 12.892 -54.31 0.0
vertex 14.598 -52.494 16.0
vertex 14.598 -52.494 0.0
endloop
endfacet
facet normal -0.8083378198294657 0.5887189219256896 0.0
outer loop
vertex 14.598 -52.494 0.0
vertex 15.941 -50.65 16.0
vertex 15.941 -50.65 0.0
endloop
endfacet
facet normal 0.7286477031656845 -0.6848886950967817 0.0
outer loop
vertex 17.264 -58.418 0.0
vertex 18.97 -56.603 0.0
vertex 17.264 -58.418 16.0
endloop
endfacet
facet normal 0.7990480620196363 -0.6012671574122966 0.0
outer loop
vertex 18.97 -56.603 0.0
vertex 20.791 -54.183 0.0
vertex 18.97 -56.603 16.0
endloop
endfacet
facet normal 0.8740777003601616 -0.4857861399145632 0.0
outer loop
vertex 20.791 -54.183 0.0
vertex 22.231 -51.592 0.0
vertex 20.791 -54.183 16.0
endloop
endfacet
facet normal -0.8839493554382349 0.46758265260842274 0.0
outer loop
vertex 15.941 -50.65 0.0
vertex 16.927 -48.786 16.0
vertex 16.927 -48.786 0.0
endloop
endfacet
facet normal -0.9470580869843181 0.32106226791325676 0.0
outer loop
vertex 16.927 -48.786 0.0
vertex 17.564 -46.907 16.0
vertex 17.564 -46.907 0.0
endloop
endfacet
facet normal -0.9879745314961142 0.1546167038680932 0.0
outer loop
vertex 17.564 -46.907 0.0
vertex 17.859 -45.022 16.0
vertex 17.859 -45.022 0.0
endloop
endfacet
facet normal -0.7357571212135819 -0.6772454935867073 0.0
outer loop
vertex 11.258 -32.276 0.0
vertex 14.441 -35.734 0.0
vertex 11.258 -32.276 16.0
endloop
endfacet
facet normal -0.810585057326485 -0.5856209224737613 -0.0
outer loop
vertex 15.753 -37.55 0.0
vertex 14.441 -35.734 16.0
vertex 14.441 -35.734 0.0
endloop
endfacet
facet normal -0.9997637888239163 -0.021733995409215816 -0.0
outer loop
vertex 17.859 -45.022 0.0
vertex 17.818 -43.136 16.0
vertex 17.818 -43.136 0.0
endloop
endfacet
facet normal -0.9812382312571987 -0.19279920518312357 0.0
outer loop
vertex 17.449 -41.258 0.0
vertex 17.818 -43.136 0.0
vertex 17.449 -41.258 16.0
endloop
endfacet
facet normal -0.9377062984574883 -0.34742898243116677 -0.0
outer loop
vertex 17.449 -41.258 0.0
vertex 16.758 -39.393 16.0
vertex 16.758 -39.393 0.0
endloop
endfacet
facet normal -0.8779501827485472 -0.4787519987315721 1.7953199952431266e-05
outer loop
vertex 15.753 -37.55 0.0
vertex 16.758 -39.393 0.0
vertex 15.954 -37.918 16.0
endloop
endfacet
facet normal 0.7359606951709432 0.6770242648262336 0.0
outer loop
vertex 18.855 -31.671 0.0
vertex 15.673 -28.212 0.0
vertex 18.855 -31.671 16.0
endloop
endfacet
facet normal 0.8019497469154644 0.5973914992885507 0.0
outer loop
vertex 20.616 -34.035 0.0
vertex 18.855 -31.671 0.0
vertex 20.616 -34.035 16.0
endloop
endfacet
facet normal -0.3443768869171815 -0.93883148634738 0.0
outer loop
vertex -0.02 -25.536 0.0
vertex 2.011 -26.281 0.0
vertex -0.02 -25.536 16.0
endloop
endfacet
facet normal -0.40881875163447373 -0.9126155970830152 1.651792935893418e-05
outer loop
vertex 2.011 -26.281 0.0
vertex 4.0 -27.172 0.0
vertex 2.409 -26.459 16.0
endloop
endfacet
facet normal -0.4745071086061717 -0.8802516707636578 0.0
outer loop
vertex 4.0 -27.172 0.0
vertex 5.933 -28.214 0.0
vertex 4.0 -27.172 16.0
endloop
endfacet
facet normal 0.2856913162303732 0.9583216953771613 0.0
outer loop
vertex -0.397 -19.175 0.0
vertex 2.045 -19.903 16.0
vertex 2.045 -19.903 0.0
endloop
endfacet
facet normal 0.3495955918729462 0.9369007002575057 0.0
outer loop
vertex 2.045 -19.903 0.0
vertex 4.465 -20.806 16.0
vertex 4.465 -20.806 0.0
endloop
endfacet
facet normal -0.5400271189206283 -0.8416476167793059 0.0
outer loop
vertex 5.933 -28.214 0.0
vertex 7.797 -29.41 0.0
vertex 5.933 -28.214 16.0
endloop
endfacet
facet normal -0.6050719201495232 -0.7961708180073979 -0.0
outer loop
vertex 9.576 -30.762 0.0
vertex 7.797 -29.41 16.0
vertex 7.797 -29.41 0.0
endloop
endfacet
facet normal 0.48022486428603955 0.8771454153796022 0.0
outer loop
vertex 9.173 -23.164 0.0
vertex 6.846 -21.89 0.0
vertex 9.173 -23.164 16.0
endloop
endfacet
facet normal 0.5460069822120873 0.8377806248509506 0.0
outer loop
vertex 9.173 -23.164 0.0
vertex 11.427 -24.633 16.0
vertex 11.427 -24.633 0.0
endloop
endfacet
facet normal 0.4143500512297091 0.9101175940755883 0.0
outer loop
vertex 4.465 -20.806 0.0
vertex 6.846 -21.89 16.0
vertex 6.846 -21.89 0.0
endloop
endfacet
facet normal -0.6068854807681798 -0.7947892885745096 0.0
outer loop
vertex 7.912 -16.925 0.0
vertex 14.079 -21.634 0.0
vertex 7.912 -16.925 16.0
endloop
endfacet
facet normal 0.301525418215257 0.9534581386563934 0.0
outer loop
vertex -4.139 -6.413 0.0
vertex 3.156 -8.72 16.0
vertex 3.156 -8.72 0.0
endloop
endfacet
facet normal -0.4734853816624578 -0.8808016765151827 -0.0
outer loop
vertex 7.912 -16.925 0.0
vertex 1.243 -13.34 16.0
vertex 1.243 -13.34 0.0
endloop
endfacet
facet normal 0.4735454367378136 0.8807693905585009 0.0
outer loop
vertex 3.156 -8.72 0.0
vertex 10.168 -12.49 16.0
vertex 10.168 -12.49 0.0
endloop
endfacet
facet normal 0.5556461550732227 0.831418877794066 0.0
outer loop
vertex 10.168 -12.49 0.0
vertex 10.979 -13.032 16.0
vertex 10.979 -13.032 0.0
endloop
endfacet
facet normal 0.6108952373457159 0.7917114430070601 0.0
outer loop
vertex 11.427 -24.633 0.0
vertex 13.59 -26.302 16.0
vertex 13.59 -26.302 0.0
endloop
endfacet
facet normal 0.6758367816945797 0.7370513174187485 0.0
outer loop
vertex 13.59 -26.302 0.0
vertex 15.673 -28.212 16.0
vertex 15.673 -28.212 0.0
endloop
endfacet
facet normal 0.6068585718267707 0.7948098349922277 0.0
outer loop
vertex 17.614 -18.098 0.0
vertex 10.979 -13.032 0.0
vertex 17.614 -18.098 16.0
endloop
endfacet
facet normal -0.5711741491497383 -0.8208289050362886 0.0
outer loop
vertex 14.079 -21.634 0.0
vertex 20.658 -26.212 0.0
vertex 14.079 -21.634 16.0
endloop
endfacet
facet normal 0.573407740732898 0.8192701403490752 0.0
outer loop
vertex 17.614 -18.098 0.0
vertex 22.649 -21.622 16.0
vertex 22.649 -21.622 0.0
endloop
endfacet
facet normal 0.9186578090161508 -0.3950542113857861 0.0
outer loop
vertex 22.231 -51.592 0.0
vertex 22.609 -50.713 0.0
vertex 22.231 -51.592 16.0
endloop
endfacet
facet normal 0.9470580869843183 -0.32106226791325626 0.0
outer loop
vertex 22.609 -50.713 0.0
vertex 23.246 -48.834 0.0
vertex 22.609 -50.713 16.0
endloop
endfacet
facet normal 0.9710495413195696 -0.23887818716461626 0.0
outer loop
vertex 23.246 -48.834 0.0
vertex 23.492 -47.834 0.0
vertex 23.246 -48.834 16.0
endloop
endfacet
facet normal 0.9879772732615789 -0.15459918343450424 0.0
outer loop
vertex 23.492 -47.834 0.0
vertex 23.789 -45.936 0.0
vertex 23.492 -47.834 16.0
endloop
endfacet
facet normal 0.997885500156359 -0.06499637357340082 0.0
outer loop
vertex 23.789 -45.936 0.0
vertex 23.857 -44.892 0.0
vertex 23.789 -45.936 16.0
endloop
endfacet
facet normal 0.999774928431425 0.021215383096687555 0.0
outer loop
vertex 23.857 -44.892 0.0
vertex 23.817 -43.007 0.0
vertex 23.857 -44.892 16.0
endloop
endfacet
facet normal 0.9941173311917969 0.10830850300922497 0.0
outer loop
vertex 23.817 -43.007 0.0
vertex 23.705 -41.979 0.0
vertex 23.817 -43.007 16.0
endloop
endfacet
facet normal 0.9812382312571987 0.19279920518312357 0.0
outer loop
vertex 23.705 -41.979 0.0
vertex 23.336 -40.101 0.0
vertex 23.705 -41.979 16.0
endloop
endfacet
facet normal 0.9299439962956538 0.3677011881319792 0.0
outer loop
vertex 23.075 -39.174 0.0
vertex 22.026 -36.521 0.0
vertex 23.075 -39.174 16.0
endloop
endfacet
facet normal 0.9625747858429556 0.2710162018392781 0.0
outer loop
vertex 23.336 -40.101 0.0
vertex 23.075 -39.174 0.0
vertex 23.336 -40.101 16.0
endloop
endfacet
facet normal 0.8698320199396856 0.49334800809129314 0.0
outer loop
vertex 20.616 -34.035 0.0
vertex 22.026 -36.521 16.0
vertex 22.026 -36.521 0.0
endloop
endfacet
facet normal -0.34517235007417374 -0.938539316568183 0.0
outer loop
vertex 20.658 -26.212 0.0
vertex 26.697 -28.433 0.0
vertex 20.658 -26.212 16.0
endloop
endfacet
facet normal 0.34508110570778294 0.9385728690322845 0.0
outer loop
vertex 22.649 -21.622 0.0
vertex 28.154 -23.646 16.0
vertex 28.154 -23.646 0.0
endloop
endfacet
facet normal -0.19572199526322795 -0.9806594212927242 0.0
outer loop
vertex 26.697 -28.433 0.0
vertex 27.654 -28.624 0.0
vertex 26.697 -28.433 16.0
endloop
endfacet
facet normal -0.0446917309665529 -0.9990008254166826 0.0
outer loop
vertex 27.654 -28.624 0.0
vertex 34.047 -28.91 0.0
vertex 27.654 -28.624 16.0
endloop
endfacet
facet normal 0.044827809025730574 0.9989947284835655 0.0
outer loop
vertex 28.154 -23.646 0.0
vertex 33.859 -23.902 16.0
vertex 33.859 -23.902 0.0
endloop
endfacet
facet normal 0.24353204765525147 -0.9698928506617834 0.0
outer loop
vertex 34.047 -28.91 0.0
vertex 41.833 -26.955 0.0
vertex 34.047 -28.91 16.0
endloop
endfacet
facet normal -0.2501582219234054 0.9682049700368824 0.0
outer loop
vertex 33.859 -23.902 0.0
vertex 39.92 -22.336 16.0
vertex 39.92 -22.336 0.0
endloop
endfacet
facet normal 0.0 -0.0 -0.9999999999999999
outer loop
vertex 40.418 -104.724 0.0
vertex 47.524 -107.334 0.0
vertex 43.453 -109.904 0.0
endloop
endfacet
facet normal 0.0 0.0 -1.0
outer loop
vertex 40.418 -104.724 0.0
vertex 44.154 -102.365 0.0
vertex 47.524 -107.334 0.0
endloop
endfacet
facet normal 0.0 0.0 -0.9999999999999999
outer loop
vertex 47.524 -107.334 0.0
vertex 44.154 -102.365 0.0
vertex 51.442 -104.484 0.0
endloop
endfacet
facet normal 0.0 0.0 -1.0
outer loop
vertex 44.154 -102.365 0.0
vertex 47.754 -99.747 0.0
vertex 51.442 -104.484 0.0
endloop
endfacet
facet normal 0.0 -0.0 -0.9999999999999999
outer loop
vertex 47.754 -99.747 0.0
vertex 55.192 -101.361 0.0
vertex 51.442 -104.484 0.0
endloop
endfacet
facet normal 0.0 0.0 -1.0
outer loop
vertex 47.754 -99.747 0.0
vertex 51.202 -96.876 0.0
vertex 55.192 -101.361 0.0
endloop
endfacet
facet normal 0.0 -0.0 -1.0
outer loop
vertex 51.202 -96.876 0.0
vertex 58.76 -97.974 0.0
vertex 55.192 -101.361 0.0
endloop
endfacet
facet normal 0.0 0.0 -1.0
outer loop
vertex 51.202 -96.876 0.0
vertex 54.488 -93.756 0.0
vertex 58.76 -97.974 0.0
endloop
endfacet
facet normal 0.0 0.0 -0.9999999999999999
outer loop
vertex 58.76 -97.974 0.0
vertex 54.488 -93.756 0.0
vertex 62.133 -94.327 0.0
endloop
endfacet
facet normal 0.0 0.0 -0.9999999999999999
outer loop
vertex 54.488 -93.756 0.0
vertex 57.728 -90.253 0.0
vertex 62.133 -94.327 0.0
endloop
endfacet
facet normal 0.0 0.0 -1.0
outer loop
vertex 57.728 -90.253 0.0
vertex 61.148 -86.845 0.0
vertex 62.133 -94.327 0.0
endloop
endfacet
facet normal 0.0 0.0 -1.0
outer loop
vertex 62.133 -94.327 0.0
vertex 61.148 -86.845 0.0
vertex 65.528 -90.95 0.0
endloop
endfacet
facet normal 0.0 -0.0 -0.9999999999999999
outer loop
vertex 61.148 -86.845 0.0
vertex 68.669 -87.353 0.0
vertex 65.528 -90.95 0.0
endloop
endfacet
facet normal 0.0 0.0 -1.0
outer loop
vertex 61.148 -86.845 0.0
vertex 64.006 -83.571 0.0
vertex 68.669 -87.353 0.0
endloop
endfacet
facet normal 0.0 -0.0 -1.0
outer loop
vertex 64.006 -83.571 0.0
vertex 71.551 -83.526 0.0
vertex 68.669 -87.353 0.0
endloop
endfacet
facet normal 0.0 0.0 -0.9999999999999999
outer loop
vertex 64.006 -83.571 0.0
vertex 66.625 -80.093 0.0
vertex 71.551 -83.526 0.0
endloop
endfacet
facet normal 0.0 0.0 -1.0
outer loop
vertex 66.625 -80.093 0.0
vertex 69.007 -76.394 0.0
vertex 74.171 -79.457 0.0
endloop
endfacet
facet normal 0.0 -0.0 -1.0
outer loop
vertex 66.625 -80.093 0.0
vertex 74.171 -79.457 0.0
vertex 71.551 -83.526 0.0
endloop
endfacet
facet normal 0.0 -0.0 -0.9999999999999999
outer loop
vertex 69.007 -76.394 0.0
vertex 76.525 -75.137 0.0
vertex 74.171 -79.457 0.0
endloop
endfacet
facet normal 0.0 0.0 -1.0
outer loop
vertex 69.007 -76.394 0.0
vertex 71.153 -72.456 0.0
vertex 76.525 -75.137 0.0
endloop
endfacet
facet normal 0.0 0.0 -1.0
outer loop
vertex 71.153 -72.456 0.0
vertex 73.062 -68.26 0.0
vertex 78.61 -70.555 0.0
endloop
endfacet
facet normal 0.0 -0.0 -1.0
outer loop
vertex 71.153 -72.456 0.0
vertex 78.61 -70.555 0.0
vertex 76.525 -75.137 0.0
endloop
endfacet
facet normal 0.0 -0.0 -1.0
outer loop
vertex 73.062 -68.26 0.0
vertex 80.423 -65.7 0.0
vertex 78.61 -70.555 0.0
endloop
endfacet
facet normal 0.0 0.0 -1.0
outer loop
vertex 73.062 -68.26 0.0
vertex 74.732 -63.789 0.0
vertex 80.423 -65.7 0.0
endloop
endfacet
facet normal 0.0 0.0 -0.9999999999999999
outer loop
vertex 74.732 -63.789 0.0
vertex 76.157 -59.025 0.0
vertex 81.959 -60.563 0.0
endloop
endfacet
facet normal 0.0 -0.0 -1.0
outer loop
vertex 74.732 -63.789 0.0
vertex 81.959 -60.563 0.0
vertex 80.423 -65.7 0.0
endloop
endfacet
facet normal 0.5338210520047568 -0.8455974718721282 0.0
outer loop
vertex 43.453 -109.904 0.0
vertex 47.524 -107.334 0.0
vertex 43.453 -109.904 16.0
endloop
endfacet
facet normal 0.5882453304989108 -0.8086825280332369 0.0
outer loop
vertex 47.524 -107.334 0.0
vertex 51.442 -104.484 0.0
vertex 47.524 -107.334 16.0
endloop
endfacet
facet normal -0.5881449817065391 0.8087555134238127 0.0
outer loop
vertex 44.154 -102.365 0.0
vertex 47.754 -99.747 16.0
vertex 47.754 -99.747 0.0
endloop
endfacet
facet normal -0.639877437150635 0.7684769778110044 0.0
outer loop
vertex 47.754 -99.747 0.0
vertex 51.202 -96.876 16.0
vertex 51.202 -96.876 0.0
endloop
endfacet
facet normal 0.6399425037122454 -0.7684227950435247 0.0
outer loop
vertex 51.442 -104.484 0.0
vertex 55.192 -101.361 0.0
vertex 51.442 -104.484 16.0
endloop
endfacet
facet normal -0.6885522365978319 0.7251867466219466 0.0
outer loop
vertex 51.202 -96.876 0.0
vertex 54.488 -93.756 16.0
vertex 54.488 -93.756 0.0
endloop
endfacet
facet normal 0.6884716194881139 -0.7252632826494209 0.0
outer loop
vertex 55.192 -101.361 0.0
vertex 58.76 -97.974 0.0
vertex 55.192 -101.361 16.0
endloop
endfacet
facet normal -0.7341281676286068 0.6790109229565193 0.0
outer loop
vertex 54.488 -93.756 0.0
vertex 57.728 -90.253 16.0
vertex 57.728 -90.253 0.0
endloop
endfacet
facet normal 0.7341471019937971 -0.6789904510625383 0.0
outer loop
vertex 58.76 -97.974 0.0
vertex 62.133 -94.327 0.0
vertex 58.76 -97.974 16.0
endloop
endfacet
facet normal 0.7052247976600163 -0.7089837690422744 0.0
outer loop
vertex 62.133 -94.327 0.0
vertex 65.528 -90.95 0.0
vertex 62.133 -94.327 16.0
endloop
endfacet
facet normal -0.7058629726681992 0.7083484056705521 0.0
outer loop
vertex 57.728 -90.253 0.0
vertex 61.148 -86.845 16.0
vertex 61.148 -86.845 0.0
endloop
endfacet
facet normal -0.7533458940960598 0.6576244854387708 0.0
outer loop
vertex 61.148 -86.845 0.0
vertex 64.006 -83.571 16.0
vertex 64.006 -83.571 0.0
endloop
endfacet
facet normal 0.7532378935675548 -0.6577481856257096 0.0
outer loop
vertex 65.528 -90.95 0.0
vertex 68.669 -87.353 0.0
vertex 65.528 -90.95 16.0
endloop
endfacet
facet normal 0.7988212059372648 -0.6015685172488117 0.0
outer loop
vertex 68.669 -87.353 0.0
vertex 71.551 -83.526 0.0
vertex 68.669 -87.353 16.0
endloop
endfacet
facet normal -0.7988409037589227 0.6015423596735542 0.0
outer loop
vertex 64.006 -83.571 0.0
vertex 66.625 -80.093 16.0
vertex 66.625 -80.093 0.0
endloop
endfacet
facet normal -0.8407572769280155 0.5414122286138249 0.0
outer loop
vertex 66.625 -80.093 0.0
vertex 69.007 -76.394 16.0
vertex 69.007 -76.394 0.0
endloop
endfacet
facet normal 0.8407821445078179 -0.5413736098821541 0.0
outer loop
vertex 71.551 -83.526 0.0
vertex 74.171 -79.457 0.0
vertex 71.551 -83.526 16.0
endloop
endfacet
facet normal 0.8780974634585537 -0.47848181226422176 0.0
outer loop
vertex 74.171 -79.457 0.0
vertex 76.525 -75.137 0.0
vertex 74.171 -79.457 16.0
endloop
endfacet
facet normal -0.878082976647921 0.4785083971270792 0.0
outer loop
vertex 69.007 -76.394 0.0
vertex 71.153 -72.456 16.0
vertex 71.153 -72.456 0.0
endloop
endfacet
facet normal -0.9102252734350026 0.4141134525708802 0.0
outer loop
vertex 71.153 -72.456 0.0
vertex 73.062 -68.26 16.0
vertex 73.062 -68.26 0.0
endloop
endfacet
facet normal -0.9367847486398008 0.3499061798766423 0.0
outer loop
vertex 73.062 -68.26 0.0
vertex 74.732 -63.789 16.0
vertex 74.732 -63.789 0.0
endloop
endfacet
facet normal 0.9101963268755265 -0.4141770714830794 0.0
outer loop
vertex 76.525 -75.137 0.0
vertex 78.61 -70.555 0.0
vertex 76.525 -75.137 16.0
endloop
endfacet
facet normal 0.9368120061628816 -0.349833196122205 0.0
outer loop
vertex 78.61 -70.555 0.0
vertex 80.423 -65.7 0.0
vertex 78.61 -70.555 16.0
endloop
endfacet
facet normal -0.9580584403679328 0.2865728962057726 0.0
outer loop
vertex 74.732 -63.789 0.0
vertex 76.157 -59.025 16.0
vertex 76.157 -59.025 0.0
endloop
endfacet
facet normal 0.9580876822619263 -0.28647511776412693 0.0
outer loop
vertex 80.423 -65.7 0.0
vertex 81.959 -60.563 0.0
vertex 80.423 -65.7 16.0
endloop
endfacet
facet normal 0.0 0.0 -1.0
outer loop
vertex 41.833 -26.955 0.0
vertex 39.92 -22.336 0.0
vertex 49.181 -23.021 0.0
endloop
endfacet
facet normal 0.0 0.0 -1.0
outer loop
vertex 39.92 -22.336 0.0
vertex 46.892 -18.603 0.0
vertex 49.181 -23.021 0.0
endloop
endfacet
facet normal 0.0 -0.0 -1.0
outer loop
vertex 46.892 -18.603 0.0
vertex 49.992 -22.479 0.0
vertex 49.181 -23.021 0.0
endloop
endfacet
facet normal 0.0 -0.0 -1.0
outer loop
vertex 46.892 -18.603 0.0
vertex 54.406 -12.721 0.0
vertex 49.992 -22.479 0.0
endloop
endfacet
facet normal 0.0 0.0 -1.0
outer loop
vertex 49.992 -22.479 0.0
vertex 54.406 -12.721 0.0
vertex 57.942 -16.257 0.0
endloop
endfacet
facet normal 0.0 0.0 -1.0
outer loop
vertex 57.942 -16.257 0.0
vertex 54.406 -12.721 0.0
vertex 63.04 -4.094 0.0
endloop
endfacet
facet normal 0.0 0.0 -0.9999999999999999
outer loop
vertex 57.942 -16.257 0.0
vertex 63.04 -4.094 0.0
vertex 66.576 -7.629 0.0
endloop
endfacet
facet normal 0.0 0.0 -1.0
outer loop
vertex 81.959 -60.563 0.0
vertex 76.157 -59.025 0.0
vertex 83.217 -55.131 0.0
endloop
endfacet
facet normal 0.0 0.0 -1.0
outer loop
vertex 76.157 -59.025 0.0
vertex 77.331 -53.951 0.0
vertex 83.217 -55.131 0.0
endloop
endfacet
facet normal 0.0 0.0 -1.0
outer loop
vertex 77.331 -53.951 0.0
vertex 78.248 -48.554 0.0
vertex 84.191 -49.396 0.0
endloop
endfacet
facet normal 0.0 -0.0 -1.0
outer loop
vertex 77.331 -53.951 0.0
vertex 84.191 -49.396 0.0
vertex 83.217 -55.131 0.0
endloop
endfacet
facet normal 0.0 -0.0 -1.0
outer loop
vertex 78.248 -48.554 0.0
vertex 84.879 -43.347 0.0
vertex 84.191 -49.396 0.0
endloop
endfacet
facet normal 0.0 0.0 -1.0
outer loop
vertex 78.248 -48.554 0.0
vertex 78.9 -42.821 0.0
vertex 84.879 -43.347 0.0
endloop
endfacet
facet normal 0.0 0.0 -0.9999999999999999
outer loop
vertex 78.9 -42.821 0.0
vertex 79.288 -36.598 0.0
vertex 85.276 -36.972 0.0
endloop
endfacet
facet normal 0.0 -0.0 -1.0
outer loop
vertex 78.9 -42.821 0.0
vertex 85.276 -36.972 0.0
vertex 84.879 -43.347 0.0
endloop
endfacet
facet normal 0.0 0.0 -1.0
outer loop
vertex 79.288 -36.598 0.0
vertex 79.895 -32.345 0.0
vertex 85.276 -36.972 0.0
endloop
endfacet
facet normal 0.0 0.0 -1.0
outer loop
vertex 79.895 -32.345 0.0
vertex 80.126 -28.904 0.0
vertex 86.129 -29.067 0.0
endloop
endfacet
facet normal 0.0 -0.0 -0.9999999999999999
outer loop
vertex 79.895 -32.345 0.0
vertex 85.865 -32.986 0.0
vertex 85.276 -36.972 0.0
endloop
endfacet
facet normal 0.0 -0.0 -1.0
outer loop
vertex 79.895 -32.345 0.0
vertex 86.129 -29.067 0.0
vertex 85.865 -32.986 0.0
endloop
endfacet
facet normal 0.0 -0.0 -1.0
outer loop
vertex 63.04 -4.094 0.0
vertex 72.429 -0.685 0.0
vertex 66.576 -7.629 0.0
endloop
endfacet
facet normal 0.0 0.0 -1.0
outer loop
vertex 63.04 -4.094 0.0
vertex 69.886 4.028 0.0
vertex 72.429 -0.685 0.0
endloop
endfacet
facet normal 0.0 -0.0 -1.0
outer loop
vertex 72.429 -0.685 0.0
vertex 77.799 1.996 0.0
vertex 74.308 -4.534 0.0
endloop
endfacet
facet normal 0.0 0.0 -1.0
outer loop
vertex 80.126 -28.904 0.0
vertex 80.082 -25.512 0.0
vertex 86.129 -29.067 0.0
endloop
endfacet
facet normal 0.0 0.0 -1.0
outer loop
vertex 80.082 -25.512 0.0
vertex 79.77 -22.135 0.0
vertex 86.078 -25.196 0.0
endloop
endfacet
facet normal 0.0 0.0 -1.0
outer loop
vertex 80.082 -25.512 0.0
vertex 86.078 -25.196 0.0
vertex 86.129 -29.067 0.0
endloop
endfacet
facet normal 0.0 0.0 -1.0
outer loop
vertex 79.77 -22.135 0.0
vertex 85.724 -21.357 0.0
vertex 86.078 -25.196 0.0
endloop
endfacet
facet normal 0.0 0.0 -1.0
outer loop
vertex 79.77 -22.135 0.0
vertex 79.195 -18.743 0.0
vertex 85.724 -21.357 0.0
endloop
endfacet
facet normal 0.0 0.0 -1.0
outer loop
vertex 79.195 -18.743 0.0
vertex 85.075 -17.532 0.0
vertex 85.724 -21.357 0.0
endloop
endfacet
facet normal 0.0 0.0 -1.0
outer loop
vertex 79.195 -18.743 0.0
vertex 78.36 -15.309 0.0
vertex 85.075 -17.532 0.0
endloop
endfacet
facet normal 0.0 0.0 -1.0
outer loop
vertex 78.36 -15.309 0.0
vertex 84.144 -13.703 0.0
vertex 85.075 -17.532 0.0
endloop
endfacet
facet normal 0.0 0.0 -0.9999999999999999
outer loop
vertex 78.36 -15.309 0.0
vertex 77.266 -11.808 0.0
vertex 84.144 -13.703 0.0
endloop
endfacet
facet normal 0.0 0.0 -1.0
outer loop
vertex 77.266 -11.808 0.0
vertex 75.914 -8.222 0.0
vertex 82.941 -9.853 0.0
endloop
endfacet
facet normal 0.0 0.0 -1.0
outer loop
vertex 75.914 -8.222 0.0
vertex 81.475 -5.965 0.0
vertex 82.941 -9.853 0.0
endloop
endfacet
facet normal 0.0 -0.0 -1.0
outer loop
vertex 74.308 -4.534 0.0
vertex 81.475 -5.965 0.0
vertex 75.914 -8.222 0.0
endloop
endfacet
facet normal 0.0 0.0 -1.0
outer loop
vertex 74.308 -4.534 0.0
vertex 77.799 1.996 0.0
vertex 79.758 -2.021 0.0
endloop
endfacet
facet normal 0.0 0.0 -1.0
outer loop
vertex 74.308 -4.534 0.0
vertex 79.758 -2.021 0.0
vertex 81.475 -5.965 0.0
endloop
endfacet
facet normal 0.0 0.0 -1.0
outer loop
vertex 77.266 -11.808 0.0
vertex 82.941 -9.853 0.0
vertex 84.144 -13.703 0.0
endloop
endfacet
facet normal 0.47199499569179443 -0.8816012273368854 0.0
outer loop
vertex 41.833 -26.955 0.0
vertex 49.181 -23.021 0.0
vertex 41.833 -26.955 16.0
endloop
endfacet
facet normal -0.4720249011182662 0.8815852158040598 0.0
outer loop
vertex 39.92 -22.336 0.0
vertex 46.892 -18.603 16.0
vertex 46.892 -18.603 0.0
endloop
endfacet
facet normal 0.555646155073224 -0.8314188777940652 0.0
outer loop
vertex 49.181 -23.021 0.0
vertex 49.992 -22.479 0.0
vertex 49.181 -23.021 16.0
endloop
endfacet
facet normal 0.6163242869471771 -0.7874924592140891 0.0
outer loop
vertex 49.992 -22.479 0.0
vertex 57.942 -16.257 0.0
vertex 49.992 -22.479 16.0
endloop
endfacet
facet normal -0.6164043294148052 0.787429808096369 0.0
outer loop
vertex 46.892 -18.603 0.0
vertex 54.406 -12.721 16.0
vertex 54.406 -12.721 0.0
endloop
endfacet
facet normal 0.7068609592789827 -0.7073525176651287 0.0
outer loop
vertex 57.942 -16.257 0.0
vertex 66.576 -7.629 0.0
vertex 57.942 -16.257 16.0
endloop
endfacet
facet normal -0.7068199640428283 0.7073934820384584 0.0
outer loop
vertex 54.406 -12.721 0.0
vertex 63.04 -4.094 16.0
vertex 63.04 -4.094 0.0
endloop
endfacet
facet normal -0.9742615889164942 0.22542039916988 0.0
outer loop
vertex 76.157 -59.025 0.0
vertex 77.331 -53.951 16.0
vertex 77.331 -53.951 0.0
endloop
endfacet
facet normal -0.9858706318498087 0.16750849905619353 0.0
outer loop
vertex 77.331 -53.951 0.0
vertex 78.248 -48.554 16.0
vertex 78.248 -48.554 0.0
endloop
endfacet
facet normal 0.9742155823198273 -0.22561914627362628 0.0
outer loop
vertex 81.959 -60.563 0.0
vertex 83.217 -55.131 0.0
vertex 81.959 -60.563 16.0
endloop
endfacet
facet normal 0.9858828169546577 -0.16743676786640635 0.0
outer loop
vertex 83.217 -55.131 0.0
vertex 84.191 -49.396 0.0
vertex 83.217 -55.131 16.0
endloop
endfacet
facet normal 0.9935939419180921 -0.11300919689860305 0.0
outer loop
vertex 84.191 -49.396 0.0
vertex 84.879 -43.347 0.0
vertex 84.191 -49.396 16.0
endloop
endfacet
facet normal -0.9935950871601309 0.11299912730305353 0.0
outer loop
vertex 78.248 -48.554 0.0
vertex 78.9 -42.821 16.0
vertex 78.9 -42.821 0.0
endloop
endfacet
facet normal -0.9980619281065072 0.06222851166725307 0.0
outer loop
vertex 78.9 -42.821 0.0
vertex 79.288 -36.598 16.0
vertex 79.288 -36.598 0.0
endloop
endfacet
facet normal -0.9899681066283915 0.1412910041672779 0.0
outer loop
vertex 79.288 -36.598 0.0
vertex 79.895 -32.345 16.0
vertex 79.895 -32.345 0.0
endloop
endfacet
facet normal -0.9977542586803946 0.06698088746154605 0.0
outer loop
vertex 79.895 -32.345 0.0
vertex 80.126 -28.904 16.0
vertex 80.126 -28.904 0.0
endloop
endfacet
facet normal 0.9980665644638483 -0.06215410605366889 0.0
outer loop
vertex 84.879 -43.347 0.0
vertex 85.276 -36.972 0.0
vertex 84.879 -43.347 16.0
endloop
endfacet
facet normal 0.9892580272192275 -0.14617987406726618 0.0
outer loop
vertex 85.276 -36.972 0.0
vertex 85.865 -32.986 0.0
vertex 85.276 -36.972 16.0
endloop
endfacet
facet normal 0.9977387306320277 -0.06721179507192282 0.0
outer loop
vertex 85.865 -32.986 0.0
vertex 86.129 -29.067 0.0
vertex 85.865 -32.986 16.0
endloop
endfacet
facet normal 0.7646170107570495 -0.6444849314459992 0.0
outer loop
vertex 66.576 -7.629 0.0
vertex 72.429 -0.685 0.0
vertex 66.576 -7.629 16.0
endloop
endfacet
facet normal -0.9168406700216085 -0.39925328526428916 0.0
outer loop
vertex 74.308 -4.534 0.0
vertex 75.914 -8.222 0.0
vertex 74.308 -4.534 16.0
endloop
endfacet
facet normal -0.8986360175173271 -0.43869500569370284 0.0
outer loop
vertex 72.429 -0.685 0.0
vertex 74.308 -4.534 0.0
vertex 72.429 -0.685 16.0
endloop
endfacet
facet normal -0.9999158781399516 -0.012970606909837566 -0.0
outer loop
vertex 80.126 -28.904 0.0
vertex 80.082 -25.512 16.0
vertex 80.082 -25.512 0.0
endloop
endfacet
facet normal -0.9957592020293229 -0.09199788896450888 -0.0
outer loop
vertex 80.082 -25.512 0.0
vertex 79.77 -22.135 16.0
vertex 79.77 -22.135 0.0
endloop
endfacet
facet normal -0.9859344989151632 -0.1671321747866218 -0.0
outer loop
vertex 79.77 -22.135 0.0
vertex 79.195 -18.743 16.0
vertex 79.195 -18.743 0.0
endloop
endfacet
facet normal -0.971686919299131 -0.23627215422678172 -0.0
outer loop
vertex 79.195 -18.743 0.0
vertex 78.36 -15.309 16.0
vertex 78.36 -15.309 0.0
endloop
endfacet
facet normal 0.9999132224308139 0.013173746924302109 0.0
outer loop
vertex 86.129 -29.067 0.0
vertex 86.078 -25.196 0.0
vertex 86.129 -29.067 16.0
endloop
endfacet
facet normal 0.9957754403442499 0.09182196037558309 0.0
outer loop
vertex 86.078 -25.196 0.0
vertex 85.724 -21.357 0.0
vertex 86.078 -25.196 16.0
endloop
endfacet
facet normal 0.9859090311912386 0.1672823428086575 0.0
outer loop
vertex 85.724 -21.357 0.0
vertex 85.075 -17.532 0.0
vertex 85.724 -21.357 16.0
endloop
endfacet
facet normal 0.9716896507687156 0.23626092057082046 0.0
outer loop
vertex 85.075 -17.532 0.0
vertex 84.144 -13.703 0.0
vertex 85.075 -17.532 16.0
endloop
endfacet
facet normal -0.954484829012998 -0.2982594695630433 -0.0
outer loop
vertex 78.36 -15.309 0.0
vertex 77.266 -11.808 16.0
vertex 77.266 -11.808 0.0
endloop
endfacet
facet normal -0.9357057587721579 -0.3527814238315563 -0.0
outer loop
vertex 77.266 -11.808 0.0
vertex 75.914 -8.222 16.0
vertex 75.914 -8.222 0.0
endloop
endfacet
facet normal 0.8988135999485773 0.43833105359702595 0.0
outer loop
vertex 79.758 -2.021 0.0
vertex 77.799 1.996 0.0
vertex 79.758 -2.021 16.0
endloop
endfacet
facet normal 0.9356946815537546 0.35281080328133024 0.0
outer loop
vertex 82.941 -9.853 0.0
vertex 81.475 -5.965 0.0
vertex 82.941 -9.853 16.0
endloop
endfacet
facet normal 0.9544888003637025 0.2982467602175421 0.0
outer loop
vertex 82.941 -9.853 0.0
vertex 84.144 -13.703 16.0
vertex 84.144 -13.703 0.0
endloop
endfacet
facet normal 0.9168814605232828 0.39915960134849787 0.0
outer loop
vertex 79.758 -2.021 0.0
vertex 81.475 -5.965 16.0
vertex 81.475 -5.965 0.0
endloop
endfacet
facet normal -0.023500047747265117 0.99972383574459 0.0
outer loop
vertex -0.089 -113.999 0.0
vertex -0.089 -113.999 16.0
vertex 5.569 -113.866 16.0
endloop
endfacet
facet normal 0.023403257449379256 -0.9997261062614891 0.0
outer loop
vertex 5.828 -119.862 0.0
vertex 5.828 -119.862 16.0
vertex -0.067 -120.0 16.0
endloop
endfacet
facet normal -0.062978181873161 0.9980149040009128 0.0
outer loop
vertex 5.569 -113.866 0.0
vertex 5.569 -113.866 16.0
vertex 11.369 -113.5 16.0
endloop
endfacet
facet normal 0.06307813999909179 -0.9980085912727681 0.0
outer loop
vertex 11.821 -119.483 0.0
vertex 11.821 -119.483 16.0
vertex 7.027 -119.786 16.0
endloop
endfacet
facet normal 0.06311436477596999 -0.9980063010617347 0.0
outer loop
vertex 11.821 -119.483 0.0
vertex 5.828 -119.862 18.0
vertex 5.828 -119.862 16.0
endloop
endfacet
facet normal 0.06344010436816364 -0.9979856418311444 0.00010888817913390155
outer loop
vertex 11.821 -119.483 0.0
vertex 7.027 -119.786 16.0
vertex 5.828 -119.862 18.0
endloop
endfacet
facet normal -0.08770540861780869 0.9961464557479403 0.0
outer loop
vertex 11.369 -113.5 0.0
vertex 11.369 -113.5 16.0
vertex 15.844 -113.106 16.0
endloop
endfacet
facet normal 0.08753322452607774 -0.9961616006472379 0.0
outer loop
vertex 16.578 -119.065 0.0
vertex 16.578 -119.065 16.0
vertex 11.821 -119.483 16.0
endloop
endfacet
facet normal -0.1568495631185002 0.9876225060971098 0.0
outer loop
vertex 15.844 -113.106 0.0
vertex 15.844 -113.106 16.0
vertex 20.132 -112.425 16.0
endloop
endfacet
facet normal 0.1569659986106744 -0.9876040073228509 0.0
outer loop
vertex 21.278 -118.318 0.0
vertex 21.278 -118.318 16.0
vertex 16.578 -119.065 16.0
endloop
endfacet
facet normal 0.28638356670796905 -0.9581150519220654 0.0
outer loop
vertex 1.79 -68.77 0.0
vertex 1.79 -68.77 16.0
vertex -1.492 -69.751 16.0
endloop
endfacet
facet normal 0.3672006588577895 -0.9301417505597763 0.0
outer loop
vertex 4.893 -67.545 0.0
vertex 4.893 -67.545 16.0
vertex 1.79 -68.77 16.0
endloop
endfacet
facet normal -0.3732846247593435 0.9277168689413147 0.0
outer loop
vertex 0.037 -63.032 0.0
vertex 0.037 -63.032 16.0
vertex 2.654 -61.979 16.0
endloop
endfacet
facet normal -0.45650424707887316 0.8897212329707274 0.0
outer loop
vertex 2.654 -61.979 0.0
vertex 2.654 -61.979 16.0
vertex 5.061 -60.744 16.0
endloop
endfacet
facet normal 0.4494255394442865 -0.8933177959131968 0.0
outer loop
vertex 7.799 -66.083 0.0
vertex 7.799 -66.083 16.0
vertex 4.893 -67.545 16.0
endloop
endfacet
facet normal 0.5338391195697758 -0.8455860656473512 0.0
outer loop
vertex 10.487 -64.386 0.0
vertex 10.487 -64.386 16.0
vertex 7.799 -66.083 16.0
endloop
endfacet
facet normal -0.5414405677252135 0.8407390270597641 0.0
outer loop
vertex 5.061 -60.744 0.0
vertex 5.061 -60.744 16.0
vertex 7.238 -59.342 20.0
endloop
endfacet
facet normal 0.6200704079485638 -0.7845461676577752 0.0
outer loop
vertex 12.934 -62.452 0.0
vertex 12.934 -62.452 16.0
vertex 10.487 -64.386 16.0
endloop
endfacet
facet normal 0.7055031686052631 -0.708706765233643 0.0
outer loop
vertex 14.925 -60.47 0.0
vertex 14.925 -60.47 16.0
vertex 12.934 -62.452 16.0
endloop
endfacet
facet normal 0.22472119918858421 -0.974423102474097 0.0
outer loop
vertex 25.909 -117.25 0.0
vertex 25.909 -117.25 16.0
vertex 21.278 -118.318 16.0
endloop
endfacet
facet normal -0.22470801543149932 0.974426142814753 0.0
outer loop
vertex 20.132 -112.425 0.0
vertex 20.132 -112.425 16.0
vertex 24.36 -111.45 16.0
endloop
endfacet
facet normal -0.29083172990684597 0.9567742183396203 0.0
outer loop
vertex 24.36 -111.45 0.0
vertex 24.36 -111.45 16.0
vertex 28.515 -110.187 16.0
endloop
endfacet
facet normal 0.29094178654597497 -0.9567407573849022 0.0
outer loop
vertex 30.455 -115.868 0.0
vertex 30.455 -115.868 16.0
vertex 26.818 -116.974 16.0
endloop
endfacet
facet normal -0.3550973341543258 0.9348293337698017 0.0
outer loop
vertex 28.515 -110.187 0.0
vertex 28.515 -110.187 16.0
vertex 32.585 -108.641 16.0
endloop
endfacet
facet normal 0.29086010736432316 -0.9567655919523937 0.0
outer loop
vertex 30.455 -115.868 0.0
vertex 25.909 -117.25 18.0
vertex 25.909 -117.25 16.0
endloop
endfacet
facet normal 0.2901242979293703 -0.9569889500665196 -0.00020298170027877903
outer loop
vertex 30.455 -115.868 0.0
vertex 26.818 -116.974 16.0
vertex 25.909 -117.25 18.0
endloop
endfacet
facet normal 0.3551039212093591 -0.934826831633398 0.0
outer loop
vertex 34.904 -114.178 0.0
vertex 30.455 -115.868 18.0
vertex 30.455 -115.868 16.0
endloop
endfacet
facet normal 0.35494704365035157 -0.934886407129402 -4.436838045949525e-05
outer loop
vertex 34.904 -114.178 0.0
vertex 31.345 -115.53 16.0
vertex 30.455 -115.868 18.0
endloop
endfacet
facet normal 0.35512135995317207 -0.9348202071548354 0.0
outer loop
vertex 34.904 -114.178 0.0
vertex 34.904 -114.178 16.0
vertex 31.345 -115.53 16.0
endloop
endfacet
facet normal -0.41712738261412763 0.908848032771974 0.0
outer loop
vertex 32.585 -108.641 0.0
vertex 32.585 -108.641 16.0
vertex 36.557 -106.818 16.0
endloop
endfacet
facet normal 0.4170371247731808 -0.9088894523323056 0.0
outer loop
vertex 39.241 -112.188 0.0
vertex 39.241 -112.188 16.0
vertex 34.904 -114.178 16.0
endloop
endfacet
facet normal -0.47674514996062034 0.8790415587382804 0.0
outer loop
vertex 36.557 -106.818 0.0
vertex 36.557 -106.818 16.0
vertex 40.418 -104.724 16.0
endloop
endfacet
facet normal 0.4766865049949766 -0.8790733621010672 0.0
outer loop
vertex 43.453 -109.904 0.0
vertex 39.241 -112.188 18.0
vertex 39.241 -112.188 16.0
endloop
endfacet
facet normal 0.4766865049949766 -0.8790733621010672 0.0
outer loop
vertex 43.453 -109.904 0.0
vertex 43.453 -109.904 16.0
vertex 39.241 -112.188 20.0
endloop
endfacet
facet normal -0.5338993211703859 0.8455480559103672 0.0
outer loop
vertex 40.418 -104.724 0.0
vertex 40.418 -104.724 16.0
vertex 44.154 -102.365 16.0
endloop
endfacet
facet normal 0.4766865049949766 -0.8790733621010672 0.0
outer loop
vertex 43.453 -109.904 0.0
vertex 39.241 -112.188 20.0
vertex 39.241 -112.188 18.0
endloop
endfacet
facet normal 0.06285782415835565 -0.9980224624613017 -0.00024158799059195157
outer loop
vertex 5.828 -119.862 18.0
vertex 7.027 -119.786 16.0
vertex 6.494 -119.82 17.778
endloop
endfacet
facet normal 0.023403257449379256 -0.9997261062614891 0.0
outer loop
vertex -0.067 -120.0 20.0
vertex -0.067 -120.0 18.0
vertex 5.828 -119.862 18.0
endloop
endfacet
facet normal -0.023500047747265117 0.99972383574459 0.0
outer loop
vertex 5.569 -113.866 20.0
vertex 5.569 -113.866 18.0
vertex -0.089 -113.999 18.0
endloop
endfacet
facet normal 0.06313640952824823 -0.9980049066972972 0.0
outer loop
vertex 11.821 -119.483 18.0
vertex 6.494 -119.82 17.778
vertex 11.821 -119.483 17.778
endloop
endfacet
facet normal 0.06293803653600563 -0.9980174364994794 0.0
outer loop
vertex 6.494 -119.82 17.778
vertex 5.828 -119.862 20.0
vertex 5.828 -119.862 18.0
endloop
endfacet
facet normal 0.06313640952824823 -0.9980049066972975 0.0
outer loop
vertex 11.821 -119.483 20.0
vertex 6.494 -119.82 17.778
vertex 11.821 -119.483 18.0
endloop
endfacet
facet normal -0.062978181873161 0.9980149040009128 0.0
outer loop
vertex 11.369 -113.5 20.0
vertex 11.369 -113.5 18.0
vertex 5.569 -113.866 18.0
endloop
endfacet
facet normal -0.023500047747265117 0.99972383574459 0.0
outer loop
vertex -0.089 -113.999 20.0
vertex 5.569 -113.866 20.0
vertex -0.089 -113.999 18.0
endloop
endfacet
facet normal 0.023403257449379256 -0.9997261062614891 0.0
outer loop
vertex -0.067 -120.0 20.0
vertex 5.828 -119.862 18.0
vertex 5.828 -119.862 20.0
endloop
endfacet
facet normal 0.0 -0.0 1.0
outer loop
vertex -0.067 -120.0 20.0
vertex 5.828 -119.862 20.0
vertex -0.089 -113.999 20.0
endloop
endfacet
facet normal -0.0 -0.0 1.0
outer loop
vertex -0.089 -113.999 20.0
vertex 5.828 -119.862 20.0
vertex 5.569 -113.866 20.0
endloop
endfacet
facet normal 0.06311436468712057 -0.9980062996567886 5.3061339349937676e-05
outer loop
vertex 5.828 -119.862 20.0
vertex 6.494 -119.82 17.778
vertex 11.821 -119.483 20.0
endloop
endfacet
facet normal -0.062978181873161 0.9980149040009128 0.0
outer loop
vertex 5.569 -113.866 20.0
vertex 11.369 -113.5 20.0
vertex 5.569 -113.866 18.0
endloop
endfacet
facet normal 0.0 -0.0 1.0
outer loop
vertex 5.828 -119.862 20.0
vertex 11.821 -119.483 20.0
vertex 5.569 -113.866 20.0
endloop
endfacet
facet normal -0.0 -0.0 1.0
outer loop
vertex 5.569 -113.866 20.0
vertex 11.821 -119.483 20.0
vertex 11.369 -113.5 20.0
endloop
endfacet
facet normal 0.08753322452607774 -0.9961616006472379 0.0
outer loop
vertex 11.821 -119.483 20.0
vertex 11.821 -119.483 18.0
vertex 16.578 -119.065 18.0
endloop
endfacet
facet normal -0.08770540861780869 0.9961464557479403 0.0
outer loop
vertex 15.844 -113.106 20.0
vertex 15.844 -113.106 18.0
vertex 11.369 -113.5 18.0
endloop
endfacet
facet normal 0.1569659986106744 -0.9876040073228509 0.0
outer loop
vertex 16.578 -119.065 20.0
vertex 16.578 -119.065 18.0
vertex 21.278 -118.318 18.0
endloop
endfacet
facet normal -0.1568495631185002 0.9876225060971098 0.0
outer loop
vertex 20.132 -112.425 20.0
vertex 20.132 -112.425 18.0
vertex 15.844 -113.106 18.0
endloop
endfacet
facet normal -0.08770540861780869 0.9961464557479403 0.0
outer loop
vertex 11.369 -113.5 20.0
vertex 15.844 -113.106 20.0
vertex 11.369 -113.5 18.0
endloop
endfacet
facet normal 0.08753322452607774 -0.9961616006472379 0.0
outer loop
vertex 11.821 -119.483 20.0
vertex 16.578 -119.065 18.0
vertex 16.578 -119.065 20.0
endloop
endfacet
facet normal 0.0 -0.0 1.0
outer loop
vertex 11.821 -119.483 20.0
vertex 15.844 -113.106 20.0
vertex 11.369 -113.5 20.0
endloop
endfacet
facet normal 0.0 -0.0 1.0
outer loop
vertex 11.821 -119.483 20.0
vertex 16.578 -119.065 20.0
vertex 15.844 -113.106 20.0
endloop
endfacet
facet normal -0.1568495631185002 0.9876225060971098 0.0
outer loop
vertex 15.844 -113.106 20.0
vertex 20.132 -112.425 20.0
vertex 15.844 -113.106 18.0
endloop
endfacet
facet normal 0.1569659986106744 -0.9876040073228509 0.0
outer loop
vertex 16.578 -119.065 20.0
vertex 21.278 -118.318 18.0
vertex 21.278 -118.318 20.0
endloop
endfacet
facet normal -0.0 0.0 1.0
outer loop
vertex 15.844 -113.106 20.0
vertex 16.578 -119.065 20.0
vertex 21.278 -118.318 20.0
endloop
endfacet
facet normal -0.0 -0.0 1.0
outer loop
vertex 15.844 -113.106 20.0
vertex 21.278 -118.318 20.0
vertex 20.132 -112.425 20.0
endloop
endfacet
facet normal 0.3672006588577895 -0.9301417505597763 0.0
outer loop
vertex 1.79 -68.77 20.0
vertex 1.79 -68.77 18.0
vertex 4.893 -67.545 18.0
endloop
endfacet
facet normal -0.3732846247593435 0.9277168689413147 0.0
outer loop
vertex 2.654 -61.979 20.0
vertex 2.654 -61.979 18.0
vertex 0.037 -63.032 18.0
endloop
endfacet
facet normal -0.45650424707887316 0.8897212329707274 0.0
outer loop
vertex 5.061 -60.744 20.0
vertex 5.061 -60.744 18.0
vertex 2.654 -61.979 18.0
endloop
endfacet
facet normal -0.5414405677252135 0.8407390270597641 0.0
outer loop
vertex 7.238 -59.342 20.0
vertex 5.061 -60.744 16.0
vertex 5.061 -60.744 18.0
endloop
endfacet
facet normal 0.4494255394442865 -0.8933177959131968 0.0
outer loop
vertex 4.893 -67.545 20.0
vertex 4.893 -67.545 18.0
vertex 7.799 -66.083 18.0
endloop
endfacet
facet normal 0.5338391195697758 -0.8455860656473512 0.0
outer loop
vertex 7.799 -66.083 20.0
vertex 7.799 -66.083 18.0
vertex 10.487 -64.386 18.0
endloop
endfacet
facet normal 0.28638356670796905 -0.9581150519220654 0.0
outer loop
vertex -1.492 -69.751 20.0
vertex 1.79 -68.77 18.0
vertex 1.79 -68.77 20.0
endloop
endfacet
facet normal 0.3672006588577895 -0.9301417505597763 0.0
outer loop
vertex 1.79 -68.77 20.0
vertex 4.893 -67.545 18.0
vertex 4.893 -67.545 20.0
endloop
endfacet
facet normal -0.3732846247593435 0.9277168689413147 0.0
outer loop
vertex 0.037 -63.032 20.0
vertex 2.654 -61.979 20.0
vertex 0.037 -63.032 18.0
endloop
endfacet
facet normal -0.45650424707887316 0.8897212329707274 0.0
outer loop
vertex 2.654 -61.979 20.0
vertex 5.061 -60.744 20.0
vertex 2.654 -61.979 18.0
endloop
endfacet
facet normal 0.0 -0.0 1.0
outer loop
vertex 1.79 -68.77 20.0
vertex 4.893 -67.545 20.0
vertex 0.037 -63.032 20.0
endloop
endfacet
facet normal 0.0 0.0 1.0
outer loop
vertex 4.893 -67.545 20.0
vertex 2.654 -61.979 20.0
vertex 0.037 -63.032 20.0
endloop
endfacet
facet normal 0.0 -0.0 1.0
outer loop
vertex 4.893 -67.545 20.0
vertex 7.799 -66.083 20.0
vertex 2.654 -61.979 20.0
endloop
endfacet
facet normal -0.0 -0.0 1.0
outer loop
vertex 2.654 -61.979 20.0
vertex 7.799 -66.083 20.0
vertex 5.061 -60.744 20.0
endloop
endfacet
facet normal 0.4494255394442865 -0.8933177959131968 0.0
outer loop
vertex 4.893 -67.545 20.0
vertex 7.799 -66.083 18.0
vertex 7.799 -66.083 20.0
endloop
endfacet
facet normal -0.5414405677252135 0.8407390270597641 0.0
outer loop
vertex 5.061 -60.744 20.0
vertex 7.238 -59.342 20.0
vertex 5.061 -60.744 18.0
endloop
endfacet
facet normal 0.5338391195697758 -0.8455860656473512 0.0
outer loop
vertex 7.799 -66.083 20.0
vertex 10.487 -64.386 18.0
vertex 10.487 -64.386 20.0
endloop
endfacet
facet normal -0.0 0.0 1.0
outer loop
vertex 5.061 -60.744 20.0
vertex 7.799 -66.083 20.0
vertex 10.487 -64.386 20.0
endloop
endfacet
facet normal -0.0 -0.0 0.9999999999999999
outer loop
vertex 5.061 -60.744 20.0
vertex 10.487 -64.386 20.0
vertex 7.238 -59.342 20.0
endloop
endfacet
facet normal 0.0 -0.0 1.0
outer loop
vertex 10.487 -64.386 20.0
vertex 12.934 -62.452 20.0
vertex 7.238 -59.342 20.0
endloop
endfacet
facet normal 0.6200704079485638 -0.7845461676577752 0.0
outer loop
vertex 10.487 -64.386 20.0
vertex 10.487 -64.386 18.0
vertex 12.934 -62.452 18.0
endloop
endfacet
facet normal 0.7055031686052631 -0.708706765233643 0.0
outer loop
vertex 12.934 -62.452 20.0
vertex 12.934 -62.452 18.0
vertex 14.925 -60.47 18.0
endloop
endfacet
facet normal 0.6200704079485638 -0.7845461676577752 0.0
outer loop
vertex 10.487 -64.386 20.0
vertex 12.934 -62.452 18.0
vertex 12.934 -62.452 20.0
endloop
endfacet
facet normal 0.7055031686052631 -0.708706765233643 0.0
outer loop
vertex 12.934 -62.452 20.0
vertex 14.925 -60.47 18.0
vertex 14.925 -60.47 20.0
endloop
endfacet
facet normal 0.0 -0.0 1.0
outer loop
vertex 12.934 -62.452 20.0
vertex 14.925 -60.47 20.0
vertex 9.163 -57.786 20.0
endloop
endfacet
facet normal 0.29082615518102994 -0.9567759018274113 0.00014541307759749857
outer loop
vertex 26.818 -116.974 16.0
vertex 26.363 -117.112 18.0
vertex 25.909 -117.25 18.0
endloop
endfacet
facet normal 0.3550573511815621 -0.9348445203523179 1.1797336256428677e-05
outer loop
vertex 30.455 -115.868 18.0
vertex 31.345 -115.53 16.0
vertex 30.95 -115.68 17.778
endloop
endfacet
facet normal 0.22472119918858421 -0.974423102474097 0.0
outer loop
vertex 21.278 -118.318 20.0
vertex 21.278 -118.318 18.0
vertex 25.909 -117.25 18.0
endloop
endfacet
facet normal 0.2908261582557842 -0.9567759119429072 0.0
outer loop
vertex 26.363 -117.112 18.0
vertex 25.909 -117.25 20.0
vertex 25.909 -117.25 18.0
endloop
endfacet
facet normal -0.22470801543149932 0.974426142814753 0.0
outer loop
vertex 24.36 -111.45 20.0
vertex 24.36 -111.45 18.0
vertex 20.132 -112.425 18.0
endloop
endfacet
facet normal 0.2908638738888182 -0.9567644469075915 0.0
outer loop
vertex 30.455 -115.868 20.0
vertex 26.363 -117.112 18.0
vertex 30.455 -115.868 18.0
endloop
endfacet
facet normal 0.35505272727115744 -0.9348462765916721 0.0
outer loop
vertex 30.95 -115.68 17.778
vertex 30.455 -115.868 20.0
vertex 30.455 -115.868 18.0
endloop
endfacet
facet normal -0.29083172990684597 0.9567742183396203 0.0
outer loop
vertex 28.515 -110.187 20.0
vertex 28.515 -110.187 18.0
vertex 24.36 -111.45 18.0
endloop
endfacet
facet normal -0.3550973341543258 0.9348293337698017 0.0
outer loop
vertex 32.585 -108.641 20.0
vertex 32.585 -108.641 18.0
vertex 28.515 -110.187 18.0
endloop
endfacet
facet normal 0.22472119918858421 -0.974423102474097 0.0
outer loop
vertex 21.278 -118.318 20.0
vertex 25.909 -117.25 18.0
vertex 25.909 -117.25 20.0
endloop
endfacet
facet normal 0.0 -0.0 0.9999999999999999
outer loop
vertex 21.278 -118.318 20.0
vertex 25.909 -117.25 20.0
vertex 20.132 -112.425 20.0
endloop
endfacet
facet normal -0.0 -0.0 1.0
outer loop
vertex 20.132 -112.425 20.0
vertex 25.909 -117.25 20.0
vertex 24.36 -111.45 20.0
endloop
endfacet
facet normal 0.0 -0.0 1.0
outer loop
vertex 25.909 -117.25 20.0
vertex 30.455 -115.868 20.0
vertex 24.36 -111.45 20.0
endloop
endfacet
facet normal -0.22470801543149932 0.974426142814753 0.0
outer loop
vertex 20.132 -112.425 20.0
vertex 24.36 -111.45 20.0
vertex 20.132 -112.425 18.0
endloop
endfacet
facet normal -0.29083172990684597 0.9567742183396203 0.0
outer loop
vertex 24.36 -111.45 20.0
vertex 28.515 -110.187 20.0
vertex 24.36 -111.45 18.0
endloop
endfacet
facet normal 0.29086010735401624 -0.9567655919184899 8.418526983491488e-06
outer loop
vertex 25.909 -117.25 20.0
vertex 26.363 -117.112 18.0
vertex 30.455 -115.868 20.0
endloop
endfacet
facet normal 0.35510392117912254 -0.9348268315537988 1.3049798183106618e-05
outer loop
vertex 30.455 -115.868 20.0
vertex 30.95 -115.68 17.778
vertex 34.904 -114.178 20.0
endloop
endfacet
facet normal -0.0 -0.0 0.9999999999999999
outer loop
vertex 24.36 -111.45 20.0
vertex 30.455 -115.868 20.0
vertex 28.515 -110.187 20.0
endloop
endfacet
facet normal 0.0 -0.0 1.0
outer loop
vertex 30.455 -115.868 20.0
vertex 34.904 -114.178 20.0
vertex 28.515 -110.187 20.0
endloop
endfacet
facet normal -0.3550973341543258 0.9348293337698017 0.0
outer loop
vertex 28.515 -110.187 20.0
vertex 32.585 -108.641 20.0
vertex 28.515 -110.187 18.0
endloop
endfacet
facet normal -0.0 -0.0 0.9999999999999999
outer loop
vertex 28.515 -110.187 20.0
vertex 34.904 -114.178 20.0
vertex 32.585 -108.641 20.0
endloop
endfacet
facet normal 0.3551103299371697 -0.9348243971847946 0.0
outer loop
vertex 34.904 -114.178 18.0
vertex 30.95 -115.68 17.778
vertex 34.904 -114.178 17.778
endloop
endfacet
facet normal 0.3551103299371697 -0.9348243971847947 0.0
outer loop
vertex 34.904 -114.178 20.0
vertex 30.95 -115.68 17.778
vertex 34.904 -114.178 18.0
endloop
endfacet
facet normal 0.4170371247731808 -0.9088894523323056 0.0
outer loop
vertex 34.904 -114.178 20.0
vertex 34.904 -114.178 18.0
vertex 39.241 -112.188 18.0
endloop
endfacet
facet normal -0.41712738261412763 0.908848032771974 0.0
outer loop
vertex 36.557 -106.818 20.0
vertex 36.557 -106.818 18.0
vertex 32.585 -108.641 18.0
endloop
endfacet
facet normal 0.4766865049949766 -0.8790733621010672 0.0
outer loop
vertex 39.241 -112.188 20.0
vertex 43.453 -109.904 16.0
vertex 43.453 -109.904 18.0
endloop
endfacet
facet normal -0.47674514996062034 0.8790415587382804 0.0
outer loop
vertex 40.418 -104.724 20.0
vertex 40.418 -104.724 18.0
vertex 36.557 -106.818 18.0
endloop
endfacet
facet normal -0.41712738261412763 0.908848032771974 0.0
outer loop
vertex 32.585 -108.641 20.0
vertex 36.557 -106.818 20.0
vertex 32.585 -108.641 18.0
endloop
endfacet
facet normal 0.0 -0.0 1.0
outer loop
vertex 34.904 -114.178 20.0
vertex 39.241 -112.188 20.0
vertex 32.585 -108.641 20.0
endloop
endfacet
facet normal -0.0 -0.0 1.0
outer loop
vertex 32.585 -108.641 20.0
vertex 39.241 -112.188 20.0
vertex 36.557 -106.818 20.0
endloop
endfacet
facet normal 0.4170371247731808 -0.9088894523323056 0.0
outer loop
vertex 34.904 -114.178 20.0
vertex 39.241 -112.188 18.0
vertex 39.241 -112.188 20.0
endloop
endfacet
facet normal -0.47674514996062034 0.8790415587382804 0.0
outer loop
vertex 36.557 -106.818 20.0
vertex 40.418 -104.724 20.0
vertex 36.557 -106.818 18.0
endloop
endfacet
facet normal 0.4766865049949766 -0.8790733621010672 0.0
outer loop
vertex 39.241 -112.188 20.0
vertex 43.453 -109.904 18.0
vertex 43.453 -109.904 20.0
endloop
endfacet
facet normal -0.0 0.0 1.0
outer loop
vertex 36.557 -106.818 20.0
vertex 39.241 -112.188 20.0
vertex 43.453 -109.904 20.0
endloop
endfacet
facet normal -0.0 -0.0 1.0
outer loop
vertex 36.557 -106.818 20.0
vertex 43.453 -109.904 20.0
vertex 40.418 -104.724 20.0
endloop
endfacet
facet normal -0.5338993211703859 0.8455480559103672 0.0
outer loop
vertex 44.154 -102.365 20.0
vertex 44.154 -102.365 18.0
vertex 40.418 -104.724 18.0
endloop
endfacet
facet normal -0.5338993211703859 0.8455480559103672 0.0
outer loop
vertex 40.418 -104.724 20.0
vertex 44.154 -102.365 20.0
vertex 40.418 -104.724 18.0
endloop
endfacet
facet normal -0.6286285816579309 0.7777056681822101 0.0
outer loop
vertex 7.238 -59.342 0.0
vertex 7.238 -59.342 16.0
vertex 9.163 -57.786 16.0
endloop
endfacet
facet normal -0.7163378427465869 0.6977536062602372 0.0
outer loop
vertex 9.163 -57.786 0.0
vertex 9.163 -57.786 16.0
vertex 10.815 -56.09 16.0
endloop
endfacet
facet normal -0.5414405677252135 0.8407390270597641 0.0
outer loop
vertex 5.061 -60.744 0.0
vertex 7.238 -59.342 18.0
vertex 7.238 -59.342 16.0
endloop
endfacet
facet normal -0.6050719201495232 -0.7961708180073979 0.0
outer loop
vertex 9.576 -30.762 0.0
vertex 9.576 -30.762 16.0
vertex 7.797 -29.41 16.0
endloop
endfacet
facet normal -0.6690135572266334 -0.7432502003006567 -0.0
outer loop
vertex 11.258 -32.276 0.0
vertex 9.576 -30.762 18.0
vertex 9.576 -30.762 16.0
endloop
endfacet
facet normal -0.6690135572266334 -0.7432502003006567 0.0
outer loop
vertex 11.258 -32.276 0.0
vertex 11.258 -32.276 16.0
vertex 9.576 -30.762 18.0
endloop
endfacet
facet normal -0.6508666522557239 0.7591920712055853 0.0
outer loop
vertex 10.815 -56.09 0.0
vertex 10.815 -56.09 16.0
vertex 12.476 -54.666 16.0
endloop
endfacet
facet normal -0.6501895396959374 0.759772046386273 0.0
outer loop
vertex 12.892 -54.31 0.0
vertex 12.476 -54.666 16.0
vertex 12.892 -54.31 16.0
endloop
endfacet
facet normal -0.7288359338501138 0.6846883827909105 0.0
outer loop
vertex 12.892 -54.31 0.0
vertex 12.892 -54.31 16.0
vertex 14.598 -52.494 16.0
endloop
endfacet
facet normal -0.8083378198294657 0.5887189219256896 0.0
outer loop
vertex 14.598 -52.494 0.0
vertex 14.598 -52.494 16.0
vertex 15.941 -50.65 16.0
endloop
endfacet
facet normal 0.6594824275816614 -0.7517199795874783 0.0
outer loop
vertex 17.264 -58.418 0.0
vertex 17.264 -58.418 16.0
vertex 14.925 -60.47 16.0
endloop
endfacet
facet normal 0.7286477031656845 -0.6848886950967817 0.0
outer loop
vertex 18.97 -56.603 0.0
vertex 18.97 -56.603 16.0
vertex 17.264 -58.418 16.0
endloop
endfacet
facet normal 0.7990480620196363 -0.6012671574122966 0.0
outer loop
vertex 20.791 -54.183 0.0
vertex 20.791 -54.183 16.0
vertex 18.97 -56.603 16.0
endloop
endfacet
facet normal -0.9470580869843181 0.32106226791325676 0.0
outer loop
vertex 16.927 -48.786 0.0
vertex 16.927 -48.786 16.0
vertex 17.564 -46.907 16.0
endloop
endfacet
facet normal -0.9879745314961142 0.1546167038680932 0.0
outer loop
vertex 17.564 -46.907 0.0
vertex 17.564 -46.907 16.0
vertex 17.859 -45.022 16.0
endloop
endfacet
facet normal -0.8839493554382349 0.46758265260842274 0.0
outer loop
vertex 15.941 -50.65 0.0
vertex 16.927 -48.786 18.0
vertex 16.927 -48.786 16.0
endloop
endfacet
facet normal -0.8839493554382349 0.46758265260842274 0.0
outer loop
vertex 15.941 -50.65 0.0
vertex 15.941 -50.65 16.0
vertex 16.927 -48.786 20.0
endloop
endfacet
facet normal -0.8776220083794191 -0.4793533252289746 0.0
outer loop
vertex 15.753 -37.55 0.0
vertex 15.954 -37.918 16.0
vertex 15.753 -37.55 16.0
endloop
endfacet
facet normal -0.7357571212135819 -0.6772454935867073 0.0
outer loop
vertex 14.441 -35.734 0.0
vertex 14.441 -35.734 16.0
vertex 11.258 -32.276 16.0
endloop
endfacet
facet normal -0.810585057326485 -0.5856209224737613 0.0
outer loop
vertex 15.753 -37.55 0.0
vertex 15.753 -37.55 16.0
vertex 14.441 -35.734 16.0
endloop
endfacet
facet normal -0.9812382312571987 -0.19279920518312357 0.0
outer loop
vertex 17.818 -43.136 0.0
vertex 17.818 -43.136 16.0
vertex 17.449 -41.258 16.0
endloop
endfacet
facet normal -0.9377062984574883 -0.34742898243116677 0.0
outer loop
vertex 17.449 -41.258 0.0
vertex 17.449 -41.258 16.0
vertex 16.758 -39.393 16.0
endloop
endfacet
facet normal -0.8780320336458777 -0.4786018678313787 0.0
outer loop
vertex 16.758 -39.393 0.0
vertex 16.758 -39.393 16.0
vertex 15.954 -37.918 16.0
endloop
endfacet
facet normal 0.8698320199396856 0.49334800809129314 -0.0
outer loop
vertex 20.616 -34.035 0.0
vertex 20.616 -34.035 16.0
vertex 22.026 -36.521 16.0
endloop
endfacet
facet normal 0.8019497469154644 0.5973914992885507 -0.0
outer loop
vertex 18.855 -31.671 0.0
vertex 18.855 -31.671 16.0
vertex 20.616 -34.035 16.0
endloop
endfacet
facet normal -0.9997637888239163 -0.021733995409215816 -0.0
outer loop
vertex 17.859 -45.022 0.0
vertex 17.818 -43.136 18.0
vertex 17.818 -43.136 16.0
endloop
endfacet
facet normal -0.9997637888239163 -0.021733995409215816 0.0
outer loop
vertex 17.859 -45.022 0.0
vertex 17.859 -45.022 16.0
vertex 17.818 -43.136 20.0
endloop
endfacet
facet normal -0.5414405677252135 0.8407390270597641 0.0
outer loop
vertex 5.061 -60.744 0.0
vertex 7.238 -59.342 20.0
vertex 7.238 -59.342 18.0
endloop
endfacet
facet normal -0.8839493554382349 0.46758265260842274 0.0
outer loop
vertex 15.941 -50.65 0.0
vertex 16.927 -48.786 20.0
vertex 16.927 -48.786 18.0
endloop
endfacet
facet normal -0.9997637888239163 -0.021733995409215816 -0.0
outer loop
vertex 17.859 -45.022 0.0
vertex 17.818 -43.136 20.0
vertex 17.818 -43.136 18.0
endloop
endfacet
facet normal -0.4082654715463152 -0.9128632453675988 0.0
outer loop
vertex 2.011 -26.281 0.0
vertex 2.409 -26.459 16.0
vertex 2.011 -26.281 16.0
endloop
endfacet
facet normal -0.3443768869171815 -0.93883148634738 0.0
outer loop
vertex 2.011 -26.281 0.0
vertex 2.011 -26.281 16.0
vertex -0.02 -25.536 16.0
endloop
endfacet
facet normal -0.4089570882395662 -0.9125536148515414 0.0
outer loop
vertex 4.0 -27.172 0.0
vertex 4.0 -27.172 16.0
vertex 2.409 -26.459 16.0
endloop
endfacet
facet normal -0.4745071086061717 -0.8802516707636578 0.0
outer loop
vertex 5.933 -28.214 0.0
vertex 5.933 -28.214 16.0
vertex 4.0 -27.172 16.0
endloop
endfacet
facet normal 0.2856913162303732 0.9583216953771613 -0.0
outer loop
vertex -0.397 -19.175 0.0
vertex -0.397 -19.175 16.0
vertex 2.045 -19.903 16.0
endloop
endfacet
facet normal 0.3495955918729462 0.9369007002575057 -0.0
outer loop
vertex 2.045 -19.903 0.0
vertex 2.045 -19.903 16.0
vertex 4.465 -20.806 16.0
endloop
endfacet
facet normal 0.4143500512297091 0.9101175940755883 -0.0
outer loop
vertex 4.465 -20.806 0.0
vertex 4.465 -20.806 16.0
vertex 6.846 -21.89 16.0
endloop
endfacet
facet normal -0.5400271189206283 -0.8416476167793059 0.0
outer loop
vertex 7.797 -29.41 0.0
vertex 7.797 -29.41 16.0
vertex 5.933 -28.214 16.0
endloop
endfacet
facet normal 0.5460069822120873 0.8377806248509506 -0.0
outer loop
vertex 9.173 -23.164 0.0
vertex 9.173 -23.164 16.0
vertex 11.427 -24.633 16.0
endloop
endfacet
facet normal 0.48022486428603955 0.8771454153796022 -0.0
outer loop
vertex 6.846 -21.89 0.0
vertex 6.846 -21.89 16.0
vertex 9.173 -23.164 16.0
endloop
endfacet
facet normal -0.4734853816624578 -0.8808016765151827 0.0
outer loop
vertex 7.912 -16.925 0.0
vertex 7.912 -16.925 16.0
vertex 1.243 -13.34 16.0
endloop
endfacet
facet normal 0.4735454367378136 0.8807693905585009 -0.0
outer loop
vertex 3.156 -8.72 0.0
vertex 3.156 -8.72 16.0
vertex 10.168 -12.49 16.0
endloop
endfacet
facet normal 0.5556461550732227 0.831418877794066 -0.0
outer loop
vertex 10.168 -12.49 0.0
vertex 10.168 -12.49 16.0
vertex 10.979 -13.032 16.0
endloop
endfacet
facet normal 0.6108952373457159 0.7917114430070601 -0.0
outer loop
vertex 11.427 -24.633 0.0
vertex 11.427 -24.633 16.0
vertex 13.59 -26.302 16.0
endloop
endfacet
facet normal 0.6758367816945797 0.7370513174187485 -0.0
outer loop
vertex 13.59 -26.302 0.0
vertex 13.59 -26.302 16.0
vertex 15.673 -28.212 16.0
endloop
endfacet
facet normal -0.6068854807681798 -0.7947892885745096 0.0
outer loop
vertex 14.079 -21.634 0.0
vertex 14.079 -21.634 16.0
vertex 7.912 -16.925 16.0
endloop
endfacet
facet normal 0.7359606951709432 0.6770242648262336 -0.0
outer loop
vertex 15.673 -28.212 0.0
vertex 15.673 -28.212 16.0
vertex 18.855 -31.671 16.0
endloop
endfacet
facet normal -0.5711741491497383 -0.8208289050362886 0.0
outer loop
vertex 20.658 -26.212 0.0
vertex 20.658 -26.212 16.0
vertex 14.079 -21.634 16.0
endloop
endfacet
facet normal 0.573407740732898 0.8192701403490752 -0.0
outer loop
vertex 17.614 -18.098 0.0
vertex 17.614 -18.098 16.0
vertex 22.649 -21.622 16.0
endloop
endfacet
facet normal 0.6068585718267707 0.7948098349922277 -0.0
outer loop
vertex 10.979 -13.032 0.0
vertex 10.979 -13.032 16.0
vertex 17.614 -18.098 16.0
endloop
endfacet
facet normal 0.8740777003601616 -0.4857861399145632 0.0
outer loop
vertex 22.231 -51.592 0.0
vertex 22.231 -51.592 16.0
vertex 20.791 -54.183 16.0
endloop
endfacet
facet normal 0.9186578090161508 -0.3950542113857861 0.0
outer loop
vertex 22.609 -50.713 0.0
vertex 22.609 -50.713 16.0
vertex 22.231 -51.592 16.0
endloop
endfacet
facet normal 0.9470580869843183 -0.32106226791325626 0.0
outer loop
vertex 23.246 -48.834 0.0
vertex 23.246 -48.834 16.0
vertex 22.609 -50.713 16.0
endloop
endfacet
facet normal 0.9710495413195696 -0.23887818716461626 0.0
outer loop
vertex 23.492 -47.834 0.0
vertex 23.492 -47.834 16.0
vertex 23.246 -48.834 16.0
endloop
endfacet
facet normal 0.9879772732615789 -0.15459918343450424 0.0
outer loop
vertex 23.789 -45.936 0.0
vertex 23.789 -45.936 16.0
vertex 23.492 -47.834 16.0
endloop
endfacet
facet normal 0.997885500156359 -0.06499637357340082 0.0
outer loop
vertex 23.857 -44.892 0.0
vertex 23.857 -44.892 16.0
vertex 23.789 -45.936 16.0
endloop
endfacet
facet normal 0.999774928431425 0.021215383096687555 -0.0
outer loop
vertex 23.817 -43.007 0.0
vertex 23.817 -43.007 16.0
vertex 23.857 -44.892 16.0
endloop
endfacet
facet normal 0.9941173311917969 0.10830850300922497 -0.0
outer loop
vertex 23.705 -41.979 0.0
vertex 23.705 -41.979 16.0
vertex 23.817 -43.007 16.0
endloop
endfacet
facet normal 0.9812382312571987 0.19279920518312357 -0.0
outer loop
vertex 23.336 -40.101 0.0
vertex 23.336 -40.101 16.0
vertex 23.705 -41.979 16.0
endloop
endfacet
facet normal 0.9625747858429556 0.2710162018392781 -0.0
outer loop
vertex 23.075 -39.174 0.0
vertex 23.075 -39.174 16.0
vertex 23.336 -40.101 16.0
endloop
endfacet
facet normal 0.9299439962956538 0.3677011881319792 -0.0
outer loop
vertex 22.026 -36.521 0.0
vertex 22.026 -36.521 16.0
vertex 23.075 -39.174 16.0
endloop
endfacet
facet normal -0.34517235007417374 -0.938539316568183 0.0
outer loop
vertex 26.697 -28.433 0.0
vertex 26.697 -28.433 16.0
vertex 20.658 -26.212 16.0
endloop
endfacet
facet normal 0.34508110570778294 0.9385728690322845 -0.0
outer loop
vertex 22.649 -21.622 0.0
vertex 22.649 -21.622 16.0
vertex 28.154 -23.646 16.0
endloop
endfacet
facet normal -0.19572199526322795 -0.9806594212927242 0.0
outer loop
vertex 27.654 -28.624 0.0
vertex 27.654 -28.624 16.0
vertex 26.697 -28.433 16.0
endloop
endfacet
facet normal -0.0446917309665529 -0.9990008254166826 0.0
outer loop
vertex 34.047 -28.91 0.0
vertex 34.047 -28.91 16.0
vertex 27.654 -28.624 16.0
endloop
endfacet
facet normal 0.044827809025730574 0.9989947284835655 -0.0
outer loop
vertex 28.154 -23.646 0.0
vertex 28.154 -23.646 16.0
vertex 33.859 -23.902 16.0
endloop
endfacet
facet normal -0.2501582219234054 0.9682049700368824 0.0
outer loop
vertex 33.859 -23.902 0.0
vertex 33.859 -23.902 16.0
vertex 39.92 -22.336 16.0
endloop
endfacet
facet normal 0.24353204765525147 -0.9698928506617834 0.0
outer loop
vertex 41.833 -26.955 0.0
vertex 41.833 -26.955 16.0
vertex 34.047 -28.91 16.0
endloop
endfacet
facet normal -0.4720249011182662 0.8815852158040598 0.0
outer loop
vertex 39.92 -22.336 0.0
vertex 39.92 -22.336 16.0
vertex 46.892 -18.603 16.0
endloop
endfacet
facet normal -0.6508666522557239 0.7591920712055853 0.0
outer loop
vertex 12.476 -54.666 16.0
vertex 10.815 -56.09 16.0
vertex 10.815 -56.09 18.0
endloop
endfacet
facet normal -0.6507913696277849 0.7592565978990805 0.00010846522827198074
outer loop
vertex 10.815 -56.09 18.0
vertex 12.684 -54.488 18.0
vertex 12.476 -54.666 16.0
endloop
endfacet
facet normal -0.8780320336458777 -0.4786018678313787 0.0
outer loop
vertex 15.954 -37.918 16.0
vertex 16.758 -39.393 16.0
vertex 16.758 -39.393 18.0
endloop
endfacet
facet normal -0.8780977664803641 -0.47848124225331495 0.00011538596328555131
outer loop
vertex 15.854 -37.734 18.0
vertex 15.954 -37.918 16.0
vertex 16.758 -39.393 18.0
endloop
endfacet
facet normal -0.6286285816579309 0.7777056681822101 0.0
outer loop
vertex 9.163 -57.786 20.0
vertex 9.163 -57.786 18.0
vertex 7.238 -59.342 18.0
endloop
endfacet
facet normal -0.7163378427465869 0.6977536062602372 0.0
outer loop
vertex 10.815 -56.09 20.0
vertex 10.815 -56.09 18.0
vertex 9.163 -57.786 18.0
endloop
endfacet
facet normal -0.6286285816579309 0.7777056681822101 0.0
outer loop
vertex 7.238 -59.342 20.0
vertex 9.163 -57.786 20.0
vertex 7.238 -59.342 18.0
endloop
endfacet
facet normal -0.7163378427465869 0.6977536062602372 0.0
outer loop
vertex 9.163 -57.786 20.0
vertex 10.815 -56.09 20.0
vertex 9.163 -57.786 18.0
endloop
endfacet
facet normal 0.0 0.0 0.9999999999999999
outer loop
vertex 12.934 -62.452 20.0
vertex 9.163 -57.786 20.0
vertex 7.238 -59.342 20.0
endloop
endfacet
facet normal -0.6049194171914518 -0.7962866937885842 0.0
outer loop
vertex 9.576 -30.762 20.0
vertex 7.974 -29.545 18.0
vertex 9.576 -30.762 18.0
endloop
endfacet
facet normal -0.6690135572266334 -0.7432502003006567 -0.0
outer loop
vertex 9.576 -30.762 20.0
vertex 9.576 -30.762 18.0
vertex 11.258 -32.276 18.0
endloop
endfacet
facet normal -0.6690135572266334 -0.7432502003006567 0.0
outer loop
vertex 9.576 -30.762 20.0
vertex 11.258 -32.276 18.0
vertex 11.258 -32.276 20.0
endloop
endfacet
facet normal -0.6507913734559695 0.7592566023652958 0.0
outer loop
vertex 10.815 -56.09 20.0
vertex 12.684 -54.488 18.0
vertex 10.815 -56.09 18.0
endloop
endfacet
facet normal -0.6501895396959358 0.7597720463862745 0.0
outer loop
vertex 12.892 -54.31 20.0
vertex 12.892 -54.31 18.0
vertex 12.684 -54.488 18.0
endloop
endfacet
facet normal 0.6594824275816614 -0.7517199795874783 0.0
outer loop
vertex 14.925 -60.47 20.0
vertex 14.925 -60.47 18.0
vertex 17.264 -58.418 18.0
endloop
endfacet
facet normal -0.7288359338501138 0.6846883827909105 0.0
outer loop
vertex 14.598 -52.494 20.0
vertex 14.598 -52.494 18.0
vertex 12.892 -54.31 18.0
endloop
endfacet
facet normal -0.8083378198294657 0.5887189219256896 0.0
outer loop
vertex 15.941 -50.65 20.0
vertex 15.941 -50.65 18.0
vertex 14.598 -52.494 18.0
endloop
endfacet
facet normal 0.7286477031656845 -0.6848886950967817 0.0
outer loop
vertex 17.264 -58.418 20.0
vertex 17.264 -58.418 18.0
vertex 18.97 -56.603 18.0
endloop
endfacet
facet normal 0.7990480620196363 -0.6012671574122966 0.0
outer loop
vertex 18.97 -56.603 20.0
vertex 18.97 -56.603 18.0
vertex 20.791 -54.183 18.0
endloop
endfacet
facet normal 0.8740777003601616 -0.4857861399145632 0.0
outer loop
vertex 20.791 -54.183 20.0
vertex 20.791 -54.183 18.0
vertex 22.231 -51.592 18.0
endloop
endfacet
facet normal -0.8839493554382349 0.46758265260842274 0.0
outer loop
vertex 16.927 -48.786 20.0
vertex 15.941 -50.65 16.0
vertex 15.941 -50.65 18.0
endloop
endfacet
facet normal -0.9470580869843181 0.32106226791325676 0.0
outer loop
vertex 17.564 -46.907 20.0
vertex 17.564 -46.907 18.0
vertex 16.927 -48.786 18.0
endloop
endfacet
facet normal -0.9879745314961142 0.1546167038680932 0.0
outer loop
vertex 17.859 -45.022 20.0
vertex 17.859 -45.022 18.0
vertex 17.564 -46.907 18.0
endloop
endfacet
facet normal -0.6507311552479008 0.7593082075561175 9.760967328832781e-05
outer loop
vertex 10.815 -56.09 20.0
vertex 12.892 -54.31 20.0
vertex 12.684 -54.488 18.0
endloop
endfacet
facet normal -0.7288359338501138 0.6846883827909105 0.0
outer loop
vertex 12.892 -54.31 20.0
vertex 14.598 -52.494 20.0
vertex 12.892 -54.31 18.0
endloop
endfacet
facet normal 0.0 0.0 1.0
outer loop
vertex 14.925 -60.47 20.0
vertex 10.815 -56.09 20.0
vertex 9.163 -57.786 20.0
endloop
endfacet
facet normal 0.0 0.0 1.0
outer loop
vertex 14.925 -60.47 20.0
vertex 12.892 -54.31 20.0
vertex 10.815 -56.09 20.0
endloop
endfacet
facet normal 0.0 -0.0 1.0
outer loop
vertex 14.925 -60.47 20.0
vertex 17.264 -58.418 20.0
vertex 12.892 -54.31 20.0
endloop
endfacet
facet normal -0.0 -0.0 1.0
outer loop
vertex 12.892 -54.31 20.0
vertex 18.97 -56.603 20.0
vertex 14.598 -52.494 20.0
endloop
endfacet
facet normal -0.8083378198294657 0.5887189219256896 0.0
outer loop
vertex 14.598 -52.494 20.0
vertex 15.941 -50.65 20.0
vertex 14.598 -52.494 18.0
endloop
endfacet
facet normal 0.6594824275816614 -0.7517199795874783 0.0
outer loop
vertex 14.925 -60.47 20.0
vertex 17.264 -58.418 18.0
vertex 17.264 -58.418 20.0
endloop
endfacet
facet normal 0.7286477031656845 -0.6848886950967817 0.0
outer loop
vertex 17.264 -58.418 20.0
vertex 18.97 -56.603 18.0
vertex 18.97 -56.603 20.0
endloop
endfacet
facet normal 0.7990480620196363 -0.6012671574122966 0.0
outer loop
vertex 18.97 -56.603 20.0
vertex 20.791 -54.183 18.0
vertex 20.791 -54.183 20.0
endloop
endfacet
facet normal -0.0 0.0 1.0
outer loop
vertex 12.892 -54.31 20.0
vertex 17.264 -58.418 20.0
vertex 18.97 -56.603 20.0
endloop
endfacet
facet normal -0.0 0.0 1.0
outer loop
vertex 14.598 -52.494 20.0
vertex 18.97 -56.603 20.0
vertex 20.791 -54.183 20.0
endloop
endfacet
facet normal -0.8839493554382349 0.46758265260842274 0.0
outer loop
vertex 15.941 -50.65 20.0
vertex 16.927 -48.786 20.0
vertex 15.941 -50.65 18.0
endloop
endfacet
facet normal -0.9470580869843181 0.32106226791325676 0.0
outer loop
vertex 16.927 -48.786 20.0
vertex 17.564 -46.907 20.0
vertex 16.927 -48.786 18.0
endloop
endfacet
facet normal -0.9879745314961142 0.1546167038680932 0.0
outer loop
vertex 17.564 -46.907 20.0
vertex 17.859 -45.022 20.0
vertex 17.564 -46.907 18.0
endloop
endfacet
facet normal -0.0 -0.0 0.9999999999999999
outer loop
vertex 14.598 -52.494 20.0
vertex 20.791 -54.183 20.0
vertex 15.941 -50.65 20.0
endloop
endfacet
facet normal -0.0 -0.0 1.0
outer loop
vertex 15.941 -50.65 20.0
vertex 22.231 -51.592 20.0
vertex 16.927 -48.786 20.0
endloop
endfacet
facet normal -0.0 0.0 1.0
outer loop
vertex 15.941 -50.65 20.0
vertex 20.791 -54.183 20.0
vertex 22.231 -51.592 20.0
endloop
endfacet
facet normal -0.0 -0.0 1.0
outer loop
vertex 16.927 -48.786 20.0
vertex 22.609 -50.713 20.0
vertex 17.564 -46.907 20.0
endloop
endfacet
facet normal -0.0 0.0 1.0
outer loop
vertex 16.927 -48.786 20.0
vertex 22.231 -51.592 20.0
vertex 22.609 -50.713 20.0
endloop
endfacet
facet normal -0.0 0.0 1.0
outer loop
vertex 17.564 -46.907 20.0
vertex 22.609 -50.713 20.0
vertex 23.246 -48.834 20.0
endloop
endfacet
facet normal -0.0 -0.0 1.0
outer loop
vertex 17.564 -46.907 20.0
vertex 23.492 -47.834 20.0
vertex 17.859 -45.022 20.0
endloop
endfacet
facet normal -0.0 0.0 1.0
outer loop
vertex 17.564 -46.907 20.0
vertex 23.246 -48.834 20.0
vertex 23.492 -47.834 20.0
endloop
endfacet
facet normal -0.8766179565215378 -0.48118703048191475 -0.0
outer loop
vertex 15.753 -37.55 20.0
vertex 15.753 -37.55 18.0
vertex 15.854 -37.734 18.0
endloop
endfacet
facet normal -0.7357571212135819 -0.6772454935867073 0.0
outer loop
vertex 11.258 -32.276 20.0
vertex 14.441 -35.734 16.0
vertex 14.441 -35.734 18.0
endloop
endfacet
facet normal -0.7357571212135819 -0.6772454935867073 -0.0
outer loop
vertex 11.258 -32.276 20.0
vertex 11.258 -32.276 18.0
vertex 14.441 -35.734 16.0
endloop
endfacet
facet normal -0.810585057326485 -0.5856209224737613 -0.0
outer loop
vertex 14.441 -35.734 20.0
vertex 14.441 -35.734 18.0
vertex 15.753 -37.55 18.0
endloop
endfacet
facet normal -0.9997637888239163 -0.021733995409215816 0.0
outer loop
vertex 17.818 -43.136 20.0
vertex 17.859 -45.022 16.0
vertex 17.859 -45.022 18.0
endloop
endfacet
facet normal -0.9812382312571987 -0.19279920518312357 -0.0
outer loop
vertex 17.449 -41.258 20.0
vertex 17.449 -41.258 18.0
vertex 17.818 -43.136 18.0
endloop
endfacet
facet normal -0.9377062984574883 -0.34742898243116677 -0.0
outer loop
vertex 16.758 -39.393 20.0
vertex 16.758 -39.393 18.0
vertex 17.449 -41.258 18.0
endloop
endfacet
facet normal -0.8780977723258261 -0.47848124543854564 0.0
outer loop
vertex 16.758 -39.393 20.0
vertex 15.854 -37.734 18.0
vertex 16.758 -39.393 18.0
endloop
endfacet
facet normal 0.7359606951709432 0.6770242648262336 0.0
outer loop
vertex 18.855 -31.671 20.0
vertex 18.855 -31.671 18.0
vertex 15.673 -28.212 18.0
endloop
endfacet
facet normal 0.8019497469154644 0.5973914992885507 0.0
outer loop
vertex 20.616 -34.035 20.0
vertex 20.616 -34.035 18.0
vertex 18.855 -31.671 18.0
endloop
endfacet
facet normal -0.8779501456404163 -0.47875197849626466 -0.0002913003331831688
outer loop
vertex 15.753 -37.55 20.0
vertex 15.854 -37.734 18.0
vertex 16.758 -39.393 20.0
endloop
endfacet
facet normal -0.7357571212135819 -0.6772454935867073 0.0
outer loop
vertex 11.258 -32.276 20.0
vertex 14.441 -35.734 18.0
vertex 14.441 -35.734 20.0
endloop
endfacet
facet normal -0.810585057326485 -0.5856209224737613 0.0
outer loop
vertex 15.753 -37.55 20.0
vertex 14.441 -35.734 20.0
vertex 15.753 -37.55 18.0
endloop
endfacet
facet normal -0.0 0.0 1.0
outer loop
vertex 11.258 -32.276 20.0
vertex 14.441 -35.734 20.0
vertex 15.673 -28.212 20.0
endloop
endfacet
facet normal -0.9997637888239163 -0.021733995409215816 0.0
outer loop
vertex 17.859 -45.022 20.0
vertex 17.818 -43.136 20.0
vertex 17.859 -45.022 18.0
endloop
endfacet
facet normal -0.9812382312571987 -0.19279920518312357 0.0
outer loop
vertex 17.449 -41.258 20.0
vertex 17.818 -43.136 18.0
vertex 17.818 -43.136 20.0
endloop
endfacet
facet normal -0.9377062984574883 -0.34742898243116677 0.0
outer loop
vertex 17.449 -41.258 20.0
vertex 16.758 -39.393 20.0
vertex 17.449 -41.258 18.0
endloop
endfacet
facet normal -0.0 0.0 0.9999999999999999
outer loop
vertex 15.753 -37.55 20.0
vertex 16.758 -39.393 20.0
vertex 22.026 -36.521 20.0
endloop
endfacet
facet normal 0.0 -0.0 1.0
outer loop
vertex 17.859 -45.022 20.0
vertex 23.857 -44.892 20.0
vertex 17.818 -43.136 20.0
endloop
endfacet
facet normal -0.0 0.0 0.9999999999999999
outer loop
vertex 17.449 -41.258 20.0
vertex 17.818 -43.136 20.0
vertex 23.336 -40.101 20.0
endloop
endfacet
facet normal 0.0 -0.0 0.9999999999999999
outer loop
vertex 17.449 -41.258 20.0
vertex 23.075 -39.174 20.0
vertex 16.758 -39.393 20.0
endloop
endfacet
facet normal 0.0 -0.0 1.0
outer loop
vertex 17.449 -41.258 20.0
vertex 23.336 -40.101 20.0
vertex 23.075 -39.174 20.0
endloop
endfacet
facet normal 0.0 -0.0 1.0
outer loop
vertex 16.758 -39.393 20.0
vertex 23.075 -39.174 20.0
vertex 22.026 -36.521 20.0
endloop
endfacet
facet normal 0.8698320199396856 0.49334800809129314 0.0
outer loop
vertex 20.616 -34.035 20.0
vertex 22.026 -36.521 20.0
vertex 20.616 -34.035 18.0
endloop
endfacet
facet normal 0.8019497469154644 0.5973914992885507 -0.0
outer loop
vertex 20.616 -34.035 20.0
vertex 18.855 -31.671 18.0
vertex 18.855 -31.671 20.0
endloop
endfacet
facet normal 0.0 -0.0 1.0
outer loop
vertex 15.753 -37.55 20.0
vertex 20.616 -34.035 20.0
vertex 14.441 -35.734 20.0
endloop
endfacet
facet normal 0.0 -0.0 1.0
outer loop
vertex 14.441 -35.734 20.0
vertex 20.616 -34.035 20.0
vertex 18.855 -31.671 20.0
endloop
endfacet
facet normal 0.0 -0.0 0.9999999999999999
outer loop
vertex 14.441 -35.734 20.0
vertex 18.855 -31.671 20.0
vertex 15.673 -28.212 20.0
endloop
endfacet
facet normal 0.0 -0.0 1.0
outer loop
vertex 15.753 -37.55 20.0
vertex 22.026 -36.521 20.0
vertex 20.616 -34.035 20.0
endloop
endfacet
facet normal -0.4089570882395662 -0.9125536148515414 0.0
outer loop
vertex 2.409 -26.459 16.0
vertex 4.0 -27.172 16.0
vertex 4.0 -27.172 18.0
endloop
endfacet
facet normal -0.4088802326855316 -0.9125880505076084 -7.341490462240982e-05
outer loop
vertex 4.0 -27.172 18.0
vertex 2.21 -26.37 18.0
vertex 2.409 -26.459 16.0
endloop
endfacet
facet normal -0.5400271189206284 -0.8416476167793059 0.0
outer loop
vertex 5.933 -28.214 18.0
vertex 7.797 -29.41 16.0
vertex 7.797 -29.41 16.363999999999997
endloop
endfacet
facet normal -0.5421237730957628 -0.8402918482984254 -0.0033799892943675233
outer loop
vertex 5.933 -28.214 18.0
vertex 7.797 -29.41 16.363999999999997
vertex 6.119 -28.334 18.0
endloop
endfacet
facet normal -0.40826547154632203 -0.9128632453675958 -0.0
outer loop
vertex 2.011 -26.281 20.0
vertex 2.011 -26.281 18.0
vertex 2.21 -26.37 18.0
endloop
endfacet
facet normal -0.3443768869171815 -0.93883148634738 -0.0
outer loop
vertex -0.02 -25.536 20.0
vertex -0.02 -25.536 18.0
vertex 2.011 -26.281 18.0
endloop
endfacet
facet normal -0.4088802337874124 -0.9125880529669185 0.0
outer loop
vertex 4.0 -27.172 20.0
vertex 2.21 -26.37 18.0
vertex 4.0 -27.172 18.0
endloop
endfacet
facet normal -0.4745071086061717 -0.8802516707636578 -0.0
outer loop
vertex 4.0 -27.172 20.0
vertex 4.0 -27.172 18.0
vertex 5.933 -28.214 18.0
endloop
endfacet
facet normal 0.2856913162303732 0.9583216953771613 0.0
outer loop
vertex 2.045 -19.903 20.0
vertex 2.045 -19.903 18.0
vertex -0.397 -19.175 18.0
endloop
endfacet
facet normal 0.3495955918729462 0.9369007002575057 0.0
outer loop
vertex 4.465 -20.806 20.0
vertex 4.465 -20.806 18.0
vertex 2.045 -19.903 18.0
endloop
endfacet
facet normal -0.6064489245010193 -0.7951219232346629 -0.0009105839707322464
outer loop
vertex 7.797 -29.41 18.0
vertex 7.994 -29.56 17.778
vertex 7.974 -29.545 18.0
endloop
endfacet
facet normal -0.5421268698220963 -0.8402966482242421 -0.0
outer loop
vertex 5.933 -28.214 20.0
vertex 5.933 -28.214 18.0
vertex 6.119 -28.334 18.0
endloop
endfacet
facet normal -0.5397937460807816 -0.8417973103378726 0.0
outer loop
vertex 7.797 -29.41 20.0
vertex 6.119 -28.334 18.0
vertex 7.797 -29.41 18.0
endloop
endfacet
facet normal -0.6064491759237314 -0.7951222528777742 -0.0
outer loop
vertex 7.797 -29.41 20.0
vertex 7.797 -29.41 18.0
vertex 7.974 -29.545 18.0
endloop
endfacet
facet normal 0.48022486428603955 0.8771454153796022 0.0
outer loop
vertex 9.173 -23.164 20.0
vertex 9.173 -23.164 18.0
vertex 6.846 -21.89 18.0
endloop
endfacet
facet normal 0.5460069822120873 0.8377806248509506 0.0
outer loop
vertex 11.427 -24.633 20.0
vertex 11.427 -24.633 18.0
vertex 9.173 -23.164 18.0
endloop
endfacet
facet normal 0.4143500512297091 0.9101175940755883 0.0
outer loop
vertex 6.846 -21.89 20.0
vertex 6.846 -21.89 18.0
vertex 4.465 -20.806 18.0
endloop
endfacet
facet normal -0.6068854807681798 -0.7947892885745096 -0.0
outer loop
vertex 7.912 -16.925 20.0
vertex 7.912 -16.925 18.0
vertex 14.079 -21.634 18.0
endloop
endfacet
facet normal -0.3443768869171815 -0.93883148634738 0.0
outer loop
vertex -0.02 -25.536 20.0
vertex 2.011 -26.281 18.0
vertex 2.011 -26.281 20.0
endloop
endfacet
facet normal -0.4088187507979018 -0.9126155952155163 -6.60717172997245e-05
outer loop
vertex 2.011 -26.281 20.0
vertex 2.21 -26.37 18.0
vertex 4.0 -27.172 20.0
endloop
endfacet
facet normal -0.4745071086061717 -0.8802516707636578 0.0
outer loop
vertex 4.0 -27.172 20.0
vertex 5.933 -28.214 18.0
vertex 5.933 -28.214 20.0
endloop
endfacet
facet normal -0.0 0.0 1.0
outer loop
vertex -0.02 -25.536 20.0
vertex 2.011 -26.281 20.0
vertex 2.045 -19.903 20.0
endloop
endfacet
facet normal -0.0 0.0 1.0
outer loop
vertex 2.011 -26.281 20.0
vertex 4.0 -27.172 20.0
vertex 4.465 -20.806 20.0
endloop
endfacet
facet normal 0.0 -0.0 1.0
outer loop
vertex 4.0 -27.172 20.0
vertex 6.846 -21.89 20.0
vertex 4.465 -20.806 20.0
endloop
endfacet
facet normal 0.2856913162303732 0.9583216953771613 0.0
outer loop
vertex -0.397 -19.175 20.0
vertex 2.045 -19.903 20.0
vertex -0.397 -19.175 18.0
endloop
endfacet
facet normal 0.3495955918729462 0.9369007002575057 0.0
outer loop
vertex 2.045 -19.903 20.0
vertex 4.465 -20.806 20.0
vertex 2.045 -19.903 18.0
endloop
endfacet
facet normal 0.4143500512297091 0.9101175940755883 0.0
outer loop
vertex 4.465 -20.806 20.0
vertex 6.846 -21.89 20.0
vertex 4.465 -20.806 18.0
endloop
endfacet
facet normal 0.0 -0.0 1.0
outer loop
vertex -0.02 -25.536 20.0
vertex 2.045 -19.903 20.0
vertex -0.397 -19.175 20.0
endloop
endfacet
facet normal 0.0 -0.0 0.9999999999999999
outer loop
vertex 2.011 -26.281 20.0
vertex 4.465 -20.806 20.0
vertex 2.045 -19.903 20.0
endloop
endfacet
facet normal -0.5400270983021233 -0.8416475846447797 0.00027633493658974455
outer loop
vertex 5.933 -28.214 20.0
vertex 6.119 -28.334 18.0
vertex 7.797 -29.41 20.0
endloop
endfacet
facet normal -0.6050719089194155 -0.7961708032305034 0.00019266527869117123
outer loop
vertex 9.576 -30.762 20.0
vertex 7.797 -29.41 20.0
vertex 7.974 -29.545 18.0
endloop
endfacet
facet normal 0.5460069822120873 0.8377806248509506 0.0
outer loop
vertex 9.173 -23.164 20.0
vertex 11.427 -24.633 20.0
vertex 9.173 -23.164 18.0
endloop
endfacet
facet normal -0.0 0.0 1.0
outer loop
vertex 5.933 -28.214 20.0
vertex 7.797 -29.41 20.0
vertex 9.173 -23.164 20.0
endloop
endfacet
facet normal -0.0 0.0 1.0
outer loop
vertex 4.0 -27.172 20.0
vertex 5.933 -28.214 20.0
vertex 6.846 -21.89 20.0
endloop
endfacet
facet normal 0.0 -0.0 1.0
outer loop
vertex 5.933 -28.214 20.0
vertex 9.173 -23.164 20.0
vertex 6.846 -21.89 20.0
endloop
endfacet
facet normal 0.0 -0.0 1.0
outer loop
vertex 9.576 -30.762 20.0
vertex 11.427 -24.633 20.0
vertex 7.797 -29.41 20.0
endloop
endfacet
facet normal 0.0 -0.0 1.0
outer loop
vertex 7.797 -29.41 20.0
vertex 11.427 -24.633 20.0
vertex 9.173 -23.164 20.0
endloop
endfacet
facet normal 0.48022486428603955 0.8771454153796022 -0.0
outer loop
vertex 9.173 -23.164 20.0
vertex 6.846 -21.89 18.0
vertex 6.846 -21.89 20.0
endloop
endfacet
facet normal -0.4734853816624578 -0.8808016765151827 0.0
outer loop
vertex 7.912 -16.925 20.0
vertex 1.243 -13.34 20.0
vertex 7.912 -16.925 18.0
endloop
endfacet
facet normal 0.301525418215257 0.9534581386563934 0.0
outer loop
vertex 3.156 -8.72 20.0
vertex 3.156 -8.72 18.0
vertex -4.139 -6.413 18.0
endloop
endfacet
facet normal -0.4734853816624578 -0.8808016765151827 -0.0
outer loop
vertex 1.243 -13.34 20.0
vertex 1.243 -13.34 18.0
vertex 7.912 -16.925 18.0
endloop
endfacet
facet normal 0.4735454367378136 0.8807693905585009 0.0
outer loop
vertex 10.168 -12.49 20.0
vertex 10.168 -12.49 18.0
vertex 3.156 -8.72 18.0
endloop
endfacet
facet normal 0.5556461550732227 0.831418877794066 0.0
outer loop
vertex 10.979 -13.032 20.0
vertex 10.979 -13.032 18.0
vertex 10.168 -12.49 18.0
endloop
endfacet
facet normal -0.0 0.0 0.9999999999999999
outer loop
vertex -4.139 -6.413 20.0
vertex 1.243 -13.34 20.0
vertex 3.156 -8.72 20.0
endloop
endfacet
facet normal 0.0 -0.0 1.0
outer loop
vertex 1.243 -13.34 20.0
vertex 10.168 -12.49 20.0
vertex 3.156 -8.72 20.0
endloop
endfacet
facet normal 0.4735454367378136 0.8807693905585009 0.0
outer loop
vertex 3.156 -8.72 20.0
vertex 10.168 -12.49 20.0
vertex 3.156 -8.72 18.0
endloop
endfacet
facet normal 0.5556461550732227 0.831418877794066 0.0
outer loop
vertex 10.168 -12.49 20.0
vertex 10.979 -13.032 20.0
vertex 10.168 -12.49 18.0
endloop
endfacet
facet normal 0.0 -0.0 1.0
outer loop
vertex 7.912 -16.925 20.0
vertex 10.168 -12.49 20.0
vertex 1.243 -13.34 20.0
endloop
endfacet
facet normal 0.0 -0.0 1.0
outer loop
vertex 7.912 -16.925 20.0
vertex 10.979 -13.032 20.0
vertex 10.168 -12.49 20.0
endloop
endfacet
facet normal 0.6108952373457159 0.7917114430070601 0.0
outer loop
vertex 13.59 -26.302 20.0
vertex 13.59 -26.302 18.0
vertex 11.427 -24.633 18.0
endloop
endfacet
facet normal 0.6758367816945797 0.7370513174187485 0.0
outer loop
vertex 15.673 -28.212 20.0
vertex 15.673 -28.212 18.0
vertex 13.59 -26.302 18.0
endloop
endfacet
facet normal 0.6068585718267707 0.7948098349922277 0.0
outer loop
vertex 17.614 -18.098 20.0
vertex 17.614 -18.098 18.0
vertex 10.979 -13.032 18.0
endloop
endfacet
facet normal -0.5711741491497383 -0.8208289050362886 -0.0
outer loop
vertex 14.079 -21.634 20.0
vertex 14.079 -21.634 18.0
vertex 20.658 -26.212 18.0
endloop
endfacet
facet normal 0.573407740732898 0.8192701403490752 0.0
outer loop
vertex 22.649 -21.622 20.0
vertex 22.649 -21.622 18.0
vertex 17.614 -18.098 18.0
endloop
endfacet
facet normal 0.6108952373457159 0.7917114430070601 0.0
outer loop
vertex 11.427 -24.633 20.0
vertex 13.59 -26.302 20.0
vertex 11.427 -24.633 18.0
endloop
endfacet
facet normal 0.6758367816945797 0.7370513174187485 0.0
outer loop
vertex 13.59 -26.302 20.0
vertex 15.673 -28.212 20.0
vertex 13.59 -26.302 18.0
endloop
endfacet
facet normal -0.0 0.0 1.0
outer loop
vertex 9.576 -30.762 20.0
vertex 11.258 -32.276 20.0
vertex 13.59 -26.302 20.0
endloop
endfacet
facet normal 0.0 -0.0 1.0
outer loop
vertex 9.576 -30.762 20.0
vertex 13.59 -26.302 20.0
vertex 11.427 -24.633 20.0
endloop
endfacet
facet normal 0.0 -0.0 1.0
outer loop
vertex 11.258 -32.276 20.0
vertex 15.673 -28.212 20.0
vertex 13.59 -26.302 20.0
endloop
endfacet
facet normal -0.6068854807681798 -0.7947892885745096 0.0
outer loop
vertex 7.912 -16.925 20.0
vertex 14.079 -21.634 18.0
vertex 14.079 -21.634 20.0
endloop
endfacet
facet normal -0.0 -0.0 1.0
outer loop
vertex 7.912 -16.925 20.0
vertex 14.079 -21.634 20.0
vertex 10.979 -13.032 20.0
endloop
endfacet
facet normal 0.0 -0.0 1.0
outer loop
vertex 14.079 -21.634 20.0
vertex 17.614 -18.098 20.0
vertex 10.979 -13.032 20.0
endloop
endfacet
facet normal 0.7359606951709432 0.6770242648262336 -0.0
outer loop
vertex 18.855 -31.671 20.0
vertex 15.673 -28.212 18.0
vertex 15.673 -28.212 20.0
endloop
endfacet
facet normal -0.5711741491497383 -0.8208289050362886 0.0
outer loop
vertex 14.079 -21.634 20.0
vertex 20.658 -26.212 18.0
vertex 20.658 -26.212 20.0
endloop
endfacet
facet normal 0.573407740732898 0.8192701403490752 0.0
outer loop
vertex 17.614 -18.098 20.0
vertex 22.649 -21.622 20.0
vertex 17.614 -18.098 18.0
endloop
endfacet
facet normal -0.0 -0.0 1.0
outer loop
vertex 14.079 -21.634 20.0
vertex 20.658 -26.212 20.0
vertex 17.614 -18.098 20.0
endloop
endfacet
facet normal 0.0 -0.0 1.0
outer loop
vertex 20.658 -26.212 20.0
vertex 22.649 -21.622 20.0
vertex 17.614 -18.098 20.0
endloop
endfacet
facet normal 0.6068585718267707 0.7948098349922277 -0.0
outer loop
vertex 17.614 -18.098 20.0
vertex 10.979 -13.032 18.0
vertex 10.979 -13.032 20.0
endloop
endfacet
facet normal 0.9186578090161508 -0.3950542113857861 0.0
outer loop
vertex 22.231 -51.592 20.0
vertex 22.231 -51.592 18.0
vertex 22.609 -50.713 18.0
endloop
endfacet
facet normal 0.9470580869843183 -0.32106226791325626 0.0
outer loop
vertex 22.609 -50.713 20.0
vertex 22.609 -50.713 18.0
vertex 23.246 -48.834 18.0
endloop
endfacet
facet normal 0.9710495413195696 -0.23887818716461626 0.0
outer loop
vertex 23.246 -48.834 20.0
vertex 23.246 -48.834 18.0
vertex 23.492 -47.834 18.0
endloop
endfacet
facet normal 0.9879772732615789 -0.15459918343450424 0.0
outer loop
vertex 23.492 -47.834 20.0
vertex 23.492 -47.834 18.0
vertex 23.789 -45.936 18.0
endloop
endfacet
facet normal 0.997885500156359 -0.06499637357340082 0.0
outer loop
vertex 23.789 -45.936 20.0
vertex 23.789 -45.936 18.0
vertex 23.857 -44.892 18.0
endloop
endfacet
facet normal 0.8740777003601616 -0.4857861399145632 0.0
outer loop
vertex 20.791 -54.183 20.0
vertex 22.231 -51.592 18.0
vertex 22.231 -51.592 20.0
endloop
endfacet
facet normal 0.9186578090161508 -0.3950542113857861 0.0
outer loop
vertex 22.231 -51.592 20.0
vertex 22.609 -50.713 18.0
vertex 22.609 -50.713 20.0
endloop
endfacet
facet normal 0.9470580869843183 -0.32106226791325626 0.0
outer loop
vertex 22.609 -50.713 20.0
vertex 23.246 -48.834 18.0
vertex 23.246 -48.834 20.0
endloop
endfacet
facet normal 0.9710495413195696 -0.23887818716461626 0.0
outer loop
vertex 23.246 -48.834 20.0
vertex 23.492 -47.834 18.0
vertex 23.492 -47.834 20.0
endloop
endfacet
facet normal 0.9879772732615789 -0.15459918343450424 0.0
outer loop
vertex 23.492 -47.834 20.0
vertex 23.789 -45.936 18.0
vertex 23.789 -45.936 20.0
endloop
endfacet
facet normal 0.997885500156359 -0.06499637357340082 0.0
outer loop
vertex 23.789 -45.936 20.0
vertex 23.857 -44.892 18.0
vertex 23.857 -44.892 20.0
endloop
endfacet
facet normal -0.0 0.0 1.0
outer loop
vertex 17.859 -45.022 20.0
vertex 23.492 -47.834 20.0
vertex 23.789 -45.936 20.0
endloop
endfacet
facet normal -0.0 0.0 1.0
outer loop
vertex 17.859 -45.022 20.0
vertex 23.789 -45.936 20.0
vertex 23.857 -44.892 20.0
endloop
endfacet
facet normal 0.999774928431425 0.021215383096687555 0.0
outer loop
vertex 23.857 -44.892 20.0
vertex 23.857 -44.892 18.0
vertex 23.817 -43.007 18.0
endloop
endfacet
facet normal 0.9941173311917969 0.10830850300922497 0.0
outer loop
vertex 23.817 -43.007 20.0
vertex 23.817 -43.007 18.0
vertex 23.705 -41.979 18.0
endloop
endfacet
facet normal 0.9812382312571987 0.19279920518312357 0.0
outer loop
vertex 23.705 -41.979 20.0
vertex 23.705 -41.979 18.0
vertex 23.336 -40.101 18.0
endloop
endfacet
facet normal 0.9299439962956538 0.3677011881319792 0.0
outer loop
vertex 23.075 -39.174 20.0
vertex 23.075 -39.174 18.0
vertex 22.026 -36.521 18.0
endloop
endfacet
facet normal 0.9625747858429556 0.2710162018392781 0.0
outer loop
vertex 23.336 -40.101 20.0
vertex 23.336 -40.101 18.0
vertex 23.075 -39.174 18.0
endloop
endfacet
facet normal 0.8698320199396856 0.49334800809129314 0.0
outer loop
vertex 22.026 -36.521 20.0
vertex 22.026 -36.521 18.0
vertex 20.616 -34.035 18.0
endloop
endfacet
facet normal 0.999774928431425 0.021215383096687555 -0.0
outer loop
vertex 23.857 -44.892 20.0
vertex 23.817 -43.007 18.0
vertex 23.817 -43.007 20.0
endloop
endfacet
facet normal 0.9941173311917969 0.10830850300922497 -0.0
outer loop
vertex 23.817 -43.007 20.0
vertex 23.705 -41.979 18.0
vertex 23.705 -41.979 20.0
endloop
endfacet
facet normal 0.9812382312571987 0.19279920518312357 -0.0
outer loop
vertex 23.705 -41.979 20.0
vertex 23.336 -40.101 18.0
vertex 23.336 -40.101 20.0
endloop
endfacet
facet normal 0.9625747858429556 0.2710162018392781 -0.0
outer loop
vertex 23.336 -40.101 20.0
vertex 23.075 -39.174 18.0
vertex 23.075 -39.174 20.0
endloop
endfacet
facet normal -0.0 -0.0 1.0
outer loop
vertex 17.818 -43.136 20.0
vertex 23.857 -44.892 20.0
vertex 23.817 -43.007 20.0
endloop
endfacet
facet normal 0.0 -0.0 1.0
outer loop
vertex 17.818 -43.136 20.0
vertex 23.817 -43.007 20.0
vertex 23.705 -41.979 20.0
endloop
endfacet
facet normal 0.0 -0.0 0.9999999999999999
outer loop
vertex 17.818 -43.136 20.0
vertex 23.705 -41.979 20.0
vertex 23.336 -40.101 20.0
endloop
endfacet
facet normal 0.9299439962956538 0.3677011881319792 -0.0
outer loop
vertex 23.075 -39.174 20.0
vertex 22.026 -36.521 18.0
vertex 22.026 -36.521 20.0
endloop
endfacet
facet normal -0.34517235007417374 -0.938539316568183 -0.0
outer loop
vertex 20.658 -26.212 20.0
vertex 20.658 -26.212 18.0
vertex 26.697 -28.433 18.0
endloop
endfacet
facet normal 0.34508110570778294 0.9385728690322845 0.0
outer loop
vertex 28.154 -23.646 20.0
vertex 28.154 -23.646 18.0
vertex 22.649 -21.622 18.0
endloop
endfacet
facet normal -0.19572199526322795 -0.9806594212927242 -0.0
outer loop
vertex 26.697 -28.433 20.0
vertex 26.697 -28.433 18.0
vertex 27.654 -28.624 18.0
endloop
endfacet
facet normal -0.0446917309665529 -0.9990008254166826 -0.0
outer loop
vertex 27.654 -28.624 20.0
vertex 27.654 -28.624 18.0
vertex 34.047 -28.91 18.0
endloop
endfacet
facet normal 0.044827809025730574 0.9989947284835655 0.0
outer loop
vertex 33.859 -23.902 20.0
vertex 33.859 -23.902 18.0
vertex 28.154 -23.646 18.0
endloop
endfacet
facet normal -0.34517235007417374 -0.938539316568183 0.0
outer loop
vertex 20.658 -26.212 20.0
vertex 26.697 -28.433 18.0
vertex 26.697 -28.433 20.0
endloop
endfacet
facet normal -0.0 -0.0 1.0
outer loop
vertex 20.658 -26.212 20.0
vertex 26.697 -28.433 20.0
vertex 22.649 -21.622 20.0
endloop
endfacet
facet normal 0.0 -0.0 0.9999999999999999
outer loop
vertex 26.697 -28.433 20.0
vertex 28.154 -23.646 20.0
vertex 22.649 -21.622 20.0
endloop
endfacet
facet normal 0.34508110570778294 0.9385728690322845 0.0
outer loop
vertex 22.649 -21.622 20.0
vertex 28.154 -23.646 20.0
vertex 22.649 -21.622 18.0
endloop
endfacet
facet normal -0.19572199526322795 -0.9806594212927242 0.0
outer loop
vertex 26.697 -28.433 20.0
vertex 27.654 -28.624 18.0
vertex 27.654 -28.624 20.0
endloop
endfacet
facet normal -0.0446917309665529 -0.9990008254166826 0.0
outer loop
vertex 27.654 -28.624 20.0
vertex 34.047 -28.91 18.0
vertex 34.047 -28.91 20.0
endloop
endfacet
facet normal 0.044827809025730574 0.9989947284835655 0.0
outer loop
vertex 28.154 -23.646 20.0
vertex 33.859 -23.902 20.0
vertex 28.154 -23.646 18.0
endloop
endfacet
facet normal -0.0 0.0 1.0
outer loop
vertex 26.697 -28.433 20.0
vertex 27.654 -28.624 20.0
vertex 28.154 -23.646 20.0
endloop
endfacet
facet normal -0.0 -0.0 1.0
outer loop
vertex 27.654 -28.624 20.0
vertex 34.047 -28.91 20.0
vertex 28.154 -23.646 20.0
endloop
endfacet
facet normal -0.0 -0.0 1.0
outer loop
vertex 28.154 -23.646 20.0
vertex 34.047 -28.91 20.0
vertex 33.859 -23.902 20.0
endloop
endfacet
facet normal 0.24353204765525147 -0.9698928506617834 0.0
outer loop
vertex 34.047 -28.91 20.0
vertex 34.047 -28.91 18.0
vertex 41.833 -26.955 18.0
endloop
endfacet
facet normal -0.2501582219234054 0.9682049700368824 0.0
outer loop
vertex 39.92 -22.336 20.0
vertex 39.92 -22.336 18.0
vertex 33.859 -23.902 18.0
endloop
endfacet
facet normal -0.2501582219234054 0.9682049700368824 0.0
outer loop
vertex 33.859 -23.902 20.0
vertex 39.92 -22.336 20.0
vertex 33.859 -23.902 18.0
endloop
endfacet
facet normal 0.0 -0.0 1.0
outer loop
vertex 34.047 -28.91 20.0
vertex 41.833 -26.955 20.0
vertex 33.859 -23.902 20.0
endloop
endfacet
facet normal 0.24353204765525147 -0.9698928506617834 0.0
outer loop
vertex 34.047 -28.91 20.0
vertex 41.833 -26.955 18.0
vertex 41.833 -26.955 20.0
endloop
endfacet
facet normal -0.0 -0.0 0.9999999999999999
outer loop
vertex 33.859 -23.902 20.0
vertex 41.833 -26.955 20.0
vertex 39.92 -22.336 20.0
endloop
endfacet
facet normal -0.4720249011182662 0.8815852158040598 0.0
outer loop
vertex 39.92 -22.336 20.0
vertex 46.892 -18.603 20.0
vertex 39.92 -22.336 18.0
endloop
endfacet
facet normal 0.5338210520047568 -0.8455974718721282 0.0
outer loop
vertex 47.524 -107.334 0.0
vertex 47.524 -107.334 16.0
vertex 43.453 -109.904 16.0
endloop
endfacet
facet normal 0.5882453304989108 -0.8086825280332369 0.0
outer loop
vertex 51.442 -104.484 0.0
vertex 51.442 -104.484 16.0
vertex 47.524 -107.334 16.0
endloop
endfacet
facet normal -0.5881449817065391 0.8087555134238127 0.0
outer loop
vertex 44.154 -102.365 0.0
vertex 44.154 -102.365 16.0
vertex 47.754 -99.747 16.0
endloop
endfacet
facet normal -0.639877437150635 0.7684769778110044 0.0
outer loop
vertex 47.754 -99.747 0.0
vertex 47.754 -99.747 16.0
vertex 51.202 -96.876 16.0
endloop
endfacet
facet normal -0.6885522365978319 0.7251867466219466 0.0
outer loop
vertex 51.202 -96.876 0.0
vertex 51.202 -96.876 16.0
vertex 54.488 -93.756 16.0
endloop
endfacet
facet normal 0.6399425037122454 -0.7684227950435247 0.0
outer loop
vertex 55.192 -101.361 0.0
vertex 55.192 -101.361 16.0
vertex 51.442 -104.484 16.0
endloop
endfacet
facet normal -0.7341281676286068 0.6790109229565193 0.0
outer loop
vertex 54.488 -93.756 0.0
vertex 54.488 -93.756 16.0
vertex 57.728 -90.253 16.0
endloop
endfacet
facet normal 0.7341471019937971 -0.6789904510625383 0.0
outer loop
vertex 62.133 -94.327 0.0
vertex 62.133 -94.327 16.0
vertex 58.76 -97.974 16.0
endloop
endfacet
facet normal 0.6884716194881139 -0.7252632826494209 0.0
outer loop
vertex 58.76 -97.974 0.0
vertex 55.192 -101.361 18.0
vertex 55.192 -101.361 16.0
endloop
endfacet
facet normal 0.6884716194881139 -0.7252632826494209 0.0
outer loop
vertex 58.76 -97.974 0.0
vertex 58.76 -97.974 16.0
vertex 55.192 -101.361 20.0
endloop
endfacet
facet normal 0.7052247976600163 -0.7089837690422744 0.0
outer loop
vertex 65.528 -90.95 0.0
vertex 62.133 -94.327 18.0
vertex 62.133 -94.327 16.0
endloop
endfacet
facet normal 0.7052247976600163 -0.7089837690422744 0.0
outer loop
vertex 65.528 -90.95 0.0
vertex 65.528 -90.95 16.0
vertex 62.133 -94.327 20.0
endloop
endfacet
facet normal 0.6884716194881139 -0.7252632826494209 0.0
outer loop
vertex 58.76 -97.974 0.0
vertex 55.192 -101.361 20.0
vertex 55.192 -101.361 18.0
endloop
endfacet
facet normal 0.7052247976600163 -0.7089837690422744 0.0
outer loop
vertex 65.528 -90.95 0.0
vertex 62.133 -94.327 20.0
vertex 62.133 -94.327 18.0
endloop
endfacet
facet normal -0.7058629726681992 0.7083484056705521 0.0
outer loop
vertex 57.728 -90.253 0.0
vertex 57.728 -90.253 16.0
vertex 61.148 -86.845 16.0
endloop
endfacet
facet normal -0.7533458940960598 0.6576244854387708 0.0
outer loop
vertex 61.148 -86.845 0.0
vertex 61.148 -86.845 16.0
vertex 64.006 -83.571 16.0
endloop
endfacet
facet normal 0.7532378935675548 -0.6577481856257096 0.0
outer loop
vertex 68.669 -87.353 0.0
vertex 68.669 -87.353 16.0
vertex 65.528 -90.95 16.0
endloop
endfacet
facet normal -0.7988409037589227 0.6015423596735542 0.0
outer loop
vertex 64.006 -83.571 0.0
vertex 64.006 -83.571 16.0
vertex 66.625 -80.093 16.0
endloop
endfacet
facet normal -0.8407572769280155 0.5414122286138249 0.0
outer loop
vertex 66.625 -80.093 0.0
vertex 66.625 -80.093 16.0
vertex 69.007 -76.394 16.0
endloop
endfacet
facet normal -0.878082976647921 0.4785083971270792 0.0
outer loop
vertex 69.007 -76.394 0.0
vertex 69.007 -76.394 16.0
vertex 71.153 -72.456 16.0
endloop
endfacet
facet normal 0.7988212059372648 -0.6015685172488117 0.0
outer loop
vertex 71.551 -83.526 0.0
vertex 71.551 -83.526 16.0
vertex 68.669 -87.353 16.0
endloop
endfacet
facet normal 0.8407821445078179 -0.5413736098821541 0.0
outer loop
vertex 74.171 -79.457 0.0
vertex 74.171 -79.457 16.0
vertex 71.551 -83.526 16.0
endloop
endfacet
facet normal -0.9102252734350026 0.4141134525708802 0.0
outer loop
vertex 71.153 -72.456 0.0
vertex 71.153 -72.456 16.0
vertex 73.062 -68.26 16.0
endloop
endfacet
facet normal -0.9367847486398008 0.3499061798766423 0.0
outer loop
vertex 73.062 -68.26 0.0
vertex 73.062 -68.26 16.0
vertex 74.732 -63.789 16.0
endloop
endfacet
facet normal -0.9580584403679328 0.2865728962057726 0.0
outer loop
vertex 74.732 -63.789 0.0
vertex 74.732 -63.789 16.0
vertex 76.157 -59.025 16.0
endloop
endfacet
facet normal 0.8780974634585537 -0.47848181226422176 0.0
outer loop
vertex 76.525 -75.137 0.0
vertex 76.525 -75.137 16.0
vertex 74.171 -79.457 16.0
endloop
endfacet
facet normal 0.9101963268755265 -0.4141770714830794 0.0
outer loop
vertex 78.61 -70.555 0.0
vertex 78.61 -70.555 16.0
vertex 76.525 -75.137 16.0
endloop
endfacet
facet normal 0.9580876822619263 -0.28647511776412693 0.0
outer loop
vertex 81.959 -60.563 0.0
vertex 81.959 -60.563 16.0
vertex 80.423 -65.7 16.0
endloop
endfacet
facet normal 0.9368120061628816 -0.349833196122205 0.0
outer loop
vertex 80.423 -65.7 0.0
vertex 78.61 -70.555 18.0
vertex 78.61 -70.555 16.0
endloop
endfacet
facet normal 0.9368120061628816 -0.349833196122205 0.0
outer loop
vertex 80.423 -65.7 0.0
vertex 80.423 -65.7 16.0
vertex 78.61 -70.555 20.0
endloop
endfacet
facet normal 0.9368120061628816 -0.349833196122205 0.0
outer loop
vertex 80.423 -65.7 0.0
vertex 78.61 -70.555 20.0
vertex 78.61 -70.555 18.0
endloop
endfacet
facet normal 0.5338210520047568 -0.8455974718721282 0.0
outer loop
vertex 43.453 -109.904 20.0
vertex 43.453 -109.904 18.0
vertex 47.524 -107.334 18.0
endloop
endfacet
facet normal 0.5882453304989108 -0.8086825280332369 0.0
outer loop
vertex 47.524 -107.334 20.0
vertex 47.524 -107.334 18.0
vertex 51.442 -104.484 18.0
endloop
endfacet
facet normal 0.5338210520047568 -0.8455974718721282 0.0
outer loop
vertex 43.453 -109.904 20.0
vertex 47.524 -107.334 18.0
vertex 47.524 -107.334 20.0
endloop
endfacet
facet normal -0.0 0.0 0.9999999999999999
outer loop
vertex 40.418 -104.724 20.0
vertex 43.453 -109.904 20.0
vertex 47.524 -107.334 20.0
endloop
endfacet
facet normal 0.5882453304989108 -0.8086825280332369 0.0
outer loop
vertex 47.524 -107.334 20.0
vertex 51.442 -104.484 18.0
vertex 51.442 -104.484 20.0
endloop
endfacet
facet normal -0.5881449817065391 0.8087555134238127 0.0
outer loop
vertex 47.754 -99.747 20.0
vertex 47.754 -99.747 18.0
vertex 44.154 -102.365 18.0
endloop
endfacet
facet normal -0.639877437150635 0.7684769778110044 0.0
outer loop
vertex 51.202 -96.876 20.0
vertex 51.202 -96.876 18.0
vertex 47.754 -99.747 18.0
endloop
endfacet
facet normal 0.6399425037122454 -0.7684227950435247 0.0
outer loop
vertex 51.442 -104.484 20.0
vertex 51.442 -104.484 18.0
vertex 55.192 -101.361 18.0
endloop
endfacet
facet normal -0.6885522365978319 0.7251867466219466 0.0
outer loop
vertex 54.488 -93.756 20.0
vertex 54.488 -93.756 18.0
vertex 51.202 -96.876 18.0
endloop
endfacet
facet normal -0.5881449817065391 0.8087555134238127 0.0
outer loop
vertex 44.154 -102.365 20.0
vertex 47.754 -99.747 20.0
vertex 44.154 -102.365 18.0
endloop
endfacet
facet normal -0.0 -0.0 0.9999999999999999
outer loop
vertex 40.418 -104.724 20.0
vertex 47.524 -107.334 20.0
vertex 44.154 -102.365 20.0
endloop
endfacet
facet normal 0.0 -0.0 0.9999999999999999
outer loop
vertex 47.524 -107.334 20.0
vertex 51.442 -104.484 20.0
vertex 44.154 -102.365 20.0
endloop
endfacet
facet normal -0.0 -0.0 1.0
outer loop
vertex 44.154 -102.365 20.0
vertex 51.442 -104.484 20.0
vertex 47.754 -99.747 20.0
endloop
endfacet
facet normal -0.639877437150635 0.7684769778110044 0.0
outer loop
vertex 47.754 -99.747 20.0
vertex 51.202 -96.876 20.0
vertex 47.754 -99.747 18.0
endloop
endfacet
facet normal -0.0 0.0 0.9999999999999999
outer loop
vertex 47.754 -99.747 20.0
vertex 51.442 -104.484 20.0
vertex 55.192 -101.361 20.0
endloop
endfacet
facet normal -0.0 -0.0 1.0
outer loop
vertex 47.754 -99.747 20.0
vertex 55.192 -101.361 20.0
vertex 51.202 -96.876 20.0
endloop
endfacet
facet normal -0.6885522365978319 0.7251867466219466 0.0
outer loop
vertex 51.202 -96.876 20.0
vertex 54.488 -93.756 20.0
vertex 51.202 -96.876 18.0
endloop
endfacet
facet normal 0.6884716194881139 -0.7252632826494209 0.0
outer loop
vertex 55.192 -101.361 20.0
vertex 58.76 -97.974 16.0
vertex 58.76 -97.974 18.0
endloop
endfacet
facet normal -0.7341281676286068 0.6790109229565193 0.0
outer loop
vertex 57.728 -90.253 20.0
vertex 57.728 -90.253 18.0
vertex 54.488 -93.756 18.0
endloop
endfacet
facet normal 0.7052247976600163 -0.7089837690422744 0.0
outer loop
vertex 62.133 -94.327 20.0
vertex 65.528 -90.95 16.0
vertex 65.528 -90.95 18.0
endloop
endfacet
facet normal 0.7341471019937971 -0.6789904510625383 0.0
outer loop
vertex 58.76 -97.974 20.0
vertex 58.76 -97.974 18.0
vertex 62.133 -94.327 18.0
endloop
endfacet
facet normal 0.6399425037122454 -0.7684227950435247 0.0
outer loop
vertex 51.442 -104.484 20.0
vertex 55.192 -101.361 18.0
vertex 55.192 -101.361 20.0
endloop
endfacet
facet normal 0.6884716194881139 -0.7252632826494209 0.0
outer loop
vertex 55.192 -101.361 20.0
vertex 58.76 -97.974 18.0
vertex 58.76 -97.974 20.0
endloop
endfacet
facet normal -0.0 0.0 1.0
outer loop
vertex 51.202 -96.876 20.0
vertex 55.192 -101.361 20.0
vertex 58.76 -97.974 20.0
endloop
endfacet
facet normal -0.7341281676286068 0.6790109229565193 0.0
outer loop
vertex 54.488 -93.756 20.0
vertex 57.728 -90.253 20.0
vertex 54.488 -93.756 18.0
endloop
endfacet
facet normal -0.0 -0.0 1.0
outer loop
vertex 51.202 -96.876 20.0
vertex 58.76 -97.974 20.0
vertex 54.488 -93.756 20.0
endloop
endfacet
facet normal 0.0 -0.0 0.9999999999999999
outer loop
vertex 58.76 -97.974 20.0
vertex 62.133 -94.327 20.0
vertex 54.488 -93.756 20.0
endloop
endfacet
facet normal -0.0 -0.0 0.9999999999999999
outer loop
vertex 54.488 -93.756 20.0
vertex 62.133 -94.327 20.0
vertex 57.728 -90.253 20.0
endloop
endfacet
facet normal 0.7341471019937971 -0.6789904510625383 0.0
outer loop
vertex 58.76 -97.974 20.0
vertex 62.133 -94.327 18.0
vertex 62.133 -94.327 20.0
endloop
endfacet
facet normal 0.7052247976600163 -0.7089837690422744 0.0
outer loop
vertex 62.133 -94.327 20.0
vertex 65.528 -90.95 18.0
vertex 65.528 -90.95 20.0
endloop
endfacet
facet normal -0.0 -0.0 1.0
outer loop
vertex 57.728 -90.253 20.0
vertex 62.133 -94.327 20.0
vertex 61.148 -86.845 20.0
endloop
endfacet
facet normal 0.0 -0.0 0.9999999999999999
outer loop
vertex 62.133 -94.327 20.0
vertex 65.528 -90.95 20.0
vertex 61.148 -86.845 20.0
endloop
endfacet
facet normal -0.7058629726681992 0.7083484056705521 0.0
outer loop
vertex 61.148 -86.845 20.0
vertex 61.148 -86.845 18.0
vertex 57.728 -90.253 18.0
endloop
endfacet
facet normal -0.7533458940960598 0.6576244854387708 0.0
outer loop
vertex 64.006 -83.571 20.0
vertex 64.006 -83.571 18.0
vertex 61.148 -86.845 18.0
endloop
endfacet
facet normal -0.7058629726681992 0.7083484056705521 0.0
outer loop
vertex 57.728 -90.253 20.0
vertex 61.148 -86.845 20.0
vertex 57.728 -90.253 18.0
endloop
endfacet
facet normal -0.7533458940960598 0.6576244854387708 0.0
outer loop
vertex 61.148 -86.845 20.0
vertex 64.006 -83.571 20.0
vertex 61.148 -86.845 18.0
endloop
endfacet
facet normal 0.7532378935675548 -0.6577481856257096 0.0
outer loop
vertex 65.528 -90.95 20.0
vertex 65.528 -90.95 18.0
vertex 68.669 -87.353 18.0
endloop
endfacet
facet normal 0.7988212059372648 -0.6015685172488117 0.0
outer loop
vertex 68.669 -87.353 20.0
vertex 68.669 -87.353 18.0
vertex 71.551 -83.526 18.0
endloop
endfacet
facet normal -0.7988409037589227 0.6015423596735542 0.0
outer loop
vertex 66.625 -80.093 20.0
vertex 66.625 -80.093 18.0
vertex 64.006 -83.571 18.0
endloop
endfacet
facet normal -0.8407572769280155 0.5414122286138249 0.0
outer loop
vertex 69.007 -76.394 20.0
vertex 69.007 -76.394 18.0
vertex 66.625 -80.093 18.0
endloop
endfacet
facet normal 0.8407821445078179 -0.5413736098821541 0.0
outer loop
vertex 71.551 -83.526 20.0
vertex 71.551 -83.526 18.0
vertex 74.171 -79.457 18.0
endloop
endfacet
facet normal 0.8780974634585537 -0.47848181226422176 0.0
outer loop
vertex 74.171 -79.457 20.0
vertex 74.171 -79.457 18.0
vertex 76.525 -75.137 18.0
endloop
endfacet
facet normal 0.7532378935675548 -0.6577481856257096 0.0
outer loop
vertex 65.528 -90.95 20.0
vertex 68.669 -87.353 18.0
vertex 68.669 -87.353 20.0
endloop
endfacet
facet normal -0.0 0.0 1.0
outer loop
vertex 61.148 -86.845 20.0
vertex 65.528 -90.95 20.0
vertex 68.669 -87.353 20.0
endloop
endfacet
facet normal -0.0 -0.0 1.0
outer loop
vertex 61.148 -86.845 20.0
vertex 68.669 -87.353 20.0
vertex 64.006 -83.571 20.0
endloop
endfacet
facet normal -0.0 0.0 1.0
outer loop
vertex 64.006 -83.571 20.0
vertex 68.669 -87.353 20.0
vertex 71.551 -83.526 20.0
endloop
endfacet
facet normal -0.7988409037589227 0.6015423596735542 0.0
outer loop
vertex 64.006 -83.571 20.0
vertex 66.625 -80.093 20.0
vertex 64.006 -83.571 18.0
endloop
endfacet
facet normal -0.8407572769280155 0.5414122286138249 0.0
outer loop
vertex 66.625 -80.093 20.0
vertex 69.007 -76.394 20.0
vertex 66.625 -80.093 18.0
endloop
endfacet
facet normal -0.878082976647921 0.4785083971270792 0.0
outer loop
vertex 69.007 -76.394 20.0
vertex 71.153 -72.456 20.0
vertex 69.007 -76.394 18.0
endloop
endfacet
facet normal 0.0 -0.0 1.0
outer loop
vertex 64.006 -83.571 20.0
vertex 71.551 -83.526 20.0
vertex 66.625 -80.093 20.0
endloop
endfacet
facet normal 0.0 -0.0 1.0
outer loop
vertex 66.625 -80.093 20.0
vertex 74.171 -79.457 20.0
vertex 69.007 -76.394 20.0
endloop
endfacet
facet normal 0.7988212059372648 -0.6015685172488117 0.0
outer loop
vertex 68.669 -87.353 20.0
vertex 71.551 -83.526 18.0
vertex 71.551 -83.526 20.0
endloop
endfacet
facet normal 0.8407821445078179 -0.5413736098821541 0.0
outer loop
vertex 71.551 -83.526 20.0
vertex 74.171 -79.457 18.0
vertex 74.171 -79.457 20.0
endloop
endfacet
facet normal -0.0 0.0 0.9999999999999999
outer loop
vertex 66.625 -80.093 20.0
vertex 71.551 -83.526 20.0
vertex 74.171 -79.457 20.0
endloop
endfacet
facet normal -0.0 0.0 1.0
outer loop
vertex 69.007 -76.394 20.0
vertex 74.171 -79.457 20.0
vertex 76.525 -75.137 20.0
endloop
endfacet
facet normal -0.878082976647921 0.4785083971270792 0.0
outer loop
vertex 71.153 -72.456 20.0
vertex 71.153 -72.456 18.0
vertex 69.007 -76.394 18.0
endloop
endfacet
facet normal -0.9102252734350026 0.4141134525708802 0.0
outer loop
vertex 73.062 -68.26 20.0
vertex 73.062 -68.26 18.0
vertex 71.153 -72.456 18.0
endloop
endfacet
facet normal -0.9367847486398008 0.3499061798766423 0.0
outer loop
vertex 74.732 -63.789 20.0
vertex 74.732 -63.789 18.0
vertex 73.062 -68.26 18.0
endloop
endfacet
facet normal -0.9102252734350026 0.4141134525708802 0.0
outer loop
vertex 71.153 -72.456 20.0
vertex 73.062 -68.26 20.0
vertex 71.153 -72.456 18.0
endloop
endfacet
facet normal 0.0 -0.0 1.0
outer loop
vertex 69.007 -76.394 20.0
vertex 76.525 -75.137 20.0
vertex 71.153 -72.456 20.0
endloop
endfacet
facet normal 0.0 -0.0 1.0
outer loop
vertex 71.153 -72.456 20.0
vertex 78.61 -70.555 20.0
vertex 73.062 -68.26 20.0
endloop
endfacet
facet normal -0.9367847486398008 0.3499061798766423 0.0
outer loop
vertex 73.062 -68.26 20.0
vertex 74.732 -63.789 20.0
vertex 73.062 -68.26 18.0
endloop
endfacet
facet normal -0.9580584403679328 0.2865728962057726 0.0
outer loop
vertex 74.732 -63.789 20.0
vertex 76.157 -59.025 20.0
vertex 74.732 -63.789 18.0
endloop
endfacet
facet normal 0.8780974634585537 -0.47848181226422176 0.0
outer loop
vertex 74.171 -79.457 20.0
vertex 76.525 -75.137 18.0
vertex 76.525 -75.137 20.0
endloop
endfacet
facet normal 0.9101963268755265 -0.4141770714830794 0.0
outer loop
vertex 76.525 -75.137 20.0
vertex 76.525 -75.137 18.0
vertex 78.61 -70.555 18.0
endloop
endfacet
facet normal 0.9368120061628816 -0.349833196122205 0.0
outer loop
vertex 78.61 -70.555 20.0
vertex 80.423 -65.7 16.0
vertex 80.423 -65.7 18.0
endloop
endfacet
facet normal -0.9580584403679328 0.2865728962057726 0.0
outer loop
vertex 76.157 -59.025 20.0
vertex 76.157 -59.025 18.0
vertex 74.732 -63.789 18.0
endloop
endfacet
facet normal 0.9580876822619263 -0.28647511776412693 0.0
outer loop
vertex 80.423 -65.7 20.0
vertex 80.423 -65.7 18.0
vertex 81.959 -60.563 18.0
endloop
endfacet
facet normal 0.9101963268755265 -0.4141770714830794 0.0
outer loop
vertex 76.525 -75.137 20.0
vertex 78.61 -70.555 18.0
vertex 78.61 -70.555 20.0
endloop
endfacet
facet normal -0.0 0.0 1.0
outer loop
vertex 71.153 -72.456 20.0
vertex 76.525 -75.137 20.0
vertex 78.61 -70.555 20.0
endloop
endfacet
facet normal -0.0 0.0 0.9999999999999999
outer loop
vertex 73.062 -68.26 20.0
vertex 78.61 -70.555 20.0
vertex 80.423 -65.7 20.0
endloop
endfacet
facet normal 0.9368120061628816 -0.349833196122205 0.0
outer loop
vertex 78.61 -70.555 20.0
vertex 80.423 -65.7 18.0
vertex 80.423 -65.7 20.0
endloop
endfacet
facet normal 0.0 -0.0 1.0
outer loop
vertex 73.062 -68.26 20.0
vertex 80.423 -65.7 20.0
vertex 74.732 -63.789 20.0
endloop
endfacet
facet normal 0.0 -0.0 0.9999999999999999
outer loop
vertex 74.732 -63.789 20.0
vertex 81.959 -60.563 20.0
vertex 76.157 -59.025 20.0
endloop
endfacet
facet normal -0.0 0.0 1.0
outer loop
vertex 74.732 -63.789 20.0
vertex 80.423 -65.7 20.0
vertex 81.959 -60.563 20.0
endloop
endfacet
facet normal 0.9580876822619263 -0.28647511776412693 0.0
outer loop
vertex 80.423 -65.7 20.0
vertex 81.959 -60.563 18.0
vertex 81.959 -60.563 20.0
endloop
endfacet
facet normal 0.47199499569179443 -0.8816012273368854 0.0
outer loop
vertex 49.181 -23.021 0.0
vertex 49.181 -23.021 16.0
vertex 41.833 -26.955 16.0
endloop
endfacet
facet normal 0.555646155073224 -0.8314188777940652 0.0
outer loop
vertex 49.992 -22.479 0.0
vertex 49.992 -22.479 16.0
vertex 49.181 -23.021 16.0
endloop
endfacet
facet normal -0.6164043294148052 0.787429808096369 0.0
outer loop
vertex 46.892 -18.603 0.0
vertex 46.892 -18.603 16.0
vertex 54.406 -12.721 16.0
endloop
endfacet
facet normal 0.6163242869471771 -0.7874924592140891 0.0
outer loop
vertex 57.942 -16.257 0.0
vertex 57.942 -16.257 16.0
vertex 49.992 -22.479 16.0
endloop
endfacet
facet normal -0.7068199640428283 0.7073934820384584 0.0
outer loop
vertex 54.406 -12.721 0.0
vertex 54.406 -12.721 16.0
vertex 63.04 -4.094 16.0
endloop
endfacet
facet normal 0.7068609592789827 -0.7073525176651287 0.0
outer loop
vertex 66.576 -7.629 0.0
vertex 66.576 -7.629 16.0
vertex 57.942 -16.257 16.0
endloop
endfacet
facet normal -0.9742615889164942 0.22542039916988 0.0
outer loop
vertex 76.157 -59.025 0.0
vertex 76.157 -59.025 16.0
vertex 77.331 -53.951 16.0
endloop
endfacet
facet normal -0.9858706318498087 0.16750849905619353 0.0
outer loop
vertex 77.331 -53.951 0.0
vertex 77.331 -53.951 16.0
vertex 78.248 -48.554 16.0
endloop
endfacet
facet normal -0.9935950871601309 0.11299912730305353 0.0
outer loop
vertex 78.248 -48.554 0.0
vertex 78.248 -48.554 16.0
vertex 78.9 -42.821 16.0
endloop
endfacet
facet normal 0.9742155823198273 -0.22561914627362628 0.0
outer loop
vertex 83.217 -55.131 0.0
vertex 83.217 -55.131 16.0
vertex 81.959 -60.563 16.0
endloop
endfacet
facet normal 0.9858828169546577 -0.16743676786640635 0.0
outer loop
vertex 84.191 -49.396 0.0
vertex 84.191 -49.396 16.0
vertex 83.217 -55.131 16.0
endloop
endfacet
facet normal 0.9935939419180921 -0.11300919689860305 0.0
outer loop
vertex 84.879 -43.347 0.0
vertex 84.879 -43.347 16.0
vertex 84.191 -49.396 16.0
endloop
endfacet
facet normal -0.9980619281065072 0.06222851166725307 0.0
outer loop
vertex 78.9 -42.821 0.0
vertex 78.9 -42.821 16.0
vertex 79.288 -36.598 16.0
endloop
endfacet
facet normal -0.9899681066283915 0.1412910041672779 0.0
outer loop
vertex 79.288 -36.598 0.0
vertex 79.288 -36.598 16.0
vertex 79.895 -32.345 16.0
endloop
endfacet
facet normal -0.9977542586803946 0.06698088746154605 0.0
outer loop
vertex 79.895 -32.345 0.0
vertex 79.895 -32.345 16.0
vertex 80.126 -28.904 16.0
endloop
endfacet
facet normal 0.9980665644638483 -0.06215410605366889 0.0
outer loop
vertex 85.276 -36.972 0.0
vertex 85.276 -36.972 16.0
vertex 84.879 -43.347 16.0
endloop
endfacet
facet normal 0.9892580272192275 -0.14617987406726618 0.0
outer loop
vertex 85.865 -32.986 0.0
vertex 85.865 -32.986 16.0
vertex 85.276 -36.972 16.0
endloop
endfacet
facet normal 0.9977387306320277 -0.06721179507192282 0.0
outer loop
vertex 86.129 -29.067 0.0
vertex 86.129 -29.067 16.0
vertex 85.865 -32.986 16.0
endloop
endfacet
facet normal -0.7646132828802308 0.6444893541736096 0.0
outer loop
vertex 63.04 -4.094 0.0
vertex 63.04 -4.094 16.0
vertex 69.886 4.028 16.0
endloop
endfacet
facet normal 0.7646170107570495 -0.6444849314459992 0.0
outer loop
vertex 72.429 -0.685 0.0
vertex 72.429 -0.685 16.0
vertex 66.576 -7.629 16.0
endloop
endfacet
facet normal -0.8986360175173271 -0.43869500569370284 0.0
outer loop
vertex 74.308 -4.534 0.0
vertex 74.308 -4.534 16.0
vertex 72.429 -0.685 16.0
endloop
endfacet
facet normal -0.9999158781399516 -0.012970606909837566 0.0
outer loop
vertex 80.126 -28.904 0.0
vertex 80.126 -28.904 16.0
vertex 80.082 -25.512 16.0
endloop
endfacet
facet normal -0.9957592020293229 -0.09199788896450888 0.0
outer loop
vertex 80.082 -25.512 0.0
vertex 80.082 -25.512 16.0
vertex 79.77 -22.135 16.0
endloop
endfacet
facet normal -0.9859344989151632 -0.1671321747866218 0.0
outer loop
vertex 79.77 -22.135 0.0
vertex 79.77 -22.135 16.0
vertex 79.195 -18.743 16.0
endloop
endfacet
facet normal -0.971686919299131 -0.23627215422678172 0.0
outer loop
vertex 79.195 -18.743 0.0
vertex 79.195 -18.743 16.0
vertex 78.36 -15.309 16.0
endloop
endfacet
facet normal 0.9999132224308139 0.013173746924302109 -0.0
outer loop
vertex 86.078 -25.196 0.0
vertex 86.078 -25.196 16.0
vertex 86.129 -29.067 16.0
endloop
endfacet
facet normal 0.9957754403442499 0.09182196037558309 -0.0
outer loop
vertex 85.724 -21.357 0.0
vertex 85.724 -21.357 16.0
vertex 86.078 -25.196 16.0
endloop
endfacet
facet normal 0.9859090311912386 0.1672823428086575 -0.0
outer loop
vertex 85.075 -17.532 0.0
vertex 85.075 -17.532 16.0
vertex 85.724 -21.357 16.0
endloop
endfacet
facet normal -0.954484829012998 -0.2982594695630433 0.0
outer loop
vertex 78.36 -15.309 0.0
vertex 78.36 -15.309 16.0
vertex 77.266 -11.808 16.0
endloop
endfacet
facet normal -0.9357057587721579 -0.3527814238315563 0.0
outer loop
vertex 77.266 -11.808 0.0
vertex 77.266 -11.808 16.0
vertex 75.914 -8.222 16.0
endloop
endfacet
facet normal -0.9168406700216085 -0.39925328526428916 0.0
outer loop
vertex 75.914 -8.222 0.0
vertex 75.914 -8.222 16.0
vertex 74.308 -4.534 16.0
endloop
endfacet
facet normal 0.9168814605232828 0.39915960134849787 -0.0
outer loop
vertex 79.758 -2.021 0.0
vertex 79.758 -2.021 16.0
vertex 81.475 -5.965 16.0
endloop
endfacet
facet normal 0.9544358563131813 0.29841614598363236 -0.0
outer loop
vertex 82.941 -9.853 0.0
vertex 82.941 -9.853 16.0
vertex 83.904 -12.933 16.0
endloop
endfacet
facet normal 0.9716896507687156 0.23626092057082046 -0.0
outer loop
vertex 84.144 -13.703 0.0
vertex 84.144 -13.703 16.0
vertex 85.075 -17.532 16.0
endloop
endfacet
facet normal 0.9356946815537546 0.35281080328133024 -0.0
outer loop
vertex 81.475 -5.965 0.0
vertex 81.475 -5.965 16.0
vertex 82.941 -9.853 16.0
endloop
endfacet
facet normal 0.8988135999485773 0.43833105359702595 0.0
outer loop
vertex 77.799 1.996 0.0
vertex 79.758 -2.021 18.0
vertex 79.758 -2.021 16.0
endloop
endfacet
facet normal 0.9544888003637025 0.2982467602175421 0.0
outer loop
vertex 82.941 -9.853 0.0
vertex 84.144 -13.703 18.0
vertex 84.144 -13.703 16.0
endloop
endfacet
facet normal 0.9549641451795646 0.2967210022522467 -0.00035811155443719623
outer loop
vertex 82.941 -9.853 0.0
vertex 83.904 -12.933 16.0
vertex 84.144 -13.703 18.0
endloop
endfacet
facet normal 0.8988135999485773 0.43833105359702595 0.0
outer loop
vertex 79.758 -2.021 20.0
vertex 79.758 -2.021 18.0
vertex 77.799 1.996 0.0
endloop
endfacet
facet normal 0.47199499569179443 -0.8816012273368854 0.0
outer loop
vertex 41.833 -26.955 20.0
vertex 41.833 -26.955 18.0
vertex 49.181 -23.021 18.0
endloop
endfacet
facet normal -0.4720249011182662 0.8815852158040598 0.0
outer loop
vertex 46.892 -18.603 20.0
vertex 46.892 -18.603 18.0
vertex 39.92 -22.336 18.0
endloop
endfacet
facet normal 0.555646155073224 -0.8314188777940652 0.0
outer loop
vertex 49.181 -23.021 20.0
vertex 49.181 -23.021 18.0
vertex 49.992 -22.479 18.0
endloop
endfacet
facet normal 0.6163242869471771 -0.7874924592140891 0.0
outer loop
vertex 49.992 -22.479 20.0
vertex 49.992 -22.479 18.0
vertex 57.942 -16.257 18.0
endloop
endfacet
facet normal 0.47199499569179443 -0.8816012273368854 0.0
outer loop
vertex 41.833 -26.955 20.0
vertex 49.181 -23.021 18.0
vertex 49.181 -23.021 20.0
endloop
endfacet
facet normal 0.0 -0.0 1.0
outer loop
vertex 41.833 -26.955 20.0
vertex 49.181 -23.021 20.0
vertex 39.92 -22.336 20.0
endloop
endfacet
facet normal -0.0 -0.0 1.0
outer loop
vertex 39.92 -22.336 20.0
vertex 49.181 -23.021 20.0
vertex 46.892 -18.603 20.0
endloop
endfacet
facet normal 0.555646155073224 -0.8314188777940652 0.0
outer loop
vertex 49.181 -23.021 20.0
vertex 49.992 -22.479 18.0
vertex 49.992 -22.479 20.0
endloop
endfacet
facet normal -0.6164043294148052 0.787429808096369 0.0
outer loop
vertex 46.892 -18.603 20.0
vertex 54.406 -12.721 20.0
vertex 46.892 -18.603 18.0
endloop
endfacet
facet normal -0.0 0.0 1.0
outer loop
vertex 46.892 -18.603 20.0
vertex 49.181 -23.021 20.0
vertex 49.992 -22.479 20.0
endloop
endfacet
facet normal -0.0 0.0 1.0
outer loop
vertex 46.892 -18.603 20.0
vertex 49.992 -22.479 20.0
vertex 54.406 -12.721 20.0
endloop
endfacet
facet normal -0.6164043294148052 0.787429808096369 0.0
outer loop
vertex 54.406 -12.721 20.0
vertex 54.406 -12.721 18.0
vertex 46.892 -18.603 18.0
endloop
endfacet
facet normal 0.6163242869471771 -0.7874924592140891 0.0
outer loop
vertex 49.992 -22.479 20.0
vertex 57.942 -16.257 18.0
vertex 57.942 -16.257 20.0
endloop
endfacet
facet normal 0.0 -0.0 1.0
outer loop
vertex 49.992 -22.479 20.0
vertex 57.942 -16.257 20.0
vertex 54.406 -12.721 20.0
endloop
endfacet
facet normal 0.7068609592789827 -0.7073525176651287 0.0
outer loop
vertex 57.942 -16.257 20.0
vertex 57.942 -16.257 18.0
vertex 66.576 -7.629 18.0
endloop
endfacet
facet normal -0.7068199640428283 0.7073934820384584 0.0
outer loop
vertex 63.04 -4.094 20.0
vertex 63.04 -4.094 18.0
vertex 54.406 -12.721 18.0
endloop
endfacet
facet normal -0.7068199640428283 0.7073934820384584 0.0
outer loop
vertex 54.406 -12.721 20.0
vertex 63.04 -4.094 20.0
vertex 54.406 -12.721 18.0
endloop
endfacet
facet normal 0.0 -0.0 1.0
outer loop
vertex 57.942 -16.257 20.0
vertex 63.04 -4.094 20.0
vertex 54.406 -12.721 20.0
endloop
endfacet
facet normal 0.7068609592789827 -0.7073525176651287 0.0
outer loop
vertex 57.942 -16.257 20.0
vertex 66.576 -7.629 18.0
vertex 66.576 -7.629 20.0
endloop
endfacet
facet normal 0.0 -0.0 0.9999999999999999
outer loop
vertex 57.942 -16.257 20.0
vertex 66.576 -7.629 20.0
vertex 63.04 -4.094 20.0
endloop
endfacet
facet normal 0.9858769272134201 -0.16747144350074963 0.0
outer loop
vertex 83.325 -54.494 17.778
vertex 84.191 -49.396 16.0
vertex 84.191 -49.396 18.0
endloop
endfacet
facet normal -0.9742615889164942 0.22542039916988 0.0
outer loop
vertex 77.331 -53.951 20.0
vertex 77.331 -53.951 18.0
vertex 76.157 -59.025 18.0
endloop
endfacet
facet normal -0.9858706318498087 0.16750849905619353 0.0
outer loop
vertex 78.248 -48.554 20.0
vertex 78.248 -48.554 18.0
vertex 77.331 -53.951 18.0
endloop
endfacet
facet normal 0.9859299119664745 -0.16715923154220283 0.0
outer loop
vertex 83.325 -54.494 17.778
vertex 83.217 -55.131 18.0
vertex 83.217 -55.131 17.778
endloop
endfacet
facet normal 0.9742155823198273 -0.22561914627362628 0.0
outer loop
vertex 81.959 -60.563 20.0
vertex 81.959 -60.563 18.0
vertex 83.217 -55.131 18.0
endloop
endfacet
facet normal 0.9859299119664745 -0.16715923154220283 0.0
outer loop
vertex 83.217 -55.131 20.0
vertex 83.217 -55.131 18.0
vertex 83.325 -54.494 17.778
endloop
endfacet
facet normal 0.9858769272134201 -0.16747144350074963 0.0
outer loop
vertex 84.191 -49.396 20.0
vertex 83.325 -54.494 17.778
vertex 84.191 -49.396 18.0
endloop
endfacet
facet normal 0.9935939419180921 -0.11300919689860305 0.0
outer loop
vertex 84.191 -49.396 20.0
vertex 84.191 -49.396 18.0
vertex 84.879 -43.347 18.0
endloop
endfacet
facet normal -0.9742615889164942 0.22542039916988 0.0
outer loop
vertex 76.157 -59.025 20.0
vertex 77.331 -53.951 20.0
vertex 76.157 -59.025 18.0
endloop
endfacet
facet normal 0.0 -0.0 1.0
outer loop
vertex 81.959 -60.563 20.0
vertex 83.217 -55.131 20.0
vertex 76.157 -59.025 20.0
endloop
endfacet
facet normal 0.0 -0.0 1.0
outer loop
vertex 76.157 -59.025 20.0
vertex 83.217 -55.131 20.0
vertex 77.331 -53.951 20.0
endloop
endfacet
facet normal -0.9858706318498087 0.16750849905619353 0.0
outer loop
vertex 77.331 -53.951 20.0
vertex 78.248 -48.554 20.0
vertex 77.331 -53.951 18.0
endloop
endfacet
facet normal -0.9935950871601309 0.11299912730305353 0.0
outer loop
vertex 78.248 -48.554 20.0
vertex 78.9 -42.821 20.0
vertex 78.248 -48.554 18.0
endloop
endfacet
facet normal 0.0 -0.0 1.0
outer loop
vertex 77.331 -53.951 20.0
vertex 84.191 -49.396 20.0
vertex 78.248 -48.554 20.0
endloop
endfacet
facet normal 0.9742155823198273 -0.22561914627362628 0.0
outer loop
vertex 81.959 -60.563 20.0
vertex 83.217 -55.131 18.0
vertex 83.217 -55.131 20.0
endloop
endfacet
facet normal 0.9858828136520099 -0.16743676730550328 -8.185278991205329e-05
outer loop
vertex 83.217 -55.131 20.0
vertex 83.325 -54.494 17.778
vertex 84.191 -49.396 20.0
endloop
endfacet
facet normal -0.0 0.0 1.0
outer loop
vertex 77.331 -53.951 20.0
vertex 83.217 -55.131 20.0
vertex 84.191 -49.396 20.0
endloop
endfacet
facet normal 0.9935939419180921 -0.11300919689860305 0.0
outer loop
vertex 84.191 -49.396 20.0
vertex 84.879 -43.347 18.0
vertex 84.879 -43.347 20.0
endloop
endfacet
facet normal -0.0 0.0 1.0
outer loop
vertex 78.248 -48.554 20.0
vertex 84.191 -49.396 20.0
vertex 84.879 -43.347 20.0
endloop
endfacet
facet normal -0.9935950871601309 0.11299912730305353 0.0
outer loop
vertex 78.9 -42.821 20.0
vertex 78.9 -42.821 18.0
vertex 78.248 -48.554 18.0
endloop
endfacet
facet normal -0.9980619281065072 0.06222851166725307 0.0
outer loop
vertex 79.288 -36.598 20.0
vertex 79.288 -36.598 18.0
vertex 78.9 -42.821 18.0
endloop
endfacet
facet normal -0.9899681066283915 0.1412910041672779 0.0
outer loop
vertex 79.895 -32.345 20.0
vertex 79.895 -32.345 18.0
vertex 79.288 -36.598 18.0
endloop
endfacet
facet normal -0.9977542586803946 0.06698088746154605 0.0
outer loop
vertex 80.126 -28.904 20.0
vertex 80.126 -28.904 18.0
vertex 79.895 -32.345 18.0
endloop
endfacet
facet normal 0.9980665644638483 -0.06215410605366889 0.0
outer loop
vertex 84.879 -43.347 20.0
vertex 84.879 -43.347 18.0
vertex 85.276 -36.972 18.0
endloop
endfacet
facet normal 0.9892580272192275 -0.14617987406726618 0.0
outer loop
vertex 85.276 -36.972 20.0
vertex 85.276 -36.972 18.0
vertex 85.865 -32.986 18.0
endloop
endfacet
facet normal 0.9977387306320277 -0.06721179507192282 0.0
outer loop
vertex 85.865 -32.986 20.0
vertex 85.865 -32.986 18.0
vertex 86.129 -29.067 18.0
endloop
endfacet
facet normal -0.9980619281065072 0.06222851166725307 0.0
outer loop
vertex 78.9 -42.821 20.0
vertex 79.288 -36.598 20.0
vertex 78.9 -42.821 18.0
endloop
endfacet
facet normal 0.0 -0.0 1.0
outer loop
vertex 78.248 -48.554 20.0
vertex 84.879 -43.347 20.0
vertex 78.9 -42.821 20.0
endloop
endfacet
facet normal -0.9899681066283915 0.1412910041672779 0.0
outer loop
vertex 79.288 -36.598 20.0
vertex 79.895 -32.345 20.0
vertex 79.288 -36.598 18.0
endloop
endfacet
facet normal -0.9977542586803946 0.06698088746154605 0.0
outer loop
vertex 79.895 -32.345 20.0
vertex 80.126 -28.904 20.0
vertex 79.895 -32.345 18.0
endloop
endfacet
facet normal 0.9980665644638483 -0.06215410605366889 0.0
outer loop
vertex 84.879 -43.347 20.0
vertex 85.276 -36.972 18.0
vertex 85.276 -36.972 20.0
endloop
endfacet
facet normal 0.0 -0.0 0.9999999999999999
outer loop
vertex 78.9 -42.821 20.0
vertex 85.276 -36.972 20.0
vertex 79.288 -36.598 20.0
endloop
endfacet
facet normal -0.0 0.0 1.0
outer loop
vertex 78.9 -42.821 20.0
vertex 84.879 -43.347 20.0
vertex 85.276 -36.972 20.0
endloop
endfacet
facet normal 0.9892580272192275 -0.14617987406726618 0.0
outer loop
vertex 85.276 -36.972 20.0
vertex 85.865 -32.986 18.0
vertex 85.865 -32.986 20.0
endloop
endfacet
facet normal 0.9977387306320277 -0.06721179507192282 0.0
outer loop
vertex 85.865 -32.986 20.0
vertex 86.129 -29.067 18.0
vertex 86.129 -29.067 20.0
endloop
endfacet
facet normal -0.0 -0.0 1.0
outer loop
vertex 79.288 -36.598 20.0
vertex 85.276 -36.972 20.0
vertex 79.895 -32.345 20.0
endloop
endfacet
facet normal 0.0 -0.0 1.0
outer loop
vertex 79.895 -32.345 20.0
vertex 86.129 -29.067 20.0
vertex 80.126 -28.904 20.0
endloop
endfacet
facet normal -0.0 0.0 1.0
outer loop
vertex 79.895 -32.345 20.0
vertex 85.276 -36.972 20.0
vertex 85.865 -32.986 20.0
endloop
endfacet
facet normal -0.0 0.0 1.0
outer loop
vertex 79.895 -32.345 20.0
vertex 85.865 -32.986 20.0
vertex 86.129 -29.067 20.0
endloop
endfacet
facet normal 0.9547003344873446 0.2975689354246383 0.0
outer loop
vertex 83.904 -12.933 16.0
vertex 84.024 -13.318 18.0
vertex 84.144 -13.703 18.0
endloop
endfacet
facet normal 0.7646170107570495 -0.6444849314459992 0.0
outer loop
vertex 66.576 -7.629 20.0
vertex 66.576 -7.629 18.0
vertex 72.429 -0.685 18.0
endloop
endfacet
facet normal -0.9168406700216085 -0.39925328526428916 -0.0
outer loop
vertex 74.308 -4.534 20.0
vertex 74.308 -4.534 18.0
vertex 75.914 -8.222 18.0
endloop
endfacet
facet normal -0.8986360175173271 -0.43869500569370284 -0.0
outer loop
vertex 72.429 -0.685 20.0
vertex 72.429 -0.685 18.0
vertex 74.308 -4.534 18.0
endloop
endfacet
facet normal -0.7646132828802308 0.6444893541736096 0.0
outer loop
vertex 63.04 -4.094 20.0
vertex 69.886 4.028 20.0
vertex 63.04 -4.094 18.0
endloop
endfacet
facet normal -0.0 0.0 1.0
outer loop
vertex 63.04 -4.094 20.0
vertex 66.576 -7.629 20.0
vertex 72.429 -0.685 20.0
endloop
endfacet
facet normal 0.0 -0.0 1.0
outer loop
vertex 63.04 -4.094 20.0
vertex 72.429 -0.685 20.0
vertex 69.886 4.028 20.0
endloop
endfacet
facet normal 0.7646170107570495 -0.6444849314459992 0.0
outer loop
vertex 66.576 -7.629 20.0
vertex 72.429 -0.685 18.0
vertex 72.429 -0.685 20.0
endloop
endfacet
facet normal -0.8986360175173271 -0.43869500569370284 0.0
outer loop
vertex 72.429 -0.685 20.0
vertex 74.308 -4.534 18.0
vertex 74.308 -4.534 20.0
endloop
endfacet
facet normal -0.0 0.0 0.9999999999999999
outer loop
vertex 72.429 -0.685 20.0
vertex 74.308 -4.534 20.0
vertex 77.799 1.996 20.0
endloop
endfacet
facet normal -0.9999158781399516 -0.012970606909837566 -0.0
outer loop
vertex 80.082 -25.512 20.0
vertex 80.082 -25.512 18.0
vertex 80.126 -28.904 18.0
endloop
endfacet
facet normal -0.9957592020293229 -0.09199788896450888 -0.0
outer loop
vertex 79.77 -22.135 20.0
vertex 79.77 -22.135 18.0
vertex 80.082 -25.512 18.0
endloop
endfacet
facet normal -0.9859344989151632 -0.1671321747866218 -0.0
outer loop
vertex 79.195 -18.743 20.0
vertex 79.195 -18.743 18.0
vertex 79.77 -22.135 18.0
endloop
endfacet
facet normal -0.971686919299131 -0.23627215422678172 -0.0
outer loop
vertex 78.36 -15.309 20.0
vertex 78.36 -15.309 18.0
vertex 79.195 -18.743 18.0
endloop
endfacet
facet normal 0.9999132224308139 0.013173746924302109 0.0
outer loop
vertex 86.129 -29.067 20.0
vertex 86.129 -29.067 18.0
vertex 86.078 -25.196 18.0
endloop
endfacet
facet normal 0.9957754403442499 0.09182196037558309 0.0
outer loop
vertex 86.078 -25.196 20.0
vertex 86.078 -25.196 18.0
vertex 85.724 -21.357 18.0
endloop
endfacet
facet normal 0.9859090311912386 0.1672823428086575 0.0
outer loop
vertex 85.724 -21.357 20.0
vertex 85.724 -21.357 18.0
vertex 85.075 -17.532 18.0
endloop
endfacet
facet normal 0.9716896507687156 0.23626092057082046 0.0
outer loop
vertex 85.075 -17.532 20.0
vertex 85.075 -17.532 18.0
vertex 84.144 -13.703 18.0
endloop
endfacet
facet normal -0.9999158781399516 -0.012970606909837566 0.0
outer loop
vertex 80.126 -28.904 20.0
vertex 80.082 -25.512 20.0
vertex 80.126 -28.904 18.0
endloop
endfacet
facet normal -0.9957592020293229 -0.09199788896450888 0.0
outer loop
vertex 80.082 -25.512 20.0
vertex 79.77 -22.135 20.0
vertex 80.082 -25.512 18.0
endloop
endfacet
facet normal -0.9859344989151632 -0.1671321747866218 0.0
outer loop
vertex 79.77 -22.135 20.0
vertex 79.195 -18.743 20.0
vertex 79.77 -22.135 18.0
endloop
endfacet
facet normal -0.971686919299131 -0.23627215422678172 0.0
outer loop
vertex 79.195 -18.743 20.0
vertex 78.36 -15.309 20.0
vertex 79.195 -18.743 18.0
endloop
endfacet
facet normal 0.9999132224308139 0.013173746924302109 -0.0
outer loop
vertex 86.129 -29.067 20.0
vertex 86.078 -25.196 18.0
vertex 86.078 -25.196 20.0
endloop
endfacet
facet normal 0.9957754403442499 0.09182196037558309 -0.0
outer loop
vertex 86.078 -25.196 20.0
vertex 85.724 -21.357 18.0
vertex 85.724 -21.357 20.0
endloop
endfacet
facet normal -0.0 -0.0 1.0
outer loop
vertex 80.126 -28.904 20.0
vertex 86.129 -29.067 20.0
vertex 80.082 -25.512 20.0
endloop
endfacet
facet normal 0.0 -0.0 1.0
outer loop
vertex 80.082 -25.512 20.0
vertex 86.078 -25.196 20.0
vertex 79.77 -22.135 20.0
endloop
endfacet
facet normal -0.0 -0.0 1.0
outer loop
vertex 80.082 -25.512 20.0
vertex 86.129 -29.067 20.0
vertex 86.078 -25.196 20.0
endloop
endfacet
facet normal -0.0 -0.0 1.0
outer loop
vertex 79.77 -22.135 20.0
vertex 86.078 -25.196 20.0
vertex 85.724 -21.357 20.0
endloop
endfacet
facet normal 0.9859090311912386 0.1672823428086575 -0.0
outer loop
vertex 85.724 -21.357 20.0
vertex 85.075 -17.532 18.0
vertex 85.075 -17.532 20.0
endloop
endfacet
facet normal 0.0 -0.0 1.0
outer loop
vertex 79.77 -22.135 20.0
vertex 85.724 -21.357 20.0
vertex 79.195 -18.743 20.0
endloop
endfacet
facet normal -0.0 -0.0 1.0
outer loop
vertex 79.195 -18.743 20.0
vertex 85.724 -21.357 20.0
vertex 85.075 -17.532 20.0
endloop
endfacet
facet normal 0.0 -0.0 1.0
outer loop
vertex 79.195 -18.743 20.0
vertex 85.075 -17.532 20.0
vertex 78.36 -15.309 20.0
endloop
endfacet
facet normal -0.0 -0.0 1.0
outer loop
vertex 78.36 -15.309 20.0
vertex 85.075 -17.532 20.0
vertex 84.144 -13.703 20.0
endloop
endfacet
facet normal -0.954484829012998 -0.2982594695630433 -0.0
outer loop
vertex 77.266 -11.808 20.0
vertex 77.266 -11.808 18.0
vertex 78.36 -15.309 18.0
endloop
endfacet
facet normal -0.9357057587721579 -0.3527814238315563 -0.0
outer loop
vertex 75.914 -8.222 20.0
vertex 75.914 -8.222 18.0
vertex 77.266 -11.808 18.0
endloop
endfacet
facet normal 0.954465272660639 0.2983220462601647 0.0
outer loop
vertex 82.941 -9.853 20.0
vertex 84.024 -13.318 18.0
vertex 82.941 -9.853 18.0
endloop
endfacet
facet normal 0.9356946815537546 0.35281080328133024 0.0
outer loop
vertex 82.941 -9.853 20.0
vertex 82.941 -9.853 18.0
vertex 81.475 -5.965 18.0
endloop
endfacet
facet normal 0.9547003344873446 0.2975689354246383 0.0
outer loop
vertex 84.024 -13.318 18.0
vertex 84.144 -13.703 20.0
vertex 84.144 -13.703 18.0
endloop
endfacet
facet normal 0.9168814605232828 0.39915960134849787 0.0
outer loop
vertex 81.475 -5.965 20.0
vertex 81.475 -5.965 18.0
vertex 79.758 -2.021 18.0
endloop
endfacet
facet normal -0.954484829012998 -0.2982594695630433 0.0
outer loop
vertex 78.36 -15.309 20.0
vertex 77.266 -11.808 20.0
vertex 78.36 -15.309 18.0
endloop
endfacet
facet normal -0.9357057587721579 -0.3527814238315563 0.0
outer loop
vertex 77.266 -11.808 20.0
vertex 75.914 -8.222 20.0
vertex 77.266 -11.808 18.0
endloop
endfacet
facet normal 0.0 -0.0 0.9999999999999999
outer loop
vertex 78.36 -15.309 20.0
vertex 84.144 -13.703 20.0
vertex 77.266 -11.808 20.0
endloop
endfacet
facet normal 0.0 -0.0 1.0
outer loop
vertex 77.266 -11.808 20.0
vertex 82.941 -9.853 20.0
vertex 75.914 -8.222 20.0
endloop
endfacet
facet normal -0.0 -0.0 1.0
outer loop
vertex 75.914 -8.222 20.0
vertex 82.941 -9.853 20.0
vertex 81.475 -5.965 20.0
endloop
endfacet
facet normal -0.9168406700216085 -0.39925328526428916 0.0
outer loop
vertex 74.308 -4.534 20.0
vertex 75.914 -8.222 18.0
vertex 75.914 -8.222 20.0
endloop
endfacet
facet normal 0.9168814605232828 0.39915960134849787 0.0
outer loop
vertex 79.758 -2.021 20.0
vertex 81.475 -5.965 20.0
vertex 79.758 -2.021 18.0
endloop
endfacet
facet normal -0.0 0.0 1.0
outer loop
vertex 74.308 -4.534 20.0
vertex 75.914 -8.222 20.0
vertex 81.475 -5.965 20.0
endloop
endfacet
facet normal 0.0 -0.0 0.9999999999999999
outer loop
vertex 74.308 -4.534 20.0
vertex 79.758 -2.021 20.0
vertex 77.799 1.996 20.0
endloop
endfacet
facet normal -0.0 -0.0 1.0
outer loop
vertex 74.308 -4.534 20.0
vertex 81.475 -5.965 20.0
vertex 79.758 -2.021 20.0
endloop
endfacet
facet normal 0.9716896507687156 0.23626092057082046 -0.0
outer loop
vertex 85.075 -17.532 20.0
vertex 84.144 -13.703 18.0
vertex 84.144 -13.703 20.0
endloop
endfacet
facet normal 0.9544887905808607 0.29824675716072163 0.00014317331858507376
outer loop
vertex 82.941 -9.853 20.0
vertex 84.144 -13.703 20.0
vertex 84.024 -13.318 18.0
endloop
endfacet
facet normal -0.0 -0.0 1.0
outer loop
vertex 77.266 -11.808 20.0
vertex 84.144 -13.703 20.0
vertex 82.941 -9.853 20.0
endloop
endfacet
facet normal 0.9356946815537546 0.35281080328133024 -0.0
outer loop
vertex 82.941 -9.853 20.0
vertex 81.475 -5.965 18.0
vertex 81.475 -5.965 20.0
endloop
endfacet
facet normal 0.0 0.0 -0.9999999999999999
outer loop
vertex -4.619 22.973 0.0
vertex 2.312 30.947 0.0
vertex 4.14 26.295 0.0
endloop
endfacet
facet normal 0.0 0.0 -1.0
outer loop
vertex 4.14 26.295 0.0
vertex 13.056 32.912 0.0
vertex 13.056 27.912 0.0
endloop
endfacet
facet normal 0.0 0.0 -0.9999999999999999
outer loop
vertex 13.056 27.912 0.0
vertex 13.056 32.912 0.0
vertex 23.645 28.071 0.0
endloop
endfacet
facet normal 0.0 -0.0 -1.0
outer loop
vertex -1.318 38.569 0.0
vertex 1.792 44.543 0.0
vertex 1.636 38.544 0.0
endloop
endfacet
facet normal 0.0 -0.0 -1.0
outer loop
vertex 1.636 38.544 0.0
vertex 4.904 44.407 0.0
vertex 4.537 38.417 0.0
endloop
endfacet
facet normal 0.0 0.0 -1.0
outer loop
vertex 1.636 38.544 0.0
vertex 1.792 44.543 0.0
vertex 4.904 44.407 0.0
endloop
endfacet
facet normal 0.0 0.0 -1.0
outer loop
vertex 4.14 26.295 0.0
vertex 2.312 30.947 0.0
vertex 13.056 32.912 0.0
endloop
endfacet
facet normal 0.0 -0.0 -1.0
outer loop
vertex 4.537 38.417 0.0
vertex 7.952 44.166 0.0
vertex 7.373 38.193 0.0
endloop
endfacet
facet normal 0.0 0.0 -1.0
outer loop
vertex 4.537 38.417 0.0
vertex 4.904 44.407 0.0
vertex 7.952 44.166 0.0
endloop
endfacet
facet normal 0.0 -0.0 -1.0
outer loop
vertex 7.373 38.193 0.0
vertex 10.927 43.825 0.0
vertex 10.133 37.876 0.0
endloop
endfacet
facet normal 0.0 0.0 -1.0
outer loop
vertex 7.373 38.193 0.0
vertex 7.952 44.166 0.0
vertex 10.927 43.825 0.0
endloop
endfacet
facet normal 0.0 -0.0 -1.0
outer loop
vertex 10.133 37.876 0.0
vertex 13.818 43.385 0.0
vertex 12.804 37.47 0.0
endloop
endfacet
facet normal 0.0 0.0 -1.0
outer loop
vertex 10.133 37.876 0.0
vertex 10.927 43.825 0.0
vertex 13.818 43.385 0.0
endloop
endfacet
facet normal 0.0 0.0 -1.0
outer loop
vertex 12.804 37.47 0.0
vertex 13.818 43.385 0.0
vertex 16.615 42.851 0.0
endloop
endfacet
facet normal 0.0 -0.0 -1.0
outer loop
vertex 12.804 37.47 0.0
vertex 16.615 42.851 0.0
vertex 15.374 36.98 0.0
endloop
endfacet
facet normal 0.0 0.0 -1.0
outer loop
vertex 13.056 32.912 0.0
vertex 23.645 33.071 0.0
vertex 23.645 28.071 0.0
endloop
endfacet
facet normal 0.0 0.0 -1.0
outer loop
vertex 15.374 36.98 0.0
vertex 16.615 42.851 0.0
vertex 19.307 42.226 0.0
endloop
endfacet
facet normal 0.0 -0.0 -0.9999999999999999
outer loop
vertex 15.374 36.98 0.0
vertex 19.307 42.226 0.0
vertex 17.877 36.399 0.0
endloop
endfacet
facet normal 0.0 -0.0 -1.0
outer loop
vertex 23.645 28.071 0.0
vertex 34.675 31.609 0.0
vertex 34.399 26.645 0.0
endloop
endfacet
facet normal 0.0 0.0 -1.0
outer loop
vertex 34.399 26.645 0.0
vertex 34.675 31.609 0.0
vertex 45.705 23.592 0.0
endloop
endfacet
facet normal 0.0 -0.0 -0.9999999999999999
outer loop
vertex 17.877 36.399 0.0
vertex 28.216 39.92 0.0
vertex 26.608 34.139 0.0
endloop
endfacet
facet normal 0.0 0.0 -0.9999999999999999
outer loop
vertex 17.877 36.399 0.0
vertex 19.307 42.226 0.0
vertex 28.216 39.92 0.0
endloop
endfacet
facet normal 0.0 0.0 -1.0
outer loop
vertex 23.645 28.071 0.0
vertex 23.645 33.071 0.0
vertex 34.675 31.609 0.0
endloop
endfacet
facet normal 0.0 0.0 -1.0
outer loop
vertex 26.608 34.139 0.0
vertex 28.216 39.92 0.0
vertex 34.14 38.155 0.0
endloop
endfacet
facet normal 0.0 -0.0 -1.0
outer loop
vertex 26.608 34.139 0.0
vertex 34.14 38.155 0.0
vertex 32.289 32.446 0.0
endloop
endfacet
facet normal 0.0 0.0 -0.9999999999999999
outer loop
vertex 32.289 32.446 0.0
vertex 34.14 38.155 0.0
vertex 34.675 31.609 0.0
endloop
endfacet
facet normal 0.0 0.0 -1.0
outer loop
vertex 34.675 31.609 0.0
vertex 34.14 38.155 0.0
vertex 39.666 36.216 0.0
endloop
endfacet
facet normal 0.0 0.0 -1.0
outer loop
vertex 34.675 31.609 0.0
vertex 39.666 36.216 0.0
vertex 44.803 34.098 0.0
endloop
endfacet
facet normal 0.0 0.0 -1.0
outer loop
vertex 34.675 31.609 0.0
vertex 44.803 34.098 0.0
vertex 49.564 31.798 0.0
endloop
endfacet
facet normal 0.17844840405348597 -0.9839492705880541 0.0
outer loop
vertex 4.14 26.295 0.0
vertex 13.056 27.912 0.0
vertex 4.14 26.295 16.0
endloop
endfacet
facet normal 0.015013889729685708 -0.9998872852052799 0.0
outer loop
vertex 13.056 27.912 0.0
vertex 23.645 28.071 0.0
vertex 13.056 27.912 16.0
endloop
endfacet
facet normal -0.043736117205528766 -0.9990431182145165 0.0
outer loop
vertex 1.636 38.544 0.0
vertex 4.537 38.417 0.0
vertex 1.636 38.544 16.0
endloop
endfacet
facet normal 0.008535888824916156 0.9999635686373622 0.0
outer loop
vertex -1.371 44.57 0.0
vertex 1.792 44.543 16.0
vertex 1.792 44.543 0.0
endloop
endfacet
facet normal 0.0436601272856223 0.999046442006278 0.0
outer loop
vertex 1.792 44.543 0.0
vertex 4.904 44.407 16.0
vertex 4.904 44.407 0.0
endloop
endfacet
facet normal -0.1799085772117979 0.9836833351468482 0.0
outer loop
vertex 2.312 30.947 0.0
vertex 13.056 32.912 16.0
vertex 13.056 32.912 0.0
endloop
endfacet
facet normal -0.07873925770685947 -0.9968952448957576 0.0
outer loop
vertex 4.537 38.417 0.0
vertex 7.373 38.193 0.0
vertex 4.537 38.417 16.0
endloop
endfacet
facet normal 0.07882223545907195 0.9968886874657745 0.0
outer loop
vertex 4.904 44.407 0.0
vertex 7.952 44.166 16.0
vertex 7.952 44.166 0.0
endloop
endfacet
facet normal -0.1141049200686787 -0.9934687046989051 0.0
outer loop
vertex 7.373 38.193 0.0
vertex 10.133 37.876 0.0
vertex 7.373 38.193 16.0
endloop
endfacet
facet normal 0.11387622725875246 0.9934949445595147 0.0
outer loop
vertex 7.952 44.166 0.0
vertex 10.927 43.825 16.0
vertex 10.927 43.825 0.0
endloop
endfacet
facet normal -0.1872877420440052 -0.9823050960267172 0.0
outer loop
vertex 12.804 37.47 0.0
vertex 15.374 36.98 0.0
vertex 12.804 37.47 16.0
endloop
endfacet
facet normal -0.15027684234889352 -0.9886439554529456 0.0
outer loop
vertex 10.133 37.876 0.0
vertex 12.804 37.47 0.0
vertex 10.133 37.876 16.0
endloop
endfacet
facet normal 0.15046379414031494 0.9886155201355584 0.0
outer loop
vertex 10.927 43.825 0.0
vertex 13.818 43.385 16.0
vertex 13.818 43.385 0.0
endloop
endfacet
facet normal 0.18753166601016702 0.9822585577349027 0.0
outer loop
vertex 13.818 43.385 0.0
vertex 16.615 42.851 16.0
vertex 16.615 42.851 0.0
endloop
endfacet
facet normal -0.22610992464650412 -0.9741017924099885 0.0
outer loop
vertex 15.374 36.98 0.0
vertex 17.877 36.399 0.0
vertex 15.374 36.98 16.0
endloop
endfacet
facet normal -0.015013889729685374 0.9998872852052799 0.0
outer loop
vertex 13.056 32.912 0.0
vertex 23.645 33.071 16.0
vertex 23.645 33.071 0.0
endloop
endfacet
facet normal -0.2505888820094098 -0.9680935968248493 0.0
outer loop
vertex 17.877 36.399 0.0
vertex 26.608 34.139 0.0
vertex 17.877 36.399 16.0
endloop
endfacet
facet normal 0.2261542316894477 0.9740915067327892 0.0
outer loop
vertex 16.615 42.851 0.0
vertex 19.307 42.226 16.0
vertex 19.307 42.226 0.0
endloop
endfacet
facet normal -0.13145118937723324 -0.9913226441534112 0.0
outer loop
vertex 23.645 28.071 0.0
vertex 34.399 26.645 0.0
vertex 23.645 28.071 16.0
endloop
endfacet
facet normal -0.2606960956645697 -0.9654209163392151 0.0
outer loop
vertex 34.399 26.645 0.0
vertex 45.705 23.592 0.0
vertex 34.399 26.645 16.0
endloop
endfacet
facet normal 0.2505812535265854 0.9680955714086523 0.0
outer loop
vertex 19.307 42.226 0.0
vertex 28.216 39.92 16.0
vertex 28.216 39.92 0.0
endloop
endfacet
facet normal -0.28559856286449076 -0.9583493417797799 0.0
outer loop
vertex 26.608 34.139 0.0
vertex 32.289 32.446 0.0
vertex 26.608 34.139 16.0
endloop
endfacet
facet normal 0.1313983630796483 0.9913296475844899 0.0
outer loop
vertex 23.645 33.071 0.0
vertex 34.675 31.609 16.0
vertex 34.675 31.609 0.0
endloop
endfacet
facet normal 0.2855366554729843 0.9583677886809961 0.0
outer loop
vertex 28.216 39.92 0.0
vertex 34.14 38.155 16.0
vertex 34.14 38.155 0.0
endloop
endfacet
facet normal -0.3310197570581096 -0.943623823585008 0.0
outer loop
vertex 32.289 32.446 0.0
vertex 34.675 31.609 0.0
vertex 32.289 32.446 16.0
endloop
endfacet
facet normal 0.3310957150070628 0.9435971743832016 0.0
outer loop
vertex 34.14 38.155 0.0
vertex 39.666 36.216 16.0
vertex 39.666 36.216 0.0
endloop
endfacet
facet normal 0.0 0.0 -1.0
outer loop
vertex -7.717 71.877 0.0
vertex -7.732 77.877 0.0
vertex 23.195 77.954 0.0
endloop
endfacet
facet normal 0.0 0.0 -1.0
outer loop
vertex -7.717 71.877 0.0
vertex 23.195 77.954 0.0
vertex 23.248 71.954 0.0
endloop
endfacet
facet normal 0.0 0.0 -1.0
outer loop
vertex -11.317 113.926 0.0
vertex -11.285 119.925 0.0
vertex 24.508 113.601 0.0
endloop
endfacet
facet normal 0.0 -0.0 -1.0
outer loop
vertex -11.285 119.925 0.0
vertex 24.599 119.601 0.0
vertex 24.508 113.601 0.0
endloop
endfacet
facet normal 0.0 0.0 -1.0
outer loop
vertex 23.248 71.954 0.0
vertex 23.195 77.954 0.0
vertex 31.443 72.078 0.0
endloop
endfacet
facet normal 0.0 0.0 -1.0
outer loop
vertex 31.443 72.078 0.0
vertex 23.195 77.954 0.0
vertex 31.297 78.077 0.0
endloop
endfacet
facet normal 0.0 0.0 -1.0
outer loop
vertex 31.443 72.078 0.0
vertex 31.297 78.077 0.0
vertex 39.555 72.349 0.0
endloop
endfacet
facet normal 0.0 0.0 -1.0
outer loop
vertex 39.555 72.349 0.0
vertex 39.276 78.343 0.0
vertex 47.449 72.819 0.0
endloop
endfacet
facet normal 0.0 0.0 -1.0
outer loop
vertex 31.297 78.077 0.0
vertex 39.276 78.343 0.0
vertex 39.555 72.349 0.0
endloop
endfacet
facet normal 0.0 0.0 -1.0
outer loop
vertex 24.508 113.601 0.0
vertex 24.599 119.601 0.0
vertex 45.534 113.153 0.0
endloop
endfacet
facet normal 0.0 -0.0 -1.0
outer loop
vertex 24.599 119.601 0.0
vertex 45.703 119.151 0.0
vertex 45.534 113.153 0.0
endloop
endfacet
facet normal 0.0024866708197531784 -0.9999969082293375 0.0
outer loop
vertex -7.717 71.877 0.0
vertex 23.248 71.954 0.0
vertex -7.717 71.877 16.0
endloop
endfacet
facet normal -0.0024897261728676024 0.999996900626989 0.0
outer loop
vertex -7.732 77.877 0.0
vertex 23.195 77.954 16.0
vertex 23.195 77.954 0.0
endloop
endfacet
facet normal -0.00907150390077147 -0.9999588530619541 0.0
outer loop
vertex -11.317 113.926 0.0
vertex 24.508 113.601 0.0
vertex -11.317 113.926 16.0
endloop
endfacet
facet normal 0.009028725722689037 0.9999592402252325 0.0
outer loop
vertex -11.285 119.925 0.0
vertex 24.599 119.601 16.0
vertex 24.599 119.601 0.0
endloop
endfacet
facet normal 0.015129445683945598 -0.9998855433864899 0.0
outer loop
vertex 23.248 71.954 0.0
vertex 31.443 72.078 0.0
vertex 23.248 71.954 16.0
endloop
endfacet
facet normal -0.015179687506102584 0.9998847819060039 0.0
outer loop
vertex 23.195 77.954 0.0
vertex 31.297 78.077 16.0
vertex 31.297 78.077 0.0
endloop
endfacet
facet normal 0.03338867135353108 -0.9994424428776504 0.0
outer loop
vertex 31.443 72.078 0.0
vertex 39.555 72.349 0.0
vertex 31.443 72.078 16.0
endloop
endfacet
facet normal 0.0594336409415291 -0.9982322587073017 -7.429205121256664e-07
outer loop
vertex 39.555 72.349 0.0
vertex 47.449 72.819 0.0
vertex 41.134 72.443 16.0
endloop
endfacet
facet normal -0.033319000911658396 0.9994447679478086 0.0
outer loop
vertex 31.297 78.077 0.0
vertex 39.276 78.343 16.0
vertex 39.276 78.343 0.0
endloop
endfacet
facet normal -0.021302118410079417 -0.9997730841302155 0.0
outer loop
vertex 24.508 113.601 0.0
vertex 45.534 113.153 0.0
vertex 24.508 113.601 16.0
endloop
endfacet
facet normal 0.021318126152227456 0.9997727429257899 0.0
outer loop
vertex 24.599 119.601 0.0
vertex 45.703 119.151 16.0
vertex 45.703 119.151 0.0
endloop
endfacet
facet normal 0.0 -0.0 -1.0
outer loop
vertex 34.675 31.609 0.0
vertex 49.564 31.798 0.0
vertex 45.705 23.592 0.0
endloop
endfacet
facet normal 0.0 0.0 -0.9999999999999999
outer loop
vertex 45.705 23.592 0.0
vertex 49.564 31.798 0.0
vertex 53.957 29.313 0.0
endloop
endfacet
facet normal 0.0 0.0 -1.0
outer loop
vertex 45.705 23.592 0.0
vertex 53.957 29.313 0.0
vertex 57.995 26.64 0.0
endloop
endfacet
facet normal 0.0 -0.0 -1.0
outer loop
vertex 45.705 23.592 0.0
vertex 57.995 26.64 0.0
vertex 57.851 18.693 0.0
endloop
endfacet
facet normal 0.0 0.0 -1.0
outer loop
vertex 57.851 18.693 0.0
vertex 57.995 26.64 0.0
vertex 61.686 23.775 0.0
endloop
endfacet
facet normal 0.0 -0.0 -1.0
outer loop
vertex 59.076 18.034 0.0
vertex 65.042 20.713 0.0
vertex 60.815 16.447 0.0
endloop
endfacet
facet normal 0.0 -0.0 -1.0
outer loop
vertex 57.851 18.693 0.0
vertex 61.686 23.775 0.0
vertex 59.076 18.034 0.0
endloop
endfacet
facet normal 0.0 0.0 -1.0
outer loop
vertex 63.507 13.552 0.0
vertex 60.815 16.447 0.0
vertex 68.073 17.453 0.0
endloop
endfacet
facet normal 0.0 0.0 -1.0
outer loop
vertex 59.076 18.034 0.0
vertex 61.686 23.775 0.0
vertex 65.042 20.713 0.0
endloop
endfacet
facet normal 0.0 -0.0 -1.0
outer loop
vertex 63.507 13.552 0.0
vertex 70.789 13.99 0.0
vertex 65.913 10.484 0.0
endloop
endfacet
facet normal 0.0 0.0 -0.9999999999999999
outer loop
vertex 68.085 7.181 0.0
vertex 65.913 10.484 0.0
vertex 73.202 10.321 0.0
endloop
endfacet
facet normal 0.0 0.0 -1.0
outer loop
vertex 63.507 13.552 0.0
vertex 68.073 17.453 0.0
vertex 70.789 13.99 0.0
endloop
endfacet
facet normal 0.0 0.0 -1.0
outer loop
vertex 65.913 10.484 0.0
vertex 70.789 13.99 0.0
vertex 73.202 10.321 0.0
endloop
endfacet
facet normal 0.0 -0.0 -1.0
outer loop
vertex 68.085 7.181 0.0
vertex 73.202 10.321 0.0
vertex 69.886 4.028 0.0
endloop
endfacet
facet normal 0.0 0.0 -1.0
outer loop
vertex 72.429 -0.685 0.0
vertex 69.886 4.028 0.0
vertex 77.799 1.996 0.0
endloop
endfacet
facet normal 0.0 0.0 -1.0
outer loop
vertex 69.886 4.028 0.0
vertex 73.202 10.321 0.0
vertex 75.611 6.104 0.0
endloop
endfacet
facet normal 0.0 0.0 -1.0
outer loop
vertex 69.886 4.028 0.0
vertex 75.611 6.104 0.0
vertex 77.799 1.996 0.0
endloop
endfacet
facet normal 0.0 0.0 -1.0
outer loop
vertex 60.815 16.447 0.0
vertex 65.042 20.713 0.0
vertex 68.073 17.453 0.0
endloop
endfacet
facet normal -0.37406155157738025 -0.9274038794568 0.0
outer loop
vertex 45.705 23.592 0.0
vertex 57.851 18.693 0.0
vertex 45.705 23.592 16.0
endloop
endfacet
facet normal -0.786887605644119 -0.6170963426270369 0.0
outer loop
vertex 63.507 13.552 0.0
vertex 65.913 10.484 0.0
vertex 63.507 13.552 16.0
endloop
endfacet
facet normal -0.4737568243518988 -0.8806557053582315 0.0
outer loop
vertex 57.851 18.693 0.0
vertex 59.076 18.034 0.0
vertex 57.851 18.693 16.0
endloop
endfacet
facet normal 0.5519809394308484 0.833856727804626 0.0
outer loop
vertex 53.957 29.313 0.0
vertex 57.995 26.64 16.0
vertex 57.995 26.64 0.0
endloop
endfacet
facet normal -0.674088056015741 -0.7386509952182557 0.0
outer loop
vertex 59.076 18.034 0.0
vertex 60.815 16.447 0.0
vertex 59.076 18.034 16.0
endloop
endfacet
facet normal -0.7323158080922979 -0.6809651659359124 -0.0
outer loop
vertex 63.507 13.552 0.0
vertex 60.815 16.447 16.0
vertex 60.815 16.447 0.0
endloop
endfacet
facet normal 0.6740083545559672 0.7387237223676776 0.0
outer loop
vertex 61.686 23.775 0.0
vertex 65.042 20.713 16.0
vertex 65.042 20.713 0.0
endloop
endfacet
facet normal 0.6131698458521346 0.7899510998395214 0.0
outer loop
vertex 57.995 26.64 0.0
vertex 61.686 23.775 16.0
vertex 61.686 23.775 0.0
endloop
endfacet
facet normal 0.38117519558625923 0.9245028232892408 0.0
outer loop
vertex 39.666 36.216 0.0
vertex 44.803 34.098 16.0
vertex 44.803 34.098 0.0
endloop
endfacet
facet normal 0.43499234365839107 0.9004341513728698 0.0
outer loop
vertex 44.803 34.098 0.0
vertex 49.564 31.798 16.0
vertex 49.564 31.798 0.0
endloop
endfacet
facet normal 0.49235754744098625 0.870393040606943 -1.8463408029033113e-05
outer loop
vertex 53.957 29.313 0.0
vertex 49.564 31.798 0.0
vertex 53.079 29.81 16.0
endloop
endfacet
facet normal -0.7646132828802308 0.6444893541736096 0.0
outer loop
vertex 63.04 -4.094 0.0
vertex 69.886 4.028 16.0
vertex 69.886 4.028 0.0
endloop
endfacet
facet normal -0.8683278671092034 -0.49599064023586326 0.0
outer loop
vertex 68.085 7.181 0.0
vertex 69.886 4.028 0.0
vertex 68.085 7.181 16.0
endloop
endfacet
facet normal -0.8355362693470875 -0.5494352942845508 -0.0
outer loop
vertex 68.085 7.181 0.0
vertex 65.913 10.484 16.0
vertex 65.913 10.484 0.0
endloop
endfacet
facet normal 0.8355023706423089 0.5494868411992064 0.0
outer loop
vertex 70.789 13.99 0.0
vertex 73.202 10.321 16.0
vertex 73.202 10.321 0.0
endloop
endfacet
facet normal 0.8683064908025361 0.49602806173661723 0.0
outer loop
vertex 73.202 10.321 0.0
vertex 75.611 6.104 16.0
vertex 75.611 6.104 0.0
endloop
endfacet
facet normal 0.7323612759805364 0.6809162661033737 0.0
outer loop
vertex 65.042 20.713 0.0
vertex 68.073 17.453 16.0
vertex 68.073 17.453 0.0
endloop
endfacet
facet normal 0.7868620712094055 0.6171289013585771 0.0
outer loop
vertex 70.789 13.99 0.0
vertex 68.073 17.453 0.0
vertex 70.789 13.99 16.0
endloop
endfacet
facet normal 0.8826144937329855 0.47009749568835785 0.0
outer loop
vertex 77.799 1.996 0.0
vertex 75.611 6.104 0.0
vertex 77.799 1.996 16.0
endloop
endfacet
facet normal 0.0 0.0 -1.0
outer loop
vertex 39.276 78.343 0.0
vertex 46.986 78.802 0.0
vertex 47.449 72.819 0.0
endloop
endfacet
facet normal 0.0 0.0 -1.0
outer loop
vertex 47.449 72.819 0.0
vertex 46.986 78.802 0.0
vertex 54.995 73.54 0.0
endloop
endfacet
facet normal 0.0 0.0 -1.0
outer loop
vertex 46.986 78.802 0.0
vertex 54.278 79.499 0.0
vertex 54.995 73.54 0.0
endloop
endfacet
facet normal 0.0 0.0 -1.0
outer loop
vertex 54.995 73.54 0.0
vertex 54.278 79.499 0.0
vertex 62.058 74.566 0.0
endloop
endfacet
facet normal 0.0 0.0 -1.0
outer loop
vertex 62.058 74.566 0.0
vertex 54.278 79.499 0.0
vertex 60.998 80.475 0.0
endloop
endfacet
facet normal 0.0 0.0 -1.0
outer loop
vertex 62.058 74.566 0.0
vertex 60.998 80.475 0.0
vertex 68.507 75.948 0.0
endloop
endfacet
facet normal 0.0 0.0 -1.0
outer loop
vertex 45.534 113.153 0.0
vertex 45.703 119.151 0.0
vertex 54.665 118.835 0.0
endloop
endfacet
facet normal 0.0 -0.0 -1.0
outer loop
vertex 45.534 113.153 0.0
vertex 54.665 118.835 0.0
vertex 54.407 112.841 0.0
endloop
endfacet
facet normal 0.0 0.0 -1.0
outer loop
vertex 54.407 112.841 0.0
vertex 54.665 118.835 0.0
vertex 62.237 118.45 0.0
endloop
endfacet
facet normal 0.0 -0.0 -1.0
outer loop
vertex 54.407 112.841 0.0
vertex 62.237 118.45 0.0
vertex 61.852 112.462 0.0
endloop
endfacet
facet normal 0.0 0.0 -1.0
outer loop
vertex 61.852 112.462 0.0
vertex 62.237 118.45 0.0
vertex 67.393 112.03 0.0
endloop
endfacet
facet normal 0.0 0.0 -1.0
outer loop
vertex 60.998 80.475 0.0
vertex 66.976 81.756 0.0
vertex 68.507 75.948 0.0
endloop
endfacet
facet normal 0.0 -0.0 -1.0
outer loop
vertex 66.976 81.756 0.0
vertex 70.524 82.87 0.0
vertex 68.507 75.948 0.0
endloop
endfacet
facet normal 0.0 0.0 -1.0
outer loop
vertex 68.507 75.948 0.0
vertex 70.524 82.87 0.0
vertex 74.208 77.738 0.0
endloop
endfacet
facet normal 0.0 0.0 -1.0
outer loop
vertex 74.208 77.738 0.0
vertex 70.524 82.87 0.0
vertex 75.383 79.309 0.0
endloop
endfacet
facet normal 0.0 -0.0 -1.0
outer loop
vertex 70.524 82.87 0.0
vertex 76.402 80.999 0.0
vertex 75.383 79.309 0.0
endloop
endfacet
facet normal 0.0 0.0 -1.0
outer loop
vertex 70.524 82.87 0.0
vertex 71.121 83.86 0.0
vertex 76.402 80.999 0.0
endloop
endfacet
facet normal 0.0 0.0 -1.0
outer loop
vertex 71.121 83.86 0.0
vertex 71.765 85.191 0.0
vertex 77.274 82.801 0.0
endloop
endfacet
facet normal 0.0 -0.0 -1.0
outer loop
vertex 71.121 83.86 0.0
vertex 77.274 82.801 0.0
vertex 76.402 80.999 0.0
endloop
endfacet
facet normal 0.0 0.0 -1.0
outer loop
vertex 71.765 85.191 0.0
vertex 72.332 86.663 0.0
vertex 78.009 84.707 0.0
endloop
endfacet
facet normal 0.0 0.0 -1.0
outer loop
vertex 72.332 86.663 0.0
vertex 72.823 88.275 0.0
vertex 78.619 86.712 0.0
endloop
endfacet
facet normal 0.0 0.0 -1.0
outer loop
vertex 72.823 88.275 0.0
vertex 73.236 90.025 0.0
vertex 79.113 88.807 0.0
endloop
endfacet
facet normal 0.0 -0.0 -1.0
outer loop
vertex 71.765 85.191 0.0
vertex 78.009 84.707 0.0
vertex 77.274 82.801 0.0
endloop
endfacet
facet normal 0.0 -0.0 -0.9999999999999999
outer loop
vertex 72.332 86.663 0.0
vertex 78.619 86.712 0.0
vertex 78.009 84.707 0.0
endloop
endfacet
facet normal 0.0 -0.0 -0.9999999999999999
outer loop
vertex 72.823 88.275 0.0
vertex 79.113 88.807 0.0
vertex 78.619 86.712 0.0
endloop
endfacet
facet normal 0.0 0.0 -1.0
outer loop
vertex 79.113 88.807 0.0
vertex 73.236 90.025 0.0
vertex 79.503 90.986 0.0
endloop
endfacet
facet normal 0.0 -0.0 -1.0
outer loop
vertex 62.237 118.45 0.0
vertex 68.17 117.988 0.0
vertex 67.393 112.03 0.0
endloop
endfacet
facet normal 0.0 0.0 -0.9999999999999999
outer loop
vertex 67.393 112.03 0.0
vertex 68.17 117.988 0.0
vertex 68.651 111.799 0.0
endloop
endfacet
facet normal 0.0 -0.0 -1.0
outer loop
vertex 68.651 111.799 0.0
vertex 70.099 117.633 0.0
vertex 69.683 111.474 0.0
endloop
endfacet
facet normal 0.0 0.0 -1.0
outer loop
vertex 68.651 111.799 0.0
vertex 68.17 117.988 0.0
vertex 70.099 117.633 0.0
endloop
endfacet
facet normal 0.0 0.0 -1.0
outer loop
vertex 73.727 106.807 0.0
vertex 73.367 107.822 0.0
vertex 78.904 110.161 0.0
endloop
endfacet
facet normal 0.0 -0.0 -1.0
outer loop
vertex 71.27 110.604 0.0
vertex 74.879 115.416 0.0
vertex 71.896 110.063 0.0
endloop
endfacet
facet normal 0.0 -0.0 -1.0
outer loop
vertex 71.896 110.063 0.0
vertex 76.136 114.328 0.0
vertex 72.447 109.433 0.0
endloop
endfacet
facet normal 0.0 -0.0 -1.0
outer loop
vertex 72.447 109.433 0.0
vertex 77.226 113.082 0.0
vertex 72.937 108.693 0.0
endloop
endfacet
facet normal 0.0 -0.0 -1.0
outer loop
vertex 72.937 108.693 0.0
vertex 78.149 111.69 0.0
vertex 73.367 107.822 0.0
endloop
endfacet
facet normal 0.0 0.0 -0.9999999999999999
outer loop
vertex 72.447 109.433 0.0
vertex 76.136 114.328 0.0
vertex 77.226 113.082 0.0
endloop
endfacet
facet normal 0.0 -0.0 -1.0
outer loop
vertex 69.683 111.474 0.0
vertex 71.86 117.079 0.0
vertex 70.545 111.073 0.0
endloop
endfacet
facet normal 0.0 0.0 -1.0
outer loop
vertex 69.683 111.474 0.0
vertex 70.099 117.633 0.0
vertex 71.86 117.079 0.0
endloop
endfacet
facet normal 0.0 0.0 -1.0
outer loop
vertex 71.27 110.604 0.0
vertex 70.545 111.073 0.0
vertex 73.453 116.337 0.0
endloop
endfacet
facet normal 0.0 0.0 -0.9999999999999999
outer loop
vertex 70.545 111.073 0.0
vertex 71.86 117.079 0.0
vertex 73.453 116.337 0.0
endloop
endfacet
facet normal 0.0 0.0 -0.9999999999999999
outer loop
vertex 71.27 110.604 0.0
vertex 73.453 116.337 0.0
vertex 74.879 115.416 0.0
endloop
endfacet
facet normal 0.0 0.0 -1.0
outer loop
vertex 71.896 110.063 0.0
vertex 74.879 115.416 0.0
vertex 76.136 114.328 0.0
endloop
endfacet
facet normal 0.0 0.0 -1.0
outer loop
vertex 73.236 90.025 0.0
vertex 73.827 93.853 0.0
vertex 79.503 90.986 0.0
endloop
endfacet
facet normal 0.0 -0.0 -1.0
outer loop
vertex 73.827 93.853 0.0
vertex 79.798 93.242 0.0
vertex 79.503 90.986 0.0
endloop
endfacet
facet normal 0.0 0.0 -1.0
outer loop
vertex 73.827 93.853 0.0
vertex 74.152 98.237 0.0
vertex 80.147 97.956 0.0
endloop
endfacet
facet normal 0.0 -0.0 -1.0
outer loop
vertex 73.827 93.853 0.0
vertex 80.147 97.956 0.0
vertex 79.798 93.242 0.0
endloop
endfacet
facet normal 0.0 0.0 -0.9999999999999999
outer loop
vertex 74.152 98.237 0.0
vertex 74.243 102.826 0.0
vertex 80.245 102.894 0.0
endloop
endfacet
facet normal 0.0 0.0 -1.0
outer loop
vertex 74.243 102.826 0.0
vertex 74.178 104.335 0.0
vertex 80.245 102.894 0.0
endloop
endfacet
facet normal 0.0 -0.0 -1.0
outer loop
vertex 74.152 98.237 0.0
vertex 80.245 102.894 0.0
vertex 80.147 97.956 0.0
endloop
endfacet
facet normal 0.0 0.0 -1.0
outer loop
vertex 74.178 104.335 0.0
vertex 80.161 104.863 0.0
vertex 80.245 102.894 0.0
endloop
endfacet
facet normal 0.0 0.0 -1.0
outer loop
vertex 74.178 104.335 0.0
vertex 74.003 105.644 0.0
vertex 79.91 106.737 0.0
endloop
endfacet
facet normal 0.0 0.0 -0.9999999999999999
outer loop
vertex 74.003 105.644 0.0
vertex 73.727 106.807 0.0
vertex 79.49 108.507 0.0
endloop
endfacet
facet normal 0.0 0.0 -1.0
outer loop
vertex 73.727 106.807 0.0
vertex 78.904 110.161 0.0
vertex 79.49 108.507 0.0
endloop
endfacet
facet normal 0.0 0.0 -1.0
outer loop
vertex 74.003 105.644 0.0
vertex 79.49 108.507 0.0
vertex 79.91 106.737 0.0
endloop
endfacet
facet normal 0.0 0.0 -1.0
outer loop
vertex 72.937 108.693 0.0
vertex 77.226 113.082 0.0
vertex 78.149 111.69 0.0
endloop
endfacet
facet normal 0.0 0.0 -1.0
outer loop
vertex 73.367 107.822 0.0
vertex 78.149 111.69 0.0
vertex 78.904 110.161 0.0
endloop
endfacet
facet normal 0.0 0.0 -1.0
outer loop
vertex 74.178 104.335 0.0
vertex 79.91 106.737 0.0
vertex 80.161 104.863 0.0
endloop
endfacet
facet normal 0.09511413405239805 -0.9954663738687822 0.0
outer loop
vertex 47.449 72.819 0.0
vertex 54.995 73.54 0.0
vertex 47.449 72.819 16.0
endloop
endfacet
facet normal -0.05942785536308372 0.998232603157673 0.0
outer loop
vertex 39.276 78.343 0.0
vertex 46.986 78.802 16.0
vertex 46.986 78.802 0.0
endloop
endfacet
facet normal -0.09515052640105633 0.9954628960064769 0.0
outer loop
vertex 46.986 78.802 0.0
vertex 54.278 79.499 16.0
vertex 54.278 79.499 0.0
endloop
endfacet
facet normal 0.1437552342362311 -0.9896132742792441 0.0
outer loop
vertex 54.995 73.54 0.0
vertex 62.058 74.566 0.0
vertex 54.995 73.54 16.0
endloop
endfacet
facet normal -0.14373007768106968 0.9896169282958904 0.0
outer loop
vertex 54.278 79.499 0.0
vertex 60.998 80.475 16.0
vertex 60.998 80.475 0.0
endloop
endfacet
facet normal 0.20953944328552085 -0.9778001951869276 0.0
outer loop
vertex 62.058 74.566 0.0
vertex 68.507 75.948 0.0
vertex 62.058 74.566 16.0
endloop
endfacet
facet normal -0.03514113560024982 -0.9993823595545023 0.0
outer loop
vertex 45.534 113.153 0.0
vertex 54.407 112.841 0.0
vertex 45.534 113.153 16.0
endloop
endfacet
facet normal 0.03523808824433153 0.9993789457142295 0.0
outer loop
vertex 45.703 119.151 0.0
vertex 54.665 118.835 16.0
vertex 54.665 118.835 0.0
endloop
endfacet
facet normal -0.05084081472959543 -0.9987067695563253 0.0
outer loop
vertex 54.407 112.841 0.0
vertex 61.852 112.462 0.0
vertex 54.407 112.841 16.0
endloop
endfacet
facet normal -0.07772839110348478 -0.996974572000943 0.0
outer loop
vertex 61.852 112.462 0.0
vertex 67.393 112.03 0.0
vertex 61.852 112.462 16.0
endloop
endfacet
facet normal 0.050779622934129354 0.9987098827460694 0.0
outer loop
vertex 54.665 118.835 0.0
vertex 62.237 118.45 16.0
vertex 62.237 118.45 0.0
endloop
endfacet
facet normal -0.20952908873087434 0.9778024140774093 0.0
outer loop
vertex 60.998 80.475 0.0
vertex 66.976 81.756 16.0
vertex 66.976 81.756 0.0
endloop
endfacet
facet normal -0.2995608759779814 0.9540771884828316 0.0
outer loop
vertex 66.976 81.756 0.0
vertex 70.524 82.87 16.0
vertex 70.524 82.87 0.0
endloop
endfacet
facet normal 0.2995611335905692 -0.9540771075976686 0.0
outer loop
vertex 68.507 75.948 0.0
vertex 74.208 77.738 0.0
vertex 68.507 75.948 16.0
endloop
endfacet
facet normal 0.8007944848128022 -0.5989392232049915 0.0
outer loop
vertex 74.208 77.738 0.0
vertex 75.383 79.309 0.0
vertex 74.208 77.738 16.0
endloop
endfacet
facet normal -0.8563459552628157 0.5164025609009076 0.0
outer loop
vertex 70.524 82.87 0.0
vertex 71.121 83.86 16.0
vertex 71.121 83.86 0.0
endloop
endfacet
facet normal -0.9001678049020746 0.43554325045600273 0.0
outer loop
vertex 71.121 83.86 0.0
vertex 71.765 85.191 16.0
vertex 71.765 85.191 0.0
endloop
endfacet
facet normal -0.9331657627974225 0.35944632303405855 0.0
outer loop
vertex 71.765 85.191 0.0
vertex 72.332 86.663 16.0
vertex 72.332 86.663 0.0
endloop
endfacet
facet normal -0.9566091750048162 0.2913741345703237 0.0
outer loop
vertex 72.332 86.663 0.0
vertex 72.823 88.275 16.0
vertex 72.823 88.275 0.0
endloop
endfacet
facet normal -0.9732637812844819 0.22969025238314378 0.0
outer loop
vertex 72.823 88.275 0.0
vertex 73.236 90.025 16.0
vertex 73.236 90.025 0.0
endloop
endfacet
facet normal 0.8563731159697352 -0.5163575178539443 0.0
outer loop
vertex 75.383 79.309 0.0
vertex 76.402 80.999 0.0
vertex 75.383 79.309 16.0
endloop
endfacet
facet normal 0.9001466154610978 -0.43558704144399235 0.0
outer loop
vertex 76.402 80.999 0.0
vertex 77.274 82.801 0.0
vertex 76.402 80.999 16.0
endloop
endfacet
facet normal 0.933029831952932 -0.35979901704376044 -4.4974877133359844e-06
outer loop
vertex 77.274 82.801 0.0
vertex 78.009 84.707 0.0
vertex 77.421 83.182 16.0
endloop
endfacet
facet normal 0.9567027693984093 -0.2910666779715842 0.0
outer loop
vertex 78.009 84.707 0.0
vertex 78.619 86.712 0.0
vertex 78.009 84.707 16.0
endloop
endfacet
facet normal 0.9733073839377396 -0.22950541654665557 -1.2166342299494235e-05
outer loop
vertex 78.619 86.712 0.0
vertex 79.113 88.807 0.0
vertex 78.718 87.131 16.0
endloop
endfacet
facet normal 0.9843576976196683 -0.17618150622839412 0.0
outer loop
vertex 79.113 88.807 0.0
vertex 79.503 90.986 0.0
vertex 79.113 88.807 16.0
endloop
endfacet
facet normal -0.988290972670543 0.15258097305336643 0.0
outer loop
vertex 73.236 90.025 0.0
vertex 73.827 93.853 16.0
vertex 73.827 93.853 0.0
endloop
endfacet
facet normal -0.9972634079957828 0.07393033932450553 0.0
outer loop
vertex 73.827 93.853 0.0
vertex 74.152 98.237 16.0
vertex 74.152 98.237 0.0
endloop
endfacet
facet normal -0.9998034429554425 0.019826130596848828 0.0
outer loop
vertex 74.152 98.237 0.0
vertex 74.243 102.826 16.0
vertex 74.243 102.826 0.0
endloop
endfacet
facet normal -0.9990735661944533 -0.043034978000422254 -0.0
outer loop
vertex 74.243 102.826 0.0
vertex 74.178 104.335 16.0
vertex 74.178 104.335 0.0
endloop
endfacet
facet normal -0.18060521449111525 -0.9835556702589937 0.0
outer loop
vertex 67.393 112.03 0.0
vertex 68.651 111.799 0.0
vertex 67.393 112.03 16.0
endloop
endfacet
facet normal -0.300379307509235 -0.9538198318447109 0.0
outer loop
vertex 68.651 111.799 0.0
vertex 69.683 111.474 0.0
vertex 68.651 111.799 16.0
endloop
endfacet
facet normal -0.42179108155335077 -0.9066930481271238 0.0
outer loop
vertex 69.683 111.474 0.0
vertex 70.545 111.073 0.0
vertex 69.683 111.474 16.0
endloop
endfacet
facet normal 0.07763452406095102 0.9969818858303444 0.0
outer loop
vertex 62.237 118.45 0.0
vertex 68.17 117.988 16.0
vertex 68.17 117.988 0.0
endloop
endfacet
facet normal 0.1809937317681777 0.9834842495234121 0.0
outer loop
vertex 68.17 117.988 0.0
vertex 70.099 117.633 16.0
vertex 70.099 117.633 0.0
endloop
endfacet
facet normal -0.5431552359217432 -0.8396322943353213 -0.0
outer loop
vertex 71.27 110.604 0.0
vertex 70.545 111.073 16.0
vertex 70.545 111.073 0.0
endloop
endfacet
facet normal -0.6538715735635053 -0.7566055546224766 0.0
outer loop
vertex 71.27 110.604 0.0
vertex 71.896 110.063 0.0
vertex 71.27 110.604 16.0
endloop
endfacet
facet normal -0.8337796612712404 -0.5520973432741871 0.0
outer loop
vertex 72.447 109.433 0.0
vertex 72.937 108.693 0.0
vertex 72.447 109.433 16.0
endloop
endfacet
facet normal -0.7527247041490552 -0.6583354158510062 0.0
outer loop
vertex 71.896 110.063 0.0
vertex 72.447 109.433 0.0
vertex 71.896 110.063 16.0
endloop
endfacet
facet normal -0.9729765043317985 -0.23090414032293508 -0.0
outer loop
vertex 74.003 105.644 0.0
vertex 73.727 106.807 16.0
vertex 73.727 106.807 0.0
endloop
endfacet
facet normal -0.8966805856180273 -0.4426781306725144 0.0
outer loop
vertex 72.937 108.693 0.0
vertex 73.367 107.822 0.0
vertex 72.937 108.693 16.0
endloop
endfacet
facet normal -0.9424749357893878 -0.33427682451643237 -0.0
outer loop
vertex 73.727 106.807 0.0
vertex 73.367 107.822 16.0
vertex 73.367 107.822 0.0
endloop
endfacet
facet normal -0.9911815478605522 -0.13251090212039135 -0.0
outer loop
vertex 74.178 104.335 0.0
vertex 74.003 105.644 16.0
vertex 74.003 105.644 0.0
endloop
endfacet
facet normal 0.3000942085589712 0.9539095690836552 0.0
outer loop
vertex 70.099 117.633 0.0
vertex 71.86 117.079 16.0
vertex 71.86 117.079 0.0
endloop
endfacet
facet normal 0.5425427519384445 0.840028191383515 0.0
outer loop
vertex 74.879 115.416 0.0
vertex 73.453 116.337 0.0
vertex 74.879 115.416 16.0
endloop
endfacet
facet normal 0.4222311614179631 0.9064881942571773 0.0
outer loop
vertex 71.86 117.079 0.0
vertex 73.453 116.337 16.0
vertex 73.453 116.337 0.0
endloop
endfacet
facet normal 0.991558695135245 -0.12965860596848358 0.0
outer loop
vertex 79.503 90.986 0.0
vertex 79.798 93.242 0.0
vertex 79.503 90.986 16.0
endloop
endfacet
facet normal 0.9972706398494356 -0.07383272238172611 0.0
outer loop
vertex 79.798 93.242 0.0
vertex 80.147 97.956 0.0
vertex 79.798 93.242 16.0
endloop
endfacet
facet normal 0.9998031244806123 -0.019842184325455436 0.0
outer loop
vertex 80.147 97.956 0.0
vertex 80.245 102.894 0.0
vertex 80.147 97.956 16.0
endloop
endfacet
facet normal 0.9990912491461241 0.04262248091837372 0.0
outer loop
vertex 80.245 102.894 0.0
vertex 80.161 104.863 0.0
vertex 80.245 102.894 16.0
endloop
endfacet
facet normal 0.8334293931846294 0.552625955394696 0.0
outer loop
vertex 78.149 111.69 0.0
vertex 77.226 113.082 0.0
vertex 78.149 111.69 16.0
endloop
endfacet
facet normal 0.991149199827392 0.13275264095874106 0.0
outer loop
vertex 80.161 104.863 0.0
vertex 79.91 106.737 0.0
vertex 80.161 104.863 16.0
endloop
endfacet
facet normal 0.9729828754005291 0.23087729246792177 0.0
outer loop
vertex 79.91 106.737 0.0
vertex 79.49 108.507 0.0
vertex 79.91 106.737 16.0
endloop
endfacet
facet normal 0.942589856953076 0.3339526337209809 0.0
outer loop
vertex 79.49 108.507 0.0
vertex 78.904 110.161 0.0
vertex 79.49 108.507 16.0
endloop
endfacet
facet normal 0.8966445036460372 0.4427512101064458 -5.534390126436852e-06
outer loop
vertex 78.904 110.161 0.0
vertex 78.149 111.69 0.0
vertex 78.753 110.467 16.0
endloop
endfacet
facet normal 0.65444949827168 0.7561057162936584 0.0
outer loop
vertex 74.879 115.416 0.0
vertex 76.136 114.328 16.0
vertex 76.136 114.328 0.0
endloop
endfacet
facet normal 0.7526515283941642 0.6584190737958551 8.230238422269873e-06
outer loop
vertex 76.136 114.328 0.0
vertex 77.008 113.331 16.0
vertex 77.226 113.082 0.0
endloop
endfacet
facet normal 0.35461883594316834 -0.9350109524461797 0.0
outer loop
vertex 4.14 26.295 0.0
vertex 4.14 26.295 16.0
vertex -4.619 22.973 16.0
endloop
endfacet
facet normal 0.17844840405348597 -0.9839492705880541 0.0
outer loop
vertex 13.056 27.912 0.0
vertex 13.056 27.912 16.0
vertex 4.14 26.295 16.0
endloop
endfacet
facet normal 0.015013889729685708 -0.9998872852052799 0.0
outer loop
vertex 23.645 28.071 0.0
vertex 23.645 28.071 16.0
vertex 13.056 27.912 16.0
endloop
endfacet
facet normal -0.008462797815551894 -0.9999641898853844 0.0
outer loop
vertex 1.636 38.544 0.0
vertex 1.636 38.544 16.0
vertex -1.318 38.569 16.0
endloop
endfacet
facet normal -0.043736117205528766 -0.9990431182145165 0.0
outer loop
vertex 4.537 38.417 0.0
vertex 4.537 38.417 16.0
vertex 1.636 38.544 16.0
endloop
endfacet
facet normal 0.0436601272856223 0.999046442006278 -0.0
outer loop
vertex 1.792 44.543 0.0
vertex 1.792 44.543 16.0
vertex 4.904 44.407 16.0
endloop
endfacet
facet normal -0.1799085772117979 0.9836833351468482 0.0
outer loop
vertex 2.312 30.947 0.0
vertex 2.312 30.947 16.0
vertex 13.056 32.912 16.0
endloop
endfacet
facet normal -0.07873925770685947 -0.9968952448957576 0.0
outer loop
vertex 7.373 38.193 0.0
vertex 7.373 38.193 16.0
vertex 4.537 38.417 16.0
endloop
endfacet
facet normal 0.07882223545907195 0.9968886874657745 -0.0
outer loop
vertex 4.904 44.407 0.0
vertex 4.904 44.407 16.0
vertex 7.952 44.166 16.0
endloop
endfacet
facet normal -0.1141049200686787 -0.9934687046989051 0.0
outer loop
vertex 10.133 37.876 0.0
vertex 10.133 37.876 16.0
vertex 7.373 38.193 16.0
endloop
endfacet
facet normal 0.11387622725875246 0.9934949445595147 -0.0
outer loop
vertex 7.952 44.166 0.0
vertex 7.952 44.166 16.0
vertex 10.927 43.825 16.0
endloop
endfacet
facet normal 0.008541288845499416 0.999963522526556 -1.0675943810387136e-06
outer loop
vertex -1.371 44.57 0.0
vertex 1.441 44.546 17.778
vertex 1.792 44.543 16.0
endloop
endfacet
facet normal -0.1872877420440052 -0.9823050960267172 0.0
outer loop
vertex 15.374 36.98 0.0
vertex 15.374 36.98 16.0
vertex 12.804 37.47 16.0
endloop
endfacet
facet normal -0.15027684234889352 -0.9886439554529456 0.0
outer loop
vertex 12.804 37.47 0.0
vertex 12.804 37.47 16.0
vertex 10.133 37.876 16.0
endloop
endfacet
facet normal 0.15046379414031494 0.9886155201355584 -0.0
outer loop
vertex 10.927 43.825 0.0
vertex 10.927 43.825 16.0
vertex 13.818 43.385 16.0
endloop
endfacet
facet normal 0.18753166601016702 0.9822585577349027 -0.0
outer loop
vertex 13.818 43.385 0.0
vertex 13.818 43.385 16.0
vertex 16.615 42.851 16.0
endloop
endfacet
facet normal -0.015013889729685374 0.9998872852052799 0.0
outer loop
vertex 13.056 32.912 0.0
vertex 13.056 32.912 16.0
vertex 23.645 33.071 16.0
endloop
endfacet
facet normal -0.22610992464650412 -0.9741017924099885 0.0
outer loop
vertex 17.877 36.399 0.0
vertex 17.877 36.399 16.0
vertex 15.374 36.98 16.0
endloop
endfacet
facet normal 0.2261143820211151 0.9741007577469639 -0.0
outer loop
vertex 16.615 42.851 0.0
vertex 16.615 42.851 16.0
vertex 18.769 42.351 16.0
endloop
endfacet
facet normal 0.22631376703729394 0.9740544533285136 -2.8289220879646065e-05
outer loop
vertex 16.615 42.851 0.0
vertex 18.769 42.351 16.0
vertex 19.307 42.226 16.0
endloop
endfacet
facet normal -0.13145118937723324 -0.9913226441534112 0.0
outer loop
vertex 34.399 26.645 0.0
vertex 34.399 26.645 16.0
vertex 23.645 28.071 16.0
endloop
endfacet
facet normal -0.2606960956645697 -0.9654209163392151 0.0
outer loop
vertex 45.705 23.592 0.0
vertex 45.705 23.592 16.0
vertex 34.399 26.645 16.0
endloop
endfacet
facet normal -0.2505888820094098 -0.9680935968248493 0.0
outer loop
vertex 26.608 34.139 0.0
vertex 26.608 34.139 16.0
vertex 17.877 36.399 16.0
endloop
endfacet
facet normal 0.2505812535265854 0.9680955714086523 -0.0
outer loop
vertex 19.307 42.226 0.0
vertex 19.307 42.226 16.0
vertex 28.216 39.92 16.0
endloop
endfacet
facet normal 0.1313983630796483 0.9913296475844899 -0.0
outer loop
vertex 23.645 33.071 0.0
vertex 23.645 33.071 16.0
vertex 34.675 31.609 16.0
endloop
endfacet
facet normal -0.28559856286449076 -0.9583493417797799 0.0
outer loop
vertex 32.289 32.446 0.0
vertex 32.289 32.446 16.0
vertex 26.608 34.139 16.0
endloop
endfacet
facet normal 0.2855366554729843 0.9583677886809961 -0.0
outer loop
vertex 28.216 39.92 0.0
vertex 28.216 39.92 16.0
vertex 34.14 38.155 16.0
endloop
endfacet
facet normal -0.3310197570581096 -0.943623823585008 0.0
outer loop
vertex 34.675 31.609 0.0
vertex 34.675 31.609 16.0
vertex 32.289 32.446 16.0
endloop
endfacet
facet normal 0.33104436970127005 0.9436151892000727 -0.0
outer loop
vertex 34.14 38.155 0.0
vertex 34.14 38.155 16.0
vertex 38.561 36.604 16.0
endloop
endfacet
facet normal 0.38117519558625923 0.9245028232892408 -0.0
outer loop
vertex 39.666 36.216 0.0
vertex 39.666 36.216 16.0
vertex 44.803 34.098 16.0
endloop
endfacet
facet normal 0.33155789521277224 0.943434860879104 -0.0001593740945108658
outer loop
vertex 34.14 38.155 0.0
vertex 38.561 36.604 16.0
vertex 39.666 36.216 18.0
endloop
endfacet
facet normal 0.3310957150070628 0.9435971743832016 0.0
outer loop
vertex 34.14 38.155 0.0
vertex 39.666 36.216 18.0
vertex 39.666 36.216 16.0
endloop
endfacet
facet normal 0.17844840405348597 -0.9839492705880541 0.0
outer loop
vertex 4.14 26.295 20.0
vertex 4.14 26.295 18.0
vertex 13.056 27.912 18.0
endloop
endfacet
facet normal 0.35461883594316834 -0.9350109524461797 0.0
outer loop
vertex -4.619 22.973 20.0
vertex 4.14 26.295 18.0
vertex 4.14 26.295 20.0
endloop
endfacet
facet normal 0.0 -0.0 0.9999999999999999
outer loop
vertex -4.619 22.973 20.0
vertex 4.14 26.295 20.0
vertex 2.312 30.947 20.0
endloop
endfacet
facet normal 0.17844840405348597 -0.9839492705880541 0.0
outer loop
vertex 4.14 26.295 20.0
vertex 13.056 27.912 18.0
vertex 13.056 27.912 20.0
endloop
endfacet
facet normal 0.0 0.0 1.0
outer loop
vertex 4.14 26.295 20.0
vertex 13.056 27.912 20.0
vertex 13.056 32.912 20.0
endloop
endfacet
facet normal 0.015013889729685708 -0.9998872852052799 0.0
outer loop
vertex 13.056 27.912 20.0
vertex 13.056 27.912 18.0
vertex 23.645 28.071 18.0
endloop
endfacet
facet normal 0.015013889729685708 -0.9998872852052799 0.0
outer loop
vertex 13.056 27.912 20.0
vertex 23.645 28.071 18.0
vertex 23.645 28.071 20.0
endloop
endfacet
facet normal 0.0 -0.0 0.9999999999999999
outer loop
vertex 13.056 27.912 20.0
vertex 23.645 28.071 20.0
vertex 13.056 32.912 20.0
endloop
endfacet
facet normal 0.008546696378833783 0.9999634763235146 0.0
outer loop
vertex 1.441 44.546 17.778
vertex 1.792 44.543 18.0
vertex 1.792 44.543 16.0
endloop
endfacet
facet normal 0.2263137575974961 0.9740544126996237 -0.0002902111177293136
outer loop
vertex 18.769 42.351 16.0
vertex 19.008 42.296 17.778
vertex 19.307 42.226 16.0
endloop
endfacet
facet normal 0.22795015451879896 0.97367280287315 0.0
outer loop
vertex 19.008 42.296 17.778
vertex 19.307 42.226 18.0
vertex 19.307 42.226 16.0
endloop
endfacet
facet normal 0.008780791893753848 0.999956580860745 0.0031199498404370562
outer loop
vertex -1.371 44.57 18.0
vertex 1.476 44.545 18.0
vertex 1.441 44.546 17.778
endloop
endfacet
facet normal -0.043736117205528766 -0.9990431182145165 -0.0
outer loop
vertex 1.636 38.544 20.0
vertex 1.636 38.544 18.0
vertex 4.537 38.417 18.0
endloop
endfacet
facet normal 0.006328987163046846 0.9999799717601798 0.0
outer loop
vertex 1.792 44.543 20.0
vertex 1.792 44.543 18.0
vertex 1.476 44.545 18.0
endloop
endfacet
facet normal 0.0436601272856223 0.999046442006278 0.0
outer loop
vertex 4.904 44.407 20.0
vertex 4.904 44.407 18.0
vertex 1.792 44.543 18.0
endloop
endfacet
facet normal -0.1799085772117979 0.9836833351468482 0.0
outer loop
vertex 13.056 32.912 20.0
vertex 13.056 32.912 18.0
vertex 2.312 30.947 18.0
endloop
endfacet
facet normal -0.07873925770685947 -0.9968952448957576 -0.0
outer loop
vertex 4.537 38.417 20.0
vertex 4.537 38.417 18.0
vertex 7.373 38.193 18.0
endloop
endfacet
facet normal 0.07882223545907195 0.9968886874657745 0.0
outer loop
vertex 7.952 44.166 20.0
vertex 7.952 44.166 18.0
vertex 4.904 44.407 18.0
endloop
endfacet
facet normal -0.1141049200686787 -0.9934687046989051 -0.0
outer loop
vertex 7.373 38.193 20.0
vertex 7.373 38.193 18.0
vertex 10.133 37.876 18.0
endloop
endfacet
facet normal 0.11387622725875246 0.9934949445595147 0.0
outer loop
vertex 10.927 43.825 20.0
vertex 10.927 43.825 18.0
vertex 7.952 44.166 18.0
endloop
endfacet
facet normal -0.008462797815551894 -0.9999641898853844 0.0
outer loop
vertex -1.318 38.569 20.0
vertex 1.636 38.544 18.0
vertex 1.636 38.544 20.0
endloop
endfacet
facet normal 0.008535888305949195 0.9999635078413437 -0.000348706844497407
outer loop
vertex -1.371 44.57 20.0
vertex 1.792 44.543 20.0
vertex 1.476 44.545 18.0
endloop
endfacet
facet normal -0.043736117205528766 -0.9990431182145165 0.0
outer loop
vertex 1.636 38.544 20.0
vertex 4.537 38.417 18.0
vertex 4.537 38.417 20.0
endloop
endfacet
facet normal 0.0436601272856223 0.999046442006278 0.0
outer loop
vertex 1.792 44.543 20.0
vertex 4.904 44.407 20.0
vertex 1.792 44.543 18.0
endloop
endfacet
facet normal -0.0 0.0 1.0
outer loop
vertex -1.318 38.569 20.0
vertex 1.636 38.544 20.0
vertex 1.792 44.543 20.0
endloop
endfacet
facet normal -0.0 0.0 1.0
outer loop
vertex 1.636 38.544 20.0
vertex 4.537 38.417 20.0
vertex 4.904 44.407 20.0
endloop
endfacet
facet normal 0.0 -0.0 1.0
outer loop
vertex 1.636 38.544 20.0
vertex 4.904 44.407 20.0
vertex 1.792 44.543 20.0
endloop
endfacet
facet normal -0.1799085772117979 0.9836833351468482 0.0
outer loop
vertex 2.312 30.947 20.0
vertex 13.056 32.912 20.0
vertex 2.312 30.947 18.0
endloop
endfacet
facet normal 0.0 -0.0 1.0
outer loop
vertex 4.14 26.295 20.0
vertex 13.056 32.912 20.0
vertex 2.312 30.947 20.0
endloop
endfacet
facet normal -0.07873925770685947 -0.9968952448957576 0.0
outer loop
vertex 4.537 38.417 20.0
vertex 7.373 38.193 18.0
vertex 7.373 38.193 20.0
endloop
endfacet
facet normal 0.07882223545907195 0.9968886874657745 0.0
outer loop
vertex 4.904 44.407 20.0
vertex 7.952 44.166 20.0
vertex 4.904 44.407 18.0
endloop
endfacet
facet normal -0.1141049200686787 -0.9934687046989051 0.0
outer loop
vertex 7.373 38.193 20.0
vertex 10.133 37.876 18.0
vertex 10.133 37.876 20.0
endloop
endfacet
facet normal 0.11387622725875246 0.9934949445595147 0.0
outer loop
vertex 7.952 44.166 20.0
vertex 10.927 43.825 20.0
vertex 7.952 44.166 18.0
endloop
endfacet
facet normal -0.0 0.0 1.0
outer loop
vertex 4.537 38.417 20.0
vertex 7.373 38.193 20.0
vertex 7.952 44.166 20.0
endloop
endfacet
facet normal 0.0 -0.0 1.0
outer loop
vertex 4.537 38.417 20.0
vertex 7.952 44.166 20.0
vertex 4.904 44.407 20.0
endloop
endfacet
facet normal -0.0 0.0 1.0
outer loop
vertex 7.373 38.193 20.0
vertex 10.133 37.876 20.0
vertex 10.927 43.825 20.0
endloop
endfacet
facet normal 0.0 -0.0 1.0
outer loop
vertex 7.373 38.193 20.0
vertex 10.927 43.825 20.0
vertex 7.952 44.166 20.0
endloop
endfacet
facet normal -0.1872877420440052 -0.9823050960267172 -0.0
outer loop
vertex 12.804 37.47 20.0
vertex 12.804 37.47 18.0
vertex 15.374 36.98 18.0
endloop
endfacet
facet normal -0.15027684234889352 -0.9886439554529456 -0.0
outer loop
vertex 10.133 37.876 20.0
vertex 10.133 37.876 18.0
vertex 12.804 37.47 18.0
endloop
endfacet
facet normal 0.15046379414031494 0.9886155201355584 0.0
outer loop
vertex 13.818 43.385 20.0
vertex 13.818 43.385 18.0
vertex 10.927 43.825 18.0
endloop
endfacet
facet normal 0.18753166601016702 0.9822585577349027 0.0
outer loop
vertex 16.615 42.851 20.0
vertex 16.615 42.851 18.0
vertex 13.818 43.385 18.0
endloop
endfacet
facet normal -0.22610992464650412 -0.9741017924099885 -0.0
outer loop
vertex 15.374 36.98 20.0
vertex 15.374 36.98 18.0
vertex 17.877 36.399 18.0
endloop
endfacet
facet normal -0.015013889729685374 0.9998872852052799 0.0
outer loop
vertex 23.645 33.071 20.0
vertex 23.645 33.071 18.0
vertex 13.056 32.912 18.0
endloop
endfacet
facet normal 0.2261542316894477 0.9740915067327892 0.0
outer loop
vertex 19.307 42.226 20.0
vertex 19.307 42.226 18.0
vertex 16.615 42.851 18.0
endloop
endfacet
facet normal -0.1872877420440052 -0.9823050960267172 0.0
outer loop
vertex 12.804 37.47 20.0
vertex 15.374 36.98 18.0
vertex 15.374 36.98 20.0
endloop
endfacet
facet normal -0.15027684234889352 -0.9886439554529456 0.0
outer loop
vertex 10.133 37.876 20.0
vertex 12.804 37.47 18.0
vertex 12.804 37.47 20.0
endloop
endfacet
facet normal 0.15046379414031494 0.9886155201355584 0.0
outer loop
vertex 10.927 43.825 20.0
vertex 13.818 43.385 20.0
vertex 10.927 43.825 18.0
endloop
endfacet
facet normal 0.18753166601016702 0.9822585577349027 0.0
outer loop
vertex 13.818 43.385 20.0
vertex 16.615 42.851 20.0
vertex 13.818 43.385 18.0
endloop
endfacet
facet normal -0.0 0.0 1.0
outer loop
vertex 10.133 37.876 20.0
vertex 12.804 37.47 20.0
vertex 13.818 43.385 20.0
endloop
endfacet
facet normal 0.0 -0.0 1.0
outer loop
vertex 10.133 37.876 20.0
vertex 13.818 43.385 20.0
vertex 10.927 43.825 20.0
endloop
endfacet
facet normal 0.0 -0.0 1.0
outer loop
vertex 12.804 37.47 20.0
vertex 16.615 42.851 20.0
vertex 13.818 43.385 20.0
endloop
endfacet
facet normal -0.0 0.0 1.0
outer loop
vertex 12.804 37.47 20.0
vertex 15.374 36.98 20.0
vertex 16.615 42.851 20.0
endloop
endfacet
facet normal -0.015013889729685374 0.9998872852052799 0.0
outer loop
vertex 13.056 32.912 20.0
vertex 23.645 33.071 20.0
vertex 13.056 32.912 18.0
endloop
endfacet
facet normal -0.22610992464650412 -0.9741017924099885 0.0
outer loop
vertex 15.374 36.98 20.0
vertex 17.877 36.399 18.0
vertex 17.877 36.399 20.0
endloop
endfacet
facet normal -0.2505888820094098 -0.9680935968248493 -0.0
outer loop
vertex 17.877 36.399 20.0
vertex 17.877 36.399 18.0
vertex 26.608 34.139 20.0
endloop
endfacet
facet normal -0.0 0.0 1.0
outer loop
vertex 13.056 32.912 20.0
vertex 23.645 28.071 20.0
vertex 23.645 33.071 20.0
endloop
endfacet
facet normal 0.2261542316894477 0.9740915067327892 0.0
outer loop
vertex 16.615 42.851 20.0
vertex 19.307 42.226 20.0
vertex 16.615 42.851 18.0
endloop
endfacet
facet normal 0.0 -0.0 1.0
outer loop
vertex 15.374 36.98 20.0
vertex 19.307 42.226 20.0
vertex 16.615 42.851 20.0
endloop
endfacet
facet normal -0.0 0.0 0.9999999999999999
outer loop
vertex 15.374 36.98 20.0
vertex 17.877 36.399 20.0
vertex 19.307 42.226 20.0
endloop
endfacet
facet normal -0.13145118937723324 -0.9913226441534112 -0.0
outer loop
vertex 23.645 28.071 20.0
vertex 23.645 28.071 18.0
vertex 34.399 26.645 18.0
endloop
endfacet
facet normal -0.13145118937723324 -0.9913226441534112 0.0
outer loop
vertex 23.645 28.071 20.0
vertex 34.399 26.645 18.0
vertex 34.399 26.645 20.0
endloop
endfacet
facet normal -0.0 0.0 1.0
outer loop
vertex 23.645 28.071 20.0
vertex 34.399 26.645 20.0
vertex 34.675 31.609 20.0
endloop
endfacet
facet normal -0.2606960956645697 -0.9654209163392151 -0.0
outer loop
vertex 34.399 26.645 20.0
vertex 34.399 26.645 18.0
vertex 45.705 23.592 18.0
endloop
endfacet
facet normal -0.2606960956645697 -0.9654209163392151 0.0
outer loop
vertex 34.399 26.645 20.0
vertex 45.705 23.592 18.0
vertex 45.705 23.592 20.0
endloop
endfacet
facet normal -0.0 -0.0 1.0
outer loop
vertex 34.399 26.645 20.0
vertex 45.705 23.592 20.0
vertex 34.675 31.609 20.0
endloop
endfacet
facet normal 0.3302840424542563 0.9438813765889366 0.0006310536022767208
outer loop
vertex 39.666 36.216 18.0
vertex 38.561 36.604 16.0
vertex 39.052 36.431 17.778
endloop
endfacet
facet normal -0.2505888820094098 -0.9680935968248493 0.0
outer loop
vertex 26.608 34.139 20.0
vertex 17.877 36.399 18.0
vertex 26.608 34.139 18.0
endloop
endfacet
facet normal 0.2505812535265854 0.9680955714086523 0.0
outer loop
vertex 28.216 39.92 20.0
vertex 28.216 39.92 18.0
vertex 19.307 42.226 18.0
endloop
endfacet
facet normal -0.28559856286449076 -0.9583493417797799 -0.0
outer loop
vertex 26.608 34.139 20.0
vertex 26.608 34.139 18.0
vertex 32.289 32.446 18.0
endloop
endfacet
facet normal 0.1313983630796483 0.9913296475844899 0.0
outer loop
vertex 34.675 31.609 20.0
vertex 34.675 31.609 18.0
vertex 23.645 33.071 18.0
endloop
endfacet
facet normal 0.2855366554729843 0.9583677886809961 0.0
outer loop
vertex 34.14 38.155 20.0
vertex 34.14 38.155 18.0
vertex 28.216 39.92 18.0
endloop
endfacet
facet normal -0.0 0.0 0.9999999999999999
outer loop
vertex 17.877 36.399 20.0
vertex 26.608 34.139 20.0
vertex 28.216 39.92 20.0
endloop
endfacet
facet normal 0.2505812535265854 0.9680955714086523 0.0
outer loop
vertex 19.307 42.226 20.0
vertex 28.216 39.92 20.0
vertex 19.307 42.226 18.0
endloop
endfacet
facet normal 0.0 -0.0 1.0
outer loop
vertex 17.877 36.399 20.0
vertex 28.216 39.92 20.0
vertex 19.307 42.226 20.0
endloop
endfacet
facet normal 0.1313983630796483 0.9913296475844899 0.0
outer loop
vertex 23.645 33.071 20.0
vertex 34.675 31.609 20.0
vertex 23.645 33.071 18.0
endloop
endfacet
facet normal -0.28559856286449076 -0.9583493417797799 0.0
outer loop
vertex 26.608 34.139 20.0
vertex 32.289 32.446 18.0
vertex 32.289 32.446 20.0
endloop
endfacet
facet normal 0.0 -0.0 1.0
outer loop
vertex 23.645 28.071 20.0
vertex 34.675 31.609 20.0
vertex 23.645 33.071 20.0
endloop
endfacet
facet normal 0.0 -0.0 1.0
outer loop
vertex 26.608 34.139 20.0
vertex 34.14 38.155 20.0
vertex 28.216 39.92 20.0
endloop
endfacet
facet normal -0.0 0.0 1.0
outer loop
vertex 26.608 34.139 20.0
vertex 32.289 32.446 20.0
vertex 34.14 38.155 20.0
endloop
endfacet
facet normal 0.2855366554729843 0.9583677886809961 0.0
outer loop
vertex 28.216 39.92 20.0
vertex 34.14 38.155 20.0
vertex 28.216 39.92 18.0
endloop
endfacet
facet normal -0.3310197570581096 -0.943623823585008 -0.0
outer loop
vertex 32.289 32.446 20.0
vertex 32.289 32.446 18.0
vertex 34.675 31.609 18.0
endloop
endfacet
facet normal 0.33117173023509705 0.9435704982104368 0.0
outer loop
vertex 34.14 38.155 18.0
vertex 39.052 36.431 17.778
vertex 34.14 38.155 17.778
endloop
endfacet
facet normal 0.3311717302350971 0.9435704982104369 0.0
outer loop
vertex 34.14 38.155 20.0
vertex 39.052 36.431 17.778
vertex 34.14 38.155 18.0
endloop
endfacet
facet normal 0.33048736116364064 0.9438104174626879 0.0
outer loop
vertex 39.052 36.431 17.778
vertex 39.666 36.216 20.0
vertex 39.666 36.216 18.0
endloop
endfacet
facet normal -0.3310197570581096 -0.943623823585008 0.0
outer loop
vertex 32.289 32.446 20.0
vertex 34.675 31.609 18.0
vertex 34.675 31.609 20.0
endloop
endfacet
facet normal 0.3310957091098924 0.943597157576722 -0.0001887383053470916
outer loop
vertex 34.14 38.155 20.0
vertex 39.666 36.216 20.0
vertex 39.052 36.431 17.778
endloop
endfacet
facet normal -0.0 -0.0 1.0
outer loop
vertex 32.289 32.446 20.0
vertex 34.675 31.609 20.0
vertex 34.14 38.155 20.0
endloop
endfacet
facet normal 0.0 -0.0 1.0
outer loop
vertex 34.675 31.609 20.0
vertex 39.666 36.216 20.0
vertex 34.14 38.155 20.0
endloop
endfacet
facet normal 0.38117519558625923 0.9245028232892408 0.0
outer loop
vertex 39.666 36.216 20.0
vertex 44.803 34.098 20.0
vertex 39.666 36.216 18.0
endloop
endfacet
facet normal 0.0 -0.0 1.0
outer loop
vertex 34.675 31.609 20.0
vertex 44.803 34.098 20.0
vertex 39.666 36.216 20.0
endloop
endfacet
facet normal 0.0 -0.0 1.0
outer loop
vertex 34.675 31.609 20.0
vertex 49.564 31.798 20.0
vertex 44.803 34.098 20.0
endloop
endfacet
facet normal -0.0024897261728676024 0.999996900626989 0.0
outer loop
vertex -7.732 77.877 0.0
vertex -7.732 77.877 16.0
vertex 23.195 77.954 16.0
endloop
endfacet
facet normal 0.0024866708197531784 -0.9999969082293375 0.0
outer loop
vertex 23.248 71.954 0.0
vertex 23.248 71.954 16.0
vertex -7.717 71.877 16.0
endloop
endfacet
facet normal 0.009028725722689037 0.9999592402252325 -0.0
outer loop
vertex -11.285 119.925 0.0
vertex -11.285 119.925 16.0
vertex 24.599 119.601 16.0
endloop
endfacet
facet normal -0.00907150390077147 -0.9999588530619541 0.0
outer loop
vertex 24.508 113.601 0.0
vertex 24.508 113.601 16.0
vertex -11.317 113.926 16.0
endloop
endfacet
facet normal 0.015129445683945598 -0.9998855433864899 0.0
outer loop
vertex 31.443 72.078 0.0
vertex 31.443 72.078 16.0
vertex 23.248 71.954 16.0
endloop
endfacet
facet normal -0.015179687506102584 0.9998847819060039 0.0
outer loop
vertex 23.195 77.954 0.0
vertex 23.195 77.954 16.0
vertex 31.297 78.077 16.0
endloop
endfacet
facet normal 0.03338867135353108 -0.9994424428776504 0.0
outer loop
vertex 39.555 72.349 0.0
vertex 39.555 72.349 16.0
vertex 31.443 72.078 16.0
endloop
endfacet
facet normal 0.059426139517880255 -0.9982327053057325 0.0
outer loop
vertex 39.555 72.349 0.0
vertex 41.134 72.443 16.0
vertex 39.555 72.349 16.0
endloop
endfacet
facet normal -0.033319000911658396 0.9994447679478086 0.0
outer loop
vertex 31.297 78.077 0.0
vertex 31.297 78.077 16.0
vertex 39.276 78.343 16.0
endloop
endfacet
facet normal -0.05942785536308372 0.998232603157673 0.0
outer loop
vertex 39.276 78.343 0.0
vertex 39.276 78.343 16.0
vertex 46.986 78.802 16.0
endloop
endfacet
facet normal 0.021318126152227456 0.9997727429257899 -0.0
outer loop
vertex 24.599 119.601 0.0
vertex 24.599 119.601 16.0
vertex 45.703 119.151 16.0
endloop
endfacet
facet normal -0.021302118410079417 -0.9997730841302155 0.0
outer loop
vertex 45.534 113.153 0.0
vertex 45.534 113.153 16.0
vertex 24.508 113.601 16.0
endloop
endfacet
facet normal 0.0024866708197531784 -0.9999969082293375 0.0
outer loop
vertex -7.717 71.877 20.0
vertex -7.717 71.877 18.0
vertex 23.248 71.954 18.0
endloop
endfacet
facet normal -0.0024897261728676024 0.999996900626989 0.0
outer loop
vertex -7.732 77.877 20.0
vertex 23.195 77.954 20.0
vertex -7.732 77.877 18.0
endloop
endfacet
facet normal 0.0 -0.0 0.9999999999999999
outer loop
vertex -7.717 71.877 20.0
vertex 23.195 77.954 20.0
vertex -7.732 77.877 20.0
endloop
endfacet
facet normal 0.0024866708197531784 -0.9999969082293375 0.0
outer loop
vertex -7.717 71.877 20.0
vertex 23.248 71.954 18.0
vertex 23.248 71.954 20.0
endloop
endfacet
facet normal 0.0 -0.0 1.0
outer loop
vertex -7.717 71.877 20.0
vertex 23.248 71.954 20.0
vertex 23.195 77.954 20.0
endloop
endfacet
facet normal -0.0024897261728676024 0.999996900626989 0.0
outer loop
vertex 23.195 77.954 20.0
vertex 23.195 77.954 18.0
vertex -7.732 77.877 18.0
endloop
endfacet
facet normal -0.00907150390077147 -0.9999588530619541 -0.0
outer loop
vertex -11.317 113.926 20.0
vertex -11.317 113.926 18.0
vertex 24.508 113.601 18.0
endloop
endfacet
facet normal 0.009028725722689037 0.9999592402252325 0.0
outer loop
vertex -11.285 119.925 20.0
vertex 24.599 119.601 20.0
vertex -11.285 119.925 18.0
endloop
endfacet
facet normal -0.0 -0.0 1.0
outer loop
vertex -11.317 113.926 20.0
vertex 24.508 113.601 20.0
vertex -11.285 119.925 20.0
endloop
endfacet
facet normal 0.009028725722689037 0.9999592402252325 0.0
outer loop
vertex 24.599 119.601 20.0
vertex 24.599 119.601 18.0
vertex -11.285 119.925 18.0
endloop
endfacet
facet normal -0.00907150390077147 -0.9999588530619541 0.0
outer loop
vertex -11.317 113.926 20.0
vertex 24.508 113.601 18.0
vertex 24.508 113.601 20.0
endloop
endfacet
facet normal -0.0 0.0 1.0
outer loop
vertex -11.285 119.925 20.0
vertex 24.508 113.601 20.0
vertex 24.599 119.601 20.0
endloop
endfacet
facet normal 0.059435516209210844 -0.9982321405881956 -0.0001136206557029766
outer loop
vertex 41.134 72.443 16.0
vertex 47.449 72.819 16.0
vertex 40.432 72.401 17.778
endloop
endfacet
facet normal 0.015129445683945598 -0.9998855433864899 0.0
outer loop
vertex 23.248 71.954 20.0
vertex 23.248 71.954 18.0
vertex 31.443 72.078 18.0
endloop
endfacet
facet normal 0.0 -0.0 1.0
outer loop
vertex 23.248 71.954 20.0
vertex 31.443 72.078 20.0
vertex 23.195 77.954 20.0
endloop
endfacet
facet normal 0.015129445683945598 -0.9998855433864899 0.0
outer loop
vertex 23.248 71.954 20.0
vertex 31.443 72.078 18.0
vertex 31.443 72.078 20.0
endloop
endfacet
facet normal -0.015179687506102584 0.9998847819060039 0.0
outer loop
vertex 31.297 78.077 20.0
vertex 31.297 78.077 18.0
vertex 23.195 77.954 18.0
endloop
endfacet
facet normal -0.015179687506102584 0.9998847819060039 0.0
outer loop
vertex 23.195 77.954 20.0
vertex 31.297 78.077 20.0
vertex 23.195 77.954 18.0
endloop
endfacet
facet normal 0.0 0.0 1.0
outer loop
vertex 31.443 72.078 20.0
vertex 31.297 78.077 20.0
vertex 23.195 77.954 20.0
endloop
endfacet
facet normal 0.03338867135353108 -0.9994424428776504 0.0
outer loop
vertex 31.443 72.078 20.0
vertex 31.443 72.078 18.0
vertex 39.555 72.349 18.0
endloop
endfacet
facet normal 0.05943364094154551 -0.9982322587075773 0.0
outer loop
vertex 39.555 72.349 20.0
vertex 39.555 72.349 18.0
vertex 47.449 72.819 18.0
endloop
endfacet
facet normal 0.03338867135353108 -0.9994424428776504 0.0
outer loop
vertex 31.443 72.078 20.0
vertex 39.555 72.349 18.0
vertex 39.555 72.349 20.0
endloop
endfacet
facet normal 0.0 -0.0 1.0
outer loop
vertex 31.443 72.078 20.0
vertex 39.555 72.349 20.0
vertex 31.297 78.077 20.0
endloop
endfacet
facet normal 0.0 -0.0 1.0
outer loop
vertex 39.555 72.349 20.0
vertex 47.449 72.819 20.0
vertex 39.276 78.343 20.0
endloop
endfacet
facet normal -0.033319000911658396 0.9994447679478086 0.0
outer loop
vertex 39.276 78.343 20.0
vertex 39.276 78.343 18.0
vertex 31.297 78.077 18.0
endloop
endfacet
facet normal -0.033319000911658396 0.9994447679478086 0.0
outer loop
vertex 31.297 78.077 20.0
vertex 39.276 78.343 20.0
vertex 31.297 78.077 18.0
endloop
endfacet
facet normal -0.0 -0.0 1.0
outer loop
vertex 31.297 78.077 20.0
vertex 39.555 72.349 20.0
vertex 39.276 78.343 20.0
endloop
endfacet
facet normal -0.05942785536308372 0.998232603157673 0.0
outer loop
vertex 39.276 78.343 20.0
vertex 46.986 78.802 20.0
vertex 39.276 78.343 18.0
endloop
endfacet
facet normal -0.021302118410079417 -0.9997730841302155 -0.0
outer loop
vertex 24.508 113.601 20.0
vertex 24.508 113.601 18.0
vertex 45.534 113.153 18.0
endloop
endfacet
facet normal 0.021318126152227456 0.9997727429257899 0.0
outer loop
vertex 24.599 119.601 20.0
vertex 45.703 119.151 20.0
vertex 24.599 119.601 18.0
endloop
endfacet
facet normal -0.0 -0.0 1.0
outer loop
vertex 24.508 113.601 20.0
vertex 45.534 113.153 20.0
vertex 24.599 119.601 20.0
endloop
endfacet
facet normal 0.021318126152227456 0.9997727429257899 0.0
outer loop
vertex 45.703 119.151 20.0
vertex 45.703 119.151 18.0
vertex 24.599 119.601 18.0
endloop
endfacet
facet normal -0.021302118410079417 -0.9997730841302155 0.0
outer loop
vertex 24.508 113.601 20.0
vertex 45.534 113.153 18.0
vertex 45.534 113.153 20.0
endloop
endfacet
facet normal -0.0 0.0 1.0
outer loop
vertex 24.599 119.601 20.0
vertex 45.534 113.153 20.0
vertex 45.703 119.151 20.0
endloop
endfacet
facet normal -0.37406155157738025 -0.9274038794568 0.0
outer loop
vertex 57.851 18.693 0.0
vertex 57.851 18.693 16.0
vertex 45.705 23.592 16.0
endloop
endfacet
facet normal 0.49261238320126566 0.8702488379289968 0.0
outer loop
vertex 53.957 29.313 0.0
vertex 53.079 29.81 16.0
vertex 53.957 29.313 16.0
endloop
endfacet
facet normal -0.7323158080922979 -0.6809651659359124 0.0
outer loop
vertex 63.507 13.552 0.0
vertex 63.507 13.552 16.0
vertex 60.815 16.447 16.0
endloop
endfacet
facet normal -0.4737568243518988 -0.8806557053582315 0.0
outer loop
vertex 59.076 18.034 0.0
vertex 59.076 18.034 16.0
vertex 57.851 18.693 16.0
endloop
endfacet
facet normal 0.5519809394308484 0.833856727804626 -0.0
outer loop
vertex 53.957 29.313 0.0
vertex 53.957 29.313 16.0
vertex 57.995 26.64 16.0
endloop
endfacet
facet normal -0.674088056015741 -0.7386509952182557 0.0
outer loop
vertex 60.815 16.447 0.0
vertex 60.815 16.447 16.0
vertex 59.076 18.034 16.0
endloop
endfacet
facet normal 0.6131698458521346 0.7899510998395214 -0.0
outer loop
vertex 57.995 26.64 0.0
vertex 57.995 26.64 16.0
vertex 61.686 23.775 16.0
endloop
endfacet
facet normal 0.6740083545559672 0.7387237223676776 0.0
outer loop
vertex 61.686 23.775 0.0
vertex 65.042 20.713 18.0
vertex 65.042 20.713 16.0
endloop
endfacet
facet normal 0.6740083545559672 0.7387237223676776 -0.0
outer loop
vertex 61.686 23.775 0.0
vertex 61.686 23.775 16.0
vertex 65.042 20.713 20.0
endloop
endfacet
facet normal 0.6740083545559672 0.7387237223676776 0.0
outer loop
vertex 61.686 23.775 0.0
vertex 65.042 20.713 20.0
vertex 65.042 20.713 18.0
endloop
endfacet
facet normal 0.43499234365839107 0.9004341513728698 -0.0
outer loop
vertex 44.803 34.098 0.0
vertex 44.803 34.098 16.0
vertex 49.564 31.798 16.0
endloop
endfacet
facet normal 0.492293873207699 0.8704290565015406 -0.0
outer loop
vertex 49.564 31.798 0.0
vertex 49.564 31.798 16.0
vertex 53.079 29.81 16.0
endloop
endfacet
facet normal -0.8683278671092034 -0.49599064023586326 0.0
outer loop
vertex 69.886 4.028 0.0
vertex 69.886 4.028 16.0
vertex 68.085 7.181 16.0
endloop
endfacet
facet normal -0.786887605644119 -0.6170963426270369 0.0
outer loop
vertex 65.913 10.484 0.0
vertex 65.913 10.484 16.0
vertex 63.507 13.552 16.0
endloop
endfacet
facet normal -0.8355362693470875 -0.5494352942845508 0.0
outer loop
vertex 68.085 7.181 0.0
vertex 68.085 7.181 16.0
vertex 65.913 10.484 16.0
endloop
endfacet
facet normal 0.8355023706423089 0.5494868411992064 -0.0
outer loop
vertex 70.789 13.99 0.0
vertex 70.789 13.99 16.0
vertex 73.202 10.321 16.0
endloop
endfacet
facet normal 0.8683064908025361 0.49602806173661723 0.0
outer loop
vertex 73.202 10.321 0.0
vertex 75.611 6.104 18.0
vertex 75.611 6.104 16.0
endloop
endfacet
facet normal 0.8683064908025361 0.49602806173661723 -0.0
outer loop
vertex 73.202 10.321 0.0
vertex 73.202 10.321 16.0
vertex 75.611 6.104 20.0
endloop
endfacet
facet normal 0.7323612759805364 0.6809162661033737 -0.0
outer loop
vertex 65.042 20.713 0.0
vertex 65.042 20.713 16.0
vertex 68.073 17.453 16.0
endloop
endfacet
facet normal 0.7868620712094055 0.6171289013585771 -0.0
outer loop
vertex 68.073 17.453 0.0
vertex 68.073 17.453 16.0
vertex 70.789 13.99 16.0
endloop
endfacet
facet normal 0.8826144937329855 0.47009749568835785 -0.0
outer loop
vertex 75.611 6.104 0.0
vertex 75.611 6.104 16.0
vertex 77.799 1.996 16.0
endloop
endfacet
facet normal 0.8988135999485773 0.43833105359702595 -0.0
outer loop
vertex 79.758 -2.021 20.0
vertex 77.799 1.996 0.0
vertex 77.799 1.996 16.0
endloop
endfacet
facet normal 0.8683064908025361 0.49602806173661723 0.0
outer loop
vertex 73.202 10.321 0.0
vertex 75.611 6.104 20.0
vertex 75.611 6.104 18.0
endloop
endfacet
facet normal -0.37406155157738025 -0.9274038794568 -0.0
outer loop
vertex 45.705 23.592 20.0
vertex 45.705 23.592 18.0
vertex 57.851 18.693 18.0
endloop
endfacet
facet normal 0.49336248066005767 0.8698238112841901 0.0
outer loop
vertex 53.957 29.313 20.0
vertex 53.957 29.313 18.0
vertex 53.518 29.562 18.0
endloop
endfacet
facet normal -0.0 0.0 1.0
outer loop
vertex 34.675 31.609 20.0
vertex 45.705 23.592 20.0
vertex 49.564 31.798 20.0
endloop
endfacet
facet normal -0.37406155157738025 -0.9274038794568 0.0
outer loop
vertex 45.705 23.592 20.0
vertex 57.851 18.693 18.0
vertex 57.851 18.693 20.0
endloop
endfacet
facet normal 0.0 -0.0 0.9999999999999999
outer loop
vertex 45.705 23.592 20.0
vertex 53.957 29.313 20.0
vertex 49.564 31.798 20.0
endloop
endfacet
facet normal 0.0 -0.0 1.0
outer loop
vertex 45.705 23.592 20.0
vertex 57.995 26.64 20.0
vertex 53.957 29.313 20.0
endloop
endfacet
facet normal -0.786887605644119 -0.6170963426270369 -0.0
outer loop
vertex 63.507 13.552 20.0
vertex 63.507 13.552 18.0
vertex 65.913 10.484 18.0
endloop
endfacet
facet normal -0.7323158080922979 -0.6809651659359124 0.0
outer loop
vertex 63.507 13.552 20.0
vertex 60.815 16.447 20.0
vertex 63.507 13.552 18.0
endloop
endfacet
facet normal -0.4737568243518988 -0.8806557053582315 -0.0
outer loop
vertex 57.851 18.693 20.0
vertex 57.851 18.693 18.0
vertex 59.076 18.034 18.0
endloop
endfacet
facet normal 0.5516959119687052 0.8340453349291146 0.0
outer loop
vertex 57.546 26.937 17.778
vertex 57.995 26.64 18.0
vertex 57.995 26.64 17.778
endloop
endfacet
facet normal 0.5519809394308484 0.833856727804626 0.0
outer loop
vertex 57.995 26.64 20.0
vertex 57.995 26.64 18.0
vertex 53.957 29.313 18.0
endloop
endfacet
facet normal -0.674088056015741 -0.7386509952182557 -0.0
outer loop
vertex 59.076 18.034 20.0
vertex 59.076 18.034 18.0
vertex 60.815 16.447 18.0
endloop
endfacet
facet normal -0.7323158080922979 -0.6809651659359124 -0.0
outer loop
vertex 60.815 16.447 20.0
vertex 60.815 16.447 18.0
vertex 63.507 13.552 18.0
endloop
endfacet
facet normal 0.6740083545559672 0.7387237223676776 -0.0
outer loop
vertex 65.042 20.713 20.0
vertex 61.686 23.775 16.0
vertex 61.686 23.775 18.0
endloop
endfacet
facet normal 0.6131698458521346 0.7899510998395214 0.0
outer loop
vertex 61.686 23.775 20.0
vertex 61.686 23.775 18.0
vertex 57.995 26.64 18.0
endloop
endfacet
facet normal -0.4737568243518988 -0.8806557053582315 0.0
outer loop
vertex 57.851 18.693 20.0
vertex 59.076 18.034 18.0
vertex 59.076 18.034 20.0
endloop
endfacet
facet normal 0.5519809394308484 0.833856727804626 0.0
outer loop
vertex 53.957 29.313 20.0
vertex 57.995 26.64 20.0
vertex 53.957 29.313 18.0
endloop
endfacet
facet normal -0.0 0.0 1.0
outer loop
vertex 45.705 23.592 20.0
vertex 57.851 18.693 20.0
vertex 57.995 26.64 20.0
endloop
endfacet
facet normal 0.0 -0.0 1.0
outer loop
vertex 57.851 18.693 20.0
vertex 61.686 23.775 20.0
vertex 57.995 26.64 20.0
endloop
endfacet
facet normal -0.674088056015741 -0.7386509952182557 0.0
outer loop
vertex 59.076 18.034 20.0
vertex 60.815 16.447 18.0
vertex 60.815 16.447 20.0
endloop
endfacet
facet normal -0.0 0.0 1.0
outer loop
vertex 59.076 18.034 20.0
vertex 60.815 16.447 20.0
vertex 65.042 20.713 20.0
endloop
endfacet
facet normal -0.0 0.0 1.0
outer loop
vertex 57.851 18.693 20.0
vertex 59.076 18.034 20.0
vertex 61.686 23.775 20.0
endloop
endfacet
facet normal 0.0 -0.0 1.0
outer loop
vertex 63.507 13.552 20.0
vertex 68.073 17.453 20.0
vertex 60.815 16.447 20.0
endloop
endfacet
facet normal 0.0 -0.0 1.0
outer loop
vertex 59.076 18.034 20.0
vertex 65.042 20.713 20.0
vertex 61.686 23.775 20.0
endloop
endfacet
facet normal 0.6131698458521346 0.7899510998395214 0.0
outer loop
vertex 57.995 26.64 20.0
vertex 61.686 23.775 20.0
vertex 57.995 26.64 18.0
endloop
endfacet
facet normal 0.6740083545559672 0.7387237223676776 0.0
outer loop
vertex 61.686 23.775 20.0
vertex 65.042 20.713 20.0
vertex 61.686 23.775 18.0
endloop
endfacet
facet normal 0.492293873207699 0.8704290565015406 -0.0
outer loop
vertex 53.079 29.81 16.0
vertex 49.564 31.798 16.0
vertex 49.564 31.798 18.0
endloop
endfacet
facet normal 0.4922458482928941 0.8704562093694571 -0.00011139373847864816
outer loop
vertex 49.564 31.798 18.0
vertex 53.518 29.562 18.0
vertex 53.079 29.81 16.0
endloop
endfacet
facet normal 0.38117519558625923 0.9245028232892408 0.0
outer loop
vertex 44.803 34.098 20.0
vertex 44.803 34.098 18.0
vertex 39.666 36.216 18.0
endloop
endfacet
facet normal 0.43499234365839107 0.9004341513728698 0.0
outer loop
vertex 49.564 31.798 20.0
vertex 49.564 31.798 18.0
vertex 44.803 34.098 18.0
endloop
endfacet
facet normal 0.4922458513469264 0.8704562147700133 0.0
outer loop
vertex 49.564 31.798 20.0
vertex 53.518 29.562 18.0
vertex 49.564 31.798 18.0
endloop
endfacet
facet normal 0.43499234365839107 0.9004341513728698 0.0
outer loop
vertex 44.803 34.098 20.0
vertex 49.564 31.798 20.0
vertex 44.803 34.098 18.0
endloop
endfacet
facet normal 0.49235752661344895 0.8703930037878801 0.0002914518799400322
outer loop
vertex 53.957 29.313 20.0
vertex 53.518 29.562 18.0
vertex 49.564 31.798 20.0
endloop
endfacet
facet normal -0.7646132828802308 0.6444893541736096 0.0
outer loop
vertex 69.886 4.028 20.0
vertex 69.886 4.028 18.0
vertex 63.04 -4.094 18.0
endloop
endfacet
facet normal -0.8683278671092034 -0.49599064023586326 -0.0
outer loop
vertex 68.085 7.181 20.0
vertex 68.085 7.181 18.0
vertex 69.886 4.028 18.0
endloop
endfacet
facet normal -0.8355362693470875 -0.5494352942845508 -0.0
outer loop
vertex 65.913 10.484 20.0
vertex 65.913 10.484 18.0
vertex 68.085 7.181 18.0
endloop
endfacet
facet normal 0.8683064908025361 0.49602806173661723 -0.0
outer loop
vertex 75.611 6.104 20.0
vertex 73.202 10.321 16.0
vertex 73.202 10.321 18.0
endloop
endfacet
facet normal 0.8355023706423089 0.5494868411992064 0.0
outer loop
vertex 73.202 10.321 20.0
vertex 73.202 10.321 18.0
vertex 70.789 13.99 18.0
endloop
endfacet
facet normal -0.8683278671092034 -0.49599064023586326 0.0
outer loop
vertex 68.085 7.181 20.0
vertex 69.886 4.028 18.0
vertex 69.886 4.028 20.0
endloop
endfacet
facet normal -0.786887605644119 -0.6170963426270369 0.0
outer loop
vertex 63.507 13.552 20.0
vertex 65.913 10.484 18.0
vertex 65.913 10.484 20.0
endloop
endfacet
facet normal -0.8355362693470875 -0.5494352942845508 0.0
outer loop
vertex 68.085 7.181 20.0
vertex 65.913 10.484 20.0
vertex 68.085 7.181 18.0
endloop
endfacet
facet normal -0.0 0.0 1.0
outer loop
vertex 63.507 13.552 20.0
vertex 65.913 10.484 20.0
vertex 70.789 13.99 20.0
endloop
endfacet
facet normal 0.0 -0.0 0.9999999999999999
outer loop
vertex 68.085 7.181 20.0
vertex 73.202 10.321 20.0
vertex 65.913 10.484 20.0
endloop
endfacet
facet normal 0.0 -0.0 1.0
outer loop
vertex 63.507 13.552 20.0
vertex 70.789 13.99 20.0
vertex 68.073 17.453 20.0
endloop
endfacet
facet normal -0.0 -0.0 1.0
outer loop
vertex 65.913 10.484 20.0
vertex 73.202 10.321 20.0
vertex 70.789 13.99 20.0
endloop
endfacet
facet normal -0.0 0.0 1.0
outer loop
vertex 68.085 7.181 20.0
vertex 69.886 4.028 20.0
vertex 73.202 10.321 20.0
endloop
endfacet
facet normal 0.0 -0.0 1.0
outer loop
vertex 72.429 -0.685 20.0
vertex 77.799 1.996 20.0
vertex 69.886 4.028 20.0
endloop
endfacet
facet normal 0.0 -0.0 1.0
outer loop
vertex 69.886 4.028 20.0
vertex 75.611 6.104 20.0
vertex 73.202 10.321 20.0
endloop
endfacet
facet normal -0.0 -0.0 1.0
outer loop
vertex 69.886 4.028 20.0
vertex 77.799 1.996 20.0
vertex 75.611 6.104 20.0
endloop
endfacet
facet normal 0.8355023706423089 0.5494868411992064 0.0
outer loop
vertex 70.789 13.99 20.0
vertex 73.202 10.321 20.0
vertex 70.789 13.99 18.0
endloop
endfacet
facet normal 0.8683064908025361 0.49602806173661723 0.0
outer loop
vertex 73.202 10.321 20.0
vertex 75.611 6.104 20.0
vertex 73.202 10.321 18.0
endloop
endfacet
facet normal 0.7323612759805364 0.6809162661033737 0.0
outer loop
vertex 68.073 17.453 20.0
vertex 68.073 17.453 18.0
vertex 65.042 20.713 18.0
endloop
endfacet
facet normal 0.7868620712094055 0.6171289013585771 0.0
outer loop
vertex 70.789 13.99 20.0
vertex 70.789 13.99 18.0
vertex 68.073 17.453 18.0
endloop
endfacet
facet normal 0.7323612759805364 0.6809162661033737 0.0
outer loop
vertex 65.042 20.713 20.0
vertex 68.073 17.453 20.0
vertex 65.042 20.713 18.0
endloop
endfacet
facet normal 0.7868620712094055 0.6171289013585771 -0.0
outer loop
vertex 70.789 13.99 20.0
vertex 68.073 17.453 18.0
vertex 68.073 17.453 20.0
endloop
endfacet
facet normal 0.0 -0.0 1.0
outer loop
vertex 60.815 16.447 20.0
vertex 68.073 17.453 20.0
vertex 65.042 20.713 20.0
endloop
endfacet
facet normal 0.8988135999485773 0.43833105359702595 -0.0
outer loop
vertex 79.758 -2.021 20.0
vertex 77.799 1.996 16.0
vertex 77.799 1.996 18.0
endloop
endfacet
facet normal 0.8826144937329855 0.47009749568835785 0.0
outer loop
vertex 77.799 1.996 20.0
vertex 77.799 1.996 18.0
vertex 75.611 6.104 18.0
endloop
endfacet
facet normal 0.8826144937329855 0.47009749568835785 -0.0
outer loop
vertex 77.799 1.996 20.0
vertex 75.611 6.104 18.0
vertex 75.611 6.104 20.0
endloop
endfacet
facet normal 0.8988135999485773 0.43833105359702595 -0.0
outer loop
vertex 79.758 -2.021 20.0
vertex 77.799 1.996 18.0
vertex 77.799 1.996 20.0
endloop
endfacet
facet normal 0.059435516592856806 -0.9982321470316113 0.0
outer loop
vertex 47.449 72.819 0.0
vertex 47.449 72.819 16.0
vertex 41.134 72.443 16.0
endloop
endfacet
facet normal 0.09511413405239805 -0.9954663738687822 0.0
outer loop
vertex 54.995 73.54 0.0
vertex 54.995 73.54 16.0
vertex 47.449 72.819 16.0
endloop
endfacet
facet normal -0.09515052640105633 0.9954628960064769 0.0
outer loop
vertex 46.986 78.802 0.0
vertex 46.986 78.802 16.0
vertex 54.278 79.499 16.0
endloop
endfacet
facet normal 0.1437552342362311 -0.9896132742792441 0.0
outer loop
vertex 62.058 74.566 0.0
vertex 62.058 74.566 16.0
vertex 54.995 73.54 16.0
endloop
endfacet
facet normal -0.14373007768106968 0.9896169282958904 0.0
outer loop
vertex 54.278 79.499 0.0
vertex 54.278 79.499 16.0
vertex 60.998 80.475 16.0
endloop
endfacet
facet normal -0.20952908873087434 0.9778024140774093 0.0
outer loop
vertex 60.998 80.475 0.0
vertex 60.998 80.475 16.0
vertex 66.976 81.756 16.0
endloop
endfacet
facet normal 0.20953944328552085 -0.9778001951869276 0.0
outer loop
vertex 68.507 75.948 0.0
vertex 62.058 74.566 18.0
vertex 62.058 74.566 16.0
endloop
endfacet
facet normal -0.03514113560024982 -0.9993823595545023 0.0
outer loop
vertex 54.407 112.841 0.0
vertex 54.407 112.841 16.0
vertex 45.534 113.153 16.0
endloop
endfacet
facet normal 0.03523808824433153 0.9993789457142295 -0.0
outer loop
vertex 45.703 119.151 0.0
vertex 45.703 119.151 16.0
vertex 54.665 118.835 18.0
endloop
endfacet
facet normal 0.03523808824433153 0.9993789457142295 0.0
outer loop
vertex 45.703 119.151 0.0
vertex 54.665 118.835 18.0
vertex 54.665 118.835 16.0
endloop
endfacet
facet normal 0.050779622934129354 0.9987098827460694 -0.0
outer loop
vertex 54.665 118.835 0.0
vertex 54.665 118.835 16.0
vertex 62.237 118.45 16.0
endloop
endfacet
facet normal -0.05084081472959543 -0.9987067695563253 0.0
outer loop
vertex 61.852 112.462 0.0
vertex 61.852 112.462 16.0
vertex 54.407 112.841 16.0
endloop
endfacet
facet normal 0.07763452406095102 0.9969818858303444 -0.0
outer loop
vertex 62.237 118.45 0.0
vertex 62.237 118.45 16.0
vertex 68.17 117.988 16.0
endloop
endfacet
facet normal 0.20961969220587856 -0.9777829946565407 0.0
outer loop
vertex 68.507 75.948 0.0
vertex 68.507 75.948 16.0
vertex 63.348 74.842 16.0
endloop
endfacet
facet normal -0.2995608759779814 0.9540771884828316 0.0
outer loop
vertex 66.976 81.756 0.0
vertex 66.976 81.756 16.0
vertex 70.524 82.87 16.0
endloop
endfacet
facet normal 0.2995491765169565 -0.9540808617973705 0.0
outer loop
vertex 74.208 77.738 0.0
vertex 74.208 77.738 16.0
vertex 69.647 76.306 16.0
endloop
endfacet
facet normal 0.8007944848128022 -0.5989392232049915 0.0
outer loop
vertex 75.383 79.309 0.0
vertex 75.383 79.309 16.0
vertex 74.208 77.738 16.0
endloop
endfacet
facet normal -0.8563459552628157 0.5164025609009076 0.0
outer loop
vertex 70.524 82.87 0.0
vertex 70.524 82.87 16.0
vertex 71.121 83.86 16.0
endloop
endfacet
facet normal -0.9001678049020746 0.43554325045600273 0.0
outer loop
vertex 71.121 83.86 0.0
vertex 71.121 83.86 16.0
vertex 71.765 85.191 16.0
endloop
endfacet
facet normal -0.9331657627974225 0.35944632303405855 0.0
outer loop
vertex 71.765 85.191 0.0
vertex 71.765 85.191 16.0
vertex 72.332 86.663 16.0
endloop
endfacet
facet normal -0.9566091750048162 0.2913741345703237 0.0
outer loop
vertex 72.332 86.663 0.0
vertex 72.332 86.663 16.0
vertex 72.823 88.275 16.0
endloop
endfacet
facet normal -0.9732637812844819 0.22969025238314378 0.0
outer loop
vertex 72.823 88.275 0.0
vertex 72.823 88.275 16.0
vertex 73.236 90.025 16.0
endloop
endfacet
facet normal 0.2088172849941224 -0.9779546350768484 -0.00027059081939440137
outer loop
vertex 68.507 75.948 0.0
vertex 63.348 74.842 16.0
vertex 62.058 74.566 18.0
endloop
endfacet
facet normal 0.2995611335905692 -0.9540771075976686 0.0
outer loop
vertex 74.208 77.738 0.0
vertex 68.507 75.948 18.0
vertex 68.507 75.948 16.0
endloop
endfacet
facet normal 0.299668787894663 -0.9540432988908819 3.745859848816479e-05
outer loop
vertex 74.208 77.738 0.0
vertex 69.647 76.306 16.0
vertex 68.507 75.948 18.0
endloop
endfacet
facet normal 0.8563731159697352 -0.5163575178539443 0.0
outer loop
vertex 76.402 80.999 0.0
vertex 76.402 80.999 16.0
vertex 75.383 79.309 16.0
endloop
endfacet
facet normal 0.9001466154610978 -0.43558704144399235 0.0
outer loop
vertex 77.274 82.801 0.0
vertex 77.274 82.801 16.0
vertex 76.402 80.999 16.0
endloop
endfacet
facet normal 0.932966417226191 -0.35996342081956745 0.0
outer loop
vertex 77.274 82.801 0.0
vertex 77.421 83.182 16.0
vertex 77.274 82.801 16.0
endloop
endfacet
facet normal 0.9330456720728743 -0.35975793782219506 0.0
outer loop
vertex 78.009 84.707 0.0
vertex 78.009 84.707 16.0
vertex 77.421 83.182 16.0
endloop
endfacet
facet normal 0.9567027693984093 -0.2910666779715842 0.0
outer loop
vertex 78.619 86.712 0.0
vertex 78.619 86.712 16.0
vertex 78.009 84.707 16.0
endloop
endfacet
facet normal 0.9732035167265205 -0.22994546099267277 0.0
outer loop
vertex 78.619 86.712 0.0
vertex 78.718 87.131 16.0
vertex 78.619 86.712 16.0
endloop
endfacet
facet normal 0.9733333231998932 -0.22939538345104624 0.0
outer loop
vertex 79.113 88.807 0.0
vertex 79.113 88.807 16.0
vertex 78.718 87.131 16.0
endloop
endfacet
facet normal -0.988290972670543 0.15258097305336643 0.0
outer loop
vertex 73.236 90.025 0.0
vertex 73.236 90.025 16.0
vertex 73.827 93.853 16.0
endloop
endfacet
facet normal -0.9972634079957828 0.07393033932450553 0.0
outer loop
vertex 73.827 93.853 0.0
vertex 73.827 93.853 16.0
vertex 74.152 98.237 16.0
endloop
endfacet
facet normal -0.9998034429554425 0.019826130596848828 0.0
outer loop
vertex 74.152 98.237 0.0
vertex 74.152 98.237 16.0
vertex 74.243 102.826 16.0
endloop
endfacet
facet normal -0.9990735661944533 -0.043034978000422254 0.0
outer loop
vertex 74.243 102.826 0.0
vertex 74.243 102.826 16.0
vertex 74.178 104.335 16.0
endloop
endfacet
facet normal -0.9911815478605522 -0.13251090212039135 0.0
outer loop
vertex 74.178 104.335 0.0
vertex 74.178 104.335 16.0
vertex 74.003 105.644 16.0
endloop
endfacet
facet normal -0.07772839110348478 -0.996974572000943 0.0
outer loop
vertex 67.393 112.03 0.0
vertex 67.393 112.03 16.0
vertex 61.852 112.462 16.0
endloop
endfacet
facet normal -0.18060521449111525 -0.9835556702589937 0.0
outer loop
vertex 68.651 111.799 0.0
vertex 68.651 111.799 16.0
vertex 67.393 112.03 16.0
endloop
endfacet
facet normal -0.300379307509235 -0.9538198318447109 0.0
outer loop
vertex 69.683 111.474 0.0
vertex 69.683 111.474 16.0
vertex 68.651 111.799 16.0
endloop
endfacet
facet normal 0.1809937317681777 0.9834842495234121 -0.0
outer loop
vertex 68.17 117.988 0.0
vertex 68.17 117.988 16.0
vertex 70.099 117.633 16.0
endloop
endfacet
facet normal -0.42179108155335077 -0.9066930481271238 0.0
outer loop
vertex 70.545 111.073 0.0
vertex 70.545 111.073 16.0
vertex 69.683 111.474 16.0
endloop
endfacet
facet normal -0.5431552359217432 -0.8396322943353213 0.0
outer loop
vertex 71.27 110.604 0.0
vertex 71.27 110.604 16.0
vertex 70.545 111.073 16.0
endloop
endfacet
facet normal -0.6538715735635053 -0.7566055546224766 0.0
outer loop
vertex 71.896 110.063 0.0
vertex 71.896 110.063 16.0
vertex 71.27 110.604 16.0
endloop
endfacet
facet normal -0.7527247041490552 -0.6583354158510062 0.0
outer loop
vertex 72.447 109.433 0.0
vertex 72.447 109.433 16.0
vertex 71.896 110.063 16.0
endloop
endfacet
facet normal -0.9729765043317985 -0.23090414032293508 0.0
outer loop
vertex 74.003 105.644 0.0
vertex 74.003 105.644 16.0
vertex 73.727 106.807 16.0
endloop
endfacet
facet normal -0.8966805856180273 -0.4426781306725144 0.0
outer loop
vertex 73.367 107.822 0.0
vertex 73.367 107.822 16.0
vertex 72.937 108.693 16.0
endloop
endfacet
facet normal -0.9424749357893878 -0.33427682451643237 0.0
outer loop
vertex 73.727 106.807 0.0
vertex 73.727 106.807 16.0
vertex 73.367 107.822 16.0
endloop
endfacet
facet normal -0.8337796612712404 -0.5520973432741871 0.0
outer loop
vertex 72.937 108.693 0.0
vertex 72.937 108.693 16.0
vertex 72.447 109.433 16.0
endloop
endfacet
facet normal 0.3000942085589712 0.9539095690836552 -0.0
outer loop
vertex 70.099 117.633 0.0
vertex 70.099 117.633 16.0
vertex 71.86 117.079 16.0
endloop
endfacet
facet normal 0.4225738766136939 0.9063284828381343 -0.0
outer loop
vertex 71.86 117.079 0.0
vertex 71.86 117.079 16.0
vertex 73.134 116.485 16.0
endloop
endfacet
facet normal 0.5425427519384445 0.840028191383515 -0.0
outer loop
vertex 73.453 116.337 0.0
vertex 73.453 116.337 16.0
vertex 74.879 115.416 16.0
endloop
endfacet
facet normal 0.65444949827168 0.7561057162936584 -0.0
outer loop
vertex 74.879 115.416 0.0
vertex 74.879 115.416 16.0
vertex 76.136 114.328 16.0
endloop
endfacet
facet normal 0.4208606373033892 0.9071252925661201 0.00016599824123447667
outer loop
vertex 71.86 117.079 0.0
vertex 73.134 116.485 16.0
vertex 73.453 116.337 16.0
endloop
endfacet
facet normal 0.9843576976196683 -0.17618150622839412 0.0
outer loop
vertex 79.503 90.986 0.0
vertex 79.503 90.986 16.0
vertex 79.113 88.807 16.0
endloop
endfacet
facet normal 0.991558695135245 -0.12965860596848358 0.0
outer loop
vertex 79.798 93.242 0.0
vertex 79.798 93.242 16.0
vertex 79.503 90.986 16.0
endloop
endfacet
facet normal 0.9972706398494356 -0.07383272238172611 0.0
outer loop
vertex 80.147 97.956 0.0
vertex 80.147 97.956 16.0
vertex 79.798 93.242 16.0
endloop
endfacet
facet normal 0.9998031244806123 -0.019842184325455436 0.0
outer loop
vertex 80.245 102.894 0.0
vertex 80.245 102.894 16.0
vertex 80.147 97.956 16.0
endloop
endfacet
facet normal 0.9990912491461241 0.04262248091837372 -0.0
outer loop
vertex 80.161 104.863 0.0
vertex 80.161 104.863 16.0
vertex 80.245 102.894 16.0
endloop
endfacet
facet normal 0.991149199827392 0.13275264095874106 -0.0
outer loop
vertex 79.91 106.737 0.0
vertex 79.91 106.737 16.0
vertex 80.161 104.863 16.0
endloop
endfacet
facet normal 0.9729828754005291 0.23087729246792177 -0.0
outer loop
vertex 79.49 108.507 0.0
vertex 79.49 108.507 16.0
vertex 79.91 106.737 16.0
endloop
endfacet
facet normal 0.9425290999236745 0.3341240724597193 -0.0
outer loop
vertex 78.904 110.161 0.0
vertex 78.904 110.161 16.0
vertex 79.373 108.838 16.0
endloop
endfacet
facet normal 0.896759369229614 0.4425185122668938 0.0
outer loop
vertex 78.904 110.161 0.0
vertex 78.753 110.467 16.0
vertex 78.904 110.161 16.0
endloop
endfacet
facet normal 0.8966157589473673 0.4428094181555271 -0.0
outer loop
vertex 78.149 111.69 0.0
vertex 78.149 111.69 16.0
vertex 78.753 110.467 16.0
endloop
endfacet
facet normal 0.7527169840004538 0.6583442427767259 -0.0
outer loop
vertex 76.136 114.328 0.0
vertex 76.136 114.328 16.0
vertex 77.008 113.331 16.0
endloop
endfacet
facet normal 0.752389482784733 0.658718503000274 0.0
outer loop
vertex 77.226 113.082 0.0
vertex 77.008 113.331 16.0
vertex 77.226 113.082 16.0
endloop
endfacet
facet normal 0.8334293931846294 0.552625955394696 -0.0
outer loop
vertex 77.226 113.082 0.0
vertex 77.226 113.082 16.0
vertex 78.149 111.69 16.0
endloop
endfacet
facet normal 0.942589856953076 0.3339526337209809 0.0
outer loop
vertex 78.904 110.161 0.0
vertex 79.49 108.507 18.0
vertex 79.49 108.507 16.0
endloop
endfacet
facet normal 0.943134782777472 0.3324105234392679 -0.00015944316328051817
outer loop
vertex 78.904 110.161 0.0
vertex 79.373 108.838 16.0
vertex 79.49 108.507 18.0
endloop
endfacet
facet normal 0.20921846749691547 -0.9778689241704341 -7.690039212312714e-15
outer loop
vertex 63.348 74.842 16.0
vertex 62.703 74.704 18.0
vertex 62.058 74.566 18.0
endloop
endfacet
facet normal 0.09511413405239805 -0.9954663738687822 0.0
outer loop
vertex 47.449 72.819 20.0
vertex 47.449 72.819 18.0
vertex 54.995 73.54 18.0
endloop
endfacet
facet normal 0.05943364094154551 -0.9982322587075773 0.0
outer loop
vertex 39.555 72.349 20.0
vertex 47.449 72.819 18.0
vertex 47.449 72.819 20.0
endloop
endfacet
facet normal 0.09511413405239805 -0.9954663738687822 0.0
outer loop
vertex 47.449 72.819 20.0
vertex 54.995 73.54 18.0
vertex 54.995 73.54 20.0
endloop
endfacet
facet normal -0.05942785536308372 0.998232603157673 0.0
outer loop
vertex 46.986 78.802 20.0
vertex 46.986 78.802 18.0
vertex 39.276 78.343 18.0
endloop
endfacet
facet normal -0.09515052640105633 0.9954628960064769 0.0
outer loop
vertex 54.278 79.499 20.0
vertex 54.278 79.499 18.0
vertex 46.986 78.802 18.0
endloop
endfacet
facet normal -0.0 -0.0 1.0
outer loop
vertex 39.276 78.343 20.0
vertex 47.449 72.819 20.0
vertex 46.986 78.802 20.0
endloop
endfacet
facet normal -0.09515052640105633 0.9954628960064769 0.0
outer loop
vertex 46.986 78.802 20.0
vertex 54.278 79.499 20.0
vertex 46.986 78.802 18.0
endloop
endfacet
facet normal 0.0 -0.0 1.0
outer loop
vertex 47.449 72.819 20.0
vertex 54.995 73.54 20.0
vertex 46.986 78.802 20.0
endloop
endfacet
facet normal -0.0 -0.0 1.0
outer loop
vertex 46.986 78.802 20.0
vertex 54.995 73.54 20.0
vertex 54.278 79.499 20.0
endloop
endfacet
facet normal 0.1437552342362311 -0.9896132742792441 0.0
outer loop
vertex 54.995 73.54 20.0
vertex 54.995 73.54 18.0
vertex 62.058 74.566 18.0
endloop
endfacet
facet normal 0.20921846749691547 -0.9778689241704341 0.0
outer loop
vertex 62.703 74.704 18.0
vertex 62.058 74.566 20.0
vertex 62.058 74.566 18.0
endloop
endfacet
facet normal 0.1437552342362311 -0.9896132742792441 0.0
outer loop
vertex 54.995 73.54 20.0
vertex 62.058 74.566 18.0
vertex 62.058 74.566 20.0
endloop
endfacet
facet normal -0.14373007768106968 0.9896169282958904 0.0
outer loop
vertex 60.998 80.475 20.0
vertex 60.998 80.475 18.0
vertex 54.278 79.499 18.0
endloop
endfacet
facet normal -0.14373007768106968 0.9896169282958904 0.0
outer loop
vertex 54.278 79.499 20.0
vertex 60.998 80.475 20.0
vertex 54.278 79.499 18.0
endloop
endfacet
facet normal 0.0 -0.0 0.9999999999999999
outer loop
vertex 54.995 73.54 20.0
vertex 62.058 74.566 20.0
vertex 54.278 79.499 20.0
endloop
endfacet
facet normal 0.0 0.0 1.0
outer loop
vertex 62.058 74.566 20.0
vertex 60.998 80.475 20.0
vertex 54.278 79.499 20.0
endloop
endfacet
facet normal 0.20953944205766414 -0.9778001894572258 0.00010825699105282135
outer loop
vertex 62.058 74.566 20.0
vertex 62.703 74.704 18.0
vertex 68.507 75.948 20.0
endloop
endfacet
facet normal -0.20952908873087434 0.9778024140774093 0.0
outer loop
vertex 60.998 80.475 20.0
vertex 66.976 81.756 20.0
vertex 60.998 80.475 18.0
endloop
endfacet
facet normal 0.0 -0.0 1.0
outer loop
vertex 62.058 74.566 20.0
vertex 68.507 75.948 20.0
vertex 60.998 80.475 20.0
endloop
endfacet
facet normal -0.03514113560024982 -0.9993823595545023 -0.0
outer loop
vertex 45.534 113.153 20.0
vertex 45.534 113.153 18.0
vertex 54.407 112.841 18.0
endloop
endfacet
facet normal 0.03523808824433153 0.9993789457142295 0.0
outer loop
vertex 54.665 118.835 20.0
vertex 54.665 118.835 18.0
vertex 45.703 119.151 18.0
endloop
endfacet
facet normal 0.03523808824433153 0.9993789457142295 0.0
outer loop
vertex 45.703 119.151 20.0
vertex 54.665 118.835 20.0
vertex 45.703 119.151 18.0
endloop
endfacet
facet normal -0.03514113560024982 -0.9993823595545023 0.0
outer loop
vertex 45.534 113.153 20.0
vertex 54.407 112.841 18.0
vertex 54.407 112.841 20.0
endloop
endfacet
facet normal 0.0 -0.0 1.0
outer loop
vertex 45.534 113.153 20.0
vertex 54.665 118.835 20.0
vertex 45.703 119.151 20.0
endloop
endfacet
facet normal -0.0 0.0 1.0
outer loop
vertex 45.534 113.153 20.0
vertex 54.407 112.841 20.0
vertex 54.665 118.835 20.0
endloop
endfacet
facet normal -0.05084081472959543 -0.9987067695563253 -0.0
outer loop
vertex 54.407 112.841 20.0
vertex 54.407 112.841 18.0
vertex 61.852 112.462 18.0
endloop
endfacet
facet normal -0.07772839110348478 -0.996974572000943 -0.0
outer loop
vertex 61.852 112.462 20.0
vertex 61.852 112.462 18.0
vertex 67.393 112.03 18.0
endloop
endfacet
facet normal 0.050779622934129354 0.9987098827460694 0.0
outer loop
vertex 62.237 118.45 20.0
vertex 62.237 118.45 18.0
vertex 54.665 118.835 18.0
endloop
endfacet
facet normal 0.050779622934129354 0.9987098827460694 0.0
outer loop
vertex 54.665 118.835 20.0
vertex 62.237 118.45 20.0
vertex 54.665 118.835 18.0
endloop
endfacet
facet normal 0.0 -0.0 1.0
outer loop
vertex 54.407 112.841 20.0
vertex 62.237 118.45 20.0
vertex 54.665 118.835 20.0
endloop
endfacet
facet normal -0.05084081472959543 -0.9987067695563253 0.0
outer loop
vertex 54.407 112.841 20.0
vertex 61.852 112.462 18.0
vertex 61.852 112.462 20.0
endloop
endfacet
facet normal 0.07763452406095102 0.9969818858303444 0.0
outer loop
vertex 62.237 118.45 20.0
vertex 68.17 117.988 20.0
vertex 62.237 118.45 18.0
endloop
endfacet
facet normal -0.0 0.0 1.0
outer loop
vertex 54.407 112.841 20.0
vertex 61.852 112.462 20.0
vertex 62.237 118.45 20.0
endloop
endfacet
facet normal -0.0 -0.0 1.0
outer loop
vertex 61.852 112.462 20.0
vertex 67.393 112.03 20.0
vertex 62.237 118.45 20.0
endloop
endfacet
facet normal 0.299608970961581 -0.9540620863022189 2.1370262270260467e-15
outer loop
vertex 69.647 76.306 16.0
vertex 69.077 76.127 18.0
vertex 68.507 75.948 18.0
endloop
endfacet
facet normal 0.9330455818457414 -0.3597579030329792 0.00043977659687789326
outer loop
vertex 77.421 83.182 16.0
vertex 78.009 84.707 16.0
vertex 77.355 83.013 17.778
endloop
endfacet
facet normal 0.9733333224397175 -0.22939538327188785 -3.9522207254199566e-05
outer loop
vertex 78.718 87.131 16.0
vertex 79.113 88.807 16.0
vertex 78.674 86.944 17.778
endloop
endfacet
facet normal 0.20957510922704703 -0.9777925514097923 0.0
outer loop
vertex 68.507 75.948 20.0
vertex 62.703 74.704 18.0
vertex 68.507 75.948 18.0
endloop
endfacet
facet normal -0.20952908873087434 0.9778024140774093 0.0
outer loop
vertex 66.976 81.756 20.0
vertex 66.976 81.756 18.0
vertex 60.998 80.475 18.0
endloop
endfacet
facet normal 0.299608970961581 -0.9540620863022189 0.0
outer loop
vertex 69.077 76.127 18.0
vertex 68.507 75.948 20.0
vertex 68.507 75.948 18.0
endloop
endfacet
facet normal -0.2995608759779814 0.9540771884828316 0.0
outer loop
vertex 70.524 82.87 20.0
vertex 70.524 82.87 18.0
vertex 66.976 81.756 18.0
endloop
endfacet
facet normal 0.29955581922359137 -0.9540787761863708 0.0
outer loop
vertex 74.208 77.738 20.0
vertex 69.077 76.127 18.0
vertex 74.208 77.738 18.0
endloop
endfacet
facet normal 0.8007944848128022 -0.5989392232049915 0.0
outer loop
vertex 74.208 77.738 20.0
vertex 74.208 77.738 18.0
vertex 75.383 79.309 18.0
endloop
endfacet
facet normal -0.8563459552628157 0.5164025609009076 0.0
outer loop
vertex 71.121 83.86 20.0
vertex 71.121 83.86 18.0
vertex 70.524 82.87 18.0
endloop
endfacet
facet normal -0.9001678049020746 0.43554325045600273 0.0
outer loop
vertex 71.765 85.191 20.0
vertex 71.765 85.191 18.0
vertex 71.121 83.86 18.0
endloop
endfacet
facet normal -0.9331657627974225 0.35944632303405855 0.0
outer loop
vertex 72.332 86.663 20.0
vertex 72.332 86.663 18.0
vertex 71.765 85.191 18.0
endloop
endfacet
facet normal -0.9566091750048162 0.2913741345703237 0.0
outer loop
vertex 72.823 88.275 20.0
vertex 72.823 88.275 18.0
vertex 72.332 86.663 18.0
endloop
endfacet
facet normal -0.9732637812844819 0.22969025238314378 0.0
outer loop
vertex 73.236 90.025 20.0
vertex 73.236 90.025 18.0
vertex 72.823 88.275 18.0
endloop
endfacet
facet normal -0.2995608759779814 0.9540771884828316 0.0
outer loop
vertex 66.976 81.756 20.0
vertex 70.524 82.87 20.0
vertex 66.976 81.756 18.0
endloop
endfacet
facet normal -0.0 -0.0 1.0
outer loop
vertex 60.998 80.475 20.0
vertex 68.507 75.948 20.0
vertex 66.976 81.756 20.0
endloop
endfacet
facet normal -0.0 0.0 1.0
outer loop
vertex 66.976 81.756 20.0
vertex 68.507 75.948 20.0
vertex 70.524 82.87 20.0
endloop
endfacet
facet normal 0.299561133556967 -0.9540771074906486 -1.4978056679449535e-05
outer loop
vertex 68.507 75.948 20.0
vertex 69.077 76.127 18.0
vertex 74.208 77.738 20.0
endloop
endfacet
facet normal 0.8007944848128022 -0.5989392232049915 0.0
outer loop
vertex 74.208 77.738 20.0
vertex 75.383 79.309 18.0
vertex 75.383 79.309 20.0
endloop
endfacet
facet normal 0.0 -0.0 1.0
outer loop
vertex 68.507 75.948 20.0
vertex 74.208 77.738 20.0
vertex 70.524 82.87 20.0
endloop
endfacet
facet normal 0.0 -0.0 1.0
outer loop
vertex 74.208 77.738 20.0
vertex 75.383 79.309 20.0
vertex 70.524 82.87 20.0
endloop
endfacet
facet normal -0.0 0.0 1.0
outer loop
vertex 70.524 82.87 20.0
vertex 75.383 79.309 20.0
vertex 76.402 80.999 20.0
endloop
endfacet
facet normal -0.8563459552628157 0.5164025609009076 0.0
outer loop
vertex 70.524 82.87 20.0
vertex 71.121 83.86 20.0
vertex 70.524 82.87 18.0
endloop
endfacet
facet normal -0.9001678049020746 0.43554325045600273 0.0
outer loop
vertex 71.121 83.86 20.0
vertex 71.765 85.191 20.0
vertex 71.121 83.86 18.0
endloop
endfacet
facet normal -0.9331657627974225 0.35944632303405855 0.0
outer loop
vertex 71.765 85.191 20.0
vertex 72.332 86.663 20.0
vertex 71.765 85.191 18.0
endloop
endfacet
facet normal -0.9566091750048162 0.2913741345703237 0.0
outer loop
vertex 72.332 86.663 20.0
vertex 72.823 88.275 20.0
vertex 72.332 86.663 18.0
endloop
endfacet
facet normal -0.9732637812844819 0.22969025238314378 0.0
outer loop
vertex 72.823 88.275 20.0
vertex 73.236 90.025 20.0
vertex 72.823 88.275 18.0
endloop
endfacet
facet normal -0.0 -0.0 1.0
outer loop
vertex 70.524 82.87 20.0
vertex 76.402 80.999 20.0
vertex 71.121 83.86 20.0
endloop
endfacet
facet normal -0.0 -0.0 1.0
outer loop
vertex 71.121 83.86 20.0
vertex 77.274 82.801 20.0
vertex 71.765 85.191 20.0
endloop
endfacet
facet normal -0.0 0.0 1.0
outer loop
vertex 71.121 83.86 20.0
vertex 76.402 80.999 20.0
vertex 77.274 82.801 20.0
endloop
endfacet
facet normal -0.0 -0.0 1.0
outer loop
vertex 71.765 85.191 20.0
vertex 78.009 84.707 20.0
vertex 72.332 86.663 20.0
endloop
endfacet
facet normal 0.0 -0.0 1.0
outer loop
vertex 72.332 86.663 20.0
vertex 78.619 86.712 20.0
vertex 72.823 88.275 20.0
endloop
endfacet
facet normal 0.0 -0.0 0.9999999999999999
outer loop
vertex 72.823 88.275 20.0
vertex 79.113 88.807 20.0
vertex 73.236 90.025 20.0
endloop
endfacet
facet normal 0.8563731159697352 -0.5163575178539443 0.0
outer loop
vertex 75.383 79.309 20.0
vertex 75.383 79.309 18.0
vertex 76.402 80.999 18.0
endloop
endfacet
facet normal 0.9001466154610978 -0.43558704144399235 0.0
outer loop
vertex 76.402 80.999 20.0
vertex 76.402 80.999 18.0
vertex 77.274 82.801 18.0
endloop
endfacet
facet normal 0.9565179031243011 -0.29167362068361685 0.0
outer loop
vertex 78.077 84.93 17.778
vertex 78.009 84.707 18.0
vertex 78.009 84.707 17.778
endloop
endfacet
facet normal 0.9569032736995027 -0.2904034810729383 0.0013939023977254227
outer loop
vertex 78.009 84.707 18.0
vertex 78.077 84.93 17.778
vertex 78.07 84.908 18.0
endloop
endfacet
facet normal 0.9843576976196681 -0.17618150622839412 0.0
outer loop
vertex 79.503 90.986 17.778
vertex 79.113 88.807 18.0
vertex 79.113 88.807 17.778
endloop
endfacet
facet normal 0.9330298319623683 -0.35979901704739936 0.0
outer loop
vertex 77.274 82.801 20.0
vertex 77.274 82.801 18.0
vertex 78.009 84.707 18.0
endloop
endfacet
facet normal 0.956904203315113 -0.29040376319508865 0.0
outer loop
vertex 78.009 84.707 20.0
vertex 78.009 84.707 18.0
vertex 78.07 84.908 18.0
endloop
endfacet
facet normal 0.9566803026427 -0.29114051338738806 0.0
outer loop
vertex 78.619 86.712 20.0
vertex 78.07 84.908 18.0
vertex 78.619 86.712 18.0
endloop
endfacet
facet normal 0.9733073840097739 -0.22950541656364123 0.0
outer loop
vertex 78.619 86.712 20.0
vertex 78.619 86.712 18.0
vertex 79.113 88.807 18.0
endloop
endfacet
facet normal 0.9843576976196683 -0.17618150622839412 0.0
outer loop
vertex 79.113 88.807 20.0
vertex 79.113 88.807 18.0
vertex 79.503 90.986 17.778
endloop
endfacet
facet normal 0.8563731159697352 -0.5163575178539443 0.0
outer loop
vertex 75.383 79.309 20.0
vertex 76.402 80.999 18.0
vertex 76.402 80.999 20.0
endloop
endfacet
facet normal 0.9001466154610978 -0.43558704144399235 0.0
outer loop
vertex 76.402 80.999 20.0
vertex 77.274 82.801 18.0
vertex 77.274 82.801 20.0
endloop
endfacet
facet normal 0.9330298319623683 -0.35979901704739936 0.0
outer loop
vertex 77.274 82.801 20.0
vertex 78.009 84.707 18.0
vertex 78.009 84.707 20.0
endloop
endfacet
facet normal 0.9567027668655443 -0.2910666772009869 -7.276666930461386e-05
outer loop
vertex 78.009 84.707 20.0
vertex 78.07 84.908 18.0
vertex 78.619 86.712 20.0
endloop
endfacet
facet normal 0.9733073840097739 -0.22950541656364123 0.0
outer loop
vertex 78.619 86.712 20.0
vertex 79.113 88.807 18.0
vertex 79.113 88.807 20.0
endloop
endfacet
facet normal -0.0 0.0 1.0
outer loop
vertex 71.765 85.191 20.0
vertex 77.274 82.801 20.0
vertex 78.009 84.707 20.0
endloop
endfacet
facet normal -0.0 0.0 0.9999999999999999
outer loop
vertex 72.332 86.663 20.0
vertex 78.009 84.707 20.0
vertex 78.619 86.712 20.0
endloop
endfacet
facet normal -0.0 0.0 0.9999999999999999
outer loop
vertex 72.823 88.275 20.0
vertex 78.619 86.712 20.0
vertex 79.113 88.807 20.0
endloop
endfacet
facet normal 0.0 -0.0 1.0
outer loop
vertex 79.113 88.807 20.0
vertex 79.503 90.986 20.0
vertex 73.236 90.025 20.0
endloop
endfacet
facet normal 0.4208606423246264 0.9071253033889218 6.0775485700723706e-05
outer loop
vertex 73.134 116.485 16.0
vertex 73.276 116.419 17.778
vertex 73.453 116.337 16.0
endloop
endfacet
facet normal 0.4203580820465421 0.9073582990517872 0.0
outer loop
vertex 73.276 116.419 17.778
vertex 73.453 116.337 18.0
vertex 73.453 116.337 16.0
endloop
endfacet
facet normal 0.8966157589473673 0.4428094181555271 0.0
outer loop
vertex 78.149 111.69 18.0
vertex 78.753 110.467 16.0
vertex 78.149 111.69 16.0
endloop
endfacet
facet normal 0.9434117568679341 0.3316235266565815 -0.00030589411510713473
outer loop
vertex 79.373 108.838 16.0
vertex 79.432 108.672 18.0
vertex 79.49 108.507 18.0
endloop
endfacet
facet normal 0.8967610370930365 0.44251507571669435 0.00022386440133826137
outer loop
vertex 78.149 111.69 18.0
vertex 78.828 110.314 18.0
vertex 78.753 110.467 16.0
endloop
endfacet
facet normal 0.7527169840004538 0.6583442427767259 0.0
outer loop
vertex 76.136 114.328 18.0
vertex 77.008 113.331 16.0
vertex 76.136 114.328 16.0
endloop
endfacet
facet normal 0.7525350952276506 0.6585521216934216 -0.00018293114491504394
outer loop
vertex 76.136 114.328 18.0
vertex 77.117 113.207 18.0
vertex 77.008 113.331 16.0
endloop
endfacet
facet normal -0.988290972670543 0.15258097305336643 0.0
outer loop
vertex 73.827 93.853 20.0
vertex 73.827 93.853 18.0
vertex 73.236 90.025 18.0
endloop
endfacet
facet normal -0.9972634079957828 0.07393033932450553 0.0
outer loop
vertex 74.152 98.237 20.0
vertex 74.152 98.237 18.0
vertex 73.827 93.853 18.0
endloop
endfacet
facet normal -0.9998034429554425 0.019826130596848828 0.0
outer loop
vertex 74.243 102.826 20.0
vertex 74.243 102.826 18.0
vertex 74.152 98.237 18.0
endloop
endfacet
facet normal -0.9990735661944533 -0.043034978000422254 -0.0
outer loop
vertex 74.178 104.335 20.0
vertex 74.178 104.335 18.0
vertex 74.243 102.826 18.0
endloop
endfacet
facet normal -0.988290972670543 0.15258097305336643 0.0
outer loop
vertex 73.236 90.025 20.0
vertex 73.827 93.853 20.0
vertex 73.236 90.025 18.0
endloop
endfacet
facet normal -0.9972634079957828 0.07393033932450553 0.0
outer loop
vertex 73.827 93.853 20.0
vertex 74.152 98.237 20.0
vertex 73.827 93.853 18.0
endloop
endfacet
facet normal -0.9998034429554425 0.019826130596848828 0.0
outer loop
vertex 74.152 98.237 20.0
vertex 74.243 102.826 20.0
vertex 74.152 98.237 18.0
endloop
endfacet
facet normal -0.9990735661944533 -0.043034978000422254 0.0
outer loop
vertex 74.243 102.826 20.0
vertex 74.178 104.335 20.0
vertex 74.243 102.826 18.0
endloop
endfacet
facet normal -0.9911815478605522 -0.13251090212039135 0.0
outer loop
vertex 74.178 104.335 20.0
vertex 74.003 105.644 20.0
vertex 74.178 104.335 18.0
endloop
endfacet
facet normal -0.18060521449111525 -0.9835556702589937 -0.0
outer loop
vertex 67.393 112.03 20.0
vertex 67.393 112.03 18.0
vertex 68.651 111.799 18.0
endloop
endfacet
facet normal -0.300379307509235 -0.9538198318447109 -0.0
outer loop
vertex 68.651 111.799 20.0
vertex 68.651 111.799 18.0
vertex 69.683 111.474 18.0
endloop
endfacet
facet normal -0.42179108155335077 -0.9066930481271238 -0.0
outer loop
vertex 69.683 111.474 20.0
vertex 69.683 111.474 18.0
vertex 70.545 111.073 18.0
endloop
endfacet
facet normal 0.07763452406095102 0.9969818858303444 0.0
outer loop
vertex 68.17 117.988 20.0
vertex 68.17 117.988 18.0
vertex 62.237 118.45 18.0
endloop
endfacet
facet normal 0.1809937317681777 0.9834842495234121 0.0
outer loop
vertex 70.099 117.633 20.0
vertex 70.099 117.633 18.0
vertex 68.17 117.988 18.0
endloop
endfacet
facet normal -0.5431552359217432 -0.8396322943353213 -0.0
outer loop
vertex 70.545 111.073 20.0
vertex 70.545 111.073 18.0
vertex 71.27 110.604 18.0
endloop
endfacet
facet normal -0.6538715735635053 -0.7566055546224766 -0.0
outer loop
vertex 71.27 110.604 20.0
vertex 71.27 110.604 18.0
vertex 71.896 110.063 18.0
endloop
endfacet
facet normal -0.8337796612712404 -0.5520973432741871 -0.0
outer loop
vertex 72.447 109.433 20.0
vertex 72.447 109.433 18.0
vertex 72.937 108.693 18.0
endloop
endfacet
facet normal -0.7527247041490552 -0.6583354158510062 -0.0
outer loop
vertex 71.896 110.063 20.0
vertex 71.896 110.063 18.0
vertex 72.447 109.433 18.0
endloop
endfacet
facet normal -0.9729765043317985 -0.23090414032293508 -0.0
outer loop
vertex 73.727 106.807 20.0
vertex 73.727 106.807 18.0
vertex 74.003 105.644 18.0
endloop
endfacet
facet normal -0.8966805856180273 -0.4426781306725144 -0.0
outer loop
vertex 72.937 108.693 20.0
vertex 72.937 108.693 18.0
vertex 73.367 107.822 18.0
endloop
endfacet
facet normal -0.9424749357893878 -0.33427682451643237 -0.0
outer loop
vertex 73.367 107.822 20.0
vertex 73.367 107.822 18.0
vertex 73.727 106.807 18.0
endloop
endfacet
facet normal -0.9911815478605522 -0.13251090212039135 -0.0
outer loop
vertex 74.003 105.644 20.0
vertex 74.003 105.644 18.0
vertex 74.178 104.335 18.0
endloop
endfacet
facet normal 0.3000942085589712 0.9539095690836552 0.0
outer loop
vertex 71.86 117.079 20.0
vertex 71.86 117.079 18.0
vertex 70.099 117.633 18.0
endloop
endfacet
facet normal 0.5425427519384445 0.840028191383515 0.0
outer loop
vertex 74.879 115.416 20.0
vertex 74.879 115.416 18.0
vertex 73.453 116.337 18.0
endloop
endfacet
facet normal 0.4222311614179631 0.9064881942571773 0.0
outer loop
vertex 73.453 116.337 20.0
vertex 73.453 116.337 18.0
vertex 71.86 117.079 18.0
endloop
endfacet
facet normal -0.07772839110348478 -0.996974572000943 0.0
outer loop
vertex 61.852 112.462 20.0
vertex 67.393 112.03 18.0
vertex 67.393 112.03 20.0
endloop
endfacet
facet normal -0.18060521449111525 -0.9835556702589937 0.0
outer loop
vertex 67.393 112.03 20.0
vertex 68.651 111.799 18.0
vertex 68.651 111.799 20.0
endloop
endfacet
facet normal -0.300379307509235 -0.9538198318447109 0.0
outer loop
vertex 68.651 111.799 20.0
vertex 69.683 111.474 18.0
vertex 69.683 111.474 20.0
endloop
endfacet
facet normal 0.1809937317681777 0.9834842495234121 0.0
outer loop
vertex 68.17 117.988 20.0
vertex 70.099 117.633 20.0
vertex 68.17 117.988 18.0
endloop
endfacet
facet normal -0.0 0.0 1.0
outer loop
vertex 62.237 118.45 20.0
vertex 67.393 112.03 20.0
vertex 68.17 117.988 20.0
endloop
endfacet
facet normal -0.0 -0.0 1.0
outer loop
vertex 67.393 112.03 20.0
vertex 68.651 111.799 20.0
vertex 68.17 117.988 20.0
endloop
endfacet
facet normal -0.0 0.0 0.9999999999999999
outer loop
vertex 68.651 111.799 20.0
vertex 69.683 111.474 20.0
vertex 70.099 117.633 20.0
endloop
endfacet
facet normal 0.0 -0.0 1.0
outer loop
vertex 68.651 111.799 20.0
vertex 70.099 117.633 20.0
vertex 68.17 117.988 20.0
endloop
endfacet
facet normal -0.42179108155335077 -0.9066930481271238 0.0
outer loop
vertex 69.683 111.474 20.0
vertex 70.545 111.073 18.0
vertex 70.545 111.073 20.0
endloop
endfacet
facet normal -0.5431552359217432 -0.8396322943353213 0.0
outer loop
vertex 71.27 110.604 20.0
vertex 70.545 111.073 20.0
vertex 71.27 110.604 18.0
endloop
endfacet
facet normal -0.6538715735635053 -0.7566055546224766 0.0
outer loop
vertex 71.27 110.604 20.0
vertex 71.896 110.063 18.0
vertex 71.896 110.063 20.0
endloop
endfacet
facet normal -0.7527247041490552 -0.6583354158510062 0.0
outer loop
vertex 71.896 110.063 20.0
vertex 72.447 109.433 18.0
vertex 72.447 109.433 20.0
endloop
endfacet
facet normal -0.9729765043317985 -0.23090414032293508 0.0
outer loop
vertex 74.003 105.644 20.0
vertex 73.727 106.807 20.0
vertex 74.003 105.644 18.0
endloop
endfacet
facet normal -0.8966805856180273 -0.4426781306725144 0.0
outer loop
vertex 72.937 108.693 20.0
vertex 73.367 107.822 18.0
vertex 73.367 107.822 20.0
endloop
endfacet
facet normal -0.9424749357893878 -0.33427682451643237 0.0
outer loop
vertex 73.727 106.807 20.0
vertex 73.367 107.822 20.0
vertex 73.727 106.807 18.0
endloop
endfacet
facet normal -0.8337796612712404 -0.5520973432741871 0.0
outer loop
vertex 72.447 109.433 20.0
vertex 72.937 108.693 18.0
vertex 72.937 108.693 20.0
endloop
endfacet
facet normal 0.0 -0.0 1.0
outer loop
vertex 73.727 106.807 20.0
vertex 78.904 110.161 20.0
vertex 73.367 107.822 20.0
endloop
endfacet
facet normal -0.0 0.0 1.0
outer loop
vertex 71.27 110.604 20.0
vertex 71.896 110.063 20.0
vertex 74.879 115.416 20.0
endloop
endfacet
facet normal -0.0 0.0 0.9999999999999999
outer loop
vertex 71.896 110.063 20.0
vertex 72.447 109.433 20.0
vertex 76.136 114.328 20.0
endloop
endfacet
facet normal -0.0 0.0 0.9999999999999999
outer loop
vertex 72.447 109.433 20.0
vertex 72.937 108.693 20.0
vertex 77.226 113.082 20.0
endloop
endfacet
facet normal -0.0 0.0 1.0
outer loop
vertex 72.937 108.693 20.0
vertex 73.367 107.822 20.0
vertex 78.149 111.69 20.0
endloop
endfacet
facet normal 0.0 -0.0 1.0
outer loop
vertex 72.447 109.433 20.0
vertex 77.226 113.082 20.0
vertex 76.136 114.328 20.0
endloop
endfacet
facet normal 0.3000942085589712 0.9539095690836552 0.0
outer loop
vertex 70.099 117.633 20.0
vertex 71.86 117.079 20.0
vertex 70.099 117.633 18.0
endloop
endfacet
facet normal 0.4222311614179631 0.9064881942571773 0.0
outer loop
vertex 71.86 117.079 20.0
vertex 73.453 116.337 20.0
vertex 71.86 117.079 18.0
endloop
endfacet
facet normal 0.5425427519384445 0.840028191383515 -0.0
outer loop
vertex 74.879 115.416 20.0
vertex 73.453 116.337 18.0
vertex 73.453 116.337 20.0
endloop
endfacet
facet normal 0.65444949827168 0.7561057162936584 0.0
outer loop
vertex 74.879 115.416 20.0
vertex 76.136 114.328 20.0
vertex 74.879 115.416 18.0
endloop
endfacet
facet normal -0.0 0.0 1.0
outer loop
vertex 69.683 111.474 20.0
vertex 70.545 111.073 20.0
vertex 71.86 117.079 20.0
endloop
endfacet
facet normal 0.0 -0.0 1.0
outer loop
vertex 69.683 111.474 20.0
vertex 71.86 117.079 20.0
vertex 70.099 117.633 20.0
endloop
endfacet
facet normal 0.0 -0.0 1.0
outer loop
vertex 71.27 110.604 20.0
vertex 73.453 116.337 20.0
vertex 70.545 111.073 20.0
endloop
endfacet
facet normal 0.0 -0.0 0.9999999999999999
outer loop
vertex 70.545 111.073 20.0
vertex 73.453 116.337 20.0
vertex 71.86 117.079 20.0
endloop
endfacet
facet normal 0.0 -0.0 0.9999999999999999
outer loop
vertex 71.27 110.604 20.0
vertex 74.879 115.416 20.0
vertex 73.453 116.337 20.0
endloop
endfacet
facet normal 0.0 -0.0 1.0
outer loop
vertex 71.896 110.063 20.0
vertex 76.136 114.328 20.0
vertex 74.879 115.416 20.0
endloop
endfacet
facet normal 0.9843576976196681 -0.17618150622839412 0.0
outer loop
vertex 79.113 88.807 20.0
vertex 79.503 90.986 17.778
vertex 79.503 90.986 18.0
endloop
endfacet
facet normal 0.991558695135245 -0.12965860596848358 0.0
outer loop
vertex 79.503 90.986 20.0
vertex 79.503 90.986 18.0
vertex 79.798 93.242 18.0
endloop
endfacet
facet normal 0.9972706398494356 -0.07383272238172611 0.0
outer loop
vertex 79.798 93.242 20.0
vertex 79.798 93.242 18.0
vertex 80.147 97.956 18.0
endloop
endfacet
facet normal 0.9998031244806123 -0.019842184325455436 0.0
outer loop
vertex 80.147 97.956 20.0
vertex 80.147 97.956 18.0
vertex 80.245 102.894 18.0
endloop
endfacet
facet normal 0.9990912491461241 0.04262248091837372 0.0
outer loop
vertex 80.245 102.894 20.0
vertex 80.245 102.894 18.0
vertex 80.161 104.863 18.0
endloop
endfacet
facet normal 0.9843576976196683 -0.17618150622839412 0.0
outer loop
vertex 79.113 88.807 20.0
vertex 79.503 90.986 18.0
vertex 79.503 90.986 20.0
endloop
endfacet
facet normal 0.991558695135245 -0.12965860596848358 0.0
outer loop
vertex 79.503 90.986 20.0
vertex 79.798 93.242 18.0
vertex 79.798 93.242 20.0
endloop
endfacet
facet normal 0.9972706398494356 -0.07383272238172611 0.0
outer loop
vertex 79.798 93.242 20.0
vertex 80.147 97.956 18.0
vertex 80.147 97.956 20.0
endloop
endfacet
facet normal 0.0 -0.0 1.0
outer loop
vertex 73.236 90.025 20.0
vertex 79.503 90.986 20.0
vertex 73.827 93.853 20.0
endloop
endfacet
facet normal -0.0 0.0 1.0
outer loop
vertex 73.827 93.853 20.0
vertex 79.503 90.986 20.0
vertex 79.798 93.242 20.0
endloop
endfacet
facet normal 0.0 -0.0 1.0
outer loop
vertex 73.827 93.853 20.0
vertex 80.147 97.956 20.0
vertex 74.152 98.237 20.0
endloop
endfacet
facet normal -0.0 0.0 1.0
outer loop
vertex 73.827 93.853 20.0
vertex 79.798 93.242 20.0
vertex 80.147 97.956 20.0
endloop
endfacet
facet normal 0.9998031244806123 -0.019842184325455436 0.0
outer loop
vertex 80.147 97.956 20.0
vertex 80.245 102.894 18.0
vertex 80.245 102.894 20.0
endloop
endfacet
facet normal 0.9990912491461241 0.04262248091837372 -0.0
outer loop
vertex 80.245 102.894 20.0
vertex 80.161 104.863 18.0
vertex 80.161 104.863 20.0
endloop
endfacet
facet normal 0.0 -0.0 0.9999999999999999
outer loop
vertex 74.152 98.237 20.0
vertex 80.245 102.894 20.0
vertex 74.243 102.826 20.0
endloop
endfacet
facet normal 0.0 -0.0 1.0
outer loop
vertex 74.243 102.826 20.0
vertex 80.245 102.894 20.0
vertex 74.178 104.335 20.0
endloop
endfacet
facet normal -0.0 0.0 1.0
outer loop
vertex 74.152 98.237 20.0
vertex 80.147 97.956 20.0
vertex 80.245 102.894 20.0
endloop
endfacet
facet normal -0.0 -0.0 1.0
outer loop
vertex 74.178 104.335 20.0
vertex 80.245 102.894 20.0
vertex 80.161 104.863 20.0
endloop
endfacet
facet normal 0.8334293931846294 0.552625955394696 0.0
outer loop
vertex 78.149 111.69 20.0
vertex 78.149 111.69 18.0
vertex 77.226 113.082 18.0
endloop
endfacet
facet normal 0.991149199827392 0.13275264095874106 0.0
outer loop
vertex 80.161 104.863 20.0
vertex 80.161 104.863 18.0
vertex 79.91 106.737 18.0
endloop
endfacet
facet normal 0.9729828754005291 0.23087729246792177 0.0
outer loop
vertex 79.91 106.737 20.0
vertex 79.91 106.737 18.0
vertex 79.49 108.507 18.0
endloop
endfacet
facet normal 0.9434118010060267 0.33162354217178985 0.0
outer loop
vertex 79.432 108.672 18.0
vertex 79.49 108.507 20.0
vertex 79.49 108.507 18.0
endloop
endfacet
facet normal 0.9424985098324644 0.3342103513710848 0.0
outer loop
vertex 78.904 110.161 20.0
vertex 79.432 108.672 18.0
vertex 78.904 110.161 18.0
endloop
endfacet
facet normal 0.8955948385207467 0.4448706387423176 0.0
outer loop
vertex 78.904 110.161 20.0
vertex 78.904 110.161 18.0
vertex 78.828 110.314 18.0
endloop
endfacet
facet normal 0.8967610595637481 0.44251508680507606 0.0
outer loop
vertex 78.149 111.69 20.0
vertex 78.828 110.314 18.0
vertex 78.149 111.69 18.0
endloop
endfacet
facet normal 0.7525351078189941 0.6585521327122513 0.0
outer loop
vertex 76.136 114.328 20.0
vertex 77.117 113.207 18.0
vertex 76.136 114.328 18.0
endloop
endfacet
facet normal 0.65444949827168 0.7561057162936584 0.0
outer loop
vertex 76.136 114.328 20.0
vertex 76.136 114.328 18.0
vertex 74.879 115.416 18.0
endloop
endfacet
facet normal 0.7536961445311541 0.6572230380311341 0.0
outer loop
vertex 77.226 113.082 20.0
vertex 77.226 113.082 18.0
vertex 77.117 113.207 18.0
endloop
endfacet
facet normal 0.991149199827392 0.13275264095874106 -0.0
outer loop
vertex 80.161 104.863 20.0
vertex 79.91 106.737 18.0
vertex 79.91 106.737 20.0
endloop
endfacet
facet normal 0.9729828754005291 0.23087729246792177 -0.0
outer loop
vertex 79.91 106.737 20.0
vertex 79.49 108.507 18.0
vertex 79.49 108.507 20.0
endloop
endfacet
facet normal 0.9425898349671035 0.3339526259315129 0.00021598642530591927
outer loop
vertex 79.49 108.507 20.0
vertex 79.432 108.672 18.0
vertex 78.904 110.161 20.0
endloop
endfacet
facet normal 0.8966444853621599 0.4427512010781087 -0.00020202356128566507
outer loop
vertex 78.904 110.161 20.0
vertex 78.828 110.314 18.0
vertex 78.149 111.69 20.0
endloop
endfacet
facet normal 0.0 -0.0 1.0
outer loop
vertex 74.178 104.335 20.0
vertex 79.91 106.737 20.0
vertex 74.003 105.644 20.0
endloop
endfacet
facet normal 0.0 -0.0 1.0
outer loop
vertex 74.003 105.644 20.0
vertex 79.49 108.507 20.0
vertex 73.727 106.807 20.0
endloop
endfacet
facet normal 0.0 -0.0 1.0
outer loop
vertex 73.727 106.807 20.0
vertex 79.49 108.507 20.0
vertex 78.904 110.161 20.0
endloop
endfacet
facet normal 0.0 -0.0 1.0
outer loop
vertex 74.003 105.644 20.0
vertex 79.91 106.737 20.0
vertex 79.49 108.507 20.0
endloop
endfacet
facet normal 0.0 -0.0 1.0
outer loop
vertex 72.937 108.693 20.0
vertex 78.149 111.69 20.0
vertex 77.226 113.082 20.0
endloop
endfacet
facet normal 0.0 -0.0 1.0
outer loop
vertex 73.367 107.822 20.0
vertex 78.904 110.161 20.0
vertex 78.149 111.69 20.0
endloop
endfacet
facet normal 0.0 -0.0 1.0
outer loop
vertex 74.178 104.335 20.0
vertex 80.161 104.863 20.0
vertex 79.91 106.737 20.0
endloop
endfacet
facet normal 0.7526515218939308 0.658419068109455 0.00013168381362372404
outer loop
vertex 76.136 114.328 20.0
vertex 77.226 113.082 20.0
vertex 77.117 113.207 18.0
endloop
endfacet
facet normal 0.8334293931846294 0.552625955394696 -0.0
outer loop
vertex 78.149 111.69 20.0
vertex 77.226 113.082 18.0
vertex 77.226 113.082 20.0
endloop
endfacet
facet normal -0.7924166686847834 -0.6099801826211325 0.0
outer loop
vertex -78.833 -89.642 16.0
vertex -76.098 -93.195 16.0
vertex -78.833 -89.642 18.0
endloop
endfacet
facet normal -0.7924166686847834 -0.6099801826211325 0.0
outer loop
vertex -78.833 -89.642 18.0
vertex -76.098 -93.195 16.0
vertex -76.098 -93.195 18.0
endloop
endfacet
facet normal -0.0 0.0 -1.0
outer loop
vertex -61.802 -85.031 16.0
vertex -65.546 -95.052 16.0
vertex -68.752 -92.236 16.0
endloop
endfacet
facet normal -0.6598584710347781 -0.7513899109008882 0.0
outer loop
vertex -72.923 -96.559 16.0
vertex -69.311 -99.731 16.0
vertex -72.923 -96.559 18.0
endloop
endfacet
facet normal -0.6598584710347781 -0.7513899109008882 0.0
outer loop
vertex -69.311 -99.731 16.0
vertex -69.311 -99.731 18.0
vertex -72.923 -96.559 18.0
endloop
endfacet
facet normal -0.7272409338554275 -0.68638227258947 -0.0
outer loop
vertex -72.923 -96.559 16.0
vertex -76.098 -93.195 18.0
vertex -76.098 -93.195 16.0
endloop
endfacet
facet normal -0.5925196729808723 -0.8055559801346149 0.0
outer loop
vertex -69.311 -99.731 16.0
vertex -65.265 -102.707 16.0
vertex -69.311 -99.731 18.0
endloop
endfacet
facet normal -0.5925196729808723 -0.8055559801346149 0.0
outer loop
vertex -69.311 -99.731 18.0
vertex -65.265 -102.707 16.0
vertex -65.265 -102.707 18.0
endloop
endfacet
facet normal -0.9047925458849746 -0.42585261407086134 0.0
outer loop
vertex -82.969 -81.985 16.0
vertex -81.124 -85.905 16.0
vertex -82.969 -81.985 18.0
endloop
endfacet
facet normal -0.9047925458849746 -0.42585261407086134 0.0
outer loop
vertex -81.124 -85.905 16.0
vertex -81.124 -85.905 18.0
vertex -82.969 -81.985 18.0
endloop
endfacet
facet normal -0.9766847488836234 -0.21467860000040453 -0.0
outer loop
vertex -84.362 -77.887 16.0
vertex -85.301 -73.615 18.0
vertex -85.301 -73.615 16.0
endloop
endfacet
facet normal -0.9766847488836234 -0.21467860000040453 0.0
outer loop
vertex -84.362 -77.887 16.0
vertex -84.362 -77.887 18.0
vertex -85.301 -73.615 18.0
endloop
endfacet
facet normal -0.8525422285703306 -0.5226583477802054 0.0
outer loop
vertex -81.124 -85.905 16.0
vertex -78.833 -89.642 16.0
vertex -81.124 -85.905 18.0
endloop
endfacet
facet normal -0.8525422285703306 -0.5226583477802054 0.0
outer loop
vertex -81.124 -85.905 18.0
vertex -78.833 -89.642 16.0
vertex -78.833 -89.642 18.0
endloop
endfacet
facet normal -0.0 0.0 -1.0
outer loop
vertex -69.488 -71.028 16.0
vertex -78.574 -76.272 16.0
vertex -79.371 -72.645 16.0
endloop
endfacet
facet normal -0.0 0.0 -0.9999999999999999
outer loop
vertex -69.84 -67.782 16.0
vertex -79.371 -72.645 16.0
vertex -79.804 -68.65 16.0
endloop
endfacet
facet normal -0.0 0.0 -1.0
outer loop
vertex -70.106 -63.746 16.0
vertex -79.804 -68.65 16.0
vertex -80.111 -64.006 16.0
endloop
endfacet
facet normal -0.0 0.0 -1.0
outer loop
vertex -70.059 -60.345 16.0
vertex -80.111 -64.006 16.0
vertex -80.053 -59.847 16.0
endloop
endfacet
facet normal -0.9941695136098272 -0.10782846659764565 0.0
outer loop
vertex -85.783 -69.171 16.0
vertex -85.301 -73.615 16.0
vertex -85.783 -69.171 18.0
endloop
endfacet
facet normal -0.9941695136098272 -0.10782846659764565 0.0
outer loop
vertex -85.783 -69.171 18.0
vertex -85.301 -73.615 16.0
vertex -85.301 -73.615 18.0
endloop
endfacet
facet normal -0.99783137131896 -0.06582214226021325 0.0
outer loop
vertex -85.783 -69.171 16.0
vertex -85.783 -69.171 18.0
vertex -86.109 -64.229 18.0
endloop
endfacet
facet normal -0.99783137131896 -0.06582214226021325 0.0
outer loop
vertex -86.109 -64.229 16.0
vertex -85.783 -69.171 16.0
vertex -86.109 -64.229 18.0
endloop
endfacet
facet normal -0.9999652795861221 -0.008333043996555286 0.0
outer loop
vertex -86.129 -61.829 16.0
vertex -86.109 -64.229 16.0
vertex -86.129 -61.829 18.0
endloop
endfacet
facet normal -0.9993448289370678 0.03619271855971822 0.0
outer loop
vertex -86.129 -61.829 16.0
vertex -86.044 -59.482 18.0
vertex -86.044 -59.482 16.0
endloop
endfacet
facet normal -0.9999652795861221 -0.008333043996555286 0.0
outer loop
vertex -86.129 -61.829 18.0
vertex -86.109 -64.229 16.0
vertex -86.109 -64.229 18.0
endloop
endfacet
facet normal -0.9993448289370678 0.03619271855971822 0.0
outer loop
vertex -86.129 -61.829 16.0
vertex -86.129 -61.829 18.0
vertex -86.044 -59.482 18.0
endloop
endfacet
facet normal -0.0 0.0 -1.0
outer loop
vertex -67.022 -78.295 16.0
vertex -73.884 -86.235 16.0
vertex -75.836 -83.051 16.0
endloop
endfacet
facet normal -0.0 0.0 -1.0
outer loop
vertex -65.636 -80.556 16.0
vertex -71.528 -89.296 16.0
vertex -73.884 -86.235 16.0
endloop
endfacet
facet normal -0.0 0.0 -1.0
outer loop
vertex -68.109 -75.985 16.0
vertex -75.836 -83.051 16.0
vertex -77.396 -79.735 16.0
endloop
endfacet
facet normal -0.0 0.0 -1.0
outer loop
vertex -68.927 -73.581 16.0
vertex -77.396 -79.735 16.0
vertex -78.574 -76.272 16.0
endloop
endfacet
facet normal 0.0 -0.0 -0.9999999999999999
outer loop
vertex -68.109 -75.985 16.0
vertex -67.022 -78.295 16.0
vertex -75.836 -83.051 16.0
endloop
endfacet
facet normal -0.0 0.0 -1.0
outer loop
vertex -68.109 -75.985 16.0
vertex -77.396 -79.735 16.0
vertex -68.927 -73.581 16.0
endloop
endfacet
facet normal -0.0 0.0 -1.0
outer loop
vertex -63.911 -82.797 16.0
vertex -68.752 -92.236 16.0
vertex -71.528 -89.296 16.0
endloop
endfacet
facet normal 0.0 -0.0 -0.9999999999999999
outer loop
vertex -63.911 -82.797 16.0
vertex -61.802 -85.031 16.0
vertex -68.752 -92.236 16.0
endloop
endfacet
facet normal 0.0 -0.0 -1.0
outer loop
vertex -65.636 -80.556 16.0
vertex -63.911 -82.797 16.0
vertex -71.528 -89.296 16.0
endloop
endfacet
facet normal -0.0 0.0 -1.0
outer loop
vertex -65.636 -80.556 16.0
vertex -73.884 -86.235 16.0
vertex -67.022 -78.295 16.0
endloop
endfacet
facet normal 0.9048275790638646 0.4257781724858917 0.0
outer loop
vertex -68.109 -75.985 16.0
vertex -67.022 -78.295 18.0
vertex -67.022 -78.295 16.0
endloop
endfacet
facet normal 0.9466959063350004 0.322128640341948 0.0
outer loop
vertex -68.109 -75.985 16.0
vertex -68.927 -73.581 16.0
vertex -68.109 -75.985 18.0
endloop
endfacet
facet normal 0.8525633146248087 0.5226239513799185 0.0
outer loop
vertex -65.636 -80.556 16.0
vertex -67.022 -78.295 16.0
vertex -65.636 -80.556 18.0
endloop
endfacet
facet normal 0.9048275790638646 0.4257781724858917 -0.0
outer loop
vertex -68.109 -75.985 16.0
vertex -68.109 -75.985 18.0
vertex -67.022 -78.295 18.0
endloop
endfacet
facet normal 0.8525633146248087 0.5226239513799185 -0.0
outer loop
vertex -67.022 -78.295 16.0
vertex -67.022 -78.295 18.0
vertex -65.636 -80.556 18.0
endloop
endfacet
facet normal 0.7924267706536551 0.60996705907075 -0.0
outer loop
vertex -65.636 -80.556 16.0
vertex -65.636 -80.556 18.0
vertex -63.911 -82.797 18.0
endloop
endfacet
facet normal -0.0 0.0 -1.0
outer loop
vertex -69.488 -71.028 16.0
vertex -79.371 -72.645 16.0
vertex -69.84 -67.782 16.0
endloop
endfacet
facet normal -0.0 0.0 -1.0
outer loop
vertex -68.927 -73.581 16.0
vertex -78.574 -76.272 16.0
vertex -69.488 -71.028 16.0
endloop
endfacet
facet normal 0.0 -0.0 -1.0
outer loop
vertex -70.106 -63.746 16.0
vertex -69.84 -67.782 16.0
vertex -79.804 -68.65 16.0
endloop
endfacet
facet normal -0.0 0.0 -1.0
outer loop
vertex -70.106 -63.746 16.0
vertex -80.111 -64.006 16.0
vertex -70.059 -60.345 16.0
endloop
endfacet
facet normal 0.9999045248704377 -0.013818145448076321 0.0
outer loop
vertex -70.106 -63.746 16.0
vertex -70.059 -60.345 16.0
vertex -70.106 -63.746 18.0
endloop
endfacet
facet normal 0.997835194243719 0.06576416295064935 -0.0
outer loop
vertex -70.106 -63.746 16.0
vertex -70.106 -63.746 18.0
vertex -69.84 -67.782 18.0
endloop
endfacet
facet normal 0.9999045248704377 -0.013818145448076321 0.0
outer loop
vertex -70.059 -60.345 16.0
vertex -70.059 -60.345 18.0
vertex -70.106 -63.746 18.0
endloop
endfacet
facet normal 0.9766974215087113 0.21462093751131242 0.0
outer loop
vertex -68.927 -73.581 16.0
vertex -69.488 -71.028 16.0
vertex -68.927 -73.581 18.0
endloop
endfacet
facet normal 0.9941716116415118 0.10780912116383704 0.0
outer loop
vertex -69.488 -71.028 16.0
vertex -69.84 -67.782 16.0
vertex -69.488 -71.028 18.0
endloop
endfacet
facet normal 0.9466959063350004 0.322128640341948 -0.0
outer loop
vertex -68.927 -73.581 16.0
vertex -68.927 -73.581 18.0
vertex -68.109 -75.985 18.0
endloop
endfacet
facet normal 0.9766974215087113 0.21462093751131242 -0.0
outer loop
vertex -69.488 -71.028 16.0
vertex -69.488 -71.028 18.0
vertex -68.927 -73.581 18.0
endloop
endfacet
facet normal 0.9941716116415118 0.10780912116383704 -0.0
outer loop
vertex -69.84 -67.782 16.0
vertex -69.84 -67.782 18.0
vertex -69.488 -71.028 18.0
endloop
endfacet
facet normal 0.997835194243719 0.06576416295064935 0.0
outer loop
vertex -70.106 -63.746 16.0
vertex -69.84 -67.782 18.0
vertex -69.84 -67.782 16.0
endloop
endfacet
facet normal 0.0 0.0 1.0
outer loop
vertex -68.927 -73.581 18.0
vertex -79.371 -72.645 18.0
vertex -78.574 -76.272 18.0
endloop
endfacet
facet normal 0.0 0.0 1.0
outer loop
vertex -69.488 -71.028 18.0
vertex -79.804 -68.65 18.0
vertex -79.371 -72.645 18.0
endloop
endfacet
facet normal 0.0 0.0 0.9999999999999999
outer loop
vertex -69.84 -67.782 18.0
vertex -80.111 -64.006 18.0
vertex -79.804 -68.65 18.0
endloop
endfacet
facet normal 0.0 0.0 1.0
outer loop
vertex -70.106 -63.746 18.0
vertex -80.053 -59.847 18.0
vertex -80.111 -64.006 18.0
endloop
endfacet
facet normal 0.0 0.0 1.0
outer loop
vertex -65.636 -80.556 18.0
vertex -75.836 -83.051 18.0
vertex -73.884 -86.235 18.0
endloop
endfacet
facet normal 0.0 0.0 1.0
outer loop
vertex -67.022 -78.295 18.0
vertex -77.396 -79.735 18.0
vertex -75.836 -83.051 18.0
endloop
endfacet
facet normal 0.0 0.0 1.0
outer loop
vertex -68.109 -75.985 18.0
vertex -78.574 -76.272 18.0
vertex -77.396 -79.735 18.0
endloop
endfacet
facet normal 0.0 0.0 1.0
outer loop
vertex -68.109 -75.985 18.0
vertex -68.927 -73.581 18.0
vertex -78.574 -76.272 18.0
endloop
endfacet
facet normal -0.0 0.0 1.0
outer loop
vertex -68.109 -75.985 18.0
vertex -77.396 -79.735 18.0
vertex -67.022 -78.295 18.0
endloop
endfacet
facet normal 0.0 0.0 1.0
outer loop
vertex -61.802 -85.031 18.0
vertex -71.528 -89.296 18.0
vertex -68.752 -92.236 18.0
endloop
endfacet
facet normal 0.0 0.0 1.0
outer loop
vertex -63.911 -82.797 18.0
vertex -73.884 -86.235 18.0
vertex -71.528 -89.296 18.0
endloop
endfacet
facet normal -0.0 0.0 1.0
outer loop
vertex -65.636 -80.556 18.0
vertex -73.884 -86.235 18.0
vertex -63.911 -82.797 18.0
endloop
endfacet
facet normal -0.0 0.0 1.0
outer loop
vertex -63.911 -82.797 18.0
vertex -71.528 -89.296 18.0
vertex -61.802 -85.031 18.0
endloop
endfacet
facet normal 0.0 0.0 1.0
outer loop
vertex -65.636 -80.556 18.0
vertex -67.022 -78.295 18.0
vertex -75.836 -83.051 18.0
endloop
endfacet
facet normal 0.0 0.0 1.0
outer loop
vertex -69.488 -71.028 18.0
vertex -69.84 -67.782 18.0
vertex -79.804 -68.65 18.0
endloop
endfacet
facet normal 0.0 0.0 0.9999999999999999
outer loop
vertex -68.927 -73.581 18.0
vertex -69.488 -71.028 18.0
vertex -79.371 -72.645 18.0
endloop
endfacet
facet normal 0.0 0.0 1.0
outer loop
vertex -70.106 -63.746 18.0
vertex -80.111 -64.006 18.0
vertex -69.84 -67.782 18.0
endloop
endfacet
facet normal 0.0 -0.0 1.0
outer loop
vertex -70.106 -63.746 18.0
vertex -70.059 -60.345 18.0
vertex -80.053 -59.847 18.0
endloop
endfacet
facet normal -0.4063932245107169 -0.9136982801077072 0.0
outer loop
vertex -55.889 -108.059 16.0
vertex -50.565 -110.427 16.0
vertex -55.889 -108.059 18.0
endloop
endfacet
facet normal -0.0 0.0 -1.0
outer loop
vertex -59.272 -87.253 16.0
vertex -61.9 -97.734 16.0
vertex -65.546 -95.052 16.0
endloop
endfacet
facet normal -0.0 0.0 -1.0
outer loop
vertex -52.842 -91.586 16.0
vertex -53.272 -102.656 16.0
vertex -57.809 -100.272 16.0
endloop
endfacet
facet normal -0.0 0.0 -1.0
outer loop
vertex -56.292 -89.445 16.0
vertex -57.809 -100.272 16.0
vertex -61.9 -97.734 16.0
endloop
endfacet
facet normal 0.0 -0.0 -1.0
outer loop
vertex -59.272 -87.253 16.0
vertex -56.292 -89.445 16.0
vertex -61.9 -97.734 16.0
endloop
endfacet
facet normal -0.0 0.0 -1.0
outer loop
vertex -52.842 -91.586 16.0
vertex -57.809 -100.272 16.0
vertex -56.292 -89.445 16.0
endloop
endfacet
facet normal -0.5272825089392132 -0.8496900351109036 0.0
outer loop
vertex -65.265 -102.707 16.0
vertex -60.79 -105.484 16.0
vertex -65.265 -102.707 18.0
endloop
endfacet
facet normal -0.5272825089392132 -0.8496900351109036 0.0
outer loop
vertex -60.79 -105.484 16.0
vertex -60.79 -105.484 18.0
vertex -65.265 -102.707 18.0
endloop
endfacet
facet normal 0.5272954225192125 0.8496820213410928 0.0
outer loop
vertex -52.842 -91.586 16.0
vertex -56.292 -89.445 16.0
vertex -52.842 -91.586 18.0
endloop
endfacet
facet normal 0.5272954225192125 0.8496820213410928 -0.0
outer loop
vertex -56.292 -89.445 16.0
vertex -56.292 -89.445 18.0
vertex -52.842 -91.586 18.0
endloop
endfacet
facet normal -0.3783809041845478 -0.9256499831731668 0.0
outer loop
vertex -50.565 -110.427 16.0
vertex -46.416 -112.123 16.0
vertex -50.565 -110.427 18.0
endloop
endfacet
facet normal -0.4063932245107169 -0.9136982801077072 0.0
outer loop
vertex -55.889 -108.059 18.0
vertex -50.565 -110.427 16.0
vertex -50.565 -110.427 18.0
endloop
endfacet
facet normal -0.3351792129741339 -0.9421543903151117 0.0
outer loop
vertex -46.416 -112.123 16.0
vertex -42.031 -113.683 16.0
vertex -46.416 -112.123 18.0
endloop
endfacet
facet normal -0.3351792129741339 -0.9421543903151117 0.0
outer loop
vertex -42.031 -113.683 16.0
vertex -42.031 -113.683 18.0
vertex -46.416 -112.123 18.0
endloop
endfacet
facet normal -0.3783809041845478 -0.9256499831731668 0.0
outer loop
vertex -50.565 -110.427 18.0
vertex -46.416 -112.123 16.0
vertex -46.416 -112.123 18.0
endloop
endfacet
facet normal -0.0 -0.0 -1.0
outer loop
vertex -48.91 -93.651 16.0
vertex -48.21 -104.908 16.0
vertex -53.272 -102.656 16.0
endloop
endfacet
facet normal 0.0 -0.0 -1.0
outer loop
vertex -52.842 -91.586 16.0
vertex -48.91 -93.651 16.0
vertex -53.272 -102.656 16.0
endloop
endfacet
facet normal 0.0 -0.0 -1.0
outer loop
vertex -48.91 -93.651 16.0
vertex -44.284 -95.709 16.0
vertex -48.21 -104.908 16.0
endloop
endfacet
facet normal -0.0 -0.0 -1.0
outer loop
vertex -44.284 -95.709 16.0
vertex -44.275 -106.517 16.0
vertex -48.21 -104.908 16.0
endloop
endfacet
facet normal 0.0 -0.0 -1.0
outer loop
vertex -44.284 -95.709 16.0
vertex -40.705 -97.173 16.0
vertex -44.275 -106.517 16.0
endloop
endfacet
facet normal 0.46495745169690184 0.8853330266693564 0.0
outer loop
vertex -52.842 -91.586 16.0
vertex -48.91 -93.651 18.0
vertex -48.91 -93.651 16.0
endloop
endfacet
facet normal 0.46495745169690184 0.8853330266693564 -0.0
outer loop
vertex -52.842 -91.586 16.0
vertex -52.842 -91.586 18.0
vertex -48.91 -93.651 18.0
endloop
endfacet
facet normal 0.4064682957446012 0.9136648863530212 0.0
outer loop
vertex -48.91 -93.651 16.0
vertex -44.284 -95.709 18.0
vertex -44.284 -95.709 16.0
endloop
endfacet
facet normal 0.4064682957446012 0.9136648863530212 -0.0
outer loop
vertex -48.91 -93.651 16.0
vertex -48.91 -93.651 18.0
vertex -44.284 -95.709 18.0
endloop
endfacet
facet normal 0.37860263640087294 0.9255593139882006 -0.0
outer loop
vertex -44.284 -95.709 16.0
vertex -44.284 -95.709 18.0
vertex -40.705 -97.173 18.0
endloop
endfacet
facet normal 0.0 0.0 1.0
outer loop
vertex -59.272 -87.253 18.0
vertex -68.752 -92.236 18.0
vertex -65.546 -95.052 18.0
endloop
endfacet
facet normal 0.0 0.0 1.0
outer loop
vertex -56.292 -89.445 18.0
vertex -65.546 -95.052 18.0
vertex -61.9 -97.734 18.0
endloop
endfacet
facet normal -0.0 0.0 1.0
outer loop
vertex -59.272 -87.253 18.0
vertex -65.546 -95.052 18.0
vertex -56.292 -89.445 18.0
endloop
endfacet
facet normal 0.0 0.0 1.0
outer loop
vertex -52.842 -91.586 18.0
vertex -61.9 -97.734 18.0
vertex -57.809 -100.272 18.0
endloop
endfacet
facet normal 0.0 0.0 1.0
outer loop
vertex -52.842 -91.586 18.0
vertex -56.292 -89.445 18.0
vertex -61.9 -97.734 18.0
endloop
endfacet
facet normal 0.0 0.0 1.0
outer loop
vertex -48.91 -93.651 18.0
vertex -57.809 -100.272 18.0
vertex -53.272 -102.656 18.0
endloop
endfacet
facet normal 0.0 0.0 1.0
outer loop
vertex -44.284 -95.709 18.0
vertex -53.272 -102.656 18.0
vertex -48.21 -104.908 18.0
endloop
endfacet
facet normal -0.0 0.0 1.0
outer loop
vertex -52.842 -91.586 18.0
vertex -57.809 -100.272 18.0
vertex -48.91 -93.651 18.0
endloop
endfacet
facet normal -0.0 0.0 1.0
outer loop
vertex -48.91 -93.651 18.0
vertex -53.272 -102.656 18.0
vertex -44.284 -95.709 18.0
endloop
endfacet
facet normal 0.0 0.0 1.0
outer loop
vertex -40.705 -97.173 18.0
vertex -48.21 -104.908 18.0
vertex -44.275 -106.517 18.0
endloop
endfacet
facet normal -0.0 0.0 1.0
outer loop
vertex -44.284 -95.709 18.0
vertex -48.21 -104.908 18.0
vertex -40.705 -97.173 18.0
endloop
endfacet
facet normal -0.0 0.0 -1.0
outer loop
vertex -59.272 -87.253 16.0
vertex -65.546 -95.052 16.0
vertex -61.802 -85.031 16.0
endloop
endfacet
facet normal 0.7271575652611515 0.686470593167307 0.0
outer loop
vertex -63.911 -82.797 16.0
vertex -61.802 -85.031 18.0
vertex -61.802 -85.031 16.0
endloop
endfacet
facet normal 0.6598911505489874 0.7513612110211265 0.0
outer loop
vertex -59.272 -87.253 16.0
vertex -61.802 -85.031 16.0
vertex -59.272 -87.253 18.0
endloop
endfacet
facet normal 0.7271575652611515 0.686470593167307 -0.0
outer loop
vertex -63.911 -82.797 16.0
vertex -63.911 -82.797 18.0
vertex -61.802 -85.031 18.0
endloop
endfacet
facet normal 0.6598911505489874 0.7513612110211265 -0.0
outer loop
vertex -61.802 -85.031 16.0
vertex -61.802 -85.031 18.0
vertex -59.272 -87.253 18.0
endloop
endfacet
facet normal 0.7924267706536551 0.60996705907075 0.0
outer loop
vertex -65.636 -80.556 16.0
vertex -63.911 -82.797 18.0
vertex -63.911 -82.797 16.0
endloop
endfacet
facet normal 0.5925349338272784 0.8055447549294222 0.0
outer loop
vertex -59.272 -87.253 16.0
vertex -56.292 -89.445 18.0
vertex -56.292 -89.445 16.0
endloop
endfacet
facet normal 0.5925349338272784 0.8055447549294222 -0.0
outer loop
vertex -59.272 -87.253 16.0
vertex -59.272 -87.253 18.0
vertex -56.292 -89.445 18.0
endloop
endfacet
facet normal -0.7874696565453915 -0.616353421358463 0.0
outer loop
vertex -58.083 -61.088 16.0
vertex -55.875 -63.909 16.0
vertex -58.083 -61.088 18.0
endloop
endfacet
facet normal -0.7295508847320148 -0.6839265359574334 0.0
outer loop
vertex -55.875 -63.909 16.0
vertex -52.757 -67.235 16.0
vertex -55.875 -63.909 18.0
endloop
endfacet
facet normal -0.7874696565453915 -0.616353421358463 0.0
outer loop
vertex -55.875 -63.909 16.0
vertex -55.875 -63.909 18.0
vertex -58.083 -61.088 18.0
endloop
endfacet
facet normal 0.0 -0.0 -0.9999999999999999
outer loop
vertex -55.875 -63.909 16.0
vertex -48.001 -57.744 16.0
vertex -52.757 -67.235 16.0
endloop
endfacet
facet normal 0.0 0.0 -0.9999999999999999
outer loop
vertex -49.321 -70.234 16.0
vertex -52.757 -67.235 16.0
vertex -45.536 -60.318 16.0
endloop
endfacet
facet normal 0.0 0.0 -1.0
outer loop
vertex -52.757 -67.235 16.0
vertex -48.001 -57.744 16.0
vertex -45.536 -60.318 16.0
endloop
endfacet
facet normal 0.0 -0.0 -0.9999999999999999
outer loop
vertex -49.321 -70.234 16.0
vertex -42.829 -62.628 16.0
vertex -48.524 -70.849 16.0
endloop
endfacet
facet normal 0.0 -0.0 -1.0
outer loop
vertex -48.524 -70.849 16.0
vertex -42.829 -62.628 16.0
vertex -44.74 -73.408 16.0
endloop
endfacet
facet normal 0.0 0.0 -1.0
outer loop
vertex -49.321 -70.234 16.0
vertex -45.536 -60.318 16.0
vertex -42.829 -62.628 16.0
endloop
endfacet
facet normal -0.6575727166946956 -0.7533910818816197 -0.0
outer loop
vertex -49.321 -70.234 16.0
vertex -52.757 -67.235 18.0
vertex -52.757 -67.235 16.0
endloop
endfacet
facet normal -0.6109102058968537 -0.7916998928451764 0.0
outer loop
vertex -49.321 -70.234 16.0
vertex -48.524 -70.849 16.0
vertex -49.321 -70.234 18.0
endloop
endfacet
facet normal -0.6575727166946956 -0.7533910818816197 0.0
outer loop
vertex -49.321 -70.234 16.0
vertex -49.321 -70.234 18.0
vertex -52.757 -67.235 18.0
endloop
endfacet
facet normal -0.6109102058968537 -0.7916998928451764 0.0
outer loop
vertex -48.524 -70.849 16.0
vertex -48.524 -70.849 18.0
vertex -49.321 -70.234 18.0
endloop
endfacet
facet normal -0.7295508847320148 -0.6839265359574334 0.0
outer loop
vertex -52.757 -67.235 16.0
vertex -52.757 -67.235 18.0
vertex -55.875 -63.909 18.0
endloop
endfacet
facet normal -0.5601945149819172 -0.8283610960107761 0.0
outer loop
vertex -48.524 -70.849 16.0
vertex -44.74 -73.408 16.0
vertex -48.524 -70.849 18.0
endloop
endfacet
facet normal -0.474529703075452 -0.8802394906496318 0.0
outer loop
vertex -44.74 -73.408 16.0
vertex -40.711 -75.58 16.0
vertex -44.74 -73.408 18.0
endloop
endfacet
facet normal -0.5601945149819172 -0.8283610960107761 0.0
outer loop
vertex -44.74 -73.408 16.0
vertex -44.74 -73.408 18.0
vertex -48.524 -70.849 18.0
endloop
endfacet
facet normal 0.0 0.0 1.0
outer loop
vertex -59.272 -87.253 18.0
vertex -61.802 -85.031 18.0
vertex -68.752 -92.236 18.0
endloop
endfacet
facet normal -0.0 0.0 1.0
outer loop
vertex -58.083 -61.088 18.0
vertex -55.875 -63.909 18.0
vertex -48.001 -57.744 18.0
endloop
endfacet
facet normal -0.0 0.0 1.0
outer loop
vertex -55.875 -63.909 18.0
vertex -52.757 -67.235 18.0
vertex -45.536 -60.318 18.0
endloop
endfacet
facet normal 0.0 -0.0 1.0
outer loop
vertex -55.875 -63.909 18.0
vertex -45.536 -60.318 18.0
vertex -48.001 -57.744 18.0
endloop
endfacet
facet normal -0.0 0.0 1.0
outer loop
vertex -49.321 -70.234 18.0
vertex -48.524 -70.849 18.0
vertex -42.829 -62.628 18.0
endloop
endfacet
facet normal -0.0 0.0 1.0
outer loop
vertex -48.524 -70.849 18.0
vertex -44.74 -73.408 18.0
vertex -39.899 -64.658 18.0
endloop
endfacet
facet normal 0.0 -0.0 1.0
outer loop
vertex -49.321 -70.234 18.0
vertex -42.829 -62.628 18.0
vertex -52.757 -67.235 18.0
endloop
endfacet
facet normal 0.0 -0.0 1.0
outer loop
vertex -52.757 -67.235 18.0
vertex -42.829 -62.628 18.0
vertex -45.536 -60.318 18.0
endloop
endfacet
facet normal 0.0 -0.0 1.0
outer loop
vertex -48.524 -70.849 18.0
vertex -39.899 -64.658 18.0
vertex -42.829 -62.628 18.0
endloop
endfacet
facet normal -0.0 0.0 -1.0
outer loop
vertex -69.943 -58.996 16.0
vertex -80.053 -59.847 16.0
vertex -79.883 -57.868 16.0
endloop
endfacet
facet normal -0.0 0.0 -1.0
outer loop
vertex -69.567 -56.747 16.0
vertex -79.883 -57.868 16.0
vertex -79.616 -55.978 16.0
endloop
endfacet
facet normal 0.0 0.0 -1.0
outer loop
vertex -69.567 -56.747 16.0
vertex -79.616 -55.978 16.0
vertex -79.25 -54.179 16.0
endloop
endfacet
facet normal 0.0 0.0 -1.0
outer loop
vertex -69.567 -56.747 16.0
vertex -79.25 -54.179 16.0
vertex -78.784 -52.473 16.0
endloop
endfacet
facet normal 0.0 0.0 -1.0
outer loop
vertex -69.567 -56.747 16.0
vertex -78.784 -52.473 16.0
vertex -78.217 -50.857 16.0
endloop
endfacet
facet normal -0.9963265422854021 0.08563539652278655 0.0
outer loop
vertex -85.847 -57.19 16.0
vertex -86.044 -59.482 16.0
vertex -85.847 -57.19 18.0
endloop
endfacet
facet normal -0.9901261563942799 0.1401791511740954 0.0
outer loop
vertex -85.531 -54.958 16.0
vertex -85.847 -57.19 16.0
vertex -85.531 -54.958 18.0
endloop
endfacet
facet normal -0.9799501205074587 0.19924297055960918 0.0
outer loop
vertex -85.09 -52.789 16.0
vertex -85.531 -54.958 16.0
vertex -85.09 -52.789 18.0
endloop
endfacet
facet normal -0.9963265422854021 0.08563539652278655 0.0
outer loop
vertex -86.044 -59.482 16.0
vertex -86.044 -59.482 18.0
vertex -85.847 -57.19 18.0
endloop
endfacet
facet normal -0.9901261563942799 0.1401791511740954 0.0
outer loop
vertex -85.847 -57.19 16.0
vertex -85.847 -57.19 18.0
vertex -85.531 -54.958 18.0
endloop
endfacet
facet normal -0.9799501205074587 0.19924297055960918 0.0
outer loop
vertex -85.531 -54.958 16.0
vertex -85.531 -54.958 18.0
vertex -85.09 -52.789 18.0
endloop
endfacet
facet normal -0.9644983599543618 0.26408883665415767 0.0
outer loop
vertex -84.516 -50.687 16.0
vertex -84.631 -51.107 16.0
vertex -84.516 -50.687 18.0
endloop
endfacet
facet normal -0.9435032821483579 0.33136317926902514 0.0
outer loop
vertex -83.802 -48.654 16.0
vertex -84.516 -50.687 16.0
vertex -83.802 -48.654 18.0
endloop
endfacet
facet normal -0.9155559426311901 0.4021906462272746 0.0
outer loop
vertex -82.941 -46.694 16.0
vertex -83.802 -48.654 16.0
vertex -82.941 -46.694 18.0
endloop
endfacet
facet normal -0.9650811622331691 0.261950601177518 0.0004825405811257468
outer loop
vertex -84.573 -50.897 18.0
vertex -84.516 -50.687 18.0
vertex -84.631 -51.107 16.0
endloop
endfacet
facet normal -0.9435032821483579 0.33136317926902514 0.0
outer loop
vertex -84.516 -50.687 16.0
vertex -84.516 -50.687 18.0
vertex -83.802 -48.654 18.0
endloop
endfacet
facet normal -0.9155559426311901 0.4021906462272746 0.0
outer loop
vertex -83.802 -48.654 16.0
vertex -83.802 -48.654 18.0
vertex -82.941 -46.694 18.0
endloop
endfacet
facet normal -0.8377954298190162 0.5459842651344177 0.0
outer loop
vertex -81.927 -44.812 16.0
vertex -80.752 -43.009 18.0
vertex -80.752 -43.009 16.0
endloop
endfacet
facet normal -0.8377954298190162 0.5459842651344177 0.0
outer loop
vertex -81.927 -44.812 18.0
vertex -80.752 -43.009 18.0
vertex -81.927 -44.812 16.0
endloop
endfacet
facet normal -0.3537503186034479 0.9353398254599448 0.0003507085959719611
outer loop
vertex -78.409 -42.125 16.0
vertex -78.877 -42.302 16.0
vertex -78.669 -42.224 17.778
endloop
endfacet
facet normal -0.25433991999949335 0.9671148872262546 0.0
outer loop
vertex -75.926 -41.472 16.0
vertex -78.409 -42.125 16.0
vertex -75.926 -41.472 18.0
endloop
endfacet
facet normal -0.3526491419463914 0.9357556212411837 0.0
outer loop
vertex -78.669 -42.224 17.778
vertex -80.752 -43.009 16.0
vertex -80.752 -43.009 18.0
endloop
endfacet
facet normal -0.3558458528329526 0.9345446640057331 0.0
outer loop
vertex -78.409 -42.125 16.0
vertex -78.669 -42.224 17.778
vertex -78.409 -42.125 18.0
endloop
endfacet
facet normal -0.25433991999949335 0.9671148872262546 0.0
outer loop
vertex -78.409 -42.125 16.0
vertex -78.409 -42.125 18.0
vertex -75.926 -41.472 18.0
endloop
endfacet
facet normal 0.0 0.0 -1.0
outer loop
vertex -70.059 -60.345 16.0
vertex -80.053 -59.847 16.0
vertex -69.943 -58.996 16.0
endloop
endfacet
facet normal 0.0 0.0 -1.0
outer loop
vertex -69.943 -58.996 16.0
vertex -79.883 -57.868 16.0
vertex -69.567 -56.747 16.0
endloop
endfacet
facet normal 0.0 0.0 -1.0
outer loop
vertex -69.567 -56.747 16.0
vertex -78.217 -50.857 16.0
vertex -77.545 -49.328 16.0
endloop
endfacet
facet normal 0.0 0.0 -1.0
outer loop
vertex -69.567 -56.747 16.0
vertex -77.545 -49.328 16.0
vertex -76.79 -47.928 16.0
endloop
endfacet
facet normal 0.0 0.0 -1.0
outer loop
vertex -69.567 -56.747 16.0
vertex -76.79 -47.928 16.0
vertex -74.654 -47.342 16.0
endloop
endfacet
facet normal 0.0 0.0 -1.0
outer loop
vertex -69.567 -56.747 16.0
vertex -74.654 -47.342 16.0
vertex -72.54 -46.98 16.0
endloop
endfacet
facet normal 0.0 0.0 -1.0
outer loop
vertex -69.567 -56.747 16.0
vertex -72.54 -46.98 16.0
vertex -70.272 -46.764 16.0
endloop
endfacet
facet normal 0.0 0.0 -1.0
outer loop
vertex -69.567 -56.747 16.0
vertex -67.886 -46.688 16.0
vertex -65.959 -56.732 16.0
endloop
endfacet
facet normal 0.0 0.0 -1.0
outer loop
vertex -69.567 -56.747 16.0
vertex -70.272 -46.764 16.0
vertex -67.886 -46.688 16.0
endloop
endfacet
facet normal 0.0 0.0 -1.0
outer loop
vertex -65.959 -56.732 16.0
vertex -67.886 -46.688 16.0
vertex -65.42 -46.741 16.0
endloop
endfacet
facet normal 0.9963232698416066 -0.08567346130587569 0.0
outer loop
vertex -70.059 -60.345 16.0
vertex -69.943 -58.996 16.0
vertex -70.059 -60.345 18.0
endloop
endfacet
facet normal 0.9963232698416066 -0.08567346130587569 0.0
outer loop
vertex -69.943 -58.996 16.0
vertex -69.943 -58.996 18.0
vertex -70.059 -60.345 18.0
endloop
endfacet
facet normal 0.9863108282926517 -0.1648967858772972 0.0
outer loop
vertex -69.943 -58.996 16.0
vertex -69.567 -56.747 16.0
vertex -69.943 -58.996 18.0
endloop
endfacet
facet normal 0.0041573920094590015 -0.9999913580084978 0.0
outer loop
vertex -69.567 -56.747 16.0
vertex -65.959 -56.732 16.0
vertex -69.567 -56.747 18.0
endloop
endfacet
facet normal 0.9863108282926517 -0.1648967858772972 0.0
outer loop
vertex -69.567 -56.747 16.0
vertex -69.567 -56.747 18.0
vertex -69.943 -58.996 18.0
endloop
endfacet
facet normal 0.0041573920094590015 -0.9999913580084978 0.0
outer loop
vertex -65.959 -56.732 16.0
vertex -65.959 -56.732 18.0
vertex -69.567 -56.747 18.0
endloop
endfacet
facet normal -0.03180540781398332 0.9994940800393898 0.0
outer loop
vertex -70.652 -40.773 16.0
vertex -67.918 -40.686 16.363999999999997
vertex -67.918 -40.686 16.0
endloop
endfacet
facet normal -0.1686475132108771 0.9856763441041065 0.00040119988778260744
outer loop
vertex -73.619 -41.078 17.778
vertex -73.331 -41.028 16.0
vertex -75.926 -41.472 16.0
endloop
endfacet
facet normal -0.09475648479750527 0.995500481460868 0.0
outer loop
vertex -70.652 -40.773 16.0
vertex -73.331 -41.028 16.0
vertex -70.652 -40.773 18.0
endloop
endfacet
facet normal -0.16834709374630338 0.9857277798800098 0.0
outer loop
vertex -75.926 -41.472 16.0
vertex -75.926 -41.472 18.0
vertex -73.619 -41.078 17.778
endloop
endfacet
facet normal -0.17105241835586016 0.9852619297296592 0.0
outer loop
vertex -73.619 -41.078 17.778
vertex -73.331 -41.028 18.0
vertex -73.331 -41.028 16.0
endloop
endfacet
facet normal -0.09475648479750527 0.995500481460868 0.0
outer loop
vertex -70.652 -40.773 18.0
vertex -73.331 -41.028 16.0
vertex -73.331 -41.028 18.0
endloop
endfacet
facet normal -0.031838137967826495 0.9994930076840982 0.00024609213054289507
outer loop
vertex -68.221 -40.696 17.778
vertex -67.918 -40.686 16.363999999999997
vertex -70.652 -40.773 16.0
endloop
endfacet
facet normal -0.032985341108196016 0.9994558355785291 0.0
outer loop
vertex -68.221 -40.696 17.778
vertex -67.918 -40.686 18.0
vertex -67.918 -40.686 16.363999999999997
endloop
endfacet
facet normal 0.021305978729057744 0.9997730018711233 0.0
outer loop
vertex -67.918 -40.686 18.0
vertex -65.431 -40.739 18.0
vertex -67.918 -40.686 16.363999999999997
endloop
endfacet
facet normal 0.0 0.0 1.0
outer loop
vertex -70.059 -60.345 18.0
vertex -79.883 -57.868 18.0
vertex -80.053 -59.847 18.0
endloop
endfacet
facet normal 0.0 0.0 1.0
outer loop
vertex -69.943 -58.996 18.0
vertex -79.616 -55.978 18.0
vertex -79.883 -57.868 18.0
endloop
endfacet
facet normal 0.0 0.0 1.0
outer loop
vertex -69.567 -56.747 18.0
vertex -79.25 -54.179 18.0
vertex -79.616 -55.978 18.0
endloop
endfacet
facet normal 0.0 0.0 1.0
outer loop
vertex -69.567 -56.747 18.0
vertex -78.784 -52.473 18.0
vertex -79.25 -54.179 18.0
endloop
endfacet
facet normal 0.0 0.0 1.0
outer loop
vertex -69.567 -56.747 18.0
vertex -78.217 -50.857 18.0
vertex -78.784 -52.473 18.0
endloop
endfacet
facet normal -0.3530019301318012 0.9356148442294187 -0.0038079628128117396
outer loop
vertex -78.409 -42.125 18.0
vertex -78.669 -42.224 17.778
vertex -80.752 -43.009 18.0
endloop
endfacet
facet normal 0.0 -0.0 1.0
outer loop
vertex -70.059 -60.345 18.0
vertex -69.943 -58.996 18.0
vertex -79.883 -57.868 18.0
endloop
endfacet
facet normal 0.0 -0.0 1.0
outer loop
vertex -69.943 -58.996 18.0
vertex -69.567 -56.747 18.0
vertex -79.616 -55.978 18.0
endloop
endfacet
facet normal 0.0 0.0 1.0
outer loop
vertex -69.567 -56.747 18.0
vertex -77.545 -49.328 18.0
vertex -78.217 -50.857 18.0
endloop
endfacet
facet normal 0.0 0.0 1.0
outer loop
vertex -69.567 -56.747 18.0
vertex -76.79 -47.928 18.0
vertex -77.545 -49.328 18.0
endloop
endfacet
facet normal 0.0 0.0 1.0
outer loop
vertex -69.567 -56.747 18.0
vertex -74.654 -47.342 18.0
vertex -76.79 -47.928 18.0
endloop
endfacet
facet normal 0.0 0.0 0.9999999999999999
outer loop
vertex -69.567 -56.747 18.0
vertex -72.54 -46.98 18.0
vertex -74.654 -47.342 18.0
endloop
endfacet
facet normal 0.0 0.0 1.0
outer loop
vertex -69.567 -56.747 18.0
vertex -70.272 -46.764 18.0
vertex -72.54 -46.98 18.0
endloop
endfacet
facet normal 0.0 0.0 1.0
outer loop
vertex -69.567 -56.747 18.0
vertex -65.959 -56.732 18.0
vertex -65.42 -46.741 18.0
endloop
endfacet
facet normal 0.0 -0.0 1.0
outer loop
vertex -69.567 -56.747 18.0
vertex -67.886 -46.688 18.0
vertex -70.272 -46.764 18.0
endloop
endfacet
facet normal 0.0 -0.0 1.0
outer loop
vertex -69.567 -56.747 18.0
vertex -65.42 -46.741 18.0
vertex -67.886 -46.688 18.0
endloop
endfacet
facet normal -0.1683664621508417 0.9857244500861279 -0.00020718400026754183
outer loop
vertex -73.619 -41.078 17.778
vertex -75.926 -41.472 18.0
vertex -73.59 -41.073 18.0
endloop
endfacet
facet normal -0.03294913281398033 0.9994570286906845 -4.9473172382468826e-05
outer loop
vertex -68.221 -40.696 17.778
vertex -68.191 -40.695 18.0
vertex -67.918 -40.686 18.0
endloop
endfacet
facet normal -0.9442681824891538 -0.32917715525022456 0.0
outer loop
vertex -70.061 -6.449 16.0
vertex -69.886 -6.951 16.0
vertex -70.061 -6.449 18.0
endloop
endfacet
facet normal -0.9736830386454274 -0.22790642872505207 0.0
outer loop
vertex -70.689 -3.766 16.0
vertex -70.061 -6.449 16.0
vertex -70.689 -3.766 18.0
endloop
endfacet
facet normal -0.9338458826038825 -0.3576756457235742 -0.0
outer loop
vertex -70.689 -3.766 16.0
vertex -72.326 0.508 18.0
vertex -72.326 0.508 16.0
endloop
endfacet
facet normal -0.9736830386454274 -0.22790642872505207 0.0
outer loop
vertex -70.061 -6.449 16.0
vertex -70.061 -6.449 18.0
vertex -70.689 -3.766 18.0
endloop
endfacet
facet normal -0.9338458826038825 -0.3576756457235742 0.0
outer loop
vertex -70.689 -3.766 16.0
vertex -70.689 -3.766 18.0
vertex -72.326 0.508 18.0
endloop
endfacet
facet normal -0.845768048069076 -0.5335507556600638 0.0
outer loop
vertex -68.064 -11.297 16.0
vertex -66.702 -13.456 16.0
vertex -68.064 -11.297 18.0
endloop
endfacet
facet normal -0.9015652109234102 -0.43264323692001333 0.0
outer loop
vertex -69.185 -8.961 16.0
vertex -68.064 -11.297 16.0
vertex -69.185 -8.961 18.0
endloop
endfacet
facet normal -0.7773272713641172 -0.6290964259901785 0.0
outer loop
vertex -66.702 -13.456 16.0
vertex -65.102 -15.433 16.0
vertex -66.702 -13.456 18.0
endloop
endfacet
facet normal -0.9015652109234102 -0.43264323692001333 0.0
outer loop
vertex -69.185 -8.961 18.0
vertex -68.064 -11.297 16.0
vertex -68.064 -11.297 18.0
endloop
endfacet
facet normal -0.845768048069076 -0.5335507556600638 0.0
outer loop
vertex -68.064 -11.297 18.0
vertex -66.702 -13.456 16.0
vertex -66.702 -13.456 18.0
endloop
endfacet
facet normal -0.7773272713641172 -0.6290964259901785 0.0
outer loop
vertex -66.702 -13.456 18.0
vertex -65.102 -15.433 16.0
vertex -65.102 -15.433 18.0
endloop
endfacet
facet normal -0.9448516249424699 -0.3274983719920235 -0.0004724258124736397
outer loop
vertex -70.061 -6.449 18.0
vertex -69.886 -6.951 16.0
vertex -69.974 -6.7 18.0
endloop
endfacet
facet normal 0.0 0.0 -1.0
outer loop
vertex -65.959 -56.732 16.0
vertex -65.42 -46.741 16.0
vertex -61.622 -57.107 16.0
endloop
endfacet
facet normal 0.0 -0.0 -1.0
outer loop
vertex -61.622 -57.107 16.0
vertex -60.431 -47.172 16.0
vertex -60.567 -57.269 16.0
endloop
endfacet
facet normal 0.0 0.0 -1.0
outer loop
vertex -61.622 -57.107 16.0
vertex -65.42 -46.741 16.0
vertex -60.431 -47.172 16.0
endloop
endfacet
facet normal 0.0 0.0 -1.0
outer loop
vertex -58.083 -61.088 16.0
vertex -60.567 -57.269 16.0
vertex -52.147 -51.875 16.0
endloop
endfacet
facet normal 0.0 -0.0 -1.0
outer loop
vertex -58.083 -61.088 16.0
vertex -50.21 -54.923 16.0
vertex -55.875 -63.909 16.0
endloop
endfacet
facet normal 0.0 0.0 -1.0
outer loop
vertex -60.567 -57.269 16.0
vertex -60.431 -47.172 16.0
vertex -55.437 -47.94 16.0
endloop
endfacet
facet normal 0.0 0.0 -0.9999999999999999
outer loop
vertex -60.567 -57.269 16.0
vertex -55.437 -47.94 16.0
vertex -53.966 -48.238 16.0
endloop
endfacet
facet normal 0.0 0.0 -1.0
outer loop
vertex -60.567 -57.269 16.0
vertex -53.966 -48.238 16.0
vertex -52.147 -51.875 16.0
endloop
endfacet
facet normal -0.08614388171719138 -0.996282706686558 0.0
outer loop
vertex -65.959 -56.732 16.0
vertex -61.622 -57.107 16.0
vertex -65.959 -56.732 18.0
endloop
endfacet
facet normal -0.15177557065763228 -0.9884149817518703 0.0
outer loop
vertex -61.622 -57.107 16.0
vertex -60.567 -57.269 16.0
vertex -61.622 -57.107 18.0
endloop
endfacet
facet normal -0.8382780831756946 -0.5452429323405147 -0.0
outer loop
vertex -58.083 -61.088 16.0
vertex -60.567 -57.269 18.0
vertex -60.567 -57.269 16.0
endloop
endfacet
facet normal -0.08614388171719138 -0.996282706686558 0.0
outer loop
vertex -61.622 -57.107 16.0
vertex -61.622 -57.107 18.0
vertex -65.959 -56.732 18.0
endloop
endfacet
facet normal -0.15177557065763228 -0.9884149817518703 0.0
outer loop
vertex -60.567 -57.269 16.0
vertex -60.567 -57.269 18.0
vertex -61.622 -57.107 18.0
endloop
endfacet
facet normal -0.8382780831756946 -0.5452429323405147 0.0
outer loop
vertex -58.083 -61.088 16.0
vertex -58.083 -61.088 18.0
vertex -60.567 -57.269 18.0
endloop
endfacet
facet normal 0.06719032327665485 0.9977401768286064 0.0
outer loop
vertex -62.393 -40.931 16.0
vertex -65.155 -40.745 16.0
vertex -62.393 -40.931 18.0
endloop
endfacet
facet normal 0.10544182348960131 0.9944254732553806 0.0
outer loop
vertex -59.658 -41.221 16.0
vertex -62.393 -40.931 16.0
vertex -59.658 -41.221 18.0
endloop
endfacet
facet normal 0.06719032327665485 0.9977401768286064 -0.0
outer loop
vertex -65.155 -40.745 16.0
vertex -65.155 -40.745 18.0
vertex -62.393 -40.931 18.0
endloop
endfacet
facet normal 0.10544182348960131 0.9944254732553806 -0.0
outer loop
vertex -62.393 -40.931 16.0
vertex -62.393 -40.931 18.0
vertex -59.658 -41.221 18.0
endloop
endfacet
facet normal 0.1518318108820957 0.9884063441744309 0.0
outer loop
vertex -59.658 -41.221 16.0
vertex -54.385 -42.031 18.0
vertex -54.385 -42.031 16.0
endloop
endfacet
facet normal 0.1518318108820957 0.9884063441744309 -0.0
outer loop
vertex -54.385 -42.031 18.0
vertex -59.658 -41.221 16.0
vertex -59.658 -41.221 18.0
endloop
endfacet
facet normal 0.0 0.0 -1.0
outer loop
vertex -55.875 -63.909 16.0
vertex -50.21 -54.923 16.0
vertex -48.001 -57.744 16.0
endloop
endfacet
facet normal 0.0 0.0 -1.0
outer loop
vertex -58.083 -61.088 16.0
vertex -52.147 -51.875 16.0
vertex -50.21 -54.923 16.0
endloop
endfacet
facet normal 0.7922504254071512 0.6101960487288056 0.00021344306231245685
outer loop
vertex -43.997 -53.157 16.0
vertex -45.455 -51.264 16.0
vertex -43.815 -53.394 18.0
endloop
endfacet
facet normal 0.8483508793441825 0.5294344015229387 0.0
outer loop
vertex -45.455 -51.264 16.0
vertex -47.057 -48.697 16.0
vertex -45.455 -51.264 18.0
endloop
endfacet
facet normal 0.8952704961383958 0.44552299463003087 0.0
outer loop
vertex -47.057 -48.697 16.0
vertex -48.428 -45.942 16.0
vertex -47.057 -48.697 18.0
endloop
endfacet
facet normal 0.8483508793441825 0.5294344015229387 -0.0
outer loop
vertex -45.455 -51.264 18.0
vertex -47.057 -48.697 16.0
vertex -47.057 -48.697 18.0
endloop
endfacet
facet normal 0.8952704961383958 0.44552299463003087 -0.0
outer loop
vertex -47.057 -48.697 18.0
vertex -48.428 -45.942 16.0
vertex -48.428 -45.942 18.0
endloop
endfacet
facet normal 0.7923473320521213 0.6100702462748742 -0.0
outer loop
vertex -45.455 -51.264 16.0
vertex -45.455 -51.264 18.0
vertex -43.815 -53.394 18.0
endloop
endfacet
facet normal 0.19861497864295852 0.9800775939988919 0.0
outer loop
vertex -49.559 -43.009 16.0
vertex -54.385 -42.031 16.0
vertex -49.559 -43.009 18.0
endloop
endfacet
facet normal 0.933033697954025 0.3597889916079109 0.0
outer loop
vertex -48.428 -45.942 16.0
vertex -49.559 -43.009 16.0
vertex -48.428 -45.942 18.0
endloop
endfacet
facet normal 0.19861497864295852 0.9800775939988919 -0.0
outer loop
vertex -54.385 -42.031 16.0
vertex -54.385 -42.031 18.0
vertex -49.559 -43.009 18.0
endloop
endfacet
facet normal 0.933033697954025 0.3597889916079109 -0.0
outer loop
vertex -49.559 -43.009 16.0
vertex -49.559 -43.009 18.0
vertex -48.428 -45.942 18.0
endloop
endfacet
facet normal -0.0 0.0 1.0
outer loop
vertex -65.959 -56.732 18.0
vertex -61.622 -57.107 18.0
vertex -60.431 -47.172 18.0
endloop
endfacet
facet normal 0.0 -0.0 1.0
outer loop
vertex -65.959 -56.732 18.0
vertex -60.431 -47.172 18.0
vertex -65.42 -46.741 18.0
endloop
endfacet
facet normal -0.0 0.0 1.0
outer loop
vertex -61.622 -57.107 18.0
vertex -60.567 -57.269 18.0
vertex -55.437 -47.94 18.0
endloop
endfacet
facet normal 0.0 -0.0 1.0
outer loop
vertex -58.083 -61.088 18.0
vertex -50.21 -54.923 18.0
vertex -60.567 -57.269 18.0
endloop
endfacet
facet normal 0.0 -0.0 1.0
outer loop
vertex -60.567 -57.269 18.0
vertex -50.21 -54.923 18.0
vertex -52.147 -51.875 18.0
endloop
endfacet
facet normal 0.0 -0.0 1.0
outer loop
vertex -61.622 -57.107 18.0
vertex -55.437 -47.94 18.0
vertex -60.431 -47.172 18.0
endloop
endfacet
facet normal 0.0 -0.0 0.9999999999999999
outer loop
vertex -60.567 -57.269 18.0
vertex -53.966 -48.238 18.0
vertex -55.437 -47.94 18.0
endloop
endfacet
facet normal 0.0 -0.0 1.0
outer loop
vertex -60.567 -57.269 18.0
vertex -52.147 -51.875 18.0
vertex -53.966 -48.238 18.0
endloop
endfacet
facet normal 0.0 -0.0 1.0
outer loop
vertex -58.083 -61.088 18.0
vertex -48.001 -57.744 18.0
vertex -50.21 -54.923 18.0
endloop
endfacet
facet normal -0.6990644475660094 -0.71505866762751 0.0
outer loop
vertex -65.102 -15.433 16.0
vertex -63.269 -17.225 16.0
vertex -65.102 -15.433 18.0
endloop
endfacet
facet normal -0.6131988190205062 -0.7899286096552374 0.0
outer loop
vertex -63.269 -17.225 16.0
vertex -61.204 -18.828 16.0
vertex -63.269 -17.225 18.0
endloop
endfacet
facet normal -0.6990644475660094 -0.71505866762751 0.0
outer loop
vertex -65.102 -15.433 18.0
vertex -63.269 -17.225 16.0
vertex -63.269 -17.225 18.0
endloop
endfacet
facet normal -0.6131988190205062 -0.7899286096552374 0.0
outer loop
vertex -61.204 -18.828 16.0
vertex -61.204 -18.828 18.0
vertex -63.269 -17.225 18.0
endloop
endfacet
facet normal -0.43499935522548566 -0.9004307641087191 0.0
outer loop
vertex -58.913 -20.239 16.0
vertex -56.398 -21.454 16.0
vertex -58.913 -20.239 18.0
endloop
endfacet
facet normal -0.34822955684423157 -0.9374092893395446 0.0
outer loop
vertex -56.398 -21.454 16.0
vertex -53.663 -22.47 16.0
vertex -56.398 -21.454 18.0
endloop
endfacet
facet normal -0.43499935522548566 -0.9004307641087191 0.0
outer loop
vertex -56.398 -21.454 16.0
vertex -56.398 -21.454 18.0
vertex -58.913 -20.239 18.0
endloop
endfacet
facet normal -0.34822955684423157 -0.9374092893395446 0.0
outer loop
vertex -56.398 -21.454 18.0
vertex -53.663 -22.47 16.0
vertex -53.663 -22.47 18.0
endloop
endfacet
facet normal -0.0 0.0 -0.9999999999999999
outer loop
vertex -57.023 5.287 16.0
vertex -64.292 -4.772 16.0
vertex -65.086 -1.621 16.0
endloop
endfacet
facet normal 0.0 0.0 -1.0
outer loop
vertex -59.319 -12.695 16.0
vertex -60.691 -11.346 16.0
vertex -57.516 -10.793 16.0
endloop
endfacet
facet normal 0.0 -0.0 -1.0
outer loop
vertex -59.319 -12.695 16.0
vertex -57.516 -10.793 16.0
vertex -57.781 -13.889 16.0
endloop
endfacet
facet normal 0.0 -0.0 -0.9999999999999999
outer loop
vertex -64.292 -4.772 16.0
vertex -43.346 0.807 16.0
vertex -63.542 -6.852 16.0
endloop
endfacet
facet normal -0.0 0.0 -1.0
outer loop
vertex -59.286 -6.122 16.0
vertex -63.542 -6.852 16.0
vertex -43.346 0.807 16.0
endloop
endfacet
facet normal -0.19753870821656247 -0.9802950875915536 0.0
outer loop
vertex -50.711 -23.284 16.0
vertex -45.411 -24.352 16.0
vertex -50.711 -23.284 18.0
endloop
endfacet
facet normal -0.157502953208059 -0.9875185161457682 0.0
outer loop
vertex -45.411 -24.352 16.0
vertex -43.041 -24.73 16.0
vertex -45.411 -24.352 18.0
endloop
endfacet
facet normal -0.19753870821656247 -0.9802950875915536 0.0
outer loop
vertex -50.711 -23.284 18.0
vertex -45.411 -24.352 16.0
vertex -45.411 -24.352 18.0
endloop
endfacet
facet normal -0.157502953208059 -0.9875185161457682 0.0
outer loop
vertex -45.411 -24.352 18.0
vertex -43.041 -24.73 16.0
vertex -43.041 -24.73 18.0
endloop
endfacet
facet normal 0.0 -0.0 -1.0
outer loop
vertex -59.286 -6.122 16.0
vertex -43.346 0.807 16.0
vertex -51.17 -3.249 16.0
endloop
endfacet
facet normal 0.0 -0.0 0.9999999999999999
outer loop
vertex -63.542 -6.852 18.0
vertex -51.17 -3.249 18.0
vertex -64.292 -4.772 18.0
endloop
endfacet
facet normal -0.0 0.0 0.9999999999999999
outer loop
vertex -65.086 -1.621 18.0
vertex -64.292 -4.772 18.0
vertex -51.17 -3.249 18.0
endloop
endfacet
facet normal -0.0 0.0 1.0
outer loop
vertex -60.691 -11.346 18.0
vertex -59.319 -12.695 18.0
vertex -57.516 -10.793 18.0
endloop
endfacet
facet normal 0.0 0.0 1.0
outer loop
vertex -63.542 -6.852 18.0
vertex -59.286 -6.122 18.0
vertex -51.17 -3.249 18.0
endloop
endfacet
facet normal 0.0 0.0 1.0
outer loop
vertex -13.249 4.421 18.0
vertex -59.319 -12.695 18.0
vertex -57.781 -13.889 18.0
endloop
endfacet
facet normal 0.0 0.0 1.0
outer loop
vertex -13.249 4.421 18.0
vertex -57.516 -10.793 18.0
vertex -59.319 -12.695 18.0
endloop
endfacet
facet normal -0.0 -0.0 -1.0
outer loop
vertex -37.002 -98.49 16.0
vertex -35.784 -109.323 16.0
vertex -40.145 -107.986 16.0
endloop
endfacet
facet normal -0.0 -0.0 -0.9999999999999999
outer loop
vertex -33.056 -99.699 16.0
vertex -31.208 -110.515 16.0
vertex -35.784 -109.323 16.0
endloop
endfacet
facet normal -0.2930509372400642 -0.9560968299198151 0.0
outer loop
vertex -42.031 -113.683 16.0
vertex -37.421 -115.096 16.0
vertex -42.031 -113.683 18.0
endloop
endfacet
facet normal -0.2930509372400642 -0.9560968299198151 0.0
outer loop
vertex -37.421 -115.096 16.0
vertex -37.421 -115.096 18.0
vertex -42.031 -113.683 18.0
endloop
endfacet
facet normal -0.0 -0.0 -1.0
outer loop
vertex -40.705 -97.173 16.0
vertex -40.145 -107.986 16.0
vertex -44.275 -106.517 16.0
endloop
endfacet
facet normal 0.0 -0.0 -1.0
outer loop
vertex -40.705 -97.173 16.0
vertex -37.002 -98.49 16.0
vertex -40.145 -107.986 16.0
endloop
endfacet
facet normal 0.0 -0.0 -1.0
outer loop
vertex -37.002 -98.49 16.0
vertex -33.056 -99.699 16.0
vertex -35.784 -109.323 16.0
endloop
endfacet
facet normal 0.33509499953786137 0.9421843457013712 0.0
outer loop
vertex -40.705 -97.173 16.0
vertex -37.002 -98.49 18.0
vertex -37.002 -98.49 16.0
endloop
endfacet
facet normal 0.33509499953786137 0.9421843457013712 -0.0
outer loop
vertex -40.705 -97.173 16.0
vertex -40.705 -97.173 18.0
vertex -37.002 -98.49 18.0
endloop
endfacet
facet normal 0.37860263640087294 0.9255593139882006 0.0
outer loop
vertex -44.284 -95.709 16.0
vertex -40.705 -97.173 18.0
vertex -40.705 -97.173 16.0
endloop
endfacet
facet normal 0.29294484860796405 0.9561293404524605 0.0
outer loop
vertex -37.002 -98.49 16.0
vertex -33.056 -99.699 18.0
vertex -33.056 -99.699 16.0
endloop
endfacet
facet normal 0.29294484860796405 0.9561293404524605 -0.0
outer loop
vertex -37.002 -98.49 16.0
vertex -37.002 -98.49 18.0
vertex -33.056 -99.699 18.0
endloop
endfacet
facet normal -0.0 -0.0 -1.0
outer loop
vertex -28.886 -100.786 16.0
vertex -26.433 -111.552 16.0
vertex -31.208 -110.515 16.0
endloop
endfacet
facet normal -0.0 -0.0 -1.0
outer loop
vertex -24.509 -101.736 16.0
vertex -21.473 -112.42 16.0
vertex -26.433 -111.552 16.0
endloop
endfacet
facet normal 0.0 -0.0 -1.0
outer loop
vertex -24.509 -101.736 16.0
vertex -19.943 -102.536 16.0
vertex -21.473 -112.42 16.0
endloop
endfacet
facet normal -0.21220312204564745 -0.9772255804030511 0.0
outer loop
vertex -32.602 -116.352 16.0
vertex -27.587 -117.441 16.0
vertex -32.602 -116.352 18.0
endloop
endfacet
facet normal -0.21220312204564745 -0.9772255804030511 0.0
outer loop
vertex -27.587 -117.441 16.0
vertex -27.587 -117.441 18.0
vertex -32.602 -116.352 18.0
endloop
endfacet
facet normal 0.0 -0.0 -1.0
outer loop
vertex -33.056 -99.699 16.0
vertex -28.886 -100.786 16.0
vertex -31.208 -110.515 16.0
endloop
endfacet
facet normal 0.0 -0.0 -1.0
outer loop
vertex -28.886 -100.786 16.0
vertex -24.509 -101.736 16.0
vertex -26.433 -111.552 16.0
endloop
endfacet
facet normal 0.2522424105347813 0.9676640772125432 0.0
outer loop
vertex -33.056 -99.699 16.0
vertex -28.886 -100.786 18.0
vertex -28.886 -100.786 16.0
endloop
endfacet
facet normal 0.2522424105347813 0.9676640772125432 -0.0
outer loop
vertex -33.056 -99.699 16.0
vertex -33.056 -99.699 18.0
vertex -28.886 -100.786 18.0
endloop
endfacet
facet normal 0.21210520797513277 0.9772468371654243 -0.0
outer loop
vertex -28.886 -100.786 16.0
vertex -28.886 -100.786 18.0
vertex -24.509 -101.736 18.0
endloop
endfacet
facet normal 0.21210520797513277 0.9772468371654243 0.0
outer loop
vertex -28.886 -100.786 16.0
vertex -24.509 -101.736 18.0
vertex -24.509 -101.736 16.0
endloop
endfacet
facet normal 0.17257917629017513 0.9849956486761778 -0.0
outer loop
vertex -24.509 -101.736 16.0
vertex -24.509 -101.736 18.0
vertex -19.943 -102.536 18.0
endloop
endfacet
facet normal 0.0 0.0 0.9999999999999999
outer loop
vertex -33.056 -99.699 18.0
vertex -40.145 -107.986 18.0
vertex -35.784 -109.323 18.0
endloop
endfacet
facet normal 0.0 0.0 1.0
outer loop
vertex -37.002 -98.49 18.0
vertex -44.275 -106.517 18.0
vertex -40.145 -107.986 18.0
endloop
endfacet
facet normal -0.0 0.0 1.0
outer loop
vertex -40.705 -97.173 18.0
vertex -44.275 -106.517 18.0
vertex -37.002 -98.49 18.0
endloop
endfacet
facet normal -0.0 0.0 1.0
outer loop
vertex -37.002 -98.49 18.0
vertex -40.145 -107.986 18.0
vertex -33.056 -99.699 18.0
endloop
endfacet
facet normal -0.0 0.0 1.0
outer loop
vertex -33.056 -99.699 18.0
vertex -35.784 -109.323 18.0
vertex -28.886 -100.786 18.0
endloop
endfacet
facet normal -0.17238033069168737 -0.9850304610954208 0.00011092685375363456
outer loop
vertex -27.01 -117.542 17.778
vertex -27.067 -117.532 18.0
vertex -27.587 -117.441 18.0
endloop
endfacet
facet normal 0.0 0.0 1.0
outer loop
vertex -28.886 -100.786 18.0
vertex -35.784 -109.323 18.0
vertex -31.208 -110.515 18.0
endloop
endfacet
facet normal 0.0 0.0 0.9999999999999999
outer loop
vertex -24.509 -101.736 18.0
vertex -31.208 -110.515 18.0
vertex -26.433 -111.552 18.0
endloop
endfacet
facet normal 0.0 0.0 1.0
outer loop
vertex -19.943 -102.536 18.0
vertex -26.433 -111.552 18.0
vertex -21.473 -112.42 18.0
endloop
endfacet
facet normal -0.0 0.0 1.0
outer loop
vertex -24.509 -101.736 18.0
vertex -26.433 -111.552 18.0
vertex -19.943 -102.536 18.0
endloop
endfacet
facet normal -0.0 0.0 1.0
outer loop
vertex -28.886 -100.786 18.0
vertex -31.208 -110.515 18.0
vertex -24.509 -101.736 18.0
endloop
endfacet
facet normal -0.384970760089209 -0.9229287696655343 0.0
outer loop
vertex -40.711 -75.58 16.0
vertex -36.47 -77.349 16.0
vertex -40.711 -75.58 18.0
endloop
endfacet
facet normal -0.384970760089209 -0.9229287696655343 0.0
outer loop
vertex -36.47 -77.349 16.0
vertex -36.47 -77.349 18.0
vertex -40.711 -75.58 18.0
endloop
endfacet
facet normal -0.30232268469306045 -0.953205641149894 0.0
outer loop
vertex -36.47 -77.349 16.0
vertex -32.986 -78.454 16.0
vertex -36.47 -77.349 18.0
endloop
endfacet
facet normal -0.30232268469306045 -0.953205641149894 0.0
outer loop
vertex -32.986 -78.454 16.0
vertex -32.986 -78.454 18.0
vertex -36.47 -77.349 18.0
endloop
endfacet
facet normal 0.0 -0.0 -1.0
outer loop
vertex -44.74 -73.408 16.0
vertex -39.899 -64.658 16.0
vertex -40.711 -75.58 16.0
endloop
endfacet
facet normal 0.0 0.0 -1.0
outer loop
vertex -40.711 -75.58 16.0
vertex -36.765 -66.392 16.0
vertex -36.47 -77.349 16.0
endloop
endfacet
facet normal 0.0 0.0 -1.0
outer loop
vertex -40.711 -75.58 16.0
vertex -39.899 -64.658 16.0
vertex -36.765 -66.392 16.0
endloop
endfacet
facet normal 0.0 0.0 -1.0
outer loop
vertex -44.74 -73.408 16.0
vertex -42.829 -62.628 16.0
vertex -39.899 -64.658 16.0
endloop
endfacet
facet normal 0.0 0.0 -1.0
outer loop
vertex -36.47 -77.349 16.0
vertex -36.765 -66.392 16.0
vertex -33.446 -67.817 16.0
endloop
endfacet
facet normal 0.0 0.0 -1.0
outer loop
vertex -36.47 -77.349 16.0
vertex -33.446 -67.817 16.0
vertex -32.986 -78.454 16.0
endloop
endfacet
facet normal -0.474529703075452 -0.8802394906496318 0.0
outer loop
vertex -40.711 -75.58 16.0
vertex -40.711 -75.58 18.0
vertex -44.74 -73.408 18.0
endloop
endfacet
facet normal 0.49143855270966036 0.8709122509820575 0.0
outer loop
vertex -34.353 -60.898 16.0
vertex -36.951 -59.432 16.0
vertex -34.353 -60.898 18.0
endloop
endfacet
facet normal 0.4020171485134936 0.9156321380888067 0.0
outer loop
vertex -31.588 -62.112 16.0
vertex -34.353 -60.898 16.0
vertex -31.588 -62.112 18.0
endloop
endfacet
facet normal 0.4020171485134936 0.9156321380888067 -0.0
outer loop
vertex -34.353 -60.898 16.0
vertex -34.353 -60.898 18.0
vertex -31.588 -62.112 18.0
endloop
endfacet
facet normal 0.0 0.0 -1.0
outer loop
vertex -32.986 -78.454 16.0
vertex -29.962 -68.922 16.0
vertex -29.055 -79.365 16.0
endloop
endfacet
facet normal 0.0 0.0 -1.0
outer loop
vertex -29.055 -79.365 16.0
vertex -26.893 -69.602 16.0
vertex -24.763 -79.967 16.0
endloop
endfacet
facet normal 0.0 0.0 -1.0
outer loop
vertex -24.763 -79.967 16.0
vertex -23.275 -70.077 16.0
vertex -21.142 -80.582 16.0
endloop
endfacet
facet normal -0.22576437180461276 -0.9741819380504181 0.0
outer loop
vertex -32.986 -78.454 16.0
vertex -29.055 -79.365 16.0
vertex -32.986 -78.454 18.0
endloop
endfacet
facet normal -0.1389012933194964 -0.9903062307762034 0.0
outer loop
vertex -29.055 -79.365 16.0
vertex -24.763 -79.967 16.0
vertex -29.055 -79.365 18.0
endloop
endfacet
facet normal -0.22576437180461276 -0.9741819380504181 0.0
outer loop
vertex -29.055 -79.365 16.0
vertex -29.055 -79.365 18.0
vertex -32.986 -78.454 18.0
endloop
endfacet
facet normal -0.16744465845080894 -0.9858814768298936 0.0
outer loop
vertex -24.763 -79.967 16.0
vertex -21.142 -80.582 16.0
vertex -24.763 -79.967 18.0
endloop
endfacet
facet normal -0.1389012933194964 -0.9903062307762034 0.0
outer loop
vertex -24.763 -79.967 16.0
vertex -24.763 -79.967 18.0
vertex -29.055 -79.365 18.0
endloop
endfacet
facet normal -0.16744465845080894 -0.9858814768298936 0.0
outer loop
vertex -21.142 -80.582 16.0
vertex -21.142 -80.582 18.0
vertex -24.763 -79.967 18.0
endloop
endfacet
facet normal 0.0 0.0 -1.0
outer loop
vertex -32.986 -78.454 16.0
vertex -33.446 -67.817 16.0
vertex -29.962 -68.922 16.0
endloop
endfacet
facet normal 0.0 0.0 -1.0
outer loop
vertex -29.055 -79.365 16.0
vertex -29.962 -68.922 16.0
vertex -26.893 -69.602 16.0
endloop
endfacet
facet normal 0.0 0.0 -1.0
outer loop
vertex -24.763 -79.967 16.0
vertex -26.893 -69.602 16.0
vertex -23.275 -70.077 16.0
endloop
endfacet
facet normal 0.2163241096489354 0.9763216066361512 -0.0
outer loop
vertex -28.665 -63.064 16.0
vertex -28.665 -63.064 18.0
vertex -25.596 -63.744 18.0
endloop
endfacet
facet normal 0.2163241096489354 0.9763216066361512 0.0
outer loop
vertex -25.596 -63.744 16.0
vertex -28.665 -63.064 16.0
vertex -25.596 -63.744 18.0
endloop
endfacet
facet normal -0.0 0.0 0.9999999999999999
outer loop
vertex -44.74 -73.408 18.0
vertex -40.711 -75.58 18.0
vertex -36.765 -66.392 18.0
endloop
endfacet
facet normal 0.0 -0.0 1.0
outer loop
vertex -44.74 -73.408 18.0
vertex -36.765 -66.392 18.0
vertex -39.899 -64.658 18.0
endloop
endfacet
facet normal -0.0 0.0 1.0
outer loop
vertex -40.711 -75.58 18.0
vertex -36.47 -77.349 18.0
vertex -33.446 -67.817 18.0
endloop
endfacet
facet normal 0.0 -0.0 1.0
outer loop
vertex -40.711 -75.58 18.0
vertex -33.446 -67.817 18.0
vertex -36.765 -66.392 18.0
endloop
endfacet
facet normal -0.0 0.0 1.0
outer loop
vertex -36.47 -77.349 18.0
vertex -32.986 -78.454 18.0
vertex -29.962 -68.922 18.0
endloop
endfacet
facet normal 0.0 -0.0 0.9999999999999999
outer loop
vertex -36.47 -77.349 18.0
vertex -29.962 -68.922 18.0
vertex -33.446 -67.817 18.0
endloop
endfacet
facet normal -0.0 0.0 1.0
outer loop
vertex -32.986 -78.454 18.0
vertex -29.055 -79.365 18.0
vertex -26.893 -69.602 18.0
endloop
endfacet
facet normal -0.0 0.0 1.0
outer loop
vertex -29.055 -79.365 18.0
vertex -24.763 -79.967 18.0
vertex -23.275 -70.077 18.0
endloop
endfacet
facet normal -0.0 0.0 1.0
outer loop
vertex -24.763 -79.967 18.0
vertex -21.142 -80.582 18.0
vertex -19.468 -70.723 18.0
endloop
endfacet
facet normal 0.0 -0.0 1.0
outer loop
vertex -32.986 -78.454 18.0
vertex -26.893 -69.602 18.0
vertex -29.962 -68.922 18.0
endloop
endfacet
facet normal 0.30842419818479705 0.951245158612067 0.0026762270397381613
outer loop
vertex -28.99 -62.958 17.778
vertex -28.958 -62.969 18.0
vertex -28.665 -63.064 18.0
endloop
endfacet
facet normal 0.0 -0.0 1.0
outer loop
vertex -29.055 -79.365 18.0
vertex -23.275 -70.077 18.0
vertex -26.893 -69.602 18.0
endloop
endfacet
facet normal 0.0 -0.0 1.0
outer loop
vertex -24.763 -79.967 18.0
vertex -19.468 -70.723 18.0
vertex -23.275 -70.077 18.0
endloop
endfacet
facet normal -0.0 -0.0 -1.0
outer loop
vertex -19.943 -102.536 16.0
vertex -16.343 -113.11 16.0
vertex -21.473 -112.42 16.0
endloop
endfacet
facet normal 0.0 -0.0 -0.9999999999999999
outer loop
vertex -19.943 -102.536 16.0
vertex -15.205 -103.173 16.0
vertex -16.343 -113.11 16.0
endloop
endfacet
facet normal -0.0 -0.0 -1.0
outer loop
vertex -15.205 -103.173 16.0
vertex -11.06 -113.61 16.0
vertex -16.343 -113.11 16.0
endloop
endfacet
facet normal 0.0 -0.0 -1.0
outer loop
vertex -15.205 -103.173 16.0
vertex -10.312 -103.636 16.0
vertex -11.06 -113.61 16.0
endloop
endfacet
facet normal -0.13321657193510894 -0.9910869512620263 0.0
outer loop
vertex -22.39 -118.351 16.0
vertex -17.026 -119.072 16.0
vertex -22.39 -118.351 18.0
endloop
endfacet
facet normal -0.13321657193510894 -0.9910869512620263 0.0
outer loop
vertex -22.39 -118.351 18.0
vertex -17.026 -119.072 16.0
vertex -17.026 -119.072 18.0
endloop
endfacet
facet normal -0.09435783887785813 -0.9955383459426865 0.0
outer loop
vertex -17.026 -119.072 16.0
vertex -11.508 -119.595 16.0
vertex -17.026 -119.072 18.0
endloop
endfacet
facet normal -0.09435783887785813 -0.9955383459426865 0.0
outer loop
vertex -17.026 -119.072 18.0
vertex -11.508 -119.595 16.0
vertex -11.508 -119.595 18.0
endloop
endfacet
facet normal 0.17257917629017513 0.9849956486761778 0.0
outer loop
vertex -24.509 -101.736 16.0
vertex -19.943 -102.536 18.0
vertex -19.943 -102.536 16.0
endloop
endfacet
facet normal 0.13324606633527059 0.9910829863367531 0.0
outer loop
vertex -19.943 -102.536 16.0
vertex -15.205 -103.173 18.0
vertex -15.205 -103.173 16.0
endloop
endfacet
facet normal 0.13324606633527059 0.9910829863367531 -0.0
outer loop
vertex -19.943 -102.536 16.0
vertex -19.943 -102.536 18.0
vertex -15.205 -103.173 18.0
endloop
endfacet
facet normal 0.09420416763916048 0.99555289904626 0.0
outer loop
vertex -15.205 -103.173 16.0
vertex -10.312 -103.636 18.0
vertex -10.312 -103.636 16.0
endloop
endfacet
facet normal 0.09420416763916048 0.99555289904626 -0.0
outer loop
vertex -15.205 -103.173 16.0
vertex -15.205 -103.173 18.0
vertex -10.312 -103.636 18.0
endloop
endfacet
facet normal -0.0 -0.0 -1.0
outer loop
vertex -10.312 -103.636 16.0
vertex -5.637 -113.91 16.0
vertex -11.06 -113.61 16.0
endloop
endfacet
facet normal 0.0 -0.0 -1.0
outer loop
vertex -10.312 -103.636 16.0
vertex -5.281 -103.914 16.0
vertex -5.637 -113.91 16.0
endloop
endfacet
facet normal -0.0 -0.0 -1.0
outer loop
vertex -5.281 -103.914 16.0
vertex -0.089 -113.999 16.0
vertex -5.637 -113.91 16.0
endloop
endfacet
facet normal 0.0 0.0 -1.0
outer loop
vertex -5.281 -103.914 16.0
vertex -0.126 -103.997 16.0
vertex -0.089 -113.999 16.0
endloop
endfacet
facet normal -0.05505951206339331 -0.9984830745342361 0.0
outer loop
vertex -11.508 -119.595 16.0
vertex -5.85 -119.907 16.0
vertex -11.508 -119.595 18.0
endloop
endfacet
facet normal -0.01643376658672691 -0.9998649565395182 0.0
outer loop
vertex -5.85 -119.907 16.0
vertex -4.694 -119.926 16.0
vertex -5.85 -119.907 18.0
endloop
endfacet
facet normal -0.05505951206339331 -0.9984830745342361 0.0
outer loop
vertex -5.85 -119.907 16.0
vertex -5.85 -119.907 18.0
vertex -11.508 -119.595 18.0
endloop
endfacet
facet normal -0.01729844715722743 -0.9998502456872329 -0.0004999251228460104
outer loop
vertex -5.85 -119.907 18.0
vertex -4.694 -119.926 16.0
vertex -5.272 -119.917 18.0
endloop
endfacet
facet normal 0.0551732358481215 0.998476796949257 0.0
outer loop
vertex -10.312 -103.636 16.0
vertex -5.281 -103.914 18.0
vertex -5.281 -103.914 16.0
endloop
endfacet
facet normal 0.0551732358481215 0.998476796949257 -0.0
outer loop
vertex -10.312 -103.636 16.0
vertex -10.312 -103.636 18.0
vertex -5.281 -103.914 18.0
endloop
endfacet
facet normal 0.016098786364644742 0.9998704061415088 0.0
outer loop
vertex -5.281 -103.914 16.0
vertex -0.126 -103.997 18.0
vertex -0.126 -103.997 16.0
endloop
endfacet
facet normal 0.016098786364644742 0.9998704061415088 -0.0
outer loop
vertex -5.281 -103.914 16.0
vertex -5.281 -103.914 18.0
vertex -0.126 -103.997 18.0
endloop
endfacet
facet normal -0.0 0.0 1.0
outer loop
vertex -19.943 -102.536 18.0
vertex -21.473 -112.42 18.0
vertex -15.205 -103.173 18.0
endloop
endfacet
facet normal 0.0 0.0 1.0
outer loop
vertex -15.205 -103.173 18.0
vertex -21.473 -112.42 18.0
vertex -16.343 -113.11 18.0
endloop
endfacet
facet normal -0.0 0.0 1.0
outer loop
vertex -15.205 -103.173 18.0
vertex -16.343 -113.11 18.0
vertex -10.312 -103.636 18.0
endloop
endfacet
facet normal 0.0 0.0 0.9999999999999999
outer loop
vertex -10.312 -103.636 18.0
vertex -16.343 -113.11 18.0
vertex -11.06 -113.61 18.0
endloop
endfacet
facet normal -0.0 0.0 0.9999999999999999
outer loop
vertex -10.312 -103.636 18.0
vertex -11.06 -113.61 18.0
vertex -5.281 -103.914 18.0
endloop
endfacet
facet normal 0.0 0.0 1.0
outer loop
vertex -5.281 -103.914 18.0
vertex -11.06 -113.61 18.0
vertex -5.637 -113.91 18.0
endloop
endfacet
facet normal -0.0 0.0 1.0
outer loop
vertex -5.281 -103.914 18.0
vertex -5.637 -113.91 18.0
vertex -0.126 -103.997 18.0
endloop
endfacet
facet normal 0.0 0.0 1.0
outer loop
vertex -0.126 -103.997 18.0
vertex -5.637 -113.91 18.0
vertex -0.089 -113.999 18.0
endloop
endfacet
facet normal 0.0 0.0 -1.0
outer loop
vertex -21.142 -80.582 16.0
vertex -19.468 -70.723 16.0
vertex -16.992 -81.008 16.0
endloop
endfacet
facet normal 0.0 0.0 -1.0
outer loop
vertex -16.992 -81.008 16.0
vertex -16.034 -71.054 16.0
vertex -12.465 -81.142 16.0
endloop
endfacet
facet normal 0.0 0.0 -1.0
outer loop
vertex -12.465 -81.142 16.0
vertex -12.225 -71.145 16.0
vertex -7.993 -80.936 16.0
endloop
endfacet
facet normal -0.10211401706291451 -0.9947727014344909 0.0
outer loop
vertex -21.142 -80.582 16.0
vertex -16.992 -81.008 16.0
vertex -21.142 -80.582 18.0
endloop
endfacet
facet normal -0.10211401706291451 -0.9947727014344909 0.0
outer loop
vertex -16.992 -81.008 16.0
vertex -16.992 -81.008 18.0
vertex -21.142 -80.582 18.0
endloop
endfacet
facet normal -0.0295872178322453 -0.9995622024371207 0.0
outer loop
vertex -16.992 -81.008 16.0
vertex -12.465 -81.142 16.0
vertex -16.992 -81.008 18.0
endloop
endfacet
facet normal 0.04601560566239441 -0.9989407209817424 0.0
outer loop
vertex -12.465 -81.142 16.0
vertex -7.993 -80.936 16.0
vertex -12.465 -81.142 18.0
endloop
endfacet
facet normal -0.0295872178322453 -0.9995622024371207 0.0
outer loop
vertex -12.465 -81.142 16.0
vertex -12.465 -81.142 18.0
vertex -16.992 -81.008 18.0
endloop
endfacet
facet normal 0.0 0.0 -1.0
outer loop
vertex -21.142 -80.582 16.0
vertex -23.275 -70.077 16.0
vertex -19.468 -70.723 16.0
endloop
endfacet
facet normal 0.0 0.0 -1.0
outer loop
vertex -16.992 -81.008 16.0
vertex -19.468 -70.723 16.0
vertex -16.034 -71.054 16.0
endloop
endfacet
facet normal 0.0 0.0 -1.0
outer loop
vertex -12.465 -81.142 16.0
vertex -16.034 -71.054 16.0
vertex -12.225 -71.145 16.0
endloop
endfacet
facet normal 0.1718404696167161 0.9851247905732078 0.0
outer loop
vertex -18.893 -64.75 16.0
vertex -22.39 -64.14 16.0
vertex -18.893 -64.75 18.0
endloop
endfacet
facet normal 0.09594437875479103 0.995386696809515 0.0
outer loop
vertex -15.459 -65.081 16.0
vertex -18.893 -64.75 16.0
vertex -15.459 -65.081 18.0
endloop
endfacet
facet normal 0.1718404696167161 0.9851247905732078 -0.0
outer loop
vertex -22.39 -64.14 16.0
vertex -22.39 -64.14 18.0
vertex -18.893 -64.75 18.0
endloop
endfacet
facet normal 0.09594437875479103 0.995386696809515 -0.0
outer loop
vertex -18.893 -64.75 16.0
vertex -18.893 -64.75 18.0
vertex -15.459 -65.081 18.0
endloop
endfacet
facet normal 0.019393546787997124 0.9998119274858557 0.0
outer loop
vertex -12.108 -65.146 16.0
vertex -15.459 -65.081 16.0
vertex -12.108 -65.146 18.0
endloop
endfacet
facet normal 0.019393546787997124 0.9998119274858557 0.0
outer loop
vertex -15.459 -65.081 18.0
vertex -12.108 -65.146 18.0
vertex -15.459 -65.081 16.0
endloop
endfacet
facet normal -0.05720745229837187 0.9983623126909037 0.0
outer loop
vertex -12.108 -65.146 16.0
vertex -12.108 -65.146 18.0
vertex -8.862 -64.96 18.0
endloop
endfacet
facet normal 0.0 0.0 -1.0
outer loop
vertex -7.993 -80.936 16.0
vertex -8.518 -70.95 16.0
vertex -3.638 -80.397 16.0
endloop
endfacet
facet normal 0.0 0.0 -1.0
outer loop
vertex -3.638 -80.397 16.0
vertex -4.934 -70.482 16.0
vertex 0.583 -79.534 16.0
endloop
endfacet
facet normal 0.1228286191429961 -0.9924278967861718 0.0
outer loop
vertex -7.993 -80.936 16.0
vertex -3.638 -80.397 16.0
vertex -7.993 -80.936 18.0
endloop
endfacet
facet normal 0.04601560566239441 -0.9989407209817424 0.0
outer loop
vertex -7.993 -80.936 16.0
vertex -7.993 -80.936 18.0
vertex -12.465 -81.142 18.0
endloop
endfacet
facet normal 0.20031015822548845 -0.9797325351909469 0.0
outer loop
vertex -3.638 -80.397 16.0
vertex 0.583 -79.534 16.0
vertex -3.638 -80.397 18.0
endloop
endfacet
facet normal 0.1228286191429961 -0.9924278967861718 0.0
outer loop
vertex -3.638 -80.397 16.0
vertex -3.638 -80.397 18.0
vertex -7.993 -80.936 18.0
endloop
endfacet
facet normal 0.20031015822548845 -0.9797325351909469 0.0
outer loop
vertex -3.638 -80.397 18.0
vertex 0.583 -79.534 16.0
vertex 0.583 -79.534 18.0
endloop
endfacet
facet normal 0.0 0.0 -1.0
outer loop
vertex -7.993 -80.936 16.0
vertex -12.225 -71.145 16.0
vertex -8.518 -70.95 16.0
endloop
endfacet
facet normal 0.0 0.0 -1.0
outer loop
vertex -3.638 -80.397 16.0
vertex -8.518 -70.95 16.0
vertex -4.934 -70.482 16.0
endloop
endfacet
facet normal 0.0 0.0 -1.0
outer loop
vertex 0.583 -79.534 16.0
vertex -4.934 -70.482 16.0
vertex -1.492 -69.751 16.0
endloop
endfacet
facet normal -0.05720745229837187 0.9983623126909037 0.0
outer loop
vertex -8.862 -64.96 16.0
vertex -12.108 -65.146 16.0
vertex -8.862 -64.96 18.0
endloop
endfacet
facet normal -0.13465966955256345 0.9908919080283148 0.0
outer loop
vertex -5.742 -64.536 16.0
vertex -8.862 -64.96 16.0
vertex -5.742 -64.536 18.0
endloop
endfacet
facet normal -0.13465966955256345 0.9908919080283148 0.0
outer loop
vertex -8.862 -64.96 16.0
vertex -8.862 -64.96 18.0
vertex -5.742 -64.536 18.0
endloop
endfacet
facet normal -0.21264795976858766 0.9771288785038835 0.0
outer loop
vertex -2.769 -63.889 16.0
vertex -5.742 -64.536 16.0
vertex -2.769 -63.889 18.0
endloop
endfacet
facet normal -0.21264795976858766 0.9771288785038835 0.0
outer loop
vertex -5.742 -64.536 16.0
vertex -5.742 -64.536 18.0
vertex -2.769 -63.889 18.0
endloop
endfacet
facet normal -0.0 0.0 1.0
outer loop
vertex -21.142 -80.582 18.0
vertex -16.992 -81.008 18.0
vertex -16.034 -71.054 18.0
endloop
endfacet
facet normal -0.0 0.0 1.0
outer loop
vertex -16.992 -81.008 18.0
vertex -12.465 -81.142 18.0
vertex -12.225 -71.145 18.0
endloop
endfacet
facet normal 0.0 -0.0 1.0
outer loop
vertex -21.142 -80.582 18.0
vertex -16.034 -71.054 18.0
vertex -19.468 -70.723 18.0
endloop
endfacet
facet normal 0.0 -0.0 1.0
outer loop
vertex -16.992 -81.008 18.0
vertex -12.225 -71.145 18.0
vertex -16.034 -71.054 18.0
endloop
endfacet
facet normal 0.0 -0.0 1.0
outer loop
vertex -12.465 -81.142 18.0
vertex -8.518 -70.95 18.0
vertex -12.225 -71.145 18.0
endloop
endfacet
facet normal 0.0 -0.0 1.0
outer loop
vertex -12.465 -81.142 18.0
vertex -7.993 -80.936 18.0
vertex -8.518 -70.95 18.0
endloop
endfacet
facet normal 0.0 -0.0 1.0
outer loop
vertex -7.993 -80.936 18.0
vertex -3.638 -80.397 18.0
vertex -4.934 -70.482 18.0
endloop
endfacet
facet normal 0.0 -0.0 1.0
outer loop
vertex -3.638 -80.397 18.0
vertex 0.583 -79.534 18.0
vertex -1.492 -69.751 18.0
endloop
endfacet
facet normal 0.0 -0.0 1.0
outer loop
vertex -7.993 -80.936 18.0
vertex -4.934 -70.482 18.0
vertex -8.518 -70.95 18.0
endloop
endfacet
facet normal 0.0 -0.0 0.9999999999999999
outer loop
vertex -3.638 -80.397 18.0
vertex -1.492 -69.751 18.0
vertex -4.934 -70.482 18.0
endloop
endfacet
facet normal 0.7278828956156491 0.6857014575294409 -3.757896396302824e-05
outer loop
vertex -41.827 -55.548 17.778
vertex -41.601 -55.788 16.0
vertex -43.633 -53.631 16.0
endloop
endfacet
facet normal 0.6557679139152808 0.7549625441564639 0.0
outer loop
vertex -39.371 -57.725 16.0
vertex -41.601 -55.788 16.0
vertex -39.371 -57.725 18.0
endloop
endfacet
facet normal 0.5764047608273976 0.817164335795139 0.0
outer loop
vertex -36.951 -59.432 16.0
vertex -39.371 -57.725 16.0
vertex -36.951 -59.432 18.0
endloop
endfacet
facet normal 0.6557679139152808 0.7549625441564639 -0.0
outer loop
vertex -39.371 -57.725 18.0
vertex -41.601 -55.788 16.0
vertex -41.601 -55.788 18.0
endloop
endfacet
facet normal 0.7278655002456321 0.6857199235490943 -0.0
outer loop
vertex -43.633 -53.631 16.0
vertex -43.633 -53.631 18.0
vertex -41.827 -55.548 17.778
endloop
endfacet
facet normal 0.7280218587800011 0.6855539170178462 0.0
outer loop
vertex -41.827 -55.548 17.778
vertex -41.601 -55.788 18.0
vertex -41.601 -55.788 16.0
endloop
endfacet
facet normal 0.5764047608273976 0.817164335795139 -0.0
outer loop
vertex -36.951 -59.432 18.0
vertex -39.371 -57.725 16.0
vertex -39.371 -57.725 18.0
endloop
endfacet
facet normal 0.49143855270966036 0.8709122509820575 -0.0
outer loop
vertex -34.353 -60.898 18.0
vertex -36.951 -59.432 16.0
vertex -36.951 -59.432 18.0
endloop
endfacet
facet normal 0.7279783177960012 0.6855973029011286 0.001976631883409581
outer loop
vertex -41.827 -55.548 17.778
vertex -43.633 -53.631 18.0
vertex -41.805 -55.572 18.0
endloop
endfacet
facet normal 0.0 0.0 -0.9999999999999999
outer loop
vertex -40.227 -18.971 16.0
vertex -42.231 -18.783 16.0
vertex -36.988 -15.65 16.0
endloop
endfacet
facet normal -0.07519049532180536 -0.9971691879582228 0.0
outer loop
vertex -40.455 -25.023 16.0
vertex -37.67 -25.233 16.0
vertex -40.455 -25.023 18.0
endloop
endfacet
facet normal -0.07519049532180536 -0.9971691879582228 0.0
outer loop
vertex -37.67 -25.233 16.0
vertex -37.67 -25.233 18.0
vertex -40.455 -25.023 18.0
endloop
endfacet
facet normal -0.02737576429319137 -0.9996252135322335 0.0
outer loop
vertex -37.67 -25.233 18.0
vertex -31.572 -25.4 16.0
vertex -31.572 -25.4 18.0
endloop
endfacet
facet normal -0.0 0.0 -1.0
outer loop
vertex -13.249 4.421 16.0
vertex -56.027 -14.969 16.0
vertex -57.781 -13.889 16.0
endloop
endfacet
facet normal -0.0 0.0 -1.0
outer loop
vertex -13.249 4.421 16.0
vertex -54.043 -15.928 16.0
vertex -56.027 -14.969 16.0
endloop
endfacet
facet normal -0.0 0.0 -1.0
outer loop
vertex -13.249 4.421 16.0
vertex -51.817 -16.755 16.0
vertex -54.043 -15.928 16.0
endloop
endfacet
facet normal -0.0 0.0 -1.0
outer loop
vertex -13.249 4.421 16.0
vertex -49.319 -17.443 16.0
vertex -51.817 -16.755 16.0
endloop
endfacet
facet normal -0.0 0.0 -1.0
outer loop
vertex -13.249 4.421 16.0
vertex -57.781 -13.889 16.0
vertex -57.516 -10.793 16.0
endloop
endfacet
facet normal -0.0 0.0 -1.0
outer loop
vertex -13.249 4.421 16.0
vertex -57.516 -10.793 16.0
vertex -49.256 -7.868 16.0
endloop
endfacet
facet normal -0.0 0.0 -1.0
outer loop
vertex -13.249 4.421 16.0
vertex -44.346 -18.446 16.0
vertex -49.319 -17.443 16.0
endloop
endfacet
facet normal -0.0 0.0 -1.0
outer loop
vertex -13.249 4.421 16.0
vertex -42.231 -18.783 16.0
vertex -44.346 -18.446 16.0
endloop
endfacet
facet normal -0.0 0.0 -1.0
outer loop
vertex -13.249 4.421 16.0
vertex -49.256 -7.868 16.0
vertex -41.433 -3.812 16.0
endloop
endfacet
facet normal 0.0 0.0 -1.0
outer loop
vertex -28.478 -19.36 16.0
vertex -33.605 -19.342 16.0
vertex -26.707 -14.506 16.0
endloop
endfacet
facet normal 0.0 -0.0 -1.0
outer loop
vertex -26.707 -14.506 16.0
vertex -21.788 -19.036 16.0
vertex -28.478 -19.36 16.0
endloop
endfacet
facet normal 0.012811639096559304 -0.9999179275838891 0.0
outer loop
vertex -28.294 -25.358 16.0
vertex -31.572 -25.4 18.0
vertex -31.572 -25.4 16.0
endloop
endfacet
facet normal 0.048311986508924605 -0.9988322942113763 0.0
outer loop
vertex -28.294 -25.358 16.0
vertex -21.368 -25.023 16.0
vertex -28.294 -25.358 18.0
endloop
endfacet
facet normal 0.048311986508924605 -0.9988322942113763 0.0
outer loop
vertex -21.368 -25.023 16.0
vertex -21.368 -25.023 18.0
vertex -28.294 -25.358 18.0
endloop
endfacet
facet normal 0.0 0.0 -1.0
outer loop
vertex -13.249 4.421 16.0
vertex -36.988 -15.65 16.0
vertex -42.231 -18.783 16.0
endloop
endfacet
facet normal 0.0 0.0 -1.0
outer loop
vertex -13.249 4.421 16.0
vertex -28.693 -9.915 16.0
vertex -36.988 -15.65 16.0
endloop
endfacet
facet normal 0.0 0.0 1.0
outer loop
vertex -44.346 -18.446 18.0
vertex -42.231 -18.783 18.0
vertex -40.227 -18.971 18.0
endloop
endfacet
facet normal 0.0 -0.0 0.9999999999999999
outer loop
vertex -40.227 -18.971 18.0
vertex -36.988 -15.65 18.0
vertex -44.346 -18.446 18.0
endloop
endfacet
facet normal 0.0 0.0 1.0
outer loop
vertex -13.249 4.421 18.0
vertex -57.781 -13.889 18.0
vertex -56.027 -14.969 18.0
endloop
endfacet
facet normal 0.0 0.0 1.0
outer loop
vertex -13.249 4.421 18.0
vertex -56.027 -14.969 18.0
vertex -54.043 -15.928 18.0
endloop
endfacet
facet normal 0.0 0.0 1.0
outer loop
vertex -13.249 4.421 18.0
vertex -54.043 -15.928 18.0
vertex -51.817 -16.755 18.0
endloop
endfacet
facet normal 0.0 0.0 1.0
outer loop
vertex -13.249 4.421 18.0
vertex -51.817 -16.755 18.0
vertex -49.319 -17.443 18.0
endloop
endfacet
facet normal 0.0 0.0 1.0
outer loop
vertex -13.249 4.421 18.0
vertex -49.256 -7.868 18.0
vertex -57.516 -10.793 18.0
endloop
endfacet
facet normal 0.0 0.0 1.0
outer loop
vertex -13.249 4.421 18.0
vertex -49.319 -17.443 18.0
vertex -44.346 -18.446 18.0
endloop
endfacet
facet normal 0.0 0.0 1.0
outer loop
vertex -13.249 4.421 18.0
vertex -41.433 -3.812 18.0
vertex -49.256 -7.868 18.0
endloop
endfacet
facet normal -0.0 0.0 1.0
outer loop
vertex -33.605 -19.342 18.0
vertex -28.478 -19.36 18.0
vertex -26.707 -14.506 18.0
endloop
endfacet
facet normal 0.0 0.0 1.0
outer loop
vertex -19.394 -11.543 18.0
vertex -26.707 -14.506 18.0
vertex -28.478 -19.36 18.0
endloop
endfacet
facet normal 0.0 0.0 1.0
outer loop
vertex -28.478 -19.36 18.0
vertex -21.788 -19.036 18.0
vertex -19.394 -11.543 18.0
endloop
endfacet
facet normal -0.0 0.0 1.0
outer loop
vertex -13.249 4.421 18.0
vertex -44.346 -18.446 18.0
vertex -36.988 -15.65 18.0
endloop
endfacet
facet normal -0.0 0.0 1.0
outer loop
vertex -13.249 4.421 18.0
vertex -36.988 -15.65 18.0
vertex -28.693 -9.915 18.0
endloop
endfacet
facet normal 0.0 0.0 -1.0
outer loop
vertex -21.788 -19.036 16.0
vertex -26.707 -14.506 16.0
vertex -14.706 -18.386 16.0
endloop
endfacet
facet normal 0.0 0.0 -1.0
outer loop
vertex -14.706 -18.386 16.0
vertex -19.394 -11.543 16.0
vertex -11.048 -17.936 16.0
endloop
endfacet
facet normal 0.0 0.0 -1.0
outer loop
vertex -11.048 -17.936 16.0
vertex -12.58 -10.543 16.0
vertex -10.128 -17.894 16.0
endloop
endfacet
facet normal 0.09149466454212338 -0.9958055665441543 0.0
outer loop
vertex -21.368 -25.023 18.0
vertex -14.065 -24.352 16.0
vertex -14.065 -24.352 18.0
endloop
endfacet
facet normal 0.1220468711005116 -0.9925243378651101 0.0
outer loop
vertex -14.065 -24.352 16.0
vertex -10.316 -23.891 16.0
vertex -14.065 -24.352 18.0
endloop
endfacet
facet normal 0.1220468711005116 -0.9925243378651101 0.0
outer loop
vertex -14.065 -24.352 18.0
vertex -10.316 -23.891 16.0
vertex -10.316 -23.891 18.0
endloop
endfacet
facet normal -0.0 -0.0 -1.0
outer loop
vertex -19.394 -11.543 16.0
vertex -14.706 -18.386 16.0
vertex -26.707 -14.506 16.0
endloop
endfacet
facet normal 0.0 0.0 -1.0
outer loop
vertex -13.249 4.421 16.0
vertex -21.115 -6.846 16.0
vertex -28.693 -9.915 16.0
endloop
endfacet
facet normal 0.0 0.0 -0.9999999999999999
outer loop
vertex -11.048 -17.936 16.0
vertex -19.394 -11.543 16.0
vertex -12.58 -10.543 16.0
endloop
endfacet
facet normal 0.0 -0.0 -0.9999999999999999
outer loop
vertex -13.249 4.421 16.0
vertex -12.58 -5.543 16.0
vertex -21.115 -6.846 16.0
endloop
endfacet
facet normal 0.0 0.0 -1.0
outer loop
vertex -10.128 -17.894 16.0
vertex -12.58 -10.543 16.0
vertex -7.725 -17.981 16.0
endloop
endfacet
facet normal 0.0 0.0 -1.0
outer loop
vertex -7.725 -17.981 16.0
vertex -12.58 -10.543 16.0
vertex -5.295 -18.22 16.0
endloop
endfacet
facet normal 0.0 0.0 -1.0
outer loop
vertex -5.295 -18.22 16.0
vertex -5.594 -11.178 16.0
vertex -2.848 -18.616 16.0
endloop
endfacet
facet normal 0.0 0.0 -1.0
outer loop
vertex -2.848 -18.616 16.0
vertex -5.594 -11.178 16.0
vertex -0.397 -19.175 16.0
endloop
endfacet
facet normal -0.09328081985072635 -0.9956398388212356 0.0
outer loop
vertex -8.285 -23.954 16.0
vertex -6.225 -24.147 16.0
vertex -8.285 -23.954 18.0
endloop
endfacet
facet normal -0.15535077422028312 -0.9878593710387925 0.0
outer loop
vertex -6.225 -24.147 16.0
vertex -4.152 -24.473 16.0
vertex -6.225 -24.147 18.0
endloop
endfacet
facet normal -0.09328081985072635 -0.9956398388212356 0.0
outer loop
vertex -6.225 -24.147 16.0
vertex -6.225 -24.147 18.0
vertex -8.285 -23.954 18.0
endloop
endfacet
facet normal -0.21711735539510663 -0.9761455084023904 -2.029959013709289e-05
outer loop
vertex -3.738 -24.565 16.0
vertex -2.079 -24.934 16.0
vertex -3.945 -24.519 18.0
endloop
endfacet
facet normal -0.2806264552490894 -0.9598170620562705 0.0
outer loop
vertex -2.079 -24.934 16.0
vertex -0.02 -25.536 16.0
vertex -2.079 -24.934 18.0
endloop
endfacet
facet normal -0.15535077422028312 -0.9878593710387925 0.0
outer loop
vertex -6.225 -24.147 18.0
vertex -4.152 -24.473 16.0
vertex -4.152 -24.473 18.0
endloop
endfacet
facet normal -0.2170966236010272 -0.9761501196132868 0.0
outer loop
vertex -2.079 -24.934 16.0
vertex -2.079 -24.934 18.0
vertex -3.945 -24.519 18.0
endloop
endfacet
facet normal -0.2806264552490894 -0.9598170620562705 0.0
outer loop
vertex -2.079 -24.934 18.0
vertex -0.02 -25.536 16.0
vertex -0.02 -25.536 18.0
endloop
endfacet
facet normal -0.0 -0.0 -1.0
outer loop
vertex -5.594 -11.178 16.0
vertex -5.295 -18.22 16.0
vertex -12.58 -10.543 16.0
endloop
endfacet
facet normal -0.0 -0.0 -1.0
outer loop
vertex -13.249 4.421 16.0
vertex -5.096 -6.223 16.0
vertex -12.58 -5.543 16.0
endloop
endfacet
facet normal -0.0 0.0 -1.0
outer loop
vertex 1.243 -13.34 16.0
vertex -0.397 -19.175 16.0
vertex -5.594 -11.178 16.0
endloop
endfacet
facet normal -0.0 -0.0 -1.0
outer loop
vertex -4.191 3.736 16.0
vertex -4.139 -6.413 16.0
vertex -5.096 -6.223 16.0
endloop
endfacet
facet normal -0.0 -0.0 -1.0
outer loop
vertex -2.188 3.395 16.0
vertex 3.156 -8.72 16.0
vertex -4.139 -6.413 16.0
endloop
endfacet
facet normal 0.0 0.0 -1.0
outer loop
vertex -2.188 3.395 16.0
vertex -1.124 3.121 16.0
vertex 3.156 -8.72 16.0
endloop
endfacet
facet normal 0.0 0.0 1.0
outer loop
vertex -21.788 -19.036 18.0
vertex -14.706 -18.386 18.0
vertex -12.58 -10.543 18.0
endloop
endfacet
facet normal 0.0 0.0 1.0
outer loop
vertex -12.58 -10.543 18.0
vertex -19.394 -11.543 18.0
vertex -21.788 -19.036 18.0
endloop
endfacet
facet normal -0.0 0.0 1.0
outer loop
vertex -13.249 4.421 18.0
vertex -28.693 -9.915 18.0
vertex -21.115 -6.846 18.0
endloop
endfacet
facet normal 0.0 -0.0 1.0
outer loop
vertex -14.706 -18.386 18.0
vertex -5.594 -11.178 18.0
vertex -12.58 -10.543 18.0
endloop
endfacet
facet normal -0.0 0.0 0.9999999999999999
outer loop
vertex -13.249 4.421 18.0
vertex -21.115 -6.846 18.0
vertex -12.58 -5.543 18.0
endloop
endfacet
facet normal 0.0 0.0 1.0
outer loop
vertex -14.706 -18.386 18.0
vertex -11.048 -17.936 18.0
vertex -5.594 -11.178 18.0
endloop
endfacet
facet normal 0.0 0.0 1.0
outer loop
vertex -11.048 -17.936 18.0
vertex -10.128 -17.894 18.0
vertex -5.594 -11.178 18.0
endloop
endfacet
facet normal -0.0 0.0 1.0
outer loop
vertex -10.128 -17.894 18.0
vertex -7.725 -17.981 18.0
vertex -5.594 -11.178 18.0
endloop
endfacet
facet normal 0.0 -0.0 1.0
outer loop
vertex -5.295 -18.22 18.0
vertex 1.243 -13.34 18.0
vertex -7.725 -17.981 18.0
endloop
endfacet
facet normal -0.0 0.0 1.0
outer loop
vertex -5.295 -18.22 18.0
vertex -2.848 -18.616 18.0
vertex 1.243 -13.34 18.0
endloop
endfacet
facet normal 0.0 0.0 1.0
outer loop
vertex -4.191 3.736 18.0
vertex -12.58 -5.543 18.0
vertex -5.096 -6.223 18.0
endloop
endfacet
facet normal -0.0 0.0 1.0
outer loop
vertex -5.594 -11.178 18.0
vertex -7.725 -17.981 18.0
vertex 1.243 -13.34 18.0
endloop
endfacet
facet normal 0.0 0.0 1.0
outer loop
vertex -2.188 3.395 18.0
vertex -5.096 -6.223 18.0
vertex -4.139 -6.413 18.0
endloop
endfacet
facet normal -0.9768212777038788 -0.21405651455856647 0.0
outer loop
vertex -75.795 13.228 16.0
vertex -74.872 9.016 16.0
vertex -75.795 13.228 18.0
endloop
endfacet
facet normal -0.9931884261306562 -0.11651931256281195 0.0
outer loop
vertex -76.978 21.515 16.0
vertex -76.495 17.398 16.0
vertex -76.978 21.515 18.0
endloop
endfacet
facet normal -0.9931884261306562 -0.11651931256281195 0.0
outer loop
vertex -76.495 17.398 18.0
vertex -76.978 21.515 18.0
vertex -76.495 17.398 16.0
endloop
endfacet
facet normal -0.9977248746415112 -0.06741716785493834 0.0
outer loop
vertex -77.252 25.57 16.0
vertex -76.978 21.515 16.0
vertex -77.252 25.57 18.0
endloop
endfacet
facet normal -0.9977248746415112 -0.06741716785493834 0.0
outer loop
vertex -77.252 25.57 18.0
vertex -76.978 21.515 16.0
vertex -76.978 21.515 18.0
endloop
endfacet
facet normal -0.0 0.0 -1.0
outer loop
vertex -59.328 12.831 16.0
vertex -67.967 6.492 16.0
vertex -69.043 10.447 16.0
endloop
endfacet
facet normal -0.0 0.0 -1.0
outer loop
vertex -60.082 16.267 16.0
vertex -69.043 10.447 16.0
vertex -69.903 14.368 16.0
endloop
endfacet
facet normal -0.9507141269128122 -0.3100687808993498 0.0
outer loop
vertex -73.717 4.773 16.0
vertex -72.326 0.508 16.0
vertex -73.717 4.773 18.0
endloop
endfacet
facet normal -0.9507141269128122 -0.3100687808993498 0.0
outer loop
vertex -72.326 0.508 16.0
vertex -72.326 0.508 18.0
vertex -73.717 4.773 18.0
endloop
endfacet
facet normal -0.964889659429764 -0.26265556366754145 0.0
outer loop
vertex -74.872 9.016 18.0
vertex -73.717 4.773 16.0
vertex -73.717 4.773 18.0
endloop
endfacet
facet normal -0.964889659429764 -0.26265556366754145 0.0
outer loop
vertex -74.872 9.016 16.0
vertex -73.717 4.773 16.0
vertex -74.872 9.016 18.0
endloop
endfacet
facet normal -0.9768212777038788 -0.21405651455856647 0.0
outer loop
vertex -75.795 13.228 18.0
vertex -74.872 9.016 16.0
vertex -74.872 9.016 18.0
endloop
endfacet
facet normal -0.0 0.0 -1.0
outer loop
vertex -61.041 22.987 16.0
vertex -70.553 18.245 16.0
vertex -71.002 22.067 16.0
endloop
endfacet
facet normal -0.0 0.0 -1.0
outer loop
vertex -60.65 19.656 16.0
vertex -69.903 14.368 16.0
vertex -70.553 18.245 16.0
endloop
endfacet
facet normal -0.0 0.0 -1.0
outer loop
vertex -61.262 26.252 16.0
vertex -71.002 22.067 16.0
vertex -71.256 25.826 16.0
endloop
endfacet
facet normal -0.0 0.0 -1.0
outer loop
vertex -61.319 29.438 16.0
vertex -71.256 25.826 16.0
vertex -71.321 29.509 16.0
endloop
endfacet
facet normal -0.0 0.0 -1.0
outer loop
vertex -61.262 26.252 16.0
vertex -71.256 25.826 16.0
vertex -61.319 29.438 16.0
endloop
endfacet
facet normal 0.0 0.0 1.0
outer loop
vertex -58.383 9.357 18.0
vertex -69.043 10.447 18.0
vertex -67.967 6.492 18.0
endloop
endfacet
facet normal 0.0 0.0 1.0
outer loop
vertex -59.328 12.831 18.0
vertex -69.903 14.368 18.0
vertex -69.043 10.447 18.0
endloop
endfacet
facet normal 0.0 0.0 1.0
outer loop
vertex -60.65 19.656 18.0
vertex -71.002 22.067 18.0
vertex -70.553 18.245 18.0
endloop
endfacet
facet normal 0.0 0.0 0.9999999999999999
outer loop
vertex -60.082 16.267 18.0
vertex -70.553 18.245 18.0
vertex -69.903 14.368 18.0
endloop
endfacet
facet normal 0.0 0.0 1.0
outer loop
vertex -61.041 22.987 18.0
vertex -71.256 25.826 18.0
vertex -71.002 22.067 18.0
endloop
endfacet
facet normal 0.0 0.0 1.0
outer loop
vertex -61.262 26.252 18.0
vertex -71.321 29.509 18.0
vertex -71.256 25.826 18.0
endloop
endfacet
facet normal 0.0 0.0 1.0
outer loop
vertex -61.262 26.252 18.0
vertex -61.319 29.438 18.0
vertex -71.321 29.509 18.0
endloop
endfacet
facet normal -0.9966087246713283 0.08228638957317652 0.0
outer loop
vertex -76.885 37.251 16.0
vertex -77.199 33.448 16.0
vertex -76.885 37.251 18.0
endloop
endfacet
facet normal -0.9966087246713283 0.08228638957317652 0.0
outer loop
vertex -77.199 33.448 16.0
vertex -77.199 33.448 18.0
vertex -76.885 37.251 18.0
endloop
endfacet
facet normal -0.9911646015662099 0.13263759874973716 0.0
outer loop
vertex -76.39 40.95 16.0
vertex -76.885 37.251 16.0
vertex -76.39 40.95 18.0
endloop
endfacet
facet normal -0.9911646015662099 0.13263759874973716 0.0
outer loop
vertex -76.885 37.251 16.0
vertex -76.885 37.251 18.0
vertex -76.39 40.95 18.0
endloop
endfacet
facet normal -0.9988820234898846 0.047272646940420125 0.0
outer loop
vertex -75.506 49.076 16.0
vertex -75.721 44.533 16.0
vertex -75.506 49.076 18.0
endloop
endfacet
facet normal -0.9988820234898846 0.047272646940420125 0.0
outer loop
vertex -75.721 44.533 16.0
vertex -75.721 44.533 18.0
vertex -75.506 49.076 18.0
endloop
endfacet
facet normal -0.9995235778794621 0.030864498425196514 0.0
outer loop
vertex -75.506 49.076 16.0
vertex -75.506 49.076 18.0
vertex -75.087 62.645 18.0
endloop
endfacet
facet normal -0.0 0.0 -1.0
outer loop
vertex -61.22 32.535 16.0
vertex -71.321 29.509 16.0
vertex -71.206 33.106 16.0
endloop
endfacet
facet normal -0.0 0.0 -1.0
outer loop
vertex -60.973 35.532 16.0
vertex -71.206 33.106 16.0
vertex -70.918 36.607 16.0
endloop
endfacet
facet normal 0.0 0.0 -1.0
outer loop
vertex -61.319 29.438 16.0
vertex -71.321 29.509 16.0
vertex -61.22 32.535 16.0
endloop
endfacet
facet normal -0.0 0.0 -1.0
outer loop
vertex -60.578 38.482 16.0
vertex -70.918 36.607 16.0
vertex -70.464 40.0 16.0
endloop
endfacet
facet normal -0.0 0.0 -1.0
outer loop
vertex -59.874 42.542 16.0
vertex -70.464 40.0 16.0
vertex -69.727 44.25 16.0
endloop
endfacet
facet normal -0.0 0.0 -1.0
outer loop
vertex -65.045 67.817 16.0
vertex -69.727 44.25 16.0
vertex -68.857 67.865 16.0
endloop
endfacet
facet normal -0.0 0.0 -1.0
outer loop
vertex -59.253 56.929 16.0
vertex -69.727 44.25 16.0
vertex -65.045 67.817 16.0
endloop
endfacet
facet normal -0.9995235778794621 0.030864498425196514 0.0
outer loop
vertex -75.087 62.645 16.0
vertex -75.506 49.076 16.0
vertex -75.087 62.645 18.0
endloop
endfacet
facet normal 0.0 0.0 1.0
outer loop
vertex -61.319 29.438 18.0
vertex -71.206 33.106 18.0
vertex -71.321 29.509 18.0
endloop
endfacet
facet normal 0.0 0.0 1.0
outer loop
vertex -61.22 32.535 18.0
vertex -70.918 36.607 18.0
vertex -71.206 33.106 18.0
endloop
endfacet
facet normal 0.0 0.0 1.0
outer loop
vertex -60.973 35.532 18.0
vertex -70.464 40.0 18.0
vertex -70.918 36.607 18.0
endloop
endfacet
facet normal 0.0 0.0 1.0
outer loop
vertex -60.578 38.482 18.0
vertex -69.727 44.25 18.0
vertex -70.464 40.0 18.0
endloop
endfacet
facet normal 0.0 0.0 0.9999999999999999
outer loop
vertex -59.734 43.882 18.0
vertex -68.857 67.865 18.0
vertex -69.727 44.25 18.0
endloop
endfacet
facet normal -0.0 0.0 -1.0
outer loop
vertex -57.023 5.287 16.0
vertex -65.086 -1.621 16.0
vertex -66.668 2.513 16.0
endloop
endfacet
facet normal -0.0 0.0 -1.0
outer loop
vertex -58.383 9.357 16.0
vertex -66.668 2.513 16.0
vertex -67.967 6.492 16.0
endloop
endfacet
facet normal -0.0 0.0 -1.0
outer loop
vertex -57.023 5.287 16.0
vertex -66.668 2.513 16.0
vertex -58.383 9.357 16.0
endloop
endfacet
facet normal -0.0 0.0 -1.0
outer loop
vertex -59.328 12.831 16.0
vertex -69.043 10.447 16.0
vertex -60.082 16.267 16.0
endloop
endfacet
facet normal 0.0 -0.0 -1.0
outer loop
vertex -59.328 12.831 16.0
vertex -58.383 9.357 16.0
vertex -67.967 6.492 16.0
endloop
endfacet
facet normal 0.0 -0.0 -1.0
outer loop
vertex -57.023 5.287 16.0
vertex -55.159 5.947 16.0
vertex -64.292 -4.772 16.0
endloop
endfacet
facet normal 0.0 -0.0 -1.0
outer loop
vertex -55.159 5.947 16.0
vertex -43.346 0.807 16.0
vertex -64.292 -4.772 16.0
endloop
endfacet
facet normal 0.9767588610722712 0.21434114704554433 0.0
outer loop
vertex -59.328 12.831 16.0
vertex -60.082 16.267 16.0
vertex -59.328 12.831 18.0
endloop
endfacet
facet normal 0.9484500060595744 0.3169267833516022 0.0
outer loop
vertex -57.023 5.287 16.0
vertex -58.383 9.357 16.0
vertex -57.023 5.287 18.0
endloop
endfacet
facet normal -0.3337722492652668 0.9426537464097857 0.0
outer loop
vertex -57.023 5.287 16.0
vertex -55.159 5.947 18.0
vertex -55.159 5.947 16.0
endloop
endfacet
facet normal -0.3337722492652668 0.9426537464097857 0.0
outer loop
vertex -57.023 5.287 16.0
vertex -57.023 5.287 18.0
vertex -55.159 5.947 18.0
endloop
endfacet
facet normal 0.9649366781081805 0.26248277513305435 0.0
outer loop
vertex -59.328 12.831 16.0
vertex -58.383 9.357 18.0
vertex -58.383 9.357 16.0
endloop
endfacet
facet normal 0.9484500060595744 0.3169267833516022 -0.0
outer loop
vertex -58.383 9.357 16.0
vertex -58.383 9.357 18.0
vertex -57.023 5.287 18.0
endloop
endfacet
facet normal 0.9649366781081805 0.26248277513305435 -0.0
outer loop
vertex -59.328 12.831 16.0
vertex -59.328 12.831 18.0
vertex -58.383 9.357 18.0
endloop
endfacet
facet normal -0.0 0.0 -1.0
outer loop
vertex -60.082 16.267 16.0
vertex -69.903 14.368 16.0
vertex -60.65 19.656 16.0
endloop
endfacet
facet normal -0.0 0.0 -1.0
outer loop
vertex -60.65 19.656 16.0
vertex -70.553 18.245 16.0
vertex -61.041 22.987 16.0
endloop
endfacet
facet normal -0.0 0.0 -1.0
outer loop
vertex -61.041 22.987 16.0
vertex -71.002 22.067 16.0
vertex -61.262 26.252 16.0
endloop
endfacet
facet normal 0.9862440770469306 0.16529555496094853 0.0
outer loop
vertex -60.082 16.267 16.0
vertex -60.65 19.656 16.0
vertex -60.082 16.267 18.0
endloop
endfacet
facet normal 0.9931810990615577 0.11658175014502173 0.0
outer loop
vertex -60.65 19.656 16.0
vertex -61.041 22.987 16.0
vertex -60.65 19.656 18.0
endloop
endfacet
facet normal 0.9767588610722712 0.21434114704554433 -0.0
outer loop
vertex -60.082 16.267 16.0
vertex -60.082 16.267 18.0
vertex -59.328 12.831 18.0
endloop
endfacet
facet normal 0.9862440770469306 0.16529555496094853 -0.0
outer loop
vertex -60.65 19.656 16.0
vertex -60.65 19.656 18.0
vertex -60.082 16.267 18.0
endloop
endfacet
facet normal 0.9931810990615577 0.11658175014502173 -0.0
outer loop
vertex -61.041 22.987 16.0
vertex -61.041 22.987 18.0
vertex -60.65 19.656 18.0
endloop
endfacet
facet normal 0.9977170364426198 0.06753306739780171 0.0
outer loop
vertex -61.041 22.987 16.0
vertex -61.262 26.252 16.0
vertex -61.041 22.987 18.0
endloop
endfacet
facet normal 0.999839998545223 0.017887909578493368 0.0
outer loop
vertex -61.262 26.252 16.0
vertex -61.319 29.438 16.0
vertex -61.262 26.252 18.0
endloop
endfacet
facet normal 0.9977170364426198 0.06753306739780171 -0.0
outer loop
vertex -61.262 26.252 16.0
vertex -61.262 26.252 18.0
vertex -61.041 22.987 18.0
endloop
endfacet
facet normal 0.999839998545223 0.017887909578493368 -0.0
outer loop
vertex -61.319 29.438 16.0
vertex -61.319 29.438 18.0
vertex -61.262 26.252 18.0
endloop
endfacet
facet normal 0.0 -0.0 -1.0
outer loop
vertex -55.159 5.947 16.0
vertex -36.551 5.255 16.0
vertex -43.346 0.807 16.0
endloop
endfacet
facet normal 0.0 0.0 -1.0
outer loop
vertex -55.159 5.947 16.0
vertex -48.399 9.452 16.0
vertex -29.394 10.642 16.0
endloop
endfacet
facet normal -0.46029799783510467 0.8877644694337536 0.0
outer loop
vertex -55.159 5.947 16.0
vertex -55.159 5.947 18.0
vertex -48.399 9.452 18.0
endloop
endfacet
facet normal -0.46029799783510467 0.8877644694337536 0.0
outer loop
vertex -55.159 5.947 16.0
vertex -48.399 9.452 18.0
vertex -48.399 9.452 16.0
endloop
endfacet
facet normal -0.5475858045350859 0.8367495364036138 0.0
outer loop
vertex -48.399 9.452 16.0
vertex -42.302 13.442 18.0
vertex -42.302 13.442 16.0
endloop
endfacet
facet normal -0.5475858045350859 0.8367495364036138 0.0
outer loop
vertex -48.399 9.452 16.0
vertex -48.399 9.452 18.0
vertex -42.302 13.442 18.0
endloop
endfacet
facet normal 0.0 0.0 1.0
outer loop
vertex -57.023 5.287 18.0
vertex -66.668 2.513 18.0
vertex -65.086 -1.621 18.0
endloop
endfacet
facet normal 0.0 0.0 1.0
outer loop
vertex -57.023 5.287 18.0
vertex -67.967 6.492 18.0
vertex -66.668 2.513 18.0
endloop
endfacet
facet normal 0.0 0.0 1.0
outer loop
vertex -57.023 5.287 18.0
vertex -58.383 9.357 18.0
vertex -67.967 6.492 18.0
endloop
endfacet
facet normal 0.0 0.0 1.0
outer loop
vertex -59.328 12.831 18.0
vertex -69.043 10.447 18.0
vertex -58.383 9.357 18.0
endloop
endfacet
facet normal 0.0 0.0 1.0
outer loop
vertex -59.328 12.831 18.0
vertex -60.082 16.267 18.0
vertex -69.903 14.368 18.0
endloop
endfacet
facet normal -0.0 0.0 1.0
outer loop
vertex -57.023 5.287 18.0
vertex -65.086 -1.621 18.0
vertex -55.159 5.947 18.0
endloop
endfacet
facet normal 0.0 0.0 0.9999999999999999
outer loop
vertex -55.159 5.947 18.0
vertex -65.086 -1.621 18.0
vertex -51.17 -3.249 18.0
endloop
endfacet
facet normal 0.0 0.0 1.0
outer loop
vertex -60.082 16.267 18.0
vertex -60.65 19.656 18.0
vertex -70.553 18.245 18.0
endloop
endfacet
facet normal 0.0 0.0 1.0
outer loop
vertex -60.65 19.656 18.0
vertex -61.041 22.987 18.0
vertex -71.002 22.067 18.0
endloop
endfacet
facet normal 0.0 0.0 1.0
outer loop
vertex -61.041 22.987 18.0
vertex -61.262 26.252 18.0
vertex -71.256 25.826 18.0
endloop
endfacet
facet normal -0.0 0.0 1.0
outer loop
vertex -55.159 5.947 18.0
vertex -51.17 -3.249 18.0
vertex -36.551 5.255 18.0
endloop
endfacet
facet normal -0.0 -0.0 1.0
outer loop
vertex -55.159 5.947 18.0
vertex -36.551 5.255 18.0
vertex -48.399 9.452 18.0
endloop
endfacet
facet normal 0.0 0.0 1.0
outer loop
vertex -51.17 -3.249 18.0
vertex -43.346 0.807 18.0
vertex -36.551 5.255 18.0
endloop
endfacet
facet normal 0.0 0.0 -1.0
outer loop
vertex -61.22 32.535 16.0
vertex -71.206 33.106 16.0
vertex -60.973 35.532 16.0
endloop
endfacet
facet normal 0.0 0.0 -1.0
outer loop
vertex -60.973 35.532 16.0
vertex -70.918 36.607 16.0
vertex -60.578 38.482 16.0
endloop
endfacet
facet normal 0.0 0.0 -0.9999999999999999
outer loop
vertex -60.578 38.482 16.0
vertex -70.464 40.0 16.0
vertex -59.874 42.542 16.0
endloop
endfacet
facet normal 0.0 0.0 -1.0
outer loop
vertex -59.874 42.542 16.0
vertex -69.727 44.25 16.0
vertex -59.734 43.882 16.0
endloop
endfacet
facet normal 0.9994894652593627 -0.031950099147781956 0.0
outer loop
vertex -61.319 29.438 16.0
vertex -61.22 32.535 16.0
vertex -61.319 29.438 18.0
endloop
endfacet
facet normal 0.9966210258370538 -0.08213726839564638 0.0
outer loop
vertex -61.22 32.535 16.0
vertex -60.973 35.532 16.0
vertex -61.22 32.535 18.0
endloop
endfacet
facet normal 0.9911543889174144 -0.13271389275334725 0.0
outer loop
vertex -60.973 35.532 16.0
vertex -60.578 38.482 16.0
vertex -60.973 35.532 18.0
endloop
endfacet
facet normal 0.9994894652593627 -0.031950099147781956 0.0
outer loop
vertex -61.22 32.535 16.0
vertex -61.22 32.535 18.0
vertex -61.319 29.438 18.0
endloop
endfacet
facet normal 0.9966210258370538 -0.08213726839564638 0.0
outer loop
vertex -60.973 35.532 16.0
vertex -60.973 35.532 18.0
vertex -61.22 32.535 18.0
endloop
endfacet
facet normal 0.9911543889174144 -0.13271389275334725 0.0
outer loop
vertex -60.578 38.482 16.0
vertex -60.578 38.482 18.0
vertex -60.973 35.532 18.0
endloop
endfacet
facet normal 0.9852971281918922 -0.17084955129238727 0.0
outer loop
vertex -60.578 38.482 16.0
vertex -59.874 42.542 16.0
vertex -60.578 38.482 18.0
endloop
endfacet
facet normal 0.9945864928494071 -0.10391202164098354 0.0
outer loop
vertex -59.874 42.542 16.0
vertex -59.734 43.882 16.0
vertex -59.874 42.542 18.0
endloop
endfacet
facet normal 0.9852971281918922 -0.17084955129238727 0.0
outer loop
vertex -59.874 42.542 16.0
vertex -59.874 42.542 18.0
vertex -60.578 38.482 18.0
endloop
endfacet
facet normal 0.9945864928494071 -0.10391202164098354 0.0
outer loop
vertex -59.734 43.882 16.0
vertex -59.734 43.882 18.0
vertex -59.874 42.542 18.0
endloop
endfacet
facet normal 0.0 0.0 -1.0
outer loop
vertex -59.734 43.882 16.0
vertex -69.727 44.25 16.0
vertex -59.253 56.929 16.0
endloop
endfacet
facet normal 0.0 -0.0 -1.0
outer loop
vertex -59.253 56.929 16.0
vertex -52.402 65.618 16.0
vertex -55.108 55.979 16.0
endloop
endfacet
facet normal 0.9993211147032116 -0.03684168438508824 0.0
outer loop
vertex -59.734 43.882 16.0
vertex -59.253 56.929 16.0
vertex -59.734 43.882 18.0
endloop
endfacet
facet normal 0.9993211147032116 -0.03684168438508824 0.0
outer loop
vertex -59.253 56.929 16.0
vertex -59.253 56.929 18.0
vertex -59.734 43.882 18.0
endloop
endfacet
facet normal -0.22339942956495173 -0.9747269847860242 0.0
outer loop
vertex -59.253 56.929 16.0
vertex -55.108 55.979 16.0
vertex -59.253 56.929 18.0
endloop
endfacet
facet normal -0.22339942956495173 -0.9747269847860242 0.0
outer loop
vertex -55.108 55.979 16.0
vertex -55.108 55.979 18.0
vertex -59.253 56.929 18.0
endloop
endfacet
facet normal 0.0 0.0 -1.0
outer loop
vertex -55.108 55.979 16.0
vertex -52.402 65.618 16.0
vertex -49.389 54.069 16.0
endloop
endfacet
facet normal 0.0 0.0 -0.9999999999999999
outer loop
vertex -49.389 54.069 16.0
vertex -45.785 63.409 16.0
vertex -43.978 51.69 16.0
endloop
endfacet
facet normal -0.3167750210199689 -0.9485007043001066 0.0
outer loop
vertex -55.108 55.979 16.0
vertex -49.389 54.069 16.0
vertex -55.108 55.979 18.0
endloop
endfacet
facet normal -0.3167750210199689 -0.9485007043001066 0.0
outer loop
vertex -49.389 54.069 16.0
vertex -49.389 54.069 18.0
vertex -55.108 55.979 18.0
endloop
endfacet
facet normal -0.9665018864940327 -0.2566595086948386 0.0
outer loop
vertex -43.685 50.17 16.0
vertex -43.032 47.711 16.0
vertex -43.685 50.17 18.0
endloop
endfacet
facet normal -0.9819234133268612 -0.18927865796366472 -0.0
outer loop
vertex -43.685 50.17 16.0
vertex -43.978 51.69 18.0
vertex -43.978 51.69 16.0
endloop
endfacet
facet normal -0.4024777985709673 -0.9154297469808744 0.0
outer loop
vertex -43.978 51.69 16.0
vertex -43.978 51.69 18.0
vertex -49.389 54.069 18.0
endloop
endfacet
facet normal -0.9665018864940327 -0.2566595086948386 0.0
outer loop
vertex -43.032 47.711 16.0
vertex -43.032 47.711 18.0
vertex -43.685 50.17 18.0
endloop
endfacet
facet normal -0.9819234133268612 -0.18927865796366472 0.0
outer loop
vertex -43.685 50.17 16.0
vertex -43.685 50.17 18.0
vertex -43.978 51.69 18.0
endloop
endfacet
facet normal -0.4024777985709673 -0.9154297469808744 0.0
outer loop
vertex -49.389 54.069 16.0
vertex -43.978 51.69 16.0
vertex -49.389 54.069 18.0
endloop
endfacet
facet normal 0.0 -0.0 1.0
outer loop
vertex -61.319 29.438 18.0
vertex -61.22 32.535 18.0
vertex -71.206 33.106 18.0
endloop
endfacet
facet normal 0.0 -0.0 0.9999999999999999
outer loop
vertex -61.22 32.535 18.0
vertex -60.973 35.532 18.0
vertex -70.918 36.607 18.0
endloop
endfacet
facet normal 0.0 -0.0 1.0
outer loop
vertex -60.973 35.532 18.0
vertex -60.578 38.482 18.0
vertex -70.464 40.0 18.0
endloop
endfacet
facet normal 0.0 -0.0 1.0
outer loop
vertex -60.578 38.482 18.0
vertex -59.874 42.542 18.0
vertex -69.727 44.25 18.0
endloop
endfacet
facet normal 0.0 -0.0 1.0
outer loop
vertex -59.874 42.542 18.0
vertex -59.734 43.882 18.0
vertex -69.727 44.25 18.0
endloop
endfacet
facet normal 0.0 -0.0 1.0
outer loop
vertex -59.734 43.882 18.0
vertex -59.253 56.929 18.0
vertex -68.857 67.865 18.0
endloop
endfacet
facet normal -0.0 0.0 1.0
outer loop
vertex -59.253 56.929 18.0
vertex -55.108 55.979 18.0
vertex -45.785 63.409 18.0
endloop
endfacet
facet normal -0.0 0.0 1.0
outer loop
vertex -55.108 55.979 18.0
vertex -49.389 54.069 18.0
vertex -45.785 63.409 18.0
endloop
endfacet
facet normal -0.0 0.0 0.9999999999999999
outer loop
vertex -49.389 54.069 18.0
vertex -43.978 51.69 18.0
vertex -39.368 60.587 18.0
endloop
endfacet
facet normal 0.0 -0.0 1.0
outer loop
vertex -49.389 54.069 18.0
vertex -39.368 60.587 18.0
vertex -45.785 63.409 18.0
endloop
endfacet
facet normal -0.9990777531559819 0.04293766585173247 0.0
outer loop
vertex -75.087 62.645 16.0
vertex -75.087 62.645 18.0
vertex -74.714 71.324 18.0
endloop
endfacet
facet normal -0.9990777531559817 0.04293766585173247 0.0
outer loop
vertex -74.714 71.324 16.0
vertex -75.087 62.645 16.0
vertex -74.714 71.324 17.778
endloop
endfacet
facet normal -0.9974131907456848 0.07188128920005211 8.479062846777117e-05
outer loop
vertex -74.449 74.999 17.778
vertex -74.416 75.459 16.0
vertex -74.714 71.324 16.0
endloop
endfacet
facet normal -0.9990777531559819 0.04293766585173247 0.0
outer loop
vertex -75.087 62.645 16.0
vertex -74.714 71.324 18.0
vertex -74.714 71.324 17.778
endloop
endfacet
facet normal -0.9974102523815435 0.07192209983159449 0.0
outer loop
vertex -74.714 71.324 16.0
vertex -74.714 71.324 17.778
vertex -74.449 74.999 17.778
endloop
endfacet
facet normal -0.0 0.0 -1.0
outer loop
vertex -57.373 81.949 16.0
vertex -68.588 72.862 16.0
vertex -68.051 78.67 16.0
endloop
endfacet
facet normal -0.9946722528254718 0.10308787251224462 0.0
outer loop
vertex -74.006 79.415 16.0
vertex -74.416 75.459 16.0
vertex -74.006 79.415 18.0
endloop
endfacet
facet normal -0.9974366386097094 0.07155523711765455 0.0
outer loop
vertex -74.449 74.999 17.778
vertex -74.416 75.459 18.0
vertex -74.416 75.459 16.0
endloop
endfacet
facet normal -0.9946722528254718 0.10308787251224462 0.0
outer loop
vertex -74.006 79.415 18.0
vertex -74.416 75.459 16.0
vertex -74.416 75.459 18.0
endloop
endfacet
facet normal -0.989414914283705 0.14511418742827598 0.0
outer loop
vertex -73.457 83.163 16.0
vertex -73.567 82.413 16.0
vertex -73.457 83.163 18.0
endloop
endfacet
facet normal -0.9796675257786106 0.2006278618109047 0.0
outer loop
vertex -72.739 86.669 16.0
vertex -73.457 83.163 16.0
vertex -72.739 86.669 18.0
endloop
endfacet
facet normal -0.9623618842397512 0.27177123424401556 0.0
outer loop
vertex -71.826 89.902 16.0
vertex -72.739 86.669 16.0
vertex -71.826 89.902 18.0
endloop
endfacet
facet normal -0.9894149142837023 0.14511418742829435 -7.030215799969869e-15
outer loop
vertex -73.457 83.163 18.0
vertex -73.567 82.413 16.0
vertex -73.512 82.788 18.0
endloop
endfacet
facet normal -0.9796675257786106 0.2006278618109047 0.0
outer loop
vertex -73.457 83.163 16.0
vertex -73.457 83.163 18.0
vertex -72.739 86.669 18.0
endloop
endfacet
facet normal -0.9623618842397512 0.27177123424401556 0.0
outer loop
vertex -72.739 86.669 18.0
vertex -71.826 89.902 18.0
vertex -72.739 86.669 16.0
endloop
endfacet
facet normal 0.0 0.0 1.0
outer loop
vertex -57.373 81.949 18.0
vertex -68.051 78.67 18.0
vertex -68.588 72.862 18.0
endloop
endfacet
facet normal -0.9322671596897133 0.3617705667464871 0.0
outer loop
vertex -70.689 92.832 16.0
vertex -71.826 89.902 16.0
vertex -70.689 92.832 18.0
endloop
endfacet
facet normal -0.9676241636527821 0.2523954120990095 0.00018402886987349074
outer loop
vertex -69.999 95.476 17.778
vertex -69.913 95.807 16.0
vertex -70.689 92.832 16.0
endloop
endfacet
facet normal -0.9322671596897133 0.3617705667464871 0.0
outer loop
vertex -71.826 89.902 16.0
vertex -71.826 89.902 18.0
vertex -70.689 92.832 18.0
endloop
endfacet
facet normal -0.9675939505664156 0.2525112805941086 0.0
outer loop
vertex -70.689 92.832 16.0
vertex -70.689 92.832 18.0
vertex -69.999 95.476 17.778
endloop
endfacet
facet normal -0.9678652198877865 0.2514695133243125 0.0
outer loop
vertex -69.999 95.476 17.778
vertex -69.913 95.807 18.0
vertex -69.913 95.807 16.0
endloop
endfacet
facet normal -0.942452947314909 0.33433881332780013 0.0
outer loop
vertex -67.261 104.124 16.0
vertex -68.205 101.463 16.0
vertex -67.261 104.124 18.0
endloop
endfacet
facet normal -0.9573029679716691 0.28908653983302895 0.0
outer loop
vertex -68.205 101.463 18.0
vertex -69.913 95.807 16.0
vertex -69.913 95.807 18.0
endloop
endfacet
facet normal -0.942452947314909 0.33433881332780013 0.0
outer loop
vertex -68.205 101.463 16.0
vertex -68.205 101.463 18.0
vertex -67.261 104.124 18.0
endloop
endfacet
facet normal -0.9283503568133863 0.3717063558838594 0.0
outer loop
vertex -67.261 104.124 16.0
vertex -67.261 104.124 18.0
vertex -66.246 106.659 18.0
endloop
endfacet
facet normal -0.9283503568133863 0.3717063558838594 0.0
outer loop
vertex -66.246 106.659 16.0
vertex -67.261 104.124 16.0
vertex -66.246 106.659 18.0
endloop
endfacet
facet normal -0.9102234321226608 0.41411749976889867 0.0
outer loop
vertex -65.155 109.057 16.0
vertex -66.246 106.659 16.0
vertex -65.155 109.057 18.0
endloop
endfacet
facet normal -0.9102234321226608 0.41411749976889867 0.0
outer loop
vertex -66.246 106.659 16.0
vertex -66.246 106.659 18.0
vertex -65.155 109.057 18.0
endloop
endfacet
facet normal -0.8865778264262615 0.4625794609462093 0.0
outer loop
vertex -65.155 109.057 16.0
vertex -65.155 109.057 18.0
vertex -63.98 111.309 18.0
endloop
endfacet
facet normal -0.9675583237417391 0.25264223694264926 0.0016704103358930146
outer loop
vertex -69.999 95.476 17.778
vertex -70.689 92.832 18.0
vertex -69.99 95.509 18.0
endloop
endfacet
facet normal 0.0 0.0 -1.0
outer loop
vertex -59.253 56.929 16.0
vertex -65.045 67.817 16.0
vertex -58.476 67.01 16.0
endloop
endfacet
facet normal 0.0 0.0 -1.0
outer loop
vertex -59.253 56.929 16.0
vertex -58.476 67.01 16.0
vertex -52.402 65.618 16.0
endloop
endfacet
facet normal -0.0 0.0 -1.0
outer loop
vertex -57.373 81.949 16.0
vertex -65.045 72.817 16.0
vertex -68.588 72.862 16.0
endloop
endfacet
facet normal -0.0 0.0 -1.0
outer loop
vertex -57.373 81.949 16.0
vertex -68.051 78.67 16.0
vertex -67.545 82.125 16.0
endloop
endfacet
facet normal -0.0 0.0 -1.0
outer loop
vertex -57.373 81.949 16.0
vertex -58.204 71.976 16.0
vertex -65.045 72.817 16.0
endloop
endfacet
facet normal 0.0 0.0 -1.0
outer loop
vertex -57.373 81.949 16.0
vertex -67.545 82.125 16.0
vertex -66.905 85.25 16.0
endloop
endfacet
facet normal 0.0 0.0 -0.9999999999999999
outer loop
vertex -56.62 84.877 16.0
vertex -66.905 85.25 16.0
vertex -66.129 87.997 16.0
endloop
endfacet
facet normal 0.0 0.0 -1.0
outer loop
vertex -55.522 87.803 16.0
vertex -66.129 87.997 16.0
vertex -64.884 91.316 16.0
endloop
endfacet
facet normal 0.0 0.0 -1.0
outer loop
vertex -57.373 81.949 16.0
vertex -66.905 85.25 16.0
vertex -56.62 84.877 16.0
endloop
endfacet
facet normal 0.0 0.0 -1.0
outer loop
vertex -56.62 84.877 16.0
vertex -66.129 87.997 16.0
vertex -55.522 87.803 16.0
endloop
endfacet
facet normal 0.0 -0.0 -0.9999999999999999
outer loop
vertex -57.373 81.949 16.0
vertex -56.005 81.731 16.0
vertex -58.204 71.976 16.0
endloop
endfacet
facet normal 0.0 -0.0 -1.0
outer loop
vertex -56.005 81.731 16.0
vertex -48.29 79.993 16.0
vertex -58.204 71.976 16.0
endloop
endfacet
facet normal 0.15737106737672654 0.9875395420704479 0.0
outer loop
vertex -57.373 81.949 16.0
vertex -56.005 81.731 18.0
vertex -56.005 81.731 16.0
endloop
endfacet
facet normal 0.15737106737672654 0.9875395420704479 -0.0
outer loop
vertex -57.373 81.949 16.0
vertex -57.373 81.949 18.0
vertex -56.005 81.731 18.0
endloop
endfacet
facet normal 0.9684860940143446 -0.249067632784427 0.0
outer loop
vertex -57.373 81.949 16.0
vertex -56.62 84.877 16.0
vertex -57.373 81.949 18.0
endloop
endfacet
facet normal 0.9362502556986907 -0.35133382800996604 0.0
outer loop
vertex -56.62 84.877 16.0
vertex -55.522 87.803 16.0
vertex -56.62 84.877 18.0
endloop
endfacet
facet normal 0.9638671089798152 -0.2663835509690731 0.0
outer loop
vertex -55.522 87.803 16.0
vertex -54.508 91.472 16.0
vertex -55.522 87.803 18.0
endloop
endfacet
facet normal 0.9684860940143446 -0.249067632784427 0.0
outer loop
vertex -56.62 84.877 16.0
vertex -56.62 84.877 18.0
vertex -57.373 81.949 18.0
endloop
endfacet
facet normal 0.9362502556986907 -0.35133382800996604 0.0
outer loop
vertex -55.522 87.803 16.0
vertex -55.522 87.803 18.0
vertex -56.62 84.877 18.0
endloop
endfacet
facet normal 0.0 0.0 -1.0
outer loop
vertex -49.389 54.069 16.0
vertex -52.402 65.618 16.0
vertex -45.785 63.409 16.0
endloop
endfacet
facet normal -0.0 0.0 -1.0
outer loop
vertex -48.29 79.993 16.0
vertex -50.489 70.237 16.0
vertex -58.204 71.976 16.0
endloop
endfacet
facet normal -0.0 0.0 -1.0
outer loop
vertex -38.17 76.445 16.0
vertex -43.871 68.028 16.0
vertex -50.489 70.237 16.0
endloop
endfacet
facet normal 0.0 -0.0 -1.0
outer loop
vertex -40.705 77.514 16.0
vertex -38.17 76.445 16.0
vertex -50.489 70.237 16.0
endloop
endfacet
facet normal 0.0 -0.0 -1.0
outer loop
vertex -48.29 79.993 16.0
vertex -40.705 77.514 16.0
vertex -50.489 70.237 16.0
endloop
endfacet
facet normal 0.21976794354674623 0.9755521774816733 0.0
outer loop
vertex -56.005 81.731 16.0
vertex -48.29 79.993 18.0
vertex -48.29 79.993 16.0
endloop
endfacet
facet normal 0.21976794354674623 0.9755521774816733 -0.0
outer loop
vertex -56.005 81.731 16.0
vertex -56.005 81.731 18.0
vertex -48.29 79.993 18.0
endloop
endfacet
facet normal 0.31065829791350935 0.9505216577950664 0.0
outer loop
vertex -48.29 79.993 16.0
vertex -40.705 77.514 18.0
vertex -40.705 77.514 16.0
endloop
endfacet
facet normal 0.31065829791350935 0.9505216577950664 -0.0
outer loop
vertex -48.29 79.993 16.0
vertex -48.29 79.993 18.0
vertex -40.705 77.514 18.0
endloop
endfacet
facet normal 0.0 -0.0 1.0
outer loop
vertex -59.253 56.929 18.0
vertex -58.476 67.01 18.0
vertex -68.857 67.865 18.0
endloop
endfacet
facet normal 0.0 0.0 1.0
outer loop
vertex -58.476 67.01 18.0
vertex -65.045 67.817 18.0
vertex -68.857 67.865 18.0
endloop
endfacet
facet normal 0.0 -0.0 1.0
outer loop
vertex -59.253 56.929 18.0
vertex -52.402 65.618 18.0
vertex -58.476 67.01 18.0
endloop
endfacet
facet normal 0.0 0.0 1.0
outer loop
vertex -48.29 79.993 18.0
vertex -65.045 72.817 18.0
vertex -58.204 71.976 18.0
endloop
endfacet
facet normal 0.0 0.0 1.0
outer loop
vertex -57.373 81.949 18.0
vertex -68.588 72.862 18.0
vertex -65.045 72.817 18.0
endloop
endfacet
facet normal 0.0 0.0 1.0
outer loop
vertex -57.373 81.949 18.0
vertex -67.545 82.125 18.0
vertex -68.051 78.67 18.0
endloop
endfacet
facet normal -0.0 0.0 1.0
outer loop
vertex -57.373 81.949 18.0
vertex -65.045 72.817 18.0
vertex -56.005 81.731 18.0
endloop
endfacet
facet normal 0.0 0.0 1.0
outer loop
vertex -57.373 81.949 18.0
vertex -66.905 85.25 18.0
vertex -67.545 82.125 18.0
endloop
endfacet
facet normal 0.0 0.0 1.0
outer loop
vertex -57.373 81.949 18.0
vertex -66.129 87.997 18.0
vertex -66.905 85.25 18.0
endloop
endfacet
facet normal 0.0 0.0 1.0
outer loop
vertex -56.62 84.877 18.0
vertex -64.884 91.316 18.0
vertex -66.129 87.997 18.0
endloop
endfacet
facet normal 0.0 -0.0 1.0
outer loop
vertex -57.373 81.949 18.0
vertex -56.62 84.877 18.0
vertex -66.129 87.997 18.0
endloop
endfacet
facet normal -0.0 0.0 1.0
outer loop
vertex -56.005 81.731 18.0
vertex -65.045 72.817 18.0
vertex -48.29 79.993 18.0
endloop
endfacet
facet normal 0.0 -0.0 1.0
outer loop
vertex -56.62 84.877 18.0
vertex -55.522 87.803 18.0
vertex -64.884 91.316 18.0
endloop
endfacet
facet normal 0.0 -0.0 1.0
outer loop
vertex -59.253 56.929 18.0
vertex -45.785 63.409 18.0
vertex -52.402 65.618 18.0
endloop
endfacet
facet normal 0.0 0.0 1.0
outer loop
vertex -38.17 76.445 18.0
vertex -58.204 71.976 18.0
vertex -50.489 70.237 18.0
endloop
endfacet
facet normal 0.0 0.0 1.0
outer loop
vertex -38.17 76.445 18.0
vertex -50.489 70.237 18.0
vertex -43.871 68.028 18.0
endloop
endfacet
facet normal -0.0 0.0 1.0
outer loop
vertex -48.29 79.993 18.0
vertex -58.204 71.976 18.0
vertex -40.705 77.514 18.0
endloop
endfacet
facet normal -0.0 0.0 1.0
outer loop
vertex -40.705 77.514 18.0
vertex -58.204 71.976 18.0
vertex -38.17 76.445 18.0
endloop
endfacet
facet normal -0.0 0.0 -1.0
outer loop
vertex -54.508 91.472 16.0
vertex -64.884 91.316 16.0
vertex -64.136 94.181 16.0
endloop
endfacet
facet normal -0.0 0.0 -1.0
outer loop
vertex -53.027 96.379 16.0
vertex -64.136 94.181 16.0
vertex -62.503 99.592 16.0
endloop
endfacet
facet normal 0.0 0.0 -1.0
outer loop
vertex -55.522 87.803 16.0
vertex -64.884 91.316 16.0
vertex -54.508 91.472 16.0
endloop
endfacet
facet normal 0.0 0.0 -1.0
outer loop
vertex -54.508 91.472 16.0
vertex -64.136 94.181 16.0
vertex -53.027 96.379 16.0
endloop
endfacet
facet normal -0.0 0.0 -1.0
outer loop
vertex -51.488 100.462 16.0
vertex -62.503 99.592 16.0
vertex -60.728 104.3 16.0
endloop
endfacet
facet normal 0.0 0.0 -1.0
outer loop
vertex -50.771 102.038 16.0
vertex -60.728 104.3 16.0
vertex -59.761 106.425 16.0
endloop
endfacet
facet normal 0.0 0.0 -1.0
outer loop
vertex -53.027 96.379 16.0
vertex -62.503 99.592 16.0
vertex -51.488 100.462 16.0
endloop
endfacet
facet normal 0.0 0.0 -1.0
outer loop
vertex -51.488 100.462 16.0
vertex -60.728 104.3 16.0
vertex -50.771 102.038 16.0
endloop
endfacet
facet normal 0.9573470593307396 -0.2889404921273332 0.0
outer loop
vertex -54.508 91.472 16.0
vertex -53.027 96.379 16.0
vertex -54.508 91.472 18.0
endloop
endfacet
facet normal 0.9638671089798152 -0.2663835509690731 0.0
outer loop
vertex -54.508 91.472 16.0
vertex -54.508 91.472 18.0
vertex -55.522 87.803 18.0
endloop
endfacet
facet normal 0.0 0.0 -0.9999999999999999
outer loop
vertex -49.709 103.989 16.0
vertex -59.761 106.425 16.0
vertex -58.748 108.366 16.0
endloop
endfacet
facet normal 0.0 0.0 -1.0
outer loop
vertex -49.709 103.989 16.0
vertex -58.748 108.366 16.0
vertex -57.691 110.114 16.0
endloop
endfacet
facet normal 0.0 0.0 -1.0
outer loop
vertex -49.709 103.989 16.0
vertex -57.691 110.114 16.0
vertex -56.596 111.662 16.0
endloop
endfacet
facet normal 0.0 0.0 -1.0
outer loop
vertex -49.709 103.989 16.0
vertex -56.596 111.662 16.0
vertex -55.467 113.006 16.0
endloop
endfacet
facet normal -0.8865778264262617 0.46257946094620933 0.0
outer loop
vertex -63.98 111.309 16.0
vertex -65.155 109.057 16.0
vertex -63.98 111.309 17.778
endloop
endfacet
facet normal -0.8558213393200951 0.5172714896964521 -0.00020275988734053943
outer loop
vertex -62.967 112.985 16.0
vertex -63.98 111.309 16.0
vertex -62.855 113.171 17.778
endloop
endfacet
facet normal -0.855907064594696 0.5171296711434095 0.0
outer loop
vertex -63.98 111.309 16.0
vertex -63.98 111.309 17.778
vertex -62.855 113.171 17.778
endloop
endfacet
facet normal -0.8865778264262617 0.46257946094620933 0.0
outer loop
vertex -65.155 109.057 16.0
vertex -63.98 111.309 18.0
vertex -63.98 111.309 17.778
endloop
endfacet
facet normal -0.8160744420942697 0.5779468011508726 0.0
outer loop
vertex -61.35 115.33 16.0
vertex -62.714 113.404 16.0
vertex -61.35 115.33 18.0
endloop
endfacet
facet normal -0.7659549989264471 0.6428941900651974 0.0
outer loop
vertex -59.882 117.079 16.0
vertex -61.35 115.33 16.0
vertex -59.882 117.079 18.0
endloop
endfacet
facet normal -0.8160744420942697 0.5779468011508726 0.0
outer loop
vertex -62.714 113.404 16.0
vertex -62.714 113.404 18.0
vertex -61.35 115.33 18.0
endloop
endfacet
facet normal -0.7659549989264471 0.6428941900651974 0.0
outer loop
vertex -61.35 115.33 16.0
vertex -61.35 115.33 18.0
vertex -59.882 117.079 18.0
endloop
endfacet
facet normal -0.7023635312100034 0.711818424899366 0.0
outer loop
vertex -59.882 117.079 16.0
vertex -59.882 117.079 18.0
vertex -58.301 118.639 18.0
endloop
endfacet
facet normal -0.7023635312100034 0.711818424899366 0.0
outer loop
vertex -58.301 118.639 16.0
vertex -59.882 117.079 16.0
vertex -58.301 118.639 18.0
endloop
endfacet
facet normal -0.6251991011277527 0.7804652996444172 0.0
outer loop
vertex -56.602 120.0 16.0
vertex -58.301 118.639 16.0
vertex -56.602 120.0 18.0
endloop
endfacet
facet normal -0.6251991011277527 0.7804652996444172 0.0
outer loop
vertex -58.301 118.639 16.0
vertex -58.301 118.639 18.0
vertex -56.602 120.0 18.0
endloop
endfacet
facet normal 0.0 0.0 -1.0
outer loop
vertex -50.771 102.038 16.0
vertex -59.761 106.425 16.0
vertex -49.709 103.989 16.0
endloop
endfacet
facet normal 0.9573470593307396 -0.2889404921273332 0.0
outer loop
vertex -53.027 96.379 16.0
vertex -53.027 96.379 18.0
vertex -54.508 91.472 18.0
endloop
endfacet
facet normal 0.9357344889409542 -0.3527052114817856 0.0
outer loop
vertex -53.027 96.379 16.0
vertex -51.488 100.462 16.0
vertex -53.027 96.379 18.0
endloop
endfacet
facet normal 0.9102279713418316 -0.41410752249498406 0.0
outer loop
vertex -51.488 100.462 16.0
vertex -50.771 102.038 16.0
vertex -51.488 100.462 18.0
endloop
endfacet
facet normal 0.8783081537682818 -0.478094956074787 0.0
outer loop
vertex -50.771 102.038 16.0
vertex -49.709 103.989 16.0
vertex -50.771 102.038 18.0
endloop
endfacet
facet normal 0.9357344889409542 -0.3527052114817856 0.0
outer loop
vertex -51.488 100.462 16.0
vertex -51.488 100.462 18.0
vertex -53.027 96.379 18.0
endloop
endfacet
facet normal 0.9102279713418316 -0.41410752249498406 0.0
outer loop
vertex -50.771 102.038 16.0
vertex -50.771 102.038 18.0
vertex -51.488 100.462 18.0
endloop
endfacet
facet normal 0.8783081537682818 -0.478094956074787 0.0
outer loop
vertex -49.709 103.989 16.0
vertex -49.709 103.989 18.0
vertex -50.771 102.038 18.0
endloop
endfacet
facet normal 0.0 0.0 -0.9999999999999999
outer loop
vertex -49.709 103.989 16.0
vertex -55.467 113.006 16.0
vertex -54.464 113.996 16.0
endloop
endfacet
facet normal 0.0 0.0 1.0
outer loop
vertex -55.522 87.803 18.0
vertex -64.136 94.181 18.0
vertex -64.884 91.316 18.0
endloop
endfacet
facet normal 0.0 0.0 0.9999999999999999
outer loop
vertex -54.508 91.472 18.0
vertex -62.503 99.592 18.0
vertex -64.136 94.181 18.0
endloop
endfacet
facet normal 0.0 -0.0 0.9999999999999999
outer loop
vertex -55.522 87.803 18.0
vertex -54.508 91.472 18.0
vertex -64.136 94.181 18.0
endloop
endfacet
facet normal 0.0 -0.0 1.0
outer loop
vertex -54.508 91.472 18.0
vertex -53.027 96.379 18.0
vertex -62.503 99.592 18.0
endloop
endfacet
facet normal 0.0 0.0 1.0
outer loop
vertex -53.027 96.379 18.0
vertex -60.728 104.3 18.0
vertex -62.503 99.592 18.0
endloop
endfacet
facet normal 0.0 0.0 1.0
outer loop
vertex -51.488 100.462 18.0
vertex -59.761 106.425 18.0
vertex -60.728 104.3 18.0
endloop
endfacet
facet normal 0.0 -0.0 1.0
outer loop
vertex -53.027 96.379 18.0
vertex -51.488 100.462 18.0
vertex -60.728 104.3 18.0
endloop
endfacet
facet normal 0.0 -0.0 1.0
outer loop
vertex -51.488 100.462 18.0
vertex -50.771 102.038 18.0
vertex -59.761 106.425 18.0
endloop
endfacet
facet normal 0.0 0.0 1.0
outer loop
vertex -50.771 102.038 18.0
vertex -58.748 108.366 18.0
vertex -59.761 106.425 18.0
endloop
endfacet
facet normal 0.0 0.0 1.0
outer loop
vertex -49.709 103.989 18.0
vertex -57.691 110.114 18.0
vertex -58.748 108.366 18.0
endloop
endfacet
facet normal 0.0 0.0 1.0
outer loop
vertex -49.709 103.989 18.0
vertex -56.596 111.662 18.0
vertex -57.691 110.114 18.0
endloop
endfacet
facet normal 0.0 0.0 1.0
outer loop
vertex -49.709 103.989 18.0
vertex -55.467 113.006 18.0
vertex -56.596 111.662 18.0
endloop
endfacet
facet normal 0.0 -0.0 0.9999999999999999
outer loop
vertex -50.771 102.038 18.0
vertex -49.709 103.989 18.0
vertex -58.748 108.366 18.0
endloop
endfacet
facet normal 0.0 0.0 1.0
outer loop
vertex -49.709 103.989 18.0
vertex -54.464 113.996 18.0
vertex -55.467 113.006 18.0
endloop
endfacet
facet normal 0.0 -0.0 -1.0
outer loop
vertex -55.159 5.947 16.0
vertex -29.394 10.642 16.0
vertex -36.551 5.255 16.0
endloop
endfacet
facet normal 0.0 0.0 -1.0
outer loop
vertex -48.399 9.452 16.0
vertex -42.302 13.442 16.0
vertex -29.394 10.642 16.0
endloop
endfacet
facet normal 0.0 0.0 -1.0
outer loop
vertex -42.302 13.442 16.0
vertex -35.538 18.534 16.0
vertex -29.394 10.642 16.0
endloop
endfacet
facet normal -0.6014352964315567 0.7989215131702773 0.0
outer loop
vertex -42.302 13.442 16.0
vertex -35.538 18.534 18.0
vertex -35.538 18.534 16.0
endloop
endfacet
facet normal -0.6014352964315567 0.7989215131702773 0.0
outer loop
vertex -42.302 13.442 16.0
vertex -42.302 13.442 18.0
vertex -35.538 18.534 18.0
endloop
endfacet
facet normal -0.0 0.0 -1.0
outer loop
vertex -13.249 4.421 16.0
vertex -41.433 -3.812 16.0
vertex -33.128 1.635 16.0
endloop
endfacet
facet normal -0.0 0.0 -1.0
outer loop
vertex -13.249 4.421 16.0
vertex -33.128 1.635 16.0
vertex -25.858 7.107 16.0
endloop
endfacet
facet normal 0.0 -0.0 -1.0
outer loop
vertex -35.538 18.534 16.0
vertex -15.102 22.151 16.0
vertex -29.394 10.642 16.0
endloop
endfacet
facet normal 0.0 0.0 -1.0
outer loop
vertex -35.538 18.534 16.0
vertex -23.03 28.606 16.0
vertex -15.102 22.151 16.0
endloop
endfacet
facet normal -0.6271826664400814 0.778872199347948 0.0
outer loop
vertex -35.538 18.534 16.0
vertex -35.538 18.534 18.0
vertex -23.03 28.606 18.0
endloop
endfacet
facet normal -0.6271826664400814 0.778872199347948 0.0
outer loop
vertex -35.538 18.534 16.0
vertex -23.03 28.606 18.0
vertex -23.03 28.606 16.0
endloop
endfacet
facet normal -0.3371928245474657 -0.9414356053781384 0.0
outer loop
vertex -26.845 29.843 16.0
vertex -24.617 29.045 16.0
vertex -26.845 29.843 18.0
endloop
endfacet
facet normal -0.26661006090981876 -0.9638044798721691 0.0
outer loop
vertex -24.617 29.045 16.0
vertex -23.03 28.606 16.0
vertex -24.617 29.045 18.0
endloop
endfacet
facet normal -0.3371928245474657 -0.9414356053781384 0.0
outer loop
vertex -24.617 29.045 16.0
vertex -24.617 29.045 18.0
vertex -26.845 29.843 18.0
endloop
endfacet
facet normal -0.26661006090981876 -0.9638044798721691 0.0
outer loop
vertex -23.03 28.606 16.0
vertex -23.03 28.606 18.0
vertex -24.617 29.045 18.0
endloop
endfacet
facet normal -0.0 -0.0 1.0
outer loop
vertex -48.399 9.452 18.0
vertex -36.551 5.255 18.0
vertex -42.302 13.442 18.0
endloop
endfacet
facet normal -0.0 0.0 1.0
outer loop
vertex -42.302 13.442 18.0
vertex -36.551 5.255 18.0
vertex -35.538 18.534 18.0
endloop
endfacet
facet normal -0.0 0.0 1.0
outer loop
vertex -35.538 18.534 18.0
vertex -36.551 5.255 18.0
vertex -29.394 10.642 18.0
endloop
endfacet
facet normal 0.0 0.0 1.0
outer loop
vertex -13.249 4.421 18.0
vertex -33.128 1.635 18.0
vertex -41.433 -3.812 18.0
endloop
endfacet
facet normal 0.0 0.0 1.0
outer loop
vertex -13.249 4.421 18.0
vertex -25.858 7.107 18.0
vertex -33.128 1.635 18.0
endloop
endfacet
facet normal -0.0 0.0 0.9999999999999999
outer loop
vertex -35.538 18.534 18.0
vertex -29.394 10.642 18.0
vertex -23.03 28.606 18.0
endloop
endfacet
facet normal -0.0 0.0 1.0
outer loop
vertex -23.03 28.606 18.0
vertex -29.394 10.642 18.0
vertex -15.102 22.151 18.0
endloop
endfacet
facet normal 0.0 -0.0 -1.0
outer loop
vertex -41.253 43.228 16.0
vertex -32.478 48.023 16.0
vertex -40.098 41.114 16.0
endloop
endfacet
facet normal 0.0 -0.0 -1.0
outer loop
vertex -35.358 35.251 16.0
vertex -28.209 42.244 16.0
vertex -34.0 34.047 16.0
endloop
endfacet
facet normal 0.0 -0.0 -1.0
outer loop
vertex -40.098 41.114 16.0
vertex -31.323 45.91 16.0
vertex -39.38 39.986 16.0
endloop
endfacet
facet normal 0.0 -0.0 -1.0
outer loop
vertex -39.38 39.986 16.0
vertex -31.323 45.91 16.0
vertex -37.953 38.046 16.0
endloop
endfacet
facet normal 0.0 -0.0 -1.0
outer loop
vertex -37.045 36.977 16.0
vertex -29.896 43.969 16.0
vertex -35.358 35.251 16.0
endloop
endfacet
facet normal 0.0 -0.0 -1.0
outer loop
vertex -37.953 38.046 16.0
vertex -29.896 43.969 16.0
vertex -37.045 36.977 16.0
endloop
endfacet
facet normal 0.0 0.0 -0.9999999999999999
outer loop
vertex -37.953 38.046 16.0
vertex -31.323 45.91 16.0
vertex -29.896 43.969 16.0
endloop
endfacet
facet normal -0.8775622073728263 -0.4794627954189278 0.0
outer loop
vertex -41.253 43.228 16.0
vertex -40.098 41.114 16.0
vertex -41.253 43.228 18.0
endloop
endfacet
facet normal -0.9054202356054994 -0.4245164271922608 0.0
outer loop
vertex -41.78 44.352 16.0
vertex -41.253 43.228 16.0
vertex -41.78 44.352 18.0
endloop
endfacet
facet normal -0.8435998927016632 -0.5369722721274744 0.0
outer loop
vertex -40.098 41.114 16.0
vertex -39.38 39.986 16.0
vertex -40.098 41.114 18.0
endloop
endfacet
facet normal -0.8055460850939563 -0.5925331254789056 0.0
outer loop
vertex -39.38 39.986 16.0
vertex -37.953 38.046 16.0
vertex -39.38 39.986 18.0
endloop
endfacet
facet normal -0.8775622073728263 -0.4794627954189278 0.0
outer loop
vertex -40.098 41.114 16.0
vertex -40.098 41.114 18.0
vertex -41.253 43.228 18.0
endloop
endfacet
facet normal -0.9054202356054994 -0.4245164271922608 0.0
outer loop
vertex -41.253 43.228 16.0
vertex -41.253 43.228 18.0
vertex -41.78 44.352 18.0
endloop
endfacet
facet normal -0.8435998927016632 -0.5369722721274744 0.0
outer loop
vertex -39.38 39.986 16.0
vertex -39.38 39.986 18.0
vertex -40.098 41.114 18.0
endloop
endfacet
facet normal -0.8055460850939563 -0.5925331254789056 0.0
outer loop
vertex -37.953 38.046 16.0
vertex -37.953 38.046 18.0
vertex -39.38 39.986 18.0
endloop
endfacet
facet normal -0.7151401298328157 -0.698981111835437 0.0
outer loop
vertex -37.045 36.977 16.0
vertex -35.358 35.251 16.0
vertex -37.045 36.977 18.0
endloop
endfacet
facet normal -0.5800490645994425 -0.8145815383725019 0.0
outer loop
vertex -34.0 34.047 16.0
vertex -31.277 32.108 16.0
vertex -34.0 34.047 18.0
endloop
endfacet
facet normal -0.6634056910962376 -0.7482599073992428 0.0
outer loop
vertex -35.358 35.251 16.0
vertex -34.0 34.047 16.0
vertex -35.358 35.251 18.0
endloop
endfacet
facet normal -0.7621679596579581 -0.6473793333670956 0.0
outer loop
vertex -37.045 36.977 16.0
vertex -37.045 36.977 18.0
vertex -37.953 38.046 18.0
endloop
endfacet
facet normal -0.7151401298328157 -0.698981111835437 0.0
outer loop
vertex -35.358 35.251 16.0
vertex -35.358 35.251 18.0
vertex -37.045 36.977 18.0
endloop
endfacet
facet normal -0.6634056910962376 -0.7482599073992428 0.0
outer loop
vertex -34.0 34.047 16.0
vertex -34.0 34.047 18.0
vertex -35.358 35.251 18.0
endloop
endfacet
facet normal -0.7621679596579581 -0.6473793333670956 0.0
outer loop
vertex -37.953 38.046 16.0
vertex -37.045 36.977 16.0
vertex -37.953 38.046 18.0
endloop
endfacet
facet normal 0.0 0.0 -0.9999999999999999
outer loop
vertex -43.685 50.17 16.0
vertex -43.978 51.69 16.0
vertex -34.019 52.735 16.0
endloop
endfacet
facet normal 0.0 0.0 -1.0
outer loop
vertex -41.78 44.352 16.0
vertex -43.032 47.711 16.0
vertex -33.367 50.276 16.0
endloop
endfacet
facet normal 0.0 -0.0 -1.0
outer loop
vertex -41.78 44.352 16.0
vertex -32.478 48.023 16.0
vertex -41.253 43.228 16.0
endloop
endfacet
facet normal 0.0 -0.0 -1.0
outer loop
vertex -43.685 50.17 16.0
vertex -34.019 52.735 16.0
vertex -43.032 47.711 16.0
endloop
endfacet
facet normal 0.0 0.0 -1.0
outer loop
vertex -43.978 51.69 16.0
vertex -45.785 63.409 16.0
vertex -39.368 60.587 16.0
endloop
endfacet
facet normal 0.0 0.0 -1.0
outer loop
vertex -43.978 51.69 16.0
vertex -34.743 58.042 16.0
vertex -34.673 56.863 16.0
endloop
endfacet
facet normal 0.0 0.0 -1.0
outer loop
vertex -43.978 51.69 16.0
vertex -39.368 60.587 16.0
vertex -34.743 58.042 16.0
endloop
endfacet
facet normal 0.0 0.0 -1.0
outer loop
vertex -41.78 44.352 16.0
vertex -33.367 50.276 16.0
vertex -32.478 48.023 16.0
endloop
endfacet
facet normal 0.0 0.0 -1.0
outer loop
vertex -43.032 47.711 16.0
vertex -34.019 52.735 16.0
vertex -33.367 50.276 16.0
endloop
endfacet
facet normal 0.0 0.0 -1.0
outer loop
vertex -40.098 41.114 16.0
vertex -32.478 48.023 16.0
vertex -31.323 45.91 16.0
endloop
endfacet
facet normal 0.0 0.0 -1.0
outer loop
vertex -43.978 51.69 16.0
vertex -34.673 56.863 16.0
vertex -34.019 52.735 16.0
endloop
endfacet
facet normal -0.937026631214244 -0.3492579167252839 -0.0
outer loop
vertex -41.78 44.352 16.0
vertex -43.032 47.711 18.0
vertex -43.032 47.711 16.0
endloop
endfacet
facet normal -0.937026631214244 -0.3492579167252839 0.0
outer loop
vertex -41.78 44.352 16.0
vertex -41.78 44.352 18.0
vertex -43.032 47.711 18.0
endloop
endfacet
facet normal 0.0 -0.0 -1.0
outer loop
vertex -34.0 34.047 16.0
vertex -27.556 41.694 16.0
vertex -31.277 32.108 16.0
endloop
endfacet
facet normal 0.0 -0.0 -1.0
outer loop
vertex -31.277 32.108 16.0
vertex -25.588 40.332 16.0
vertex -30.117 31.417 16.0
endloop
endfacet
facet normal 0.0 -0.0 -1.0
outer loop
vertex -30.117 31.417 16.0
vertex -25.588 40.332 16.0
vertex -28.0 30.341 16.0
endloop
endfacet
facet normal 0.0 0.0 -1.0
outer loop
vertex -35.358 35.251 16.0
vertex -29.896 43.969 16.0
vertex -28.209 42.244 16.0
endloop
endfacet
facet normal 0.0 0.0 -1.0
outer loop
vertex -34.0 34.047 16.0
vertex -28.209 42.244 16.0
vertex -27.556 41.694 16.0
endloop
endfacet
facet normal 0.0 0.0 -1.0
outer loop
vertex -31.277 32.108 16.0
vertex -27.556 41.694 16.0
vertex -25.588 40.332 16.0
endloop
endfacet
facet normal 0.0 0.0 -1.0
outer loop
vertex -26.845 29.843 16.0
vertex -28.0 30.341 16.0
vertex -23.471 39.257 16.0
endloop
endfacet
facet normal 0.0 -0.0 -1.0
outer loop
vertex -26.845 29.843 16.0
vertex -23.471 39.257 16.0
vertex -24.617 29.045 16.0
endloop
endfacet
facet normal 0.0 0.0 -1.0
outer loop
vertex -28.0 30.341 16.0
vertex -25.588 40.332 16.0
vertex -23.471 39.257 16.0
endloop
endfacet
facet normal 0.0 -0.0 -1.0
outer loop
vertex -24.617 29.045 16.0
vertex -21.243 38.458 16.0
vertex -23.03 28.606 16.0
endloop
endfacet
facet normal 0.0 0.0 -1.0
outer loop
vertex -24.617 29.045 16.0
vertex -23.471 39.257 16.0
vertex -21.243 38.458 16.0
endloop
endfacet
facet normal -0.5117702839941192 -0.8591223291362985 0.0
outer loop
vertex -31.277 32.108 16.0
vertex -30.117 31.417 16.0
vertex -31.277 32.108 18.0
endloop
endfacet
facet normal -0.45309922412188774 -0.8914600905818182 0.0
outer loop
vertex -30.117 31.417 16.0
vertex -28.0 30.341 16.0
vertex -30.117 31.417 18.0
endloop
endfacet
facet normal -0.3959333847686925 -0.9182792357587134 -0.0
outer loop
vertex -26.845 29.843 16.0
vertex -28.0 30.341 18.0
vertex -28.0 30.341 16.0
endloop
endfacet
facet normal -0.5800490645994425 -0.8145815383725019 0.0
outer loop
vertex -31.277 32.108 16.0
vertex -31.277 32.108 18.0
vertex -34.0 34.047 18.0
endloop
endfacet
facet normal -0.5117702839941192 -0.8591223291362985 0.0
outer loop
vertex -30.117 31.417 16.0
vertex -30.117 31.417 18.0
vertex -31.277 32.108 18.0
endloop
endfacet
facet normal -0.45309922412188774 -0.8914600905818182 0.0
outer loop
vertex -28.0 30.341 16.0
vertex -28.0 30.341 18.0
vertex -30.117 31.417 18.0
endloop
endfacet
facet normal -0.3959333847686925 -0.9182792357587134 0.0
outer loop
vertex -26.845 29.843 16.0
vertex -26.845 29.843 18.0
vertex -28.0 30.341 18.0
endloop
endfacet
facet normal 0.9235916635000188 0.3833776716415137 0.0
outer loop
vertex -26.934 50.319 16.0
vertex -27.066 50.637 16.0
vertex -26.934 50.319 18.0
endloop
endfacet
facet normal 0.9621195612185477 0.27262785976607234 0.0
outer loop
vertex -27.594 51.912 16.0
vertex -28.093 53.673 16.0
vertex -27.594 51.912 18.0
endloop
endfacet
facet normal 0.9235916635000188 0.3833776716415137 0.0
outer loop
vertex -26.934 50.319 18.0
vertex -27.066 50.637 16.0
vertex -27.0 50.478 18.0
endloop
endfacet
facet normal 0.9877183037506554 0.1562451677202463 0.0
outer loop
vertex -28.093 53.673 16.0
vertex -28.746 57.801 16.0
vertex -28.093 53.673 18.0
endloop
endfacet
facet normal 0.9998647433065152 -0.016446735013265813 0.0
outer loop
vertex -28.746 57.801 16.0
vertex -28.712 59.868 16.0
vertex -28.746 57.801 18.0
endloop
endfacet
facet normal 0.9621195612185477 0.27262785976607234 -0.0
outer loop
vertex -27.594 51.912 18.0
vertex -28.093 53.673 16.0
vertex -28.093 53.673 18.0
endloop
endfacet
facet normal 0.9877183037506554 0.1562451677202463 -0.0
outer loop
vertex -28.746 57.801 16.0
vertex -28.746 57.801 18.0
vertex -28.093 53.673 18.0
endloop
endfacet
facet normal 0.9998647433065152 -0.016446735013265813 0.0
outer loop
vertex -28.746 57.801 18.0
vertex -28.712 59.868 16.0
vertex -28.712 59.868 18.0
endloop
endfacet
facet normal 0.7916170200417392 0.6110175886013729 0.0
outer loop
vertex -25.146 47.635 16.0
vertex -26.117 48.893 16.0
vertex -25.146 47.635 18.0
endloop
endfacet
facet normal 0.697443790084571 0.7166394907291035 0.0
outer loop
vertex -24.026 46.545 16.0
vertex -25.146 47.635 16.0
vertex -24.026 46.545 18.0
endloop
endfacet
facet normal 0.8676809193942604 0.49712153656739827 0.0
outer loop
vertex -26.117 48.893 16.0
vertex -26.934 50.319 16.0
vertex -26.117 48.893 18.0
endloop
endfacet
facet normal 0.5880958428951414 0.8087912459772628 0.0
outer loop
vertex -22.758 45.623 16.0
vertex -24.026 46.545 16.0
vertex -22.758 45.623 18.0
endloop
endfacet
facet normal 0.4717878378768039 0.88171210495917 0.0
outer loop
vertex -21.347 44.868 16.0
vertex -22.758 45.623 16.0
vertex -21.347 44.868 18.0
endloop
endfacet
facet normal 0.7916170200417392 0.6110175886013729 -0.0
outer loop
vertex -26.117 48.893 16.0
vertex -26.117 48.893 18.0
vertex -25.146 47.635 18.0
endloop
endfacet
facet normal 0.697443790084571 0.7166394907291035 -0.0
outer loop
vertex -25.146 47.635 16.0
vertex -25.146 47.635 18.0
vertex -24.026 46.545 18.0
endloop
endfacet
facet normal 0.8676809193942604 0.49712153656739827 -0.0
outer loop
vertex -26.934 50.319 16.0
vertex -26.934 50.319 18.0
vertex -26.117 48.893 18.0
endloop
endfacet
facet normal 0.5880958428951414 0.8087912459772628 -0.0
outer loop
vertex -22.758 45.623 18.0
vertex -24.026 46.545 16.0
vertex -24.026 46.545 18.0
endloop
endfacet
facet normal 0.4717878378768039 0.88171210495917 -0.0
outer loop
vertex -22.758 45.623 16.0
vertex -22.758 45.623 18.0
vertex -21.347 44.868 18.0
endloop
endfacet
facet normal -0.0 0.0 1.0
outer loop
vertex -35.358 35.251 18.0
vertex -34.0 34.047 18.0
vertex -28.209 42.244 18.0
endloop
endfacet
facet normal -0.0 0.0 1.0
outer loop
vertex -39.38 39.986 18.0
vertex -37.953 38.046 18.0
vertex -29.896 43.969 18.0
endloop
endfacet
facet normal -0.0 0.0 1.0
outer loop
vertex -40.098 41.114 18.0
vertex -39.38 39.986 18.0
vertex -31.323 45.91 18.0
endloop
endfacet
facet normal -0.0 0.0 1.0
outer loop
vertex -41.253 43.228 18.0
vertex -40.098 41.114 18.0
vertex -31.323 45.91 18.0
endloop
endfacet
facet normal -0.0 0.0 0.9999999999999999
outer loop
vertex -37.953 38.046 18.0
vertex -37.045 36.977 18.0
vertex -29.896 43.969 18.0
endloop
endfacet
facet normal -0.0 0.0 0.9999999999999999
outer loop
vertex -37.045 36.977 18.0
vertex -35.358 35.251 18.0
vertex -28.209 42.244 18.0
endloop
endfacet
facet normal 0.0 -0.0 1.0
outer loop
vertex -39.38 39.986 18.0
vertex -29.896 43.969 18.0
vertex -31.323 45.91 18.0
endloop
endfacet
facet normal 0.0 -0.0 0.9999999999999999
outer loop
vertex -43.685 50.17 18.0
vertex -34.019 52.735 18.0
vertex -43.978 51.69 18.0
endloop
endfacet
facet normal 0.0 -0.0 1.0
outer loop
vertex -41.78 44.352 18.0
vertex -33.367 50.276 18.0
vertex -43.032 47.711 18.0
endloop
endfacet
facet normal -0.0 0.0 1.0
outer loop
vertex -41.78 44.352 18.0
vertex -41.253 43.228 18.0
vertex -32.478 48.023 18.0
endloop
endfacet
facet normal -0.0 0.0 1.0
outer loop
vertex -43.685 50.17 18.0
vertex -43.032 47.711 18.0
vertex -33.367 50.276 18.0
endloop
endfacet
facet normal 0.0 -0.0 1.0
outer loop
vertex -43.978 51.69 18.0
vertex -34.673 56.863 18.0
vertex -34.743 58.042 18.0
endloop
endfacet
facet normal 0.0 -0.0 1.0
outer loop
vertex -43.978 51.69 18.0
vertex -34.743 58.042 18.0
vertex -39.368 60.587 18.0
endloop
endfacet
facet normal 0.0 -0.0 1.0
outer loop
vertex -41.253 43.228 18.0
vertex -31.323 45.91 18.0
vertex -32.478 48.023 18.0
endloop
endfacet
facet normal 0.0 -0.0 1.0
outer loop
vertex -41.78 44.352 18.0
vertex -32.478 48.023 18.0
vertex -33.367 50.276 18.0
endloop
endfacet
facet normal 0.0 -0.0 1.0
outer loop
vertex -43.685 50.17 18.0
vertex -33.367 50.276 18.0
vertex -34.019 52.735 18.0
endloop
endfacet
facet normal 0.0 -0.0 1.0
outer loop
vertex -43.978 51.69 18.0
vertex -34.019 52.735 18.0
vertex -34.673 56.863 18.0
endloop
endfacet
facet normal -0.0 0.0 1.0
outer loop
vertex -34.0 34.047 18.0
vertex -31.277 32.108 18.0
vertex -25.588 40.332 18.0
endloop
endfacet
facet normal -0.0 0.0 1.0
outer loop
vertex -30.117 31.417 18.0
vertex -28.0 30.341 18.0
vertex -23.471 39.257 18.0
endloop
endfacet
facet normal -0.0 0.0 1.0
outer loop
vertex -31.277 32.108 18.0
vertex -30.117 31.417 18.0
vertex -25.588 40.332 18.0
endloop
endfacet
facet normal 0.0 -0.0 1.0
outer loop
vertex -37.045 36.977 18.0
vertex -28.209 42.244 18.0
vertex -29.896 43.969 18.0
endloop
endfacet
facet normal 0.0 -0.0 1.0
outer loop
vertex -34.0 34.047 18.0
vertex -27.556 41.694 18.0
vertex -28.209 42.244 18.0
endloop
endfacet
facet normal 0.0 -0.0 0.9999999999999999
outer loop
vertex -34.0 34.047 18.0
vertex -25.588 40.332 18.0
vertex -27.556 41.694 18.0
endloop
endfacet
facet normal 0.0 -0.0 0.9999999999999999
outer loop
vertex -26.845 29.843 18.0
vertex -23.471 39.257 18.0
vertex -28.0 30.341 18.0
endloop
endfacet
facet normal -0.0 0.0 1.0
outer loop
vertex -26.845 29.843 18.0
vertex -24.617 29.045 18.0
vertex -21.243 38.458 18.0
endloop
endfacet
facet normal 0.0 -0.0 1.0
outer loop
vertex -30.117 31.417 18.0
vertex -23.471 39.257 18.0
vertex -25.588 40.332 18.0
endloop
endfacet
facet normal -0.0 0.0 1.0
outer loop
vertex -24.617 29.045 18.0
vertex -23.03 28.606 18.0
vertex -21.243 38.458 18.0
endloop
endfacet
facet normal 0.0 -0.0 1.0
outer loop
vertex -26.845 29.843 18.0
vertex -21.243 38.458 18.0
vertex -23.471 39.257 18.0
endloop
endfacet
facet normal 0.0 0.0 -1.0
outer loop
vertex -13.249 4.421 16.0
vertex -25.858 7.107 16.0
vertex -5.912 10.329 16.0
endloop
endfacet
facet normal -0.0 0.0 -1.0
outer loop
vertex -5.912 10.329 16.0
vertex -25.858 7.107 16.0
vertex -11.737 18.478 16.0
endloop
endfacet
facet normal 0.003176604048858352 0.9999949545806304 0.0
outer loop
vertex -13.249 4.421 16.0
vertex -11.675 4.416 18.0
vertex -11.675 4.416 16.0
endloop
endfacet
facet normal 0.6271775177626487 -0.7788763452648195 0.0
outer loop
vertex -13.249 4.421 16.0
vertex -5.912 10.329 16.0
vertex -13.249 4.421 18.0
endloop
endfacet
facet normal 0.003176604048858352 0.9999949545806304 -0.0
outer loop
vertex -13.249 4.421 16.0
vertex -13.249 4.421 18.0
vertex -11.675 4.416 18.0
endloop
endfacet
facet normal 0.0 -0.0 -1.0
outer loop
vertex -23.03 28.606 16.0
vertex -6.532 27.592 16.0
vertex -15.102 22.151 16.0
endloop
endfacet
facet normal 0.0 0.0 -1.0
outer loop
vertex -13.249 4.421 16.0
vertex -11.675 4.416 16.0
vertex -5.096 -6.223 16.0
endloop
endfacet
facet normal 0.0 -0.0 -1.0
outer loop
vertex -11.675 4.416 16.0
vertex -4.191 3.736 16.0
vertex -5.096 -6.223 16.0
endloop
endfacet
facet normal 0.0 0.0 -1.0
outer loop
vertex -5.912 10.329 16.0
vertex -11.737 18.478 16.0
vertex -0.131 13.98 16.0
endloop
endfacet
facet normal 0.0 -0.0 -1.0
outer loop
vertex -4.191 3.736 16.0
vertex -2.188 3.395 16.0
vertex -4.139 -6.413 16.0
endloop
endfacet
facet normal 0.09048775339701758 0.9958975682695286 0.0
outer loop
vertex -11.675 4.416 16.0
vertex -4.191 3.736 18.0
vertex -4.191 3.736 16.0
endloop
endfacet
facet normal 0.09048775339701758 0.9958975682695286 -0.0
outer loop
vertex -11.675 4.416 16.0
vertex -11.675 4.416 18.0
vertex -4.191 3.736 18.0
endloop
endfacet
facet normal 0.6271775177626487 -0.7788763452648195 0.0
outer loop
vertex -5.912 10.329 16.0
vertex -5.912 10.329 18.0
vertex -13.249 4.421 18.0
endloop
endfacet
facet normal 0.16782987851438227 0.9858159726226026 0.0
outer loop
vertex -4.191 3.736 16.0
vertex -2.188 3.395 18.0
vertex -2.188 3.395 16.0
endloop
endfacet
facet normal 0.2493825067311148 0.968405062634694 0.0
outer loop
vertex -2.188 3.395 16.0
vertex -1.124 3.121 18.0
vertex -1.124 3.121 16.0
endloop
endfacet
facet normal 0.16782987851438227 0.9858159726226026 -0.0
outer loop
vertex -4.191 3.736 16.0
vertex -4.191 3.736 18.0
vertex -2.188 3.395 18.0
endloop
endfacet
facet normal 0.2493825067311148 0.968405062634694 -0.0
outer loop
vertex -2.188 3.395 16.0
vertex -2.188 3.395 18.0
vertex -1.124 3.121 18.0
endloop
endfacet
facet normal 0.5339764833122274 -0.8454993289586377 0.0
outer loop
vertex -5.912 10.329 16.0
vertex -0.131 13.98 16.0
vertex -5.912 10.329 18.0
endloop
endfacet
facet normal 0.5339764833122274 -0.8454993289586377 0.0
outer loop
vertex -0.131 13.98 16.0
vertex -0.131 13.98 18.0
vertex -5.912 10.329 18.0
endloop
endfacet
facet normal 0.0 -0.0 -1.0
outer loop
vertex -23.03 28.606 16.0
vertex 2.312 30.947 16.0
vertex -6.532 27.592 16.0
endloop
endfacet
facet normal 0.0 0.0 -1.0
outer loop
vertex 6.828 16.62 16.0
vertex -11.737 18.478 16.0
vertex -4.619 22.973 16.0
endloop
endfacet
facet normal 0.0 0.0 -0.9999999999999999
outer loop
vertex -0.131 13.98 16.0
vertex -11.737 18.478 16.0
vertex 6.828 16.62 16.0
endloop
endfacet
facet normal 0.0 -0.0 0.9999999999999999
outer loop
vertex -13.249 4.421 18.0
vertex -11.737 18.478 18.0
vertex -25.858 7.107 18.0
endloop
endfacet
facet normal -0.0 0.0 1.0
outer loop
vertex -13.249 4.421 18.0
vertex -12.58 -5.543 18.0
vertex -11.675 4.416 18.0
endloop
endfacet
facet normal -0.0 0.0 1.0
outer loop
vertex -23.03 28.606 18.0
vertex -15.102 22.151 18.0
vertex -6.532 27.592 18.0
endloop
endfacet
facet normal -0.0 0.0 1.0
outer loop
vertex -11.675 4.416 18.0
vertex -12.58 -5.543 18.0
vertex -4.191 3.736 18.0
endloop
endfacet
facet normal 0.0 -0.0 0.9999999999999999
outer loop
vertex -13.249 4.421 18.0
vertex -5.912 10.329 18.0
vertex -11.737 18.478 18.0
endloop
endfacet
facet normal -0.0 0.0 0.9999999999999999
outer loop
vertex -4.191 3.736 18.0
vertex -5.096 -6.223 18.0
vertex -2.188 3.395 18.0
endloop
endfacet
facet normal -0.0 0.0 1.0
outer loop
vertex -2.188 3.395 18.0
vertex -4.139 -6.413 18.0
vertex -1.124 3.121 18.0
endloop
endfacet
facet normal 0.0 -0.0 1.0
outer loop
vertex -5.912 10.329 18.0
vertex -4.619 22.973 18.0
vertex -11.737 18.478 18.0
endloop
endfacet
facet normal -0.0 0.0 1.0
outer loop
vertex -23.03 28.606 18.0
vertex -6.532 27.592 18.0
vertex 2.312 30.947 18.0
endloop
endfacet
facet normal 0.0 -0.0 1.0
outer loop
vertex -5.912 10.329 18.0
vertex -0.131 13.98 18.0
vertex -4.619 22.973 18.0
endloop
endfacet
facet normal 0.0 0.0 -1.0
outer loop
vertex -23.03 28.606 16.0
vertex -21.243 38.458 16.0
vertex -18.931 37.918 16.0
endloop
endfacet
facet normal 0.0 0.0 -1.0
outer loop
vertex -23.03 28.606 16.0
vertex -18.931 37.918 16.0
vertex -16.547 37.616 16.0
endloop
endfacet
facet normal 0.0 0.0 -0.9999999999999999
outer loop
vertex -23.03 28.606 16.0
vertex -16.547 37.616 16.0
vertex -14.583 37.531 16.0
endloop
endfacet
facet normal 0.0 0.0 -0.9999999999999999
outer loop
vertex -23.03 28.606 16.0
vertex -14.583 37.531 16.0
vertex -13.539 37.58 16.0
endloop
endfacet
facet normal 0.0 0.0 -1.0
outer loop
vertex -23.03 28.606 16.0
vertex -13.539 37.58 16.0
vertex -10.379 38.006 16.0
endloop
endfacet
facet normal 0.0 0.0 -1.0
outer loop
vertex -23.03 28.606 16.0
vertex -10.379 38.006 16.0
vertex -7.337 38.304 16.0
endloop
endfacet
facet normal 0.0 0.0 -1.0
outer loop
vertex -23.03 28.606 16.0
vertex -7.337 38.304 16.0
vertex -4.313 38.49 16.0
endloop
endfacet
facet normal 0.24104635445094738 0.9705136037201686 0.0
outer loop
vertex -18.109 43.862 16.0
vertex -19.796 44.281 16.0
vertex -18.109 43.862 18.0
endloop
endfacet
facet normal 0.13912943373064207 0.9902742047886489 0.0
outer loop
vertex -16.29 43.61 16.0
vertex -16.653 43.661 16.0
vertex -16.29 43.61 18.0
endloop
endfacet
facet normal 0.24104635445094738 0.9705136037201686 -0.0
outer loop
vertex -19.796 44.281 16.0
vertex -19.796 44.281 18.0
vertex -18.109 43.862 18.0
endloop
endfacet
facet normal 0.136822579723516 0.9905954771983172 0.000426886448739924
outer loop
vertex -16.29 43.61 18.0
vertex -16.653 43.661 16.0
vertex -16.471 43.635 18.0
endloop
endfacet
facet normal 0.04290915997275577 0.9990789486193845 -0.00024169405790391347
outer loop
vertex -14.73 43.543 16.0
vertex -16.29 43.61 16.0
vertex -14.557 43.536 17.778
endloop
endfacet
facet normal -0.1336925901862451 0.9910228510631289 0.0
outer loop
vertex -11.072 43.967 16.0
vertex -14.341 43.526 16.0
vertex -11.072 43.967 18.0
endloop
endfacet
facet normal 0.04266164382300262 0.9990895776387217 -0.0
outer loop
vertex -16.29 43.61 16.0
vertex -16.29 43.61 18.0
vertex -14.557 43.536 17.778
endloop
endfacet
facet normal -0.1336925901862451 0.9910228510631289 0.0
outer loop
vertex -14.341 43.526 16.0
vertex -14.341 43.526 18.0
vertex -11.072 43.967 18.0
endloop
endfacet
facet normal 0.0 0.0 -1.0
outer loop
vertex -23.03 28.606 16.0
vertex -4.313 38.49 16.0
vertex -1.318 38.569 16.0
endloop
endfacet
facet normal 0.0 0.0 -1.0
outer loop
vertex -23.03 28.606 16.0
vertex -1.318 38.569 16.0
vertex 1.636 38.544 16.0
endloop
endfacet
facet normal 0.0 0.0 -1.0
outer loop
vertex -23.03 28.606 16.0
vertex 1.636 38.544 16.0
vertex 4.537 38.417 16.0
endloop
endfacet
facet normal 0.0 0.0 -1.0
outer loop
vertex -23.03 28.606 16.0
vertex 4.537 38.417 16.0
vertex 7.373 38.193 16.0
endloop
endfacet
facet normal 0.0 -0.0 -1.0
outer loop
vertex -23.03 28.606 16.0
vertex 13.056 32.912 16.0
vertex 2.312 30.947 16.0
endloop
endfacet
facet normal 0.0 0.0 -1.0
outer loop
vertex -23.03 28.606 16.0
vertex 7.373 38.193 16.0
vertex 10.133 37.876 16.0
endloop
endfacet
facet normal 0.0 0.0 -1.0
outer loop
vertex -23.03 28.606 16.0
vertex 10.133 37.876 16.0
vertex 12.804 37.47 16.0
endloop
endfacet
facet normal -0.09744683653001637 0.9952407317078077 0.0
outer loop
vertex -7.814 44.286 16.0
vertex -11.072 43.967 16.0
vertex -7.814 44.286 18.0
endloop
endfacet
facet normal -0.09744683653001637 0.9952407317078077 0.0
outer loop
vertex -11.072 43.967 16.0
vertex -11.072 43.967 18.0
vertex -7.814 44.286 18.0
endloop
endfacet
facet normal -0.0261918847268132 0.9996569337399992 0.0
outer loop
vertex -1.371 44.57 16.0
vertex -4.577 44.486 16.0
vertex -1.371 44.57 18.0
endloop
endfacet
facet normal -0.0261918847268132 0.9996569337399992 0.0
outer loop
vertex -4.577 44.486 16.0
vertex -4.577 44.486 18.0
vertex -1.371 44.57 18.0
endloop
endfacet
facet normal 0.0 -0.0 1.0
outer loop
vertex -23.03 28.606 18.0
vertex -18.931 37.918 18.0
vertex -21.243 38.458 18.0
endloop
endfacet
facet normal 0.0 -0.0 1.0
outer loop
vertex -23.03 28.606 18.0
vertex -16.547 37.616 18.0
vertex -18.931 37.918 18.0
endloop
endfacet
facet normal 0.0 -0.0 1.0
outer loop
vertex -23.03 28.606 18.0
vertex -14.583 37.531 18.0
vertex -16.547 37.616 18.0
endloop
endfacet
facet normal 0.0 -0.0 0.9999999999999999
outer loop
vertex -23.03 28.606 18.0
vertex -13.539 37.58 18.0
vertex -14.583 37.531 18.0
endloop
endfacet
facet normal 0.0 -0.0 1.0
outer loop
vertex -23.03 28.606 18.0
vertex -10.379 38.006 18.0
vertex -13.539 37.58 18.0
endloop
endfacet
facet normal 0.0 -0.0 1.0
outer loop
vertex -23.03 28.606 18.0
vertex -7.337 38.304 18.0
vertex -10.379 38.006 18.0
endloop
endfacet
facet normal 0.0 -0.0 1.0
outer loop
vertex -23.03 28.606 18.0
vertex -4.313 38.49 18.0
vertex -7.337 38.304 18.0
endloop
endfacet
facet normal 0.043058844078693655 0.9990677036830696 0.0031079581794181453
outer loop
vertex -14.557 43.536 17.778
vertex -16.29 43.61 18.0
vertex -14.341 43.526 18.0
endloop
endfacet
facet normal 0.0 -0.0 1.0
outer loop
vertex -23.03 28.606 18.0
vertex -1.318 38.569 18.0
vertex -4.313 38.49 18.0
endloop
endfacet
facet normal 0.0 -0.0 1.0
outer loop
vertex -23.03 28.606 18.0
vertex 1.636 38.544 18.0
vertex -1.318 38.569 18.0
endloop
endfacet
facet normal 0.0 -0.0 1.0
outer loop
vertex -23.03 28.606 18.0
vertex 4.537 38.417 18.0
vertex 1.636 38.544 18.0
endloop
endfacet
facet normal 0.0 -0.0 1.0
outer loop
vertex -23.03 28.606 18.0
vertex 7.373 38.193 18.0
vertex 4.537 38.417 18.0
endloop
endfacet
facet normal 0.0 0.0 1.0
outer loop
vertex -23.03 28.606 18.0
vertex 2.312 30.947 18.0
vertex 13.056 32.912 18.0
endloop
endfacet
facet normal 0.0 -0.0 1.0
outer loop
vertex -23.03 28.606 18.0
vertex 10.133 37.876 18.0
vertex 7.373 38.193 18.0
endloop
endfacet
facet normal 0.0 -0.0 1.0
outer loop
vertex -23.03 28.606 18.0
vertex 12.804 37.47 18.0
vertex 10.133 37.876 18.0
endloop
endfacet
facet normal -0.061610748626859314 0.9980941277553191 -0.0034968262734193746
outer loop
vertex -4.937 44.463 17.778
vertex -4.901 44.466 18.0
vertex -4.577 44.486 18.0
endloop
endfacet
facet normal -0.0 -0.0 -1.0
outer loop
vertex -38.17 76.445 16.0
vertex -37.455 65.206 16.0
vertex -43.871 68.028 16.0
endloop
endfacet
facet normal 0.0 0.0 -1.0
outer loop
vertex -34.116 63.369 16.0
vertex -37.455 65.206 16.0
vertex -33.301 65.68 16.0
endloop
endfacet
facet normal 0.0 -0.0 -1.0
outer loop
vertex -38.17 76.445 16.0
vertex -33.301 65.68 16.0
vertex -37.455 65.206 16.0
endloop
endfacet
facet normal 0.0 -0.0 -1.0
outer loop
vertex -38.17 76.445 16.0
vertex -32.869 66.593 16.0
vertex -33.301 65.68 16.0
endloop
endfacet
facet normal 0.0 -0.0 -1.0
outer loop
vertex -38.17 76.445 16.0
vertex -31.923 68.22 16.0
vertex -32.869 66.593 16.0
endloop
endfacet
facet normal 0.0 -0.0 -1.0
outer loop
vertex -38.17 76.445 16.0
vertex -31.377 69.006 16.0
vertex -31.923 68.22 16.0
endloop
endfacet
facet normal 0.0 -0.0 -1.0
outer loop
vertex -38.17 76.445 16.0
vertex -29.565 71.114 16.0
vertex -31.377 69.006 16.0
endloop
endfacet
facet normal 0.0 0.0 -0.9999999999999999
outer loop
vertex -38.17 76.445 16.0
vertex -37.15 77.632 16.0
vertex -29.565 71.114 16.0
endloop
endfacet
facet normal 0.0 0.0 -1.0
outer loop
vertex -37.15 77.632 16.0
vertex -36.134 78.655 16.0
vertex -29.565 71.114 16.0
endloop
endfacet
facet normal 0.0 0.0 -0.9999999999999999
outer loop
vertex -36.134 78.655 16.0
vertex -34.066 80.456 16.0
vertex -27.497 72.916 16.0
endloop
endfacet
facet normal 0.3885606833415839 0.921423135894211 0.0
outer loop
vertex -40.705 77.514 16.0
vertex -38.17 76.445 18.0
vertex -38.17 76.445 16.0
endloop
endfacet
facet normal 0.3885606833415839 0.921423135894211 -0.0
outer loop
vertex -40.705 77.514 16.0
vertex -40.705 77.514 18.0
vertex -38.17 76.445 18.0
endloop
endfacet
facet normal -0.7584441579778356 0.6517380296018425 0.0
outer loop
vertex -38.17 76.445 16.0
vertex -38.17 76.445 18.0
vertex -37.15 77.632 18.0
endloop
endfacet
facet normal -0.7584441579778356 0.6517380296018425 0.0
outer loop
vertex -38.17 76.445 16.0
vertex -37.15 77.632 18.0
vertex -37.15 77.632 16.0
endloop
endfacet
facet normal -0.7095301367512558 0.7046750918272506 0.0
outer loop
vertex -37.15 77.632 16.0
vertex -36.134 78.655 18.0
vertex -36.134 78.655 16.0
endloop
endfacet
facet normal -0.6567472992832976 0.7541107245518359 0.0
outer loop
vertex -36.134 78.655 16.0
vertex -34.066 80.456 18.0
vertex -34.066 80.456 16.0
endloop
endfacet
facet normal -0.6055635718296735 0.7957969341942001 0.0
outer loop
vertex -34.066 80.456 16.0
vertex -33.016 81.255 18.0
vertex -33.016 81.255 16.0
endloop
endfacet
facet normal -0.7095301367512558 0.7046750918272506 0.0
outer loop
vertex -37.15 77.632 16.0
vertex -37.15 77.632 18.0
vertex -36.134 78.655 18.0
endloop
endfacet
facet normal -0.6567472992832976 0.7541107245518359 0.0
outer loop
vertex -36.134 78.655 16.0
vertex -36.134 78.655 18.0
vertex -34.066 80.456 18.0
endloop
endfacet
facet normal -0.6055635718296735 0.7957969341942001 0.0
outer loop
vertex -34.066 80.456 16.0
vertex -34.066 80.456 18.0
vertex -33.016 81.255 18.0
endloop
endfacet
facet normal 0.0 -0.0 -1.0
outer loop
vertex -36.134 78.655 16.0
vertex -27.497 72.916 16.0
vertex -29.565 71.114 16.0
endloop
endfacet
facet normal 0.9827334203974558 -0.1850270910810563 0.0
outer loop
vertex -28.712 59.868 16.0
vertex -28.349 61.796 16.0
vertex -28.712 59.868 18.0
endloop
endfacet
facet normal 0.9364803531540074 -0.3507200424220802 0.0
outer loop
vertex -28.349 61.796 16.0
vertex -27.682 63.577 16.0
vertex -28.349 61.796 18.0
endloop
endfacet
facet normal 0.9827334203974558 -0.1850270910810563 0.0
outer loop
vertex -28.712 59.868 18.0
vertex -28.349 61.796 16.0
vertex -28.349 61.796 18.0
endloop
endfacet
facet normal 0.9364803531540074 -0.3507200424220802 0.0
outer loop
vertex -27.682 63.577 16.0
vertex -27.682 63.577 18.0
vertex -28.349 61.796 18.0
endloop
endfacet
facet normal 0.7735574776926631 -0.633726146458993 0.0
outer loop
vertex -26.736 65.204 16.0
vertex -25.535 66.67 16.0
vertex -26.736 65.204 18.0
endloop
endfacet
facet normal 0.6715904433348235 -0.7409225846344106 0.0
outer loop
vertex -25.535 66.67 16.0
vertex -24.103 67.968 16.0
vertex -25.535 66.67 18.0
endloop
endfacet
facet normal 0.7735574776926631 -0.633726146458993 0.0
outer loop
vertex -25.535 66.67 16.0
vertex -25.535 66.67 18.0
vertex -26.736 65.204 18.0
endloop
endfacet
facet normal 0.5658022361415792 -0.8245409811387113 0.0
outer loop
vertex -24.103 67.968 16.0
vertex -22.465 69.092 16.0
vertex -24.103 67.968 18.0
endloop
endfacet
facet normal 0.4596618373226917 -0.8880939956765315 0.00022394736043674455
outer loop
vertex -22.465 69.092 16.0
vertex -20.645 70.034 16.0
vertex -22.263 69.197 17.778
endloop
endfacet
facet normal 0.6715904433348235 -0.7409225846344106 0.0
outer loop
vertex -24.103 67.968 18.0
vertex -25.535 66.67 18.0
vertex -24.103 67.968 16.0
endloop
endfacet
facet normal 0.5658022361415792 -0.8245409811387113 0.0
outer loop
vertex -24.103 67.968 18.0
vertex -22.465 69.092 16.0
vertex -22.465 69.092 18.0
endloop
endfacet
facet normal 0.46121442756182596 -0.8872887082617569 0.0
outer loop
vertex -22.465 69.092 16.0
vertex -22.263 69.197 17.778
vertex -22.465 69.092 18.0
endloop
endfacet
facet normal 0.0 0.0 -1.0
outer loop
vertex -34.066 80.456 16.0
vertex -33.016 81.255 16.0
vertex -27.497 72.916 16.0
endloop
endfacet
facet normal 0.0 0.0 -1.0
outer loop
vertex -33.016 81.255 16.0
vertex -30.742 82.76 16.0
vertex -25.224 74.42 16.0
endloop
endfacet
facet normal 0.0 -0.0 -0.9999999999999999
outer loop
vertex -33.016 81.255 16.0
vertex -25.224 74.42 16.0
vertex -27.497 72.916 16.0
endloop
endfacet
facet normal 0.0 0.0 -1.0
outer loop
vertex -30.742 82.76 16.0
vertex -29.695 83.365 16.0
vertex -25.224 74.42 16.0
endloop
endfacet
facet normal 0.0 -0.0 -1.0
outer loop
vertex -29.695 83.365 16.0
vertex -22.782 75.641 16.0
vertex -25.224 74.42 16.0
endloop
endfacet
facet normal 0.0 0.0 -1.0
outer loop
vertex -29.695 83.365 16.0
vertex -26.23 85.028 16.0
vertex -22.782 75.641 16.0
endloop
endfacet
facet normal 0.0 -0.0 -1.0
outer loop
vertex -26.23 85.028 16.0
vertex -20.202 76.589 16.0
vertex -22.782 75.641 16.0
endloop
endfacet
facet normal 0.0 0.0 -1.0
outer loop
vertex -26.23 85.028 16.0
vertex -22.655 86.283 16.0
vertex -20.202 76.589 16.0
endloop
endfacet
facet normal -0.551904404493281 0.8339073859253897 0.0
outer loop
vertex -33.016 81.255 16.0
vertex -30.742 82.76 18.0
vertex -30.742 82.76 16.0
endloop
endfacet
facet normal -0.551904404493281 0.8339073859253897 0.0
outer loop
vertex -33.016 81.255 16.0
vertex -33.016 81.255 18.0
vertex -30.742 82.76 18.0
endloop
endfacet
facet normal -0.500318930667916 0.8658411907592021 0.0
outer loop
vertex -30.742 82.76 16.0
vertex -29.695 83.365 18.0
vertex -29.695 83.365 16.0
endloop
endfacet
facet normal -0.43268877424887126 0.901543357048905 0.0
outer loop
vertex -29.695 83.365 16.0
vertex -26.23 85.028 18.0
vertex -26.23 85.028 16.0
endloop
endfacet
facet normal -0.500318930667916 0.8658411907592021 0.0
outer loop
vertex -30.742 82.76 16.0
vertex -30.742 82.76 18.0
vertex -29.695 83.365 18.0
endloop
endfacet
facet normal -0.43268877424887126 0.901543357048905 0.0
outer loop
vertex -29.695 83.365 16.0
vertex -29.695 83.365 18.0
vertex -26.23 85.028 18.0
endloop
endfacet
facet normal -0.3312320062588065 0.9435493405380377 0.0
outer loop
vertex -26.23 85.028 16.0
vertex -22.655 86.283 18.0
vertex -22.655 86.283 16.0
endloop
endfacet
facet normal -0.3312320062588065 0.9435493405380377 0.0
outer loop
vertex -26.23 85.028 16.0
vertex -26.23 85.028 18.0
vertex -22.655 86.283 18.0
endloop
endfacet
facet normal -0.24532772486924406 0.9694402031123325 0.0
outer loop
vertex -22.655 86.283 16.0
vertex -22.655 86.283 18.0
vertex -19.96 86.965 18.0
endloop
endfacet
facet normal -0.0 0.0 0.9999999999999999
outer loop
vertex -43.871 68.028 18.0
vertex -37.455 65.206 18.0
vertex -33.301 65.68 18.0
endloop
endfacet
facet normal 0.0 0.0 0.9999999999999999
outer loop
vertex -38.17 76.445 18.0
vertex -43.871 68.028 18.0
vertex -32.869 66.593 18.0
endloop
endfacet
facet normal -0.0 0.0 1.0
outer loop
vertex -43.871 68.028 18.0
vertex -33.301 65.68 18.0
vertex -32.869 66.593 18.0
endloop
endfacet
facet normal 0.0 -0.0 1.0
outer loop
vertex -34.116 63.369 18.0
vertex -33.301 65.68 18.0
vertex -37.455 65.206 18.0
endloop
endfacet
facet normal -0.0 -0.0 1.0
outer loop
vertex -38.17 76.445 18.0
vertex -31.377 69.006 18.0
vertex -37.15 77.632 18.0
endloop
endfacet
facet normal -0.0 0.0 1.0
outer loop
vertex -38.17 76.445 18.0
vertex -32.869 66.593 18.0
vertex -31.923 68.22 18.0
endloop
endfacet
facet normal -0.0 0.0 1.0
outer loop
vertex -38.17 76.445 18.0
vertex -31.923 68.22 18.0
vertex -31.377 69.006 18.0
endloop
endfacet
facet normal -0.0 0.0 1.0
outer loop
vertex -37.15 77.632 18.0
vertex -31.377 69.006 18.0
vertex -29.565 71.114 18.0
endloop
endfacet
facet normal -0.0 -0.0 1.0
outer loop
vertex -37.15 77.632 18.0
vertex -29.565 71.114 18.0
vertex -36.134 78.655 18.0
endloop
endfacet
facet normal -0.0 -0.0 1.0
outer loop
vertex -36.134 78.655 18.0
vertex -29.565 71.114 18.0
vertex -34.066 80.456 18.0
endloop
endfacet
facet normal -0.0 0.0 0.9999999999999999
outer loop
vertex -34.066 80.456 18.0
vertex -29.565 71.114 18.0
vertex -27.497 72.916 18.0
endloop
endfacet
facet normal 0.4588899547374455 -0.8884890613000753 -0.0026827954033705895
outer loop
vertex -22.465 69.092 18.0
vertex -22.263 69.197 17.778
vertex -22.283 69.186 18.0
endloop
endfacet
facet normal -0.0 -0.0 1.0
outer loop
vertex -34.066 80.456 18.0
vertex -27.497 72.916 18.0
vertex -33.016 81.255 18.0
endloop
endfacet
facet normal -0.0 -0.0 1.0
outer loop
vertex -33.016 81.255 18.0
vertex -27.497 72.916 18.0
vertex -30.742 82.76 18.0
endloop
endfacet
facet normal -0.0 0.0 1.0
outer loop
vertex -30.742 82.76 18.0
vertex -27.497 72.916 18.0
vertex -25.224 74.42 18.0
endloop
endfacet
facet normal -0.0 -0.0 0.9999999999999999
outer loop
vertex -30.742 82.76 18.0
vertex -25.224 74.42 18.0
vertex -29.695 83.365 18.0
endloop
endfacet
facet normal -0.0 -0.0 1.0
outer loop
vertex -29.695 83.365 18.0
vertex -25.224 74.42 18.0
vertex -26.23 85.028 18.0
endloop
endfacet
facet normal -0.0 0.0 1.0
outer loop
vertex -26.23 85.028 18.0
vertex -25.224 74.42 18.0
vertex -22.782 75.641 18.0
endloop
endfacet
facet normal -0.0 0.0 1.0
outer loop
vertex -26.23 85.028 18.0
vertex -22.782 75.641 18.0
vertex -22.655 86.283 18.0
endloop
endfacet
facet normal -0.0 0.0 0.9999999999999999
outer loop
vertex -22.655 86.283 18.0
vertex -22.782 75.641 18.0
vertex -20.202 76.589 18.0
endloop
endfacet
facet normal -0.0016432331292722494 -0.99999864989153 0.0
outer loop
vertex -49.709 103.989 16.0
vertex -11.37 103.926 16.0
vertex -49.709 103.989 18.0
endloop
endfacet
facet normal 0.0 0.0 -1.0
outer loop
vertex -49.709 103.989 16.0
vertex -54.464 113.996 16.0
vertex -11.37 103.926 16.0
endloop
endfacet
facet normal 0.0016550057878009711 0.9999986304769835 -0.0
outer loop
vertex -56.602 120.0 16.0
vertex -56.602 120.0 18.0
vertex -11.285 119.925 18.0
endloop
endfacet
facet normal -0.0016432331292722494 -0.99999864989153 0.0
outer loop
vertex -11.37 103.926 16.0
vertex -11.37 103.926 18.0
vertex -49.709 103.989 18.0
endloop
endfacet
facet normal 0.0 0.0 -0.9999999999999999
outer loop
vertex -11.37 103.926 16.0
vertex -54.464 113.996 16.0
vertex -11.317 113.926 16.0
endloop
endfacet
facet normal 0.0016550057878009711 0.9999986304769835 0.0
outer loop
vertex -11.285 119.925 16.0
vertex -56.602 120.0 16.0
vertex -11.285 119.925 18.0
endloop
endfacet
facet normal 0.0 -0.0 1.0
outer loop
vertex -49.709 103.989 18.0
vertex -11.317 113.926 18.0
vertex -54.464 113.996 18.0
endloop
endfacet
facet normal -0.0 0.0 1.0
outer loop
vertex -49.709 103.989 18.0
vertex -11.37 103.926 18.0
vertex -11.317 113.926 18.0
endloop
endfacet
facet normal 0.3563490587985991 -0.9343529035077445 0.0
outer loop
vertex -20.645 70.034 16.0
vertex -18.668 70.788 16.0
vertex -20.645 70.034 18.0
endloop
endfacet
facet normal 0.2557791664827325 -0.9667352367599923 0.0
outer loop
vertex -18.668 70.788 16.0
vertex -16.559 71.346 16.0
vertex -18.668 70.788 18.0
endloop
endfacet
facet normal 0.3563490587985991 -0.9343529035077445 0.0
outer loop
vertex -20.645 70.034 18.0
vertex -18.668 70.788 16.0
vertex -18.668 70.788 18.0
endloop
endfacet
facet normal 0.2557791664827325 -0.9667352367599923 0.0
outer loop
vertex -18.668 70.788 18.0
vertex -16.559 71.346 16.0
vertex -16.559 71.346 18.0
endloop
endfacet
facet normal 0.15804259024663983 -0.9874322962452324 0.0
outer loop
vertex -16.559 71.346 16.0
vertex -14.341 71.701 16.0
vertex -16.559 71.346 18.0
endloop
endfacet
facet normal 0.026560674477248972 -0.9996472030528138 0.0
outer loop
vertex -14.341 71.701 16.0
vertex -7.717 71.877 16.0
vertex -14.341 71.701 18.0
endloop
endfacet
facet normal 0.15804259024663983 -0.9874322962452324 0.0
outer loop
vertex -14.341 71.701 16.0
vertex -14.341 71.701 18.0
vertex -16.559 71.346 18.0
endloop
endfacet
facet normal 0.0 -0.0 -1.0
outer loop
vertex -22.655 86.283 16.0
vertex -17.507 77.27 16.0
vertex -20.202 76.589 16.0
endloop
endfacet
facet normal 0.0 -0.0 -1.0
outer loop
vertex -19.96 86.965 16.0
vertex -14.5 77.699 16.0
vertex -17.507 77.27 16.0
endloop
endfacet
facet normal 0.0 0.0 -1.0
outer loop
vertex -22.655 86.283 16.0
vertex -19.96 86.965 16.0
vertex -17.507 77.27 16.0
endloop
endfacet
facet normal 0.0 0.0 -1.0
outer loop
vertex -19.96 86.965 16.0
vertex -15.911 87.599 16.0
vertex -14.5 77.699 16.0
endloop
endfacet
facet normal 0.0 -0.0 -1.0
outer loop
vertex -14.764 87.695 16.0
vertex -7.732 77.877 16.0
vertex -14.5 77.699 16.0
endloop
endfacet
facet normal 0.0 0.0 -1.0
outer loop
vertex -15.911 87.599 16.0
vertex -14.764 87.695 16.0
vertex -14.5 77.699 16.0
endloop
endfacet
facet normal -0.24532772486924406 0.9694402031123325 0.0
outer loop
vertex -22.655 86.283 16.0
vertex -19.96 86.965 18.0
vertex -19.96 86.965 16.0
endloop
endfacet
facet normal -0.1546969351185725 0.98796197207429 0.0
outer loop
vertex -19.96 86.965 16.0
vertex -15.911 87.599 18.0
vertex -15.911 87.599 16.0
endloop
endfacet
facet normal -0.1546969351185725 0.98796197207429 0.0
outer loop
vertex -19.96 86.965 16.0
vertex -19.96 86.965 18.0
vertex -15.911 87.599 18.0
endloop
endfacet
facet normal -0.08340497866832582 0.9965157347143777 0.0
outer loop
vertex -15.911 87.599 16.0
vertex -14.764 87.695 18.0
vertex -14.764 87.695 16.0
endloop
endfacet
facet normal -0.08340497866832582 0.9965157347143777 0.0
outer loop
vertex -15.911 87.599 16.0
vertex -15.911 87.599 18.0
vertex -14.764 87.695 18.0
endloop
endfacet
facet normal -0.025965268716200158 0.9996628455736942 0.0
outer loop
vertex -14.764 87.695 16.0
vertex -14.764 87.695 18.0
vertex -7.757 87.877 18.0
endloop
endfacet
facet normal 0.026560674477248972 -0.9996472030528138 0.0
outer loop
vertex -14.341 71.701 18.0
vertex -7.717 71.877 16.0
vertex -7.717 71.877 18.0
endloop
endfacet
facet normal 0.0 0.0 -1.0
outer loop
vertex -14.764 87.695 16.0
vertex -7.757 87.877 16.0
vertex -7.732 77.877 16.0
endloop
endfacet
facet normal -0.025965268716200158 0.9996628455736942 0.0
outer loop
vertex -14.764 87.695 16.0
vertex -7.757 87.877 18.0
vertex -7.757 87.877 16.0
endloop
endfacet
facet normal -0.0 0.0 1.0
outer loop
vertex -19.96 86.965 18.0
vertex -20.202 76.589 18.0
vertex -17.507 77.27 18.0
endloop
endfacet
facet normal -0.0 0.0 1.0
outer loop
vertex -22.655 86.283 18.0
vertex -20.202 76.589 18.0
vertex -19.96 86.965 18.0
endloop
endfacet
facet normal -0.0 0.0 1.0
outer loop
vertex -19.96 86.965 18.0
vertex -17.507 77.27 18.0
vertex -15.911 87.599 18.0
endloop
endfacet
facet normal -0.0 0.0 1.0
outer loop
vertex -15.911 87.599 18.0
vertex -17.507 77.27 18.0
vertex -14.5 77.699 18.0
endloop
endfacet
facet normal -0.0 -0.0 1.0
outer loop
vertex -15.911 87.599 18.0
vertex -14.5 77.699 18.0
vertex -14.764 87.695 18.0
endloop
endfacet
facet normal -0.0 0.0 1.0
outer loop
vertex -14.764 87.695 18.0
vertex -14.5 77.699 18.0
vertex -7.757 87.877 18.0
endloop
endfacet
facet normal -0.0 0.0 1.0
outer loop
vertex -7.757 87.877 18.0
vertex -14.5 77.699 18.0
vertex -7.732 77.877 18.0
endloop
endfacet
facet normal 0.0 -0.0 -1.0
outer loop
vertex -0.126 -103.997 16.0
vertex 5.569 -113.866 16.0
vertex -0.089 -113.999 16.0
endloop
endfacet
facet normal 0.0 0.0 -1.0
outer loop
vertex -0.126 -103.997 16.0
vertex 5.136 -103.874 16.0
vertex 5.569 -113.866 16.0
endloop
endfacet
facet normal 0.0 -0.0 -1.0
outer loop
vertex 5.136 -103.874 16.0
vertex 11.369 -113.5 16.0
vertex 5.569 -113.866 16.0
endloop
endfacet
facet normal 0.0 0.0 -1.0
outer loop
vertex 5.136 -103.874 16.0
vertex 10.616 -103.527 16.0
vertex 11.369 -113.5 16.0
endloop
endfacet
facet normal 0.023403257449379256 -0.9997261062614891 0.0
outer loop
vertex -0.067 -120.0 16.0
vertex 5.828 -119.862 16.0
vertex -0.067 -120.0 18.0
endloop
endfacet
facet normal 0.023403257449379256 -0.9997261062614891 0.0
outer loop
vertex -0.067 -120.0 18.0
vertex 5.828 -119.862 16.0
vertex 5.828 -119.862 18.0
endloop
endfacet
facet normal 0.06307813903014156 -0.9980085759422489 -0.00017527754722318053
outer loop
vertex 7.027 -119.786 16.0
vertex 11.821 -119.483 16.0
vertex 6.494 -119.82 17.778
endloop
endfacet
facet normal 0.06313640952824824 -0.9980049066972975 0.0
outer loop
vertex 11.821 -119.483 16.0
vertex 11.821 -119.483 17.778
vertex 6.494 -119.82 17.778
endloop
endfacet
facet normal -0.02336875908991293 0.9997269132611154 0.0
outer loop
vertex -0.126 -103.997 16.0
vertex 5.136 -103.874 18.0
vertex 5.136 -103.874 16.0
endloop
endfacet
facet normal -0.02336875908991293 0.9997269132611154 0.0
outer loop
vertex -0.126 -103.997 16.0
vertex -0.126 -103.997 18.0
vertex 5.136 -103.874 18.0
endloop
endfacet
facet normal -0.0631946030222055 0.998001223520726 0.0
outer loop
vertex 5.136 -103.874 16.0
vertex 10.616 -103.527 18.0
vertex 10.616 -103.527 16.0
endloop
endfacet
facet normal -0.0631946030222055 0.998001223520726 0.0
outer loop
vertex 5.136 -103.874 16.0
vertex 5.136 -103.874 18.0
vertex 10.616 -103.527 18.0
endloop
endfacet
facet normal 0.0 -0.0 -1.0
outer loop
vertex 10.616 -103.527 16.0
vertex 15.844 -113.106 16.0
vertex 11.369 -113.5 16.0
endloop
endfacet
facet normal 0.0 0.0 -1.0
outer loop
vertex 10.616 -103.527 16.0
vertex 14.62 -103.175 16.0
vertex 15.844 -113.106 16.0
endloop
endfacet
facet normal 0.0 -0.0 -1.0
outer loop
vertex 14.62 -103.175 16.0
vertex 20.132 -112.425 16.0
vertex 15.844 -113.106 16.0
endloop
endfacet
facet normal 0.0 0.0 -1.0
outer loop
vertex 14.62 -103.175 16.0
vertex 18.222 -102.603 16.0
vertex 20.132 -112.425 16.0
endloop
endfacet
facet normal 0.0 -0.0 -1.0
outer loop
vertex 18.222 -102.603 16.0
vertex 24.36 -111.45 16.0
vertex 20.132 -112.425 16.0
endloop
endfacet
facet normal 0.0 0.0 -1.0
outer loop
vertex 18.222 -102.603 16.0
vertex 21.779 -101.783 16.0
vertex 24.36 -111.45 16.0
endloop
endfacet
facet normal 0.08753322452607774 -0.9961616006472379 0.0
outer loop
vertex 11.821 -119.483 16.0
vertex 16.578 -119.065 16.0
vertex 11.821 -119.483 17.778
endloop
endfacet
facet normal 0.08753322452607776 -0.996161600647238 0.0
outer loop
vertex 16.578 -119.065 16.0
vertex 11.821 -119.483 18.0
vertex 11.821 -119.483 17.778
endloop
endfacet
facet normal 0.08753322452607774 -0.9961616006472379 0.0
outer loop
vertex 11.821 -119.483 18.0
vertex 16.578 -119.065 16.0
vertex 16.578 -119.065 18.0
endloop
endfacet
facet normal 0.1569659986106744 -0.9876040073228509 0.0
outer loop
vertex 16.578 -119.065 16.0
vertex 21.278 -118.318 16.0
vertex 16.578 -119.065 18.0
endloop
endfacet
facet normal 0.1569659986106744 -0.9876040073228509 0.0
outer loop
vertex 16.578 -119.065 18.0
vertex 21.278 -118.318 16.0
vertex 21.278 -118.318 18.0
endloop
endfacet
facet normal -0.08757432861150413 0.9961579879558484 0.0
outer loop
vertex 10.616 -103.527 16.0
vertex 14.62 -103.175 18.0
vertex 14.62 -103.175 16.0
endloop
endfacet
facet normal -0.08757432861150413 0.9961579879558484 0.0
outer loop
vertex 10.616 -103.527 16.0
vertex 10.616 -103.527 18.0
vertex 14.62 -103.175 18.0
endloop
endfacet
facet normal -0.15683546749260227 0.9876247445950193 0.0
outer loop
vertex 14.62 -103.175 16.0
vertex 14.62 -103.175 18.0
vertex 18.222 -102.603 18.0
endloop
endfacet
facet normal -0.15683546749260227 0.9876247445950193 0.0
outer loop
vertex 14.62 -103.175 16.0
vertex 18.222 -102.603 18.0
vertex 18.222 -102.603 16.0
endloop
endfacet
facet normal -0.22463941712736374 0.974441959417121 0.0
outer loop
vertex 18.222 -102.603 16.0
vertex 21.779 -101.783 18.0
vertex 21.779 -101.783 16.0
endloop
endfacet
facet normal -0.22463941712736374 0.974441959417121 0.0
outer loop
vertex 18.222 -102.603 16.0
vertex 18.222 -102.603 18.0
vertex 21.779 -101.783 18.0
endloop
endfacet
facet normal -0.0 0.0 1.0
outer loop
vertex -0.126 -103.997 18.0
vertex -0.089 -113.999 18.0
vertex 5.136 -103.874 18.0
endloop
endfacet
facet normal -0.0 0.0 1.0
outer loop
vertex 5.136 -103.874 18.0
vertex -0.089 -113.999 18.0
vertex 5.569 -113.866 18.0
endloop
endfacet
facet normal -0.0 0.0 1.0
outer loop
vertex 5.136 -103.874 18.0
vertex 5.569 -113.866 18.0
vertex 10.616 -103.527 18.0
endloop
endfacet
facet normal -0.0 0.0 0.9999999999999999
outer loop
vertex 10.616 -103.527 18.0
vertex 5.569 -113.866 18.0
vertex 11.369 -113.5 18.0
endloop
endfacet
facet normal -0.0 0.0 1.0
outer loop
vertex 10.616 -103.527 18.0
vertex 11.369 -113.5 18.0
vertex 14.62 -103.175 18.0
endloop
endfacet
facet normal -0.0 0.0 1.0
outer loop
vertex 14.62 -103.175 18.0
vertex 11.369 -113.5 18.0
vertex 15.844 -113.106 18.0
endloop
endfacet
facet normal -0.0 0.0 1.0
outer loop
vertex 18.222 -102.603 18.0
vertex 15.844 -113.106 18.0
vertex 20.132 -112.425 18.0
endloop
endfacet
facet normal -0.0 0.0 1.0
outer loop
vertex 14.62 -103.175 18.0
vertex 15.844 -113.106 18.0
vertex 18.222 -102.603 18.0
endloop
endfacet
facet normal -0.0 0.0 1.0
outer loop
vertex 18.222 -102.603 18.0
vertex 20.132 -112.425 18.0
vertex 21.779 -101.783 18.0
endloop
endfacet
facet normal 0.0 0.0 -1.0
outer loop
vertex 0.583 -79.534 16.0
vertex -1.492 -69.751 16.0
vertex 4.655 -78.35 16.0
endloop
endfacet
facet normal 0.27920304296264903 -0.9602320869458578 0.0
outer loop
vertex 0.583 -79.534 16.0
vertex 4.655 -78.35 16.0
vertex 0.583 -79.534 18.0
endloop
endfacet
facet normal 0.27920304296264903 -0.9602320869458578 0.0
outer loop
vertex 4.655 -78.35 16.0
vertex 4.655 -78.35 18.0
vertex 0.583 -79.534 18.0
endloop
endfacet
facet normal 0.35888307395364705 -0.9333825256718604 0.0
outer loop
vertex 4.655 -78.35 16.0
vertex 8.564 -76.847 16.0
vertex 4.655 -78.35 18.0
endloop
endfacet
facet normal 0.4407507772233474 -0.8976295184412191 0.0
outer loop
vertex 8.564 -76.847 16.0
vertex 12.293 -75.016 16.0
vertex 8.564 -76.847 18.0
endloop
endfacet
facet normal 0.35888307395364705 -0.9333825256718604 0.0
outer loop
vertex 8.564 -76.847 16.0
vertex 8.564 -76.847 18.0
vertex 4.655 -78.35 18.0
endloop
endfacet
facet normal 0.0 0.0 -1.0
outer loop
vertex 4.655 -78.35 16.0
vertex -1.492 -69.751 16.0
vertex 1.79 -68.77 16.0
endloop
endfacet
facet normal 0.0 0.0 -1.0
outer loop
vertex 4.655 -78.35 16.0
vertex 1.79 -68.77 16.0
vertex 8.564 -76.847 16.0
endloop
endfacet
facet normal 0.0 0.0 -1.0
outer loop
vertex 8.564 -76.847 16.0
vertex 1.79 -68.77 16.0
vertex 4.893 -67.545 16.0
endloop
endfacet
facet normal 0.0 0.0 -1.0
outer loop
vertex 8.564 -76.847 16.0
vertex 4.893 -67.545 16.0
vertex 12.293 -75.016 16.0
endloop
endfacet
facet normal 0.0 0.0 -1.0
outer loop
vertex 12.293 -75.016 16.0
vertex 4.893 -67.545 16.0
vertex 7.799 -66.083 16.0
endloop
endfacet
facet normal -0.3732846247593435 0.9277168689413147 0.0
outer loop
vertex 0.037 -63.032 16.0
vertex 2.654 -61.979 18.0
vertex 2.654 -61.979 16.0
endloop
endfacet
facet normal -0.45650424707887316 0.8897212329707274 0.0
outer loop
vertex 5.061 -60.744 16.0
vertex 2.654 -61.979 16.0
vertex 5.061 -60.744 18.0
endloop
endfacet
facet normal -0.3732846247593435 0.9277168689413147 0.0
outer loop
vertex 0.037 -63.032 16.0
vertex 0.037 -63.032 18.0
vertex 2.654 -61.979 18.0
endloop
endfacet
facet normal -0.45650424707887316 0.8897212329707274 0.0
outer loop
vertex 5.061 -60.744 18.0
vertex 2.654 -61.979 16.0
vertex 2.654 -61.979 18.0
endloop
endfacet
facet normal 0.4407507772233474 -0.8976295184412191 0.0
outer loop
vertex 12.293 -75.016 16.0
vertex 12.293 -75.016 18.0
vertex 8.564 -76.847 18.0
endloop
endfacet
facet normal 0.0 0.0 -1.0
outer loop
vertex 12.293 -75.016 16.0
vertex 7.799 -66.083 16.0
vertex 15.825 -72.842 16.0
endloop
endfacet
facet normal 0.0 0.0 -1.0
outer loop
vertex 15.825 -72.842 16.0
vertex 7.799 -66.083 16.0
vertex 10.487 -64.386 16.0
endloop
endfacet
facet normal 0.0 0.0 -1.0
outer loop
vertex 15.825 -72.842 16.0
vertex 10.487 -64.386 16.0
vertex 19.133 -70.299 16.0
endloop
endfacet
facet normal 0.0 0.0 -1.0
outer loop
vertex 19.133 -70.299 16.0
vertex 10.487 -64.386 16.0
vertex 12.934 -62.452 16.0
endloop
endfacet
facet normal 0.0 0.0 -1.0
outer loop
vertex 19.133 -70.299 16.0
vertex 12.934 -62.452 16.0
vertex 21.757 -67.78 16.0
endloop
endfacet
facet normal 0.0 0.0 -0.9999999999999999
outer loop
vertex 21.757 -67.78 16.0
vertex 12.934 -62.452 16.0
vertex 14.925 -60.47 16.0
endloop
endfacet
facet normal 0.0 0.0 -1.0
outer loop
vertex 23.858 -65.936 16.0
vertex 14.925 -60.47 16.0
vertex 17.264 -58.418 16.0
endloop
endfacet
facet normal 0.0 0.0 -1.0
outer loop
vertex 21.757 -67.78 16.0
vertex 14.925 -60.47 16.0
vertex 23.858 -65.936 16.0
endloop
endfacet
facet normal 0.5241781390159449 -0.8516086416763164 0.0
outer loop
vertex 12.293 -75.016 16.0
vertex 15.825 -72.842 16.0
vertex 12.293 -75.016 18.0
endloop
endfacet
facet normal 0.5241781390159449 -0.8516086416763164 0.0
outer loop
vertex 15.825 -72.842 16.0
vertex 15.825 -72.842 18.0
vertex 12.293 -75.016 18.0
endloop
endfacet
facet normal 0.6094675035868427 -0.792811050674511 0.0
outer loop
vertex 15.825 -72.842 16.0
vertex 19.133 -70.299 16.0
vertex 15.825 -72.842 18.0
endloop
endfacet
facet normal 0.6925261054151699 -0.7213928148508946 0.0
outer loop
vertex 19.133 -70.299 16.0
vertex 21.757 -67.78 16.0
vertex 19.133 -70.299 18.0
endloop
endfacet
facet normal 0.6094675035868427 -0.792811050674511 0.0
outer loop
vertex 19.133 -70.299 16.0
vertex 19.133 -70.299 18.0
vertex 15.825 -72.842 18.0
endloop
endfacet
facet normal 0.6925261054151699 -0.7213928148508946 0.0
outer loop
vertex 21.757 -67.78 16.0
vertex 21.757 -67.78 18.0
vertex 19.133 -70.299 18.0
endloop
endfacet
facet normal 0.0 -0.0 1.0
outer loop
vertex 0.583 -79.534 18.0
vertex 4.655 -78.35 18.0
vertex 1.79 -68.77 18.0
endloop
endfacet
facet normal 0.0 -0.0 1.0
outer loop
vertex 0.583 -79.534 18.0
vertex 1.79 -68.77 18.0
vertex -1.492 -69.751 18.0
endloop
endfacet
facet normal 0.0 -0.0 1.0
outer loop
vertex 4.655 -78.35 18.0
vertex 4.893 -67.545 18.0
vertex 1.79 -68.77 18.0
endloop
endfacet
facet normal 0.0 -0.0 1.0
outer loop
vertex 4.655 -78.35 18.0
vertex 8.564 -76.847 18.0
vertex 4.893 -67.545 18.0
endloop
endfacet
facet normal 0.0 0.0 1.0
outer loop
vertex 8.564 -76.847 18.0
vertex 7.799 -66.083 18.0
vertex 4.893 -67.545 18.0
endloop
endfacet
facet normal 0.0 -0.0 1.0
outer loop
vertex 8.564 -76.847 18.0
vertex 12.293 -75.016 18.0
vertex 7.799 -66.083 18.0
endloop
endfacet
facet normal 0.0 0.0 1.0
outer loop
vertex 12.293 -75.016 18.0
vertex 10.487 -64.386 18.0
vertex 7.799 -66.083 18.0
endloop
endfacet
facet normal 0.0 -0.0 0.9999999999999999
outer loop
vertex 12.293 -75.016 18.0
vertex 15.825 -72.842 18.0
vertex 10.487 -64.386 18.0
endloop
endfacet
facet normal 0.0 -0.0 1.0
outer loop
vertex 15.825 -72.842 18.0
vertex 19.133 -70.299 18.0
vertex 12.934 -62.452 18.0
endloop
endfacet
facet normal 0.0 0.0 1.0
outer loop
vertex 15.825 -72.842 18.0
vertex 12.934 -62.452 18.0
vertex 10.487 -64.386 18.0
endloop
endfacet
facet normal 0.0 0.0 1.0
outer loop
vertex 19.133 -70.299 18.0
vertex 14.925 -60.47 18.0
vertex 12.934 -62.452 18.0
endloop
endfacet
facet normal 0.0 -0.0 1.0
outer loop
vertex 19.133 -70.299 18.0
vertex 21.757 -67.78 18.0
vertex 14.925 -60.47 18.0
endloop
endfacet
facet normal 0.0 0.0 0.9999999999999999
outer loop
vertex 21.757 -67.78 18.0
vertex 17.264 -58.418 18.0
vertex 14.925 -60.47 18.0
endloop
endfacet
facet normal 0.0 -0.0 1.0
outer loop
vertex 21.757 -67.78 18.0
vertex 23.858 -65.936 18.0
vertex 17.264 -58.418 18.0
endloop
endfacet
facet normal 0.0 0.0 1.0
outer loop
vertex 23.858 -65.936 18.0
vertex 18.97 -56.603 18.0
vertex 17.264 -58.418 18.0
endloop
endfacet
facet normal 0.0 -0.0 -1.0
outer loop
vertex 21.779 -101.783 16.0
vertex 28.515 -110.187 16.0
vertex 24.36 -111.45 16.0
endloop
endfacet
facet normal 0.0 -0.0 -1.0
outer loop
vertex 25.282 -100.718 16.0
vertex 32.585 -108.641 16.0
vertex 28.515 -110.187 16.0
endloop
endfacet
facet normal 0.22472119918858421 -0.974423102474097 0.0
outer loop
vertex 21.278 -118.318 16.0
vertex 25.909 -117.25 16.0
vertex 21.278 -118.318 18.0
endloop
endfacet
facet normal 0.22472119918858421 -0.974423102474097 0.0
outer loop
vertex 25.909 -117.25 16.0
vertex 25.909 -117.25 18.0
vertex 21.278 -118.318 18.0
endloop
endfacet
facet normal 0.29094178213439637 -0.9567407428777489 0.00017414417701510049
outer loop
vertex 26.818 -116.974 16.0
vertex 30.455 -115.868 16.0
vertex 26.363 -117.112 18.0
endloop
endfacet
facet normal 0.2908638738888182 -0.9567644469075915 0.0
outer loop
vertex 30.455 -115.868 16.0
vertex 30.455 -115.868 18.0
vertex 26.363 -117.112 18.0
endloop
endfacet
facet normal 0.0 0.0 -1.0
outer loop
vertex 21.779 -101.783 16.0
vertex 25.282 -100.718 16.0
vertex 28.515 -110.187 16.0
endloop
endfacet
facet normal 0.0 0.0 -1.0
outer loop
vertex 25.282 -100.718 16.0
vertex 28.72 -99.412 16.0
vertex 32.585 -108.641 16.0
endloop
endfacet
facet normal -0.29087902651355974 0.9567598402600958 0.0
outer loop
vertex 21.779 -101.783 16.0
vertex 25.282 -100.718 18.0
vertex 25.282 -100.718 16.0
endloop
endfacet
facet normal -0.29087902651355974 0.9567598402600958 0.0
outer loop
vertex 21.779 -101.783 16.0
vertex 21.779 -101.783 18.0
vertex 25.282 -100.718 18.0
endloop
endfacet
facet normal -0.3551132145534519 0.9348233014048772 0.0
outer loop
vertex 25.282 -100.718 16.0
vertex 25.282 -100.718 18.0
vertex 28.72 -99.412 18.0
endloop
endfacet
facet normal -0.3551132145534519 0.9348233014048772 0.0
outer loop
vertex 25.282 -100.718 16.0
vertex 28.72 -99.412 18.0
vertex 28.72 -99.412 16.0
endloop
endfacet
facet normal -0.41724084102491743 0.9087959510147585 0.0
outer loop
vertex 28.72 -99.412 16.0
vertex 32.083 -97.868 18.0
vertex 32.083 -97.868 16.0
endloop
endfacet
facet normal -0.41724084102491743 0.9087959510147585 0.0
outer loop
vertex 28.72 -99.412 16.0
vertex 28.72 -99.412 18.0
vertex 32.083 -97.868 18.0
endloop
endfacet
facet normal 0.35512135981328086 -0.9348202067865862 2.8068677307439832e-05
outer loop
vertex 31.345 -115.53 16.0
vertex 34.904 -114.178 16.0
vertex 30.95 -115.68 17.778
endloop
endfacet
facet normal 0.41703712477318083 -0.9088894523323057 0.0
outer loop
vertex 34.904 -114.178 16.0
vertex 39.241 -112.188 16.0
vertex 34.904 -114.178 17.778
endloop
endfacet
facet normal 0.3551103299371697 -0.9348243971847946 0.0
outer loop
vertex 34.904 -114.178 16.0
vertex 34.904 -114.178 17.778
vertex 30.95 -115.68 17.778
endloop
endfacet
facet normal 0.4170371247731808 -0.9088894523323057 0.0
outer loop
vertex 39.241 -112.188 16.0
vertex 34.904 -114.178 18.0
vertex 34.904 -114.178 17.778
endloop
endfacet
facet normal 0.4170371247731808 -0.9088894523323056 0.0
outer loop
vertex 39.241 -112.188 16.0
vertex 39.241 -112.188 18.0
vertex 34.904 -114.178 18.0
endloop
endfacet
facet normal 0.0 -0.0 -1.0
outer loop
vertex 28.72 -99.412 16.0
vertex 36.557 -106.818 16.0
vertex 32.585 -108.641 16.0
endloop
endfacet
facet normal 0.0 0.0 -1.0
outer loop
vertex 28.72 -99.412 16.0
vertex 32.083 -97.868 16.0
vertex 36.557 -106.818 16.0
endloop
endfacet
facet normal 0.0 -0.0 -1.0
outer loop
vertex 32.083 -97.868 16.0
vertex 40.418 -104.724 16.0
vertex 36.557 -106.818 16.0
endloop
endfacet
facet normal 0.0 0.0 -1.0
outer loop
vertex 32.083 -97.868 16.0
vertex 35.359 -96.092 16.0
vertex 40.418 -104.724 16.0
endloop
endfacet
facet normal 0.0 -0.0 -1.0
outer loop
vertex 35.359 -96.092 16.0
vertex 44.154 -102.365 16.0
vertex 40.418 -104.724 16.0
endloop
endfacet
facet normal 0.0 0.0 -1.0
outer loop
vertex 35.359 -96.092 16.0
vertex 38.538 -94.085 16.0
vertex 44.154 -102.365 16.0
endloop
endfacet
facet normal 0.0 0.0 -1.0
outer loop
vertex 38.538 -94.085 16.0
vertex 41.606 -91.853 16.0
vertex 47.754 -99.747 16.0
endloop
endfacet
facet normal -0.4765943357600217 0.8791233355573401 0.0
outer loop
vertex 32.083 -97.868 16.0
vertex 35.359 -96.092 18.0
vertex 35.359 -96.092 16.0
endloop
endfacet
facet normal -0.5338428695390256 0.8455836981886174 0.0
outer loop
vertex 35.359 -96.092 16.0
vertex 38.538 -94.085 18.0
vertex 38.538 -94.085 16.0
endloop
endfacet
facet normal -0.4765943357600217 0.8791233355573401 0.0
outer loop
vertex 32.083 -97.868 16.0
vertex 32.083 -97.868 18.0
vertex 35.359 -96.092 18.0
endloop
endfacet
facet normal -0.5338428695390256 0.8455836981886174 0.0
outer loop
vertex 35.359 -96.092 16.0
vertex 35.359 -96.092 18.0
vertex 38.538 -94.085 18.0
endloop
endfacet
facet normal -0.5882970663260669 0.8086448922438965 0.0
outer loop
vertex 38.538 -94.085 16.0
vertex 41.606 -91.853 18.0
vertex 41.606 -91.853 16.0
endloop
endfacet
facet normal -0.5882970663260669 0.8086448922438965 0.0
outer loop
vertex 38.538 -94.085 16.0
vertex 38.538 -94.085 18.0
vertex 41.606 -91.853 18.0
endloop
endfacet
facet normal -0.6397740159939143 0.7685630803382495 0.0
outer loop
vertex 41.606 -91.853 16.0
vertex 41.606 -91.853 18.0
vertex 44.554 -89.399 18.0
endloop
endfacet
facet normal -0.0 0.0 0.9999999999999999
outer loop
vertex 21.779 -101.783 18.0
vertex 20.132 -112.425 18.0
vertex 24.36 -111.45 18.0
endloop
endfacet
facet normal -0.0 0.0 1.0
outer loop
vertex 25.282 -100.718 18.0
vertex 24.36 -111.45 18.0
vertex 28.515 -110.187 18.0
endloop
endfacet
facet normal -0.0 0.0 1.0
outer loop
vertex 28.72 -99.412 18.0
vertex 28.515 -110.187 18.0
vertex 32.585 -108.641 18.0
endloop
endfacet
facet normal -0.0 0.0 1.0
outer loop
vertex 21.779 -101.783 18.0
vertex 24.36 -111.45 18.0
vertex 25.282 -100.718 18.0
endloop
endfacet
facet normal -0.0 0.0 1.0
outer loop
vertex 25.282 -100.718 18.0
vertex 28.515 -110.187 18.0
vertex 28.72 -99.412 18.0
endloop
endfacet
facet normal -0.0 -0.0 1.0
outer loop
vertex 28.72 -99.412 18.0
vertex 32.585 -108.641 18.0
vertex 32.083 -97.868 18.0
endloop
endfacet
facet normal -0.0 0.0 1.0
outer loop
vertex 32.083 -97.868 18.0
vertex 32.585 -108.641 18.0
vertex 36.557 -106.818 18.0
endloop
endfacet
facet normal -0.0 -0.0 1.0
outer loop
vertex 32.083 -97.868 18.0
vertex 36.557 -106.818 18.0
vertex 35.359 -96.092 18.0
endloop
endfacet
facet normal -0.0 0.0 1.0
outer loop
vertex 35.359 -96.092 18.0
vertex 36.557 -106.818 18.0
vertex 40.418 -104.724 18.0
endloop
endfacet
facet normal -0.0 -0.0 1.0
outer loop
vertex 35.359 -96.092 18.0
vertex 40.418 -104.724 18.0
vertex 38.538 -94.085 18.0
endloop
endfacet
facet normal -0.0 0.0 1.0
outer loop
vertex 38.538 -94.085 18.0
vertex 40.418 -104.724 18.0
vertex 44.154 -102.365 18.0
endloop
endfacet
facet normal -0.0 -0.0 1.0
outer loop
vertex 38.538 -94.085 18.0
vertex 44.154 -102.365 18.0
vertex 41.606 -91.853 18.0
endloop
endfacet
facet normal 0.0 0.0 -1.0
outer loop
vertex 23.858 -65.936 16.0
vertex 17.264 -58.418 16.0
vertex 26.258 -63.451 16.0
endloop
endfacet
facet normal 0.0 0.0 -1.0
outer loop
vertex 26.258 -63.451 16.0
vertex 18.97 -56.603 16.0
vertex 28.782 -60.194 16.0
endloop
endfacet
facet normal 0.6596435052818993 -0.7515786358987387 0.0
outer loop
vertex 21.757 -67.78 16.0
vertex 23.858 -65.936 16.0
vertex 21.757 -67.78 18.0
endloop
endfacet
facet normal 0.7193017017169607 -0.6946978205717104 0.0
outer loop
vertex 23.858 -65.936 16.0
vertex 26.258 -63.451 16.0
vertex 23.858 -65.936 18.0
endloop
endfacet
facet normal 0.6596435052818993 -0.7515786358987387 0.0
outer loop
vertex 23.858 -65.936 16.0
vertex 23.858 -65.936 18.0
vertex 21.757 -67.78 18.0
endloop
endfacet
facet normal 0.7193017017169607 -0.6946978205717104 0.0
outer loop
vertex 26.258 -63.451 16.0
vertex 26.258 -63.451 18.0
vertex 23.858 -65.936 18.0
endloop
endfacet
facet normal 0.7904356153180369 -0.6125451314285314 0.0
outer loop
vertex 26.258 -63.451 16.0
vertex 28.782 -60.194 16.0
vertex 26.258 -63.451 18.0
endloop
endfacet
facet normal 0.7904356153180369 -0.6125451314285314 0.0
outer loop
vertex 28.782 -60.194 16.0
vertex 28.782 -60.194 18.0
vertex 26.258 -63.451 18.0
endloop
endfacet
facet normal 0.0 -0.0 1.0
outer loop
vertex 23.858 -65.936 18.0
vertex 26.258 -63.451 18.0
vertex 18.97 -56.603 18.0
endloop
endfacet
facet normal -0.6286285816579309 0.7777056681822101 0.0
outer loop
vertex 9.163 -57.786 16.0
vertex 7.238 -59.342 16.0
vertex 9.163 -57.786 18.0
endloop
endfacet
facet normal -0.7163378427465869 0.6977536062602372 0.0
outer loop
vertex 10.815 -56.09 16.0
vertex 9.163 -57.786 16.0
vertex 10.815 -56.09 18.0
endloop
endfacet
facet normal -0.6286285816579309 0.7777056681822101 0.0
outer loop
vertex 7.238 -59.342 16.0
vertex 7.238 -59.342 18.0
vertex 9.163 -57.786 18.0
endloop
endfacet
facet normal -0.7163378427465869 0.6977536062602372 0.0
outer loop
vertex 9.163 -57.786 16.0
vertex 9.163 -57.786 18.0
vertex 10.815 -56.09 18.0
endloop
endfacet
facet normal -0.6049811708505517 -0.7962397772758502 0.0
outer loop
vertex 9.576 -30.762 16.0
vertex 9.576 -30.762 18.0
vertex 7.994 -29.56 17.778
endloop
endfacet
facet normal -0.6690135572266334 -0.7432502003006567 0.0
outer loop
vertex 9.576 -30.762 18.0
vertex 11.258 -32.276 16.0
vertex 11.258 -32.276 18.0
endloop
endfacet
facet normal 0.0 0.0 -1.0
outer loop
vertex 26.258 -63.451 16.0
vertex 17.264 -58.418 16.0
vertex 18.97 -56.603 16.0
endloop
endfacet
facet normal -0.6501895396959374 0.759772046386273 0.0
outer loop
vertex 12.892 -54.31 16.0
vertex 12.476 -54.666 16.0
vertex 12.892 -54.31 18.0
endloop
endfacet
facet normal -0.7288359338501138 0.6846883827909105 0.0
outer loop
vertex 14.598 -52.494 16.0
vertex 12.892 -54.31 16.0
vertex 14.598 -52.494 18.0
endloop
endfacet
facet normal -0.6501895396959358 0.7597720463862745 -5.829590638637655e-16
outer loop
vertex 12.892 -54.31 18.0
vertex 12.476 -54.666 16.0
vertex 12.684 -54.488 18.0
endloop
endfacet
facet normal -0.7288359338501138 0.6846883827909105 0.0
outer loop
vertex 12.892 -54.31 16.0
vertex 12.892 -54.31 18.0
vertex 14.598 -52.494 18.0
endloop
endfacet
facet normal -0.8083378198294657 0.5887189219256896 0.0
outer loop
vertex 15.941 -50.65 16.0
vertex 14.598 -52.494 16.0
vertex 15.941 -50.65 18.0
endloop
endfacet
facet normal -0.8083378198294657 0.5887189219256896 0.0
outer loop
vertex 14.598 -52.494 16.0
vertex 14.598 -52.494 18.0
vertex 15.941 -50.65 18.0
endloop
endfacet
facet normal -0.9470580869843181 0.32106226791325676 0.0
outer loop
vertex 17.564 -46.907 16.0
vertex 16.927 -48.786 16.0
vertex 17.564 -46.907 18.0
endloop
endfacet
facet normal -0.9879745314961142 0.1546167038680932 0.0
outer loop
vertex 17.859 -45.022 16.0
vertex 17.564 -46.907 16.0
vertex 17.859 -45.022 18.0
endloop
endfacet
facet normal -0.9470580869843181 0.32106226791325676 0.0
outer loop
vertex 16.927 -48.786 16.0
vertex 16.927 -48.786 18.0
vertex 17.564 -46.907 18.0
endloop
endfacet
facet normal -0.9879745314961142 0.1546167038680932 0.0
outer loop
vertex 17.564 -46.907 16.0
vertex 17.564 -46.907 18.0
vertex 17.859 -45.022 18.0
endloop
endfacet
facet normal 0.0 -0.0 -1.0
outer loop
vertex 18.855 -31.671 16.0
vertex 20.658 -26.212 16.0
vertex 20.616 -34.035 16.0
endloop
endfacet
facet normal -0.8776220083794191 -0.4793533252289746 0.0
outer loop
vertex 15.753 -37.55 16.0
vertex 15.954 -37.918 16.0
vertex 15.753 -37.55 18.0
endloop
endfacet
facet normal -0.8766178723159257 -0.4811869842603559 0.0004383089361552166
outer loop
vertex 15.854 -37.734 18.0
vertex 15.753 -37.55 18.0
vertex 15.954 -37.918 16.0
endloop
endfacet
facet normal -0.7357571212135819 -0.6772454935867073 -0.0
outer loop
vertex 14.441 -35.734 16.0
vertex 11.258 -32.276 18.0
vertex 11.258 -32.276 16.0
endloop
endfacet
facet normal -0.810585057326485 -0.5856209224737613 0.0
outer loop
vertex 14.441 -35.734 16.0
vertex 15.753 -37.55 16.0
vertex 14.441 -35.734 18.0
endloop
endfacet
facet normal -0.810585057326485 -0.5856209224737613 0.0
outer loop
vertex 15.753 -37.55 16.0
vertex 15.753 -37.55 18.0
vertex 14.441 -35.734 18.0
endloop
endfacet
facet normal -0.9812382312571987 -0.19279920518312357 0.0
outer loop
vertex 17.449 -41.258 16.0
vertex 17.818 -43.136 16.0
vertex 17.449 -41.258 18.0
endloop
endfacet
facet normal -0.9377062984574883 -0.34742898243116677 0.0
outer loop
vertex 16.758 -39.393 16.0
vertex 17.449 -41.258 16.0
vertex 16.758 -39.393 18.0
endloop
endfacet
facet normal -0.9812382312571987 -0.19279920518312357 0.0
outer loop
vertex 17.818 -43.136 16.0
vertex 17.818 -43.136 18.0
vertex 17.449 -41.258 18.0
endloop
endfacet
facet normal -0.9377062984574883 -0.34742898243116677 0.0
outer loop
vertex 17.449 -41.258 16.0
vertex 17.449 -41.258 18.0
vertex 16.758 -39.393 18.0
endloop
endfacet
facet normal 0.0 0.0 -0.9999999999999999
outer loop
vertex -0.397 -19.175 16.0
vertex 1.243 -13.34 16.0
vertex 2.045 -19.903 16.0
endloop
endfacet
facet normal 0.0 0.0 -1.0
outer loop
vertex 2.045 -19.903 16.0
vertex 1.243 -13.34 16.0
vertex 4.465 -20.806 16.0
endloop
endfacet
facet normal 0.0 0.0 -1.0
outer loop
vertex 4.465 -20.806 16.0
vertex 1.243 -13.34 16.0
vertex 6.846 -21.89 16.0
endloop
endfacet
facet normal -0.0 0.0 -1.0
outer loop
vertex 7.912 -16.925 16.0
vertex 6.846 -21.89 16.0
vertex 1.243 -13.34 16.0
endloop
endfacet
facet normal -0.605071920149523 -0.7961708180073979 0.0
outer loop
vertex 7.797 -29.41 16.0
vertex 9.576 -30.762 16.0
vertex 7.797 -29.41 16.363999999999997
endloop
endfacet
facet normal 0.0 0.0 -1.0
outer loop
vertex 6.846 -21.89 16.0
vertex 7.912 -16.925 16.0
vertex 9.173 -23.164 16.0
endloop
endfacet
facet normal 0.0 0.0 -1.0
outer loop
vertex 9.173 -23.164 16.0
vertex 7.912 -16.925 16.0
vertex 11.427 -24.633 16.0
endloop
endfacet
facet normal -0.4082654715463152 -0.9128632453675988 0.0
outer loop
vertex 2.011 -26.281 16.0
vertex 2.409 -26.459 16.0
vertex 2.011 -26.281 18.0
endloop
endfacet
facet normal -0.3443768869171815 -0.93883148634738 0.0
outer loop
vertex -0.02 -25.536 16.0
vertex 2.011 -26.281 16.0
vertex -0.02 -25.536 18.0
endloop
endfacet
facet normal -0.4745071086061717 -0.8802516707636578 0.0
outer loop
vertex 4.0 -27.172 16.0
vertex 5.933 -28.214 16.0
vertex 4.0 -27.172 18.0
endloop
endfacet
facet normal -0.40826547154632203 -0.9128632453675958 -1.6233533750125194e-15
outer loop
vertex 2.011 -26.281 18.0
vertex 2.409 -26.459 16.0
vertex 2.21 -26.37 18.0
endloop
endfacet
facet normal -0.3443768869171815 -0.93883148634738 0.0
outer loop
vertex 2.011 -26.281 16.0
vertex 2.011 -26.281 18.0
vertex -0.02 -25.536 18.0
endloop
endfacet
facet normal -0.4745071086061717 -0.8802516707636578 0.0
outer loop
vertex 4.0 -27.172 18.0
vertex 5.933 -28.214 16.0
vertex 5.933 -28.214 18.0
endloop
endfacet
facet normal -0.5400271189206283 -0.8416476167793059 -0.0
outer loop
vertex 5.933 -28.214 18.0
vertex 5.933 -28.214 16.0
vertex 7.797 -29.41 16.0
endloop
endfacet
facet normal -0.6050921080908099 -0.7961554599955132 -0.0001557098341133363
outer loop
vertex 7.994 -29.56 17.778
vertex 7.797 -29.41 16.363999999999997
vertex 9.576 -30.762 16.0
endloop
endfacet
facet normal -0.5397937460807815 -0.8417973103378726 0.0
outer loop
vertex 7.797 -29.41 16.363999999999997
vertex 7.797 -29.41 18.0
vertex 6.119 -28.334 18.0
endloop
endfacet
facet normal -0.6057998239847484 -0.795617102166644 -0.0
outer loop
vertex 7.994 -29.56 17.778
vertex 7.797 -29.41 18.0
vertex 7.797 -29.41 16.363999999999997
endloop
endfacet
facet normal 0.0 -0.0 -1.0
outer loop
vertex -1.124 3.121 16.0
vertex 6.289 0.776 16.0
vertex 3.156 -8.72 16.0
endloop
endfacet
facet normal -0.0 -0.0 -1.0
outer loop
vertex 6.289 0.776 16.0
vertex 10.168 -12.49 16.0
vertex 3.156 -8.72 16.0
endloop
endfacet
facet normal 0.0 0.0 -1.0
outer loop
vertex 6.289 0.776 16.0
vertex 7.891 0.088 16.0
vertex 10.168 -12.49 16.0
endloop
endfacet
facet normal 0.47354543673781363 0.8807693905585011 -0.0
outer loop
vertex 14.903 -3.682 18.0
vertex 7.891 0.088 16.0
vertex 7.891 0.088 18.0
endloop
endfacet
facet normal 0.0 -0.0 -1.0
outer loop
vertex 11.427 -24.633 16.0
vertex 14.079 -21.634 16.0
vertex 13.59 -26.302 16.0
endloop
endfacet
facet normal 0.0 0.0 -1.0
outer loop
vertex 13.59 -26.302 16.0
vertex 14.079 -21.634 16.0
vertex 15.673 -28.212 16.0
endloop
endfacet
facet normal 0.0 0.0 -0.9999999999999999
outer loop
vertex 11.427 -24.633 16.0
vertex 7.912 -16.925 16.0
vertex 14.079 -21.634 16.0
endloop
endfacet
facet normal 0.0 0.0 -1.0
outer loop
vertex 15.673 -28.212 16.0
vertex 14.079 -21.634 16.0
vertex 18.855 -31.671 16.0
endloop
endfacet
facet normal -0.0 0.0 -1.0
outer loop
vertex 20.658 -26.212 16.0
vertex 18.855 -31.671 16.0
vertex 14.079 -21.634 16.0
endloop
endfacet
facet normal -0.0 0.0 -1.0
outer loop
vertex 23.518 -10.024 16.0
vertex 22.649 -21.622 16.0
vertex 17.614 -18.098 16.0
endloop
endfacet
facet normal -0.0 0.0 -1.0
outer loop
vertex 14.903 -3.682 16.0
vertex 10.979 -13.032 16.0
vertex 10.168 -12.49 16.0
endloop
endfacet
facet normal -0.0 -0.0 -1.0
outer loop
vertex 17.048 -5.084 16.0
vertex 17.614 -18.098 16.0
vertex 10.979 -13.032 16.0
endloop
endfacet
facet normal -0.0 0.0 -1.0
outer loop
vertex 14.903 -3.682 16.0
vertex 10.168 -12.49 16.0
vertex 7.891 0.088 16.0
endloop
endfacet
facet normal 0.0 -0.0 -1.0
outer loop
vertex 14.903 -3.682 16.0
vertex 17.048 -5.084 16.0
vertex 10.979 -13.032 16.0
endloop
endfacet
facet normal 0.0 -0.0 -1.0
outer loop
vertex 17.048 -5.084 16.0
vertex 23.518 -10.024 16.0
vertex 17.614 -18.098 16.0
endloop
endfacet
facet normal 0.47354543673781363 0.8807693905585011 0.0
outer loop
vertex 14.903 -3.682 16.0
vertex 7.891 0.088 16.0
vertex 14.903 -3.682 18.0
endloop
endfacet
facet normal 0.5471126715382508 0.83705897321651 -0.0
outer loop
vertex 14.903 -3.682 16.0
vertex 14.903 -3.682 18.0
vertex 17.048 -5.084 18.0
endloop
endfacet
facet normal 0.6068571682808902 0.7948109066350935 0.0
outer loop
vertex 17.048 -5.084 16.0
vertex 23.518 -10.024 18.0
vertex 23.518 -10.024 16.0
endloop
endfacet
facet normal 0.5471126715382508 0.83705897321651 0.0
outer loop
vertex 14.903 -3.682 16.0
vertex 17.048 -5.084 18.0
vertex 17.048 -5.084 16.0
endloop
endfacet
facet normal 0.6068571682808902 0.7948109066350935 -0.0
outer loop
vertex 17.048 -5.084 16.0
vertex 17.048 -5.084 18.0
vertex 23.518 -10.024 18.0
endloop
endfacet
facet normal -0.0 0.0 1.0
outer loop
vertex -2.848 -18.616 18.0
vertex -0.397 -19.175 18.0
vertex 7.912 -16.925 18.0
endloop
endfacet
facet normal 0.0 -0.0 1.0
outer loop
vertex -2.848 -18.616 18.0
vertex 7.912 -16.925 18.0
vertex 1.243 -13.34 18.0
endloop
endfacet
facet normal -0.0 0.0 1.0
outer loop
vertex 2.045 -19.903 18.0
vertex 4.465 -20.806 18.0
vertex 7.912 -16.925 18.0
endloop
endfacet
facet normal -0.0 0.0 1.0
outer loop
vertex -0.397 -19.175 18.0
vertex 2.045 -19.903 18.0
vertex 7.912 -16.925 18.0
endloop
endfacet
facet normal -0.6049192714783158 -0.7962865019788522 -0.0006940896391245963
outer loop
vertex 7.994 -29.56 17.778
vertex 9.576 -30.762 18.0
vertex 7.974 -29.545 18.0
endloop
endfacet
facet normal -0.0 0.0 1.0
outer loop
vertex 4.465 -20.806 18.0
vertex 6.846 -21.89 18.0
vertex 14.079 -21.634 18.0
endloop
endfacet
facet normal 0.0 0.0 0.9999999999999999
outer loop
vertex 14.079 -21.634 18.0
vertex 7.912 -16.925 18.0
vertex 4.465 -20.806 18.0
endloop
endfacet
facet normal -0.0 0.0 1.0
outer loop
vertex 6.846 -21.89 18.0
vertex 9.173 -23.164 18.0
vertex 14.079 -21.634 18.0
endloop
endfacet
facet normal 0.0 0.0 1.0
outer loop
vertex 6.289 0.776 18.0
vertex -4.139 -6.413 18.0
vertex 3.156 -8.72 18.0
endloop
endfacet
facet normal -0.0 0.0 1.0
outer loop
vertex -1.124 3.121 18.0
vertex -4.139 -6.413 18.0
vertex 6.289 0.776 18.0
endloop
endfacet
facet normal 0.0 0.0 1.0
outer loop
vertex 14.903 -3.682 18.0
vertex 3.156 -8.72 18.0
vertex 10.168 -12.49 18.0
endloop
endfacet
facet normal -0.0 0.0 1.0
outer loop
vertex 6.289 0.776 18.0
vertex 3.156 -8.72 18.0
vertex 7.891 0.088 18.0
endloop
endfacet
facet normal 0.0 0.0 1.0
outer loop
vertex 14.903 -3.682 18.0
vertex 7.891 0.088 18.0
vertex 3.156 -8.72 18.0
endloop
endfacet
facet normal -0.0 0.0 1.0
outer loop
vertex 9.173 -23.164 18.0
vertex 11.427 -24.633 18.0
vertex 14.079 -21.634 18.0
endloop
endfacet
facet normal -0.0 0.0 1.0
outer loop
vertex 11.427 -24.633 18.0
vertex 13.59 -26.302 18.0
vertex 20.658 -26.212 18.0
endloop
endfacet
facet normal 0.0 0.0 1.0
outer loop
vertex 14.079 -21.634 18.0
vertex 11.427 -24.633 18.0
vertex 20.658 -26.212 18.0
endloop
endfacet
facet normal -0.0 0.0 1.0
outer loop
vertex 13.59 -26.302 18.0
vertex 15.673 -28.212 18.0
vertex 20.658 -26.212 18.0
endloop
endfacet
facet normal -0.0 0.0 1.0
outer loop
vertex 15.673 -28.212 18.0
vertex 18.855 -31.671 18.0
vertex 26.697 -28.433 18.0
endloop
endfacet
facet normal 0.0 0.0 1.0
outer loop
vertex 20.658 -26.212 18.0
vertex 15.673 -28.212 18.0
vertex 26.697 -28.433 18.0
endloop
endfacet
facet normal 0.0 0.0 1.0
outer loop
vertex 17.048 -5.084 18.0
vertex 10.168 -12.49 18.0
vertex 10.979 -13.032 18.0
endloop
endfacet
facet normal -0.0 0.0 1.0
outer loop
vertex 14.903 -3.682 18.0
vertex 10.168 -12.49 18.0
vertex 17.048 -5.084 18.0
endloop
endfacet
facet normal 0.0 0.0 1.0
outer loop
vertex 23.518 -10.024 18.0
vertex 10.979 -13.032 18.0
vertex 17.614 -18.098 18.0
endloop
endfacet
facet normal -0.0 0.0 1.0
outer loop
vertex 17.048 -5.084 18.0
vertex 10.979 -13.032 18.0
vertex 23.518 -10.024 18.0
endloop
endfacet
facet normal 0.0 0.0 -0.9999999999999999
outer loop
vertex 28.782 -60.194 16.0
vertex 18.97 -56.603 16.0
vertex 20.791 -54.183 16.0
endloop
endfacet
facet normal 0.0 0.0 -1.0
outer loop
vertex 28.782 -60.194 16.0
vertex 20.791 -54.183 16.0
vertex 29.531 -59.041 16.0
endloop
endfacet
facet normal 0.0 0.0 -1.0
outer loop
vertex 30.972 -56.449 16.0
vertex 20.791 -54.183 16.0
vertex 22.231 -51.592 16.0
endloop
endfacet
facet normal 0.0 0.0 -1.0
outer loop
vertex 31.793 -54.669 16.0
vertex 22.231 -51.592 16.0
vertex 22.609 -50.713 16.0
endloop
endfacet
facet normal 0.0 0.0 -0.9999999999999999
outer loop
vertex 32.717 -52.046 16.0
vertex 22.609 -50.713 16.0
vertex 23.246 -48.834 16.0
endloop
endfacet
facet normal 0.0 0.0 -1.0
outer loop
vertex 33.203 -50.22 16.0
vertex 23.246 -48.834 16.0
vertex 23.492 -47.834 16.0
endloop
endfacet
facet normal 0.0 0.0 -1.0
outer loop
vertex 29.531 -59.041 16.0
vertex 20.791 -54.183 16.0
vertex 30.972 -56.449 16.0
endloop
endfacet
facet normal 0.0 0.0 -1.0
outer loop
vertex 30.972 -56.449 16.0
vertex 22.231 -51.592 16.0
vertex 31.793 -54.669 16.0
endloop
endfacet
facet normal 0.0 0.0 -1.0
outer loop
vertex 31.793 -54.669 16.0
vertex 22.609 -50.713 16.0
vertex 32.717 -52.046 16.0
endloop
endfacet
facet normal -0.0 0.0 -1.0
outer loop
vertex 33.669 -47.48 16.0
vertex 23.492 -47.834 16.0
vertex 23.789 -45.936 16.0
endloop
endfacet
facet normal -0.0 0.0 -1.0
outer loop
vertex 33.836 -45.548 16.0
vertex 23.789 -45.936 16.0
vertex 23.857 -44.892 16.0
endloop
endfacet
facet normal 0.0 0.0 -1.0
outer loop
vertex 32.717 -52.046 16.0
vertex 23.246 -48.834 16.0
vertex 33.203 -50.22 16.0
endloop
endfacet
facet normal 0.0 0.0 -1.0
outer loop
vertex 33.203 -50.22 16.0
vertex 23.492 -47.834 16.0
vertex 33.669 -47.48 16.0
endloop
endfacet
facet normal 0.0 0.0 -0.9999999999999999
outer loop
vertex 33.669 -47.48 16.0
vertex 23.789 -45.936 16.0
vertex 33.836 -45.548 16.0
endloop
endfacet
facet normal 0.8385931378911096 -0.5447582482917926 0.0
outer loop
vertex 28.782 -60.194 16.0
vertex 29.531 -59.041 16.0
vertex 28.782 -60.194 18.0
endloop
endfacet
facet normal 0.874014088563737 -0.48590057932883784 0.0
outer loop
vertex 29.531 -59.041 16.0
vertex 30.972 -56.449 16.0
vertex 29.531 -59.041 18.0
endloop
endfacet
facet normal 0.908063874436846 -0.4188317083778923 0.0
outer loop
vertex 30.972 -56.449 16.0
vertex 31.793 -54.669 16.0
vertex 30.972 -56.449 18.0
endloop
endfacet
facet normal 0.9431893190757932 -0.332255787581408 0.0
outer loop
vertex 31.793 -54.669 16.0
vertex 32.717 -52.046 16.0
vertex 31.793 -54.669 18.0
endloop
endfacet
facet normal 0.8385931378911096 -0.5447582482917926 0.0
outer loop
vertex 29.531 -59.041 16.0
vertex 29.531 -59.041 18.0
vertex 28.782 -60.194 18.0
endloop
endfacet
facet normal 0.874014088563737 -0.48590057932883784 0.0
outer loop
vertex 30.972 -56.449 16.0
vertex 30.972 -56.449 18.0
vertex 29.531 -59.041 18.0
endloop
endfacet
facet normal 0.908063874436846 -0.4188317083778923 0.0
outer loop
vertex 31.793 -54.669 16.0
vertex 31.793 -54.669 18.0
vertex 30.972 -56.449 18.0
endloop
endfacet
facet normal -0.0 0.0 -1.0
outer loop
vertex 33.289 -38.887 16.0
vertex 23.705 -41.979 16.0
vertex 23.336 -40.101 16.0
endloop
endfacet
facet normal -0.0 0.0 -1.0
outer loop
vertex 33.289 -38.887 16.0
vertex 23.336 -40.101 16.0
vertex 23.075 -39.174 16.0
endloop
endfacet
facet normal 0.0 0.0 -1.0
outer loop
vertex 22.026 -36.521 16.0
vertex 20.616 -34.035 16.0
vertex 26.697 -28.433 16.0
endloop
endfacet
facet normal -0.0 0.0 -1.0
outer loop
vertex 27.654 -28.624 16.0
vertex 23.075 -39.174 16.0
vertex 22.026 -36.521 16.0
endloop
endfacet
facet normal 0.0 -0.0 -1.0
outer loop
vertex 26.697 -28.433 16.0
vertex 27.654 -28.624 16.0
vertex 22.026 -36.521 16.0
endloop
endfacet
facet normal -0.0 0.0 -1.0
outer loop
vertex 33.814 -42.791 16.0
vertex 23.857 -44.892 16.0
vertex 23.817 -43.007 16.0
endloop
endfacet
facet normal -0.0 0.0 -1.0
outer loop
vertex 33.647 -40.903 16.0
vertex 23.817 -43.007 16.0
vertex 23.705 -41.979 16.0
endloop
endfacet
facet normal 0.0 0.0 -1.0
outer loop
vertex 33.836 -45.548 16.0
vertex 23.857 -44.892 16.0
vertex 33.814 -42.791 16.0
endloop
endfacet
facet normal -0.0 0.0 -1.0
outer loop
vertex 33.814 -42.791 16.0
vertex 23.817 -43.007 16.0
vertex 33.647 -40.903 16.0
endloop
endfacet
facet normal 0.0 -0.0 -1.0
outer loop
vertex 33.289 -38.887 16.0
vertex 33.647 -40.903 16.0
vertex 23.705 -41.979 16.0
endloop
endfacet
facet normal -0.0 0.0 -1.0
outer loop
vertex 33.289 -38.887 16.0
vertex 23.075 -39.174 16.0
vertex 27.654 -28.624 16.0
endloop
endfacet
facet normal 0.0 0.0 -1.0
outer loop
vertex 33.289 -38.887 16.0
vertex 27.654 -28.624 16.0
vertex 34.047 -28.91 16.0
endloop
endfacet
facet normal 0.9431893190757932 -0.332255787581408 0.0
outer loop
vertex 32.717 -52.046 16.0
vertex 32.717 -52.046 18.0
vertex 31.793 -54.669 18.0
endloop
endfacet
facet normal 0.9663578021044107 -0.2572014741636076 0.0
outer loop
vertex 32.717 -52.046 16.0
vertex 33.203 -50.22 16.0
vertex 32.717 -52.046 18.0
endloop
endfacet
facet normal 0.9858439546952565 -0.16766543171094278 0.0
outer loop
vertex 33.203 -50.22 16.0
vertex 33.669 -47.48 16.0
vertex 33.203 -50.22 18.0
endloop
endfacet
facet normal 0.9962849615517482 -0.0861177994716066 0.0
outer loop
vertex 33.669 -47.48 16.0
vertex 33.836 -45.548 16.0
vertex 33.669 -47.48 18.0
endloop
endfacet
facet normal 0.9663578021044107 -0.2572014741636076 0.0
outer loop
vertex 33.203 -50.22 16.0
vertex 33.203 -50.22 18.0
vertex 32.717 -52.046 18.0
endloop
endfacet
facet normal 0.9858439546952565 -0.16766543171094278 0.0
outer loop
vertex 33.669 -47.48 16.0
vertex 33.669 -47.48 18.0
vertex 33.203 -50.22 18.0
endloop
endfacet
facet normal 0.9962849615517482 -0.0861177994716066 0.0
outer loop
vertex 33.836 -45.548 16.0
vertex 33.836 -45.548 18.0
vertex 33.669 -47.48 18.0
endloop
endfacet
facet normal 0.0 0.0 -1.0
outer loop
vertex 33.289 -38.887 16.0
vertex 34.047 -28.91 16.0
vertex 35.34 -38.827 16.0
endloop
endfacet
facet normal 0.0 0.0 -1.0
outer loop
vertex 35.34 -38.827 16.0
vertex 34.047 -28.91 16.0
vertex 36.482 -38.609 16.0
endloop
endfacet
facet normal 0.0 0.0 -1.0
outer loop
vertex 36.482 -38.609 16.0
vertex 34.047 -28.91 16.0
vertex 44.269 -36.654 16.0
endloop
endfacet
facet normal 0.0 0.0 -1.0
outer loop
vertex 44.269 -36.654 16.0
vertex 34.047 -28.91 16.0
vertex 41.833 -26.955 16.0
endloop
endfacet
facet normal 0.9999681638095579 0.007979434023869676 0.0
outer loop
vertex 33.836 -45.548 16.0
vertex 33.814 -42.791 16.0
vertex 33.836 -45.548 18.0
endloop
endfacet
facet normal 0.9961108058892357 0.08810937742770344 0.0
outer loop
vertex 33.814 -42.791 16.0
vertex 33.647 -40.903 16.0
vertex 33.814 -42.791 18.0
endloop
endfacet
facet normal 0.9845961555849413 0.17484396016835632 0.0
outer loop
vertex 33.289 -38.887 16.0
vertex 33.647 -40.903 18.0
vertex 33.647 -40.903 16.0
endloop
endfacet
facet normal 0.029241512692435637 -0.999572375536388 0.0
outer loop
vertex 33.289 -38.887 16.0
vertex 35.34 -38.827 16.0
vertex 33.289 -38.887 18.0
endloop
endfacet
facet normal 0.18750733636213485 -0.9822632024108291 0.0
outer loop
vertex 35.34 -38.827 16.0
vertex 36.482 -38.609 16.0
vertex 35.34 -38.827 18.0
endloop
endfacet
facet normal 0.9999681638095579 0.007979434023869676 -0.0
outer loop
vertex 33.814 -42.791 16.0
vertex 33.814 -42.791 18.0
vertex 33.836 -45.548 18.0
endloop
endfacet
facet normal 0.9961108058892357 0.08810937742770344 -0.0
outer loop
vertex 33.647 -40.903 16.0
vertex 33.647 -40.903 18.0
vertex 33.814 -42.791 18.0
endloop
endfacet
facet normal 0.9845961555849413 0.17484396016835632 -0.0
outer loop
vertex 33.289 -38.887 16.0
vertex 33.289 -38.887 18.0
vertex 33.647 -40.903 18.0
endloop
endfacet
facet normal 0.029241512692435637 -0.999572375536388 0.0
outer loop
vertex 35.34 -38.827 16.0
vertex 35.34 -38.827 18.0
vertex 33.289 -38.887 18.0
endloop
endfacet
facet normal 0.18750733636213485 -0.9822632024108291 0.0
outer loop
vertex 36.482 -38.609 16.0
vertex 36.482 -38.609 18.0
vertex 35.34 -38.827 18.0
endloop
endfacet
facet normal 0.24350262794283056 -0.9699002372331575 0.0
outer loop
vertex 36.482 -38.609 16.0
vertex 44.269 -36.654 16.0
vertex 36.482 -38.609 18.0
endloop
endfacet
facet normal 0.24350262794283056 -0.9699002372331575 0.0
outer loop
vertex 44.269 -36.654 16.0
vertex 44.269 -36.654 18.0
vertex 36.482 -38.609 18.0
endloop
endfacet
facet normal 0.0 0.0 1.0
outer loop
vertex 26.258 -63.451 18.0
vertex 20.791 -54.183 18.0
vertex 18.97 -56.603 18.0
endloop
endfacet
facet normal 0.0 0.0 1.0
outer loop
vertex 29.531 -59.041 18.0
vertex 22.231 -51.592 18.0
vertex 20.791 -54.183 18.0
endloop
endfacet
facet normal 0.0 -0.0 1.0
outer loop
vertex 26.258 -63.451 18.0
vertex 28.782 -60.194 18.0
vertex 20.791 -54.183 18.0
endloop
endfacet
facet normal 0.0 -0.0 1.0
outer loop
vertex 28.782 -60.194 18.0
vertex 29.531 -59.041 18.0
vertex 20.791 -54.183 18.0
endloop
endfacet
facet normal 0.0 0.0 1.0
outer loop
vertex 31.793 -54.669 18.0
vertex 22.609 -50.713 18.0
vertex 22.231 -51.592 18.0
endloop
endfacet
facet normal 0.0 0.0 1.0
outer loop
vertex 31.793 -54.669 18.0
vertex 23.246 -48.834 18.0
vertex 22.609 -50.713 18.0
endloop
endfacet
facet normal 0.0 0.0 1.0
outer loop
vertex 32.717 -52.046 18.0
vertex 23.492 -47.834 18.0
vertex 23.246 -48.834 18.0
endloop
endfacet
facet normal 0.0 0.0 1.0
outer loop
vertex 33.203 -50.22 18.0
vertex 23.789 -45.936 18.0
vertex 23.492 -47.834 18.0
endloop
endfacet
facet normal 0.0 -0.0 1.0
outer loop
vertex 29.531 -59.041 18.0
vertex 30.972 -56.449 18.0
vertex 22.231 -51.592 18.0
endloop
endfacet
facet normal 0.0 -0.0 1.0
outer loop
vertex 30.972 -56.449 18.0
vertex 31.793 -54.669 18.0
vertex 22.231 -51.592 18.0
endloop
endfacet
facet normal 0.0 -0.0 1.0
outer loop
vertex 31.793 -54.669 18.0
vertex 32.717 -52.046 18.0
vertex 23.246 -48.834 18.0
endloop
endfacet
facet normal 0.0 0.0 1.0
outer loop
vertex 33.836 -45.548 18.0
vertex 23.857 -44.892 18.0
vertex 23.789 -45.936 18.0
endloop
endfacet
facet normal 0.0 -0.0 1.0
outer loop
vertex 32.717 -52.046 18.0
vertex 33.203 -50.22 18.0
vertex 23.492 -47.834 18.0
endloop
endfacet
facet normal 0.0 -0.0 0.9999999999999999
outer loop
vertex 33.203 -50.22 18.0
vertex 33.669 -47.48 18.0
vertex 23.789 -45.936 18.0
endloop
endfacet
facet normal 0.0 -0.0 0.9999999999999999
outer loop
vertex 33.669 -47.48 18.0
vertex 33.836 -45.548 18.0
vertex 23.789 -45.936 18.0
endloop
endfacet
facet normal 0.0 0.0 1.0
outer loop
vertex 33.289 -38.887 18.0
vertex 23.336 -40.101 18.0
vertex 23.705 -41.979 18.0
endloop
endfacet
facet normal 0.0 0.0 1.0
outer loop
vertex 33.289 -38.887 18.0
vertex 23.075 -39.174 18.0
vertex 23.336 -40.101 18.0
endloop
endfacet
facet normal 0.0 0.0 1.0
outer loop
vertex 33.289 -38.887 18.0
vertex 22.026 -36.521 18.0
vertex 23.075 -39.174 18.0
endloop
endfacet
facet normal -0.0 0.0 1.0
outer loop
vertex 18.855 -31.671 18.0
vertex 20.616 -34.035 18.0
vertex 26.697 -28.433 18.0
endloop
endfacet
facet normal -0.0 0.0 1.0
outer loop
vertex 20.616 -34.035 18.0
vertex 22.026 -36.521 18.0
vertex 27.654 -28.624 18.0
endloop
endfacet
facet normal 0.0 -0.0 1.0
outer loop
vertex 20.616 -34.035 18.0
vertex 27.654 -28.624 18.0
vertex 26.697 -28.433 18.0
endloop
endfacet
facet normal 0.0 0.0 1.0
outer loop
vertex 33.836 -45.548 18.0
vertex 23.817 -43.007 18.0
vertex 23.857 -44.892 18.0
endloop
endfacet
facet normal 0.0 0.0 0.9999999999999999
outer loop
vertex 33.814 -42.791 18.0
vertex 23.705 -41.979 18.0
vertex 23.817 -43.007 18.0
endloop
endfacet
facet normal 0.0 0.0 1.0
outer loop
vertex 33.836 -45.548 18.0
vertex 33.814 -42.791 18.0
vertex 23.817 -43.007 18.0
endloop
endfacet
facet normal 0.0 0.0 1.0
outer loop
vertex 33.814 -42.791 18.0
vertex 33.647 -40.903 18.0
vertex 23.705 -41.979 18.0
endloop
endfacet
facet normal -0.0 0.0 1.0
outer loop
vertex 33.289 -38.887 18.0
vertex 23.705 -41.979 18.0
vertex 33.647 -40.903 18.0
endloop
endfacet
facet normal 0.0 0.0 0.9999999999999999
outer loop
vertex 34.047 -28.91 18.0
vertex 27.654 -28.624 18.0
vertex 22.026 -36.521 18.0
endloop
endfacet
facet normal 0.0 -0.0 1.0
outer loop
vertex 33.289 -38.887 18.0
vertex 34.047 -28.91 18.0
vertex 22.026 -36.521 18.0
endloop
endfacet
facet normal 0.0 -0.0 1.0
outer loop
vertex 33.289 -38.887 18.0
vertex 35.34 -38.827 18.0
vertex 34.047 -28.91 18.0
endloop
endfacet
facet normal 0.0 -0.0 1.0
outer loop
vertex 35.34 -38.827 18.0
vertex 41.833 -26.955 18.0
vertex 34.047 -28.91 18.0
endloop
endfacet
facet normal 0.0 0.0 1.0
outer loop
vertex 35.34 -38.827 18.0
vertex 36.482 -38.609 18.0
vertex 41.833 -26.955 18.0
endloop
endfacet
facet normal 0.0 -0.0 1.0
outer loop
vertex 36.482 -38.609 18.0
vertex 44.269 -36.654 18.0
vertex 41.833 -26.955 18.0
endloop
endfacet
facet normal -0.0 0.0 -1.0
outer loop
vertex 26.697 -28.433 16.0
vertex 20.616 -34.035 16.0
vertex 20.658 -26.212 16.0
endloop
endfacet
facet normal -0.0 -0.0 -1.0
outer loop
vertex 27.318 -12.684 16.0
vertex 28.154 -23.646 16.0
vertex 22.649 -21.622 16.0
endloop
endfacet
facet normal 0.0 -0.0 -0.9999999999999999
outer loop
vertex 27.318 -12.684 16.0
vertex 30.151 -13.726 16.0
vertex 28.154 -23.646 16.0
endloop
endfacet
facet normal -0.0 -0.0 -0.9999999999999999
outer loop
vertex 30.151 -13.726 16.0
vertex 33.859 -23.902 16.0
vertex 28.154 -23.646 16.0
endloop
endfacet
facet normal 0.0 0.0 -0.9999999999999999
outer loop
vertex 30.151 -13.726 16.0
vertex 32.809 -13.845 16.0
vertex 33.859 -23.902 16.0
endloop
endfacet
facet normal 0.0 -0.0 -1.0
outer loop
vertex 23.518 -10.024 16.0
vertex 27.318 -12.684 16.0
vertex 22.649 -21.622 16.0
endloop
endfacet
facet normal 0.5734623443633283 0.8192319205190406 0.0
outer loop
vertex 23.518 -10.024 16.0
vertex 27.318 -12.684 18.0
vertex 27.318 -12.684 16.0
endloop
endfacet
facet normal 0.5734623443633283 0.8192319205190406 -0.0
outer loop
vertex 23.518 -10.024 16.0
vertex 23.518 -10.024 18.0
vertex 27.318 -12.684 18.0
endloop
endfacet
facet normal 0.34519868521145747 0.9385296307140661 0.0
outer loop
vertex 27.318 -12.684 16.0
vertex 30.151 -13.726 18.0
vertex 30.151 -13.726 16.0
endloop
endfacet
facet normal 0.04472570252202499 0.9989993050717861 0.0
outer loop
vertex 30.151 -13.726 16.0
vertex 32.809 -13.845 18.0
vertex 32.809 -13.845 16.0
endloop
endfacet
facet normal 0.34519868521145747 0.9385296307140661 -0.0
outer loop
vertex 27.318 -12.684 16.0
vertex 27.318 -12.684 18.0
vertex 30.151 -13.726 18.0
endloop
endfacet
facet normal 0.04472570252202499 0.9989993050717861 -0.0
outer loop
vertex 30.151 -13.726 16.0
vertex 30.151 -13.726 18.0
vertex 32.809 -13.845 18.0
endloop
endfacet
facet normal 0.0 -0.0 -0.9999999999999999
outer loop
vertex 32.809 -13.845 16.0
vertex 39.92 -22.336 16.0
vertex 33.859 -23.902 16.0
endloop
endfacet
facet normal 0.0 0.0 -1.0
outer loop
vertex 32.809 -13.845 16.0
vertex 36.257 -12.954 16.0
vertex 39.92 -22.336 16.0
endloop
endfacet
facet normal 0.0 -0.0 -0.9999999999999999
outer loop
vertex 36.257 -12.954 16.0
vertex 46.892 -18.603 16.0
vertex 39.92 -22.336 16.0
endloop
endfacet
facet normal 0.0 0.0 -1.0
outer loop
vertex 36.257 -12.954 16.0
vertex 41.41 -10.195 16.0
vertex 46.892 -18.603 16.0
endloop
endfacet
facet normal -0.25019222719375783 0.9681961833491326 0.0
outer loop
vertex 32.809 -13.845 16.0
vertex 36.257 -12.954 18.0
vertex 36.257 -12.954 16.0
endloop
endfacet
facet normal -0.25019222719375783 0.9681961833491326 0.0
outer loop
vertex 32.809 -13.845 16.0
vertex 32.809 -13.845 18.0
vertex 36.257 -12.954 18.0
endloop
endfacet
facet normal -0.47201725356038343 0.8815893104735972 0.0
outer loop
vertex 36.257 -12.954 16.0
vertex 41.41 -10.195 18.0
vertex 41.41 -10.195 16.0
endloop
endfacet
facet normal -0.47201725356038343 0.8815893104735972 0.0
outer loop
vertex 36.257 -12.954 16.0
vertex 36.257 -12.954 18.0
vertex 41.41 -10.195 18.0
endloop
endfacet
facet normal 0.0 0.0 1.0
outer loop
vertex 27.318 -12.684 18.0
vertex 17.614 -18.098 18.0
vertex 22.649 -21.622 18.0
endloop
endfacet
facet normal -0.0 0.0 0.9999999999999999
outer loop
vertex 27.318 -12.684 18.0
vertex 22.649 -21.622 18.0
vertex 30.151 -13.726 18.0
endloop
endfacet
facet normal 0.0 0.0 1.0
outer loop
vertex 30.151 -13.726 18.0
vertex 22.649 -21.622 18.0
vertex 28.154 -23.646 18.0
endloop
endfacet
facet normal 0.0 0.0 1.0
outer loop
vertex 32.809 -13.845 18.0
vertex 28.154 -23.646 18.0
vertex 33.859 -23.902 18.0
endloop
endfacet
facet normal -0.0 0.0 0.9999999999999999
outer loop
vertex 30.151 -13.726 18.0
vertex 28.154 -23.646 18.0
vertex 32.809 -13.845 18.0
endloop
endfacet
facet normal -0.0 0.0 0.9999999999999999
outer loop
vertex 23.518 -10.024 18.0
vertex 17.614 -18.098 18.0
vertex 27.318 -12.684 18.0
endloop
endfacet
facet normal -0.0 0.0 1.0
outer loop
vertex 32.809 -13.845 18.0
vertex 33.859 -23.902 18.0
vertex 36.257 -12.954 18.0
endloop
endfacet
facet normal -0.0 0.0 1.0
outer loop
vertex 36.257 -12.954 18.0
vertex 33.859 -23.902 18.0
vertex 39.92 -22.336 18.0
endloop
endfacet
facet normal -0.0 0.0 0.9999999999999999
outer loop
vertex 36.257 -12.954 18.0
vertex 39.92 -22.336 18.0
vertex 41.41 -10.195 18.0
endloop
endfacet
facet normal -0.0 0.0 1.0
outer loop
vertex 41.41 -10.195 18.0
vertex 39.92 -22.336 18.0
vertex 46.892 -18.603 18.0
endloop
endfacet
facet normal 0.5338210520047568 -0.8455974718721282 0.0
outer loop
vertex 43.453 -109.904 16.0
vertex 47.524 -107.334 16.0
vertex 43.453 -109.904 18.0
endloop
endfacet
facet normal 0.5338210520047568 -0.8455974718721282 0.0
outer loop
vertex 43.453 -109.904 18.0
vertex 47.524 -107.334 16.0
vertex 47.524 -107.334 18.0
endloop
endfacet
facet normal 0.5882453304989108 -0.8086825280332369 0.0
outer loop
vertex 47.524 -107.334 16.0
vertex 51.442 -104.484 16.0
vertex 47.524 -107.334 18.0
endloop
endfacet
facet normal 0.5882453304989108 -0.8086825280332369 0.0
outer loop
vertex 51.442 -104.484 16.0
vertex 51.442 -104.484 18.0
vertex 47.524 -107.334 18.0
endloop
endfacet
facet normal 0.0 -0.0 -1.0
outer loop
vertex 38.538 -94.085 16.0
vertex 47.754 -99.747 16.0
vertex 44.154 -102.365 16.0
endloop
endfacet
facet normal 0.0 -0.0 -0.9999999999999999
outer loop
vertex 41.606 -91.853 16.0
vertex 51.202 -96.876 16.0
vertex 47.754 -99.747 16.0
endloop
endfacet
facet normal 0.0 0.0 -1.0
outer loop
vertex 41.606 -91.853 16.0
vertex 44.554 -89.399 16.0
vertex 51.202 -96.876 16.0
endloop
endfacet
facet normal 0.0 -0.0 -1.0
outer loop
vertex 44.554 -89.399 16.0
vertex 54.488 -93.756 16.0
vertex 51.202 -96.876 16.0
endloop
endfacet
facet normal 0.0 -0.0 -1.0
outer loop
vertex 47.367 -86.728 16.0
vertex 57.728 -90.253 16.0
vertex 54.488 -93.756 16.0
endloop
endfacet
facet normal -0.6397740159939143 0.7685630803382495 0.0
outer loop
vertex 41.606 -91.853 16.0
vertex 44.554 -89.399 18.0
vertex 44.554 -89.399 16.0
endloop
endfacet
facet normal 0.6399425037122454 -0.7684227950435247 0.0
outer loop
vertex 51.442 -104.484 16.0
vertex 55.192 -101.361 16.0
vertex 51.442 -104.484 18.0
endloop
endfacet
facet normal 0.6399425037122454 -0.7684227950435247 0.0
outer loop
vertex 51.442 -104.484 18.0
vertex 55.192 -101.361 16.0
vertex 55.192 -101.361 18.0
endloop
endfacet
facet normal 0.7341471019937971 -0.6789904510625383 0.0
outer loop
vertex 58.76 -97.974 16.0
vertex 62.133 -94.327 16.0
vertex 58.76 -97.974 18.0
endloop
endfacet
facet normal 0.7341471019937971 -0.6789904510625383 0.0
outer loop
vertex 62.133 -94.327 16.0
vertex 62.133 -94.327 18.0
vertex 58.76 -97.974 18.0
endloop
endfacet
facet normal -0.0 0.0 1.0
outer loop
vertex 41.606 -91.853 18.0
vertex 44.154 -102.365 18.0
vertex 47.754 -99.747 18.0
endloop
endfacet
facet normal -0.0 -0.0 1.0
outer loop
vertex 41.606 -91.853 18.0
vertex 47.754 -99.747 18.0
vertex 44.554 -89.399 18.0
endloop
endfacet
facet normal -0.0 0.0 1.0
outer loop
vertex 44.554 -89.399 18.0
vertex 47.754 -99.747 18.0
vertex 51.202 -96.876 18.0
endloop
endfacet
facet normal -0.0 -0.0 1.0
outer loop
vertex 44.554 -89.399 18.0
vertex 51.202 -96.876 18.0
vertex 47.367 -86.728 18.0
endloop
endfacet
facet normal -0.0 0.0 1.0
outer loop
vertex 47.367 -86.728 18.0
vertex 51.202 -96.876 18.0
vertex 54.488 -93.756 18.0
endloop
endfacet
facet normal 0.0 0.0 -1.0
outer loop
vertex 44.554 -89.399 16.0
vertex 47.367 -86.728 16.0
vertex 54.488 -93.756 16.0
endloop
endfacet
facet normal 0.0 0.0 -1.0
outer loop
vertex 47.367 -86.728 16.0
vertex 50.669 -83.17 16.0
vertex 57.728 -90.253 16.0
endloop
endfacet
facet normal -0.688566511600791 0.7251731924870899 0.0
outer loop
vertex 44.554 -89.399 16.0
vertex 47.367 -86.728 18.0
vertex 47.367 -86.728 16.0
endloop
endfacet
facet normal -0.688566511600791 0.7251731924870899 0.0
outer loop
vertex 44.554 -89.399 16.0
vertex 44.554 -89.399 18.0
vertex 47.367 -86.728 18.0
endloop
endfacet
facet normal -0.7329842339012372 0.6802456268526953 0.0
outer loop
vertex 47.367 -86.728 16.0
vertex 50.669 -83.17 18.0
vertex 50.669 -83.17 16.0
endloop
endfacet
facet normal -0.7329842339012372 0.6802456268526953 0.0
outer loop
vertex 47.367 -86.728 16.0
vertex 47.367 -86.728 18.0
vertex 50.669 -83.17 18.0
endloop
endfacet
facet normal -0.7058782955179821 0.7083331362548473 0.0
outer loop
vertex 50.669 -83.17 16.0
vertex 53.843 -80.007 18.0
vertex 53.843 -80.007 16.0
endloop
endfacet
facet normal -0.7058782955179821 0.7083331362548473 0.0
outer loop
vertex 50.669 -83.17 16.0
vertex 50.669 -83.17 18.0
vertex 53.843 -80.007 18.0
endloop
endfacet
facet normal 0.0 -0.0 -1.0
outer loop
vertex 50.669 -83.17 16.0
vertex 61.148 -86.845 16.0
vertex 57.728 -90.253 16.0
endloop
endfacet
facet normal 0.0 0.0 -1.0
outer loop
vertex 50.669 -83.17 16.0
vertex 53.843 -80.007 16.0
vertex 61.148 -86.845 16.0
endloop
endfacet
facet normal 0.0 0.0 -1.0
outer loop
vertex 53.843 -80.007 16.0
vertex 56.235 -77.267 16.0
vertex 64.006 -83.571 16.0
endloop
endfacet
facet normal 0.0 -0.0 -1.0
outer loop
vertex 53.843 -80.007 16.0
vertex 64.006 -83.571 16.0
vertex 61.148 -86.845 16.0
endloop
endfacet
facet normal 0.0 0.0 -1.0
outer loop
vertex 56.235 -77.267 16.0
vertex 58.416 -74.371 16.0
vertex 66.625 -80.093 16.0
endloop
endfacet
facet normal 0.0 -0.0 -1.0
outer loop
vertex 56.235 -77.267 16.0
vertex 66.625 -80.093 16.0
vertex 64.006 -83.571 16.0
endloop
endfacet
facet normal -0.7533255914153182 0.6576477425786249 0.0
outer loop
vertex 53.843 -80.007 16.0
vertex 56.235 -77.267 18.0
vertex 56.235 -77.267 16.0
endloop
endfacet
facet normal -0.7988068320437814 0.6015876038285514 0.0
outer loop
vertex 56.235 -77.267 16.0
vertex 58.416 -74.371 18.0
vertex 58.416 -74.371 16.0
endloop
endfacet
facet normal -0.7533255914153182 0.6576477425786249 0.0
outer loop
vertex 53.843 -80.007 16.0
vertex 53.843 -80.007 18.0
vertex 56.235 -77.267 18.0
endloop
endfacet
facet normal -0.7988068320437814 0.6015876038285514 0.0
outer loop
vertex 56.235 -77.267 16.0
vertex 56.235 -77.267 18.0
vertex 58.416 -74.371 18.0
endloop
endfacet
facet normal 0.0 0.0 -1.0
outer loop
vertex 58.416 -74.371 16.0
vertex 60.401 -71.287 16.0
vertex 69.007 -76.394 16.0
endloop
endfacet
facet normal 0.0 0.0 -1.0
outer loop
vertex 60.401 -71.287 16.0
vertex 62.2 -67.986 16.0
vertex 71.153 -72.456 16.0
endloop
endfacet
facet normal -0.8408771415122989 0.5412260460122973 0.0
outer loop
vertex 58.416 -74.371 16.0
vertex 58.416 -74.371 18.0
vertex 60.401 -71.287 18.0
endloop
endfacet
facet normal -0.8408771415122989 0.5412260460122973 0.0
outer loop
vertex 58.416 -74.371 16.0
vertex 60.401 -71.287 18.0
vertex 60.401 -71.287 16.0
endloop
endfacet
facet normal -0.8780683314887643 0.4785352706295927 0.0
outer loop
vertex 60.401 -71.287 16.0
vertex 62.2 -67.986 18.0
vertex 62.2 -67.986 16.0
endloop
endfacet
facet normal -0.8780683314887643 0.4785352706295927 0.0
outer loop
vertex 60.401 -71.287 16.0
vertex 60.401 -71.287 18.0
vertex 62.2 -67.986 18.0
endloop
endfacet
facet normal -0.9101820494876468 0.4142084460636542 0.0
outer loop
vertex 62.2 -67.986 16.0
vertex 63.816 -64.435 18.0
vertex 63.816 -64.435 16.0
endloop
endfacet
facet normal -0.9101820494876468 0.4142084460636542 0.0
outer loop
vertex 62.2 -67.986 16.0
vertex 62.2 -67.986 18.0
vertex 63.816 -64.435 18.0
endloop
endfacet
facet normal -0.9367806073907011 0.3499172668170425 0.0
outer loop
vertex 63.816 -64.435 16.0
vertex 63.816 -64.435 18.0
vertex 65.247 -60.604 18.0
endloop
endfacet
facet normal -0.0 -0.0 1.0
outer loop
vertex 47.367 -86.728 18.0
vertex 54.488 -93.756 18.0
vertex 50.669 -83.17 18.0
endloop
endfacet
facet normal -0.0 0.0 0.9999999999999999
outer loop
vertex 50.669 -83.17 18.0
vertex 54.488 -93.756 18.0
vertex 57.728 -90.253 18.0
endloop
endfacet
facet normal -0.0 -0.0 1.0
outer loop
vertex 50.669 -83.17 18.0
vertex 57.728 -90.253 18.0
vertex 53.843 -80.007 18.0
endloop
endfacet
facet normal -0.0 0.0 0.9999999999999999
outer loop
vertex 53.843 -80.007 18.0
vertex 57.728 -90.253 18.0
vertex 61.148 -86.845 18.0
endloop
endfacet
facet normal -0.0 -0.0 1.0
outer loop
vertex 53.843 -80.007 18.0
vertex 61.148 -86.845 18.0
vertex 56.235 -77.267 18.0
endloop
endfacet
facet normal -0.0 0.0 1.0
outer loop
vertex 56.235 -77.267 18.0
vertex 61.148 -86.845 18.0
vertex 64.006 -83.571 18.0
endloop
endfacet
facet normal -0.0 -0.0 0.9999999999999999
outer loop
vertex 56.235 -77.267 18.0
vertex 64.006 -83.571 18.0
vertex 58.416 -74.371 18.0
endloop
endfacet
facet normal -0.0 -0.0 1.0
outer loop
vertex 58.416 -74.371 18.0
vertex 66.625 -80.093 18.0
vertex 60.401 -71.287 18.0
endloop
endfacet
facet normal -0.0 0.0 1.0
outer loop
vertex 58.416 -74.371 18.0
vertex 64.006 -83.571 18.0
vertex 66.625 -80.093 18.0
endloop
endfacet
facet normal -0.0 -0.0 1.0
outer loop
vertex 60.401 -71.287 18.0
vertex 69.007 -76.394 18.0
vertex 62.2 -67.986 18.0
endloop
endfacet
facet normal 0.0 -0.0 -1.0
outer loop
vertex 58.416 -74.371 16.0
vertex 69.007 -76.394 16.0
vertex 66.625 -80.093 16.0
endloop
endfacet
facet normal 0.7532378935675548 -0.6577481856257096 0.0
outer loop
vertex 65.528 -90.95 16.0
vertex 68.669 -87.353 16.0
vertex 65.528 -90.95 18.0
endloop
endfacet
facet normal 0.7988212059372648 -0.6015685172488117 0.0
outer loop
vertex 68.669 -87.353 16.0
vertex 71.551 -83.526 16.0
vertex 68.669 -87.353 18.0
endloop
endfacet
facet normal 0.7532378935675548 -0.6577481856257096 0.0
outer loop
vertex 65.528 -90.95 18.0
vertex 68.669 -87.353 16.0
vertex 68.669 -87.353 18.0
endloop
endfacet
facet normal 0.7988212059372648 -0.6015685172488117 0.0
outer loop
vertex 68.669 -87.353 18.0
vertex 71.551 -83.526 16.0
vertex 71.551 -83.526 18.0
endloop
endfacet
facet normal 0.8407821445078179 -0.5413736098821541 0.0
outer loop
vertex 71.551 -83.526 16.0
vertex 74.171 -79.457 16.0
vertex 71.551 -83.526 18.0
endloop
endfacet
facet normal 0.8780974634585537 -0.47848181226422176 0.0
outer loop
vertex 74.171 -79.457 16.0
vertex 76.525 -75.137 16.0
vertex 74.171 -79.457 18.0
endloop
endfacet
facet normal 0.8407821445078179 -0.5413736098821541 0.0
outer loop
vertex 71.551 -83.526 18.0
vertex 74.171 -79.457 16.0
vertex 74.171 -79.457 18.0
endloop
endfacet
facet normal 0.0 -0.0 -1.0
outer loop
vertex 60.401 -71.287 16.0
vertex 71.153 -72.456 16.0
vertex 69.007 -76.394 16.0
endloop
endfacet
facet normal 0.0 -0.0 -1.0
outer loop
vertex 62.2 -67.986 16.0
vertex 73.062 -68.26 16.0
vertex 71.153 -72.456 16.0
endloop
endfacet
facet normal 0.0 0.0 -1.0
outer loop
vertex 62.2 -67.986 16.0
vertex 63.816 -64.435 16.0
vertex 73.062 -68.26 16.0
endloop
endfacet
facet normal 0.0 0.0 -1.0
outer loop
vertex 63.816 -64.435 16.0
vertex 65.247 -60.604 16.0
vertex 74.732 -63.789 16.0
endloop
endfacet
facet normal 0.0 -0.0 -1.0
outer loop
vertex 63.816 -64.435 16.0
vertex 74.732 -63.789 16.0
vertex 73.062 -68.26 16.0
endloop
endfacet
facet normal 0.0 -0.0 -1.0
outer loop
vertex 65.247 -60.604 16.0
vertex 76.157 -59.025 16.0
vertex 74.732 -63.789 16.0
endloop
endfacet
facet normal -0.9367806073907011 0.3499172668170425 0.0
outer loop
vertex 63.816 -64.435 16.0
vertex 65.247 -60.604 18.0
vertex 65.247 -60.604 16.0
endloop
endfacet
facet normal 0.8780974634585537 -0.47848181226422176 0.0
outer loop
vertex 74.171 -79.457 18.0
vertex 76.525 -75.137 16.0
vertex 76.525 -75.137 18.0
endloop
endfacet
facet normal 0.9101963268755265 -0.4141770714830794 0.0
outer loop
vertex 76.525 -75.137 16.0
vertex 78.61 -70.555 16.0
vertex 76.525 -75.137 18.0
endloop
endfacet
facet normal 0.9101963268755265 -0.4141770714830794 0.0
outer loop
vertex 76.525 -75.137 18.0
vertex 78.61 -70.555 16.0
vertex 78.61 -70.555 18.0
endloop
endfacet
facet normal 0.9580876822619263 -0.28647511776412693 0.0
outer loop
vertex 80.423 -65.7 16.0
vertex 81.959 -60.563 16.0
vertex 80.423 -65.7 18.0
endloop
endfacet
facet normal 0.9580876822619263 -0.28647511776412693 0.0
outer loop
vertex 80.423 -65.7 18.0
vertex 81.959 -60.563 16.0
vertex 81.959 -60.563 18.0
endloop
endfacet
facet normal -0.0 0.0 0.9999999999999999
outer loop
vertex 60.401 -71.287 18.0
vertex 66.625 -80.093 18.0
vertex 69.007 -76.394 18.0
endloop
endfacet
facet normal -0.0 -0.0 1.0
outer loop
vertex 62.2 -67.986 18.0
vertex 71.153 -72.456 18.0
vertex 63.816 -64.435 18.0
endloop
endfacet
facet normal -0.0 0.0 1.0
outer loop
vertex 62.2 -67.986 18.0
vertex 69.007 -76.394 18.0
vertex 71.153 -72.456 18.0
endloop
endfacet
facet normal -0.0 0.0 1.0
outer loop
vertex 63.816 -64.435 18.0
vertex 71.153 -72.456 18.0
vertex 73.062 -68.26 18.0
endloop
endfacet
facet normal -0.0 -0.0 1.0
outer loop
vertex 63.816 -64.435 18.0
vertex 73.062 -68.26 18.0
vertex 65.247 -60.604 18.0
endloop
endfacet
facet normal -0.0 -0.0 1.0
outer loop
vertex 65.247 -60.604 18.0
vertex 74.732 -63.789 18.0
vertex 66.486 -56.462 18.0
endloop
endfacet
facet normal -0.0 0.0 1.0
outer loop
vertex 65.247 -60.604 18.0
vertex 73.062 -68.26 18.0
vertex 74.732 -63.789 18.0
endloop
endfacet
facet normal 0.0 0.0 -1.0
outer loop
vertex 44.269 -36.654 16.0
vertex 41.833 -26.955 16.0
vertex 45.916 -36.084 16.0
endloop
endfacet
facet normal 0.0 0.0 -1.0
outer loop
vertex 45.916 -36.084 16.0
vertex 41.833 -26.955 16.0
vertex 53.902 -31.837 16.0
endloop
endfacet
facet normal 0.3270514424927745 -0.9450065364659629 0.0
outer loop
vertex 44.269 -36.654 16.0
vertex 45.916 -36.084 16.0
vertex 44.269 -36.654 18.0
endloop
endfacet
facet normal 0.3270514424927745 -0.9450065364659629 0.0
outer loop
vertex 45.916 -36.084 16.0
vertex 45.916 -36.084 18.0
vertex 44.269 -36.654 18.0
endloop
endfacet
facet normal 0.4695377968421974 -0.8829123723997615 0.0
outer loop
vertex 45.916 -36.084 16.0
vertex 53.902 -31.837 16.0
vertex 45.916 -36.084 18.0
endloop
endfacet
facet normal 0.4695377968421974 -0.8829123723997615 0.0
outer loop
vertex 53.902 -31.837 16.0
vertex 53.902 -31.837 18.0
vertex 45.916 -36.084 18.0
endloop
endfacet
facet normal 0.5352474092348803 -0.8446953361463223 0.0
outer loop
vertex 53.902 -31.837 16.0
vertex 55.548 -30.794 16.0
vertex 53.902 -31.837 18.0
endloop
endfacet
facet normal 0.5352474092348803 -0.8446953361463223 0.0
outer loop
vertex 55.548 -30.794 16.0
vertex 55.548 -30.794 18.0
vertex 53.902 -31.837 18.0
endloop
endfacet
facet normal 0.0 -0.0 1.0
outer loop
vertex 44.269 -36.654 18.0
vertex 45.916 -36.084 18.0
vertex 41.833 -26.955 18.0
endloop
endfacet
facet normal 0.0 -0.0 1.0
outer loop
vertex 45.916 -36.084 18.0
vertex 53.902 -31.837 18.0
vertex 49.181 -23.021 18.0
endloop
endfacet
facet normal 0.0 0.0 -1.0
outer loop
vertex 53.902 -31.837 16.0
vertex 41.833 -26.955 16.0
vertex 49.181 -23.021 16.0
endloop
endfacet
facet normal 0.0 0.0 -1.0
outer loop
vertex 53.902 -31.837 16.0
vertex 49.181 -23.021 16.0
vertex 55.548 -30.794 16.0
endloop
endfacet
facet normal 0.0 0.0 -1.0
outer loop
vertex 55.548 -30.794 16.0
vertex 49.181 -23.021 16.0
vertex 49.992 -22.479 16.0
endloop
endfacet
facet normal 0.0 -0.0 -1.0
outer loop
vertex 41.41 -10.195 16.0
vertex 54.406 -12.721 16.0
vertex 46.892 -18.603 16.0
endloop
endfacet
facet normal 0.0 0.0 -1.0
outer loop
vertex 41.41 -10.195 16.0
vertex 47.766 -5.22 16.0
vertex 54.406 -12.721 16.0
endloop
endfacet
facet normal -0.6163650501572269 0.7874605545325296 0.0
outer loop
vertex 41.41 -10.195 16.0
vertex 41.41 -10.195 18.0
vertex 47.766 -5.22 18.0
endloop
endfacet
facet normal -0.6163650501572269 0.7874605545325296 0.0
outer loop
vertex 41.41 -10.195 16.0
vertex 47.766 -5.22 18.0
vertex 47.766 -5.22 16.0
endloop
endfacet
facet normal -0.7068829919888132 0.7073304995806015 0.0
outer loop
vertex 47.766 -5.22 16.0
vertex 47.766 -5.22 18.0
vertex 55.669 2.678 18.0
endloop
endfacet
facet normal 0.0 0.0 -1.0
outer loop
vertex 55.548 -30.794 16.0
vertex 49.992 -22.479 16.0
vertex 64.105 -24.132 16.0
endloop
endfacet
facet normal 0.0 0.0 -1.0
outer loop
vertex 64.105 -24.132 16.0
vertex 49.992 -22.479 16.0
vertex 57.942 -16.257 16.0
endloop
endfacet
facet normal 0.0 0.0 -1.0
outer loop
vertex 64.105 -24.132 16.0
vertex 57.942 -16.257 16.0
vertex 65.011 -23.33 16.0
endloop
endfacet
facet normal 0.0 0.0 -0.9999999999999999
outer loop
vertex 65.011 -23.33 16.0
vertex 57.942 -16.257 16.0
vertex 69.04 -19.304 16.0
endloop
endfacet
facet normal 0.614317194697433 -0.7890591766775646 0.0
outer loop
vertex 55.548 -30.794 16.0
vertex 64.105 -24.132 16.0
vertex 55.548 -30.794 18.0
endloop
endfacet
facet normal 0.6628234990155758 -0.748775673451501 0.0
outer loop
vertex 64.105 -24.132 16.0
vertex 65.011 -23.33 16.0
vertex 64.105 -24.132 18.0
endloop
endfacet
facet normal 0.614317194697433 -0.7890591766775646 0.0
outer loop
vertex 64.105 -24.132 16.0
vertex 64.105 -24.132 18.0
vertex 55.548 -30.794 18.0
endloop
endfacet
facet normal 0.0 -0.0 -1.0
outer loop
vertex 47.766 -5.22 16.0
vertex 63.04 -4.094 16.0
vertex 54.406 -12.721 16.0
endloop
endfacet
facet normal 0.0 0.0 -1.0
outer loop
vertex 47.766 -5.22 16.0
vertex 55.669 2.678 16.0
vertex 63.04 -4.094 16.0
endloop
endfacet
facet normal 0.0 0.0 -1.0
outer loop
vertex 69.04 -19.304 16.0
vertex 57.942 -16.257 16.0
vertex 66.576 -7.629 16.0
endloop
endfacet
facet normal 0.0 -0.0 1.0
outer loop
vertex 45.916 -36.084 18.0
vertex 49.181 -23.021 18.0
vertex 41.833 -26.955 18.0
endloop
endfacet
facet normal 0.0 -0.0 1.0
outer loop
vertex 53.902 -31.837 18.0
vertex 55.548 -30.794 18.0
vertex 49.181 -23.021 18.0
endloop
endfacet
facet normal 0.0 0.0 1.0
outer loop
vertex 55.548 -30.794 18.0
vertex 49.992 -22.479 18.0
vertex 49.181 -23.021 18.0
endloop
endfacet
facet normal -0.0 0.0 1.0
outer loop
vertex 41.41 -10.195 18.0
vertex 46.892 -18.603 18.0
vertex 47.766 -5.22 18.0
endloop
endfacet
facet normal -0.0 0.0 1.0
outer loop
vertex 47.766 -5.22 18.0
vertex 46.892 -18.603 18.0
vertex 54.406 -12.721 18.0
endloop
endfacet
facet normal -0.0 0.0 1.0
outer loop
vertex 47.766 -5.22 18.0
vertex 54.406 -12.721 18.0
vertex 55.669 2.678 18.0
endloop
endfacet
facet normal 0.0 -0.0 1.0
outer loop
vertex 55.548 -30.794 18.0
vertex 57.942 -16.257 18.0
vertex 49.992 -22.479 18.0
endloop
endfacet
facet normal 0.0 -0.0 1.0
outer loop
vertex 55.548 -30.794 18.0
vertex 64.105 -24.132 18.0
vertex 57.942 -16.257 18.0
endloop
endfacet
facet normal 0.0 -0.0 1.0
outer loop
vertex 64.105 -24.132 18.0
vertex 65.011 -23.33 18.0
vertex 57.942 -16.257 18.0
endloop
endfacet
facet normal 0.0 -0.0 0.9999999999999999
outer loop
vertex 65.011 -23.33 18.0
vertex 66.576 -7.629 18.0
vertex 57.942 -16.257 18.0
endloop
endfacet
facet normal -0.0 0.0 1.0
outer loop
vertex 55.669 2.678 18.0
vertex 54.406 -12.721 18.0
vertex 63.04 -4.094 18.0
endloop
endfacet
facet normal 0.0 0.0 -1.0
outer loop
vertex 65.247 -60.604 16.0
vertex 66.486 -56.462 16.0
vertex 76.157 -59.025 16.0
endloop
endfacet
facet normal 0.0 0.0 -1.0
outer loop
vertex 66.486 -56.462 16.0
vertex 67.522 -51.985 16.0
vertex 77.331 -53.951 16.0
endloop
endfacet
facet normal 0.0 -0.0 -1.0
outer loop
vertex 66.486 -56.462 16.0
vertex 77.331 -53.951 16.0
vertex 76.157 -59.025 16.0
endloop
endfacet
facet normal 0.0 0.0 -1.0
outer loop
vertex 67.522 -51.985 16.0
vertex 68.343 -47.151 16.0
vertex 78.248 -48.554 16.0
endloop
endfacet
facet normal 0.0 -0.0 -1.0
outer loop
vertex 67.522 -51.985 16.0
vertex 78.248 -48.554 16.0
vertex 77.331 -53.951 16.0
endloop
endfacet
facet normal 0.0 -0.0 -1.0
outer loop
vertex 68.343 -47.151 16.0
vertex 78.9 -42.821 16.0
vertex 78.248 -48.554 16.0
endloop
endfacet
facet normal -0.9580551610826818 0.28658385914569 0.0
outer loop
vertex 65.247 -60.604 16.0
vertex 66.486 -56.462 18.0
vertex 66.486 -56.462 16.0
endloop
endfacet
facet normal -0.9742553154964543 0.22544751102397298 0.0
outer loop
vertex 66.486 -56.462 16.0
vertex 67.522 -51.985 18.0
vertex 67.522 -51.985 16.0
endloop
endfacet
facet normal -0.9580551610826818 0.28658385914569 0.0
outer loop
vertex 65.247 -60.604 16.0
vertex 65.247 -60.604 18.0
vertex 66.486 -56.462 18.0
endloop
endfacet
facet normal -0.9742553154964543 0.22544751102397298 0.0
outer loop
vertex 66.486 -56.462 16.0
vertex 66.486 -56.462 18.0
vertex 67.522 -51.985 18.0
endloop
endfacet
facet normal -0.9858821183791643 0.1674408810900481 0.0
outer loop
vertex 67.522 -51.985 16.0
vertex 68.343 -47.151 18.0
vertex 68.343 -47.151 16.0
endloop
endfacet
facet normal -0.9858821183791643 0.1674408810900481 0.0
outer loop
vertex 67.522 -51.985 16.0
vertex 67.522 -51.985 18.0
vertex 68.343 -47.151 18.0
endloop
endfacet
facet normal -0.9935989282486565 0.11296534770946866 0.0
outer loop
vertex 68.343 -47.151 16.0
vertex 68.343 -47.151 18.0
vertex 68.935 -41.944 18.0
endloop
endfacet
facet normal 0.0 0.0 -1.0
outer loop
vertex 68.343 -47.151 16.0
vertex 68.935 -41.944 16.0
vertex 78.9 -42.821 16.0
endloop
endfacet
facet normal 0.0 0.0 -0.9999999999999999
outer loop
vertex 68.935 -41.944 16.0
vertex 69.307 -35.976 16.0
vertex 79.288 -36.598 16.0
endloop
endfacet
facet normal 0.0 0.0 -1.0
outer loop
vertex 69.307 -35.976 16.0
vertex 69.942 -31.302 16.0
vertex 79.895 -32.345 16.0
endloop
endfacet
facet normal -0.9935989282486565 0.11296534770946866 0.0
outer loop
vertex 68.343 -47.151 16.0
vertex 68.935 -41.944 18.0
vertex 68.935 -41.944 16.0
endloop
endfacet
facet normal -0.9980629761449409 0.06221170025568326 0.0
outer loop
vertex 68.935 -41.944 16.0
vertex 69.307 -35.976 18.0
vertex 69.307 -35.976 16.0
endloop
endfacet
facet normal -0.9980629761449409 0.06221170025568326 0.0
outer loop
vertex 68.935 -41.944 16.0
vertex 68.935 -41.944 18.0
vertex 69.307 -35.976 18.0
endloop
endfacet
facet normal -0.9908971297005084 0.1346212403422794 0.0
outer loop
vertex 69.307 -35.976 16.0
vertex 69.942 -31.302 18.0
vertex 69.942 -31.302 16.0
endloop
endfacet
facet normal -0.9908971297005084 0.1346212403422794 0.0
outer loop
vertex 69.307 -35.976 16.0
vertex 69.307 -35.976 18.0
vertex 69.942 -31.302 18.0
endloop
endfacet
facet normal -0.9977335847987271 0.06728813985154651 0.0
outer loop
vertex 69.942 -31.302 16.0
vertex 69.942 -31.302 18.0
vertex 70.122 -28.633 18.0
endloop
endfacet
facet normal 0.9742155823198273 -0.22561914627362628 0.0
outer loop
vertex 81.959 -60.563 16.0
vertex 83.217 -55.131 16.0
vertex 81.959 -60.563 18.0
endloop
endfacet
facet normal 0.9858828117965921 -0.16743676699038962 0.00010229296897766752
outer loop
vertex 83.325 -54.494 17.778
vertex 83.217 -55.131 16.0
vertex 84.191 -49.396 16.0
endloop
endfacet
facet normal 0.9742155823198273 -0.22561914627362628 0.0
outer loop
vertex 81.959 -60.563 18.0
vertex 83.217 -55.131 16.0
vertex 83.217 -55.131 17.778
endloop
endfacet
facet normal 0.9859299119664746 -0.16715923154220286 0.0
outer loop
vertex 83.325 -54.494 17.778
vertex 83.217 -55.131 17.778
vertex 83.217 -55.131 16.0
endloop
endfacet
facet normal 0.9935939419180921 -0.11300919689860305 0.0
outer loop
vertex 84.191 -49.396 16.0
vertex 84.879 -43.347 16.0
vertex 84.191 -49.396 18.0
endloop
endfacet
facet normal 0.9935939419180921 -0.11300919689860305 0.0
outer loop
vertex 84.191 -49.396 18.0
vertex 84.879 -43.347 16.0
vertex 84.879 -43.347 18.0
endloop
endfacet
facet normal 0.0 -0.0 -0.9999999999999999
outer loop
vertex 68.935 -41.944 16.0
vertex 79.288 -36.598 16.0
vertex 78.9 -42.821 16.0
endloop
endfacet
facet normal 0.0 -0.0 -1.0
outer loop
vertex 69.307 -35.976 16.0
vertex 79.895 -32.345 16.0
vertex 79.288 -36.598 16.0
endloop
endfacet
facet normal 0.0 -0.0 -1.0
outer loop
vertex 69.942 -31.302 16.0
vertex 80.126 -28.904 16.0
vertex 79.895 -32.345 16.0
endloop
endfacet
facet normal 0.9980665644638483 -0.06215410605366889 0.0
outer loop
vertex 84.879 -43.347 16.0
vertex 85.276 -36.972 16.0
vertex 84.879 -43.347 18.0
endloop
endfacet
facet normal 0.9980665644638483 -0.06215410605366889 0.0
outer loop
vertex 84.879 -43.347 18.0
vertex 85.276 -36.972 16.0
vertex 85.276 -36.972 18.0
endloop
endfacet
facet normal 0.9892580272192275 -0.14617987406726618 0.0
outer loop
vertex 85.276 -36.972 16.0
vertex 85.865 -32.986 16.0
vertex 85.276 -36.972 18.0
endloop
endfacet
facet normal 0.9977387306320277 -0.06721179507192282 0.0
outer loop
vertex 85.865 -32.986 16.0
vertex 86.129 -29.067 16.0
vertex 85.865 -32.986 18.0
endloop
endfacet
facet normal 0.9892580272192275 -0.14617987406726618 0.0
outer loop
vertex 85.276 -36.972 18.0
vertex 85.865 -32.986 16.0
vertex 85.865 -32.986 18.0
endloop
endfacet
facet normal 0.9977387306320277 -0.06721179507192282 0.0
outer loop
vertex 85.865 -32.986 18.0
vertex 86.129 -29.067 16.0
vertex 86.129 -29.067 18.0
endloop
endfacet
facet normal -0.0 0.0 1.0
outer loop
vertex 66.486 -56.462 18.0
vertex 74.732 -63.789 18.0
vertex 76.157 -59.025 18.0
endloop
endfacet
facet normal -0.0 -0.0 1.0
outer loop
vertex 66.486 -56.462 18.0
vertex 76.157 -59.025 18.0
vertex 67.522 -51.985 18.0
endloop
endfacet
facet normal -0.0 0.0 1.0
outer loop
vertex 67.522 -51.985 18.0
vertex 76.157 -59.025 18.0
vertex 77.331 -53.951 18.0
endloop
endfacet
facet normal -0.0 -0.0 1.0
outer loop
vertex 67.522 -51.985 18.0
vertex 77.331 -53.951 18.0
vertex 68.343 -47.151 18.0
endloop
endfacet
facet normal -0.0 -0.0 1.0
outer loop
vertex 68.343 -47.151 18.0
vertex 78.248 -48.554 18.0
vertex 68.935 -41.944 18.0
endloop
endfacet
facet normal -0.0 0.0 0.9999999999999999
outer loop
vertex 68.343 -47.151 18.0
vertex 77.331 -53.951 18.0
vertex 78.248 -48.554 18.0
endloop
endfacet
facet normal -0.0 -0.0 1.0
outer loop
vertex 68.935 -41.944 18.0
vertex 78.9 -42.821 18.0
vertex 69.307 -35.976 18.0
endloop
endfacet
facet normal -0.0 0.0 0.9999999999999999
outer loop
vertex 68.935 -41.944 18.0
vertex 78.248 -48.554 18.0
vertex 78.9 -42.821 18.0
endloop
endfacet
facet normal -0.0 -0.0 1.0
outer loop
vertex 69.307 -35.976 18.0
vertex 79.288 -36.598 18.0
vertex 69.942 -31.302 18.0
endloop
endfacet
facet normal -0.0 -0.0 1.0
outer loop
vertex 69.942 -31.302 18.0
vertex 79.895 -32.345 18.0
vertex 70.122 -28.633 18.0
endloop
endfacet
facet normal 0.9742155823198272 -0.22561914627362623 0.0
outer loop
vertex 81.959 -60.563 18.0
vertex 83.217 -55.131 17.778
vertex 83.217 -55.131 18.0
endloop
endfacet
facet normal -0.0 0.0 1.0
outer loop
vertex 69.307 -35.976 18.0
vertex 78.9 -42.821 18.0
vertex 79.288 -36.598 18.0
endloop
endfacet
facet normal -0.0 0.0 1.0
outer loop
vertex 69.942 -31.302 18.0
vertex 79.288 -36.598 18.0
vertex 79.895 -32.345 18.0
endloop
endfacet
facet normal 0.0 0.0 -1.0
outer loop
vertex 69.942 -31.302 16.0
vertex 70.122 -28.633 16.0
vertex 80.126 -28.904 16.0
endloop
endfacet
facet normal 0.0 0.0 -1.0
outer loop
vertex 70.122 -28.633 16.0
vertex 70.088 -26.038 16.0
vertex 80.082 -25.512 16.0
endloop
endfacet
facet normal 0.0 -0.0 -1.0
outer loop
vertex 69.847 -23.432 16.0
vertex 79.77 -22.135 16.0
vertex 70.088 -26.038 16.0
endloop
endfacet
facet normal 0.0 0.0 -0.9999999999999999
outer loop
vertex 69.395 -20.762 16.0
vertex 69.04 -19.304 16.0
vertex 78.36 -15.309 16.0
endloop
endfacet
facet normal 0.0 0.0 -1.0
outer loop
vertex 69.847 -23.432 16.0
vertex 69.395 -20.762 16.0
vertex 79.195 -18.743 16.0
endloop
endfacet
facet normal 0.0 0.0 -1.0
outer loop
vertex 69.04 -19.304 16.0
vertex 77.266 -11.808 16.0
vertex 78.36 -15.309 16.0
endloop
endfacet
facet normal -0.9957510614562809 -0.09208595771717698 0.0
outer loop
vertex 69.847 -23.432 16.0
vertex 70.088 -26.038 16.0
vertex 69.847 -23.432 18.0
endloop
endfacet
facet normal 0.6628234990155758 -0.748775673451501 0.0
outer loop
vertex 65.011 -23.33 16.0
vertex 65.011 -23.33 18.0
vertex 64.105 -24.132 18.0
endloop
endfacet
facet normal -0.9859715372590735 -0.16691353364835196 0.0
outer loop
vertex 69.847 -23.432 16.0
vertex 69.847 -23.432 18.0
vertex 69.395 -20.762 18.0
endloop
endfacet
facet normal 0.7068433776821252 -0.7073700866073745 0.0
outer loop
vertex 65.011 -23.33 16.0
vertex 69.04 -19.304 16.0
vertex 65.011 -23.33 18.0
endloop
endfacet
facet normal -0.9859715372590735 -0.16691353364835196 -0.0
outer loop
vertex 69.847 -23.432 16.0
vertex 69.395 -20.762 18.0
vertex 69.395 -20.762 16.0
endloop
endfacet
facet normal -0.9716138062849335 -0.23657263458925995 -0.0
outer loop
vertex 69.395 -20.762 16.0
vertex 69.04 -19.304 18.0
vertex 69.04 -19.304 16.0
endloop
endfacet
facet normal 0.7068433776821252 -0.7073700866073745 0.0
outer loop
vertex 69.04 -19.304 16.0
vertex 69.04 -19.304 18.0
vertex 65.011 -23.33 18.0
endloop
endfacet
facet normal -0.9716138062849335 -0.23657263458925995 0.0
outer loop
vertex 69.395 -20.762 16.0
vertex 69.395 -20.762 18.0
vertex 69.04 -19.304 18.0
endloop
endfacet
facet normal -0.9977335847987271 0.06728813985154651 0.0
outer loop
vertex 69.942 -31.302 16.0
vertex 70.122 -28.633 18.0
vertex 70.122 -28.633 16.0
endloop
endfacet
facet normal -0.9999141782821366 -0.013100995014103538 -0.0
outer loop
vertex 70.122 -28.633 16.0
vertex 70.088 -26.038 18.0
vertex 70.088 -26.038 16.0
endloop
endfacet
facet normal -0.9999141782821366 -0.013100995014103538 0.0
outer loop
vertex 70.122 -28.633 16.0
vertex 70.122 -28.633 18.0
vertex 70.088 -26.038 18.0
endloop
endfacet
facet normal -0.9957510614562809 -0.09208595771717698 0.0
outer loop
vertex 70.088 -26.038 16.0
vertex 70.088 -26.038 18.0
vertex 69.847 -23.432 18.0
endloop
endfacet
facet normal 0.0 0.0 -0.9999999999999999
outer loop
vertex 69.04 -19.304 16.0
vertex 66.576 -7.629 16.0
vertex 74.308 -4.534 16.0
endloop
endfacet
facet normal 0.0 0.0 -1.0
outer loop
vertex 69.04 -19.304 16.0
vertex 75.914 -8.222 16.0
vertex 77.266 -11.808 16.0
endloop
endfacet
facet normal 0.0 0.0 -1.0
outer loop
vertex 69.04 -19.304 16.0
vertex 74.308 -4.534 16.0
vertex 75.914 -8.222 16.0
endloop
endfacet
facet normal 0.0 0.0 -1.0
outer loop
vertex 66.576 -7.629 16.0
vertex 72.429 -0.685 16.0
vertex 74.308 -4.534 16.0
endloop
endfacet
facet normal 0.0 0.0 -1.0
outer loop
vertex 70.122 -28.633 16.0
vertex 80.082 -25.512 16.0
vertex 80.126 -28.904 16.0
endloop
endfacet
facet normal 0.0 0.0 -1.0
outer loop
vertex 70.088 -26.038 16.0
vertex 79.77 -22.135 16.0
vertex 80.082 -25.512 16.0
endloop
endfacet
facet normal 0.0 0.0 -1.0
outer loop
vertex 69.847 -23.432 16.0
vertex 79.195 -18.743 16.0
vertex 79.77 -22.135 16.0
endloop
endfacet
facet normal 0.0 0.0 -1.0
outer loop
vertex 69.395 -20.762 16.0
vertex 78.36 -15.309 16.0
vertex 79.195 -18.743 16.0
endloop
endfacet
facet normal 0.9999132224308139 0.013173746924302109 0.0
outer loop
vertex 86.129 -29.067 16.0
vertex 86.078 -25.196 16.0
vertex 86.129 -29.067 18.0
endloop
endfacet
facet normal 0.9957754403442499 0.09182196037558309 0.0
outer loop
vertex 86.078 -25.196 16.0
vertex 85.724 -21.357 16.0
vertex 86.078 -25.196 18.0
endloop
endfacet
facet normal 0.9999132224308139 0.013173746924302109 -0.0
outer loop
vertex 86.129 -29.067 18.0
vertex 86.078 -25.196 16.0
vertex 86.078 -25.196 18.0
endloop
endfacet
facet normal 0.9957754403442499 0.09182196037558309 -0.0
outer loop
vertex 86.078 -25.196 18.0
vertex 85.724 -21.357 16.0
vertex 85.724 -21.357 18.0
endloop
endfacet
facet normal 0.9859090311912386 0.1672823428086575 0.0
outer loop
vertex 85.724 -21.357 16.0
vertex 85.075 -17.532 16.0
vertex 85.724 -21.357 18.0
endloop
endfacet
facet normal 0.9716896507687156 0.23626092057082046 0.0
outer loop
vertex 85.075 -17.532 16.0
vertex 84.144 -13.703 16.0
vertex 85.075 -17.532 18.0
endloop
endfacet
facet normal 0.9859090311912386 0.1672823428086575 -0.0
outer loop
vertex 85.724 -21.357 18.0
vertex 85.075 -17.532 16.0
vertex 85.075 -17.532 18.0
endloop
endfacet
facet normal 0.9168814605232828 0.39915960134849787 -0.0
outer loop
vertex 79.758 -2.021 16.0
vertex 79.758 -2.021 18.0
vertex 81.475 -5.965 18.0
endloop
endfacet
facet normal 0.9356946815537546 0.35281080328133024 0.0
outer loop
vertex 82.941 -9.853 16.0
vertex 81.475 -5.965 16.0
vertex 82.941 -9.853 18.0
endloop
endfacet
facet normal 0.9544358410300346 0.298416141205168 0.00017895672019055387
outer loop
vertex 83.904 -12.933 16.0
vertex 82.941 -9.853 16.0
vertex 84.024 -13.318 18.0
endloop
endfacet
facet normal 0.954465272660639 0.2983220462601647 -0.0
outer loop
vertex 82.941 -9.853 16.0
vertex 82.941 -9.853 18.0
vertex 84.024 -13.318 18.0
endloop
endfacet
facet normal 0.9716896507687156 0.23626092057082046 -0.0
outer loop
vertex 85.075 -17.532 18.0
vertex 84.144 -13.703 16.0
vertex 84.144 -13.703 18.0
endloop
endfacet
facet normal 0.9168814605232828 0.39915960134849787 0.0
outer loop
vertex 81.475 -5.965 16.0
vertex 79.758 -2.021 16.0
vertex 81.475 -5.965 18.0
endloop
endfacet
facet normal 0.9356946815537546 0.35281080328133024 -0.0
outer loop
vertex 82.941 -9.853 18.0
vertex 81.475 -5.965 16.0
vertex 81.475 -5.965 18.0
endloop
endfacet
facet normal 0.0 -0.0 1.0
outer loop
vertex 65.011 -23.33 18.0
vertex 69.04 -19.304 18.0
vertex 66.576 -7.629 18.0
endloop
endfacet
facet normal -0.0 -0.0 1.0
outer loop
vertex 70.122 -28.633 18.0
vertex 80.126 -28.904 18.0
vertex 70.088 -26.038 18.0
endloop
endfacet
facet normal -0.0 0.0 1.0
outer loop
vertex 69.847 -23.432 18.0
vertex 70.088 -26.038 18.0
vertex 80.082 -25.512 18.0
endloop
endfacet
facet normal 0.0 -0.0 1.0
outer loop
vertex 69.395 -20.762 18.0
vertex 79.195 -18.743 18.0
vertex 69.04 -19.304 18.0
endloop
endfacet
facet normal 0.0 -0.0 1.0
outer loop
vertex 69.847 -23.432 18.0
vertex 79.77 -22.135 18.0
vertex 69.395 -20.762 18.0
endloop
endfacet
facet normal 0.0 -0.0 1.0
outer loop
vertex 69.04 -19.304 18.0
vertex 78.36 -15.309 18.0
vertex 77.266 -11.808 18.0
endloop
endfacet
facet normal 0.0 -0.0 1.0
outer loop
vertex 69.04 -19.304 18.0
vertex 75.914 -8.222 18.0
vertex 66.576 -7.629 18.0
endloop
endfacet
facet normal 0.0 -0.0 1.0
outer loop
vertex 69.04 -19.304 18.0
vertex 77.266 -11.808 18.0
vertex 75.914 -8.222 18.0
endloop
endfacet
facet normal 0.0 0.0 1.0
outer loop
vertex 72.429 -0.685 18.0
vertex 66.576 -7.629 18.0
vertex 75.914 -8.222 18.0
endloop
endfacet
facet normal -0.0 -0.0 1.0
outer loop
vertex 72.429 -0.685 18.0
vertex 75.914 -8.222 18.0
vertex 74.308 -4.534 18.0
endloop
endfacet
facet normal -0.0 0.0 1.0
outer loop
vertex 70.122 -28.633 18.0
vertex 79.895 -32.345 18.0
vertex 80.126 -28.904 18.0
endloop
endfacet
facet normal -0.0 -0.0 1.0
outer loop
vertex 70.088 -26.038 18.0
vertex 80.126 -28.904 18.0
vertex 80.082 -25.512 18.0
endloop
endfacet
facet normal -0.0 -0.0 1.0
outer loop
vertex 69.847 -23.432 18.0
vertex 80.082 -25.512 18.0
vertex 79.77 -22.135 18.0
endloop
endfacet
facet normal -0.0 -0.0 1.0
outer loop
vertex 69.395 -20.762 18.0
vertex 79.77 -22.135 18.0
vertex 79.195 -18.743 18.0
endloop
endfacet
facet normal 0.0 -0.0 1.0
outer loop
vertex 69.04 -19.304 18.0
vertex 79.195 -18.743 18.0
vertex 78.36 -15.309 18.0
endloop
endfacet
facet normal 0.30160529974368105 0.9534328729210696 0.0
outer loop
vertex -1.124 3.121 16.0
vertex 6.289 0.776 18.0
vertex 6.289 0.776 16.0
endloop
endfacet
facet normal 0.30160529974368105 0.9534328729210696 -0.0
outer loop
vertex -1.124 3.121 16.0
vertex -1.124 3.121 18.0
vertex 6.289 0.776 18.0
endloop
endfacet
facet normal 0.35469878614687694 -0.934980626059135 0.0
outer loop
vertex -0.131 13.98 16.0
vertex 6.828 16.62 16.0
vertex -0.131 13.98 18.0
endloop
endfacet
facet normal 0.394611418201162 0.918848098776543 0.0
outer loop
vertex 6.289 0.776 16.0
vertex 7.891 0.088 18.0
vertex 7.891 0.088 16.0
endloop
endfacet
facet normal 0.394611418201162 0.918848098776543 -0.0
outer loop
vertex 6.289 0.776 16.0
vertex 6.289 0.776 18.0
vertex 7.891 0.088 18.0
endloop
endfacet
facet normal 0.0 0.0 -1.0
outer loop
vertex 6.828 16.62 16.0
vertex -4.619 22.973 16.0
vertex 14.029 17.926 16.0
endloop
endfacet
facet normal 0.0 0.0 -1.0
outer loop
vertex 23.059 18.061 16.0
vertex -4.619 22.973 16.0
vertex 4.14 26.295 16.0
endloop
endfacet
facet normal 0.35469878614687694 -0.934980626059135 0.0
outer loop
vertex -0.131 13.98 18.0
vertex 6.828 16.62 16.0
vertex 6.828 16.62 18.0
endloop
endfacet
facet normal 0.1784525436590292 -0.9839485198228729 0.0
outer loop
vertex 6.828 16.62 16.0
vertex 14.029 17.926 16.0
vertex 6.828 16.62 18.0
endloop
endfacet
facet normal 0.0 0.0 -1.0
outer loop
vertex 14.029 17.926 16.0
vertex -4.619 22.973 16.0
vertex 23.059 18.061 16.0
endloop
endfacet
facet normal 0.0 0.0 -1.0
outer loop
vertex 23.059 18.061 16.0
vertex 4.14 26.295 16.0
vertex 13.056 27.912 16.0
endloop
endfacet
facet normal 0.0 0.0 -1.0
outer loop
vertex 23.059 18.061 16.0
vertex 13.056 27.912 16.0
vertex 23.645 28.071 16.0
endloop
endfacet
facet normal 0.1784525436590292 -0.9839485198228729 0.0
outer loop
vertex 14.029 17.926 16.0
vertex 14.029 17.926 18.0
vertex 6.828 16.62 18.0
endloop
endfacet
facet normal 0.014948495656093342 -0.9998882649964543 0.0
outer loop
vertex 14.029 17.926 16.0
vertex 23.059 18.061 16.0
vertex 14.029 17.926 18.0
endloop
endfacet
facet normal 0.014948495656093342 -0.9998882649964543 0.0
outer loop
vertex 23.059 18.061 16.0
vertex 23.059 18.061 18.0
vertex 14.029 17.926 18.0
endloop
endfacet
facet normal 0.0 -0.0 1.0
outer loop
vertex -0.131 13.98 18.0
vertex 6.828 16.62 18.0
vertex -4.619 22.973 18.0
endloop
endfacet
facet normal 0.0 0.0 1.0
outer loop
vertex 6.828 16.62 18.0
vertex 4.14 26.295 18.0
vertex -4.619 22.973 18.0
endloop
endfacet
facet normal 0.0 -0.0 1.0
outer loop
vertex 6.828 16.62 18.0
vertex 14.029 17.926 18.0
vertex 4.14 26.295 18.0
endloop
endfacet
facet normal 0.0 -0.0 1.0
outer loop
vertex 14.029 17.926 18.0
vertex 23.059 18.061 18.0
vertex 4.14 26.295 18.0
endloop
endfacet
facet normal 0.0 0.0 1.0
outer loop
vertex 23.059 18.061 18.0
vertex 13.056 27.912 18.0
vertex 4.14 26.295 18.0
endloop
endfacet
facet normal 0.0 -0.0 1.0
outer loop
vertex 23.059 18.061 18.0
vertex 23.645 28.071 18.0
vertex 13.056 27.912 18.0
endloop
endfacet
facet normal 0.0 -0.0 -1.0
outer loop
vertex -23.03 28.606 16.0
vertex 17.877 36.399 16.0
vertex 13.056 32.912 16.0
endloop
endfacet
facet normal 0.0 0.0 -1.0
outer loop
vertex -23.03 28.606 16.0
vertex 12.804 37.47 16.0
vertex 15.374 36.98 16.0
endloop
endfacet
facet normal 0.0 0.0 -0.9999999999999999
outer loop
vertex -23.03 28.606 16.0
vertex 15.374 36.98 16.0
vertex 17.877 36.399 16.0
endloop
endfacet
facet normal 0.0436601272856223 0.999046442006278 0.0
outer loop
vertex 4.904 44.407 16.0
vertex 1.792 44.543 16.0
vertex 4.904 44.407 18.0
endloop
endfacet
facet normal 0.0436601272856223 0.999046442006278 -0.0
outer loop
vertex 1.792 44.543 16.0
vertex 1.792 44.543 18.0
vertex 4.904 44.407 18.0
endloop
endfacet
facet normal 0.07882223545907195 0.9968886874657745 0.0
outer loop
vertex 7.952 44.166 16.0
vertex 4.904 44.407 16.0
vertex 7.952 44.166 18.0
endloop
endfacet
facet normal 0.11387622725875246 0.9934949445595147 0.0
outer loop
vertex 10.927 43.825 16.0
vertex 7.952 44.166 16.0
vertex 10.927 43.825 18.0
endloop
endfacet
facet normal 0.07882223545907195 0.9968886874657745 -0.0
outer loop
vertex 4.904 44.407 16.0
vertex 4.904 44.407 18.0
vertex 7.952 44.166 18.0
endloop
endfacet
facet normal 0.11387622725875246 0.9934949445595147 -0.0
outer loop
vertex 7.952 44.166 16.0
vertex 7.952 44.166 18.0
vertex 10.927 43.825 18.0
endloop
endfacet
facet normal -0.0 0.0 -1.0
outer loop
vertex 23.645 33.071 16.0
vertex 13.056 32.912 16.0
vertex 17.877 36.399 16.0
endloop
endfacet
facet normal 0.15046379414031494 0.9886155201355584 0.0
outer loop
vertex 13.818 43.385 16.0
vertex 10.927 43.825 16.0
vertex 13.818 43.385 18.0
endloop
endfacet
facet normal 0.18753166601016702 0.9822585577349027 0.0
outer loop
vertex 16.615 42.851 16.0
vertex 13.818 43.385 16.0
vertex 16.615 42.851 18.0
endloop
endfacet
facet normal 0.15046379414031494 0.9886155201355584 -0.0
outer loop
vertex 10.927 43.825 16.0
vertex 10.927 43.825 18.0
vertex 13.818 43.385 18.0
endloop
endfacet
facet normal 0.18753166601016702 0.9822585577349027 -0.0
outer loop
vertex 13.818 43.385 16.0
vertex 13.818 43.385 18.0
vertex 16.615 42.851 18.0
endloop
endfacet
facet normal 0.22611437426176287 0.9741007243196744 -0.0002619772840155639
outer loop
vertex 18.769 42.351 16.0
vertex 16.615 42.851 16.0
vertex 19.008 42.296 17.778
endloop
endfacet
facet normal 0.225929672562454 0.9741436152107258 -0.0
outer loop
vertex 16.615 42.851 16.0
vertex 16.615 42.851 18.0
vertex 19.008 42.296 17.778
endloop
endfacet
facet normal 0.0 0.0 0.9999999999999999
outer loop
vertex -23.03 28.606 18.0
vertex 13.056 32.912 18.0
vertex 17.877 36.399 18.0
endloop
endfacet
facet normal 0.0 -0.0 1.0
outer loop
vertex -23.03 28.606 18.0
vertex 15.374 36.98 18.0
vertex 12.804 37.47 18.0
endloop
endfacet
facet normal 0.0 -0.0 0.9999999999999999
outer loop
vertex -23.03 28.606 18.0
vertex 17.877 36.399 18.0
vertex 15.374 36.98 18.0
endloop
endfacet
facet normal 0.006328948251999771 0.9999738238147419 0.0035065794369027715
outer loop
vertex 1.441 44.546 17.778
vertex 1.476 44.545 18.0
vertex 1.792 44.543 18.0
endloop
endfacet
facet normal 0.0 -0.0 1.0
outer loop
vertex 13.056 32.912 18.0
vertex 23.645 33.071 18.0
vertex 17.877 36.399 18.0
endloop
endfacet
facet normal 0.22615349591493378 0.9740883376048028 0.002550848440411741
outer loop
vertex 19.008 42.296 17.778
vertex 16.615 42.851 18.0
vertex 19.307 42.226 18.0
endloop
endfacet
facet normal 0.0 -0.0 -1.0
outer loop
vertex 23.059 18.061 16.0
vertex 34.399 26.645 16.0
vertex 32.43 16.819 16.0
endloop
endfacet
facet normal 0.0 0.0 -1.0
outer loop
vertex 23.059 18.061 16.0
vertex 23.645 28.071 16.0
vertex 34.399 26.645 16.0
endloop
endfacet
facet normal -0.13138759942201578 -0.9913310742219879 0.0
outer loop
vertex 23.059 18.061 16.0
vertex 32.43 16.819 16.0
vertex 23.059 18.061 18.0
endloop
endfacet
facet normal -0.13138759942201578 -0.9913310742219879 0.0
outer loop
vertex 32.43 16.819 16.0
vertex 32.43 16.819 18.0
vertex 23.059 18.061 18.0
endloop
endfacet
facet normal 0.0 0.0 -1.0
outer loop
vertex 42.52 14.094 16.0
vertex 32.43 16.819 16.0
vertex 34.399 26.645 16.0
endloop
endfacet
facet normal 0.0 0.0 -1.0
outer loop
vertex 42.52 14.094 16.0
vertex 34.399 26.645 16.0
vertex 45.705 23.592 16.0
endloop
endfacet
facet normal -0.2607282770148889 -0.9654122257175155 -0.0
outer loop
vertex 42.52 14.094 16.0
vertex 32.43 16.819 18.0
vertex 32.43 16.819 16.0
endloop
endfacet
facet normal -0.2607282770148889 -0.9654122257175155 0.0
outer loop
vertex 42.52 14.094 16.0
vertex 42.52 14.094 18.0
vertex 32.43 16.819 18.0
endloop
endfacet
facet normal 0.0 -0.0 1.0
outer loop
vertex 23.059 18.061 18.0
vertex 34.399 26.645 18.0
vertex 23.645 28.071 18.0
endloop
endfacet
facet normal -0.0 0.0 1.0
outer loop
vertex 23.059 18.061 18.0
vertex 32.43 16.819 18.0
vertex 45.705 23.592 18.0
endloop
endfacet
facet normal 0.0 -0.0 1.0
outer loop
vertex 23.059 18.061 18.0
vertex 45.705 23.592 18.0
vertex 34.399 26.645 18.0
endloop
endfacet
facet normal 0.0 -0.0 1.0
outer loop
vertex 42.52 14.094 18.0
vertex 45.705 23.592 18.0
vertex 32.43 16.819 18.0
endloop
endfacet
facet normal 0.0 0.0 -1.0
outer loop
vertex 23.645 33.071 16.0
vertex 17.877 36.399 16.0
vertex 34.675 31.609 16.0
endloop
endfacet
facet normal -0.0 -0.0 -0.9999999999999999
outer loop
vertex 26.608 34.139 16.0
vertex 34.675 31.609 16.0
vertex 17.877 36.399 16.0
endloop
endfacet
facet normal 0.0 0.0 -1.0
outer loop
vertex 34.675 31.609 16.0
vertex 26.608 34.139 16.0
vertex 32.289 32.446 16.0
endloop
endfacet
facet normal 0.2505812535265854 0.9680955714086523 0.0
outer loop
vertex 28.216 39.92 16.0
vertex 19.307 42.226 16.0
vertex 28.216 39.92 18.0
endloop
endfacet
facet normal 0.2505812535265854 0.9680955714086523 -0.0
outer loop
vertex 19.307 42.226 16.0
vertex 19.307 42.226 18.0
vertex 28.216 39.92 18.0
endloop
endfacet
facet normal 0.2855366554729843 0.958367788680996 0.0
outer loop
vertex 34.14 38.155 16.0
vertex 28.216 39.92 16.0
vertex 34.14 38.155 17.778
endloop
endfacet
facet normal 0.2855366554729843 0.9583677886809961 -0.0
outer loop
vertex 28.216 39.92 16.0
vertex 28.216 39.92 18.0
vertex 34.14 38.155 18.0
endloop
endfacet
facet normal 0.28553665547298424 0.9583677886809959 0.0
outer loop
vertex 28.216 39.92 16.0
vertex 34.14 38.155 18.0
vertex 34.14 38.155 17.778
endloop
endfacet
facet normal 0.33104434385123627 0.943615115516643 0.0003951868129493891
outer loop
vertex 38.561 36.604 16.0
vertex 34.14 38.155 16.0
vertex 39.052 36.431 17.778
endloop
endfacet
facet normal 0.3311717302350971 0.9435704982104369 -0.0
outer loop
vertex 34.14 38.155 16.0
vertex 34.14 38.155 17.778
vertex 39.052 36.431 17.778
endloop
endfacet
facet normal 0.38117519558625923 0.9245028232892408 -0.0
outer loop
vertex 39.666 36.216 16.0
vertex 39.666 36.216 18.0
vertex 44.803 34.098 18.0
endloop
endfacet
facet normal 0.0 0.0 1.0
outer loop
vertex 26.608 34.139 18.0
vertex 17.877 36.399 18.0
vertex 23.645 33.071 18.0
endloop
endfacet
facet normal 0.0 0.0 1.0
outer loop
vertex 32.289 32.446 18.0
vertex 26.608 34.139 18.0
vertex 23.645 33.071 18.0
endloop
endfacet
facet normal 0.0 0.0 1.0
outer loop
vertex 34.675 31.609 18.0
vertex 32.289 32.446 18.0
vertex 23.645 33.071 18.0
endloop
endfacet
facet normal 0.0024866708197531784 -0.9999969082293375 0.0
outer loop
vertex -7.717 71.877 16.0
vertex 23.248 71.954 16.0
vertex -7.717 71.877 18.0
endloop
endfacet
facet normal 0.0 -0.0 -1.0
outer loop
vertex -7.757 87.877 16.0
vertex 23.195 77.954 16.0
vertex -7.732 77.877 16.0
endloop
endfacet
facet normal -0.002494808202857974 0.999996887961173 0.0
outer loop
vertex -7.757 87.877 16.0
vertex -7.757 87.877 18.0
vertex 23.107 87.954 18.0
endloop
endfacet
facet normal 0.0024866708197531784 -0.9999969082293375 0.0
outer loop
vertex 23.248 71.954 18.0
vertex -7.717 71.877 18.0
vertex 23.248 71.954 16.0
endloop
endfacet
facet normal 0.0 0.0 -1.0
outer loop
vertex -7.757 87.877 16.0
vertex 23.107 87.954 16.0
vertex 23.195 77.954 16.0
endloop
endfacet
facet normal -0.002494808202857974 0.999996887961173 0.0
outer loop
vertex -7.757 87.877 16.0
vertex 23.107 87.954 18.0
vertex 23.107 87.954 16.0
endloop
endfacet
facet normal -0.0 0.0 1.0
outer loop
vertex -7.757 87.877 18.0
vertex -7.732 77.877 18.0
vertex 23.107 87.954 18.0
endloop
endfacet
facet normal -0.0 0.0 0.9999999999999999
outer loop
vertex 23.107 87.954 18.0
vertex -7.732 77.877 18.0
vertex 23.195 77.954 18.0
endloop
endfacet
facet normal -0.009068652431619643 -0.9999588789260657 0.0
outer loop
vertex -11.37 103.926 16.0
vertex 24.356 103.602 16.0
vertex -11.37 103.926 18.0
endloop
endfacet
facet normal 0.0 0.0 -1.0
outer loop
vertex -11.37 103.926 16.0
vertex -11.317 113.926 16.0
vertex 24.356 103.602 16.0
endloop
endfacet
facet normal 0.009028725722689037 0.9999592402252325 0.0
outer loop
vertex -11.285 119.925 18.0
vertex 24.599 119.601 18.0
vertex -11.285 119.925 16.0
endloop
endfacet
facet normal -0.009068652431619643 -0.9999588789260657 0.0
outer loop
vertex -11.37 103.926 18.0
vertex 24.356 103.602 16.0
vertex 24.356 103.602 18.0
endloop
endfacet
facet normal 0.0 0.0 -1.0
outer loop
vertex 24.356 103.602 16.0
vertex -11.317 113.926 16.0
vertex 24.508 113.601 16.0
endloop
endfacet
facet normal 0.009028725722689037 0.9999592402252325 0.0
outer loop
vertex 24.599 119.601 16.0
vertex -11.285 119.925 16.0
vertex 24.599 119.601 18.0
endloop
endfacet
facet normal 0.0 -0.0 1.0
outer loop
vertex -11.37 103.926 18.0
vertex 24.508 113.601 18.0
vertex -11.317 113.926 18.0
endloop
endfacet
facet normal -0.0 0.0 1.0
outer loop
vertex -11.37 103.926 18.0
vertex 24.356 103.602 18.0
vertex 24.508 113.601 18.0
endloop
endfacet
facet normal 0.015129445683945598 -0.9998855433864899 0.0
outer loop
vertex 23.248 71.954 16.0
vertex 31.443 72.078 16.0
vertex 23.248 71.954 18.0
endloop
endfacet
facet normal 0.015129445683945598 -0.9998855433864899 0.0
outer loop
vertex 23.248 71.954 18.0
vertex 31.443 72.078 16.0
vertex 31.443 72.078 18.0
endloop
endfacet
facet normal 0.0 -0.0 -1.0
outer loop
vertex 23.107 87.954 16.0
vertex 31.297 78.077 16.0
vertex 23.195 77.954 16.0
endloop
endfacet
facet normal 0.0 0.0 -1.0
outer loop
vertex 23.107 87.954 16.0
vertex 31.055 88.074 16.0
vertex 31.297 78.077 16.0
endloop
endfacet
facet normal -0.015096417351763421 0.9998860425984261 0.0
outer loop
vertex 23.107 87.954 16.0
vertex 23.107 87.954 18.0
vertex 31.055 88.074 18.0
endloop
endfacet
facet normal -0.015096417351763421 0.9998860425984261 0.0
outer loop
vertex 23.107 87.954 16.0
vertex 31.055 88.074 18.0
vertex 31.055 88.074 16.0
endloop
endfacet
facet normal 0.03338867135353108 -0.9994424428776504 0.0
outer loop
vertex 31.443 72.078 16.0
vertex 39.555 72.349 16.0
vertex 31.443 72.078 18.0
endloop
endfacet
facet normal 0.03338867135353108 -0.9994424428776504 0.0
outer loop
vertex 39.555 72.349 16.0
vertex 39.555 72.349 18.0
vertex 31.443 72.078 18.0
endloop
endfacet
facet normal 0.05942613910879745 -0.9982326984340119 -0.00011733615289898076
outer loop
vertex 39.555 72.349 16.0
vertex 41.134 72.443 16.0
vertex 40.432 72.401 17.778
endloop
endfacet
facet normal 0.05918909124393564 -0.9982467888642153 0.0
outer loop
vertex 39.555 72.349 16.0
vertex 40.432 72.401 17.778
vertex 39.555 72.349 18.0
endloop
endfacet
facet normal 0.0 -0.0 -1.0
outer loop
vertex 31.055 88.074 16.0
vertex 39.276 78.343 16.0
vertex 31.297 78.077 16.0
endloop
endfacet
facet normal 0.0 0.0 -1.0
outer loop
vertex 31.055 88.074 16.0
vertex 38.812 88.333 16.0
vertex 39.276 78.343 16.0
endloop
endfacet
facet normal 0.0 -0.0 -1.0
outer loop
vertex 38.812 88.333 16.0
vertex 46.986 78.802 16.0
vertex 39.276 78.343 16.0
endloop
endfacet
facet normal -0.033370600621346495 0.9994430464084337 0.0
outer loop
vertex 31.055 88.074 16.0
vertex 38.812 88.333 18.0
vertex 38.812 88.333 16.0
endloop
endfacet
facet normal -0.033370600621346495 0.9994430464084337 0.0
outer loop
vertex 31.055 88.074 16.0
vertex 31.055 88.074 18.0
vertex 38.812 88.333 18.0
endloop
endfacet
facet normal -0.05948905007448929 0.9982289581660285 0.0
outer loop
vertex 38.812 88.333 16.0
vertex 38.812 88.333 18.0
vertex 46.212 88.774 18.0
endloop
endfacet
facet normal -0.0 0.0 0.9999999999999999
outer loop
vertex 23.107 87.954 18.0
vertex 23.195 77.954 18.0
vertex 31.055 88.074 18.0
endloop
endfacet
facet normal -0.0 0.0 1.0
outer loop
vertex 31.055 88.074 18.0
vertex 23.195 77.954 18.0
vertex 31.297 78.077 18.0
endloop
endfacet
facet normal 0.05943361301069544 -0.9982317895881506 0.0009694844675842338
outer loop
vertex 39.555 72.349 18.0
vertex 40.432 72.401 17.778
vertex 47.449 72.819 18.0
endloop
endfacet
facet normal -0.0 0.0 1.0
outer loop
vertex 38.812 88.333 18.0
vertex 31.297 78.077 18.0
vertex 39.276 78.343 18.0
endloop
endfacet
facet normal -0.0 0.0 1.0
outer loop
vertex 31.055 88.074 18.0
vertex 31.297 78.077 18.0
vertex 38.812 88.333 18.0
endloop
endfacet
facet normal -0.0 0.0 1.0
outer loop
vertex 38.812 88.333 18.0
vertex 39.276 78.343 18.0
vertex 46.212 88.774 18.0
endloop
endfacet
facet normal -0.02129213290711844 -0.9997732968409717 0.0
outer loop
vertex 24.356 103.602 16.0
vertex 45.251 103.157 16.0
vertex 24.356 103.602 18.0
endloop
endfacet
facet normal 0.0 0.0 -1.0
outer loop
vertex 24.356 103.602 16.0
vertex 24.508 113.601 16.0
vertex 45.251 103.157 16.0
endloop
endfacet
facet normal 0.021318126152227456 0.9997727429257899 -0.0
outer loop
vertex 24.599 119.601 16.0
vertex 24.599 119.601 18.0
vertex 45.703 119.151 18.0
endloop
endfacet
facet normal -0.02129213290711844 -0.9997732968409717 0.0
outer loop
vertex 45.251 103.157 16.0
vertex 45.251 103.157 18.0
vertex 24.356 103.602 18.0
endloop
endfacet
facet normal 0.0 0.0 -1.0
outer loop
vertex 45.251 103.157 16.0
vertex 24.508 113.601 16.0
vertex 45.534 113.153 16.0
endloop
endfacet
facet normal 0.021318126152227456 0.9997727429257899 0.0
outer loop
vertex 45.703 119.151 16.0
vertex 24.599 119.601 16.0
vertex 45.703 119.151 18.0
endloop
endfacet
facet normal 0.0 -0.0 1.0
outer loop
vertex 24.356 103.602 18.0
vertex 45.534 113.153 18.0
vertex 24.508 113.601 18.0
endloop
endfacet
facet normal -0.0 0.0 1.0
outer loop
vertex 24.356 103.602 18.0
vertex 45.251 103.157 18.0
vertex 45.534 113.153 18.0
endloop
endfacet
facet normal -0.37410741612769016 -0.9273853790082435 0.0
outer loop
vertex 42.52 14.094 16.0
vertex 53.343 9.728 16.0
vertex 42.52 14.094 18.0
endloop
endfacet
facet normal -0.7068829919888132 0.7073304995806015 0.0
outer loop
vertex 47.766 -5.22 16.0
vertex 55.669 2.678 18.0
vertex 55.669 2.678 16.0
endloop
endfacet
facet normal -0.37410741612769016 -0.9273853790082435 0.0
outer loop
vertex 53.343 9.728 16.0
vertex 53.343 9.728 18.0
vertex 42.52 14.094 18.0
endloop
endfacet
facet normal 0.0 0.0 -1.0
outer loop
vertex 42.52 14.094 16.0
vertex 45.705 23.592 16.0
vertex 53.343 9.728 16.0
endloop
endfacet
facet normal 0.0 0.0 -1.0
outer loop
vertex 53.343 9.728 16.0
vertex 45.705 23.592 16.0
vertex 57.851 18.693 16.0
endloop
endfacet
facet normal 0.49261238320126566 0.8702488379289968 0.0
outer loop
vertex 53.957 29.313 16.0
vertex 53.079 29.81 16.0
vertex 53.957 29.313 18.0
endloop
endfacet
facet normal 0.4933624340007108 0.8698237290213254 -0.0004349118645127475
outer loop
vertex 53.957 29.313 18.0
vertex 53.079 29.81 16.0
vertex 53.518 29.562 18.0
endloop
endfacet
facet normal 0.0 -0.0 -1.0
outer loop
vertex 53.343 9.728 16.0
vertex 60.815 16.447 16.0
vertex 55.897 7.05 16.0
endloop
endfacet
facet normal 0.0 -0.0 -1.0
outer loop
vertex 55.897 7.05 16.0
vertex 63.507 13.552 16.0
vertex 57.564 4.926 16.0
endloop
endfacet
facet normal 0.0 0.0 -1.0
outer loop
vertex 53.343 9.728 16.0
vertex 59.076 18.034 16.0
vertex 60.815 16.447 16.0
endloop
endfacet
facet normal 0.0 0.0 -1.0
outer loop
vertex 55.669 2.678 16.0
vertex 57.564 4.926 16.0
vertex 69.886 4.028 16.0
endloop
endfacet
facet normal 0.0 -0.0 -1.0
outer loop
vertex 55.669 2.678 16.0
vertex 69.886 4.028 16.0
vertex 63.04 -4.094 16.0
endloop
endfacet
facet normal 0.0 0.0 -1.0
outer loop
vertex 55.897 7.05 16.0
vertex 60.815 16.447 16.0
vertex 63.507 13.552 16.0
endloop
endfacet
facet normal 0.0 0.0 -0.9999999999999999
outer loop
vertex 57.564 4.926 16.0
vertex 63.507 13.552 16.0
vertex 65.913 10.484 16.0
endloop
endfacet
facet normal 0.0 0.0 -0.9999999999999999
outer loop
vertex 57.564 4.926 16.0
vertex 65.913 10.484 16.0
vertex 68.085 7.181 16.0
endloop
endfacet
facet normal -0.7866523689311838 -0.6173961859737689 0.0
outer loop
vertex 55.897 7.05 16.0
vertex 57.564 4.926 16.0
vertex 55.897 7.05 18.0
endloop
endfacet
facet normal -0.764584763283778 0.644523187910481 0.0
outer loop
vertex 55.669 2.678 16.0
vertex 57.564 4.926 18.0
vertex 57.564 4.926 16.0
endloop
endfacet
facet normal -0.764584763283778 0.644523187910481 0.0
outer loop
vertex 55.669 2.678 16.0
vertex 55.669 2.678 18.0
vertex 57.564 4.926 18.0
endloop
endfacet
facet normal -0.7866523689311838 -0.6173961859737689 0.0
outer loop
vertex 57.564 4.926 16.0
vertex 57.564 4.926 18.0
vertex 55.897 7.05 18.0
endloop
endfacet
facet normal -0.7236622145142106 -0.6901543300482788 0.0
outer loop
vertex 53.343 9.728 16.0
vertex 55.897 7.05 16.0
vertex 53.343 9.728 18.0
endloop
endfacet
facet normal -0.7236622145142106 -0.6901543300482788 0.0
outer loop
vertex 55.897 7.05 16.0
vertex 55.897 7.05 18.0
vertex 53.343 9.728 18.0
endloop
endfacet
facet normal 0.0 0.0 -1.0
outer loop
vertex 53.343 9.728 16.0
vertex 57.851 18.693 16.0
vertex 59.076 18.034 16.0
endloop
endfacet
facet normal 0.5519809364753127 0.83385672333981 0.00010348349015199824
outer loop
vertex 57.546 26.937 17.778
vertex 57.995 26.64 16.0
vertex 53.957 29.313 16.0
endloop
endfacet
facet normal 0.5520165840359786 0.8338331313573772 -0.0
outer loop
vertex 53.957 29.313 16.0
vertex 53.957 29.313 18.0
vertex 57.546 26.937 17.778
endloop
endfacet
facet normal 0.5516959119687052 0.8340453349291145 0.0
outer loop
vertex 57.546 26.937 17.778
vertex 57.995 26.64 17.778
vertex 57.995 26.64 16.0
endloop
endfacet
facet normal 0.6131698458521346 0.7899510998395214 0.0
outer loop
vertex 61.686 23.775 16.0
vertex 57.995 26.64 16.0
vertex 61.686 23.775 18.0
endloop
endfacet
facet normal 0.6131698458521346 0.7899510998395214 -0.0
outer loop
vertex 61.686 23.775 18.0
vertex 57.995 26.64 16.0
vertex 57.995 26.64 17.778
endloop
endfacet
facet normal -0.0 0.0 1.0
outer loop
vertex 42.52 14.094 18.0
vertex 53.343 9.728 18.0
vertex 57.851 18.693 18.0
endloop
endfacet
facet normal 0.0 -0.0 1.0
outer loop
vertex 42.52 14.094 18.0
vertex 57.851 18.693 18.0
vertex 45.705 23.592 18.0
endloop
endfacet
facet normal -0.0 -0.0 1.0
outer loop
vertex 55.669 2.678 18.0
vertex 63.04 -4.094 18.0
vertex 57.564 4.926 18.0
endloop
endfacet
facet normal -0.0 0.0 1.0
outer loop
vertex 53.343 9.728 18.0
vertex 55.897 7.05 18.0
vertex 63.507 13.552 18.0
endloop
endfacet
facet normal 0.0 -0.0 1.0
outer loop
vertex 53.343 9.728 18.0
vertex 60.815 16.447 18.0
vertex 59.076 18.034 18.0
endloop
endfacet
facet normal -0.0 0.0 1.0
outer loop
vertex 55.897 7.05 18.0
vertex 57.564 4.926 18.0
vertex 65.913 10.484 18.0
endloop
endfacet
facet normal -0.0 0.0 1.0
outer loop
vertex 57.564 4.926 18.0
vertex 63.04 -4.094 18.0
vertex 69.886 4.028 18.0
endloop
endfacet
facet normal 0.0 -0.0 1.0
outer loop
vertex 55.897 7.05 18.0
vertex 65.913 10.484 18.0
vertex 63.507 13.552 18.0
endloop
endfacet
facet normal 0.0 -0.0 1.0
outer loop
vertex 53.343 9.728 18.0
vertex 63.507 13.552 18.0
vertex 60.815 16.447 18.0
endloop
endfacet
facet normal 0.0 -0.0 1.0
outer loop
vertex 57.564 4.926 18.0
vertex 68.085 7.181 18.0
vertex 65.913 10.484 18.0
endloop
endfacet
facet normal 0.0 -0.0 1.0
outer loop
vertex 53.343 9.728 18.0
vertex 59.076 18.034 18.0
vertex 57.851 18.693 18.0
endloop
endfacet
facet normal 0.5519807498503913 0.8338564414125998 -0.0008287999246930307
outer loop
vertex 57.546 26.937 17.778
vertex 53.957 29.313 18.0
vertex 57.995 26.64 18.0
endloop
endfacet
facet normal 0.6131698458521346 0.7899510998395215 -0.0
outer loop
vertex 61.686 23.775 18.0
vertex 57.995 26.64 17.778
vertex 57.995 26.64 18.0
endloop
endfacet
facet normal 0.38117519558625923 0.9245028232892408 0.0
outer loop
vertex 44.803 34.098 16.0
vertex 39.666 36.216 16.0
vertex 44.803 34.098 18.0
endloop
endfacet
facet normal 0.43499234365839107 0.9004341513728698 0.0
outer loop
vertex 49.564 31.798 16.0
vertex 44.803 34.098 16.0
vertex 49.564 31.798 18.0
endloop
endfacet
facet normal 0.43499234365839107 0.9004341513728698 -0.0
outer loop
vertex 44.803 34.098 16.0
vertex 44.803 34.098 18.0
vertex 49.564 31.798 18.0
endloop
endfacet
facet normal 0.0 0.0 -1.0
outer loop
vertex 57.564 4.926 16.0
vertex 68.085 7.181 16.0
vertex 69.886 4.028 16.0
endloop
endfacet
facet normal 0.8355023706423089 0.5494868411992064 0.0
outer loop
vertex 73.202 10.321 16.0
vertex 70.789 13.99 16.0
vertex 73.202 10.321 18.0
endloop
endfacet
facet normal 0.8355023706423089 0.5494868411992064 -0.0
outer loop
vertex 70.789 13.99 16.0
vertex 70.789 13.99 18.0
vertex 73.202 10.321 18.0
endloop
endfacet
facet normal 0.7323612759805364 0.6809162661033737 0.0
outer loop
vertex 68.073 17.453 16.0
vertex 65.042 20.713 16.0
vertex 68.073 17.453 18.0
endloop
endfacet
facet normal 0.7868620712094055 0.6171289013585771 0.0
outer loop
vertex 70.789 13.99 16.0
vertex 68.073 17.453 16.0
vertex 70.789 13.99 18.0
endloop
endfacet
facet normal 0.7323612759805364 0.6809162661033737 -0.0
outer loop
vertex 65.042 20.713 16.0
vertex 65.042 20.713 18.0
vertex 68.073 17.453 18.0
endloop
endfacet
facet normal 0.7868620712094055 0.6171289013585771 -0.0
outer loop
vertex 68.073 17.453 16.0
vertex 68.073 17.453 18.0
vertex 70.789 13.99 18.0
endloop
endfacet
facet normal 0.8826144937329855 0.47009749568835785 0.0
outer loop
vertex 77.799 1.996 16.0
vertex 75.611 6.104 16.0
vertex 77.799 1.996 18.0
endloop
endfacet
facet normal 0.8826144937329855 0.47009749568835785 -0.0
outer loop
vertex 75.611 6.104 16.0
vertex 75.611 6.104 18.0
vertex 77.799 1.996 18.0
endloop
endfacet
facet normal -0.0 -0.0 1.0
outer loop
vertex 57.564 4.926 18.0
vertex 69.886 4.028 18.0
vertex 68.085 7.181 18.0
endloop
endfacet
facet normal 0.05946420454599514 -0.9982304385149313 0.0
outer loop
vertex 40.432 72.401 17.778
vertex 47.449 72.819 16.0
vertex 47.449 72.819 18.0
endloop
endfacet
facet normal 0.09511413405239805 -0.9954663738687822 0.0
outer loop
vertex 47.449 72.819 18.0
vertex 47.449 72.819 16.0
vertex 54.995 73.54 16.0
endloop
endfacet
facet normal 0.09511413405239805 -0.9954663738687822 0.0
outer loop
vertex 47.449 72.819 18.0
vertex 54.995 73.54 16.0
vertex 54.995 73.54 18.0
endloop
endfacet
facet normal 0.0 0.0 -1.0
outer loop
vertex 38.812 88.333 16.0
vertex 46.212 88.774 16.0
vertex 46.986 78.802 16.0
endloop
endfacet
facet normal 0.0 -0.0 -1.0
outer loop
vertex 46.212 88.774 16.0
vertex 54.278 79.499 16.0
vertex 46.986 78.802 16.0
endloop
endfacet
facet normal 0.0 0.0 -1.0
outer loop
vertex 46.212 88.774 16.0
vertex 53.083 89.431 16.0
vertex 54.278 79.499 16.0
endloop
endfacet
facet normal -0.05948905007448929 0.9982289581660285 0.0
outer loop
vertex 38.812 88.333 16.0
vertex 46.212 88.774 18.0
vertex 46.212 88.774 16.0
endloop
endfacet
facet normal -0.09518511860401875 0.9954595889318354 0.0
outer loop
vertex 46.212 88.774 16.0
vertex 53.083 89.431 18.0
vertex 53.083 89.431 16.0
endloop
endfacet
facet normal -0.09518511860401875 0.9954595889318354 0.0
outer loop
vertex 46.212 88.774 16.0
vertex 46.212 88.774 18.0
vertex 53.083 89.431 18.0
endloop
endfacet
facet normal 0.1437552342362311 -0.9896132742792441 0.0
outer loop
vertex 54.995 73.54 16.0
vertex 62.058 74.566 16.0
vertex 54.995 73.54 18.0
endloop
endfacet
facet normal 0.1437552342362311 -0.9896132742792441 0.0
outer loop
vertex 54.995 73.54 18.0
vertex 62.058 74.566 16.0
vertex 62.058 74.566 18.0
endloop
endfacet
facet normal 0.0 -0.0 -1.0
outer loop
vertex 53.083 89.431 16.0
vertex 60.998 80.475 16.0
vertex 54.278 79.499 16.0
endloop
endfacet
facet normal 0.0 0.0 -1.0
outer loop
vertex 53.083 89.431 16.0
vertex 59.23 90.323 16.0
vertex 60.998 80.475 16.0
endloop
endfacet
facet normal 0.0 -0.0 -1.0
outer loop
vertex 59.23 90.323 16.0
vertex 66.976 81.756 16.0
vertex 60.998 80.475 16.0
endloop
endfacet
facet normal 0.0 0.0 -1.0
outer loop
vertex 59.23 90.323 16.0
vertex 63.234 91.181 16.0
vertex 66.976 81.756 16.0
endloop
endfacet
facet normal -0.14360732009801214 0.9896347495991978 0.0
outer loop
vertex 53.083 89.431 16.0
vertex 53.083 89.431 18.0
vertex 59.23 90.323 18.0
endloop
endfacet
facet normal -0.0 0.0 1.0
outer loop
vertex 46.212 88.774 18.0
vertex 39.276 78.343 18.0
vertex 46.986 78.802 18.0
endloop
endfacet
facet normal -0.0 0.0 1.0
outer loop
vertex 46.212 88.774 18.0
vertex 46.986 78.802 18.0
vertex 53.083 89.431 18.0
endloop
endfacet
facet normal -0.0 0.0 1.0
outer loop
vertex 53.083 89.431 18.0
vertex 46.986 78.802 18.0
vertex 54.278 79.499 18.0
endloop
endfacet
facet normal -0.0 0.0 1.0
outer loop
vertex 53.083 89.431 18.0
vertex 54.278 79.499 18.0
vertex 59.23 90.323 18.0
endloop
endfacet
facet normal -0.0 0.0 1.0
outer loop
vertex 59.23 90.323 18.0
vertex 54.278 79.499 18.0
vertex 60.998 80.475 18.0
endloop
endfacet
facet normal -0.0 0.0 1.0
outer loop
vertex 59.23 90.323 18.0
vertex 60.998 80.475 18.0
vertex 63.234 91.181 18.0
endloop
endfacet
facet normal -0.0 0.0 1.0
outer loop
vertex 63.234 91.181 18.0
vertex 60.998 80.475 18.0
vertex 66.976 81.756 18.0
endloop
endfacet
facet normal -0.035160460201330804 -0.9993816798593173 0.0
outer loop
vertex 45.251 103.157 16.0
vertex 53.977 102.85 16.0
vertex 45.251 103.157 18.0
endloop
endfacet
facet normal -0.035160460201330804 -0.9993816798593173 0.0
outer loop
vertex 53.977 102.85 16.0
vertex 53.977 102.85 18.0
vertex 45.251 103.157 18.0
endloop
endfacet
facet normal 0.0 0.0 -1.0
outer loop
vertex 45.251 103.157 16.0
vertex 45.534 113.153 16.0
vertex 53.977 102.85 16.0
endloop
endfacet
facet normal 0.0 0.0 -1.0
outer loop
vertex 53.977 102.85 16.0
vertex 45.534 113.153 16.0
vertex 54.407 112.841 16.0
endloop
endfacet
facet normal 0.03523808824433153 0.9993789457142295 -0.0
outer loop
vertex 54.665 118.835 18.0
vertex 45.703 119.151 16.0
vertex 45.703 119.151 18.0
endloop
endfacet
facet normal -0.14360732009801214 0.9896347495991978 0.0
outer loop
vertex 53.083 89.431 16.0
vertex 59.23 90.323 18.0
vertex 59.23 90.323 16.0
endloop
endfacet
facet normal -0.05081920574192633 -0.9987078693630884 0.0
outer loop
vertex 53.977 102.85 16.0
vertex 61.209 102.482 16.0
vertex 53.977 102.85 18.0
endloop
endfacet
facet normal -0.05081920574192633 -0.9987078693630884 0.0
outer loop
vertex 61.209 102.482 16.0
vertex 61.209 102.482 18.0
vertex 53.977 102.85 18.0
endloop
endfacet
facet normal -0.20952908873087417 0.9778024140774093 0.0
outer loop
vertex 59.23 90.323 16.0
vertex 63.234 91.181 18.0
vertex 63.234 91.181 16.0
endloop
endfacet
facet normal -0.9857709885307745 0.168093896888196 0.0
outer loop
vertex 63.234 91.181 16.0
vertex 63.883 94.987 18.0
vertex 63.883 94.987 16.0
endloop
endfacet
facet normal -0.9972575016803147 0.07400996785796439 0.0
outer loop
vertex 63.883 94.987 16.0
vertex 64.159 98.706 18.0
vertex 64.159 98.706 16.0
endloop
endfacet
facet normal -0.20952908873087417 0.9778024140774093 0.0
outer loop
vertex 59.23 90.323 16.0
vertex 59.23 90.323 18.0
vertex 63.234 91.181 18.0
endloop
endfacet
facet normal -0.9857709885307745 0.168093896888196 0.0
outer loop
vertex 63.234 91.181 16.0
vertex 63.234 91.181 18.0
vertex 63.883 94.987 18.0
endloop
endfacet
facet normal -0.9972575016803147 0.07400996785796439 0.0
outer loop
vertex 63.883 94.987 16.0
vertex 63.883 94.987 18.0
vertex 64.159 98.706 18.0
endloop
endfacet
facet normal -0.9998045515536436 0.019770146499646438 0.0
outer loop
vertex 64.159 98.706 16.0
vertex 64.229 102.246 18.0
vertex 64.229 102.246 16.0
endloop
endfacet
facet normal -0.07790817457132462 -0.9969605390059145 0.0
outer loop
vertex 61.209 102.482 16.0
vertex 64.229 102.246 16.0
vertex 61.209 102.482 18.0
endloop
endfacet
facet normal -0.9998045515536436 0.019770146499646438 0.0
outer loop
vertex 64.159 98.706 16.0
vertex 64.159 98.706 18.0
vertex 64.229 102.246 18.0
endloop
endfacet
facet normal -0.07790817457132462 -0.9969605390059145 0.0
outer loop
vertex 64.229 102.246 16.0
vertex 64.229 102.246 18.0
vertex 61.209 102.482 18.0
endloop
endfacet
facet normal 0.0 0.0 -1.0
outer loop
vertex 53.977 102.85 16.0
vertex 54.407 112.841 16.0
vertex 61.209 102.482 16.0
endloop
endfacet
facet normal 0.0 0.0 -1.0
outer loop
vertex 61.209 102.482 16.0
vertex 54.407 112.841 16.0
vertex 61.852 112.462 16.0
endloop
endfacet
facet normal 0.0 0.0 -0.9999999999999999
outer loop
vertex 61.209 102.482 16.0
vertex 61.852 112.462 16.0
vertex 64.229 102.246 16.0
endloop
endfacet
facet normal 0.0 0.0 -0.9999999999999999
outer loop
vertex 64.229 102.246 16.0
vertex 61.852 112.462 16.0
vertex 67.393 112.03 16.0
endloop
endfacet
facet normal 0.050779622934129354 0.9987098827460694 -0.0
outer loop
vertex 54.665 118.835 16.0
vertex 54.665 118.835 18.0
vertex 62.237 118.45 18.0
endloop
endfacet
facet normal 0.050779622934129354 0.9987098827460694 0.0
outer loop
vertex 54.665 118.835 16.0
vertex 62.237 118.45 18.0
vertex 62.237 118.45 16.0
endloop
endfacet
facet normal 0.07763452406095102 0.9969818858303444 -0.0
outer loop
vertex 68.17 117.988 18.0
vertex 62.237 118.45 16.0
vertex 62.237 118.45 18.0
endloop
endfacet
facet normal 0.0 -0.0 1.0
outer loop
vertex 45.251 103.157 18.0
vertex 54.407 112.841 18.0
vertex 45.534 113.153 18.0
endloop
endfacet
facet normal -0.0 0.0 1.0
outer loop
vertex 45.251 103.157 18.0
vertex 53.977 102.85 18.0
vertex 54.407 112.841 18.0
endloop
endfacet
facet normal -0.0 0.0 0.9999999999999999
outer loop
vertex 53.977 102.85 18.0
vertex 61.209 102.482 18.0
vertex 61.852 112.462 18.0
endloop
endfacet
facet normal 0.0 -0.0 1.0
outer loop
vertex 53.977 102.85 18.0
vertex 61.852 112.462 18.0
vertex 54.407 112.841 18.0
endloop
endfacet
facet normal -0.0 0.0 1.0
outer loop
vertex 61.209 102.482 18.0
vertex 64.229 102.246 18.0
vertex 67.393 112.03 18.0
endloop
endfacet
facet normal 0.0 -0.0 0.9999999999999999
outer loop
vertex 61.209 102.482 18.0
vertex 67.393 112.03 18.0
vertex 61.852 112.462 18.0
endloop
endfacet
facet normal 0.0 -0.0 -1.0
outer loop
vertex 63.234 91.181 16.0
vertex 70.524 82.87 16.0
vertex 66.976 81.756 16.0
endloop
endfacet
facet normal 0.0 -0.0 -1.0
outer loop
vertex 63.234 91.181 16.0
vertex 71.121 83.86 16.0
vertex 70.524 82.87 16.0
endloop
endfacet
facet normal 0.0 -0.0 -1.0
outer loop
vertex 63.234 91.181 16.0
vertex 71.765 85.191 16.0
vertex 71.121 83.86 16.0
endloop
endfacet
facet normal 0.0 -0.0 -0.9999999999999999
outer loop
vertex 63.234 91.181 16.0
vertex 72.332 86.663 16.0
vertex 71.765 85.191 16.0
endloop
endfacet
facet normal 0.0 -0.0 -1.0
outer loop
vertex 63.234 91.181 16.0
vertex 72.823 88.275 16.0
vertex 72.332 86.663 16.0
endloop
endfacet
facet normal 0.0 -0.0 -1.0
outer loop
vertex 63.234 91.181 16.0
vertex 73.236 90.025 16.0
vertex 72.823 88.275 16.0
endloop
endfacet
facet normal 0.20961969028653635 -0.9777829857036597 0.0001353241038524767
outer loop
vertex 63.348 74.842 16.0
vertex 68.507 75.948 16.0
vertex 62.703 74.704 18.0
endloop
endfacet
facet normal 0.20957510922704703 -0.9777925514097923 0.0
outer loop
vertex 68.507 75.948 16.0
vertex 68.507 75.948 18.0
vertex 62.703 74.704 18.0
endloop
endfacet
facet normal 0.29954917646445955 -0.9540808616301647 -1.872182352867293e-05
outer loop
vertex 69.647 76.306 16.0
vertex 74.208 77.738 16.0
vertex 69.077 76.127 18.0
endloop
endfacet
facet normal 0.8007944848128022 -0.5989392232049915 0.0
outer loop
vertex 74.208 77.738 16.0
vertex 75.383 79.309 16.0
vertex 74.208 77.738 18.0
endloop
endfacet
facet normal 0.29955581922359137 -0.9540787761863708 0.0
outer loop
vertex 74.208 77.738 16.0
vertex 74.208 77.738 18.0
vertex 69.077 76.127 18.0
endloop
endfacet
facet normal 0.8007944848128022 -0.5989392232049915 0.0
outer loop
vertex 75.383 79.309 18.0
vertex 74.208 77.738 18.0
vertex 75.383 79.309 16.0
endloop
endfacet
facet normal 0.8563731159697352 -0.5163575178539443 0.0
outer loop
vertex 75.383 79.309 16.0
vertex 76.402 80.999 16.0
vertex 75.383 79.309 18.0
endloop
endfacet
facet normal 0.9001466154610978 -0.43558704144399235 0.0
outer loop
vertex 76.402 80.999 16.0
vertex 77.274 82.801 16.0
vertex 76.402 80.999 18.0
endloop
endfacet
facet normal 0.8563731159697352 -0.5163575178539443 0.0
outer loop
vertex 75.383 79.309 18.0
vertex 76.402 80.999 16.0
vertex 76.402 80.999 18.0
endloop
endfacet
facet normal 0.9001466154610978 -0.43558704144399235 0.0
outer loop
vertex 76.402 80.999 18.0
vertex 77.274 82.801 16.0
vertex 77.274 82.801 18.0
endloop
endfacet
facet normal 0.932966335991829 -0.3599633894771758 0.0004173033486059893
outer loop
vertex 77.274 82.801 16.0
vertex 77.421 83.182 16.0
vertex 77.355 83.013 17.778
endloop
endfacet
facet normal 0.956702766087615 -0.29106667696431004 -8.319411187331571e-05
outer loop
vertex 78.077 84.93 17.778
vertex 78.009 84.707 16.0
vertex 78.619 86.712 16.0
endloop
endfacet
facet normal 0.9732035118030552 -0.22994545982937187 -0.00010058856510717483
outer loop
vertex 78.619 86.712 16.0
vertex 78.718 87.131 16.0
vertex 78.674 86.944 17.778
endloop
endfacet
facet normal 0.9328906712214766 -0.360159680625057 0.0
outer loop
vertex 77.355 83.013 17.778
vertex 78.009 84.707 16.0
vertex 78.009 84.707 17.778
endloop
endfacet
facet normal 0.9565179031243011 -0.29167362068361685 0.0
outer loop
vertex 78.077 84.93 17.778
vertex 78.009 84.707 17.778
vertex 78.009 84.707 16.0
endloop
endfacet
facet normal 0.9341382709697507 -0.3569113205120354 0.0
outer loop
vertex 77.274 82.801 16.0
vertex 77.355 83.013 17.778
vertex 77.274 82.801 18.0
endloop
endfacet
facet normal 0.9567258815285771 -0.2909907002180086 0.0
outer loop
vertex 78.619 86.712 16.0
vertex 78.619 86.712 18.0
vertex 78.077 84.93 17.778
endloop
endfacet
facet normal 0.973341744444627 -0.22935964885195087 0.0
outer loop
vertex 78.674 86.944 17.778
vertex 79.113 88.807 16.0
vertex 79.113 88.807 17.778
endloop
endfacet
facet normal 0.9843576976196683 -0.17618150622839415 0.0
outer loop
vertex 79.503 90.986 17.778
vertex 79.113 88.807 17.778
vertex 79.113 88.807 16.0
endloop
endfacet
facet normal 0.973030760932762 -0.23067539591081337 0.0
outer loop
vertex 78.619 86.712 16.0
vertex 78.674 86.944 17.778
vertex 78.619 86.712 18.0
endloop
endfacet
facet normal -0.0 0.0 1.0
outer loop
vertex 63.234 91.181 18.0
vertex 66.976 81.756 18.0
vertex 70.524 82.87 18.0
endloop
endfacet
facet normal -0.0 0.0 1.0
outer loop
vertex 63.234 91.181 18.0
vertex 70.524 82.87 18.0
vertex 71.121 83.86 18.0
endloop
endfacet
facet normal -0.0 0.0 1.0
outer loop
vertex 63.234 91.181 18.0
vertex 71.121 83.86 18.0
vertex 71.765 85.191 18.0
endloop
endfacet
facet normal -0.0 0.0 0.9999999999999999
outer loop
vertex 63.234 91.181 18.0
vertex 71.765 85.191 18.0
vertex 72.332 86.663 18.0
endloop
endfacet
facet normal -0.0 0.0 1.0
outer loop
vertex 63.234 91.181 18.0
vertex 72.332 86.663 18.0
vertex 72.823 88.275 18.0
endloop
endfacet
facet normal -0.0 0.0 1.0
outer loop
vertex 63.234 91.181 18.0
vertex 72.823 88.275 18.0
vertex 73.236 90.025 18.0
endloop
endfacet
facet normal 0.9328906712214765 -0.3601596806250569 0.0
outer loop
vertex 77.355 83.013 17.778
vertex 78.009 84.707 17.778
vertex 78.009 84.707 18.0
endloop
endfacet
facet normal 0.9330251675182113 -0.3597972183241803 -0.003162034755628119
outer loop
vertex 77.274 82.801 18.0
vertex 77.355 83.013 17.778
vertex 78.009 84.707 18.0
endloop
endfacet
facet normal 0.9566794769540733 -0.29114026211074945 0.001313831406509828
outer loop
vertex 78.077 84.93 17.778
vertex 78.619 86.712 18.0
vertex 78.07 84.908 18.0
endloop
endfacet
facet normal 0.9733065726455756 -0.22950522524435052 0.0012912127874960683
outer loop
vertex 78.619 86.712 18.0
vertex 78.674 86.944 17.778
vertex 79.113 88.807 18.0
endloop
endfacet
facet normal 0.9733417444446271 -0.22935964885195087 0.0
outer loop
vertex 78.674 86.944 17.778
vertex 79.113 88.807 17.778
vertex 79.113 88.807 18.0
endloop
endfacet
facet normal 0.0 0.0 -0.9999999999999999
outer loop
vertex 63.234 91.181 16.0
vertex 63.883 94.987 16.0
vertex 73.827 93.853 16.0
endloop
endfacet
facet normal 0.0 0.0 -1.0
outer loop
vertex 63.883 94.987 16.0
vertex 64.159 98.706 16.0
vertex 74.152 98.237 16.0
endloop
endfacet
facet normal 0.0 0.0 -1.0
outer loop
vertex 64.159 98.706 16.0
vertex 64.229 102.246 16.0
vertex 74.243 102.826 16.0
endloop
endfacet
facet normal 0.0 -0.0 -1.0
outer loop
vertex 63.234 91.181 16.0
vertex 73.827 93.853 16.0
vertex 73.236 90.025 16.0
endloop
endfacet
facet normal 0.0 -0.0 -1.0
outer loop
vertex 63.883 94.987 16.0
vertex 74.152 98.237 16.0
vertex 73.827 93.853 16.0
endloop
endfacet
facet normal 0.0 -0.0 -1.0
outer loop
vertex 64.159 98.706 16.0
vertex 74.243 102.826 16.0
vertex 74.152 98.237 16.0
endloop
endfacet
facet normal 0.0 0.0 -1.0
outer loop
vertex 64.229 102.246 16.0
vertex 74.178 104.335 16.0
vertex 74.243 102.826 16.0
endloop
endfacet
facet normal 0.0 0.0 -1.0
outer loop
vertex 64.229 102.246 16.0
vertex 74.003 105.644 16.0
vertex 74.178 104.335 16.0
endloop
endfacet
facet normal 0.0 0.0 -1.0
outer loop
vertex 64.229 102.246 16.0
vertex 73.727 106.807 16.0
vertex 74.003 105.644 16.0
endloop
endfacet
facet normal 0.0 0.0 -1.0
outer loop
vertex 64.229 102.246 16.0
vertex 67.393 112.03 16.0
vertex 68.651 111.799 16.0
endloop
endfacet
facet normal 0.0 0.0 -1.0
outer loop
vertex 64.229 102.246 16.0
vertex 68.651 111.799 16.0
vertex 69.683 111.474 16.0
endloop
endfacet
facet normal 0.0 0.0 -1.0
outer loop
vertex 64.229 102.246 16.0
vertex 69.683 111.474 16.0
vertex 70.545 111.073 16.0
endloop
endfacet
facet normal 0.0 0.0 -1.0
outer loop
vertex 64.229 102.246 16.0
vertex 72.447 109.433 16.0
vertex 72.937 108.693 16.0
endloop
endfacet
facet normal 0.0 0.0 -1.0
outer loop
vertex 64.229 102.246 16.0
vertex 71.27 110.604 16.0
vertex 71.896 110.063 16.0
endloop
endfacet
facet normal 0.0 0.0 -1.0
outer loop
vertex 64.229 102.246 16.0
vertex 70.545 111.073 16.0
vertex 71.27 110.604 16.0
endloop
endfacet
facet normal 0.0 0.0 -1.0
outer loop
vertex 64.229 102.246 16.0
vertex 71.896 110.063 16.0
vertex 72.447 109.433 16.0
endloop
endfacet
facet normal 0.0 0.0 -1.0
outer loop
vertex 64.229 102.246 16.0
vertex 73.367 107.822 16.0
vertex 73.727 106.807 16.0
endloop
endfacet
facet normal 0.0 0.0 -1.0
outer loop
vertex 64.229 102.246 16.0
vertex 72.937 108.693 16.0
vertex 73.367 107.822 16.0
endloop
endfacet
facet normal 0.07763452406095102 0.9969818858303444 0.0
outer loop
vertex 68.17 117.988 16.0
vertex 62.237 118.45 16.0
vertex 68.17 117.988 18.0
endloop
endfacet
facet normal 0.1809937317681777 0.9834842495234121 0.0
outer loop
vertex 70.099 117.633 16.0
vertex 68.17 117.988 16.0
vertex 70.099 117.633 18.0
endloop
endfacet
facet normal 0.1809937317681777 0.9834842495234121 0.0
outer loop
vertex 68.17 117.988 18.0
vertex 70.099 117.633 18.0
vertex 68.17 117.988 16.0
endloop
endfacet
facet normal 0.3000942085589712 0.9539095690836552 0.0
outer loop
vertex 71.86 117.079 16.0
vertex 70.099 117.633 16.0
vertex 71.86 117.079 18.0
endloop
endfacet
facet normal 0.5425427519384445 0.840028191383515 0.0
outer loop
vertex 73.453 116.337 16.0
vertex 74.879 115.416 18.0
vertex 74.879 115.416 16.0
endloop
endfacet
facet normal 0.4225738742562065 0.9063284777818397 -0.00010563026477835105
outer loop
vertex 73.134 116.485 16.0
vertex 71.86 117.079 16.0
vertex 73.276 116.419 17.778
endloop
endfacet
facet normal 0.3000942085589712 0.9539095690836552 -0.0
outer loop
vertex 70.099 117.633 16.0
vertex 70.099 117.633 18.0
vertex 71.86 117.079 18.0
endloop
endfacet
facet normal 0.42246491722917745 0.9063792769644198 -0.0
outer loop
vertex 71.86 117.079 16.0
vertex 71.86 117.079 18.0
vertex 73.276 116.419 17.778
endloop
endfacet
facet normal 0.5425427519384445 0.840028191383515 -0.0
outer loop
vertex 73.453 116.337 16.0
vertex 73.453 116.337 18.0
vertex 74.879 115.416 18.0
endloop
endfacet
facet normal 0.65444949827168 0.7561057162936584 -0.0
outer loop
vertex 76.136 114.328 18.0
vertex 74.879 115.416 16.0
vertex 74.879 115.416 18.0
endloop
endfacet
facet normal 0.9843576976196683 -0.17618150622839415 0.0
outer loop
vertex 79.503 90.986 17.778
vertex 79.113 88.807 16.0
vertex 79.503 90.986 16.0
endloop
endfacet
facet normal 0.9915586951352447 -0.12965860596848353 0.0
outer loop
vertex 79.503 90.986 16.0
vertex 79.798 93.242 16.0
vertex 79.503 90.986 17.778
endloop
endfacet
facet normal 0.9972706398494356 -0.07383272238172611 0.0
outer loop
vertex 79.798 93.242 16.0
vertex 80.147 97.956 16.0
vertex 79.798 93.242 18.0
endloop
endfacet
facet normal 0.9915586951352449 -0.12965860596848355 0.0
outer loop
vertex 79.503 90.986 18.0
vertex 79.503 90.986 17.778
vertex 79.798 93.242 16.0
endloop
endfacet
facet normal 0.991558695135245 -0.12965860596848358 0.0
outer loop
vertex 79.503 90.986 18.0
vertex 79.798 93.242 16.0
vertex 79.798 93.242 18.0
endloop
endfacet
facet normal 0.9972706398494356 -0.07383272238172611 0.0
outer loop
vertex 79.798 93.242 18.0
vertex 80.147 97.956 16.0
vertex 80.147 97.956 18.0
endloop
endfacet
facet normal 0.9998031244806123 -0.019842184325455436 0.0
outer loop
vertex 80.245 102.894 16.0
vertex 80.147 97.956 18.0
vertex 80.147 97.956 16.0
endloop
endfacet
facet normal 0.9990912491461241 0.04262248091837372 0.0
outer loop
vertex 80.245 102.894 16.0
vertex 80.161 104.863 16.0
vertex 80.245 102.894 18.0
endloop
endfacet
facet normal 0.9998031244806123 -0.019842184325455436 0.0
outer loop
vertex 80.245 102.894 16.0
vertex 80.245 102.894 18.0
vertex 80.147 97.956 18.0
endloop
endfacet
facet normal 0.9990912491461241 0.04262248091837372 -0.0
outer loop
vertex 80.245 102.894 18.0
vertex 80.161 104.863 16.0
vertex 80.161 104.863 18.0
endloop
endfacet
facet normal 0.8334293931846294 0.552625955394696 0.0
outer loop
vertex 78.149 111.69 16.0
vertex 77.226 113.082 16.0
vertex 78.149 111.69 18.0
endloop
endfacet
facet normal 0.991149199827392 0.13275264095874106 0.0
outer loop
vertex 80.161 104.863 16.0
vertex 79.91 106.737 16.0
vertex 80.161 104.863 18.0
endloop
endfacet
facet normal 0.9729828754005291 0.23087729246792177 0.0
outer loop
vertex 79.91 106.737 16.0
vertex 79.49 108.507 16.0
vertex 79.91 106.737 18.0
endloop
endfacet
facet normal 0.9425290974595271 0.33412407158618557 -7.231043340197383e-05
outer loop
vertex 79.373 108.838 16.0
vertex 78.904 110.161 16.0
vertex 79.432 108.672 18.0
endloop
endfacet
facet normal 0.896759369229614 0.4425185122668938 0.0
outer loop
vertex 78.904 110.161 16.0
vertex 78.753 110.467 16.0
vertex 78.904 110.161 18.0
endloop
endfacet
facet normal 0.991149199827392 0.13275264095874106 -0.0
outer loop
vertex 80.161 104.863 18.0
vertex 79.91 106.737 16.0
vertex 79.91 106.737 18.0
endloop
endfacet
facet normal 0.9729828754005291 0.23087729246792177 -0.0
outer loop
vertex 79.91 106.737 18.0
vertex 79.49 108.507 16.0
vertex 79.49 108.507 18.0
endloop
endfacet
facet normal 0.9424985098324644 0.3342103513710848 -0.0
outer loop
vertex 78.904 110.161 16.0
vertex 78.904 110.161 18.0
vertex 79.432 108.672 18.0
endloop
endfacet
facet normal 0.8955947487272894 0.44487059413903157 0.0004477973743625737
outer loop
vertex 78.904 110.161 18.0
vertex 78.753 110.467 16.0
vertex 78.828 110.314 18.0
endloop
endfacet
facet normal 0.65444949827168 0.7561057162936584 0.0
outer loop
vertex 76.136 114.328 16.0
vertex 74.879 115.416 16.0
vertex 76.136 114.328 18.0
endloop
endfacet
facet normal 0.752389482784733 0.658718503000274 0.0
outer loop
vertex 77.226 113.082 16.0
vertex 77.008 113.331 16.0
vertex 77.226 113.082 18.0
endloop
endfacet
facet normal 0.7536961038370185 0.6572230025458479 -0.00032861150127517233
outer loop
vertex 77.226 113.082 18.0
vertex 77.008 113.331 16.0
vertex 77.117 113.207 18.0
endloop
endfacet
facet normal 0.8334293931846294 0.552625955394696 -0.0
outer loop
vertex 77.226 113.082 16.0
vertex 77.226 113.082 18.0
vertex 78.149 111.69 18.0
endloop
endfacet
facet normal -0.0 -0.0 1.0
outer loop
vertex 63.234 91.181 18.0
vertex 73.236 90.025 18.0
vertex 63.883 94.987 18.0
endloop
endfacet
facet normal -0.0 -0.0 1.0
outer loop
vertex 63.883 94.987 18.0
vertex 73.827 93.853 18.0
vertex 64.159 98.706 18.0
endloop
endfacet
facet normal -0.0 -0.0 0.9999999999999999
outer loop
vertex 64.159 98.706 18.0
vertex 74.152 98.237 18.0
vertex 64.229 102.246 18.0
endloop
endfacet
facet normal -0.0 0.0 1.0
outer loop
vertex 63.883 94.987 18.0
vertex 73.236 90.025 18.0
vertex 73.827 93.853 18.0
endloop
endfacet
facet normal -0.0 0.0 1.0
outer loop
vertex 64.159 98.706 18.0
vertex 73.827 93.853 18.0
vertex 74.152 98.237 18.0
endloop
endfacet
facet normal -0.0 0.0 1.0
outer loop
vertex 64.229 102.246 18.0
vertex 74.152 98.237 18.0
vertex 74.243 102.826 18.0
endloop
endfacet
facet normal 0.0 -0.0 1.0
outer loop
vertex 64.229 102.246 18.0
vertex 74.243 102.826 18.0
vertex 74.178 104.335 18.0
endloop
endfacet
facet normal 0.0 -0.0 1.0
outer loop
vertex 64.229 102.246 18.0
vertex 74.178 104.335 18.0
vertex 74.003 105.644 18.0
endloop
endfacet
facet normal 0.0 -0.0 1.0
outer loop
vertex 64.229 102.246 18.0
vertex 74.003 105.644 18.0
vertex 73.727 106.807 18.0
endloop
endfacet
facet normal 0.0 -0.0 1.0
outer loop
vertex 64.229 102.246 18.0
vertex 68.651 111.799 18.0
vertex 67.393 112.03 18.0
endloop
endfacet
facet normal 0.0 -0.0 1.0
outer loop
vertex 64.229 102.246 18.0
vertex 69.683 111.474 18.0
vertex 68.651 111.799 18.0
endloop
endfacet
facet normal 0.0 -0.0 1.0
outer loop
vertex 64.229 102.246 18.0
vertex 70.545 111.073 18.0
vertex 69.683 111.474 18.0
endloop
endfacet
facet normal 0.0 -0.0 1.0
outer loop
vertex 64.229 102.246 18.0
vertex 72.937 108.693 18.0
vertex 72.447 109.433 18.0
endloop
endfacet
facet normal 0.0 -0.0 1.0
outer loop
vertex 64.229 102.246 18.0
vertex 71.896 110.063 18.0
vertex 71.27 110.604 18.0
endloop
endfacet
facet normal 0.0 -0.0 1.0
outer loop
vertex 64.229 102.246 18.0
vertex 71.27 110.604 18.0
vertex 70.545 111.073 18.0
endloop
endfacet
facet normal 0.0 -0.0 1.0
outer loop
vertex 64.229 102.246 18.0
vertex 72.447 109.433 18.0
vertex 71.896 110.063 18.0
endloop
endfacet
facet normal 0.0 -0.0 1.0
outer loop
vertex 64.229 102.246 18.0
vertex 73.727 106.807 18.0
vertex 73.367 107.822 18.0
endloop
endfacet
facet normal 0.0 -0.0 1.0
outer loop
vertex 64.229 102.246 18.0
vertex 73.367 107.822 18.0
vertex 72.937 108.693 18.0
endloop
endfacet
facet normal 0.42223046611747683 0.906486701516376 -0.0018147881912573645
outer loop
vertex 73.276 116.419 17.778
vertex 71.86 117.079 18.0
vertex 73.453 116.337 18.0
endloop
endfacet

endsolid
