solid 
facet normal 0.0 -0.0 -1.0
outer loop
vertex -104.343 -91.6585 0.0
vertex -79.03 -61.76050000000001 0.0
vertex -100.717 -94.3255 0.0
endloop
endfacet
facet normal 0.0 -0.0 -1.0
outer loop
vertex -100.717 -94.3255 0.0
vertex -79.03 -61.76050000000001 0.0
vertex -96.645 -96.8525 0.0
endloop
endfacet
facet normal 0.0 -0.0 -1.0
outer loop
vertex -87.077 -101.47250000000001 0.0
vertex -72.522 -64.9435 0.0
vertex -83.152 -103.07650000000001 0.0
endloop
endfacet
facet normal 0.0 -0.0 -1.0
outer loop
vertex -96.645 -96.8525 0.0
vertex -75.869 -63.50750000000001 0.0
vertex -92.12599999999999 -99.2265 0.0
endloop
endfacet
facet normal 0.0 -0.0 -1.0
outer loop
vertex -92.12599999999999 -99.2265 0.0
vertex -72.522 -64.9435 0.0
vertex -87.077 -101.47250000000001 0.0
endloop
endfacet
facet normal -0.7272411186982771 -0.686382076743324 -0.0
outer loop
vertex -110.284 -85.9415 2.0
vertex -110.284 -85.9415 0.0
vertex -107.529 -88.8605 0.0
endloop
endfacet
facet normal -0.7923911469826236 -0.6100133360702553 -0.0
outer loop
vertex -112.622 -82.9045 2.0
vertex -112.622 -82.9045 0.0
vertex -110.284 -85.9415 0.0
endloop
endfacet
facet normal -0.6598726264629925 -0.751377479596529 -0.0
outer loop
vertex -107.529 -88.8605 2.0
vertex -107.529 -88.8605 0.0
vertex -104.343 -91.6585 0.0
endloop
endfacet
facet normal -0.527295335187402 -0.8496820755374362 -0.0
outer loop
vertex -100.717 -94.3255 2.0
vertex -100.717 -94.3255 0.0
vertex -96.645 -96.8525 0.0
endloop
endfacet
facet normal -0.5925091971841772 -0.8055636854105092 -0.0
outer loop
vertex -104.343 -91.6585 2.0
vertex -104.343 -91.6585 0.0
vertex -100.717 -94.3255 0.0
endloop
endfacet
facet normal -0.46506808043637504 -0.8852749180673908 -0.0
outer loop
vertex -96.645 -96.8525 2.0
vertex -96.645 -96.8525 0.0
vertex -92.12599999999999 -99.2265 0.0
endloop
endfacet
facet normal -0.40644066904977055 -0.9136771763278182 -0.0
outer loop
vertex -92.12599999999999 -99.2265 2.0
vertex -92.12599999999999 -99.2265 0.0
vertex -87.077 -101.47250000000001 0.0
endloop
endfacet
facet normal -0.33532122228009503 -0.9421038572729564 -0.0
outer loop
vertex -83.152 -103.07650000000001 2.0
vertex -83.152 -103.07650000000001 0.0
vertex -79.036 -104.5415 0.0
endloop
endfacet
facet normal -0.3782930385389385 -0.9256858954272651 -0.0
outer loop
vertex -87.077 -101.47250000000001 2.0
vertex -87.077 -101.47250000000001 0.0
vertex -83.152 -103.07650000000001 0.0
endloop
endfacet
facet normal 0.0 -0.0 -1.0
outer loop
vertex -112.622 -82.9045 0.0
vertex -84.71499999999999 -57.38650000000001 0.0
vertex -110.284 -85.9415 0.0
endloop
endfacet
facet normal 0.0 -0.0 -1.0
outer loop
vertex -110.284 -85.9415 0.0
vertex -81.985 -59.715500000000006 0.0
vertex -107.529 -88.8605 0.0
endloop
endfacet
facet normal 0.0 -0.0 -1.0
outer loop
vertex -114.557 -79.7485 0.0
vertex -84.71499999999999 -57.38650000000001 0.0
vertex -112.622 -82.9045 0.0
endloop
endfacet
facet normal 0.0 -0.0 -1.0
outer loop
vertex -116.103 -76.4625 0.0
vertex -84.71499999999999 -57.38650000000001 0.0
vertex -114.557 -79.7485 0.0
endloop
endfacet
facet normal 0.0 -0.0 -1.0
outer loop
vertex -117.269 -73.0325 0.0
vertex -84.71499999999999 -57.38650000000001 0.0
vertex -116.103 -76.4625 0.0
endloop
endfacet
facet normal 0.0 -0.0 -1.0
outer loop
vertex -118.796 -60.83850000000001 0.0
vertex -91.385 -48.8755 0.0
vertex -118.49 -65.4645 0.0
endloop
endfacet
facet normal 0.0 -0.0 -1.0
outer loop
vertex -118.738 -56.702500000000015 0.0
vertex -91.385 -48.8755 0.0
vertex -118.796 -60.83850000000001 0.0
endloop
endfacet
facet normal 0.0 -0.0 -1.0
outer loop
vertex -118.06 -69.43650000000001 0.0
vertex -84.71499999999999 -57.38650000000001 0.0
vertex -117.269 -73.0325 0.0
endloop
endfacet
facet normal 0.0 -0.0 -1.0
outer loop
vertex -118.49 -65.4645 0.0
vertex -87.203 -54.792500000000004 0.0
vertex -118.06 -69.43650000000001 0.0
endloop
endfacet
facet normal 0.0 0.0 -1.0
outer loop
vertex -118.49 -65.4645 0.0
vertex -91.385 -48.8755 0.0
vertex -89.431 -51.9485 0.0
endloop
endfacet
facet normal 0.0 -0.0 -1.0
outer loop
vertex -107.529 -88.8605 0.0
vertex -81.985 -59.715500000000006 0.0
vertex -104.343 -91.6585 0.0
endloop
endfacet
facet normal 0.0 0.0 -1.0
outer loop
vertex -92.12599999999999 -99.2265 0.0
vertex -75.869 -63.50750000000001 0.0
vertex -72.522 -64.9435 0.0
endloop
endfacet
facet normal 0.0 0.0 -1.0
outer loop
vertex -104.343 -91.6585 0.0
vertex -81.985 -59.715500000000006 0.0
vertex -79.03 -61.76050000000001 0.0
endloop
endfacet
facet normal 0.0 0.0 -1.0
outer loop
vertex -96.645 -96.8525 0.0
vertex -79.03 -61.76050000000001 0.0
vertex -75.869 -63.50750000000001 0.0
endloop
endfacet
facet normal 0.0 0.0 -1.0
outer loop
vertex -110.284 -85.9415 0.0
vertex -84.71499999999999 -57.38650000000001 0.0
vertex -81.985 -59.715500000000006 0.0
endloop
endfacet
facet normal 0.0 0.0 -1.0
outer loop
vertex -118.06 -69.43650000000001 0.0
vertex -87.203 -54.792500000000004 0.0
vertex -84.71499999999999 -57.38650000000001 0.0
endloop
endfacet
facet normal 0.0 0.0 -1.0
outer loop
vertex -118.49 -65.4645 0.0
vertex -89.431 -51.9485 0.0
vertex -87.203 -54.792500000000004 0.0
endloop
endfacet
facet normal -0.8525197136423366 -0.5226950715772901 -0.0
outer loop
vertex -114.557 -79.7485 2.0
vertex -114.557 -79.7485 0.0
vertex -112.622 -82.9045 0.0
endloop
endfacet
facet normal -0.9048561423813357 -0.42571746686595785 -0.0
outer loop
vertex -116.103 -76.4625 2.0
vertex -116.103 -76.4625 0.0
vertex -114.557 -79.7485 0.0
endloop
endfacet
facet normal -0.9467895687077064 -0.32185324697177664 -0.0
outer loop
vertex -117.269 -73.0325 2.0
vertex -117.269 -73.0325 0.0
vertex -116.103 -76.4625 0.0
endloop
endfacet
facet normal -0.9766513052758956 -0.21483069590468093 -0.0
outer loop
vertex -118.06 -69.43650000000001 2.0
vertex -118.06 -69.43650000000001 0.0
vertex -117.269 -73.0325 0.0
endloop
endfacet
facet normal -0.994191133152033 -0.10762894946006192 -0.0
outer loop
vertex -118.49 -65.4645 2.0
vertex -118.49 -65.4645 0.0
vertex -118.06 -69.43650000000001 0.0
endloop
endfacet
facet normal -0.9978193837394878 -0.06600361682323723 -0.0
outer loop
vertex -118.796 -60.83850000000001 2.0
vertex -118.796 -60.83850000000001 0.0
vertex -118.49 -65.4645 0.0
endloop
endfacet
facet normal -0.9999016892783822 0.014021832199746896 0.0
outer loop
vertex -118.738 -56.702500000000015 2.0
vertex -118.738 -56.702500000000015 0.0
vertex -118.796 -60.83850000000001 0.0
endloop
endfacet
facet normal -0.9963466490417506 0.08540114134643866 0.0
outer loop
vertex -118.57 -54.74250000000001 2.0
vertex -118.57 -54.74250000000001 0.0
vertex -118.738 -56.702500000000015 0.0
endloop
endfacet
facet normal 0.7216985933094844 0.6922074403060915 0.0
outer loop
vertex -84.71499999999999 -57.38650000000001 2.0
vertex -84.71499999999999 -57.38650000000001 0.0
vertex -87.203 -54.792500000000004 0.0
endloop
endfacet
facet normal 0.6490225149707103 0.760769199600703 0.0
outer loop
vertex -81.985 -59.715500000000006 2.0
vertex -81.985 -59.715500000000006 0.0
vertex -84.71499999999999 -57.38650000000001 0.0
endloop
endfacet
facet normal 0.569065268821899 0.8222923566595155 0.0
outer loop
vertex -79.03 -61.76050000000001 2.0
vertex -79.03 -61.76050000000001 0.0
vertex -81.985 -59.715500000000006 0.0
endloop
endfacet
facet normal 0.0 -0.0 -1.0
outer loop
vertex -83.152 -103.07650000000001 0.0
vertex -69.012 -66.05550000000001 0.0
vertex -79.036 -104.5415 0.0
endloop
endfacet
facet normal 0.0 -0.0 -1.0
outer loop
vertex -74.687 -105.87450000000001 0.0
vertex -65.917 -66.7395 0.0
vertex -70.124 -107.0635 0.0
endloop
endfacet
facet normal 0.0 -0.0 -1.0
outer loop
vertex -79.036 -104.5415 0.0
vertex -65.917 -66.7395 0.0
vertex -74.687 -105.87450000000001 0.0
endloop
endfacet
facet normal 0.0 -0.0 -1.0
outer loop
vertex -70.124 -107.0635 0.0
vertex -62.305 -67.21350000000001 0.0
vertex -65.36 -108.09750000000001 0.0
endloop
endfacet
facet normal 0.0 -0.0 -1.0
outer loop
vertex -65.36 -108.09750000000001 0.0
vertex -58.482 -67.8615 0.0
vertex -60.412 -108.9645 0.0
endloop
endfacet
facet normal 0.0 -0.0 -1.0
outer loop
vertex -60.412 -108.9645 0.0
vertex -55.025999999999996 -68.1945 0.0
vertex -55.294 -109.6525 0.0
endloop
endfacet
facet normal 0.0 0.0 -1.0
outer loop
vertex -55.294 -109.6525 0.0
vertex -51.217 -68.2855 0.0
vertex -50.022 -110.15150000000001 0.0
endloop
endfacet
facet normal 0.0 0.0 -0.9999999999999999
outer loop
vertex -50.022 -110.15150000000001 0.0
vertex -47.488 -68.0905 0.0
vertex -44.611 -110.4505 0.0
endloop
endfacet
facet normal 0.0 0.0 -1.0
outer loop
vertex -44.611 -110.4505 0.0
vertex -43.879999999999995 -67.6195 0.0
vertex -39.075 -110.5395 0.0
endloop
endfacet
facet normal -0.2930506320900452 -0.9560969234505594 -0.0
outer loop
vertex -79.036 -104.5415 2.0
vertex -79.036 -104.5415 0.0
vertex -74.687 -105.87450000000001 0.0
endloop
endfacet
facet normal -0.25215426319332396 -0.9676870504214842 -0.0
outer loop
vertex -74.687 -105.87450000000001 2.0
vertex -74.687 -105.87450000000001 0.0
vertex -70.124 -107.0635 0.0
endloop
endfacet
facet normal -0.21210601360750722 -0.9772466623076959 -0.0
outer loop
vertex -70.124 -107.0635 2.0
vertex -70.124 -107.0635 0.0
vertex -65.36 -108.09750000000001 0.0
endloop
endfacet
facet normal -0.17259279674565753 -0.9849932621655398 -0.0
outer loop
vertex -65.36 -108.09750000000001 2.0
vertex -65.36 -108.09750000000001 0.0
vertex -60.412 -108.9645 0.0
endloop
endfacet
facet normal -0.13322912495961994 -0.9910852638711233 -0.0
outer loop
vertex -60.412 -108.9645 2.0
vertex -60.412 -108.9645 0.0
vertex -55.294 -109.6525 0.0
endloop
endfacet
facet normal -0.09422983394338066 -0.9955504700390648 -0.0
outer loop
vertex -55.294 -109.6525 2.0
vertex -55.294 -109.6525 0.0
vertex -50.022 -110.15150000000001 0.0
endloop
endfacet
facet normal -0.05517363807838882 -0.9984767747229752 -0.0
outer loop
vertex -50.022 -110.15150000000001 2.0
vertex -50.022 -110.15150000000001 0.0
vertex -44.611 -110.4505 0.0
endloop
endfacet
facet normal -0.01607451244659419 -0.999870796678053 -0.0
outer loop
vertex -44.611 -110.4505 2.0
vertex -44.611 -110.4505 0.0
vertex -39.075 -110.5395 0.0
endloop
endfacet
facet normal 0.0 0.0 -1.0
outer loop
vertex -83.152 -103.07650000000001 0.0
vertex -72.522 -64.9435 0.0
vertex -69.012 -66.05550000000001 0.0
endloop
endfacet
facet normal 0.0 0.0 -1.0
outer loop
vertex -79.036 -104.5415 0.0
vertex -69.012 -66.05550000000001 0.0
vertex -65.917 -66.7395 0.0
endloop
endfacet
facet normal 0.0 0.0 -1.0
outer loop
vertex -70.124 -107.0635 0.0
vertex -65.917 -66.7395 0.0
vertex -62.305 -67.21350000000001 0.0
endloop
endfacet
facet normal 0.0 0.0 -1.0
outer loop
vertex -65.36 -108.09750000000001 0.0
vertex -62.305 -67.21350000000001 0.0
vertex -58.482 -67.8615 0.0
endloop
endfacet
facet normal 0.0 0.0 -1.0
outer loop
vertex -60.412 -108.9645 0.0
vertex -58.482 -67.8615 0.0
vertex -55.025999999999996 -68.1945 0.0
endloop
endfacet
facet normal 0.0 0.0 -1.0
outer loop
vertex -55.294 -109.6525 0.0
vertex -55.025999999999996 -68.1945 0.0
vertex -51.217 -68.2855 0.0
endloop
endfacet
facet normal 0.0 0.0 -1.0
outer loop
vertex -50.022 -110.15150000000001 0.0
vertex -51.217 -68.2855 0.0
vertex -47.488 -68.0905 0.0
endloop
endfacet
facet normal 0.0 0.0 -0.9999999999999999
outer loop
vertex -44.611 -110.4505 0.0
vertex -47.488 -68.0905 0.0
vertex -43.879999999999995 -67.6195 0.0
endloop
endfacet
facet normal 0.0 0.0 -1.0
outer loop
vertex -39.075 -110.5395 0.0
vertex -43.879999999999995 -67.6195 0.0
vertex -40.415 -66.88550000000001 0.0
endloop
endfacet
facet normal 0.48371402004200564 0.875226111821855 0.0
outer loop
vertex -75.869 -63.50750000000001 2.0
vertex -75.869 -63.50750000000001 0.0
vertex -79.03 -61.76050000000001 0.0
endloop
endfacet
facet normal 0.3020151238766682 0.953303133819333 0.0
outer loop
vertex -69.012 -66.05550000000001 2.0
vertex -69.012 -66.05550000000001 0.0
vertex -72.522 -64.9435 0.0
endloop
endfacet
facet normal 0.39428378411536924 0.9189887363747529 0.0
outer loop
vertex -72.522 -64.9435 2.0
vertex -72.522 -64.9435 0.0
vertex -75.869 -63.50750000000001 0.0
endloop
endfacet
facet normal 0.21579455020367622 0.9764387907607897 0.0
outer loop
vertex -65.917 -66.7395 2.0
vertex -65.917 -66.7395 0.0
vertex -69.012 -66.05550000000001 0.0
endloop
endfacet
facet normal 0.13011366717222594 0.9914990840212587 0.0
outer loop
vertex -62.305 -67.21350000000001 2.0
vertex -62.305 -67.21350000000001 0.0
vertex -65.917 -66.7395 0.0
endloop
endfacet
facet normal 0.16711672821634907 0.9859371172393616 0.0
outer loop
vertex -58.482 -67.8615 2.0
vertex -58.482 -67.8615 0.0
vertex -62.305 -67.21350000000001 0.0
endloop
endfacet
facet normal 0.09590997514739168 0.9953900123405031 0.0
outer loop
vertex -55.025999999999996 -68.1945 2.0
vertex -55.025999999999996 -68.1945 0.0
vertex -58.482 -67.8615 0.0
endloop
endfacet
facet normal 0.023883969833226087 0.9997147373051003 0.0
outer loop
vertex -51.217 -68.2855 2.0
vertex -51.217 -68.2855 0.0
vertex -55.025999999999996 -68.1945 0.0
endloop
endfacet
facet normal -0.05222148774659952 0.9986355272157763 0.0
outer loop
vertex -47.488 -68.0905 2.0
vertex -47.488 -68.0905 0.0
vertex -51.217 -68.2855 0.0
endloop
endfacet
facet normal -0.12944492647073708 0.9915866129647906 0.0
outer loop
vertex -43.879999999999995 -67.6195 2.0
vertex -43.879999999999995 -67.6195 0.0
vertex -47.488 -68.0905 0.0
endloop
endfacet
facet normal -0.20723402204804348 0.9782913983603203 0.0
outer loop
vertex -40.415 -66.88550000000001 2.0
vertex -40.415 -66.88550000000001 0.0
vertex -43.879999999999995 -67.6195 0.0
endloop
endfacet
facet normal -0.7923911469826236 -0.6100133360702553 0.0
outer loop
vertex -110.284 -85.9415 2.0
vertex -112.622 -82.9045 2.0
vertex -110.284 -85.9415 0.0
endloop
endfacet
facet normal -0.6598726264629925 -0.751377479596529 0.0
outer loop
vertex -104.343 -91.6585 2.0
vertex -107.529 -88.8605 2.0
vertex -104.343 -91.6585 0.0
endloop
endfacet
facet normal -0.5925091971841772 -0.8055636854105092 0.0
outer loop
vertex -100.717 -94.3255 2.0
vertex -104.343 -91.6585 2.0
vertex -100.717 -94.3255 0.0
endloop
endfacet
facet normal -0.7272411186982771 -0.686382076743324 0.0
outer loop
vertex -107.529 -88.8605 2.0
vertex -110.284 -85.9415 2.0
vertex -107.529 -88.8605 0.0
endloop
endfacet
facet normal -0.46506808043637504 -0.8852749180673908 0.0
outer loop
vertex -92.12599999999999 -99.2265 2.0
vertex -96.645 -96.8525 2.0
vertex -92.12599999999999 -99.2265 0.0
endloop
endfacet
facet normal -0.33532122228009503 -0.9421038572729564 0.0
outer loop
vertex -79.036 -104.5415 2.0
vertex -83.152 -103.07650000000001 2.0
vertex -79.036 -104.5415 0.0
endloop
endfacet
facet normal -0.40644066904977055 -0.9136771763278182 0.0
outer loop
vertex -87.077 -101.47250000000001 2.0
vertex -92.12599999999999 -99.2265 2.0
vertex -87.077 -101.47250000000001 0.0
endloop
endfacet
facet normal -0.3782930385389385 -0.9256858954272651 0.0
outer loop
vertex -83.152 -103.07650000000001 2.0
vertex -87.077 -101.47250000000001 2.0
vertex -83.152 -103.07650000000001 0.0
endloop
endfacet
facet normal -0.527295335187402 -0.8496820755374362 0.0
outer loop
vertex -96.645 -96.8525 2.0
vertex -100.717 -94.3255 2.0
vertex -96.645 -96.8525 0.0
endloop
endfacet
facet normal -0.0 0.0 1.0
outer loop
vertex -104.343 -91.6585 2.0
vertex -100.717 -94.3255 2.0
vertex -79.03 -61.76050000000001 2.0
endloop
endfacet
facet normal -0.0 0.0 1.0
outer loop
vertex -100.717 -94.3255 2.0
vertex -96.645 -96.8525 2.0
vertex -79.03 -61.76050000000001 2.0
endloop
endfacet
facet normal -0.0 0.0 1.0
outer loop
vertex -87.077 -101.47250000000001 2.0
vertex -83.152 -103.07650000000001 2.0
vertex -72.522 -64.9435 2.0
endloop
endfacet
facet normal -0.0 0.0 1.0
outer loop
vertex -96.645 -96.8525 2.0
vertex -92.12599999999999 -99.2265 2.0
vertex -75.869 -63.50750000000001 2.0
endloop
endfacet
facet normal -0.0 0.0 1.0
outer loop
vertex -92.12599999999999 -99.2265 2.0
vertex -87.077 -101.47250000000001 2.0
vertex -72.522 -64.9435 2.0
endloop
endfacet
facet normal -0.9048561423813357 -0.42571746686595785 0.0
outer loop
vertex -114.557 -79.7485 2.0
vertex -116.103 -76.4625 2.0
vertex -114.557 -79.7485 0.0
endloop
endfacet
facet normal -0.8525197136423366 -0.5226950715772901 0.0
outer loop
vertex -112.622 -82.9045 2.0
vertex -114.557 -79.7485 2.0
vertex -112.622 -82.9045 0.0
endloop
endfacet
facet normal -0.9467895687077064 -0.32185324697177664 0.0
outer loop
vertex -116.103 -76.4625 2.0
vertex -117.269 -73.0325 2.0
vertex -116.103 -76.4625 0.0
endloop
endfacet
facet normal -0.9766513052758956 -0.21483069590468093 0.0
outer loop
vertex -117.269 -73.0325 2.0
vertex -118.06 -69.43650000000001 2.0
vertex -117.269 -73.0325 0.0
endloop
endfacet
facet normal -0.994191133152033 -0.10762894946006192 0.0
outer loop
vertex -118.06 -69.43650000000001 2.0
vertex -118.49 -65.4645 2.0
vertex -118.06 -69.43650000000001 0.0
endloop
endfacet
facet normal -0.9978193837394878 -0.06600361682323723 0.0
outer loop
vertex -118.49 -65.4645 2.0
vertex -118.796 -60.83850000000001 2.0
vertex -118.49 -65.4645 0.0
endloop
endfacet
facet normal -0.9999016892783822 0.014021832199746896 0.0
outer loop
vertex -118.796 -60.83850000000001 2.0
vertex -118.738 -56.702500000000015 2.0
vertex -118.796 -60.83850000000001 0.0
endloop
endfacet
facet normal -0.9963466490417506 0.08540114134643866 0.0
outer loop
vertex -118.738 -56.702500000000015 2.0
vertex -118.57 -54.74250000000001 2.0
vertex -118.738 -56.702500000000015 0.0
endloop
endfacet
facet normal 0.7216985933094844 0.6922074403060915 0.0
outer loop
vertex -87.203 -54.792500000000004 2.0
vertex -84.71499999999999 -57.38650000000001 2.0
vertex -87.203 -54.792500000000004 0.0
endloop
endfacet
facet normal 0.6490225149707103 0.760769199600703 0.0
outer loop
vertex -84.71499999999999 -57.38650000000001 2.0
vertex -81.985 -59.715500000000006 2.0
vertex -84.71499999999999 -57.38650000000001 0.0
endloop
endfacet
facet normal 0.569065268821899 0.8222923566595155 0.0
outer loop
vertex -81.985 -59.715500000000006 2.0
vertex -79.03 -61.76050000000001 2.0
vertex -81.985 -59.715500000000006 0.0
endloop
endfacet
facet normal -0.0 0.0 1.0
outer loop
vertex -112.622 -82.9045 2.0
vertex -110.284 -85.9415 2.0
vertex -84.71499999999999 -57.38650000000001 2.0
endloop
endfacet
facet normal -0.0 0.0 1.0
outer loop
vertex -110.284 -85.9415 2.0
vertex -107.529 -88.8605 2.0
vertex -81.985 -59.715500000000006 2.0
endloop
endfacet
facet normal -0.0 0.0 1.0
outer loop
vertex -114.557 -79.7485 2.0
vertex -112.622 -82.9045 2.0
vertex -84.71499999999999 -57.38650000000001 2.0
endloop
endfacet
facet normal -0.0 0.0 1.0
outer loop
vertex -116.103 -76.4625 2.0
vertex -114.557 -79.7485 2.0
vertex -84.71499999999999 -57.38650000000001 2.0
endloop
endfacet
facet normal -0.0 0.0 1.0
outer loop
vertex -117.269 -73.0325 2.0
vertex -116.103 -76.4625 2.0
vertex -84.71499999999999 -57.38650000000001 2.0
endloop
endfacet
facet normal -0.0 0.0 1.0
outer loop
vertex -118.796 -60.83850000000001 2.0
vertex -118.49 -65.4645 2.0
vertex -91.385 -48.8755 2.0
endloop
endfacet
facet normal -0.0 0.0 1.0
outer loop
vertex -118.738 -56.702500000000015 2.0
vertex -118.796 -60.83850000000001 2.0
vertex -91.385 -48.8755 2.0
endloop
endfacet
facet normal -0.0 0.0 1.0
outer loop
vertex -118.06 -69.43650000000001 2.0
vertex -117.269 -73.0325 2.0
vertex -84.71499999999999 -57.38650000000001 2.0
endloop
endfacet
facet normal -0.0 0.0 1.0
outer loop
vertex -118.49 -65.4645 2.0
vertex -118.06 -69.43650000000001 2.0
vertex -87.203 -54.792500000000004 2.0
endloop
endfacet
facet normal 0.0 -0.0 1.0
outer loop
vertex -118.49 -65.4645 2.0
vertex -89.431 -51.9485 2.0
vertex -91.385 -48.8755 2.0
endloop
endfacet
facet normal -0.0 0.0 1.0
outer loop
vertex -107.529 -88.8605 2.0
vertex -104.343 -91.6585 2.0
vertex -81.985 -59.715500000000006 2.0
endloop
endfacet
facet normal 0.0 -0.0 1.0
outer loop
vertex -92.12599999999999 -99.2265 2.0
vertex -72.522 -64.9435 2.0
vertex -75.869 -63.50750000000001 2.0
endloop
endfacet
facet normal 0.0 -0.0 1.0
outer loop
vertex -104.343 -91.6585 2.0
vertex -79.03 -61.76050000000001 2.0
vertex -81.985 -59.715500000000006 2.0
endloop
endfacet
facet normal 0.0 -0.0 1.0
outer loop
vertex -96.645 -96.8525 2.0
vertex -75.869 -63.50750000000001 2.0
vertex -79.03 -61.76050000000001 2.0
endloop
endfacet
facet normal 0.0 -0.0 1.0
outer loop
vertex -110.284 -85.9415 2.0
vertex -81.985 -59.715500000000006 2.0
vertex -84.71499999999999 -57.38650000000001 2.0
endloop
endfacet
facet normal 0.0 -0.0 1.0
outer loop
vertex -118.06 -69.43650000000001 2.0
vertex -84.71499999999999 -57.38650000000001 2.0
vertex -87.203 -54.792500000000004 2.0
endloop
endfacet
facet normal 0.0 -0.0 1.0
outer loop
vertex -118.49 -65.4645 2.0
vertex -87.203 -54.792500000000004 2.0
vertex -89.431 -51.9485 2.0
endloop
endfacet
facet normal -0.2930506320900452 -0.9560969234505594 0.0
outer loop
vertex -74.687 -105.87450000000001 2.0
vertex -79.036 -104.5415 2.0
vertex -74.687 -105.87450000000001 0.0
endloop
endfacet
facet normal -0.25215426319332396 -0.9676870504214842 0.0
outer loop
vertex -70.124 -107.0635 2.0
vertex -74.687 -105.87450000000001 2.0
vertex -70.124 -107.0635 0.0
endloop
endfacet
facet normal -0.21210601360750722 -0.9772466623076959 0.0
outer loop
vertex -65.36 -108.09750000000001 2.0
vertex -70.124 -107.0635 2.0
vertex -65.36 -108.09750000000001 0.0
endloop
endfacet
facet normal -0.17259279674565753 -0.9849932621655398 0.0
outer loop
vertex -60.412 -108.9645 2.0
vertex -65.36 -108.09750000000001 2.0
vertex -60.412 -108.9645 0.0
endloop
endfacet
facet normal -0.13322912495961994 -0.9910852638711233 0.0
outer loop
vertex -55.294 -109.6525 2.0
vertex -60.412 -108.9645 2.0
vertex -55.294 -109.6525 0.0
endloop
endfacet
facet normal -0.09422983394338066 -0.9955504700390648 0.0
outer loop
vertex -50.022 -110.15150000000001 2.0
vertex -55.294 -109.6525 2.0
vertex -50.022 -110.15150000000001 0.0
endloop
endfacet
facet normal -0.05517363807838882 -0.9984767747229752 0.0
outer loop
vertex -44.611 -110.4505 2.0
vertex -50.022 -110.15150000000001 2.0
vertex -44.611 -110.4505 0.0
endloop
endfacet
facet normal -0.01607451244659419 -0.999870796678053 0.0
outer loop
vertex -39.075 -110.5395 2.0
vertex -44.611 -110.4505 2.0
vertex -39.075 -110.5395 0.0
endloop
endfacet
facet normal -0.0 0.0 0.9999999999999999
outer loop
vertex -83.152 -103.07650000000001 2.0
vertex -79.036 -104.5415 2.0
vertex -69.012 -66.05550000000001 2.0
endloop
endfacet
facet normal -0.0 0.0 1.0
outer loop
vertex -74.687 -105.87450000000001 2.0
vertex -70.124 -107.0635 2.0
vertex -65.917 -66.7395 2.0
endloop
endfacet
facet normal -0.0 0.0 1.0
outer loop
vertex -79.036 -104.5415 2.0
vertex -74.687 -105.87450000000001 2.0
vertex -65.917 -66.7395 2.0
endloop
endfacet
facet normal -0.0 0.0 1.0
outer loop
vertex -70.124 -107.0635 2.0
vertex -65.36 -108.09750000000001 2.0
vertex -62.305 -67.21350000000001 2.0
endloop
endfacet
facet normal -0.0 0.0 0.9999999999999999
outer loop
vertex -65.36 -108.09750000000001 2.0
vertex -60.412 -108.9645 2.0
vertex -58.482 -67.8615 2.0
endloop
endfacet
facet normal -0.0 0.0 1.0
outer loop
vertex -60.412 -108.9645 2.0
vertex -55.294 -109.6525 2.0
vertex -55.025999999999996 -68.1945 2.0
endloop
endfacet
facet normal -0.0 -0.0 1.0
outer loop
vertex -55.294 -109.6525 2.0
vertex -50.022 -110.15150000000001 2.0
vertex -51.217 -68.2855 2.0
endloop
endfacet
facet normal -0.0 -0.0 0.9999999999999999
outer loop
vertex -50.022 -110.15150000000001 2.0
vertex -44.611 -110.4505 2.0
vertex -47.488 -68.0905 2.0
endloop
endfacet
facet normal -0.0 -0.0 1.0
outer loop
vertex -44.611 -110.4505 2.0
vertex -39.075 -110.5395 2.0
vertex -43.879999999999995 -67.6195 2.0
endloop
endfacet
facet normal 0.48371402004200564 0.875226111821855 0.0
outer loop
vertex -79.03 -61.76050000000001 2.0
vertex -75.869 -63.50750000000001 2.0
vertex -79.03 -61.76050000000001 0.0
endloop
endfacet
facet normal 0.39428378411536924 0.9189887363747529 0.0
outer loop
vertex -75.869 -63.50750000000001 2.0
vertex -72.522 -64.9435 2.0
vertex -75.869 -63.50750000000001 0.0
endloop
endfacet
facet normal 0.3020151238766682 0.953303133819333 0.0
outer loop
vertex -72.522 -64.9435 2.0
vertex -69.012 -66.05550000000001 2.0
vertex -72.522 -64.9435 0.0
endloop
endfacet
facet normal 0.21579455020367622 0.9764387907607897 0.0
outer loop
vertex -69.012 -66.05550000000001 2.0
vertex -65.917 -66.7395 2.0
vertex -69.012 -66.05550000000001 0.0
endloop
endfacet
facet normal 0.13011366717222594 0.9914990840212587 0.0
outer loop
vertex -65.917 -66.7395 2.0
vertex -62.305 -67.21350000000001 2.0
vertex -65.917 -66.7395 0.0
endloop
endfacet
facet normal 0.16711672821634907 0.9859371172393616 0.0
outer loop
vertex -62.305 -67.21350000000001 2.0
vertex -58.482 -67.8615 2.0
vertex -62.305 -67.21350000000001 0.0
endloop
endfacet
facet normal 0.09590997514739168 0.9953900123405031 0.0
outer loop
vertex -58.482 -67.8615 2.0
vertex -55.025999999999996 -68.1945 2.0
vertex -58.482 -67.8615 0.0
endloop
endfacet
facet normal 0.023883969833226087 0.9997147373051003 0.0
outer loop
vertex -55.025999999999996 -68.1945 2.0
vertex -51.217 -68.2855 2.0
vertex -55.025999999999996 -68.1945 0.0
endloop
endfacet
facet normal -0.05222148774659952 0.9986355272157763 0.0
outer loop
vertex -51.217 -68.2855 2.0
vertex -47.488 -68.0905 2.0
vertex -51.217 -68.2855 0.0
endloop
endfacet
facet normal -0.12944492647073708 0.9915866129647906 0.0
outer loop
vertex -47.488 -68.0905 2.0
vertex -43.879999999999995 -67.6195 2.0
vertex -47.488 -68.0905 0.0
endloop
endfacet
facet normal -0.20723402204804348 0.9782913983603203 0.0
outer loop
vertex -43.879999999999995 -67.6195 2.0
vertex -40.415 -66.88550000000001 2.0
vertex -43.879999999999995 -67.6195 0.0
endloop
endfacet
facet normal -0.2863373609809088 0.95812886174381 0.0
outer loop
vertex -40.415 -66.88550000000001 2.0
vertex -37.109 -65.89750000000001 2.0
vertex -40.415 -66.88550000000001 0.0
endloop
endfacet
facet normal 0.0 -0.0 1.0
outer loop
vertex -83.152 -103.07650000000001 2.0
vertex -69.012 -66.05550000000001 2.0
vertex -72.522 -64.9435 2.0
endloop
endfacet
facet normal 0.0 -0.0 1.0
outer loop
vertex -79.036 -104.5415 2.0
vertex -65.917 -66.7395 2.0
vertex -69.012 -66.05550000000001 2.0
endloop
endfacet
facet normal 0.0 -0.0 1.0
outer loop
vertex -70.124 -107.0635 2.0
vertex -62.305 -67.21350000000001 2.0
vertex -65.917 -66.7395 2.0
endloop
endfacet
facet normal 0.0 -0.0 1.0
outer loop
vertex -65.36 -108.09750000000001 2.0
vertex -58.482 -67.8615 2.0
vertex -62.305 -67.21350000000001 2.0
endloop
endfacet
facet normal 0.0 -0.0 1.0
outer loop
vertex -60.412 -108.9645 2.0
vertex -55.025999999999996 -68.1945 2.0
vertex -58.482 -67.8615 2.0
endloop
endfacet
facet normal 0.0 -0.0 1.0
outer loop
vertex -55.294 -109.6525 2.0
vertex -51.217 -68.2855 2.0
vertex -55.025999999999996 -68.1945 2.0
endloop
endfacet
facet normal 0.0 -0.0 1.0
outer loop
vertex -50.022 -110.15150000000001 2.0
vertex -47.488 -68.0905 2.0
vertex -51.217 -68.2855 2.0
endloop
endfacet
facet normal 0.0 -0.0 0.9999999999999999
outer loop
vertex -44.611 -110.4505 2.0
vertex -43.879999999999995 -67.6195 2.0
vertex -47.488 -68.0905 2.0
endloop
endfacet
facet normal 0.0 0.0 1.0
outer loop
vertex -39.075 -110.5395 2.0
vertex -40.415 -66.88550000000001 2.0
vertex -43.879999999999995 -67.6195 2.0
endloop
endfacet
facet normal 0.0 -0.0 -0.9999999999999999
outer loop
vertex -118.57 -54.74250000000001 0.0
vertex -91.385 -48.8755 0.0
vertex -118.738 -56.702500000000015 0.0
endloop
endfacet
facet normal 0.0 -0.0 -0.9999999999999999
outer loop
vertex -118.30499999999999 -52.868500000000004 0.0
vertex -91.385 -48.8755 0.0
vertex -118.57 -54.74250000000001 0.0
endloop
endfacet
facet normal 0.0 -0.0 -1.0
outer loop
vertex -117.943 -51.08950000000001 0.0
vertex -91.385 -48.8755 0.0
vertex -118.30499999999999 -52.868500000000004 0.0
endloop
endfacet
facet normal 0.0 -0.0 -1.0
outer loop
vertex -117.482 -49.4025 0.0
vertex -91.385 -48.8755 0.0
vertex -117.943 -51.08950000000001 0.0
endloop
endfacet
facet normal -0.0 0.0 -1.0
outer loop
vertex -111.485 -44.118500000000004 0.0
vertex -117.482 -49.4025 0.0
vertex -116.922 -47.80850000000001 0.0
endloop
endfacet
facet normal -0.0 0.0 -1.0
outer loop
vertex -113.574 -44.475500000000004 0.0
vertex -116.922 -47.80850000000001 0.0
vertex -116.26 -46.30050000000001 0.0
endloop
endfacet
facet normal -0.0 0.0 -1.0
outer loop
vertex -113.574 -44.475500000000004 0.0
vertex -116.26 -46.30050000000001 0.0
vertex -115.572 -45.023500000000006 0.0
endloop
endfacet
facet normal -0.0 0.0 -1.0
outer loop
vertex -111.485 -44.118500000000004 0.0
vertex -116.922 -47.80850000000001 0.0
vertex -113.574 -44.475500000000004 0.0
endloop
endfacet
facet normal -0.0 0.0 -1.0
outer loop
vertex -109.238 -43.904500000000006 0.0
vertex -117.482 -49.4025 0.0
vertex -111.485 -44.118500000000004 0.0
endloop
endfacet
facet normal -0.0 0.0 -1.0
outer loop
vertex -106.87 -43.828500000000005 0.0
vertex -117.482 -49.4025 0.0
vertex -109.238 -43.904500000000006 0.0
endloop
endfacet
facet normal -0.0 0.0 -1.0
outer loop
vertex -104.422 -43.8815 0.0
vertex -117.482 -49.4025 0.0
vertex -106.87 -43.828500000000005 0.0
endloop
endfacet
facet normal 0.0 -0.0 -1.0
outer loop
vertex -104.422 -43.8815 0.0
vertex -91.385 -48.8755 0.0
vertex -117.482 -49.4025 0.0
endloop
endfacet
facet normal 0.0 0.0 -1.0
outer loop
vertex -104.422 -43.8815 0.0
vertex -99.45100000000001 -44.310500000000005 0.0
vertex -91.385 -48.8755 0.0
endloop
endfacet
facet normal 0.0 0.0 -1.0
outer loop
vertex -91.385 -48.8755 0.0
vertex -99.45100000000001 -44.310500000000005 0.0
vertex -94.47500000000001 -45.075500000000005 0.0
endloop
endfacet
facet normal 0.0 0.0 -1.0
outer loop
vertex -91.385 -48.8755 0.0
vertex -94.47500000000001 -45.075500000000005 0.0
vertex -93.154 -45.343500000000006 0.0
endloop
endfacet
facet normal -0.9901492733349759 0.14001577237661092 0.0
outer loop
vertex -118.30499999999999 -52.868500000000004 2.0
vertex -118.30499999999999 -52.868500000000004 0.0
vertex -118.57 -54.74250000000001 0.0
endloop
endfacet
facet normal -0.9799184239523162 0.19939880240063748 0.0
outer loop
vertex -117.943 -51.08950000000001 2.0
vertex -117.943 -51.08950000000001 0.0
vertex -118.30499999999999 -52.868500000000004 0.0
endloop
endfacet
facet normal -0.9646317453654337 0.26360120605421594 0.0
outer loop
vertex -117.482 -49.4025 2.0
vertex -117.482 -49.4025 0.0
vertex -117.943 -51.08950000000001 0.0
endloop
endfacet
facet normal -0.9434701451374322 0.3314575164849223 0.0
outer loop
vertex -116.922 -47.80850000000001 2.0
vertex -116.922 -47.80850000000001 0.0
vertex -117.482 -49.4025 0.0
endloop
endfacet
facet normal -0.9156549321669147 0.4019652288424994 0.0
outer loop
vertex -116.26 -46.30050000000001 2.0
vertex -116.26 -46.30050000000001 0.0
vertex -116.922 -47.80850000000001 0.0
endloop
endfacet
facet normal -0.8803603928700109 0.47430536436536347 0.0
outer loop
vertex -115.572 -45.023500000000006 2.0
vertex -115.572 -45.023500000000006 0.0
vertex -116.26 -46.30050000000001 0.0
endloop
endfacet
facet normal -0.26450575130939924 0.9643841078762394 0.0
outer loop
vertex -113.574 -44.475500000000004 2.0
vertex -113.574 -44.475500000000004 0.0
vertex -115.572 -45.023500000000006 0.0
endloop
endfacet
facet normal -0.16845301916869967 0.9857096835949974 0.0
outer loop
vertex -111.485 -44.118500000000004 2.0
vertex -111.485 -44.118500000000004 0.0
vertex -113.574 -44.475500000000004 0.0
endloop
endfacet
facet normal -0.09480909262799485 0.9954954725939522 0.0
outer loop
vertex -109.238 -43.904500000000006 2.0
vertex -109.238 -43.904500000000006 0.0
vertex -111.485 -44.118500000000004 0.0
endloop
endfacet
facet normal -0.0320780776264074 0.9994853660438427 0.0
outer loop
vertex -106.87 -43.828500000000005 2.0
vertex -106.87 -43.828500000000005 0.0
vertex -109.238 -43.904500000000006 0.0
endloop
endfacet
facet normal 0.021645254429686386 0.9997657140353805 0.0
outer loop
vertex -104.422 -43.8815 2.0
vertex -104.422 -43.8815 0.0
vertex -106.87 -43.828500000000005 0.0
endloop
endfacet
facet normal 0.08598095333194217 0.996296780916274 0.0
outer loop
vertex -99.45100000000001 -44.310500000000005 2.0
vertex -99.45100000000001 -44.310500000000005 0.0
vertex -104.422 -43.8815 0.0
endloop
endfacet
facet normal 0.8438536554465286 0.5365733949699066 0.0
outer loop
vertex -89.431 -51.9485 2.0
vertex -89.431 -51.9485 0.0
vertex -91.385 -48.8755 0.0
endloop
endfacet
facet normal 0.8941232055330927 0.44782105056286375 0.0
outer loop
vertex -91.385 -48.8755 2.0
vertex -91.385 -48.8755 0.0
vertex -93.154 -45.343500000000006 0.0
endloop
endfacet
facet normal 0.1519527012114975 0.9883877663116482 0.0
outer loop
vertex -94.47500000000001 -45.075500000000005 2.0
vertex -94.47500000000001 -45.075500000000005 0.0
vertex -99.45100000000001 -44.310500000000005 0.0
endloop
endfacet
facet normal 0.1988261324085682 0.9800347795213445 0.0
outer loop
vertex -93.154 -45.343500000000006 2.0
vertex -93.154 -45.343500000000006 0.0
vertex -94.47500000000001 -45.075500000000005 0.0
endloop
endfacet
facet normal 0.7872011786850046 0.6166962820359301 0.0
outer loop
vertex -87.203 -54.792500000000004 2.0
vertex -87.203 -54.792500000000004 0.0
vertex -89.431 -51.9485 0.0
endloop
endfacet
facet normal 0.0 0.0 -1.0
outer loop
vertex -65.54899999999999 -11.611500000000007 0.0
vertex -67.472 -15.900500000000008 0.0
vertex -71.738 -15.905500000000004 0.0
endloop
endfacet
facet normal 0.0 -0.0 -0.9999999999999999
outer loop
vertex -65.54899999999999 -11.611500000000007 0.0
vertex -60.794 -15.5775 0.0
vertex -67.472 -15.900500000000008 0.0
endloop
endfacet
facet normal -0.0 0.0 -1.0
outer loop
vertex -58.3 -8.675500000000007 0.0
vertex -60.794 -15.5775 0.0
vertex -65.54899999999999 -11.611500000000007 0.0
endloop
endfacet
facet normal 0.0 -0.0 -0.9999999999999999
outer loop
vertex -58.3 -8.675500000000007 0.0
vertex -53.723 -14.927500000000009 0.0
vertex -60.794 -15.5775 0.0
endloop
endfacet
facet normal 0.0 -0.0 -1.0
outer loop
vertex -51.556 -7.685500000000005 0.0
vertex -50.07 -14.478500000000011 0.0
vertex -53.723 -14.927500000000009 0.0
endloop
endfacet
facet normal 0.0 -0.0 -1.0
outer loop
vertex -51.556 -7.685500000000005 0.0
vertex -49.126999999999995 -14.434500000000007 0.0
vertex -50.07 -14.478500000000011 0.0
endloop
endfacet
facet normal -0.0 0.0 -0.9999999999999999
outer loop
vertex -44.638 -8.313500000000005 0.0
vertex -46.699 -14.521500000000003 0.0
vertex -49.126999999999995 -14.434500000000007 0.0
endloop
endfacet
facet normal -0.0 -0.0 -0.9999999999999999
outer loop
vertex -44.638 -8.313500000000005 0.0
vertex -44.25 -14.761500000000005 0.0
vertex -46.699 -14.521500000000003 0.0
endloop
endfacet
facet normal -0.0 -0.0 -1.0
outer loop
vertex -44.638 -8.313500000000005 0.0
vertex -41.785 -15.160500000000006 0.0
vertex -44.25 -14.761500000000005 0.0
endloop
endfacet
facet normal -0.0 0.0 -1.0
outer loop
vertex -37.86 -10.45750000000001 0.0
vertex -39.315 -15.723500000000001 0.0
vertex -41.785 -15.160500000000006 0.0
endloop
endfacet
facet normal -0.0 0.0 -0.9999999999999999
outer loop
vertex -51.556 -7.685500000000005 0.0
vertex -53.723 -14.927500000000009 0.0
vertex -58.3 -8.675500000000007 0.0
endloop
endfacet
facet normal -0.0 0.0 -1.0
outer loop
vertex -44.638 -8.313500000000005 0.0
vertex -49.126999999999995 -14.434500000000007 0.0
vertex -51.556 -7.685500000000005 0.0
endloop
endfacet
facet normal -0.0 0.0 -1.0
outer loop
vertex -37.86 -10.45750000000001 0.0
vertex -41.785 -15.160500000000006 0.0
vertex -44.638 -8.313500000000005 0.0
endloop
endfacet
facet normal 0.0011720573290432046 -0.9999993131405729 0.0
outer loop
vertex -71.738 -15.905500000000004 2.0
vertex -71.738 -15.905500000000004 0.0
vertex -67.472 -15.900500000000008 0.0
endloop
endfacet
facet normal 0.04831129706519836 -0.9988323275584737 0.0
outer loop
vertex -67.472 -15.900500000000008 2.0
vertex -67.472 -15.900500000000008 0.0
vertex -60.794 -15.5775 0.0
endloop
endfacet
facet normal -0.5700449722240736 0.8216134916382855 0.0
outer loop
vertex -65.54899999999999 -11.611500000000007 2.0
vertex -65.54899999999999 -11.611500000000007 0.0
vertex -71.738 -15.905500000000004 0.0
endloop
endfacet
facet normal -0.37539939343192963 0.9268631481566948 0.0
outer loop
vertex -58.3 -8.675500000000007 2.0
vertex -58.3 -8.675500000000007 0.0
vertex -65.54899999999999 -11.611500000000007 0.0
endloop
endfacet
facet normal 0.09153881780364294 -0.9958015087531809 0.0
outer loop
vertex -60.794 -15.5775 2.0
vertex -60.794 -15.5775 0.0
vertex -53.723 -14.927500000000009 0.0
endloop
endfacet
facet normal 0.12199461058605834 -0.992530762741365 0.0
outer loop
vertex -53.723 -14.927500000000009 2.0
vertex -53.723 -14.927500000000009 0.0
vertex -50.07 -14.478500000000011 0.0
endloop
endfacet
facet normal 0.0466088880910908 -0.9989132152248824 0.0
outer loop
vertex -50.07 -14.478500000000011 2.0
vertex -50.07 -14.478500000000011 0.0
vertex -49.126999999999995 -14.434500000000007 0.0
endloop
endfacet
facet normal -0.03580897973456242 -0.9993586528220835 -0.0
outer loop
vertex -49.126999999999995 -14.434500000000007 2.0
vertex -49.126999999999995 -14.434500000000007 0.0
vertex -46.699 -14.521500000000003 0.0
endloop
endfacet
facet normal -0.09753196176526473 -0.995232393179713 -0.0
outer loop
vertex -46.699 -14.521500000000003 2.0
vertex -46.699 -14.521500000000003 0.0
vertex -44.25 -14.761500000000005 0.0
endloop
endfacet
facet normal -0.15978640689872012 -0.9871516115422174 -0.0
outer loop
vertex -44.25 -14.761500000000005 2.0
vertex -44.25 -14.761500000000005 0.0
vertex -41.785 -15.160500000000006 0.0
endloop
endfacet
facet normal -0.22223526268609325 -0.9749930707542712 -0.0
outer loop
vertex -41.785 -15.160500000000006 2.0
vertex -41.785 -15.160500000000006 0.0
vertex -39.315 -15.723500000000001 0.0
endloop
endfacet
facet normal -0.14524057031184567 0.9893963698819043 0.0
outer loop
vertex -51.556 -7.685500000000005 2.0
vertex -51.556 -7.685500000000005 0.0
vertex -58.3 -8.675500000000007 0.0
endloop
endfacet
facet normal 0.09040594661364852 0.9959049978872934 0.0
outer loop
vertex -44.638 -8.313500000000005 2.0
vertex -44.638 -8.313500000000005 0.0
vertex -51.556 -7.685500000000005 0.0
endloop
endfacet
facet normal 0.30158911964612517 0.9534379911200703 0.0
outer loop
vertex -37.86 -10.45750000000001 2.0
vertex -37.86 -10.45750000000001 0.0
vertex -44.638 -8.313500000000005 0.0
endloop
endfacet
facet normal -0.9901492733349759 0.14001577237661092 0.0
outer loop
vertex -118.57 -54.74250000000001 2.0
vertex -118.30499999999999 -52.868500000000004 2.0
vertex -118.57 -54.74250000000001 0.0
endloop
endfacet
facet normal -0.9799184239523162 0.19939880240063748 0.0
outer loop
vertex -118.30499999999999 -52.868500000000004 2.0
vertex -117.943 -51.08950000000001 2.0
vertex -118.30499999999999 -52.868500000000004 0.0
endloop
endfacet
facet normal -0.9646317453654337 0.26360120605421594 0.0
outer loop
vertex -117.943 -51.08950000000001 2.0
vertex -117.482 -49.4025 2.0
vertex -117.943 -51.08950000000001 0.0
endloop
endfacet
facet normal -0.9434701451374322 0.3314575164849223 0.0
outer loop
vertex -117.482 -49.4025 2.0
vertex -116.922 -47.80850000000001 2.0
vertex -117.482 -49.4025 0.0
endloop
endfacet
facet normal -0.9156549321669147 0.4019652288424994 0.0
outer loop
vertex -116.922 -47.80850000000001 2.0
vertex -116.26 -46.30050000000001 2.0
vertex -116.922 -47.80850000000001 0.0
endloop
endfacet
facet normal -0.8803603928700109 0.47430536436536347 0.0
outer loop
vertex -116.26 -46.30050000000001 2.0
vertex -115.572 -45.023500000000006 2.0
vertex -116.26 -46.30050000000001 0.0
endloop
endfacet
facet normal -0.26450575130939924 0.9643841078762394 0.0
outer loop
vertex -115.572 -45.023500000000006 2.0
vertex -113.574 -44.475500000000004 2.0
vertex -115.572 -45.023500000000006 0.0
endloop
endfacet
facet normal -0.16845301916869967 0.9857096835949974 0.0
outer loop
vertex -113.574 -44.475500000000004 2.0
vertex -111.485 -44.118500000000004 2.0
vertex -113.574 -44.475500000000004 0.0
endloop
endfacet
facet normal -0.09480909262799485 0.9954954725939522 0.0
outer loop
vertex -111.485 -44.118500000000004 2.0
vertex -109.238 -43.904500000000006 2.0
vertex -111.485 -44.118500000000004 0.0
endloop
endfacet
facet normal -0.0320780776264074 0.9994853660438427 0.0
outer loop
vertex -109.238 -43.904500000000006 2.0
vertex -106.87 -43.828500000000005 2.0
vertex -109.238 -43.904500000000006 0.0
endloop
endfacet
facet normal 0.021645254429686386 0.9997657140353805 0.0
outer loop
vertex -106.87 -43.828500000000005 2.0
vertex -104.422 -43.8815 2.0
vertex -106.87 -43.828500000000005 0.0
endloop
endfacet
facet normal 0.08598095333194217 0.996296780916274 0.0
outer loop
vertex -104.422 -43.8815 2.0
vertex -99.45100000000001 -44.310500000000005 2.0
vertex -104.422 -43.8815 0.0
endloop
endfacet
facet normal 0.8438536554465286 0.5365733949699066 0.0
outer loop
vertex -91.385 -48.8755 2.0
vertex -89.431 -51.9485 2.0
vertex -91.385 -48.8755 0.0
endloop
endfacet
facet normal 0.1519527012114975 0.9883877663116482 0.0
outer loop
vertex -99.45100000000001 -44.310500000000005 2.0
vertex -94.47500000000001 -45.075500000000005 2.0
vertex -99.45100000000001 -44.310500000000005 0.0
endloop
endfacet
facet normal 0.1988261324085682 0.9800347795213445 0.0
outer loop
vertex -94.47500000000001 -45.075500000000005 2.0
vertex -93.154 -45.343500000000006 2.0
vertex -94.47500000000001 -45.075500000000005 0.0
endloop
endfacet
facet normal 0.8941232055330927 0.44782105056286375 0.0
outer loop
vertex -93.154 -45.343500000000006 2.0
vertex -91.385 -48.8755 2.0
vertex -93.154 -45.343500000000006 0.0
endloop
endfacet
facet normal 0.7872011786850046 0.6166962820359301 0.0
outer loop
vertex -89.431 -51.9485 2.0
vertex -87.203 -54.792500000000004 2.0
vertex -89.431 -51.9485 0.0
endloop
endfacet
facet normal -0.0 0.0 1.0
outer loop
vertex -118.57 -54.74250000000001 2.0
vertex -118.738 -56.702500000000015 2.0
vertex -91.385 -48.8755 2.0
endloop
endfacet
facet normal -0.0 0.0 1.0
outer loop
vertex -118.30499999999999 -52.868500000000004 2.0
vertex -118.57 -54.74250000000001 2.0
vertex -91.385 -48.8755 2.0
endloop
endfacet
facet normal -0.0 0.0 1.0
outer loop
vertex -117.943 -51.08950000000001 2.0
vertex -118.30499999999999 -52.868500000000004 2.0
vertex -91.385 -48.8755 2.0
endloop
endfacet
facet normal -0.0 0.0 1.0
outer loop
vertex -117.482 -49.4025 2.0
vertex -117.943 -51.08950000000001 2.0
vertex -91.385 -48.8755 2.0
endloop
endfacet
facet normal 0.0 0.0 0.9999999999999999
outer loop
vertex -111.485 -44.118500000000004 2.0
vertex -116.922 -47.80850000000001 2.0
vertex -117.482 -49.4025 2.0
endloop
endfacet
facet normal 0.0 0.0 1.0
outer loop
vertex -113.574 -44.475500000000004 2.0
vertex -116.26 -46.30050000000001 2.0
vertex -116.922 -47.80850000000001 2.0
endloop
endfacet
facet normal 0.0 0.0 1.0
outer loop
vertex -113.574 -44.475500000000004 2.0
vertex -115.572 -45.023500000000006 2.0
vertex -116.26 -46.30050000000001 2.0
endloop
endfacet
facet normal 0.0 0.0 1.0
outer loop
vertex -111.485 -44.118500000000004 2.0
vertex -113.574 -44.475500000000004 2.0
vertex -116.922 -47.80850000000001 2.0
endloop
endfacet
facet normal 0.0 0.0 1.0
outer loop
vertex -109.238 -43.904500000000006 2.0
vertex -111.485 -44.118500000000004 2.0
vertex -117.482 -49.4025 2.0
endloop
endfacet
facet normal 0.0 0.0 1.0
outer loop
vertex -106.87 -43.828500000000005 2.0
vertex -109.238 -43.904500000000006 2.0
vertex -117.482 -49.4025 2.0
endloop
endfacet
facet normal 0.0 0.0 1.0
outer loop
vertex -104.422 -43.8815 2.0
vertex -106.87 -43.828500000000005 2.0
vertex -117.482 -49.4025 2.0
endloop
endfacet
facet normal -0.0 0.0 1.0
outer loop
vertex -104.422 -43.8815 2.0
vertex -117.482 -49.4025 2.0
vertex -91.385 -48.8755 2.0
endloop
endfacet
facet normal -0.0 -0.0 1.0
outer loop
vertex -104.422 -43.8815 2.0
vertex -91.385 -48.8755 2.0
vertex -99.45100000000001 -44.310500000000005 2.0
endloop
endfacet
facet normal 0.0 0.0 1.0
outer loop
vertex -91.385 -48.8755 2.0
vertex -94.47500000000001 -45.075500000000005 2.0
vertex -99.45100000000001 -44.310500000000005 2.0
endloop
endfacet
facet normal 0.0 0.0 1.0
outer loop
vertex -91.385 -48.8755 2.0
vertex -93.154 -45.343500000000006 2.0
vertex -94.47500000000001 -45.075500000000005 2.0
endloop
endfacet
facet normal -0.5700449722240736 0.8216134916382855 0.0
outer loop
vertex -71.738 -15.905500000000004 2.0
vertex -65.54899999999999 -11.611500000000007 2.0
vertex -71.738 -15.905500000000004 0.0
endloop
endfacet
facet normal 0.0011720573290432046 -0.9999993131405729 0.0
outer loop
vertex -67.472 -15.900500000000008 2.0
vertex -71.738 -15.905500000000004 2.0
vertex -67.472 -15.900500000000008 0.0
endloop
endfacet
facet normal 0.04831129706519836 -0.9988323275584737 0.0
outer loop
vertex -60.794 -15.5775 2.0
vertex -67.472 -15.900500000000008 2.0
vertex -60.794 -15.5775 0.0
endloop
endfacet
facet normal -0.37539939343192963 0.9268631481566948 0.0
outer loop
vertex -65.54899999999999 -11.611500000000007 2.0
vertex -58.3 -8.675500000000007 2.0
vertex -65.54899999999999 -11.611500000000007 0.0
endloop
endfacet
facet normal 0.09153881780364294 -0.9958015087531809 0.0
outer loop
vertex -53.723 -14.927500000000009 2.0
vertex -60.794 -15.5775 2.0
vertex -53.723 -14.927500000000009 0.0
endloop
endfacet
facet normal 0.12199461058605834 -0.992530762741365 0.0
outer loop
vertex -50.07 -14.478500000000011 2.0
vertex -53.723 -14.927500000000009 2.0
vertex -50.07 -14.478500000000011 0.0
endloop
endfacet
facet normal 0.0466088880910908 -0.9989132152248824 0.0
outer loop
vertex -49.126999999999995 -14.434500000000007 2.0
vertex -50.07 -14.478500000000011 2.0
vertex -49.126999999999995 -14.434500000000007 0.0
endloop
endfacet
facet normal -0.03580897973456242 -0.9993586528220835 0.0
outer loop
vertex -46.699 -14.521500000000003 2.0
vertex -49.126999999999995 -14.434500000000007 2.0
vertex -46.699 -14.521500000000003 0.0
endloop
endfacet
facet normal -0.09753196176526473 -0.995232393179713 0.0
outer loop
vertex -44.25 -14.761500000000005 2.0
vertex -46.699 -14.521500000000003 2.0
vertex -44.25 -14.761500000000005 0.0
endloop
endfacet
facet normal -0.15978640689872012 -0.9871516115422174 0.0
outer loop
vertex -41.785 -15.160500000000006 2.0
vertex -44.25 -14.761500000000005 2.0
vertex -41.785 -15.160500000000006 0.0
endloop
endfacet
facet normal -0.22223526268609325 -0.9749930707542712 0.0
outer loop
vertex -39.315 -15.723500000000001 2.0
vertex -41.785 -15.160500000000006 2.0
vertex -39.315 -15.723500000000001 0.0
endloop
endfacet
facet normal -0.14524057031184567 0.9893963698819043 0.0
outer loop
vertex -58.3 -8.675500000000007 2.0
vertex -51.556 -7.685500000000005 2.0
vertex -58.3 -8.675500000000007 0.0
endloop
endfacet
facet normal 0.09040594661364852 0.9959049978872934 0.0
outer loop
vertex -51.556 -7.685500000000005 2.0
vertex -44.638 -8.313500000000005 2.0
vertex -51.556 -7.685500000000005 0.0
endloop
endfacet
facet normal 0.30158911964612517 0.9534379911200703 0.0
outer loop
vertex -44.638 -8.313500000000005 2.0
vertex -37.86 -10.45750000000001 2.0
vertex -44.638 -8.313500000000005 0.0
endloop
endfacet
facet normal -0.0 0.0 1.0
outer loop
vertex -65.54899999999999 -11.611500000000007 2.0
vertex -71.738 -15.905500000000004 2.0
vertex -67.472 -15.900500000000008 2.0
endloop
endfacet
facet normal -0.0 0.0 0.9999999999999999
outer loop
vertex -65.54899999999999 -11.611500000000007 2.0
vertex -67.472 -15.900500000000008 2.0
vertex -60.794 -15.5775 2.0
endloop
endfacet
facet normal 0.0 0.0 1.0
outer loop
vertex -58.3 -8.675500000000007 2.0
vertex -65.54899999999999 -11.611500000000007 2.0
vertex -60.794 -15.5775 2.0
endloop
endfacet
facet normal -0.0 0.0 1.0
outer loop
vertex -58.3 -8.675500000000007 2.0
vertex -60.794 -15.5775 2.0
vertex -53.723 -14.927500000000009 2.0
endloop
endfacet
facet normal -0.0 0.0 1.0
outer loop
vertex -51.556 -7.685500000000005 2.0
vertex -53.723 -14.927500000000009 2.0
vertex -50.07 -14.478500000000011 2.0
endloop
endfacet
facet normal -0.0 0.0 1.0
outer loop
vertex -51.556 -7.685500000000005 2.0
vertex -50.07 -14.478500000000011 2.0
vertex -49.126999999999995 -14.434500000000007 2.0
endloop
endfacet
facet normal 0.0 0.0 0.9999999999999999
outer loop
vertex -44.638 -8.313500000000005 2.0
vertex -49.126999999999995 -14.434500000000007 2.0
vertex -46.699 -14.521500000000003 2.0
endloop
endfacet
facet normal 0.0 0.0 1.0
outer loop
vertex -44.638 -8.313500000000005 2.0
vertex -46.699 -14.521500000000003 2.0
vertex -44.25 -14.761500000000005 2.0
endloop
endfacet
facet normal 0.0 0.0 1.0
outer loop
vertex -44.638 -8.313500000000005 2.0
vertex -44.25 -14.761500000000005 2.0
vertex -41.785 -15.160500000000006 2.0
endloop
endfacet
facet normal 0.0 0.0 0.9999999999999999
outer loop
vertex -37.86 -10.45750000000001 2.0
vertex -41.785 -15.160500000000006 2.0
vertex -39.315 -15.723500000000001 2.0
endloop
endfacet
facet normal 0.0 0.0 0.9999999999999999
outer loop
vertex -51.556 -7.685500000000005 2.0
vertex -58.3 -8.675500000000007 2.0
vertex -53.723 -14.927500000000009 2.0
endloop
endfacet
facet normal 0.0 0.0 1.0
outer loop
vertex -44.638 -8.313500000000005 2.0
vertex -51.556 -7.685500000000005 2.0
vertex -49.126999999999995 -14.434500000000007 2.0
endloop
endfacet
facet normal 0.0 0.0 1.0
outer loop
vertex -37.86 -10.45750000000001 2.0
vertex -44.638 -8.313500000000005 2.0
vertex -41.785 -15.160500000000006 2.0
endloop
endfacet
facet normal 0.0 0.0 -0.9999999999999999
outer loop
vertex -39.075 -110.5395 0.0
vertex -40.415 -66.88550000000001 0.0
vertex -33.429 -110.4075 0.0
endloop
endfacet
facet normal 0.0 0.0 -1.0
outer loop
vertex -33.429 -110.4075 0.0
vertex -37.109 -65.89750000000001 0.0
vertex -27.637999999999998 -110.04050000000001 0.0
endloop
endfacet
facet normal 0.0 0.0 -1.0
outer loop
vertex -27.637999999999998 -110.04050000000001 0.0
vertex -33.982 -64.6645 0.0
vertex -23.177999999999997 -109.64850000000001 0.0
endloop
endfacet
facet normal 0.0 0.0 -1.0
outer loop
vertex -23.177999999999997 -109.64850000000001 0.0
vertex -33.982 -64.6645 0.0
vertex -18.91 -108.9705 0.0
endloop
endfacet
facet normal 0.0 0.0 -1.0
outer loop
vertex -18.91 -108.9705 0.0
vertex -33.982 -64.6645 0.0
vertex -14.701999999999998 -108.0005 0.0
endloop
endfacet
facet normal 0.0 0.0 -0.9999999999999999
outer loop
vertex -14.701999999999998 -108.0005 0.0
vertex -31.051000000000002 -63.191500000000005 0.0
vertex -10.567 -106.74350000000001 0.0
endloop
endfacet
facet normal 0.0 0.0 -1.0
outer loop
vertex -10.567 -106.74350000000001 0.0
vertex -31.051000000000002 -63.191500000000005 0.0
vertex -6.515999999999998 -105.20450000000001 0.0
endloop
endfacet
facet normal 0.0 0.0 -1.0
outer loop
vertex -6.515999999999998 -105.20450000000001 0.0
vertex -28.338 -61.480500000000006 0.0
vertex -2.5619999999999976 -103.3905 0.0
endloop
endfacet
facet normal 0.0 0.0 -1.0
outer loop
vertex -2.5619999999999976 -103.3905 0.0
vertex -28.338 -61.480500000000006 0.0
vertex 1.2809999999999988 -101.30550000000001 0.0
endloop
endfacet
facet normal 0.0 0.0 -1.0
outer loop
vertex 1.2809999999999988 -101.30550000000001 0.0
vertex -25.865000000000002 -59.52850000000001 0.0
vertex 5.000999999999998 -98.95750000000001 0.0
endloop
endfacet
facet normal 0.0 0.0 -1.0
outer loop
vertex 5.000999999999998 -98.95750000000001 0.0
vertex -25.865000000000002 -59.52850000000001 0.0
vertex 8.584000000000003 -96.35050000000001 0.0
endloop
endfacet
facet normal 0.0 0.0 -0.9999999999999999
outer loop
vertex 8.584000000000003 -96.35050000000001 0.0
vertex -23.854999999999997 -57.5305 0.0
vertex 12.018 -93.4915 0.0
endloop
endfacet
facet normal 0.023372996718739384 -0.9997268141969513 0.0
outer loop
vertex -39.075 -110.5395 2.0
vertex -39.075 -110.5395 0.0
vertex -33.429 -110.4075 0.0
endloop
endfacet
facet normal 0.06324731885043682 -0.9979978840950672 0.0
outer loop
vertex -33.429 -110.4075 2.0
vertex -33.429 -110.4075 0.0
vertex -27.637999999999998 -110.04050000000001 0.0
endloop
endfacet
facet normal 0.08755484365137067 -0.9961597007273403 0.0
outer loop
vertex -27.637999999999998 -110.04050000000001 2.0
vertex -27.637999999999998 -110.04050000000001 0.0
vertex -23.177999999999997 -109.64850000000001 0.0
endloop
endfacet
facet normal 0.15688935654838496 -0.9876161854697569 0.0
outer loop
vertex -23.177999999999997 -109.64850000000001 2.0
vertex -23.177999999999997 -109.64850000000001 0.0
vertex -18.91 -108.9705 0.0
endloop
endfacet
facet normal 0.2246227264228275 -0.9744458069971749 0.0
outer loop
vertex -18.91 -108.9705 2.0
vertex -18.91 -108.9705 0.0
vertex -14.701999999999998 -108.0005 0.0
endloop
endfacet
facet normal 0.29084855247546076 -0.9567691046030538 0.0
outer loop
vertex -14.701999999999998 -108.0005 2.0
vertex -14.701999999999998 -108.0005 0.0
vertex -10.567 -106.74350000000001 0.0
endloop
endfacet
facet normal 0.35514113485041404 -0.9348126947881914 0.0
outer loop
vertex -10.567 -106.74350000000001 2.0
vertex -10.567 -106.74350000000001 0.0
vertex -6.515999999999998 -105.20450000000001 0.0
endloop
endfacet
facet normal 0.4169871225112806 -0.90891239383109 0.0
outer loop
vertex -6.515999999999998 -105.20450000000001 2.0
vertex -6.515999999999998 -105.20450000000001 0.0
vertex -2.5619999999999976 -103.3905 0.0
endloop
endfacet
facet normal 0.4768798581962645 -0.8789684868336921 0.0
outer loop
vertex -2.5619999999999976 -103.3905 2.0
vertex -2.5619999999999976 -103.3905 0.0
vertex 1.2809999999999988 -101.30550000000001 0.0
endloop
endfacet
facet normal 0.0 0.0 -1.0
outer loop
vertex -33.429 -110.4075 0.0
vertex -40.415 -66.88550000000001 0.0
vertex -37.109 -65.89750000000001 0.0
endloop
endfacet
facet normal 0.0 0.0 -1.0
outer loop
vertex -27.637999999999998 -110.04050000000001 0.0
vertex -37.109 -65.89750000000001 0.0
vertex -33.982 -64.6645 0.0
endloop
endfacet
facet normal 0.0 0.0 -1.0
outer loop
vertex -14.701999999999998 -108.0005 0.0
vertex -33.982 -64.6645 0.0
vertex -31.051000000000002 -63.191500000000005 0.0
endloop
endfacet
facet normal 0.0 0.0 -1.0
outer loop
vertex -6.515999999999998 -105.20450000000001 0.0
vertex -31.051000000000002 -63.191500000000005 0.0
vertex -28.338 -61.480500000000006 0.0
endloop
endfacet
facet normal 0.0 0.0 -1.0
outer loop
vertex 1.2809999999999988 -101.30550000000001 0.0
vertex -28.338 -61.480500000000006 0.0
vertex -25.865000000000002 -59.52850000000001 0.0
endloop
endfacet
facet normal 0.0 0.0 -1.0
outer loop
vertex 8.584000000000003 -96.35050000000001 0.0
vertex -25.865000000000002 -59.52850000000001 0.0
vertex -23.854999999999997 -57.5305 0.0
endloop
endfacet
facet normal 0.0 0.0 -1.0
outer loop
vertex 12.018 -93.4915 0.0
vertex -23.854999999999997 -57.5305 0.0
vertex -21.502 -55.464500000000015 0.0
endloop
endfacet
facet normal 0.0 0.0 -0.9999999999999999
outer loop
vertex 12.018 -93.4915 0.0
vertex -21.502 -55.464500000000015 0.0
vertex -19.775 -53.62350000000001 0.0
endloop
endfacet
facet normal 0.0 0.0 -1.0
outer loop
vertex 12.018 -93.4915 0.0
vertex -19.775 -53.62350000000001 0.0
vertex -17.955 -51.203500000000005 0.0
endloop
endfacet
facet normal 0.0 0.0 -1.0
outer loop
vertex 12.018 -93.4915 0.0
vertex -17.955 -51.203500000000005 0.0
vertex -16.492 -48.57750000000001 0.0
endloop
endfacet
facet normal 0.0 0.0 -1.0
outer loop
vertex 12.018 -93.4915 0.0
vertex -16.492 -48.57750000000001 0.0
vertex -16.092 -47.6495 0.0
endloop
endfacet
facet normal 0.0 0.0 -1.0
outer loop
vertex 12.018 -93.4915 0.0
vertex -16.092 -47.6495 0.0
vertex -15.447 -45.746500000000005 0.0
endloop
endfacet
facet normal 0.0 0.0 -1.0
outer loop
vertex 12.018 -93.4915 0.0
vertex -15.447 -45.746500000000005 0.0
vertex -15.195999999999998 -44.72050000000001 0.0
endloop
endfacet
facet normal 0.0 0.0 -1.0
outer loop
vertex 12.018 -93.4915 0.0
vertex -15.195999999999998 -44.72050000000001 0.0
vertex -14.896999999999998 -42.795500000000004 0.0
endloop
endfacet
facet normal 0.0 0.0 -1.0
outer loop
vertex 12.018 -93.4915 0.0
vertex -14.896999999999998 -42.795500000000004 0.0
vertex -14.828 -41.72650000000001 0.0
endloop
endfacet
facet normal 0.0 0.0 -1.0
outer loop
vertex 12.018 -93.4915 0.0
vertex -14.828 -41.72650000000001 0.0
vertex -14.870000000000001 -39.8145 0.0
endloop
endfacet
facet normal 0.0 0.0 -1.0
outer loop
vertex 12.018 -93.4915 0.0
vertex -14.870000000000001 -39.8145 0.0
vertex -14.985 -38.761500000000005 0.0
endloop
endfacet
facet normal 0.0 0.0 -1.0
outer loop
vertex 12.018 -93.4915 0.0
vertex -14.985 -38.761500000000005 0.0
vertex -15.36 -36.859500000000004 0.0
endloop
endfacet
facet normal -0.2863373609809088 0.95812886174381 0.0
outer loop
vertex -37.109 -65.89750000000001 2.0
vertex -37.109 -65.89750000000001 0.0
vertex -40.415 -66.88550000000001 0.0
endloop
endfacet
facet normal -0.3668210566935756 0.930291520097979 0.0
outer loop
vertex -33.982 -64.6645 2.0
vertex -33.982 -64.6645 0.0
vertex -37.109 -65.89750000000001 0.0
endloop
endfacet
facet normal -0.4490417510185372 0.8935107754482908 0.0
outer loop
vertex -31.051000000000002 -63.191500000000005 2.0
vertex -31.051000000000002 -63.191500000000005 0.0
vertex -33.982 -64.6645 0.0
endloop
endfacet
facet normal -0.5334415665261697 0.8458369199213912 0.0
outer loop
vertex -28.338 -61.480500000000006 2.0
vertex -28.338 -61.480500000000006 0.0
vertex -31.051000000000002 -63.191500000000005 0.0
endloop
endfacet
facet normal -0.6195722472191921 0.7849396349247248 0.0
outer loop
vertex -25.865000000000002 -59.52850000000001 2.0
vertex -25.865000000000002 -59.52850000000001 0.0
vertex -28.338 -61.480500000000006 0.0
endloop
endfacet
facet normal -0.7049865352347924 0.7092206885995661 0.0
outer loop
vertex -23.854999999999997 -57.5305 2.0
vertex -23.854999999999997 -57.5305 0.0
vertex -25.865000000000002 -59.52850000000001 0.0
endloop
endfacet
facet normal -0.6597923766276169 0.7514479487922507 0.0
outer loop
vertex -21.502 -55.464500000000015 2.0
vertex -21.502 -55.464500000000015 0.0
vertex -23.854999999999997 -57.5305 0.0
endloop
endfacet
facet normal 0.5337534934737268 -0.8456401174285622 0.0
outer loop
vertex 1.2809999999999988 -101.30550000000001 2.0
vertex 1.2809999999999988 -101.30550000000001 0.0
vertex 5.000999999999998 -98.95750000000001 0.0
endloop
endfacet
facet normal 0.5883461280489813 -0.8086091970845816 0.0
outer loop
vertex 5.000999999999998 -98.95750000000001 2.0
vertex 5.000999999999998 -98.95750000000001 0.0
vertex 8.584000000000003 -96.35050000000001 0.0
endloop
endfacet
facet normal 0.6398321291924642 -0.7685147015204314 0.0
outer loop
vertex 8.584000000000003 -96.35050000000001 2.0
vertex 8.584000000000003 -96.35050000000001 0.0
vertex 12.018 -93.4915 0.0
endloop
endfacet
facet normal 0.6884638724331775 -0.7252706366276752 0.0
outer loop
vertex 12.018 -93.4915 2.0
vertex 12.018 -93.4915 0.0
vertex 15.289000000000001 -90.38650000000001 0.0
endloop
endfacet
facet normal 0.7340080905495817 -0.6791407240092121 0.0
outer loop
vertex 15.289000000000001 -90.38650000000001 2.0
vertex 15.289000000000001 -90.38650000000001 0.0
vertex 18.532000000000004 -86.8815 0.0
endloop
endfacet
facet normal 0.7059641944246156 -0.7082475246623906 0.0
outer loop
vertex 18.532000000000004 -86.8815 2.0
vertex 18.532000000000004 -86.8815 0.0
vertex 21.944000000000003 -83.4805 0.0
endloop
endfacet
facet normal 0.0 0.0 -1.0
outer loop
vertex 12.018 -93.4915 0.0
vertex -4.865000000000002 -26.041500000000006 0.0
vertex 15.289000000000001 -90.38650000000001 0.0
endloop
endfacet
facet normal 0.0 0.0 -1.0
outer loop
vertex 15.289000000000001 -90.38650000000001 0.0
vertex -4.865000000000002 -26.041500000000006 0.0
vertex 18.532000000000004 -86.8815 0.0
endloop
endfacet
facet normal 0.0 0.0 -1.0
outer loop
vertex 18.532000000000004 -86.8815 0.0
vertex -4.865000000000002 -26.041500000000006 0.0
vertex 21.944000000000003 -83.4805 0.0
endloop
endfacet
facet normal 0.0 0.0 -1.0
outer loop
vertex 21.944000000000003 -83.4805 0.0
vertex -4.865000000000002 -26.041500000000006 0.0
vertex 24.788000000000004 -80.22250000000001 0.0
endloop
endfacet
facet normal 0.0 0.0 -1.0
outer loop
vertex 24.788000000000004 -80.22250000000001 0.0
vertex -4.865000000000002 -26.041500000000006 0.0
vertex 27.394000000000005 -76.76150000000001 0.0
endloop
endfacet
facet normal 0.0 0.0 -1.0
outer loop
vertex 27.394000000000005 -76.76150000000001 0.0
vertex -4.865000000000002 -26.041500000000006 0.0
vertex 29.763999999999996 -73.0805 0.0
endloop
endfacet
facet normal 0.0 0.0 -0.9999999999999999
outer loop
vertex 29.763999999999996 -73.0805 0.0
vertex -4.865000000000002 -26.041500000000006 0.0
vertex 31.899 -69.1615 0.0
endloop
endfacet
facet normal 0.7533496729627877 -0.6576201565089539 0.0
outer loop
vertex 21.944000000000003 -83.4805 2.0
vertex 21.944000000000003 -83.4805 0.0
vertex 24.788000000000004 -80.22250000000001 0.0
endloop
endfacet
facet normal 0.7988629398769566 -0.6015130948625689 0.0
outer loop
vertex 24.788000000000004 -80.22250000000001 2.0
vertex 24.788000000000004 -80.22250000000001 0.0
vertex 27.394000000000005 -76.76150000000001 0.0
endloop
endfacet
facet normal 0.8407997747285163 -0.5413462282278102 0.0
outer loop
vertex 27.394000000000005 -76.76150000000001 2.0
vertex 27.394000000000005 -76.76150000000001 0.0
vertex 29.763999999999996 -73.0805 0.0
endloop
endfacet
facet normal 0.8781437910212835 -0.47839678331983826 0.0
outer loop
vertex 29.763999999999996 -73.0805 2.0
vertex 29.763999999999996 -73.0805 0.0
vertex 31.899 -69.1615 0.0
endloop
endfacet
facet normal 0.9101349560381168 -0.41431191365623943 0.0
outer loop
vertex 31.899 -69.1615 2.0
vertex 31.899 -69.1615 0.0
vertex 33.8 -64.9855 0.0
endloop
endfacet
facet normal 0.9368470307160297 -0.3497393901729667 0.0
outer loop
vertex 33.8 -64.9855 2.0
vertex 33.8 -64.9855 0.0
vertex 35.462 -60.533500000000004 0.0
endloop
endfacet
facet normal 0.9580205576700843 -0.2866995135703941 0.0
outer loop
vertex 35.462 -60.533500000000004 2.0
vertex 35.462 -60.533500000000004 0.0
vertex 36.882000000000005 -55.7885 0.0
endloop
endfacet
facet normal 0.023372996718739384 -0.9997268141969513 0.0
outer loop
vertex -33.429 -110.4075 2.0
vertex -39.075 -110.5395 2.0
vertex -33.429 -110.4075 0.0
endloop
endfacet
facet normal 0.06324731885043682 -0.9979978840950672 0.0
outer loop
vertex -27.637999999999998 -110.04050000000001 2.0
vertex -33.429 -110.4075 2.0
vertex -27.637999999999998 -110.04050000000001 0.0
endloop
endfacet
facet normal 0.08755484365137067 -0.9961597007273403 0.0
outer loop
vertex -23.177999999999997 -109.64850000000001 2.0
vertex -27.637999999999998 -110.04050000000001 2.0
vertex -23.177999999999997 -109.64850000000001 0.0
endloop
endfacet
facet normal 0.15688935654838496 -0.9876161854697569 0.0
outer loop
vertex -18.91 -108.9705 2.0
vertex -23.177999999999997 -109.64850000000001 2.0
vertex -18.91 -108.9705 0.0
endloop
endfacet
facet normal 0.2246227264228275 -0.9744458069971749 0.0
outer loop
vertex -14.701999999999998 -108.0005 2.0
vertex -18.91 -108.9705 2.0
vertex -14.701999999999998 -108.0005 0.0
endloop
endfacet
facet normal 0.29084855247546076 -0.9567691046030538 0.0
outer loop
vertex -10.567 -106.74350000000001 2.0
vertex -14.701999999999998 -108.0005 2.0
vertex -10.567 -106.74350000000001 0.0
endloop
endfacet
facet normal 0.35514113485041404 -0.9348126947881914 0.0
outer loop
vertex -6.515999999999998 -105.20450000000001 2.0
vertex -10.567 -106.74350000000001 2.0
vertex -6.515999999999998 -105.20450000000001 0.0
endloop
endfacet
facet normal 0.4169871225112806 -0.90891239383109 0.0
outer loop
vertex -2.5619999999999976 -103.3905 2.0
vertex -6.515999999999998 -105.20450000000001 2.0
vertex -2.5619999999999976 -103.3905 0.0
endloop
endfacet
facet normal 0.4768798581962645 -0.8789684868336921 0.0
outer loop
vertex 1.2809999999999988 -101.30550000000001 2.0
vertex -2.5619999999999976 -103.3905 2.0
vertex 1.2809999999999988 -101.30550000000001 0.0
endloop
endfacet
facet normal 0.0 -0.0 0.9999999999999999
outer loop
vertex -39.075 -110.5395 2.0
vertex -33.429 -110.4075 2.0
vertex -40.415 -66.88550000000001 2.0
endloop
endfacet
facet normal 0.0 -0.0 1.0
outer loop
vertex -33.429 -110.4075 2.0
vertex -27.637999999999998 -110.04050000000001 2.0
vertex -37.109 -65.89750000000001 2.0
endloop
endfacet
facet normal 0.0 -0.0 0.9999999999999999
outer loop
vertex -27.637999999999998 -110.04050000000001 2.0
vertex -23.177999999999997 -109.64850000000001 2.0
vertex -33.982 -64.6645 2.0
endloop
endfacet
facet normal 0.0 -0.0 0.9999999999999999
outer loop
vertex -23.177999999999997 -109.64850000000001 2.0
vertex -18.91 -108.9705 2.0
vertex -33.982 -64.6645 2.0
endloop
endfacet
facet normal 0.0 -0.0 1.0
outer loop
vertex -18.91 -108.9705 2.0
vertex -14.701999999999998 -108.0005 2.0
vertex -33.982 -64.6645 2.0
endloop
endfacet
facet normal 0.0 -0.0 1.0
outer loop
vertex -14.701999999999998 -108.0005 2.0
vertex -10.567 -106.74350000000001 2.0
vertex -31.051000000000002 -63.191500000000005 2.0
endloop
endfacet
facet normal 0.0 -0.0 1.0
outer loop
vertex -10.567 -106.74350000000001 2.0
vertex -6.515999999999998 -105.20450000000001 2.0
vertex -31.051000000000002 -63.191500000000005 2.0
endloop
endfacet
facet normal 0.0 -0.0 1.0
outer loop
vertex -6.515999999999998 -105.20450000000001 2.0
vertex -2.5619999999999976 -103.3905 2.0
vertex -28.338 -61.480500000000006 2.0
endloop
endfacet
facet normal 0.0 -0.0 1.0
outer loop
vertex -2.5619999999999976 -103.3905 2.0
vertex 1.2809999999999988 -101.30550000000001 2.0
vertex -28.338 -61.480500000000006 2.0
endloop
endfacet
facet normal 0.0 -0.0 1.0
outer loop
vertex 1.2809999999999988 -101.30550000000001 2.0
vertex 5.000999999999998 -98.95750000000001 2.0
vertex -25.865000000000002 -59.52850000000001 2.0
endloop
endfacet
facet normal 0.0 -0.0 1.0
outer loop
vertex 5.000999999999998 -98.95750000000001 2.0
vertex 8.584000000000003 -96.35050000000001 2.0
vertex -25.865000000000002 -59.52850000000001 2.0
endloop
endfacet
facet normal 0.0 -0.0 1.0
outer loop
vertex 8.584000000000003 -96.35050000000001 2.0
vertex 12.018 -93.4915 2.0
vertex -23.854999999999997 -57.5305 2.0
endloop
endfacet
facet normal -0.3668210566935756 0.930291520097979 0.0
outer loop
vertex -37.109 -65.89750000000001 2.0
vertex -33.982 -64.6645 2.0
vertex -37.109 -65.89750000000001 0.0
endloop
endfacet
facet normal -0.4490417510185372 0.8935107754482908 0.0
outer loop
vertex -33.982 -64.6645 2.0
vertex -31.051000000000002 -63.191500000000005 2.0
vertex -33.982 -64.6645 0.0
endloop
endfacet
facet normal -0.5334415665261697 0.8458369199213912 0.0
outer loop
vertex -31.051000000000002 -63.191500000000005 2.0
vertex -28.338 -61.480500000000006 2.0
vertex -31.051000000000002 -63.191500000000005 0.0
endloop
endfacet
facet normal -0.6195722472191921 0.7849396349247248 0.0
outer loop
vertex -28.338 -61.480500000000006 2.0
vertex -25.865000000000002 -59.52850000000001 2.0
vertex -28.338 -61.480500000000006 0.0
endloop
endfacet
facet normal -0.7049865352347924 0.7092206885995661 0.0
outer loop
vertex -25.865000000000002 -59.52850000000001 2.0
vertex -23.854999999999997 -57.5305 2.0
vertex -25.865000000000002 -59.52850000000001 0.0
endloop
endfacet
facet normal -0.6597923766276169 0.7514479487922507 0.0
outer loop
vertex -23.854999999999997 -57.5305 2.0
vertex -21.502 -55.464500000000015 2.0
vertex -23.854999999999997 -57.5305 0.0
endloop
endfacet
facet normal -0.7293271482733678 0.6841651195372627 0.0
outer loop
vertex -21.502 -55.464500000000015 2.0
vertex -19.775 -53.62350000000001 2.0
vertex -21.502 -55.464500000000015 0.0
endloop
endfacet
facet normal 0.0 0.0 1.0
outer loop
vertex -33.429 -110.4075 2.0
vertex -37.109 -65.89750000000001 2.0
vertex -40.415 -66.88550000000001 2.0
endloop
endfacet
facet normal 0.0 0.0 1.0
outer loop
vertex -27.637999999999998 -110.04050000000001 2.0
vertex -33.982 -64.6645 2.0
vertex -37.109 -65.89750000000001 2.0
endloop
endfacet
facet normal 0.0 0.0 1.0
outer loop
vertex -14.701999999999998 -108.0005 2.0
vertex -31.051000000000002 -63.191500000000005 2.0
vertex -33.982 -64.6645 2.0
endloop
endfacet
facet normal 0.0 0.0 1.0
outer loop
vertex -6.515999999999998 -105.20450000000001 2.0
vertex -28.338 -61.480500000000006 2.0
vertex -31.051000000000002 -63.191500000000005 2.0
endloop
endfacet
facet normal 0.0 0.0 1.0
outer loop
vertex 1.2809999999999988 -101.30550000000001 2.0
vertex -25.865000000000002 -59.52850000000001 2.0
vertex -28.338 -61.480500000000006 2.0
endloop
endfacet
facet normal 0.0 0.0 1.0
outer loop
vertex 8.584000000000003 -96.35050000000001 2.0
vertex -23.854999999999997 -57.5305 2.0
vertex -25.865000000000002 -59.52850000000001 2.0
endloop
endfacet
facet normal 0.0 0.0 1.0
outer loop
vertex 12.018 -93.4915 2.0
vertex -21.502 -55.464500000000015 2.0
vertex -23.854999999999997 -57.5305 2.0
endloop
endfacet
facet normal 0.0 0.0 0.9999999999999999
outer loop
vertex 12.018 -93.4915 2.0
vertex -19.775 -53.62350000000001 2.0
vertex -21.502 -55.464500000000015 2.0
endloop
endfacet
facet normal 0.0 0.0 1.0
outer loop
vertex 12.018 -93.4915 2.0
vertex -17.955 -51.203500000000005 2.0
vertex -19.775 -53.62350000000001 2.0
endloop
endfacet
facet normal 0.0 0.0 1.0
outer loop
vertex 12.018 -93.4915 2.0
vertex -16.492 -48.57750000000001 2.0
vertex -17.955 -51.203500000000005 2.0
endloop
endfacet
facet normal 0.0 0.0 1.0
outer loop
vertex 12.018 -93.4915 2.0
vertex -16.092 -47.6495 2.0
vertex -16.492 -48.57750000000001 2.0
endloop
endfacet
facet normal 0.0 0.0 1.0
outer loop
vertex 12.018 -93.4915 2.0
vertex -15.447 -45.746500000000005 2.0
vertex -16.092 -47.6495 2.0
endloop
endfacet
facet normal 0.0 0.0 1.0
outer loop
vertex 12.018 -93.4915 2.0
vertex -15.195999999999998 -44.72050000000001 2.0
vertex -15.447 -45.746500000000005 2.0
endloop
endfacet
facet normal 0.0 0.0 1.0
outer loop
vertex 12.018 -93.4915 2.0
vertex -14.896999999999998 -42.795500000000004 2.0
vertex -15.195999999999998 -44.72050000000001 2.0
endloop
endfacet
facet normal 0.0 0.0 1.0
outer loop
vertex 12.018 -93.4915 2.0
vertex -14.828 -41.72650000000001 2.0
vertex -14.896999999999998 -42.795500000000004 2.0
endloop
endfacet
facet normal 0.0 0.0 1.0
outer loop
vertex 12.018 -93.4915 2.0
vertex -14.870000000000001 -39.8145 2.0
vertex -14.828 -41.72650000000001 2.0
endloop
endfacet
facet normal 0.0 0.0 1.0
outer loop
vertex 12.018 -93.4915 2.0
vertex -14.985 -38.761500000000005 2.0
vertex -14.870000000000001 -39.8145 2.0
endloop
endfacet
facet normal 0.0 0.0 1.0
outer loop
vertex 12.018 -93.4915 2.0
vertex -15.36 -36.859500000000004 2.0
vertex -14.985 -38.761500000000005 2.0
endloop
endfacet
facet normal 0.5337534934737268 -0.8456401174285622 0.0
outer loop
vertex 5.000999999999998 -98.95750000000001 2.0
vertex 1.2809999999999988 -101.30550000000001 2.0
vertex 5.000999999999998 -98.95750000000001 0.0
endloop
endfacet
facet normal 0.5883461280489813 -0.8086091970845816 0.0
outer loop
vertex 8.584000000000003 -96.35050000000001 2.0
vertex 5.000999999999998 -98.95750000000001 2.0
vertex 8.584000000000003 -96.35050000000001 0.0
endloop
endfacet
facet normal 0.6398321291924642 -0.7685147015204314 0.0
outer loop
vertex 12.018 -93.4915 2.0
vertex 8.584000000000003 -96.35050000000001 2.0
vertex 12.018 -93.4915 0.0
endloop
endfacet
facet normal 0.6884638724331775 -0.7252706366276752 0.0
outer loop
vertex 15.289000000000001 -90.38650000000001 2.0
vertex 12.018 -93.4915 2.0
vertex 15.289000000000001 -90.38650000000001 0.0
endloop
endfacet
facet normal 0.7340080905495817 -0.6791407240092121 0.0
outer loop
vertex 18.532000000000004 -86.8815 2.0
vertex 15.289000000000001 -90.38650000000001 2.0
vertex 18.532000000000004 -86.8815 0.0
endloop
endfacet
facet normal 0.7059641944246156 -0.7082475246623906 0.0
outer loop
vertex 21.944000000000003 -83.4805 2.0
vertex 18.532000000000004 -86.8815 2.0
vertex 21.944000000000003 -83.4805 0.0
endloop
endfacet
facet normal 0.7533496729627877 -0.6576201565089539 0.0
outer loop
vertex 24.788000000000004 -80.22250000000001 2.0
vertex 21.944000000000003 -83.4805 2.0
vertex 24.788000000000004 -80.22250000000001 0.0
endloop
endfacet
facet normal 0.7988629398769566 -0.6015130948625689 0.0
outer loop
vertex 27.394000000000005 -76.76150000000001 2.0
vertex 24.788000000000004 -80.22250000000001 2.0
vertex 27.394000000000005 -76.76150000000001 0.0
endloop
endfacet
facet normal 0.8407997747285163 -0.5413462282278102 0.0
outer loop
vertex 29.763999999999996 -73.0805 2.0
vertex 27.394000000000005 -76.76150000000001 2.0
vertex 29.763999999999996 -73.0805 0.0
endloop
endfacet
facet normal 0.8781437910212835 -0.47839678331983826 0.0
outer loop
vertex 31.899 -69.1615 2.0
vertex 29.763999999999996 -73.0805 2.0
vertex 31.899 -69.1615 0.0
endloop
endfacet
facet normal 0.9101349560381168 -0.41431191365623943 0.0
outer loop
vertex 33.8 -64.9855 2.0
vertex 31.899 -69.1615 2.0
vertex 33.8 -64.9855 0.0
endloop
endfacet
facet normal 0.9368470307160297 -0.3497393901729667 0.0
outer loop
vertex 35.462 -60.533500000000004 2.0
vertex 33.8 -64.9855 2.0
vertex 35.462 -60.533500000000004 0.0
endloop
endfacet
facet normal 0.9580205576700843 -0.2866995135703941 0.0
outer loop
vertex 36.882000000000005 -55.7885 2.0
vertex 35.462 -60.533500000000004 2.0
vertex 36.882000000000005 -55.7885 0.0
endloop
endfacet
facet normal 0.0 -0.0 1.0
outer loop
vertex 12.018 -93.4915 2.0
vertex 15.289000000000001 -90.38650000000001 2.0
vertex -4.865000000000002 -26.041500000000006 2.0
endloop
endfacet
facet normal 0.0 -0.0 1.0
outer loop
vertex 15.289000000000001 -90.38650000000001 2.0
vertex 18.532000000000004 -86.8815 2.0
vertex -4.865000000000002 -26.041500000000006 2.0
endloop
endfacet
facet normal 0.0 -0.0 1.0
outer loop
vertex 18.532000000000004 -86.8815 2.0
vertex 21.944000000000003 -83.4805 2.0
vertex -4.865000000000002 -26.041500000000006 2.0
endloop
endfacet
facet normal 0.0 -0.0 1.0
outer loop
vertex 21.944000000000003 -83.4805 2.0
vertex 24.788000000000004 -80.22250000000001 2.0
vertex -4.865000000000002 -26.041500000000006 2.0
endloop
endfacet
facet normal 0.0 -0.0 0.9999999999999999
outer loop
vertex 24.788000000000004 -80.22250000000001 2.0
vertex 27.394000000000005 -76.76150000000001 2.0
vertex -4.865000000000002 -26.041500000000006 2.0
endloop
endfacet
facet normal 0.0 -0.0 0.9999999999999999
outer loop
vertex 27.394000000000005 -76.76150000000001 2.0
vertex 29.763999999999996 -73.0805 2.0
vertex -4.865000000000002 -26.041500000000006 2.0
endloop
endfacet
facet normal 0.0 -0.0 1.0
outer loop
vertex 29.763999999999996 -73.0805 2.0
vertex 31.899 -69.1615 2.0
vertex -4.865000000000002 -26.041500000000006 2.0
endloop
endfacet
facet normal 0.0 0.0 -1.0
outer loop
vertex 12.018 -93.4915 0.0
vertex -15.36 -36.859500000000004 0.0
vertex -4.865000000000002 -26.041500000000006 0.0
endloop
endfacet
facet normal -0.0 0.0 -1.0
outer loop
vertex -11.344999999999999 -25.763500000000008 0.0
vertex -15.631 -35.90350000000001 0.0
vertex -16.698 -33.2135 0.0
endloop
endfacet
facet normal -0.0 0.0 -1.0
outer loop
vertex -12.346 -25.568500000000007 0.0
vertex -16.698 -33.2135 0.0
vertex -18.128999999999998 -30.695500000000003 0.0
endloop
endfacet
facet normal -0.0 0.0 -1.0
outer loop
vertex -12.346 -25.568500000000007 0.0
vertex -18.128999999999998 -30.695500000000003 0.0
vertex -19.909 -28.30850000000001 0.0
endloop
endfacet
facet normal -0.0 0.0 -1.0
outer loop
vertex -4.865000000000002 -26.041500000000006 0.0
vertex -15.36 -36.859500000000004 0.0
vertex -15.631 -35.90350000000001 0.0
endloop
endfacet
facet normal -0.0 0.0 -1.0
outer loop
vertex -11.344999999999999 -25.763500000000008 0.0
vertex -16.698 -33.2135 0.0
vertex -12.346 -25.568500000000007 0.0
endloop
endfacet
facet normal -0.0 0.0 -1.0
outer loop
vertex -4.865000000000002 -26.041500000000006 0.0
vertex -15.631 -35.90350000000001 0.0
vertex -11.344999999999999 -25.763500000000008 0.0
endloop
endfacet
facet normal -0.7293271482733678 0.6841651195372627 0.0
outer loop
vertex -19.775 -53.62350000000001 2.0
vertex -19.775 -53.62350000000001 0.0
vertex -21.502 -55.464500000000015 0.0
endloop
endfacet
facet normal -0.8016492976279244 -0.5977946165805238 -0.0
outer loop
vertex -19.909 -28.30850000000001 2.0
vertex -19.909 -28.30850000000001 0.0
vertex -18.128999999999998 -30.695500000000003 0.0
endloop
endfacet
facet normal -0.7992067002940836 0.6010562787335667 0.0
outer loop
vertex -17.955 -51.203500000000005 2.0
vertex -17.955 -51.203500000000005 0.0
vertex -19.775 -53.62350000000001 0.0
endloop
endfacet
facet normal -0.8735760583324113 0.486687651690905 0.0
outer loop
vertex -16.492 -48.57750000000001 2.0
vertex -16.492 -48.57750000000001 0.0
vertex -17.955 -51.203500000000005 0.0
endloop
endfacet
facet normal -0.9183240863665192 0.3958293475717758 0.0
outer loop
vertex -16.092 -47.6495 2.0
vertex -16.092 -47.6495 0.0
vertex -16.492 -48.57750000000001 0.0
endloop
endfacet
facet normal -0.9470787020735701 0.32100145183260786 0.0
outer loop
vertex -15.447 -45.746500000000005 2.0
vertex -15.447 -45.746500000000005 0.0
vertex -16.092 -47.6495 0.0
endloop
endfacet
facet normal -0.9713553147307936 0.23763175828209676 0.0
outer loop
vertex -15.195999999999998 -44.72050000000001 2.0
vertex -15.195999999999998 -44.72050000000001 0.0
vertex -15.447 -45.746500000000005 0.0
endloop
endfacet
facet normal -0.9881510945382262 0.15348424793087195 0.0
outer loop
vertex -14.896999999999998 -42.795500000000004 2.0
vertex -14.896999999999998 -42.795500000000004 0.0
vertex -15.195999999999998 -44.72050000000001 0.0
endloop
endfacet
facet normal -0.9979233737798237 0.0644122664086129 0.0
outer loop
vertex -14.828 -41.72650000000001 2.0
vertex -14.828 -41.72650000000001 0.0
vertex -14.896999999999998 -42.795500000000004 0.0
endloop
endfacet
facet normal -0.9997588231189566 -0.021961229378136837 -0.0
outer loop
vertex -14.870000000000001 -39.8145 2.0
vertex -14.870000000000001 -39.8145 0.0
vertex -14.828 -41.72650000000001 0.0
endloop
endfacet
facet normal -0.9940892161412552 -0.10856624867639421 -0.0
outer loop
vertex -14.985 -38.761500000000005 2.0
vertex -14.985 -38.761500000000005 0.0
vertex -14.870000000000001 -39.8145 0.0
endloop
endfacet
facet normal -0.9811126896632287 -0.1934370444919614 -0.0
outer loop
vertex -15.36 -36.859500000000004 2.0
vertex -15.36 -36.859500000000004 0.0
vertex -14.985 -38.761500000000005 0.0
endloop
endfacet
facet normal -0.9620915250403907 -0.2727267816798617 -0.0
outer loop
vertex -15.631 -35.90350000000001 2.0
vertex -15.631 -35.90350000000001 0.0
vertex -15.36 -36.859500000000004 0.0
endloop
endfacet
facet normal -0.9295452347481558 -0.3687080912551229 -0.0
outer loop
vertex -16.698 -33.2135 2.0
vertex -16.698 -33.2135 0.0
vertex -15.631 -35.90350000000001 0.0
endloop
endfacet
facet normal -0.8694093659170264 -0.49409245537222485 -0.0
outer loop
vertex -18.128999999999998 -30.695500000000003 2.0
vertex -18.128999999999998 -30.695500000000003 0.0
vertex -16.698 -33.2135 0.0
endloop
endfacet
facet normal -0.0 -0.0 -0.9999999999999999
outer loop
vertex -37.86 -10.45750000000001 0.0
vertex -36.854 -16.4555 0.0
vertex -39.315 -15.723500000000001 0.0
endloop
endfacet
facet normal -0.0 -0.0 -1.0
outer loop
vertex -37.86 -10.45750000000001 0.0
vertex -34.415 -17.364500000000007 0.0
vertex -36.854 -16.4555 0.0
endloop
endfacet
facet normal -0.0 0.0 -1.0
outer loop
vertex -31.235999999999997 -14.018500000000003 0.0
vertex -34.415 -17.364500000000007 0.0
vertex -37.86 -10.45750000000001 0.0
endloop
endfacet
facet normal -0.0 0.0 -1.0
outer loop
vertex -31.235999999999997 -14.018500000000003 0.0
vertex -32.015 -18.45750000000001 0.0
vertex -34.415 -17.364500000000007 0.0
endloop
endfacet
facet normal -0.0 -0.0 -0.9999999999999999
outer loop
vertex -31.235999999999997 -14.018500000000003 0.0
vertex -29.668 -19.741500000000002 0.0
vertex -32.015 -18.45750000000001 0.0
endloop
endfacet
facet normal -0.0 0.0 -1.0
outer loop
vertex -25.078 -18.7205 0.0
vertex -27.394 -21.22250000000001 0.0
vertex -29.668 -19.741500000000002 0.0
endloop
endfacet
facet normal -0.0 0.0 -1.0
outer loop
vertex -25.078 -18.7205 0.0
vertex -25.212 -22.905500000000004 0.0
vertex -27.394 -21.22250000000001 0.0
endloop
endfacet
facet normal -0.0 0.0 -1.0
outer loop
vertex -18.431 -23.334500000000006 0.0
vertex -23.11 -24.831500000000005 0.0
vertex -25.212 -22.905500000000004 0.0
endloop
endfacet
facet normal -0.0 0.0 -1.0
outer loop
vertex -18.431 -23.334500000000006 0.0
vertex -19.909 -28.30850000000001 0.0
vertex -23.11 -24.831500000000005 0.0
endloop
endfacet
facet normal 0.0 0.0 -0.9999999999999999
outer loop
vertex -18.431 -23.334500000000006 0.0
vertex -25.212 -22.905500000000004 0.0
vertex -25.078 -18.7205 0.0
endloop
endfacet
facet normal -0.0 0.0 -1.0
outer loop
vertex -25.078 -18.7205 0.0
vertex -29.668 -19.741500000000002 0.0
vertex -31.235999999999997 -14.018500000000003 0.0
endloop
endfacet
facet normal -0.0 0.0 -1.0
outer loop
vertex -12.346 -25.568500000000007 0.0
vertex -19.909 -28.30850000000001 0.0
vertex -18.431 -23.334500000000006 0.0
endloop
endfacet
facet normal -0.28509599561083254 -0.9584989688500808 -0.0
outer loop
vertex -39.315 -15.723500000000001 2.0
vertex -39.315 -15.723500000000001 0.0
vertex -36.854 -16.4555 0.0
endloop
endfacet
facet normal -0.3492280905080874 -0.9370377477989213 -0.0
outer loop
vertex -36.854 -16.4555 2.0
vertex -36.854 -16.4555 0.0
vertex -34.415 -17.364500000000007 0.0
endloop
endfacet
facet normal -0.41445993437487094 -0.9100675594690636 -0.0
outer loop
vertex -34.415 -17.364500000000007 2.0
vertex -34.415 -17.364500000000007 0.0
vertex -32.015 -18.45750000000001 0.0
endloop
endfacet
facet normal -0.47995170962043393 -0.8772949084728708 -0.0
outer loop
vertex -32.015 -18.45750000000001 2.0
vertex -32.015 -18.45750000000001 0.0
vertex -29.668 -19.741500000000002 0.0
endloop
endfacet
facet normal 0.4735050110692019 0.8807911242129741 0.0
outer loop
vertex -31.235999999999997 -14.018500000000003 2.0
vertex -31.235999999999997 -14.018500000000003 0.0
vertex -37.86 -10.45750000000001 0.0
endloop
endfacet
facet normal -0.6755657776398309 -0.737299722013979 -0.0
outer loop
vertex -25.212 -22.905500000000004 2.0
vertex -25.212 -22.905500000000004 0.0
vertex -23.11 -24.831500000000005 0.0
endloop
endfacet
facet normal -0.6107449518301213 -0.7918273825866486 -0.0
outer loop
vertex -27.394 -21.22250000000001 2.0
vertex -27.394 -21.22250000000001 0.0
vertex -25.212 -22.905500000000004 0.0
endloop
endfacet
facet normal -0.5457393670699244 -0.8379549768514526 -0.0
outer loop
vertex -29.668 -19.741500000000002 2.0
vertex -29.668 -19.741500000000002 0.0
vertex -27.394 -21.22250000000001 0.0
endloop
endfacet
facet normal -0.7357032435312896 -0.6773040214390728 -0.0
outer loop
vertex -23.11 -24.831500000000005 2.0
vertex -23.11 -24.831500000000005 0.0
vertex -19.909 -28.30850000000001 0.0
endloop
endfacet
facet normal 0.5702313582450913 0.8214841435316682 0.0
outer loop
vertex -18.431 -23.334500000000006 2.0
vertex -18.431 -23.334500000000006 0.0
vertex -25.078 -18.7205 0.0
endloop
endfacet
facet normal 0.6068750629896432 0.7947972432773762 0.0
outer loop
vertex -25.078 -18.7205 2.0
vertex -25.078 -18.7205 0.0
vertex -31.235999999999997 -14.018500000000003 0.0
endloop
endfacet
facet normal 0.34463991825279233 0.9387349608631333 0.0
outer loop
vertex -12.346 -25.568500000000007 2.0
vertex -12.346 -25.568500000000007 0.0
vertex -18.431 -23.334500000000006 0.0
endloop
endfacet
facet normal 0.19121084163914714 0.9815489870809551 0.0
outer loop
vertex -11.344999999999999 -25.763500000000008 2.0
vertex -11.344999999999999 -25.763500000000008 0.0
vertex -12.346 -25.568500000000007 0.0
endloop
endfacet
facet normal 0.042861808779640236 0.9990810104031292 0.0
outer loop
vertex -4.865000000000002 -26.041500000000006 2.0
vertex -4.865000000000002 -26.041500000000006 0.0
vertex -11.344999999999999 -25.763500000000008 0.0
endloop
endfacet
facet normal -0.24453922984275064 0.9696393995026782 0.0
outer loop
vertex 2.990000000000002 -24.060500000000005 2.0
vertex 2.990000000000002 -24.060500000000005 0.0
vertex -4.865000000000002 -26.041500000000006 0.0
endloop
endfacet
facet normal 0.0 0.0 -1.0
outer loop
vertex 31.899 -69.1615 0.0
vertex -4.865000000000002 -26.041500000000006 0.0
vertex 33.8 -64.9855 0.0
endloop
endfacet
facet normal 0.0 0.0 -1.0
outer loop
vertex 35.462 -60.533500000000004 0.0
vertex -4.865000000000002 -26.041500000000006 0.0
vertex 2.990000000000002 -24.060500000000005 0.0
endloop
endfacet
facet normal 0.0 0.0 -1.0
outer loop
vertex 38.965999999999994 -45.352500000000006 0.0
vertex 2.990000000000002 -24.060500000000005 0.0
vertex 10.338000000000001 -20.125500000000002 0.0
endloop
endfacet
facet normal 0.0 0.0 -1.0
outer loop
vertex 39.616 -39.6345 0.0
vertex 10.338000000000001 -20.125500000000002 0.0
vertex 11.192 -19.55550000000001 0.0
endloop
endfacet
facet normal 0.0 0.0 -0.9999999999999999
outer loop
vertex 33.8 -64.9855 0.0
vertex -4.865000000000002 -26.041500000000006 0.0
vertex 35.462 -60.533500000000004 0.0
endloop
endfacet
facet normal 0.0 0.0 -1.0
outer loop
vertex 35.462 -60.533500000000004 0.0
vertex 2.990000000000002 -24.060500000000005 0.0
vertex 36.882000000000005 -55.7885 0.0
endloop
endfacet
facet normal 0.0 0.0 -0.9999999999999999
outer loop
vertex 36.882000000000005 -55.7885 0.0
vertex 2.990000000000002 -24.060500000000005 0.0
vertex 38.05200000000001 -50.73250000000001 0.0
endloop
endfacet
facet normal 0.0 0.0 -1.0
outer loop
vertex 38.05200000000001 -50.73250000000001 0.0
vertex 2.990000000000002 -24.060500000000005 0.0
vertex 38.965999999999994 -45.352500000000006 0.0
endloop
endfacet
facet normal 0.0 0.0 -1.0
outer loop
vertex 38.965999999999994 -45.352500000000006 0.0
vertex 10.338000000000001 -20.125500000000002 0.0
vertex 39.616 -39.6345 0.0
endloop
endfacet
facet normal 0.0 0.0 -0.9999999999999999
outer loop
vertex 39.616 -39.6345 0.0
vertex 11.192 -19.55550000000001 0.0
vertex 40.004000000000005 -33.420500000000004 0.0
endloop
endfacet
facet normal 0.0 0.0 -1.0
outer loop
vertex 40.004000000000005 -33.420500000000004 0.0
vertex 11.192 -19.55550000000001 0.0
vertex 40.611000000000004 -29.154500000000006 0.0
endloop
endfacet
facet normal 0.974254615926461 -0.22545053414437563 0.0
outer loop
vertex 36.882000000000005 -55.7885 2.0
vertex 36.882000000000005 -55.7885 0.0
vertex 38.05200000000001 -50.73250000000001 0.0
endloop
endfacet
facet normal 0.9858740071642406 -0.1674886324438853 0.0
outer loop
vertex 38.05200000000001 -50.73250000000001 2.0
vertex 38.05200000000001 -50.73250000000001 0.0
vertex 38.965999999999994 -45.352500000000006 0.0
endloop
endfacet
facet normal 0.9936008234486331 -0.11294867702721524 0.0
outer loop
vertex 38.965999999999994 -45.352500000000006 2.0
vertex 38.965999999999994 -45.352500000000006 0.0
vertex 39.616 -39.6345 0.0
endloop
endfacet
facet normal 0.9980563264263063 -0.062318290095496 0.0
outer loop
vertex 39.616 -39.6345 2.0
vertex 39.616 -39.6345 0.0
vertex 40.004000000000005 -33.420500000000004 0.0
endloop
endfacet
facet normal 0.9900282447794346 -0.14086899779210416 0.0
outer loop
vertex 40.004000000000005 -33.420500000000004 2.0
vertex 40.004000000000005 -33.420500000000004 0.0
vertex 40.611000000000004 -29.154500000000006 0.0
endloop
endfacet
facet normal 0.997743633047849 -0.06713898057372589 0.0
outer loop
vertex 40.611000000000004 -29.154500000000006 2.0
vertex 40.611000000000004 -29.154500000000006 0.0
vertex 40.840999999999994 -25.736500000000007 0.0
endloop
endfacet
facet normal 0.0 0.0 -1.0
outer loop
vertex 40.840999999999994 -25.736500000000007 0.0
vertex 11.192 -19.55550000000001 0.0
vertex 19.169000000000004 -13.309500000000007 0.0
endloop
endfacet
facet normal 0.0 0.0 -1.0
outer loop
vertex 40.611000000000004 -29.154500000000006 0.0
vertex 11.192 -19.55550000000001 0.0
vertex 40.840999999999994 -25.736500000000007 0.0
endloop
endfacet
facet normal 0.0 0.0 -1.0
outer loop
vertex 40.840999999999994 -25.736500000000007 0.0
vertex 19.169000000000004 -13.309500000000007 0.0
vertex 40.797 -22.367500000000007 0.0
endloop
endfacet
facet normal 0.0 0.0 -1.0
outer loop
vertex 40.486999999999995 -19.014500000000005 0.0
vertex 19.169000000000004 -13.309500000000007 0.0
vertex 39.916 -15.644500000000008 0.0
endloop
endfacet
facet normal 0.0 0.0 -1.0
outer loop
vertex 40.797 -22.367500000000007 0.0
vertex 19.169000000000004 -13.309500000000007 0.0
vertex 40.486999999999995 -19.014500000000005 0.0
endloop
endfacet
facet normal 0.0 0.0 -1.0
outer loop
vertex 39.916 -15.644500000000008 0.0
vertex 19.169000000000004 -13.309500000000007 0.0
vertex 39.086 -12.229500000000002 0.0
endloop
endfacet
facet normal -0.0 0.0 -1.0
outer loop
vertex 37.997 -8.746500000000005 0.0
vertex 19.169000000000004 -13.309500000000007 0.0
vertex 27.802999999999997 -4.681500000000007 0.0
endloop
endfacet
facet normal -0.0 0.0 -1.0
outer loop
vertex 39.086 -12.229500000000002 0.0
vertex 19.169000000000004 -13.309500000000007 0.0
vertex 37.997 -8.746500000000005 0.0
endloop
endfacet
facet normal 0.0 0.0 -1.0
outer loop
vertex 37.997 -8.746500000000005 0.0
vertex 27.802999999999997 -4.681500000000007 0.0
vertex 36.650999999999996 -5.175500000000007 0.0
endloop
endfacet
facet normal 0.0 0.0 -0.9999999999999999
outer loop
vertex 36.650999999999996 -5.175500000000007 0.0
vertex 27.802999999999997 -4.681500000000007 0.0
vertex 35.051 -1.5005000000000024 0.0
endloop
endfacet
facet normal -0.0 0.0 -1.0
outer loop
vertex 35.051 -1.5005000000000024 0.0
vertex 27.802999999999997 -4.681500000000007 0.0
vertex 33.378 1.930499999999995 0.0
endloop
endfacet
facet normal -0.47208823746389655 0.8815513008601549 0.0
outer loop
vertex 10.338000000000001 -20.125500000000002 2.0
vertex 10.338000000000001 -20.125500000000002 0.0
vertex 2.990000000000002 -24.060500000000005 0.0
endloop
endfacet
facet normal -0.5551496291452507 0.8317504970000865 0.0
outer loop
vertex 11.192 -19.55550000000001 2.0
vertex 11.192 -19.55550000000001 0.0
vertex 10.338000000000001 -20.125500000000002 0.0
endloop
endfacet
facet normal -0.6164998640619396 0.7873550137083082 0.0
outer loop
vertex 19.169000000000004 -13.309500000000007 2.0
vertex 19.169000000000004 -13.309500000000007 0.0
vertex 11.192 -19.55550000000001 0.0
endloop
endfacet
facet normal 0.9999147257749396 0.013059141565477671 0.0
outer loop
vertex 40.840999999999994 -25.736500000000007 2.0
vertex 40.840999999999994 -25.736500000000007 0.0
vertex 40.797 -22.367500000000007 0.0
endloop
endfacet
facet normal 0.995753286870293 0.09206189052484132 0.0
outer loop
vertex 40.797 -22.367500000000007 2.0
vertex 40.797 -22.367500000000007 0.0
vertex 40.486999999999995 -19.014500000000005 0.0
endloop
endfacet
facet normal 0.9859475431575987 0.16705520686735528 0.0
outer loop
vertex 40.486999999999995 -19.014500000000005 2.0
vertex 40.486999999999995 -19.014500000000005 0.0
vertex 39.916 -15.644500000000008 0.0
endloop
endfacet
facet normal 0.9717117393128649 0.23617005669975835 0.0
outer loop
vertex 39.916 -15.644500000000008 2.0
vertex 39.916 -15.644500000000008 0.0
vertex 39.086 -12.229500000000002 0.0
endloop
endfacet
facet normal -0.7068609592789826 0.7073525176651287 0.0
outer loop
vertex 27.802999999999997 -4.681500000000007 2.0
vertex 27.802999999999997 -4.681500000000007 0.0
vertex 19.169000000000004 -13.309500000000007 0.0
endloop
endfacet
facet normal 0.9544360843755868 0.29841541656187587 0.0
outer loop
vertex 39.086 -12.229500000000002 2.0
vertex 39.086 -12.229500000000002 0.0
vertex 37.997 -8.746500000000005 0.0
endloop
endfacet
facet normal 0.935735569172444 0.3527023455911828 0.0
outer loop
vertex 37.997 -8.746500000000005 2.0
vertex 37.997 -8.746500000000005 0.0
vertex 36.650999999999996 -5.175500000000007 0.0
endloop
endfacet
facet normal -0.7645122672082898 0.6446091787184235 0.0
outer loop
vertex 33.378 1.930499999999995 2.0
vertex 33.378 1.930499999999995 0.0
vertex 27.802999999999997 -4.681500000000007 0.0
endloop
endfacet
facet normal 0.8988364149117137 0.43828426760341 0.0
outer loop
vertex 35.051 -1.5005000000000024 2.0
vertex 35.051 -1.5005000000000024 0.0
vertex 33.378 1.930499999999995 0.0
endloop
endfacet
facet normal 0.9168716209723621 0.3991822023281013 0.0
outer loop
vertex 36.650999999999996 -5.175500000000007 2.0
vertex 36.650999999999996 -5.175500000000007 0.0
vertex 35.051 -1.5005000000000024 0.0
endloop
endfacet
facet normal -0.7992067002940836 0.6010562787335667 0.0
outer loop
vertex -19.775 -53.62350000000001 2.0
vertex -17.955 -51.203500000000005 2.0
vertex -19.775 -53.62350000000001 0.0
endloop
endfacet
facet normal -0.7357032435312896 -0.6773040214390728 0.0
outer loop
vertex -19.909 -28.30850000000001 2.0
vertex -23.11 -24.831500000000005 2.0
vertex -19.909 -28.30850000000001 0.0
endloop
endfacet
facet normal -0.8735760583324113 0.486687651690905 0.0
outer loop
vertex -17.955 -51.203500000000005 2.0
vertex -16.492 -48.57750000000001 2.0
vertex -17.955 -51.203500000000005 0.0
endloop
endfacet
facet normal -0.9183240863665192 0.3958293475717758 0.0
outer loop
vertex -16.492 -48.57750000000001 2.0
vertex -16.092 -47.6495 2.0
vertex -16.492 -48.57750000000001 0.0
endloop
endfacet
facet normal -0.9470787020735701 0.32100145183260786 0.0
outer loop
vertex -16.092 -47.6495 2.0
vertex -15.447 -45.746500000000005 2.0
vertex -16.092 -47.6495 0.0
endloop
endfacet
facet normal -0.9713553147307936 0.23763175828209676 0.0
outer loop
vertex -15.447 -45.746500000000005 2.0
vertex -15.195999999999998 -44.72050000000001 2.0
vertex -15.447 -45.746500000000005 0.0
endloop
endfacet
facet normal -0.9881510945382262 0.15348424793087195 0.0
outer loop
vertex -15.195999999999998 -44.72050000000001 2.0
vertex -14.896999999999998 -42.795500000000004 2.0
vertex -15.195999999999998 -44.72050000000001 0.0
endloop
endfacet
facet normal -0.9979233737798237 0.0644122664086129 0.0
outer loop
vertex -14.896999999999998 -42.795500000000004 2.0
vertex -14.828 -41.72650000000001 2.0
vertex -14.896999999999998 -42.795500000000004 0.0
endloop
endfacet
facet normal -0.9997588231189566 -0.021961229378136837 0.0
outer loop
vertex -14.828 -41.72650000000001 2.0
vertex -14.870000000000001 -39.8145 2.0
vertex -14.828 -41.72650000000001 0.0
endloop
endfacet
facet normal -0.9940892161412552 -0.10856624867639421 0.0
outer loop
vertex -14.870000000000001 -39.8145 2.0
vertex -14.985 -38.761500000000005 2.0
vertex -14.870000000000001 -39.8145 0.0
endloop
endfacet
facet normal -0.9811126896632287 -0.1934370444919614 0.0
outer loop
vertex -14.985 -38.761500000000005 2.0
vertex -15.36 -36.859500000000004 2.0
vertex -14.985 -38.761500000000005 0.0
endloop
endfacet
facet normal -0.9620915250403907 -0.2727267816798617 0.0
outer loop
vertex -15.36 -36.859500000000004 2.0
vertex -15.631 -35.90350000000001 2.0
vertex -15.36 -36.859500000000004 0.0
endloop
endfacet
facet normal -0.9295452347481558 -0.3687080912551229 0.0
outer loop
vertex -15.631 -35.90350000000001 2.0
vertex -16.698 -33.2135 2.0
vertex -15.631 -35.90350000000001 0.0
endloop
endfacet
facet normal -0.8694093659170264 -0.49409245537222485 0.0
outer loop
vertex -16.698 -33.2135 2.0
vertex -18.128999999999998 -30.695500000000003 2.0
vertex -16.698 -33.2135 0.0
endloop
endfacet
facet normal -0.8016492976279244 -0.5977946165805238 0.0
outer loop
vertex -18.128999999999998 -30.695500000000003 2.0
vertex -19.909 -28.30850000000001 2.0
vertex -18.128999999999998 -30.695500000000003 0.0
endloop
endfacet
facet normal 0.0 0.0 1.0
outer loop
vertex 12.018 -93.4915 2.0
vertex -4.865000000000002 -26.041500000000006 2.0
vertex -15.36 -36.859500000000004 2.0
endloop
endfacet
facet normal 0.0 0.0 1.0
outer loop
vertex -11.344999999999999 -25.763500000000008 2.0
vertex -16.698 -33.2135 2.0
vertex -15.631 -35.90350000000001 2.0
endloop
endfacet
facet normal 0.0 0.0 1.0
outer loop
vertex -12.346 -25.568500000000007 2.0
vertex -18.128999999999998 -30.695500000000003 2.0
vertex -16.698 -33.2135 2.0
endloop
endfacet
facet normal 0.0 0.0 1.0
outer loop
vertex -12.346 -25.568500000000007 2.0
vertex -19.909 -28.30850000000001 2.0
vertex -18.128999999999998 -30.695500000000003 2.0
endloop
endfacet
facet normal 0.0 0.0 0.9999999999999999
outer loop
vertex -4.865000000000002 -26.041500000000006 2.0
vertex -15.631 -35.90350000000001 2.0
vertex -15.36 -36.859500000000004 2.0
endloop
endfacet
facet normal 0.0 0.0 1.0
outer loop
vertex -11.344999999999999 -25.763500000000008 2.0
vertex -12.346 -25.568500000000007 2.0
vertex -16.698 -33.2135 2.0
endloop
endfacet
facet normal 0.0 0.0 1.0
outer loop
vertex -4.865000000000002 -26.041500000000006 2.0
vertex -11.344999999999999 -25.763500000000008 2.0
vertex -15.631 -35.90350000000001 2.0
endloop
endfacet
facet normal -0.47995170962043393 -0.8772949084728708 0.0
outer loop
vertex -29.668 -19.741500000000002 2.0
vertex -32.015 -18.45750000000001 2.0
vertex -29.668 -19.741500000000002 0.0
endloop
endfacet
facet normal -0.28509599561083254 -0.9584989688500808 0.0
outer loop
vertex -36.854 -16.4555 2.0
vertex -39.315 -15.723500000000001 2.0
vertex -36.854 -16.4555 0.0
endloop
endfacet
facet normal -0.3492280905080874 -0.9370377477989213 0.0
outer loop
vertex -34.415 -17.364500000000007 2.0
vertex -36.854 -16.4555 2.0
vertex -34.415 -17.364500000000007 0.0
endloop
endfacet
facet normal -0.41445993437487094 -0.9100675594690636 0.0
outer loop
vertex -32.015 -18.45750000000001 2.0
vertex -34.415 -17.364500000000007 2.0
vertex -32.015 -18.45750000000001 0.0
endloop
endfacet
facet normal 0.6068750629896432 0.7947972432773762 0.0
outer loop
vertex -31.235999999999997 -14.018500000000003 2.0
vertex -25.078 -18.7205 2.0
vertex -31.235999999999997 -14.018500000000003 0.0
endloop
endfacet
facet normal -0.5457393670699244 -0.8379549768514526 0.0
outer loop
vertex -27.394 -21.22250000000001 2.0
vertex -29.668 -19.741500000000002 2.0
vertex -27.394 -21.22250000000001 0.0
endloop
endfacet
facet normal -0.6107449518301213 -0.7918273825866486 0.0
outer loop
vertex -25.212 -22.905500000000004 2.0
vertex -27.394 -21.22250000000001 2.0
vertex -25.212 -22.905500000000004 0.0
endloop
endfacet
facet normal -0.6755657776398309 -0.737299722013979 0.0
outer loop
vertex -23.11 -24.831500000000005 2.0
vertex -25.212 -22.905500000000004 2.0
vertex -23.11 -24.831500000000005 0.0
endloop
endfacet
facet normal 0.5702313582450913 0.8214841435316682 0.0
outer loop
vertex -25.078 -18.7205 2.0
vertex -18.431 -23.334500000000006 2.0
vertex -25.078 -18.7205 0.0
endloop
endfacet
facet normal 0.4735050110692019 0.8807911242129741 0.0
outer loop
vertex -37.86 -10.45750000000001 2.0
vertex -31.235999999999997 -14.018500000000003 2.0
vertex -37.86 -10.45750000000001 0.0
endloop
endfacet
facet normal 0.34463991825279233 0.9387349608631333 0.0
outer loop
vertex -18.431 -23.334500000000006 2.0
vertex -12.346 -25.568500000000007 2.0
vertex -18.431 -23.334500000000006 0.0
endloop
endfacet
facet normal 0.19121084163914714 0.9815489870809551 0.0
outer loop
vertex -12.346 -25.568500000000007 2.0
vertex -11.344999999999999 -25.763500000000008 2.0
vertex -12.346 -25.568500000000007 0.0
endloop
endfacet
facet normal 0.042861808779640236 0.9990810104031292 0.0
outer loop
vertex -11.344999999999999 -25.763500000000008 2.0
vertex -4.865000000000002 -26.041500000000006 2.0
vertex -11.344999999999999 -25.763500000000008 0.0
endloop
endfacet
facet normal -0.24453922984275064 0.9696393995026782 0.0
outer loop
vertex -4.865000000000002 -26.041500000000006 2.0
vertex 2.990000000000002 -24.060500000000005 2.0
vertex -4.865000000000002 -26.041500000000006 0.0
endloop
endfacet
facet normal 0.0 0.0 0.9999999999999999
outer loop
vertex -37.86 -10.45750000000001 2.0
vertex -39.315 -15.723500000000001 2.0
vertex -36.854 -16.4555 2.0
endloop
endfacet
facet normal 0.0 0.0 1.0
outer loop
vertex -37.86 -10.45750000000001 2.0
vertex -36.854 -16.4555 2.0
vertex -34.415 -17.364500000000007 2.0
endloop
endfacet
facet normal 0.0 0.0 1.0
outer loop
vertex -31.235999999999997 -14.018500000000003 2.0
vertex -37.86 -10.45750000000001 2.0
vertex -34.415 -17.364500000000007 2.0
endloop
endfacet
facet normal 0.0 0.0 1.0
outer loop
vertex -31.235999999999997 -14.018500000000003 2.0
vertex -34.415 -17.364500000000007 2.0
vertex -32.015 -18.45750000000001 2.0
endloop
endfacet
facet normal 0.0 0.0 1.0
outer loop
vertex -31.235999999999997 -14.018500000000003 2.0
vertex -32.015 -18.45750000000001 2.0
vertex -29.668 -19.741500000000002 2.0
endloop
endfacet
facet normal 0.0 0.0 1.0
outer loop
vertex -25.078 -18.7205 2.0
vertex -29.668 -19.741500000000002 2.0
vertex -27.394 -21.22250000000001 2.0
endloop
endfacet
facet normal 0.0 0.0 1.0
outer loop
vertex -25.078 -18.7205 2.0
vertex -27.394 -21.22250000000001 2.0
vertex -25.212 -22.905500000000004 2.0
endloop
endfacet
facet normal 0.0 0.0 1.0
outer loop
vertex -18.431 -23.334500000000006 2.0
vertex -25.212 -22.905500000000004 2.0
vertex -23.11 -24.831500000000005 2.0
endloop
endfacet
facet normal 0.0 0.0 1.0
outer loop
vertex -18.431 -23.334500000000006 2.0
vertex -23.11 -24.831500000000005 2.0
vertex -19.909 -28.30850000000001 2.0
endloop
endfacet
facet normal 0.0 0.0 1.0
outer loop
vertex -18.431 -23.334500000000006 2.0
vertex -25.078 -18.7205 2.0
vertex -25.212 -22.905500000000004 2.0
endloop
endfacet
facet normal 0.0 0.0 1.0
outer loop
vertex -25.078 -18.7205 2.0
vertex -31.235999999999997 -14.018500000000003 2.0
vertex -29.668 -19.741500000000002 2.0
endloop
endfacet
facet normal 0.0 0.0 1.0
outer loop
vertex -12.346 -25.568500000000007 2.0
vertex -18.431 -23.334500000000006 2.0
vertex -19.909 -28.30850000000001 2.0
endloop
endfacet
facet normal 0.974254615926461 -0.22545053414437563 0.0
outer loop
vertex 38.05200000000001 -50.73250000000001 2.0
vertex 36.882000000000005 -55.7885 2.0
vertex 38.05200000000001 -50.73250000000001 0.0
endloop
endfacet
facet normal 0.9858740071642406 -0.1674886324438853 0.0
outer loop
vertex 38.965999999999994 -45.352500000000006 2.0
vertex 38.05200000000001 -50.73250000000001 2.0
vertex 38.965999999999994 -45.352500000000006 0.0
endloop
endfacet
facet normal 0.9936008234486331 -0.11294867702721524 0.0
outer loop
vertex 39.616 -39.6345 2.0
vertex 38.965999999999994 -45.352500000000006 2.0
vertex 39.616 -39.6345 0.0
endloop
endfacet
facet normal 0.9980563264263063 -0.062318290095496 0.0
outer loop
vertex 40.004000000000005 -33.420500000000004 2.0
vertex 39.616 -39.6345 2.0
vertex 40.004000000000005 -33.420500000000004 0.0
endloop
endfacet
facet normal 0.9900282447794346 -0.14086899779210416 0.0
outer loop
vertex 40.611000000000004 -29.154500000000006 2.0
vertex 40.004000000000005 -33.420500000000004 2.0
vertex 40.611000000000004 -29.154500000000006 0.0
endloop
endfacet
facet normal 0.997743633047849 -0.06713898057372589 0.0
outer loop
vertex 40.840999999999994 -25.736500000000007 2.0
vertex 40.611000000000004 -29.154500000000006 2.0
vertex 40.840999999999994 -25.736500000000007 0.0
endloop
endfacet
facet normal 0.0 -0.0 1.0
outer loop
vertex 31.899 -69.1615 2.0
vertex 33.8 -64.9855 2.0
vertex -4.865000000000002 -26.041500000000006 2.0
endloop
endfacet
facet normal 0.0 0.0 1.0
outer loop
vertex 35.462 -60.533500000000004 2.0
vertex 2.990000000000002 -24.060500000000005 2.0
vertex -4.865000000000002 -26.041500000000006 2.0
endloop
endfacet
facet normal 0.0 0.0 1.0
outer loop
vertex 38.965999999999994 -45.352500000000006 2.0
vertex 10.338000000000001 -20.125500000000002 2.0
vertex 2.990000000000002 -24.060500000000005 2.0
endloop
endfacet
facet normal 0.0 0.0 1.0
outer loop
vertex 39.616 -39.6345 2.0
vertex 11.192 -19.55550000000001 2.0
vertex 10.338000000000001 -20.125500000000002 2.0
endloop
endfacet
facet normal 0.0 -0.0 1.0
outer loop
vertex 33.8 -64.9855 2.0
vertex 35.462 -60.533500000000004 2.0
vertex -4.865000000000002 -26.041500000000006 2.0
endloop
endfacet
facet normal 0.0 -0.0 1.0
outer loop
vertex 35.462 -60.533500000000004 2.0
vertex 36.882000000000005 -55.7885 2.0
vertex 2.990000000000002 -24.060500000000005 2.0
endloop
endfacet
facet normal 0.0 -0.0 0.9999999999999999
outer loop
vertex 36.882000000000005 -55.7885 2.0
vertex 38.05200000000001 -50.73250000000001 2.0
vertex 2.990000000000002 -24.060500000000005 2.0
endloop
endfacet
facet normal 0.0 -0.0 0.9999999999999999
outer loop
vertex 38.05200000000001 -50.73250000000001 2.0
vertex 38.965999999999994 -45.352500000000006 2.0
vertex 2.990000000000002 -24.060500000000005 2.0
endloop
endfacet
facet normal 0.0 -0.0 1.0
outer loop
vertex 38.965999999999994 -45.352500000000006 2.0
vertex 39.616 -39.6345 2.0
vertex 10.338000000000001 -20.125500000000002 2.0
endloop
endfacet
facet normal 0.0 -0.0 0.9999999999999999
outer loop
vertex 39.616 -39.6345 2.0
vertex 40.004000000000005 -33.420500000000004 2.0
vertex 11.192 -19.55550000000001 2.0
endloop
endfacet
facet normal 0.0 -0.0 1.0
outer loop
vertex 40.004000000000005 -33.420500000000004 2.0
vertex 40.611000000000004 -29.154500000000006 2.0
vertex 11.192 -19.55550000000001 2.0
endloop
endfacet
facet normal -0.47208823746389655 0.8815513008601549 0.0
outer loop
vertex 2.990000000000002 -24.060500000000005 2.0
vertex 10.338000000000001 -20.125500000000002 2.0
vertex 2.990000000000002 -24.060500000000005 0.0
endloop
endfacet
facet normal -0.5551496291452507 0.8317504970000865 0.0
outer loop
vertex 10.338000000000001 -20.125500000000002 2.0
vertex 11.192 -19.55550000000001 2.0
vertex 10.338000000000001 -20.125500000000002 0.0
endloop
endfacet
facet normal -0.6164998640619396 0.7873550137083082 0.0
outer loop
vertex 11.192 -19.55550000000001 2.0
vertex 19.169000000000004 -13.309500000000007 2.0
vertex 11.192 -19.55550000000001 0.0
endloop
endfacet
facet normal 0.9999147257749396 0.013059141565477671 0.0
outer loop
vertex 40.797 -22.367500000000007 2.0
vertex 40.840999999999994 -25.736500000000007 2.0
vertex 40.797 -22.367500000000007 0.0
endloop
endfacet
facet normal 0.995753286870293 0.09206189052484132 0.0
outer loop
vertex 40.486999999999995 -19.014500000000005 2.0
vertex 40.797 -22.367500000000007 2.0
vertex 40.486999999999995 -19.014500000000005 0.0
endloop
endfacet
facet normal 0.9859475431575987 0.16705520686735528 0.0
outer loop
vertex 39.916 -15.644500000000008 2.0
vertex 40.486999999999995 -19.014500000000005 2.0
vertex 39.916 -15.644500000000008 0.0
endloop
endfacet
facet normal 0.9717117393128649 0.23617005669975835 0.0
outer loop
vertex 39.086 -12.229500000000002 2.0
vertex 39.916 -15.644500000000008 2.0
vertex 39.086 -12.229500000000002 0.0
endloop
endfacet
facet normal -0.7068609592789826 0.7073525176651287 0.0
outer loop
vertex 19.169000000000004 -13.309500000000007 2.0
vertex 27.802999999999997 -4.681500000000007 2.0
vertex 19.169000000000004 -13.309500000000007 0.0
endloop
endfacet
facet normal -0.7645122672082898 0.6446091787184235 0.0
outer loop
vertex 27.802999999999997 -4.681500000000007 2.0
vertex 33.378 1.930499999999995 2.0
vertex 27.802999999999997 -4.681500000000007 0.0
endloop
endfacet
facet normal 0.9544360843755868 0.29841541656187587 0.0
outer loop
vertex 37.997 -8.746500000000005 2.0
vertex 39.086 -12.229500000000002 2.0
vertex 37.997 -8.746500000000005 0.0
endloop
endfacet
facet normal 0.935735569172444 0.3527023455911828 0.0
outer loop
vertex 36.650999999999996 -5.175500000000007 2.0
vertex 37.997 -8.746500000000005 2.0
vertex 36.650999999999996 -5.175500000000007 0.0
endloop
endfacet
facet normal 0.9168716209723621 0.3991822023281013 0.0
outer loop
vertex 35.051 -1.5005000000000024 2.0
vertex 36.650999999999996 -5.175500000000007 2.0
vertex 35.051 -1.5005000000000024 0.0
endloop
endfacet
facet normal 0.8988364149117137 0.43828426760341 0.0
outer loop
vertex 33.378 1.930499999999995 2.0
vertex 35.051 -1.5005000000000024 2.0
vertex 33.378 1.930499999999995 0.0
endloop
endfacet
facet normal 0.0 0.0 1.0
outer loop
vertex 40.840999999999994 -25.736500000000007 2.0
vertex 19.169000000000004 -13.309500000000007 2.0
vertex 11.192 -19.55550000000001 2.0
endloop
endfacet
facet normal 0.0 -0.0 0.9999999999999999
outer loop
vertex 40.611000000000004 -29.154500000000006 2.0
vertex 40.840999999999994 -25.736500000000007 2.0
vertex 11.192 -19.55550000000001 2.0
endloop
endfacet
facet normal 0.0 0.0 1.0
outer loop
vertex 40.840999999999994 -25.736500000000007 2.0
vertex 40.797 -22.367500000000007 2.0
vertex 19.169000000000004 -13.309500000000007 2.0
endloop
endfacet
facet normal 0.0 0.0 1.0
outer loop
vertex 40.486999999999995 -19.014500000000005 2.0
vertex 39.916 -15.644500000000008 2.0
vertex 19.169000000000004 -13.309500000000007 2.0
endloop
endfacet
facet normal 0.0 0.0 1.0
outer loop
vertex 40.797 -22.367500000000007 2.0
vertex 40.486999999999995 -19.014500000000005 2.0
vertex 19.169000000000004 -13.309500000000007 2.0
endloop
endfacet
facet normal 0.0 0.0 1.0
outer loop
vertex 39.916 -15.644500000000008 2.0
vertex 39.086 -12.229500000000002 2.0
vertex 19.169000000000004 -13.309500000000007 2.0
endloop
endfacet
facet normal 0.0 0.0 1.0
outer loop
vertex 37.997 -8.746500000000005 2.0
vertex 27.802999999999997 -4.681500000000007 2.0
vertex 19.169000000000004 -13.309500000000007 2.0
endloop
endfacet
facet normal 0.0 0.0 1.0
outer loop
vertex 39.086 -12.229500000000002 2.0
vertex 37.997 -8.746500000000005 2.0
vertex 19.169000000000004 -13.309500000000007 2.0
endloop
endfacet
facet normal 0.0 0.0 1.0
outer loop
vertex 37.997 -8.746500000000005 2.0
vertex 36.650999999999996 -5.175500000000007 2.0
vertex 27.802999999999997 -4.681500000000007 2.0
endloop
endfacet
facet normal 0.0 0.0 1.0
outer loop
vertex 36.650999999999996 -5.175500000000007 2.0
vertex 35.051 -1.5005000000000024 2.0
vertex 27.802999999999997 -4.681500000000007 2.0
endloop
endfacet
facet normal 0.0 0.0 1.0
outer loop
vertex 35.051 -1.5005000000000024 2.0
vertex 33.378 1.930499999999995 2.0
vertex 27.802999999999997 -4.681500000000007 2.0
endloop
endfacet
facet normal 0.0 -0.0 -1.0
outer loop
vertex 81.267 -110.0275 0.0
vertex 86.785 -107.2825 0.0
vertex 86.74199999999999 -110.5395 0.0
endloop
endfacet
facet normal 0.0 -0.0 -1.0
outer loop
vertex 81.267 -110.0275 0.0
vertex 87.63099999999999 -100.41149999999999 0.0
vertex 86.785 -107.2825 0.0
endloop
endfacet
facet normal 0.0 0.0 -1.0
outer loop
vertex 94.419 -79.6075 0.0
vertex 94.091 -75.84649999999999 0.0
vertex 96.08599999999998 -76.5765 0.0
endloop
endfacet
facet normal 0.0 0.0 -0.9999999999999999
outer loop
vertex 94.419 -79.6075 0.0
vertex 93.15599999999999 -75.4015 0.0
vertex 94.091 -75.84649999999999 0.0
endloop
endfacet
facet normal 0.9999128605871659 -0.013201182992095313 0.0
outer loop
vertex 86.74199999999999 -110.5395 2.0
vertex 86.74199999999999 -110.5395 0.0
vertex 86.785 -107.2825 0.0
endloop
endfacet
facet normal 0.9925050822745027 -0.12220336189844531 0.0
outer loop
vertex 86.785 -107.2825 2.0
vertex 86.785 -107.2825 0.0
vertex 87.63099999999999 -100.41149999999999 0.0
endloop
endfacet
facet normal 0.9755250608192753 -0.21988828007319847 0.0
outer loop
vertex 87.63099999999999 -100.41149999999999 2.0
vertex 87.63099999999999 -100.41149999999999 0.0
vertex 89.36999999999999 -92.6965 0.0
endloop
endfacet
facet normal 0.9486261966172028 -0.31639901879048227 0.0
outer loop
vertex 89.36999999999999 -92.6965 2.0
vertex 89.36999999999999 -92.6965 0.0
vertex 91.58699999999999 -86.0495 0.0
endloop
endfacet
facet normal 0.9154448991241052 -0.40244333348641353 0.0
outer loop
vertex 91.58699999999999 -86.0495 2.0
vertex 91.58699999999999 -86.0495 0.0
vertex 94.419 -79.6075 0.0
endloop
endfacet
facet normal 0.8762220121659032 -0.48190765235253935 0.0
outer loop
vertex 94.419 -79.6075 2.0
vertex 94.419 -79.6075 0.0
vertex 96.08599999999998 -76.5765 0.0
endloop
endfacet
facet normal 0.3436321600623545 0.9391043278416303 0.0
outer loop
vertex 96.08599999999998 -76.5765 2.0
vertex 96.08599999999998 -76.5765 0.0
vertex 94.091 -75.84649999999999 0.0
endloop
endfacet
facet normal 0.4297461390126317 0.9029497527568938 0.0
outer loop
vertex 94.091 -75.84649999999999 2.0
vertex 94.091 -75.84649999999999 0.0
vertex 93.15599999999999 -75.4015 0.0
endloop
endfacet
facet normal 0.5026481624241204 0.8644910785032169 0.0
outer loop
vertex 93.15599999999999 -75.4015 2.0
vertex 93.15599999999999 -75.4015 0.0
vertex 91.529 -74.4555 0.0
endloop
endfacet
facet normal 0.0 -0.0 -1.0
outer loop
vertex 77.827 -109.5225 0.0
vertex 87.63099999999999 -100.41149999999999 0.0
vertex 81.267 -110.0275 0.0
endloop
endfacet
facet normal 0.0 -0.0 -1.0
outer loop
vertex 74.72099999999999 -108.8865 0.0
vertex 87.63099999999999 -100.41149999999999 0.0
vertex 77.827 -109.5225 0.0
endloop
endfacet
facet normal 0.0 -0.0 -1.0
outer loop
vertex 71.996 -108.11749999999999 0.0
vertex 87.63099999999999 -100.41149999999999 0.0
vertex 74.72099999999999 -108.8865 0.0
endloop
endfacet
facet normal 0.0 -0.0 -1.0
outer loop
vertex 71.996 -108.11749999999999 0.0
vertex 89.36999999999999 -92.6965 0.0
vertex 87.63099999999999 -100.41149999999999 0.0
endloop
endfacet
facet normal 0.0 -0.0 -1.0
outer loop
vertex 60.40499999999999 -104.49249999999999 0.0
vertex 91.58699999999999 -86.0495 0.0
vertex 89.36999999999999 -92.6965 0.0
endloop
endfacet
facet normal 0.0 -0.0 -1.0
outer loop
vertex 68.689 -106.8765 0.0
vertex 89.36999999999999 -92.6965 0.0
vertex 71.996 -108.11749999999999 0.0
endloop
endfacet
facet normal 0.0 -0.0 -1.0
outer loop
vertex 65.8 -106.1205 0.0
vertex 89.36999999999999 -92.6965 0.0
vertex 68.689 -106.8765 0.0
endloop
endfacet
facet normal 0.0 -0.0 -0.9999999999999999
outer loop
vertex 60.40499999999999 -104.49249999999999 0.0
vertex 89.36999999999999 -92.6965 0.0
vertex 65.8 -106.1205 0.0
endloop
endfacet
facet normal 0.0 -0.0 -1.0
outer loop
vertex 46.20399999999999 -96.61449999999999 0.0
vertex 94.419 -79.6075 0.0
vertex 91.58699999999999 -86.0495 0.0
endloop
endfacet
facet normal 0.0 0.0 -1.0
outer loop
vertex 46.20399999999999 -96.61449999999999 0.0
vertex 93.15599999999999 -75.4015 0.0
vertex 94.419 -79.6075 0.0
endloop
endfacet
facet normal 0.0 0.0 -1.0
outer loop
vertex 46.20399999999999 -96.61449999999999 0.0
vertex 91.529 -74.4555 0.0
vertex 93.15599999999999 -75.4015 0.0
endloop
endfacet
facet normal 0.0 0.0 -1.0
outer loop
vertex 46.20399999999999 -96.61449999999999 0.0
vertex 90.698 -73.8785 0.0
vertex 91.529 -74.4555 0.0
endloop
endfacet
facet normal 0.0 0.0 -1.0
outer loop
vertex 46.20399999999999 -96.61449999999999 0.0
vertex 88.58999999999999 -72.06649999999999 0.0
vertex 90.698 -73.8785 0.0
endloop
endfacet
facet normal 0.0 0.0 -1.0
outer loop
vertex 46.20399999999999 -96.61449999999999 0.0
vertex 86.758 -69.9675 0.0
vertex 88.58999999999999 -72.06649999999999 0.0
endloop
endfacet
facet normal 0.0 0.0 -1.0
outer loop
vertex 46.20399999999999 -96.61449999999999 0.0
vertex 85.22899999999998 -67.6625 0.0
vertex 86.758 -69.9675 0.0
endloop
endfacet
facet normal 0.0 0.0 -1.0
outer loop
vertex 46.20399999999999 -96.61449999999999 0.0
vertex 83.99099999999999 -65.1895 0.0
vertex 85.22899999999998 -67.6625 0.0
endloop
endfacet
facet normal -0.09310973455044685 -0.9956558528587803 -0.0
outer loop
vertex 81.267 -110.0275 2.0
vertex 81.267 -110.0275 0.0
vertex 86.74199999999999 -110.5395 0.0
endloop
endfacet
facet normal -0.1452455800577125 -0.9893956344525169 -0.0
outer loop
vertex 77.827 -109.5225 2.0
vertex 77.827 -109.5225 0.0
vertex 81.267 -110.0275 0.0
endloop
endfacet
facet normal -0.20060264970875297 -0.9796726886720011 -0.0
outer loop
vertex 74.72099999999999 -108.8865 2.0
vertex 74.72099999999999 -108.8865 0.0
vertex 77.827 -109.5225 0.0
endloop
endfacet
facet normal -0.27159437887139615 -0.9624118106951205 -0.0
outer loop
vertex 71.996 -108.11749999999999 2.0
vertex 71.996 -108.11749999999999 0.0
vertex 74.72099999999999 -108.8865 0.0
endloop
endfacet
facet normal 0.570340236373881 0.8214085553322329 0.0
outer loop
vertex 91.529 -74.4555 2.0
vertex 91.529 -74.4555 0.0
vertex 90.698 -73.8785 0.0
endloop
endfacet
facet normal 0.6518572683983568 0.7583416786885926 0.0
outer loop
vertex 90.698 -73.8785 2.0
vertex 90.698 -73.8785 0.0
vertex 88.58999999999999 -72.06649999999999 0.0
endloop
endfacet
facet normal 0.7533987928147665 0.6575638820565289 0.0
outer loop
vertex 88.58999999999999 -72.06649999999999 2.0
vertex 88.58999999999999 -72.06649999999999 0.0
vertex 86.758 -69.9675 0.0
endloop
endfacet
facet normal 0.8333273427045491 0.5527798294990285 0.0
outer loop
vertex 86.758 -69.9675 2.0
vertex 86.758 -69.9675 0.0
vertex 85.22899999999998 -67.6625 0.0
endloop
endfacet
facet normal 0.8942101322209417 0.4476474499351095 0.0
outer loop
vertex 85.22899999999998 -67.6625 2.0
vertex 85.22899999999998 -67.6625 0.0
vertex 83.99099999999999 -65.1895 0.0
endloop
endfacet
facet normal 0.9384106230911505 0.3455220723335611 0.0
outer loop
vertex 83.99099999999999 -65.1895 2.0
vertex 83.99099999999999 -65.1895 0.0
vertex 83.02999999999999 -62.579499999999996 0.0
endloop
endfacet
facet normal 0.969320958642763 0.2457984522650103 0.0
outer loop
vertex 83.02999999999999 -62.579499999999996 2.0
vertex 83.02999999999999 -62.579499999999996 0.0
vertex 82.33899999999998 -59.8545 0.0
endloop
endfacet
facet normal 0.9899038244719371 0.14174067269429866 0.0
outer loop
vertex 82.33899999999998 -59.8545 2.0
vertex 82.33899999999998 -59.8545 0.0
vertex 81.904 -56.81649999999999 0.0
endloop
endfacet
facet normal 0.9996462505954818 0.026596497333205068 0.0
outer loop
vertex 81.904 -56.81649999999999 2.0
vertex 81.904 -56.81649999999999 0.0
vertex 81.72299999999998 -50.0135 0.0
endloop
endfacet
facet normal 0.999996901628899 0.0024893237238272146 0.0
outer loop
vertex 81.72299999999998 -50.0135 2.0
vertex 81.72299999999998 -50.0135 0.0
vertex 81.64599999999999 -19.0815 0.0
endloop
endfacet
facet normal 0.9999128605871659 -0.013201182992095313 0.0
outer loop
vertex 86.785 -107.2825 2.0
vertex 86.74199999999999 -110.5395 2.0
vertex 86.785 -107.2825 0.0
endloop
endfacet
facet normal 0.9925050822745027 -0.12220336189844531 0.0
outer loop
vertex 87.63099999999999 -100.41149999999999 2.0
vertex 86.785 -107.2825 2.0
vertex 87.63099999999999 -100.41149999999999 0.0
endloop
endfacet
facet normal -0.09310973455044685 -0.9956558528587803 0.0
outer loop
vertex 86.74199999999999 -110.5395 2.0
vertex 81.267 -110.0275 2.0
vertex 86.74199999999999 -110.5395 0.0
endloop
endfacet
facet normal 0.9755250608192753 -0.21988828007319847 0.0
outer loop
vertex 89.36999999999999 -92.6965 2.0
vertex 87.63099999999999 -100.41149999999999 2.0
vertex 89.36999999999999 -92.6965 0.0
endloop
endfacet
facet normal 0.9486261966172028 -0.31639901879048227 0.0
outer loop
vertex 91.58699999999999 -86.0495 2.0
vertex 89.36999999999999 -92.6965 2.0
vertex 91.58699999999999 -86.0495 0.0
endloop
endfacet
facet normal 0.9154448991241052 -0.40244333348641353 0.0
outer loop
vertex 94.419 -79.6075 2.0
vertex 91.58699999999999 -86.0495 2.0
vertex 94.419 -79.6075 0.0
endloop
endfacet
facet normal 0.8762220121659032 -0.48190765235253935 0.0
outer loop
vertex 96.08599999999998 -76.5765 2.0
vertex 94.419 -79.6075 2.0
vertex 96.08599999999998 -76.5765 0.0
endloop
endfacet
facet normal 0.3436321600623545 0.9391043278416303 0.0
outer loop
vertex 94.091 -75.84649999999999 2.0
vertex 96.08599999999998 -76.5765 2.0
vertex 94.091 -75.84649999999999 0.0
endloop
endfacet
facet normal 0.4297461390126317 0.9029497527568938 0.0
outer loop
vertex 93.15599999999999 -75.4015 2.0
vertex 94.091 -75.84649999999999 2.0
vertex 93.15599999999999 -75.4015 0.0
endloop
endfacet
facet normal -0.0 0.0 1.0
outer loop
vertex 81.267 -110.0275 2.0
vertex 86.74199999999999 -110.5395 2.0
vertex 86.785 -107.2825 2.0
endloop
endfacet
facet normal 0.0 0.0 1.0
outer loop
vertex 81.267 -110.0275 2.0
vertex 86.785 -107.2825 2.0
vertex 87.63099999999999 -100.41149999999999 2.0
endloop
endfacet
facet normal 0.0 -0.0 1.0
outer loop
vertex 94.419 -79.6075 2.0
vertex 96.08599999999998 -76.5765 2.0
vertex 94.091 -75.84649999999999 2.0
endloop
endfacet
facet normal 0.0 0.0 0.9999999999999999
outer loop
vertex 94.419 -79.6075 2.0
vertex 94.091 -75.84649999999999 2.0
vertex 93.15599999999999 -75.4015 2.0
endloop
endfacet
facet normal -0.1452455800577125 -0.9893956344525169 0.0
outer loop
vertex 81.267 -110.0275 2.0
vertex 77.827 -109.5225 2.0
vertex 81.267 -110.0275 0.0
endloop
endfacet
facet normal -0.20060264970875297 -0.9796726886720011 0.0
outer loop
vertex 77.827 -109.5225 2.0
vertex 74.72099999999999 -108.8865 2.0
vertex 77.827 -109.5225 0.0
endloop
endfacet
facet normal -0.27159437887139615 -0.9624118106951205 0.0
outer loop
vertex 74.72099999999999 -108.8865 2.0
vertex 71.996 -108.11749999999999 2.0
vertex 74.72099999999999 -108.8865 0.0
endloop
endfacet
facet normal -0.0 0.0 1.0
outer loop
vertex 77.827 -109.5225 2.0
vertex 81.267 -110.0275 2.0
vertex 87.63099999999999 -100.41149999999999 2.0
endloop
endfacet
facet normal -0.0 0.0 1.0
outer loop
vertex 74.72099999999999 -108.8865 2.0
vertex 77.827 -109.5225 2.0
vertex 87.63099999999999 -100.41149999999999 2.0
endloop
endfacet
facet normal -0.0 0.0 1.0
outer loop
vertex 71.996 -108.11749999999999 2.0
vertex 74.72099999999999 -108.8865 2.0
vertex 87.63099999999999 -100.41149999999999 2.0
endloop
endfacet
facet normal 0.0 0.0 0.9999999999999999
outer loop
vertex 71.996 -108.11749999999999 2.0
vertex 87.63099999999999 -100.41149999999999 2.0
vertex 89.36999999999999 -92.6965 2.0
endloop
endfacet
facet normal 0.0 0.0 1.0
outer loop
vertex 60.40499999999999 -104.49249999999999 2.0
vertex 89.36999999999999 -92.6965 2.0
vertex 91.58699999999999 -86.0495 2.0
endloop
endfacet
facet normal -0.0 0.0 1.0
outer loop
vertex 68.689 -106.8765 2.0
vertex 71.996 -108.11749999999999 2.0
vertex 89.36999999999999 -92.6965 2.0
endloop
endfacet
facet normal -0.0 0.0 1.0
outer loop
vertex 65.8 -106.1205 2.0
vertex 68.689 -106.8765 2.0
vertex 89.36999999999999 -92.6965 2.0
endloop
endfacet
facet normal -0.0 0.0 1.0
outer loop
vertex 60.40499999999999 -104.49249999999999 2.0
vertex 65.8 -106.1205 2.0
vertex 89.36999999999999 -92.6965 2.0
endloop
endfacet
facet normal 0.0 0.0 1.0
outer loop
vertex 46.20399999999999 -96.61449999999999 2.0
vertex 91.58699999999999 -86.0495 2.0
vertex 94.419 -79.6075 2.0
endloop
endfacet
facet normal 0.0 -0.0 1.0
outer loop
vertex 46.20399999999999 -96.61449999999999 2.0
vertex 94.419 -79.6075 2.0
vertex 93.15599999999999 -75.4015 2.0
endloop
endfacet
facet normal 0.0 -0.0 1.0
outer loop
vertex 46.20399999999999 -96.61449999999999 2.0
vertex 93.15599999999999 -75.4015 2.0
vertex 91.529 -74.4555 2.0
endloop
endfacet
facet normal 0.0 -0.0 1.0
outer loop
vertex 46.20399999999999 -96.61449999999999 2.0
vertex 91.529 -74.4555 2.0
vertex 90.698 -73.8785 2.0
endloop
endfacet
facet normal 0.0 -0.0 1.0
outer loop
vertex 46.20399999999999 -96.61449999999999 2.0
vertex 90.698 -73.8785 2.0
vertex 88.58999999999999 -72.06649999999999 2.0
endloop
endfacet
facet normal 0.0 -0.0 1.0
outer loop
vertex 46.20399999999999 -96.61449999999999 2.0
vertex 88.58999999999999 -72.06649999999999 2.0
vertex 86.758 -69.9675 2.0
endloop
endfacet
facet normal 0.0 -0.0 1.0
outer loop
vertex 46.20399999999999 -96.61449999999999 2.0
vertex 86.758 -69.9675 2.0
vertex 85.22899999999998 -67.6625 2.0
endloop
endfacet
facet normal 0.0 -0.0 1.0
outer loop
vertex 46.20399999999999 -96.61449999999999 2.0
vertex 85.22899999999998 -67.6625 2.0
vertex 83.99099999999999 -65.1895 2.0
endloop
endfacet
facet normal 0.5026481624241204 0.8644910785032169 0.0
outer loop
vertex 91.529 -74.4555 2.0
vertex 93.15599999999999 -75.4015 2.0
vertex 91.529 -74.4555 0.0
endloop
endfacet
facet normal 0.570340236373881 0.8214085553322329 0.0
outer loop
vertex 90.698 -73.8785 2.0
vertex 91.529 -74.4555 2.0
vertex 90.698 -73.8785 0.0
endloop
endfacet
facet normal 0.6518572683983568 0.7583416786885926 0.0
outer loop
vertex 88.58999999999999 -72.06649999999999 2.0
vertex 90.698 -73.8785 2.0
vertex 88.58999999999999 -72.06649999999999 0.0
endloop
endfacet
facet normal 0.7533987928147665 0.6575638820565289 0.0
outer loop
vertex 86.758 -69.9675 2.0
vertex 88.58999999999999 -72.06649999999999 2.0
vertex 86.758 -69.9675 0.0
endloop
endfacet
facet normal 0.8333273427045491 0.5527798294990285 0.0
outer loop
vertex 85.22899999999998 -67.6625 2.0
vertex 86.758 -69.9675 2.0
vertex 85.22899999999998 -67.6625 0.0
endloop
endfacet
facet normal 0.8942101322209417 0.4476474499351095 0.0
outer loop
vertex 83.99099999999999 -65.1895 2.0
vertex 85.22899999999998 -67.6625 2.0
vertex 83.99099999999999 -65.1895 0.0
endloop
endfacet
facet normal 0.9384106230911505 0.3455220723335611 0.0
outer loop
vertex 83.02999999999999 -62.579499999999996 2.0
vertex 83.99099999999999 -65.1895 2.0
vertex 83.02999999999999 -62.579499999999996 0.0
endloop
endfacet
facet normal 0.969320958642763 0.2457984522650103 0.0
outer loop
vertex 82.33899999999998 -59.8545 2.0
vertex 83.02999999999999 -62.579499999999996 2.0
vertex 82.33899999999998 -59.8545 0.0
endloop
endfacet
facet normal 0.9899038244719371 0.14174067269429866 0.0
outer loop
vertex 81.904 -56.81649999999999 2.0
vertex 82.33899999999998 -59.8545 2.0
vertex 81.904 -56.81649999999999 0.0
endloop
endfacet
facet normal 0.9996462505954818 0.026596497333205068 0.0
outer loop
vertex 81.72299999999998 -50.0135 2.0
vertex 81.904 -56.81649999999999 2.0
vertex 81.72299999999998 -50.0135 0.0
endloop
endfacet
facet normal 0.0 -0.0 -1.0
outer loop
vertex 55.71499999999999 -102.7235 0.0
vertex 91.58699999999999 -86.0495 0.0
vertex 60.40499999999999 -104.49249999999999 0.0
endloop
endfacet
facet normal 0.0 -0.0 -1.0
outer loop
vertex 53.606999999999985 -101.7645 0.0
vertex 91.58699999999999 -86.0495 0.0
vertex 55.71499999999999 -102.7235 0.0
endloop
endfacet
facet normal 0.0 -0.0 -1.0
outer loop
vertex 51.681 -100.7595 0.0
vertex 91.58699999999999 -86.0495 0.0
vertex 53.606999999999985 -101.7645 0.0
endloop
endfacet
facet normal 0.0 -0.0 -1.0
outer loop
vertex 49.94999999999999 -99.7135 0.0
vertex 91.58699999999999 -86.0495 0.0
vertex 51.681 -100.7595 0.0
endloop
endfacet
facet normal 0.0 -0.0 -1.0
outer loop
vertex 48.422 -98.6325 0.0
vertex 91.58699999999999 -86.0495 0.0
vertex 49.94999999999999 -99.7135 0.0
endloop
endfacet
facet normal 0.0 -0.0 -1.0
outer loop
vertex 47.097999999999985 -97.5205 0.0
vertex 91.58699999999999 -86.0495 0.0
vertex 48.422 -98.6325 0.0
endloop
endfacet
facet normal 0.0 -0.0 -0.9999999999999999
outer loop
vertex 46.20399999999999 -96.61449999999999 0.0
vertex 91.58699999999999 -86.0495 0.0
vertex 47.097999999999985 -97.5205 0.0
endloop
endfacet
facet normal -0.35134061309893416 -0.9362477095231074 -0.0
outer loop
vertex 68.689 -106.8765 2.0
vertex 68.689 -106.8765 0.0
vertex 71.996 -108.11749999999999 0.0
endloop
endfacet
facet normal -0.253157934406814 -0.9674249636260557 -0.0
outer loop
vertex 65.8 -106.1205 2.0
vertex 65.8 -106.1205 0.0
vertex 68.689 -106.8765 0.0
endloop
endfacet
facet normal -0.28889412310355583 -0.957361052913804 -0.0
outer loop
vertex 60.40499999999999 -104.49249999999999 2.0
vertex 60.40499999999999 -104.49249999999999 0.0
vertex 65.8 -106.1205 0.0
endloop
endfacet
facet normal -0.35291556543668245 -0.9356551734867428 -0.0
outer loop
vertex 55.71499999999999 -102.7235 2.0
vertex 55.71499999999999 -102.7235 0.0
vertex 60.40499999999999 -104.49249999999999 0.0
endloop
endfacet
facet normal -0.414095718448825 -0.9102333414912637 -0.0
outer loop
vertex 53.606999999999985 -101.7645 2.0
vertex 53.606999999999985 -101.7645 0.0
vertex 55.71499999999999 -102.7235 0.0
endloop
endfacet
facet normal -0.46261319995241706 -0.8865602219983618 -0.0
outer loop
vertex 51.681 -100.7595 2.0
vertex 51.681 -100.7595 0.0
vertex 53.606999999999985 -101.7645 0.0
endloop
endfacet
facet normal -0.5171835549262428 -0.8558745062880738 -0.0
outer loop
vertex 49.94999999999999 -99.7135 2.0
vertex 49.94999999999999 -99.7135 0.0
vertex 51.681 -100.7595 0.0
endloop
endfacet
facet normal -0.5775428879290928 -0.8163603448248349 -0.0
outer loop
vertex 48.422 -98.6325 2.0
vertex 48.422 -98.6325 0.0
vertex 49.94999999999999 -99.7135 0.0
endloop
endfacet
facet normal -0.6431378295218233 -0.7657504373083687 -0.0
outer loop
vertex 47.097999999999985 -97.5205 2.0
vertex 47.097999999999985 -97.5205 0.0
vertex 48.422 -98.6325 0.0
endloop
endfacet
facet normal -0.7118050086811322 -0.7023771277714368 -0.0
outer loop
vertex 46.20399999999999 -96.61449999999999 2.0
vertex 46.20399999999999 -96.61449999999999 0.0
vertex 47.097999999999985 -97.5205 0.0
endloop
endfacet
facet normal 0.0 0.0 -1.0
outer loop
vertex 46.27399999999999 -53.591499999999996 0.0
vertex 83.02999999999999 -62.579499999999996 0.0
vertex 83.99099999999999 -65.1895 0.0
endloop
endfacet
facet normal 0.0 0.0 -0.9999999999999999
outer loop
vertex 46.27399999999999 -53.591499999999996 0.0
vertex 82.33899999999998 -59.8545 0.0
vertex 83.02999999999999 -62.579499999999996 0.0
endloop
endfacet
facet normal 0.0 -0.0 -1.0
outer loop
vertex 46.27399999999999 -53.591499999999996 0.0
vertex 83.99099999999999 -65.1895 0.0
vertex 46.20399999999999 -96.61449999999999 0.0
endloop
endfacet
facet normal 0.0 0.0 -1.0
outer loop
vertex 46.27399999999999 -53.591499999999996 0.0
vertex 81.904 -56.81649999999999 0.0
vertex 82.33899999999998 -59.8545 0.0
endloop
endfacet
facet normal 0.0 0.0 -0.9999999999999999
outer loop
vertex 46.27399999999999 -53.591499999999996 0.0
vertex 81.72299999999998 -50.0135 0.0
vertex 81.904 -56.81649999999999 0.0
endloop
endfacet
facet normal 0.0 -0.0 -1.0
outer loop
vertex 46.59899999999999 -17.7705 0.0
vertex 81.72299999999998 -50.0135 0.0
vertex 46.27399999999999 -53.591499999999996 0.0
endloop
endfacet
facet normal -0.9999986763784142 0.001627034547718248 0.0
outer loop
vertex 46.27399999999999 -53.591499999999996 2.0
vertex 46.27399999999999 -53.591499999999996 0.0
vertex 46.20399999999999 -96.61449999999999 0.0
endloop
endfacet
facet normal -0.35134061309893416 -0.9362477095231074 0.0
outer loop
vertex 71.996 -108.11749999999999 2.0
vertex 68.689 -106.8765 2.0
vertex 71.996 -108.11749999999999 0.0
endloop
endfacet
facet normal -0.253157934406814 -0.9674249636260557 0.0
outer loop
vertex 68.689 -106.8765 2.0
vertex 65.8 -106.1205 2.0
vertex 68.689 -106.8765 0.0
endloop
endfacet
facet normal -0.28889412310355583 -0.957361052913804 0.0
outer loop
vertex 65.8 -106.1205 2.0
vertex 60.40499999999999 -104.49249999999999 2.0
vertex 65.8 -106.1205 0.0
endloop
endfacet
facet normal -0.35291556543668245 -0.9356551734867428 0.0
outer loop
vertex 60.40499999999999 -104.49249999999999 2.0
vertex 55.71499999999999 -102.7235 2.0
vertex 60.40499999999999 -104.49249999999999 0.0
endloop
endfacet
facet normal -0.0 0.0 1.0
outer loop
vertex 55.71499999999999 -102.7235 2.0
vertex 60.40499999999999 -104.49249999999999 2.0
vertex 91.58699999999999 -86.0495 2.0
endloop
endfacet
facet normal -0.0 0.0 1.0
outer loop
vertex 53.606999999999985 -101.7645 2.0
vertex 55.71499999999999 -102.7235 2.0
vertex 91.58699999999999 -86.0495 2.0
endloop
endfacet
facet normal -0.0 0.0 1.0
outer loop
vertex 51.681 -100.7595 2.0
vertex 53.606999999999985 -101.7645 2.0
vertex 91.58699999999999 -86.0495 2.0
endloop
endfacet
facet normal -0.0 0.0 1.0
outer loop
vertex 49.94999999999999 -99.7135 2.0
vertex 51.681 -100.7595 2.0
vertex 91.58699999999999 -86.0495 2.0
endloop
endfacet
facet normal -0.0 0.0 1.0
outer loop
vertex 48.422 -98.6325 2.0
vertex 49.94999999999999 -99.7135 2.0
vertex 91.58699999999999 -86.0495 2.0
endloop
endfacet
facet normal -0.0 0.0 1.0
outer loop
vertex 47.097999999999985 -97.5205 2.0
vertex 48.422 -98.6325 2.0
vertex 91.58699999999999 -86.0495 2.0
endloop
endfacet
facet normal -0.0 0.0 1.0
outer loop
vertex 46.20399999999999 -96.61449999999999 2.0
vertex 47.097999999999985 -97.5205 2.0
vertex 91.58699999999999 -86.0495 2.0
endloop
endfacet
facet normal -0.414095718448825 -0.9102333414912637 0.0
outer loop
vertex 55.71499999999999 -102.7235 2.0
vertex 53.606999999999985 -101.7645 2.0
vertex 55.71499999999999 -102.7235 0.0
endloop
endfacet
facet normal -0.46261319995241706 -0.8865602219983618 0.0
outer loop
vertex 53.606999999999985 -101.7645 2.0
vertex 51.681 -100.7595 2.0
vertex 53.606999999999985 -101.7645 0.0
endloop
endfacet
facet normal -0.5171835549262428 -0.8558745062880738 0.0
outer loop
vertex 51.681 -100.7595 2.0
vertex 49.94999999999999 -99.7135 2.0
vertex 51.681 -100.7595 0.0
endloop
endfacet
facet normal -0.5775428879290928 -0.8163603448248349 0.0
outer loop
vertex 49.94999999999999 -99.7135 2.0
vertex 48.422 -98.6325 2.0
vertex 49.94999999999999 -99.7135 0.0
endloop
endfacet
facet normal -0.6431378295218233 -0.7657504373083687 0.0
outer loop
vertex 48.422 -98.6325 2.0
vertex 47.097999999999985 -97.5205 2.0
vertex 48.422 -98.6325 0.0
endloop
endfacet
facet normal -0.7118050086811322 -0.7023771277714368 0.0
outer loop
vertex 47.097999999999985 -97.5205 2.0
vertex 46.20399999999999 -96.61449999999999 2.0
vertex 47.097999999999985 -97.5205 0.0
endloop
endfacet
facet normal -0.9999986763784142 0.001627034547718248 0.0
outer loop
vertex 46.20399999999999 -96.61449999999999 2.0
vertex 46.27399999999999 -53.591499999999996 2.0
vertex 46.20399999999999 -96.61449999999999 0.0
endloop
endfacet
facet normal -0.0 -0.0 1.0
outer loop
vertex 46.27399999999999 -53.591499999999996 2.0
vertex 83.99099999999999 -65.1895 2.0
vertex 83.02999999999999 -62.579499999999996 2.0
endloop
endfacet
facet normal -0.0 -0.0 0.9999999999999999
outer loop
vertex 46.27399999999999 -53.591499999999996 2.0
vertex 83.02999999999999 -62.579499999999996 2.0
vertex 82.33899999999998 -59.8545 2.0
endloop
endfacet
facet normal -0.0 0.0 1.0
outer loop
vertex 46.27399999999999 -53.591499999999996 2.0
vertex 46.20399999999999 -96.61449999999999 2.0
vertex 83.99099999999999 -65.1895 2.0
endloop
endfacet
facet normal -0.0 -0.0 1.0
outer loop
vertex 46.27399999999999 -53.591499999999996 2.0
vertex 82.33899999999998 -59.8545 2.0
vertex 81.904 -56.81649999999999 2.0
endloop
endfacet
facet normal -0.0 -0.0 0.9999999999999999
outer loop
vertex 46.27399999999999 -53.591499999999996 2.0
vertex 81.904 -56.81649999999999 2.0
vertex 81.72299999999998 -50.0135 2.0
endloop
endfacet
facet normal -0.9999588438725522 0.009072516799044758 0.0
outer loop
vertex 46.27399999999999 -53.591499999999996 2.0
vertex 46.59899999999999 -17.7705 2.0
vertex 46.27399999999999 -53.591499999999996 0.0
endloop
endfacet
facet normal -0.0 0.0 1.0
outer loop
vertex 46.59899999999999 -17.7705 2.0
vertex 46.27399999999999 -53.591499999999996 2.0
vertex 81.72299999999998 -50.0135 2.0
endloop
endfacet
facet normal 0.9998846680738348 0.015187183770446054 0.0
outer loop
vertex 81.64599999999999 -19.0815 2.0
vertex 81.64599999999999 -19.0815 0.0
vertex 81.523 -10.9835 0.0
endloop
endfacet
facet normal 0.9994437932646014 0.03334822491324502 0.0
outer loop
vertex 81.523 -10.9835 2.0
vertex 81.523 -10.9835 0.0
vertex 81.25699999999999 -3.011499999999998 0.0
endloop
endfacet
facet normal 0.9982357139666534 0.059375578830743576 0.0
outer loop
vertex 81.25699999999999 -3.011499999999998 2.0
vertex 81.25699999999999 -3.011499999999998 0.0
vertex 80.79899999999999 4.688500000000005 0.0
endloop
endfacet
facet normal 0.9954609917619193 0.09517044646515031 0.0
outer loop
vertex 80.79899999999999 4.688500000000005 2.0
vertex 80.79899999999999 4.688500000000005 0.0
vertex 80.103 11.968499999999999 0.0
endloop
endfacet
facet normal 0.98962807527371 0.14365330706270601 0.0
outer loop
vertex 80.103 11.968499999999999 2.0
vertex 80.103 11.968499999999999 0.0
vertex 79.13 18.6715 0.0
endloop
endfacet
facet normal 0.9778048169247444 0.20951787512946815 0.0
outer loop
vertex 79.13 18.6715 2.0
vertex 79.13 18.6715 0.0
vertex 77.85399999999998 24.626500000000007 0.0
endloop
endfacet
facet normal 0.9540528689351073 0.2996383207747148 0.0
outer loop
vertex 77.85399999999998 24.626500000000007 2.0
vertex 77.85399999999998 24.626500000000007 0.0
vertex 76.77799999999999 28.052499999999995 0.0
endloop
endfacet
facet normal 0.5162102800233729 0.8564618770255866 0.0
outer loop
vertex 76.77799999999999 28.052499999999995 2.0
vertex 76.77799999999999 28.052499999999995 0.0
vertex 75.89699999999999 28.5835 0.0
endloop
endfacet
facet normal 0.43505705291483454 0.9004028879946235 0.0
outer loop
vertex 75.89699999999999 28.5835 2.0
vertex 75.89699999999999 28.5835 0.0
vertex 74.58899999999998 29.215500000000006 0.0
endloop
endfacet
facet normal 0.36027205297427795 0.9328472800226728 0.0
outer loop
vertex 74.58899999999998 29.215500000000006 2.0
vertex 74.58899999999998 29.215500000000006 0.0
vertex 73.139 29.775500000000008 0.0
endloop
endfacet
facet normal 0.2908746292291708 0.9567611771339765 0.0
outer loop
vertex 73.139 29.775500000000008 2.0
vertex 73.139 29.775500000000008 0.0
vertex 71.547 30.259500000000003 0.0
endloop
endfacet
facet normal 0.999996901628899 0.0024893237238272146 0.0
outer loop
vertex 81.64599999999999 -19.0815 2.0
vertex 81.72299999999998 -50.0135 2.0
vertex 81.64599999999999 -19.0815 0.0
endloop
endfacet
facet normal 0.9998846680738348 0.015187183770446054 0.0
outer loop
vertex 81.523 -10.9835 2.0
vertex 81.64599999999999 -19.0815 2.0
vertex 81.523 -10.9835 0.0
endloop
endfacet
facet normal 0.9994437932646014 0.03334822491324502 0.0
outer loop
vertex 81.25699999999999 -3.011499999999998 2.0
vertex 81.523 -10.9835 2.0
vertex 81.25699999999999 -3.011499999999998 0.0
endloop
endfacet
facet normal 0.9982357139666534 0.059375578830743576 0.0
outer loop
vertex 80.79899999999999 4.688500000000005 2.0
vertex 81.25699999999999 -3.011499999999998 2.0
vertex 80.79899999999999 4.688500000000005 0.0
endloop
endfacet
facet normal 0.9954609917619193 0.09517044646515031 0.0
outer loop
vertex 80.103 11.968499999999999 2.0
vertex 80.79899999999999 4.688500000000005 2.0
vertex 80.103 11.968499999999999 0.0
endloop
endfacet
facet normal 0.98962807527371 0.14365330706270601 0.0
outer loop
vertex 79.13 18.6715 2.0
vertex 80.103 11.968499999999999 2.0
vertex 79.13 18.6715 0.0
endloop
endfacet
facet normal 0.9778048169247444 0.20951787512946815 0.0
outer loop
vertex 77.85399999999998 24.626500000000007 2.0
vertex 79.13 18.6715 2.0
vertex 77.85399999999998 24.626500000000007 0.0
endloop
endfacet
facet normal 0.9540528689351073 0.2996383207747148 0.0
outer loop
vertex 76.77799999999999 28.052499999999995 2.0
vertex 77.85399999999998 24.626500000000007 2.0
vertex 76.77799999999999 28.052499999999995 0.0
endloop
endfacet
facet normal 0.5162102800233729 0.8564618770255866 0.0
outer loop
vertex 75.89699999999999 28.5835 2.0
vertex 76.77799999999999 28.052499999999995 2.0
vertex 75.89699999999999 28.5835 0.0
endloop
endfacet
facet normal 0.43505705291483454 0.9004028879946235 0.0
outer loop
vertex 74.58899999999998 29.215500000000006 2.0
vertex 75.89699999999999 28.5835 2.0
vertex 74.58899999999998 29.215500000000006 0.0
endloop
endfacet
facet normal 0.36027205297427795 0.9328472800226728 0.0
outer loop
vertex 73.139 29.775500000000008 2.0
vertex 74.58899999999998 29.215500000000006 2.0
vertex 73.139 29.775500000000008 0.0
endloop
endfacet
facet normal 0.2908746292291708 0.9567611771339765 0.0
outer loop
vertex 71.547 30.259500000000003 2.0
vertex 73.139 29.775500000000008 2.0
vertex 71.547 30.259500000000003 0.0
endloop
endfacet
facet normal 0.0 0.0 -1.0
outer loop
vertex 46.59899999999999 -17.7705 0.0
vertex 81.64599999999999 -19.0815 0.0
vertex 81.72299999999998 -50.0135 0.0
endloop
endfacet
facet normal 0.0 0.0 -1.0
outer loop
vertex 46.59899999999999 -17.7705 0.0
vertex 81.523 -10.9835 0.0
vertex 81.64599999999999 -19.0815 0.0
endloop
endfacet
facet normal 0.0 0.0 -1.0
outer loop
vertex 46.59899999999999 -17.7705 0.0
vertex 81.25699999999999 -3.011499999999998 0.0
vertex 81.523 -10.9835 0.0
endloop
endfacet
facet normal 0.0 -0.0 -0.9999999999999999
outer loop
vertex 47.047 3.2515 0.0
vertex 81.25699999999999 -3.011499999999998 0.0
vertex 46.59899999999999 -17.7705 0.0
endloop
endfacet
facet normal -0.9999588438725522 0.009072516799044758 0.0
outer loop
vertex 46.59899999999999 -17.7705 2.0
vertex 46.59899999999999 -17.7705 0.0
vertex 46.27399999999999 -53.591499999999996 0.0
endloop
endfacet
facet normal 0.0 0.0 -1.0
outer loop
vertex 47.047 3.2515 0.0
vertex 80.79899999999999 4.688500000000005 0.0
vertex 81.25699999999999 -3.011499999999998 0.0
endloop
endfacet
facet normal 0.0 0.0 -1.0
outer loop
vertex 47.047 3.2515 0.0
vertex 80.103 11.968499999999999 0.0
vertex 80.79899999999999 4.688500000000005 0.0
endloop
endfacet
facet normal 0.0 0.0 -1.0
outer loop
vertex 47.358999999999995 12.1205 0.0
vertex 79.13 18.6715 0.0
vertex 80.103 11.968499999999999 0.0
endloop
endfacet
facet normal 0.0 0.0 -0.9999999999999999
outer loop
vertex 47.358999999999995 12.1205 0.0
vertex 77.85399999999998 24.626500000000007 0.0
vertex 79.13 18.6715 0.0
endloop
endfacet
facet normal 0.0 0.0 -1.0
outer loop
vertex 47.358999999999995 12.1205 0.0
vertex 76.77799999999999 28.052499999999995 0.0
vertex 77.85399999999998 24.626500000000007 0.0
endloop
endfacet
facet normal 0.0 0.0 -1.0
outer loop
vertex 47.358999999999995 12.1205 0.0
vertex 75.89699999999999 28.5835 0.0
vertex 76.77799999999999 28.052499999999995 0.0
endloop
endfacet
facet normal 0.0 0.0 -1.0
outer loop
vertex 47.358999999999995 12.1205 0.0
vertex 74.58899999999998 29.215500000000006 0.0
vertex 75.89699999999999 28.5835 0.0
endloop
endfacet
facet normal 0.0 0.0 -1.0
outer loop
vertex 47.358999999999995 12.1205 0.0
vertex 73.139 29.775500000000008 0.0
vertex 74.58899999999998 29.215500000000006 0.0
endloop
endfacet
facet normal 0.0 0.0 -1.0
outer loop
vertex 47.358999999999995 12.1205 0.0
vertex 71.547 30.259500000000003 0.0
vertex 73.139 29.775500000000008 0.0
endloop
endfacet
facet normal 0.0 0.0 -1.0
outer loop
vertex 47.358999999999995 12.1205 0.0
vertex 69.818 30.667500000000004 0.0
vertex 71.547 30.259500000000003 0.0
endloop
endfacet
facet normal 0.0 0.0 -1.0
outer loop
vertex 47.358999999999995 12.1205 0.0
vertex 66.01299999999999 31.255499999999998 0.0
vertex 69.818 30.667500000000004 0.0
endloop
endfacet
facet normal 0.22966679102899903 0.9732693178655342 0.0
outer loop
vertex 71.547 30.259500000000003 2.0
vertex 71.547 30.259500000000003 0.0
vertex 69.818 30.667500000000004 0.0
endloop
endfacet
facet normal 0.1527207354202911 0.9882693848200931 0.0
outer loop
vertex 69.818 30.667500000000004 2.0
vertex 69.818 30.667500000000004 0.0
vertex 66.01299999999999 31.255499999999998 0.0
endloop
endfacet
facet normal 0.07379594408687587 0.9972733620408832 0.0
outer loop
vertex 66.01299999999999 31.255499999999998 2.0
vertex 66.01299999999999 31.255499999999998 0.0
vertex 61.647999999999996 31.578500000000005 0.0
endloop
endfacet
facet normal 0.019689836383849538 0.999806136380037 0.0
outer loop
vertex 61.647999999999996 31.578500000000005 2.0
vertex 61.647999999999996 31.578500000000005 0.0
vertex 57.07799999999999 31.668499999999995 0.0
endloop
endfacet
facet normal 0.0 -0.0 -1.0
outer loop
vertex 47.358999999999995 12.1205 0.0
vertex 80.103 11.968499999999999 0.0
vertex 47.047 3.2515 0.0
endloop
endfacet
facet normal 0.0 0.0 -1.0
outer loop
vertex 47.358999999999995 12.1205 0.0
vertex 61.647999999999996 31.578500000000005 0.0
vertex 66.01299999999999 31.255499999999998 0.0
endloop
endfacet
facet normal 0.0 0.0 -1.0
outer loop
vertex 47.737999999999985 19.558500000000002 0.0
vertex 57.07799999999999 31.668499999999995 0.0
vertex 61.647999999999996 31.578500000000005 0.0
endloop
endfacet
facet normal 0.0 0.0 -1.0
outer loop
vertex 47.737999999999985 19.558500000000002 0.0
vertex 55.590999999999994 31.605500000000006 0.0
vertex 57.07799999999999 31.668499999999995 0.0
endloop
endfacet
facet normal 0.0 0.0 -1.0
outer loop
vertex 48.16799999999999 25.0805 0.0
vertex 54.31099999999999 31.433499999999995 0.0
vertex 55.590999999999994 31.605500000000006 0.0
endloop
endfacet
facet normal 0.0 -0.0 -1.0
outer loop
vertex 47.737999999999985 19.558500000000002 0.0
vertex 61.647999999999996 31.578500000000005 0.0
vertex 47.358999999999995 12.1205 0.0
endloop
endfacet
facet normal 0.0 -0.0 -1.0
outer loop
vertex 48.16799999999999 25.0805 0.0
vertex 55.590999999999994 31.605500000000006 0.0
vertex 47.737999999999985 19.558500000000002 0.0
endloop
endfacet
facet normal 0.0 0.0 -0.9999999999999999
outer loop
vertex 48.16799999999999 25.0805 0.0
vertex 53.178 31.165499999999994 0.0
vertex 54.31099999999999 31.433499999999995 0.0
endloop
endfacet
facet normal 0.0 0.0 -1.0
outer loop
vertex 48.16799999999999 25.0805 0.0
vertex 52.19499999999999 30.816500000000005 0.0
vertex 53.178 31.165499999999994 0.0
endloop
endfacet
facet normal 0.0 0.0 -1.0
outer loop
vertex 48.39299999999999 26.305499999999995 0.0
vertex 51.356999999999985 30.402500000000003 0.0
vertex 52.19499999999999 30.816500000000005 0.0
endloop
endfacet
facet normal 0.0 0.0 -1.0
outer loop
vertex 48.70599999999999 27.301500000000004 0.0
vertex 50.64899999999999 29.9345 0.0
vertex 51.356999999999985 30.402500000000003 0.0
endloop
endfacet
facet normal 0.0 -0.0 -1.0
outer loop
vertex 48.39299999999999 26.305499999999995 0.0
vertex 52.19499999999999 30.816500000000005 0.0
vertex 48.16799999999999 25.0805 0.0
endloop
endfacet
facet normal 0.0 -0.0 -1.0
outer loop
vertex 48.70599999999999 27.301500000000004 0.0
vertex 51.356999999999985 30.402500000000003 0.0
vertex 48.39299999999999 26.305499999999995 0.0
endloop
endfacet
facet normal 0.0 -0.0 -1.0
outer loop
vertex 50.05 29.40950000000001 0.0
vertex 50.64899999999999 29.9345 0.0
vertex 49.090999999999994 28.125500000000002 0.0
endloop
endfacet
facet normal -0.0 0.0 -1.0
outer loop
vertex 50.05 29.40950000000001 0.0
vertex 49.090999999999994 28.125500000000002 0.0
vertex 49.53699999999999 28.816500000000005 0.0
endloop
endfacet
facet normal 0.0 -0.0 -1.0
outer loop
vertex 49.090999999999994 28.125500000000002 0.0
vertex 50.64899999999999 29.9345 0.0
vertex 48.70599999999999 27.301500000000004 0.0
endloop
endfacet
facet normal -0.9997729977977291 0.021306169870297317 0.0
outer loop
vertex 47.047 3.2515 2.0
vertex 47.047 3.2515 0.0
vertex 46.59899999999999 -17.7705 0.0
endloop
endfacet
facet normal -0.9993818028225331 0.035156964988231815 0.0
outer loop
vertex 47.358999999999995 12.1205 2.0
vertex 47.358999999999995 12.1205 0.0
vertex 47.047 3.2515 0.0
endloop
endfacet
facet normal -0.0423292092761615 0.9991037173597419 0.0
outer loop
vertex 57.07799999999999 31.668499999999995 2.0
vertex 57.07799999999999 31.668499999999995 0.0
vertex 55.590999999999994 31.605500000000006 0.0
endloop
endfacet
facet normal -0.13317800555771198 0.9910921343829088 0.0
outer loop
vertex 55.590999999999994 31.605500000000006 2.0
vertex 55.590999999999994 31.605500000000006 0.0
vertex 54.31099999999999 31.433499999999995 0.0
endloop
endfacet
facet normal -0.2301881436216742 0.9731461444901313 0.0
outer loop
vertex 54.31099999999999 31.433499999999995 2.0
vertex 54.31099999999999 31.433499999999995 0.0
vertex 53.178 31.165499999999994 0.0
endloop
endfacet
facet normal -0.33457463856536207 0.9423692541826996 0.0
outer loop
vertex 53.178 31.165499999999994 2.0
vertex 53.178 31.165499999999994 0.0
vertex 52.19499999999999 30.816500000000005 0.0
endloop
endfacet
facet normal -0.9987043389893685 0.05088853784309777 0.0
outer loop
vertex 47.737999999999985 19.558500000000002 2.0
vertex 47.737999999999985 19.558500000000002 0.0
vertex 47.358999999999995 12.1205 0.0
endloop
endfacet
facet normal -0.4429289695496281 0.8965567064796875 0.0
outer loop
vertex 52.19499999999999 30.816500000000005 2.0
vertex 52.19499999999999 30.816500000000005 0.0
vertex 51.356999999999985 30.402500000000003 0.0
endloop
endfacet
facet normal -0.5514330137492162 0.834219174646242 0.0
outer loop
vertex 51.356999999999985 30.402500000000003 2.0
vertex 51.356999999999985 30.402500000000003 0.0
vertex 50.64899999999999 29.9345 0.0
endloop
endfacet
facet normal -0.7562778945074431 0.65425052256715 0.0
outer loop
vertex 50.05 29.40950000000001 2.0
vertex 50.05 29.40950000000001 0.0
vertex 49.53699999999999 28.816500000000005 0.0
endloop
endfacet
facet normal -0.8401894250059315 0.5422930297433319 0.0
outer loop
vertex 49.53699999999999 28.816500000000005 2.0
vertex 49.53699999999999 28.816500000000005 0.0
vertex 49.090999999999994 28.125500000000002 0.0
endloop
endfacet
facet normal -0.6591265671957058 0.7520320261909093 0.0
outer loop
vertex 50.64899999999999 29.9345 2.0
vertex 50.64899999999999 29.9345 0.0
vertex 50.05 29.40950000000001 0.0
endloop
endfacet
facet normal -0.9969818245904826 0.07763531049871684 0.0
outer loop
vertex 48.16799999999999 25.0805 2.0
vertex 48.16799999999999 25.0805 0.0
vertex 47.737999999999985 19.558500000000002 0.0
endloop
endfacet
facet normal -0.9540015443336601 0.29980169013698305 0.0
outer loop
vertex 48.70599999999999 27.301500000000004 2.0
vertex 48.70599999999999 27.301500000000004 0.0
vertex 48.39299999999999 26.305499999999995 0.0
endloop
endfacet
facet normal -0.9835471662320335 0.18065152032832896 0.0
outer loop
vertex 48.39299999999999 26.305499999999995 2.0
vertex 48.39299999999999 26.305499999999995 0.0
vertex 48.16799999999999 25.0805 0.0
endloop
endfacet
facet normal -0.9059864164729101 0.42330676012387847 0.0
outer loop
vertex 49.090999999999994 28.125500000000002 2.0
vertex 49.090999999999994 28.125500000000002 0.0
vertex 48.70599999999999 27.301500000000004 0.0
endloop
endfacet
facet normal -0.0 -0.0 1.0
outer loop
vertex 46.59899999999999 -17.7705 2.0
vertex 81.72299999999998 -50.0135 2.0
vertex 81.64599999999999 -19.0815 2.0
endloop
endfacet
facet normal -0.0 -0.0 1.0
outer loop
vertex 46.59899999999999 -17.7705 2.0
vertex 81.64599999999999 -19.0815 2.0
vertex 81.523 -10.9835 2.0
endloop
endfacet
facet normal 0.0 -0.0 1.0
outer loop
vertex 46.59899999999999 -17.7705 2.0
vertex 81.523 -10.9835 2.0
vertex 81.25699999999999 -3.011499999999998 2.0
endloop
endfacet
facet normal -0.9997729977977291 0.021306169870297317 0.0
outer loop
vertex 46.59899999999999 -17.7705 2.0
vertex 47.047 3.2515 2.0
vertex 46.59899999999999 -17.7705 0.0
endloop
endfacet
facet normal -0.0 0.0 0.9999999999999999
outer loop
vertex 47.047 3.2515 2.0
vertex 46.59899999999999 -17.7705 2.0
vertex 81.25699999999999 -3.011499999999998 2.0
endloop
endfacet
facet normal 0.22966679102899903 0.9732693178655342 0.0
outer loop
vertex 69.818 30.667500000000004 2.0
vertex 71.547 30.259500000000003 2.0
vertex 69.818 30.667500000000004 0.0
endloop
endfacet
facet normal 0.1527207354202911 0.9882693848200931 0.0
outer loop
vertex 66.01299999999999 31.255499999999998 2.0
vertex 69.818 30.667500000000004 2.0
vertex 66.01299999999999 31.255499999999998 0.0
endloop
endfacet
facet normal 0.07379594408687587 0.9972733620408832 0.0
outer loop
vertex 61.647999999999996 31.578500000000005 2.0
vertex 66.01299999999999 31.255499999999998 2.0
vertex 61.647999999999996 31.578500000000005 0.0
endloop
endfacet
facet normal -0.0 -0.0 1.0
outer loop
vertex 47.047 3.2515 2.0
vertex 81.25699999999999 -3.011499999999998 2.0
vertex 80.79899999999999 4.688500000000005 2.0
endloop
endfacet
facet normal 0.0 -0.0 1.0
outer loop
vertex 47.047 3.2515 2.0
vertex 80.79899999999999 4.688500000000005 2.0
vertex 80.103 11.968499999999999 2.0
endloop
endfacet
facet normal -0.0 -0.0 1.0
outer loop
vertex 47.358999999999995 12.1205 2.0
vertex 80.103 11.968499999999999 2.0
vertex 79.13 18.6715 2.0
endloop
endfacet
facet normal 0.0 -0.0 0.9999999999999999
outer loop
vertex 47.358999999999995 12.1205 2.0
vertex 79.13 18.6715 2.0
vertex 77.85399999999998 24.626500000000007 2.0
endloop
endfacet
facet normal 0.0 -0.0 1.0
outer loop
vertex 47.358999999999995 12.1205 2.0
vertex 77.85399999999998 24.626500000000007 2.0
vertex 76.77799999999999 28.052499999999995 2.0
endloop
endfacet
facet normal 0.0 -0.0 1.0
outer loop
vertex 47.358999999999995 12.1205 2.0
vertex 76.77799999999999 28.052499999999995 2.0
vertex 75.89699999999999 28.5835 2.0
endloop
endfacet
facet normal 0.0 -0.0 1.0
outer loop
vertex 47.358999999999995 12.1205 2.0
vertex 75.89699999999999 28.5835 2.0
vertex 74.58899999999998 29.215500000000006 2.0
endloop
endfacet
facet normal 0.0 -0.0 1.0
outer loop
vertex 47.358999999999995 12.1205 2.0
vertex 74.58899999999998 29.215500000000006 2.0
vertex 73.139 29.775500000000008 2.0
endloop
endfacet
facet normal 0.0 -0.0 1.0
outer loop
vertex 47.358999999999995 12.1205 2.0
vertex 73.139 29.775500000000008 2.0
vertex 71.547 30.259500000000003 2.0
endloop
endfacet
facet normal 0.0 -0.0 1.0
outer loop
vertex 47.358999999999995 12.1205 2.0
vertex 71.547 30.259500000000003 2.0
vertex 69.818 30.667500000000004 2.0
endloop
endfacet
facet normal 0.0 -0.0 1.0
outer loop
vertex 47.358999999999995 12.1205 2.0
vertex 69.818 30.667500000000004 2.0
vertex 66.01299999999999 31.255499999999998 2.0
endloop
endfacet
facet normal -0.9993818028225331 0.035156964988231815 0.0
outer loop
vertex 47.047 3.2515 2.0
vertex 47.358999999999995 12.1205 2.0
vertex 47.047 3.2515 0.0
endloop
endfacet
facet normal 0.019689836383849538 0.999806136380037 0.0
outer loop
vertex 57.07799999999999 31.668499999999995 2.0
vertex 61.647999999999996 31.578500000000005 2.0
vertex 57.07799999999999 31.668499999999995 0.0
endloop
endfacet
facet normal -0.0423292092761615 0.9991037173597419 0.0
outer loop
vertex 55.590999999999994 31.605500000000006 2.0
vertex 57.07799999999999 31.668499999999995 2.0
vertex 55.590999999999994 31.605500000000006 0.0
endloop
endfacet
facet normal -0.13317800555771198 0.9910921343829088 0.0
outer loop
vertex 54.31099999999999 31.433499999999995 2.0
vertex 55.590999999999994 31.605500000000006 2.0
vertex 54.31099999999999 31.433499999999995 0.0
endloop
endfacet
facet normal -0.2301881436216742 0.9731461444901313 0.0
outer loop
vertex 53.178 31.165499999999994 2.0
vertex 54.31099999999999 31.433499999999995 2.0
vertex 53.178 31.165499999999994 0.0
endloop
endfacet
facet normal -0.33457463856536207 0.9423692541826996 0.0
outer loop
vertex 52.19499999999999 30.816500000000005 2.0
vertex 53.178 31.165499999999994 2.0
vertex 52.19499999999999 30.816500000000005 0.0
endloop
endfacet
facet normal -0.9987043389893685 0.05088853784309777 0.0
outer loop
vertex 47.358999999999995 12.1205 2.0
vertex 47.737999999999985 19.558500000000002 2.0
vertex 47.358999999999995 12.1205 0.0
endloop
endfacet
facet normal -0.9969818245904826 0.07763531049871684 0.0
outer loop
vertex 47.737999999999985 19.558500000000002 2.0
vertex 48.16799999999999 25.0805 2.0
vertex 47.737999999999985 19.558500000000002 0.0
endloop
endfacet
facet normal -0.4429289695496281 0.8965567064796875 0.0
outer loop
vertex 51.356999999999985 30.402500000000003 2.0
vertex 52.19499999999999 30.816500000000005 2.0
vertex 51.356999999999985 30.402500000000003 0.0
endloop
endfacet
facet normal -0.5514330137492162 0.834219174646242 0.0
outer loop
vertex 50.64899999999999 29.9345 2.0
vertex 51.356999999999985 30.402500000000003 2.0
vertex 50.64899999999999 29.9345 0.0
endloop
endfacet
facet normal -0.7562778945074431 0.65425052256715 0.0
outer loop
vertex 49.53699999999999 28.816500000000005 2.0
vertex 50.05 29.40950000000001 2.0
vertex 49.53699999999999 28.816500000000005 0.0
endloop
endfacet
facet normal -0.6591265671957058 0.7520320261909093 0.0
outer loop
vertex 50.05 29.40950000000001 2.0
vertex 50.64899999999999 29.9345 2.0
vertex 50.05 29.40950000000001 0.0
endloop
endfacet
facet normal -0.9835471662320335 0.18065152032832896 0.0
outer loop
vertex 48.16799999999999 25.0805 2.0
vertex 48.39299999999999 26.305499999999995 2.0
vertex 48.16799999999999 25.0805 0.0
endloop
endfacet
facet normal -0.9540015443336601 0.29980169013698305 0.0
outer loop
vertex 48.39299999999999 26.305499999999995 2.0
vertex 48.70599999999999 27.301500000000004 2.0
vertex 48.39299999999999 26.305499999999995 0.0
endloop
endfacet
facet normal -0.9059864164729101 0.42330676012387847 0.0
outer loop
vertex 48.70599999999999 27.301500000000004 2.0
vertex 49.090999999999994 28.125500000000002 2.0
vertex 48.70599999999999 27.301500000000004 0.0
endloop
endfacet
facet normal -0.8401894250059315 0.5422930297433319 0.0
outer loop
vertex 49.090999999999994 28.125500000000002 2.0
vertex 49.53699999999999 28.816500000000005 2.0
vertex 49.090999999999994 28.125500000000002 0.0
endloop
endfacet
facet normal -0.0 0.0 1.0
outer loop
vertex 47.358999999999995 12.1205 2.0
vertex 47.047 3.2515 2.0
vertex 80.103 11.968499999999999 2.0
endloop
endfacet
facet normal 0.0 -0.0 1.0
outer loop
vertex 47.358999999999995 12.1205 2.0
vertex 66.01299999999999 31.255499999999998 2.0
vertex 61.647999999999996 31.578500000000005 2.0
endloop
endfacet
facet normal 0.0 -0.0 1.0
outer loop
vertex 47.737999999999985 19.558500000000002 2.0
vertex 61.647999999999996 31.578500000000005 2.0
vertex 57.07799999999999 31.668499999999995 2.0
endloop
endfacet
facet normal 0.0 -0.0 1.0
outer loop
vertex 47.737999999999985 19.558500000000002 2.0
vertex 57.07799999999999 31.668499999999995 2.0
vertex 55.590999999999994 31.605500000000006 2.0
endloop
endfacet
facet normal 0.0 -0.0 0.9999999999999999
outer loop
vertex 48.16799999999999 25.0805 2.0
vertex 55.590999999999994 31.605500000000006 2.0
vertex 54.31099999999999 31.433499999999995 2.0
endloop
endfacet
facet normal -0.0 0.0 1.0
outer loop
vertex 47.737999999999985 19.558500000000002 2.0
vertex 47.358999999999995 12.1205 2.0
vertex 61.647999999999996 31.578500000000005 2.0
endloop
endfacet
facet normal -0.0 0.0 1.0
outer loop
vertex 48.16799999999999 25.0805 2.0
vertex 47.737999999999985 19.558500000000002 2.0
vertex 55.590999999999994 31.605500000000006 2.0
endloop
endfacet
facet normal 0.0 -0.0 0.9999999999999999
outer loop
vertex 48.16799999999999 25.0805 2.0
vertex 54.31099999999999 31.433499999999995 2.0
vertex 53.178 31.165499999999994 2.0
endloop
endfacet
facet normal 0.0 -0.0 1.0
outer loop
vertex 48.16799999999999 25.0805 2.0
vertex 53.178 31.165499999999994 2.0
vertex 52.19499999999999 30.816500000000005 2.0
endloop
endfacet
facet normal 0.0 -0.0 1.0
outer loop
vertex 48.39299999999999 26.305499999999995 2.0
vertex 52.19499999999999 30.816500000000005 2.0
vertex 51.356999999999985 30.402500000000003 2.0
endloop
endfacet
facet normal 0.0 -0.0 1.0
outer loop
vertex 48.70599999999999 27.301500000000004 2.0
vertex 51.356999999999985 30.402500000000003 2.0
vertex 50.64899999999999 29.9345 2.0
endloop
endfacet
facet normal -0.0 0.0 1.0
outer loop
vertex 48.39299999999999 26.305499999999995 2.0
vertex 48.16799999999999 25.0805 2.0
vertex 52.19499999999999 30.816500000000005 2.0
endloop
endfacet
facet normal -0.0 0.0 1.0
outer loop
vertex 48.70599999999999 27.301500000000004 2.0
vertex 48.39299999999999 26.305499999999995 2.0
vertex 51.356999999999985 30.402500000000003 2.0
endloop
endfacet
facet normal -0.0 0.0 1.0
outer loop
vertex 50.05 29.40950000000001 2.0
vertex 49.090999999999994 28.125500000000002 2.0
vertex 50.64899999999999 29.9345 2.0
endloop
endfacet
facet normal 0.0 0.0 0.9999999999999999
outer loop
vertex 50.05 29.40950000000001 2.0
vertex 49.53699999999999 28.816500000000005 2.0
vertex 49.090999999999994 28.125500000000002 2.0
endloop
endfacet
facet normal -0.0 0.0 1.0
outer loop
vertex 49.090999999999994 28.125500000000002 2.0
vertex 48.70599999999999 27.301500000000004 2.0
vertex 50.64899999999999 29.9345 2.0
endloop
endfacet
facet normal 0.0 -0.0 -1.0
outer loop
vertex -111.77900000000001 38.2915 0.0
vertex -107.13700000000001 37.1465 0.0
vertex -111.14 36.4605 0.0
endloop
endfacet
facet normal -0.0 -0.0 -1.0
outer loop
vertex -112.581 41.4635 0.0
vertex -107.13700000000001 37.1465 0.0
vertex -111.77900000000001 38.2915 0.0
endloop
endfacet
facet normal 0.0 -0.0 -1.0
outer loop
vertex -112.581 41.4635 0.0
vertex -99.06400000000001 40.0045 0.0
vertex -107.13700000000001 37.1465 0.0
endloop
endfacet
facet normal -0.0 -0.0 -1.0
outer loop
vertex -114.161 45.590500000000006 0.0
vertex -99.06400000000001 40.0045 0.0
vertex -112.581 41.4635 0.0
endloop
endfacet
facet normal 0.0 -0.0 -1.0
outer loop
vertex -114.161 45.590500000000006 0.0
vertex -91.27300000000001 44.0445 0.0
vertex -99.06400000000001 40.0045 0.0
endloop
endfacet
facet normal -0.9338985549040607 -0.3575380946809822 -0.0
outer loop
vertex -114.161 45.590500000000006 2.0
vertex -114.161 45.590500000000006 0.0
vertex -112.581 41.4635 0.0
endloop
endfacet
facet normal -0.9441554200654766 -0.3295004442500548 -0.0
outer loop
vertex -111.77900000000001 38.2915 2.0
vertex -111.77900000000001 38.2915 0.0
vertex -111.14 36.4605 0.0
endloop
endfacet
facet normal 0.16890914196673862 -0.98563162579133 0.0
outer loop
vertex -111.14 36.4605 2.0
vertex -111.14 36.4605 0.0
vertex -107.13700000000001 37.1465 0.0
endloop
endfacet
facet normal -0.9694918068524121 -0.2451237166127447 -0.0
outer loop
vertex -112.581 41.4635 2.0
vertex -112.581 41.4635 0.0
vertex -111.77900000000001 38.2915 0.0
endloop
endfacet
facet normal -0.9506545339076582 -0.31025144183518827 -0.0
outer loop
vertex -115.45500000000001 49.5555 2.0
vertex -115.45500000000001 49.5555 0.0
vertex -114.161 45.590500000000006 0.0
endloop
endfacet
facet normal -0.9649839104831136 -0.26230907820492677 -0.0
outer loop
vertex -116.52600000000001 53.49550000000001 2.0
vertex -116.52600000000001 53.49550000000001 0.0
vertex -115.45500000000001 49.5555 0.0
endloop
endfacet
facet normal 0.33372393145093787 -0.9426708532552228 0.0
outer loop
vertex -107.13700000000001 37.1465 2.0
vertex -107.13700000000001 37.1465 0.0
vertex -99.06400000000001 40.0045 0.0
endloop
endfacet
facet normal 0.46033712008219946 -0.887744183802083 0.0
outer loop
vertex -99.06400000000001 40.0045 2.0
vertex -99.06400000000001 40.0045 0.0
vertex -91.27300000000001 44.0445 0.0
endloop
endfacet
facet normal -0.0 0.0 -1.0
outer loop
vertex -75.501 84.42450000000001 0.0
vertex -114.161 45.590500000000006 0.0
vertex -115.45500000000001 49.5555 0.0
endloop
endfacet
facet normal -0.0 0.0 -1.0
outer loop
vertex -75.501 84.42450000000001 0.0
vertex -115.45500000000001 49.5555 0.0
vertex -116.52600000000001 53.49550000000001 0.0
endloop
endfacet
facet normal -0.0 0.0 -1.0
outer loop
vertex -75.501 84.42450000000001 0.0
vertex -91.27300000000001 44.0445 0.0
vertex -114.161 45.590500000000006 0.0
endloop
endfacet
facet normal -0.0 0.0 -1.0
outer loop
vertex -75.501 84.42450000000001 0.0
vertex -116.52600000000001 53.49550000000001 0.0
vertex -117.38300000000001 57.4025 0.0
endloop
endfacet
facet normal -0.0 0.0 -1.0
outer loop
vertex -76.177 84.9915 0.0
vertex -117.38300000000001 57.4025 0.0
vertex -118.031 61.2645 0.0
endloop
endfacet
facet normal -0.0 0.0 -1.0
outer loop
vertex -76.177 84.9915 0.0
vertex -118.031 61.2645 0.0
vertex -118.47800000000001 65.0725 0.0
endloop
endfacet
facet normal -0.976777533304773 -0.21425603942723076 -0.0
outer loop
vertex -117.38300000000001 57.4025 2.0
vertex -117.38300000000001 57.4025 0.0
vertex -116.52600000000001 53.49550000000001 0.0
endloop
endfacet
facet normal -0.9862138915986947 -0.1654755571610438 -0.0
outer loop
vertex -118.031 61.2645 2.0
vertex -118.031 61.2645 0.0
vertex -117.38300000000001 57.4025 0.0
endloop
endfacet
facet normal -0.9931808361449953 -0.11658398995714674 -0.0
outer loop
vertex -118.47800000000001 65.0725 2.0
vertex -118.47800000000001 65.0725 0.0
vertex -118.031 61.2645 0.0
endloop
endfacet
facet normal -0.9977234020062641 -0.06743895824407835 -0.0
outer loop
vertex -118.73100000000001 68.8155 2.0
vertex -118.73100000000001 68.8155 0.0
vertex -118.47800000000001 65.0725 0.0
endloop
endfacet
facet normal -0.9998431086213966 -0.017713219422291784 -0.0
outer loop
vertex -118.796 72.4845 2.0
vertex -118.796 72.4845 0.0
vertex -118.73100000000001 68.8155 0.0
endloop
endfacet
facet normal 0.5476686077029866 -0.8366953424853469 0.0
outer loop
vertex -91.27300000000001 44.0445 2.0
vertex -91.27300000000001 44.0445 0.0
vertex -84.49900000000001 48.478500000000004 0.0
endloop
endfacet
facet normal 0.6013230283584723 -0.7990060172275276 0.0
outer loop
vertex -84.49900000000001 48.478500000000004 2.0
vertex -84.49900000000001 48.478500000000004 0.0
vertex -77.35300000000001 53.856500000000004 0.0
endloop
endfacet
facet normal -0.0 0.0 -1.0
outer loop
vertex -84.49900000000001 48.478500000000004 0.0
vertex -91.27300000000001 44.0445 0.0
vertex -75.501 84.42450000000001 0.0
endloop
endfacet
facet normal 0.0 -0.0 -1.0
outer loop
vertex -84.49900000000001 48.478500000000004 0.0
vertex -75.501 84.42450000000001 0.0
vertex -77.35300000000001 53.856500000000004 0.0
endloop
endfacet
facet normal 0.0 0.0 -1.0
outer loop
vertex -77.35300000000001 53.856500000000004 0.0
vertex -73.49900000000001 83.0425 0.0
vertex -71.34700000000001 81.9515 0.0
endloop
endfacet
facet normal 0.0 0.0 -1.0
outer loop
vertex -77.35300000000001 53.856500000000004 0.0
vertex -66.74400000000001 80.5985 0.0
vertex -63.06500000000001 65.36250000000001 0.0
endloop
endfacet
facet normal 0.0 0.0 -1.0
outer loop
vertex -77.35300000000001 53.856500000000004 0.0
vertex -71.34700000000001 81.9515 0.0
vertex -69.087 81.1435 0.0
endloop
endfacet
facet normal 0.0 0.0 -1.0
outer loop
vertex -77.35300000000001 53.856500000000004 0.0
vertex -69.087 81.1435 0.0
vertex -66.74400000000001 80.5985 0.0
endloop
endfacet
facet normal 0.6272046414979638 -0.7788545035392751 0.0
outer loop
vertex -77.35300000000001 53.856500000000004 2.0
vertex -77.35300000000001 53.856500000000004 0.0
vertex -63.06500000000001 65.36250000000001 0.0
endloop
endfacet
facet normal -0.9338985549040607 -0.3575380946809822 0.0
outer loop
vertex -112.581 41.4635 2.0
vertex -114.161 45.590500000000006 2.0
vertex -112.581 41.4635 0.0
endloop
endfacet
facet normal -0.9441554200654766 -0.3295004442500548 0.0
outer loop
vertex -111.14 36.4605 2.0
vertex -111.77900000000001 38.2915 2.0
vertex -111.14 36.4605 0.0
endloop
endfacet
facet normal -0.9694918068524121 -0.2451237166127447 0.0
outer loop
vertex -111.77900000000001 38.2915 2.0
vertex -112.581 41.4635 2.0
vertex -111.77900000000001 38.2915 0.0
endloop
endfacet
facet normal 0.16890914196673862 -0.98563162579133 0.0
outer loop
vertex -107.13700000000001 37.1465 2.0
vertex -111.14 36.4605 2.0
vertex -107.13700000000001 37.1465 0.0
endloop
endfacet
facet normal -0.9506545339076582 -0.31025144183518827 0.0
outer loop
vertex -114.161 45.590500000000006 2.0
vertex -115.45500000000001 49.5555 2.0
vertex -114.161 45.590500000000006 0.0
endloop
endfacet
facet normal -0.9649839104831136 -0.26230907820492677 0.0
outer loop
vertex -115.45500000000001 49.5555 2.0
vertex -116.52600000000001 53.49550000000001 2.0
vertex -115.45500000000001 49.5555 0.0
endloop
endfacet
facet normal -0.976777533304773 -0.21425603942723076 0.0
outer loop
vertex -116.52600000000001 53.49550000000001 2.0
vertex -117.38300000000001 57.4025 2.0
vertex -116.52600000000001 53.49550000000001 0.0
endloop
endfacet
facet normal 0.33372393145093787 -0.9426708532552228 0.0
outer loop
vertex -99.06400000000001 40.0045 2.0
vertex -107.13700000000001 37.1465 2.0
vertex -99.06400000000001 40.0045 0.0
endloop
endfacet
facet normal 0.46033712008219946 -0.887744183802083 0.0
outer loop
vertex -91.27300000000001 44.0445 2.0
vertex -99.06400000000001 40.0045 2.0
vertex -91.27300000000001 44.0445 0.0
endloop
endfacet
facet normal -0.0 0.0 1.0
outer loop
vertex -111.77900000000001 38.2915 2.0
vertex -111.14 36.4605 2.0
vertex -107.13700000000001 37.1465 2.0
endloop
endfacet
facet normal 0.0 0.0 1.0
outer loop
vertex -112.581 41.4635 2.0
vertex -111.77900000000001 38.2915 2.0
vertex -107.13700000000001 37.1465 2.0
endloop
endfacet
facet normal -0.0 0.0 0.9999999999999999
outer loop
vertex -112.581 41.4635 2.0
vertex -107.13700000000001 37.1465 2.0
vertex -99.06400000000001 40.0045 2.0
endloop
endfacet
facet normal 0.0 0.0 1.0
outer loop
vertex -114.161 45.590500000000006 2.0
vertex -112.581 41.4635 2.0
vertex -99.06400000000001 40.0045 2.0
endloop
endfacet
facet normal -0.0 0.0 1.0
outer loop
vertex -114.161 45.590500000000006 2.0
vertex -99.06400000000001 40.0045 2.0
vertex -91.27300000000001 44.0445 2.0
endloop
endfacet
facet normal -0.9862138915986947 -0.1654755571610438 0.0
outer loop
vertex -117.38300000000001 57.4025 2.0
vertex -118.031 61.2645 2.0
vertex -117.38300000000001 57.4025 0.0
endloop
endfacet
facet normal -0.9931808361449953 -0.11658398995714674 0.0
outer loop
vertex -118.031 61.2645 2.0
vertex -118.47800000000001 65.0725 2.0
vertex -118.031 61.2645 0.0
endloop
endfacet
facet normal -0.9977234020062641 -0.06743895824407835 0.0
outer loop
vertex -118.47800000000001 65.0725 2.0
vertex -118.73100000000001 68.8155 2.0
vertex -118.47800000000001 65.0725 0.0
endloop
endfacet
facet normal -0.9998431086213966 -0.017713219422291784 0.0
outer loop
vertex -118.73100000000001 68.8155 2.0
vertex -118.796 72.4845 2.0
vertex -118.73100000000001 68.8155 0.0
endloop
endfacet
facet normal 0.0 0.0 1.0
outer loop
vertex -75.501 84.42450000000001 2.0
vertex -115.45500000000001 49.5555 2.0
vertex -114.161 45.590500000000006 2.0
endloop
endfacet
facet normal 0.0 0.0 1.0
outer loop
vertex -75.501 84.42450000000001 2.0
vertex -116.52600000000001 53.49550000000001 2.0
vertex -115.45500000000001 49.5555 2.0
endloop
endfacet
facet normal 0.0 0.0 1.0
outer loop
vertex -75.501 84.42450000000001 2.0
vertex -114.161 45.590500000000006 2.0
vertex -91.27300000000001 44.0445 2.0
endloop
endfacet
facet normal 0.0 0.0 1.0
outer loop
vertex -75.501 84.42450000000001 2.0
vertex -117.38300000000001 57.4025 2.0
vertex -116.52600000000001 53.49550000000001 2.0
endloop
endfacet
facet normal 0.0 0.0 1.0
outer loop
vertex -76.177 84.9915 2.0
vertex -118.031 61.2645 2.0
vertex -117.38300000000001 57.4025 2.0
endloop
endfacet
facet normal 0.0 0.0 1.0
outer loop
vertex -76.177 84.9915 2.0
vertex -118.47800000000001 65.0725 2.0
vertex -118.031 61.2645 2.0
endloop
endfacet
facet normal 0.5476686077029866 -0.8366953424853469 0.0
outer loop
vertex -84.49900000000001 48.478500000000004 2.0
vertex -91.27300000000001 44.0445 2.0
vertex -84.49900000000001 48.478500000000004 0.0
endloop
endfacet
facet normal 0.6013230283584723 -0.7990060172275276 0.0
outer loop
vertex -77.35300000000001 53.856500000000004 2.0
vertex -84.49900000000001 48.478500000000004 2.0
vertex -77.35300000000001 53.856500000000004 0.0
endloop
endfacet
facet normal 0.6272046414979638 -0.7788545035392751 0.0
outer loop
vertex -63.06500000000001 65.36250000000001 2.0
vertex -77.35300000000001 53.856500000000004 2.0
vertex -63.06500000000001 65.36250000000001 0.0
endloop
endfacet
facet normal 0.0 -0.0 1.0
outer loop
vertex -84.49900000000001 48.478500000000004 2.0
vertex -75.501 84.42450000000001 2.0
vertex -91.27300000000001 44.0445 2.0
endloop
endfacet
facet normal 0.0 0.0 1.0
outer loop
vertex -84.49900000000001 48.478500000000004 2.0
vertex -77.35300000000001 53.856500000000004 2.0
vertex -75.501 84.42450000000001 2.0
endloop
endfacet
facet normal 0.0 -0.0 1.0
outer loop
vertex -77.35300000000001 53.856500000000004 2.0
vertex -71.34700000000001 81.9515 2.0
vertex -73.49900000000001 83.0425 2.0
endloop
endfacet
facet normal 0.0 -0.0 1.0
outer loop
vertex -77.35300000000001 53.856500000000004 2.0
vertex -63.06500000000001 65.36250000000001 2.0
vertex -66.74400000000001 80.5985 2.0
endloop
endfacet
facet normal 0.0 -0.0 1.0
outer loop
vertex -77.35300000000001 53.856500000000004 2.0
vertex -69.087 81.1435 2.0
vertex -71.34700000000001 81.9515 2.0
endloop
endfacet
facet normal 0.0 -0.0 1.0
outer loop
vertex -77.35300000000001 53.856500000000004 2.0
vertex -66.74400000000001 80.5985 2.0
vertex -69.087 81.1435 2.0
endloop
endfacet
facet normal -0.0 0.0 -1.0
outer loop
vertex -77.88600000000001 86.7375 0.0
vertex -118.47800000000001 65.0725 0.0
vertex -118.73100000000001 68.8155 0.0
endloop
endfacet
facet normal -0.0 0.0 -0.9999999999999999
outer loop
vertex -77.88600000000001 86.7375 0.0
vertex -118.73100000000001 68.8155 0.0
vertex -118.796 72.4845 0.0
endloop
endfacet
facet normal -0.0 0.0 -1.0
outer loop
vertex -77.88600000000001 86.7375 0.0
vertex -118.796 72.4845 0.0
vertex -118.682 76.0665 0.0
endloop
endfacet
facet normal -0.0 0.0 -1.0
outer loop
vertex -79.34 88.7095 0.0
vertex -118.682 76.0665 0.0
vertex -118.39500000000001 79.55250000000001 0.0
endloop
endfacet
facet normal -0.0 0.0 -1.0
outer loop
vertex -79.34 88.7095 0.0
vertex -118.39500000000001 79.55250000000001 0.0
vertex -117.94200000000001 82.9315 0.0
endloop
endfacet
facet normal -0.0 0.0 -1.0
outer loop
vertex -80.516 90.8565 0.0
vertex -117.94200000000001 82.9315 0.0
vertex -117.203 87.2135 0.0
endloop
endfacet
facet normal -0.0 0.0 -1.0
outer loop
vertex -81.421 93.1435 0.0
vertex -117.203 87.2135 0.0
vertex -82.084 95.63550000000001 0.0
endloop
endfacet
facet normal -0.9994939437645137 0.03180969000255685 0.0
outer loop
vertex -118.682 76.0665 2.0
vertex -118.682 76.0665 0.0
vertex -118.796 72.4845 0.0
endloop
endfacet
facet normal -0.9966280735919044 0.08205170887001381 0.0
outer loop
vertex -118.39500000000001 79.55250000000001 2.0
vertex -118.39500000000001 79.55250000000001 0.0
vertex -118.682 76.0665 0.0
endloop
endfacet
facet normal -0.9911328606986816 0.13287457410373096 0.0
outer loop
vertex -117.94200000000001 82.9315 2.0
vertex -117.94200000000001 82.9315 0.0
vertex -118.39500000000001 79.55250000000001 0.0
endloop
endfacet
facet normal -0.9854321994172611 0.17006875183777692 0.0
outer loop
vertex -117.203 87.2135 2.0
vertex -117.203 87.2135 0.0
vertex -117.94200000000001 82.9315 0.0
endloop
endfacet
facet normal -0.0 0.0 -1.0
outer loop
vertex -112.84 110.4955 0.0
vertex -117.203 87.2135 0.0
vertex -116.345 110.5395 0.0
endloop
endfacet
facet normal -0.0 0.0 -1.0
outer loop
vertex -106.30300000000001 109.6915 0.0
vertex -117.203 87.2135 0.0
vertex -112.84 110.4955 0.0
endloop
endfacet
facet normal -0.0 0.0 -1.0
outer loop
vertex -100.258 108.3065 0.0
vertex -117.203 87.2135 0.0
vertex -106.30300000000001 109.6915 0.0
endloop
endfacet
facet normal -0.0 0.0 -0.9999999999999999
outer loop
vertex -93.668 106.1065 0.0
vertex -117.203 87.2135 0.0
vertex -100.258 108.3065 0.0
endloop
endfacet
facet normal -0.0 0.0 -1.0
outer loop
vertex -82.084 95.63550000000001 0.0
vertex -117.203 87.2135 0.0
vertex -82.74400000000001 99.79350000000001 0.0
endloop
endfacet
facet normal -0.0 0.0 -1.0
outer loop
vertex -87.276 103.2945 0.0
vertex -117.203 87.2135 0.0
vertex -93.668 106.1065 0.0
endloop
endfacet
facet normal -0.0 0.0 -0.9999999999999999
outer loop
vertex -82.74400000000001 99.79350000000001 0.0
vertex -117.203 87.2135 0.0
vertex -87.276 103.2945 0.0
endloop
endfacet
facet normal -0.999324191555751 0.03675813068485116 0.0
outer loop
vertex -116.345 110.5395 2.0
vertex -116.345 110.5395 0.0
vertex -117.203 87.2135 0.0
endloop
endfacet
facet normal 0.012552505969901219 0.999921214193336 0.0
outer loop
vertex -112.84 110.4955 2.0
vertex -112.84 110.4955 0.0
vertex -116.345 110.5395 0.0
endloop
endfacet
facet normal 0.12207236453630488 0.9925212027037587 0.0
outer loop
vertex -106.30300000000001 109.6915 2.0
vertex -106.30300000000001 109.6915 0.0
vertex -112.84 110.4955 0.0
endloop
endfacet
facet normal 0.22332828040789618 0.9747432888561235 0.0
outer loop
vertex -100.258 108.3065 2.0
vertex -100.258 108.3065 0.0
vertex -106.30300000000001 109.6915 0.0
endloop
endfacet
facet normal 0.31665954172539784 0.9485392636228935 0.0
outer loop
vertex -93.668 106.1065 2.0
vertex -93.668 106.1065 0.0
vertex -100.258 108.3065 0.0
endloop
endfacet
facet normal -0.0 0.0 -1.0
outer loop
vertex -75.501 84.42450000000001 0.0
vertex -117.38300000000001 57.4025 0.0
vertex -76.177 84.9915 0.0
endloop
endfacet
facet normal -0.0 0.0 -1.0
outer loop
vertex -76.177 84.9915 0.0
vertex -118.47800000000001 65.0725 0.0
vertex -77.88600000000001 86.7375 0.0
endloop
endfacet
facet normal -0.0 0.0 -1.0
outer loop
vertex -77.88600000000001 86.7375 0.0
vertex -118.682 76.0665 0.0
vertex -79.34 88.7095 0.0
endloop
endfacet
facet normal -0.0 0.0 -0.9999999999999999
outer loop
vertex -79.34 88.7095 0.0
vertex -117.94200000000001 82.9315 0.0
vertex -80.516 90.8565 0.0
endloop
endfacet
facet normal -0.0 0.0 -1.0
outer loop
vertex -80.516 90.8565 0.0
vertex -117.203 87.2135 0.0
vertex -81.421 93.1435 0.0
endloop
endfacet
facet normal 0.0 0.0 -0.9999999999999999
outer loop
vertex -77.35300000000001 53.856500000000004 0.0
vertex -75.501 84.42450000000001 0.0
vertex -73.49900000000001 83.0425 0.0
endloop
endfacet
facet normal 0.9298442910532194 0.3679532502855979 0.0
outer loop
vertex -80.516 90.8565 2.0
vertex -80.516 90.8565 0.0
vertex -81.421 93.1435 0.0
endloop
endfacet
facet normal 0.4521802497003856 0.8919265786940632 0.0
outer loop
vertex -71.34700000000001 81.9515 2.0
vertex -71.34700000000001 81.9515 0.0
vertex -73.49900000000001 83.0425 0.0
endloop
endfacet
facet normal 0.33665310730068426 0.9416287407172711 0.0
outer loop
vertex -69.087 81.1435 2.0
vertex -69.087 81.1435 0.0
vertex -71.34700000000001 81.9515 0.0
endloop
endfacet
facet normal 0.2265593520927261 0.9739973613821159 0.0
outer loop
vertex -66.74400000000001 80.5985 2.0
vertex -66.74400000000001 80.5985 0.0
vertex -69.087 81.1435 0.0
endloop
endfacet
facet normal 0.6426337248747273 0.7661735414732314 0.0
outer loop
vertex -75.501 84.42450000000001 2.0
vertex -75.501 84.42450000000001 0.0
vertex -76.177 84.9915 0.0
endloop
endfacet
facet normal 0.5680979269777551 0.8229609622354985 0.0
outer loop
vertex -73.49900000000001 83.0425 2.0
vertex -73.49900000000001 83.0425 0.0
vertex -75.501 84.42450000000001 0.0
endloop
endfacet
facet normal 0.714638292554417 0.6994941821165546 0.0
outer loop
vertex -76.177 84.9915 2.0
vertex -76.177 84.9915 0.0
vertex -77.88600000000001 86.7375 0.0
endloop
endfacet
facet normal 0.8770511917166218 0.4803969266226144 0.0
outer loop
vertex -79.34 88.7095 2.0
vertex -79.34 88.7095 0.0
vertex -80.516 90.8565 0.0
endloop
endfacet
facet normal 0.8048711417664903 0.5934496146696079 0.0
outer loop
vertex -77.88600000000001 86.7375 2.0
vertex -77.88600000000001 86.7375 0.0
vertex -79.34 88.7095 0.0
endloop
endfacet
facet normal 0.0 0.0 -1.0
outer loop
vertex -82.74400000000001 99.79350000000001 0.0
vertex -87.276 103.2945 0.0
vertex -82.819 100.8425 0.0
endloop
endfacet
facet normal 0.9663828176953991 0.2571074671476907 0.0
outer loop
vertex -81.421 93.1435 2.0
vertex -81.421 93.1435 0.0
vertex -82.084 95.63550000000001 0.0
endloop
endfacet
facet normal 0.9876355284644625 0.15676754420071085 0.0
outer loop
vertex -82.084 95.63550000000001 2.0
vertex -82.084 95.63550000000001 0.0
vertex -82.74400000000001 99.79350000000001 0.0
endloop
endfacet
facet normal 0.9974538708329181 0.0713146237487684 0.0
outer loop
vertex -82.74400000000001 99.79350000000001 2.0
vertex -82.74400000000001 99.79350000000001 0.0
vertex -82.819 100.8425 0.0
endloop
endfacet
facet normal 0.40268102596201694 0.9153403691142313 0.0
outer loop
vertex -87.276 103.2945 2.0
vertex -87.276 103.2945 0.0
vertex -93.668 106.1065 0.0
endloop
endfacet
facet normal 0.4820168486424463 0.8761619471449356 0.0
outer loop
vertex -82.819 100.8425 2.0
vertex -82.819 100.8425 0.0
vertex -87.276 103.2945 0.0
endloop
endfacet
facet normal -0.9994939437645137 0.03180969000255685 0.0
outer loop
vertex -118.796 72.4845 2.0
vertex -118.682 76.0665 2.0
vertex -118.796 72.4845 0.0
endloop
endfacet
facet normal -0.9966280735919044 0.08205170887001381 0.0
outer loop
vertex -118.682 76.0665 2.0
vertex -118.39500000000001 79.55250000000001 2.0
vertex -118.682 76.0665 0.0
endloop
endfacet
facet normal -0.9911328606986816 0.13287457410373096 0.0
outer loop
vertex -118.39500000000001 79.55250000000001 2.0
vertex -117.94200000000001 82.9315 2.0
vertex -118.39500000000001 79.55250000000001 0.0
endloop
endfacet
facet normal -0.9854321994172611 0.17006875183777692 0.0
outer loop
vertex -117.94200000000001 82.9315 2.0
vertex -117.203 87.2135 2.0
vertex -117.94200000000001 82.9315 0.0
endloop
endfacet
facet normal 0.0 0.0 1.0
outer loop
vertex -77.88600000000001 86.7375 2.0
vertex -118.73100000000001 68.8155 2.0
vertex -118.47800000000001 65.0725 2.0
endloop
endfacet
facet normal 0.0 0.0 0.9999999999999999
outer loop
vertex -77.88600000000001 86.7375 2.0
vertex -118.796 72.4845 2.0
vertex -118.73100000000001 68.8155 2.0
endloop
endfacet
facet normal 0.0 0.0 1.0
outer loop
vertex -77.88600000000001 86.7375 2.0
vertex -118.682 76.0665 2.0
vertex -118.796 72.4845 2.0
endloop
endfacet
facet normal 0.0 0.0 1.0
outer loop
vertex -79.34 88.7095 2.0
vertex -118.39500000000001 79.55250000000001 2.0
vertex -118.682 76.0665 2.0
endloop
endfacet
facet normal 0.0 0.0 1.0
outer loop
vertex -79.34 88.7095 2.0
vertex -117.94200000000001 82.9315 2.0
vertex -118.39500000000001 79.55250000000001 2.0
endloop
endfacet
facet normal 0.0 0.0 1.0
outer loop
vertex -80.516 90.8565 2.0
vertex -117.203 87.2135 2.0
vertex -117.94200000000001 82.9315 2.0
endloop
endfacet
facet normal 0.0 0.0 1.0
outer loop
vertex -81.421 93.1435 2.0
vertex -82.084 95.63550000000001 2.0
vertex -117.203 87.2135 2.0
endloop
endfacet
facet normal -0.999324191555751 0.03675813068485116 0.0
outer loop
vertex -117.203 87.2135 2.0
vertex -116.345 110.5395 2.0
vertex -117.203 87.2135 0.0
endloop
endfacet
facet normal 0.012552505969901219 0.999921214193336 0.0
outer loop
vertex -116.345 110.5395 2.0
vertex -112.84 110.4955 2.0
vertex -116.345 110.5395 0.0
endloop
endfacet
facet normal 0.12207236453630488 0.9925212027037587 0.0
outer loop
vertex -112.84 110.4955 2.0
vertex -106.30300000000001 109.6915 2.0
vertex -112.84 110.4955 0.0
endloop
endfacet
facet normal 0.22332828040789618 0.9747432888561235 0.0
outer loop
vertex -106.30300000000001 109.6915 2.0
vertex -100.258 108.3065 2.0
vertex -106.30300000000001 109.6915 0.0
endloop
endfacet
facet normal 0.31665954172539784 0.9485392636228935 0.0
outer loop
vertex -100.258 108.3065 2.0
vertex -93.668 106.1065 2.0
vertex -100.258 108.3065 0.0
endloop
endfacet
facet normal 0.0 0.0 1.0
outer loop
vertex -112.84 110.4955 2.0
vertex -116.345 110.5395 2.0
vertex -117.203 87.2135 2.0
endloop
endfacet
facet normal 0.0 0.0 1.0
outer loop
vertex -106.30300000000001 109.6915 2.0
vertex -112.84 110.4955 2.0
vertex -117.203 87.2135 2.0
endloop
endfacet
facet normal 0.0 0.0 1.0
outer loop
vertex -100.258 108.3065 2.0
vertex -106.30300000000001 109.6915 2.0
vertex -117.203 87.2135 2.0
endloop
endfacet
facet normal 0.0 0.0 0.9999999999999999
outer loop
vertex -93.668 106.1065 2.0
vertex -100.258 108.3065 2.0
vertex -117.203 87.2135 2.0
endloop
endfacet
facet normal 0.0 0.0 1.0
outer loop
vertex -82.084 95.63550000000001 2.0
vertex -82.74400000000001 99.79350000000001 2.0
vertex -117.203 87.2135 2.0
endloop
endfacet
facet normal 0.0 0.0 1.0
outer loop
vertex -87.276 103.2945 2.0
vertex -93.668 106.1065 2.0
vertex -117.203 87.2135 2.0
endloop
endfacet
facet normal 0.0 0.0 1.0
outer loop
vertex -82.74400000000001 99.79350000000001 2.0
vertex -87.276 103.2945 2.0
vertex -117.203 87.2135 2.0
endloop
endfacet
facet normal 0.4521802497003856 0.8919265786940632 0.0
outer loop
vertex -73.49900000000001 83.0425 2.0
vertex -71.34700000000001 81.9515 2.0
vertex -73.49900000000001 83.0425 0.0
endloop
endfacet
facet normal 0.33665310730068426 0.9416287407172711 0.0
outer loop
vertex -71.34700000000001 81.9515 2.0
vertex -69.087 81.1435 2.0
vertex -71.34700000000001 81.9515 0.0
endloop
endfacet
facet normal 0.2265593520927261 0.9739973613821159 0.0
outer loop
vertex -69.087 81.1435 2.0
vertex -66.74400000000001 80.5985 2.0
vertex -69.087 81.1435 0.0
endloop
endfacet
facet normal 0.714638292554417 0.6994941821165546 0.0
outer loop
vertex -77.88600000000001 86.7375 2.0
vertex -76.177 84.9915 2.0
vertex -77.88600000000001 86.7375 0.0
endloop
endfacet
facet normal 0.6426337248747273 0.7661735414732314 0.0
outer loop
vertex -76.177 84.9915 2.0
vertex -75.501 84.42450000000001 2.0
vertex -76.177 84.9915 0.0
endloop
endfacet
facet normal 0.5680979269777551 0.8229609622354985 0.0
outer loop
vertex -75.501 84.42450000000001 2.0
vertex -73.49900000000001 83.0425 2.0
vertex -75.501 84.42450000000001 0.0
endloop
endfacet
facet normal 0.8048711417664903 0.5934496146696079 0.0
outer loop
vertex -79.34 88.7095 2.0
vertex -77.88600000000001 86.7375 2.0
vertex -79.34 88.7095 0.0
endloop
endfacet
facet normal 0.8770511917166218 0.4803969266226144 0.0
outer loop
vertex -80.516 90.8565 2.0
vertex -79.34 88.7095 2.0
vertex -80.516 90.8565 0.0
endloop
endfacet
facet normal 0.0 0.0 0.9999999999999999
outer loop
vertex -75.501 84.42450000000001 2.0
vertex -76.177 84.9915 2.0
vertex -117.38300000000001 57.4025 2.0
endloop
endfacet
facet normal 0.0 0.0 1.0
outer loop
vertex -76.177 84.9915 2.0
vertex -77.88600000000001 86.7375 2.0
vertex -118.47800000000001 65.0725 2.0
endloop
endfacet
facet normal 0.0 0.0 1.0
outer loop
vertex -77.88600000000001 86.7375 2.0
vertex -79.34 88.7095 2.0
vertex -118.682 76.0665 2.0
endloop
endfacet
facet normal 0.0 0.0 0.9999999999999999
outer loop
vertex -79.34 88.7095 2.0
vertex -80.516 90.8565 2.0
vertex -117.94200000000001 82.9315 2.0
endloop
endfacet
facet normal 0.0 0.0 1.0
outer loop
vertex -80.516 90.8565 2.0
vertex -81.421 93.1435 2.0
vertex -117.203 87.2135 2.0
endloop
endfacet
facet normal 0.0 -0.0 0.9999999999999999
outer loop
vertex -77.35300000000001 53.856500000000004 2.0
vertex -73.49900000000001 83.0425 2.0
vertex -75.501 84.42450000000001 2.0
endloop
endfacet
facet normal 0.9298442910532194 0.3679532502855979 0.0
outer loop
vertex -81.421 93.1435 2.0
vertex -80.516 90.8565 2.0
vertex -81.421 93.1435 0.0
endloop
endfacet
facet normal 0.9663828176953991 0.2571074671476907 0.0
outer loop
vertex -82.084 95.63550000000001 2.0
vertex -81.421 93.1435 2.0
vertex -82.084 95.63550000000001 0.0
endloop
endfacet
facet normal 0.9876355284644625 0.15676754420071085 0.0
outer loop
vertex -82.74400000000001 99.79350000000001 2.0
vertex -82.084 95.63550000000001 2.0
vertex -82.74400000000001 99.79350000000001 0.0
endloop
endfacet
facet normal 0.9974538708329181 0.0713146237487684 0.0
outer loop
vertex -82.819 100.8425 2.0
vertex -82.74400000000001 99.79350000000001 2.0
vertex -82.819 100.8425 0.0
endloop
endfacet
facet normal 0.40268102596201694 0.9153403691142313 0.0
outer loop
vertex -93.668 106.1065 2.0
vertex -87.276 103.2945 2.0
vertex -93.668 106.1065 0.0
endloop
endfacet
facet normal 0.4820168486424463 0.8761619471449356 0.0
outer loop
vertex -87.276 103.2945 2.0
vertex -82.819 100.8425 2.0
vertex -87.276 103.2945 0.0
endloop
endfacet
facet normal 0.0 0.0 1.0
outer loop
vertex -82.74400000000001 99.79350000000001 2.0
vertex -82.819 100.8425 2.0
vertex -87.276 103.2945 2.0
endloop
endfacet
facet normal 0.0 0.0 -1.0
outer loop
vertex -63.06500000000001 65.36250000000001 0.0
vertex -58.11900000000001 80.6855 0.0
vertex -54.468 70.8235 0.0
endloop
endfacet
facet normal 0.5361891736182375 -0.8440978439106401 0.0
outer loop
vertex -63.06500000000001 65.36250000000001 2.0
vertex -63.06500000000001 65.36250000000001 0.0
vertex -54.468 70.8235 0.0
endloop
endfacet
facet normal 0.3552875253572215 -0.9347570670102162 0.0
outer loop
vertex -54.468 70.8235 2.0
vertex -54.468 70.8235 0.0
vertex -45.57000000000001 74.2055 0.0
endloop
endfacet
facet normal 0.5361891736182375 -0.8440978439106401 0.0
outer loop
vertex -54.468 70.8235 2.0
vertex -63.06500000000001 65.36250000000001 2.0
vertex -54.468 70.8235 0.0
endloop
endfacet
facet normal 0.3552875253572215 -0.9347570670102162 0.0
outer loop
vertex -45.57000000000001 74.2055 2.0
vertex -54.468 70.8235 2.0
vertex -45.57000000000001 74.2055 0.0
endloop
endfacet
facet normal 0.0 -0.0 1.0
outer loop
vertex -63.06500000000001 65.36250000000001 2.0
vertex -54.468 70.8235 2.0
vertex -58.11900000000001 80.6855 2.0
endloop
endfacet
facet normal 0.0 0.0 -1.0
outer loop
vertex -63.06500000000001 65.36250000000001 0.0
vertex -66.74400000000001 80.5985 0.0
vertex -64.33500000000001 80.29350000000001 0.0
endloop
endfacet
facet normal 0.0 0.0 -1.0
outer loop
vertex -63.06500000000001 65.36250000000001 0.0
vertex -64.33500000000001 80.29350000000001 0.0
vertex -62.34400000000001 80.2095 0.0
endloop
endfacet
facet normal 0.0 0.0 -1.0
outer loop
vertex -63.06500000000001 65.36250000000001 0.0
vertex -62.34400000000001 80.2095 0.0
vertex -61.27400000000001 80.26050000000001 0.0
endloop
endfacet
facet normal 0.0 0.0 -1.0
outer loop
vertex -63.06500000000001 65.36250000000001 0.0
vertex -61.27400000000001 80.26050000000001 0.0
vertex -58.11900000000001 80.6855 0.0
endloop
endfacet
facet normal 0.0 0.0 -0.9999999999999999
outer loop
vertex -54.468 70.8235 0.0
vertex -58.11900000000001 80.6855 0.0
vertex -55.08800000000001 80.9825 0.0
endloop
endfacet
facet normal 0.0 0.0 -1.0
outer loop
vertex -54.468 70.8235 0.0
vertex -55.08800000000001 80.9825 0.0
vertex -52.075 81.16850000000001 0.0
endloop
endfacet
facet normal 0.0 0.0 -1.0
outer loop
vertex -54.468 70.8235 0.0
vertex -52.075 81.16850000000001 0.0
vertex -49.09100000000001 81.2465 0.0
endloop
endfacet
facet normal 0.0 0.0 -1.0
outer loop
vertex -54.468 70.8235 0.0
vertex -49.09100000000001 81.2465 0.0
vertex -45.57000000000001 74.2055 0.0
endloop
endfacet
facet normal 0.0 0.0 -1.0
outer loop
vertex -45.57000000000001 74.2055 0.0
vertex -49.09100000000001 81.2465 0.0
vertex -46.147000000000006 81.2215 0.0
endloop
endfacet
facet normal 0.0 0.0 -1.0
outer loop
vertex -45.57000000000001 74.2055 0.0
vertex -46.147000000000006 81.2215 0.0
vertex -43.25600000000001 81.0955 0.0
endloop
endfacet
facet normal 0.0 0.0 -1.0
outer loop
vertex -45.57000000000001 74.2055 0.0
vertex -43.25600000000001 81.0955 0.0
vertex -40.43000000000001 80.8725 0.0
endloop
endfacet
facet normal 0.1256058400342053 0.9920802250570776 0.0
outer loop
vertex -64.33500000000001 80.29350000000001 2.0
vertex -64.33500000000001 80.29350000000001 0.0
vertex -66.74400000000001 80.5985 0.0
endloop
endfacet
facet normal 0.04215235576844528 0.9991111944639447 0.0
outer loop
vertex -62.34400000000001 80.2095 2.0
vertex -62.34400000000001 80.2095 0.0
vertex -64.33500000000001 80.29350000000001 0.0
endloop
endfacet
facet normal -0.04760950211207755 0.9988660247043345 0.0
outer loop
vertex -61.27400000000001 80.26050000000001 2.0
vertex -61.27400000000001 80.26050000000001 0.0
vertex -62.34400000000001 80.2095 0.0
endloop
endfacet
facet normal -0.13350101037550044 0.9910486770228396 0.0
outer loop
vertex -58.11900000000001 80.6855 2.0
vertex -58.11900000000001 80.6855 0.0
vertex -61.27400000000001 80.26050000000001 0.0
endloop
endfacet
facet normal -0.09752040812658137 0.9952335253591615 0.0
outer loop
vertex -55.08800000000001 80.9825 2.0
vertex -55.08800000000001 80.9825 0.0
vertex -58.11900000000001 80.6855 0.0
endloop
endfacet
facet normal -0.06161519947277265 0.9980999785562219 0.0
outer loop
vertex -52.075 81.16850000000001 2.0
vertex -52.075 81.16850000000001 0.0
vertex -55.08800000000001 80.9825 0.0
endloop
endfacet
facet normal -0.02613048464005657 0.9996585405889732 0.0
outer loop
vertex -49.09100000000001 81.2465 2.0
vertex -49.09100000000001 81.2465 0.0
vertex -52.075 81.16850000000001 0.0
endloop
endfacet
facet normal 0.18028820649959534 -0.983613827981876 0.0
outer loop
vertex -45.57000000000001 74.2055 2.0
vertex -45.57000000000001 74.2055 0.0
vertex -34.773 76.1845 0.0
endloop
endfacet
facet normal 0.00849154166278715 0.9999639462101567 0.0
outer loop
vertex -46.147000000000006 81.2215 2.0
vertex -46.147000000000006 81.2215 0.0
vertex -49.09100000000001 81.2465 0.0
endloop
endfacet
facet normal 0.04354219999037333 0.9990515886679717 0.0
outer loop
vertex -43.25600000000001 81.0955 2.0
vertex -43.25600000000001 81.0955 0.0
vertex -46.147000000000006 81.2215 0.0
endloop
endfacet
facet normal 0.0 0.0 -0.9999999999999999
outer loop
vertex -45.57000000000001 74.2055 0.0
vertex -40.43000000000001 80.8725 0.0
vertex -34.773 76.1845 0.0
endloop
endfacet
facet normal 0.0 0.0 -1.0
outer loop
vertex -34.773 76.1845 0.0
vertex -40.43000000000001 80.8725 0.0
vertex -35.02100000000001 80.1515 0.0
endloop
endfacet
facet normal 0.0 0.0 -1.0
outer loop
vertex -34.773 76.1845 0.0
vertex -29.970000000000006 79.0845 0.0
vertex -24.135000000000005 76.3485 0.0
endloop
endfacet
facet normal 0.0 0.0 -1.0
outer loop
vertex -34.773 76.1845 0.0
vertex -35.02100000000001 80.1515 0.0
vertex -32.46300000000001 79.6635 0.0
endloop
endfacet
facet normal 0.0 0.0 -0.9999999999999999
outer loop
vertex -34.773 76.1845 0.0
vertex -32.46300000000001 79.6635 0.0
vertex -29.970000000000006 79.0845 0.0
endloop
endfacet
facet normal 0.0 0.0 -1.0
outer loop
vertex -24.135000000000005 76.3485 0.0
vertex -29.970000000000006 79.0845 0.0
vertex -21.248000000000005 76.8275 0.0
endloop
endfacet
facet normal 0.0 0.0 -1.0
outer loop
vertex -24.135000000000005 76.3485 0.0
vertex -21.248000000000005 76.8275 0.0
vertex -16.058000000000007 75.2805 0.0
endloop
endfacet
facet normal 0.07866558268887192 0.9969010613396999 0.0
outer loop
vertex -40.43000000000001 80.8725 2.0
vertex -40.43000000000001 80.8725 0.0
vertex -43.25600000000001 81.0955 0.0
endloop
endfacet
facet normal 0.13212770896319498 0.9912327015005797 0.0
outer loop
vertex -35.02100000000001 80.1515 2.0
vertex -35.02100000000001 80.1515 0.0
vertex -40.43000000000001 80.8725 0.0
endloop
endfacet
facet normal 0.015414600002934667 -0.9998811879952285 0.0
outer loop
vertex -34.773 76.1845 2.0
vertex -34.773 76.1845 0.0
vertex -24.135000000000005 76.3485 0.0
endloop
endfacet
facet normal 0.18739443205370238 0.9822847483470719 0.0
outer loop
vertex -32.46300000000001 79.6635 2.0
vertex -32.46300000000001 79.6635 0.0
vertex -35.02100000000001 80.1515 0.0
endloop
endfacet
facet normal 0.22622901249739333 0.9740741418929333 0.0
outer loop
vertex -29.970000000000006 79.0845 2.0
vertex -29.970000000000006 79.0845 0.0
vertex -32.46300000000001 79.6635 0.0
endloop
endfacet
facet normal 0.2505191451087513 0.9681116453870289 0.0
outer loop
vertex -21.248000000000005 76.8275 2.0
vertex -21.248000000000005 76.8275 0.0
vertex -29.970000000000006 79.0845 0.0
endloop
endfacet
facet normal -0.13108631716346866 -0.9913709585480697 -0.0
outer loop
vertex -24.135000000000005 76.3485 2.0
vertex -24.135000000000005 76.3485 0.0
vertex -16.058000000000007 75.2805 0.0
endloop
endfacet
facet normal 0.2856534003391021 0.9583329979055863 0.0
outer loop
vertex -16.058000000000007 75.2805 2.0
vertex -16.058000000000007 75.2805 0.0
vertex -21.248000000000005 76.8275 0.0
endloop
endfacet
facet normal 0.1256058400342053 0.9920802250570776 0.0
outer loop
vertex -66.74400000000001 80.5985 2.0
vertex -64.33500000000001 80.29350000000001 2.0
vertex -66.74400000000001 80.5985 0.0
endloop
endfacet
facet normal 0.04215235576844528 0.9991111944639447 0.0
outer loop
vertex -64.33500000000001 80.29350000000001 2.0
vertex -62.34400000000001 80.2095 2.0
vertex -64.33500000000001 80.29350000000001 0.0
endloop
endfacet
facet normal -0.04760950211207755 0.9988660247043345 0.0
outer loop
vertex -62.34400000000001 80.2095 2.0
vertex -61.27400000000001 80.26050000000001 2.0
vertex -62.34400000000001 80.2095 0.0
endloop
endfacet
facet normal -0.13350101037550044 0.9910486770228396 0.0
outer loop
vertex -61.27400000000001 80.26050000000001 2.0
vertex -58.11900000000001 80.6855 2.0
vertex -61.27400000000001 80.26050000000001 0.0
endloop
endfacet
facet normal -0.09752040812658137 0.9952335253591615 0.0
outer loop
vertex -58.11900000000001 80.6855 2.0
vertex -55.08800000000001 80.9825 2.0
vertex -58.11900000000001 80.6855 0.0
endloop
endfacet
facet normal -0.06161519947277265 0.9980999785562219 0.0
outer loop
vertex -55.08800000000001 80.9825 2.0
vertex -52.075 81.16850000000001 2.0
vertex -55.08800000000001 80.9825 0.0
endloop
endfacet
facet normal -0.02613048464005657 0.9996585405889732 0.0
outer loop
vertex -52.075 81.16850000000001 2.0
vertex -49.09100000000001 81.2465 2.0
vertex -52.075 81.16850000000001 0.0
endloop
endfacet
facet normal 0.00849154166278715 0.9999639462101567 0.0
outer loop
vertex -49.09100000000001 81.2465 2.0
vertex -46.147000000000006 81.2215 2.0
vertex -49.09100000000001 81.2465 0.0
endloop
endfacet
facet normal 0.04354219999037333 0.9990515886679717 0.0
outer loop
vertex -46.147000000000006 81.2215 2.0
vertex -43.25600000000001 81.0955 2.0
vertex -46.147000000000006 81.2215 0.0
endloop
endfacet
facet normal 0.07866558268887192 0.9969010613396999 0.0
outer loop
vertex -43.25600000000001 81.0955 2.0
vertex -40.43000000000001 80.8725 2.0
vertex -43.25600000000001 81.0955 0.0
endloop
endfacet
facet normal 0.0 0.0 1.0
outer loop
vertex -63.06500000000001 65.36250000000001 2.0
vertex -64.33500000000001 80.29350000000001 2.0
vertex -66.74400000000001 80.5985 2.0
endloop
endfacet
facet normal 0.0 -0.0 1.0
outer loop
vertex -63.06500000000001 65.36250000000001 2.0
vertex -62.34400000000001 80.2095 2.0
vertex -64.33500000000001 80.29350000000001 2.0
endloop
endfacet
facet normal 0.0 -0.0 1.0
outer loop
vertex -63.06500000000001 65.36250000000001 2.0
vertex -61.27400000000001 80.26050000000001 2.0
vertex -62.34400000000001 80.2095 2.0
endloop
endfacet
facet normal 0.0 -0.0 1.0
outer loop
vertex -63.06500000000001 65.36250000000001 2.0
vertex -58.11900000000001 80.6855 2.0
vertex -61.27400000000001 80.26050000000001 2.0
endloop
endfacet
facet normal 0.0 0.0 0.9999999999999999
outer loop
vertex -54.468 70.8235 2.0
vertex -55.08800000000001 80.9825 2.0
vertex -58.11900000000001 80.6855 2.0
endloop
endfacet
facet normal 0.0 -0.0 1.0
outer loop
vertex -54.468 70.8235 2.0
vertex -52.075 81.16850000000001 2.0
vertex -55.08800000000001 80.9825 2.0
endloop
endfacet
facet normal 0.0 -0.0 1.0
outer loop
vertex -54.468 70.8235 2.0
vertex -49.09100000000001 81.2465 2.0
vertex -52.075 81.16850000000001 2.0
endloop
endfacet
facet normal 0.0 -0.0 1.0
outer loop
vertex -54.468 70.8235 2.0
vertex -45.57000000000001 74.2055 2.0
vertex -49.09100000000001 81.2465 2.0
endloop
endfacet
facet normal 0.0 0.0 1.0
outer loop
vertex -45.57000000000001 74.2055 2.0
vertex -46.147000000000006 81.2215 2.0
vertex -49.09100000000001 81.2465 2.0
endloop
endfacet
facet normal 0.0 -0.0 1.0
outer loop
vertex -45.57000000000001 74.2055 2.0
vertex -43.25600000000001 81.0955 2.0
vertex -46.147000000000006 81.2215 2.0
endloop
endfacet
facet normal 0.0 -0.0 1.0
outer loop
vertex -45.57000000000001 74.2055 2.0
vertex -40.43000000000001 80.8725 2.0
vertex -43.25600000000001 81.0955 2.0
endloop
endfacet
facet normal 0.18028820649959534 -0.983613827981876 0.0
outer loop
vertex -34.773 76.1845 2.0
vertex -45.57000000000001 74.2055 2.0
vertex -34.773 76.1845 0.0
endloop
endfacet
facet normal 0.13212770896319498 0.9912327015005797 0.0
outer loop
vertex -40.43000000000001 80.8725 2.0
vertex -35.02100000000001 80.1515 2.0
vertex -40.43000000000001 80.8725 0.0
endloop
endfacet
facet normal 0.18739443205370238 0.9822847483470719 0.0
outer loop
vertex -35.02100000000001 80.1515 2.0
vertex -32.46300000000001 79.6635 2.0
vertex -35.02100000000001 80.1515 0.0
endloop
endfacet
facet normal 0.22622901249739333 0.9740741418929333 0.0
outer loop
vertex -32.46300000000001 79.6635 2.0
vertex -29.970000000000006 79.0845 2.0
vertex -32.46300000000001 79.6635 0.0
endloop
endfacet
facet normal 0.015414600002934667 -0.9998811879952285 0.0
outer loop
vertex -24.135000000000005 76.3485 2.0
vertex -34.773 76.1845 2.0
vertex -24.135000000000005 76.3485 0.0
endloop
endfacet
facet normal 0.2505191451087513 0.9681116453870289 0.0
outer loop
vertex -29.970000000000006 79.0845 2.0
vertex -21.248000000000005 76.8275 2.0
vertex -29.970000000000006 79.0845 0.0
endloop
endfacet
facet normal 0.2856534003391021 0.9583329979055863 0.0
outer loop
vertex -21.248000000000005 76.8275 2.0
vertex -16.058000000000007 75.2805 2.0
vertex -21.248000000000005 76.8275 0.0
endloop
endfacet
facet normal -0.13108631716346866 -0.9913709585480697 0.0
outer loop
vertex -16.058000000000007 75.2805 2.0
vertex -24.135000000000005 76.3485 2.0
vertex -16.058000000000007 75.2805 0.0
endloop
endfacet
facet normal 0.0 -0.0 0.9999999999999999
outer loop
vertex -45.57000000000001 74.2055 2.0
vertex -34.773 76.1845 2.0
vertex -40.43000000000001 80.8725 2.0
endloop
endfacet
facet normal 0.0 0.0 1.0
outer loop
vertex -34.773 76.1845 2.0
vertex -35.02100000000001 80.1515 2.0
vertex -40.43000000000001 80.8725 2.0
endloop
endfacet
facet normal 0.0 -0.0 1.0
outer loop
vertex -34.773 76.1845 2.0
vertex -24.135000000000005 76.3485 2.0
vertex -29.970000000000006 79.0845 2.0
endloop
endfacet
facet normal 0.0 -0.0 1.0
outer loop
vertex -34.773 76.1845 2.0
vertex -32.46300000000001 79.6635 2.0
vertex -35.02100000000001 80.1515 2.0
endloop
endfacet
facet normal 0.0 -0.0 0.9999999999999999
outer loop
vertex -34.773 76.1845 2.0
vertex -29.970000000000006 79.0845 2.0
vertex -32.46300000000001 79.6635 2.0
endloop
endfacet
facet normal 0.0 -0.0 1.0
outer loop
vertex -24.135000000000005 76.3485 2.0
vertex -21.248000000000005 76.8275 2.0
vertex -29.970000000000006 79.0845 2.0
endloop
endfacet
facet normal -0.0 -0.0 1.0
outer loop
vertex -24.135000000000005 76.3485 2.0
vertex -16.058000000000007 75.2805 2.0
vertex -21.248000000000005 76.8275 2.0
endloop
endfacet
facet normal -0.0 0.0 -1.0
outer loop
vertex -8.141999999999996 48.9845 0.0
vertex -8.335999999999999 46.4185 0.0
vertex -9.847999999999999 47.5915 0.0
endloop
endfacet
facet normal -0.0 0.0 -1.0
outer loop
vertex -8.141999999999996 48.9845 0.0
vertex -9.847999999999999 47.5915 0.0
vertex -10.796000000000006 48.5185 0.0
endloop
endfacet
facet normal -0.0 0.0 -1.0
outer loop
vertex 0.1559999999999917 51.9255 0.0
vertex -4.650999999999996 44.408500000000004 0.0
vertex -6.609000000000009 45.3545 0.0
endloop
endfacet
facet normal -0.0 0.0 -1.0
outer loop
vertex 0.1559999999999917 51.9255 0.0
vertex -6.609000000000009 45.3545 0.0
vertex -8.335999999999999 46.4185 0.0
endloop
endfacet
facet normal -0.0 0.0 -1.0
outer loop
vertex 0.1559999999999917 51.9255 0.0
vertex -8.335999999999999 46.4185 0.0
vertex -8.141999999999996 48.9845 0.0
endloop
endfacet
facet normal -0.0 -0.0 -1.0
outer loop
vertex 0.1559999999999917 51.9255 0.0
vertex 4.981999999999999 41.9095 0.0
vertex 0.02400000000000091 42.9095 0.0
endloop
endfacet
facet normal -0.0 0.0 -1.0
outer loop
vertex 0.1559999999999917 51.9255 0.0
vertex -2.4510000000000076 43.591499999999996 0.0
vertex -4.650999999999996 44.408500000000004 0.0
endloop
endfacet
facet normal -0.0 0.0 -1.0
outer loop
vertex 0.1559999999999917 51.9255 0.0
vertex 0.02400000000000091 42.9095 0.0
vertex -2.4510000000000076 43.591499999999996 0.0
endloop
endfacet
facet normal -0.0 0.0 -1.0
outer loop
vertex 8.006 55.9975 0.0
vertex 7.081000000000003 41.575500000000005 0.0
vertex 4.981999999999999 41.9095 0.0
endloop
endfacet
facet normal -0.0 -0.0 -0.9999999999999999
outer loop
vertex 8.006 55.9975 0.0
vertex 8.932999999999993 41.4015 0.0
vertex 7.081000000000003 41.575500000000005 0.0
endloop
endfacet
facet normal 0.0 -0.0 -1.0
outer loop
vertex 8.006 55.9975 0.0
vertex 12.116 44.6575 0.0
vertex 8.932999999999993 41.4015 0.0
endloop
endfacet
facet normal -0.19771278603947187 -0.9802599931837013 -0.0
outer loop
vertex 0.02400000000000091 42.9095 2.0
vertex 0.02400000000000091 42.9095 0.0
vertex 4.981999999999999 41.9095 0.0
endloop
endfacet
facet normal -0.5245374464842596 -0.8513873778931493 -0.0
outer loop
vertex -8.335999999999999 46.4185 2.0
vertex -8.335999999999999 46.4185 0.0
vertex -6.609000000000009 45.3545 0.0
endloop
endfacet
facet normal -0.348133035851852 -0.9374451393807389 -0.0
outer loop
vertex -4.650999999999996 44.408500000000004 2.0
vertex -4.650999999999996 44.408500000000004 0.0
vertex -2.4510000000000076 43.591499999999996 0.0
endloop
endfacet
facet normal -0.4350319697895711 -0.9004150072388875 -0.0
outer loop
vertex -6.609000000000009 45.3545 2.0
vertex -6.609000000000009 45.3545 0.0
vertex -4.650999999999996 44.408500000000004 0.0
endloop
endfacet
facet normal -0.6129633574628409 -0.7901113354508221 -0.0
outer loop
vertex -9.847999999999999 47.5915 2.0
vertex -9.847999999999999 47.5915 0.0
vertex -8.335999999999999 46.4185 0.0
endloop
endfacet
facet normal -0.6991433363422581 -0.7149815349001792 -0.0
outer loop
vertex -10.796000000000006 48.5185 2.0
vertex -10.796000000000006 48.5185 0.0
vertex -9.847999999999999 47.5915 0.0
endloop
endfacet
facet normal -0.17293843571028136 0.9849326359980569 0.0
outer loop
vertex -8.141999999999996 48.9845 2.0
vertex -8.141999999999996 48.9845 0.0
vertex -10.796000000000006 48.5185 0.0
endloop
endfacet
facet normal -0.2656543846931601 -0.9640683315477688 -0.0
outer loop
vertex -2.4510000000000076 43.591499999999996 2.0
vertex -2.4510000000000076 43.591499999999996 0.0
vertex 0.02400000000000091 42.9095 0.0
endloop
endfacet
facet normal -0.1571463361815484 -0.9875753282786663 -0.0
outer loop
vertex 4.981999999999999 41.9095 2.0
vertex 4.981999999999999 41.9095 0.0
vertex 7.081000000000003 41.575500000000005 0.0
endloop
endfacet
facet normal -0.09354054641530947 -0.9956154710410667 -0.0
outer loop
vertex 7.081000000000003 41.575500000000005 2.0
vertex 7.081000000000003 41.575500000000005 0.0
vertex 8.932999999999993 41.4015 0.0
endloop
endfacet
facet normal 0.7150774134056023 -0.6990452723802324 0.0
outer loop
vertex 8.932999999999993 41.4015 2.0
vertex 8.932999999999993 41.4015 0.0
vertex 12.116 44.6575 0.0
endloop
endfacet
facet normal 0.5686271269465185 -0.8225953990270964 0.0
outer loop
vertex 12.116 44.6575 2.0
vertex 12.116 44.6575 0.0
vertex 20.411 50.3915 0.0
endloop
endfacet
facet normal -0.0 0.0 -1.0
outer loop
vertex 8.006 55.9975 0.0
vertex 4.981999999999999 41.9095 0.0
vertex 0.1559999999999917 51.9255 0.0
endloop
endfacet
facet normal 0.0 -0.0 -1.0
outer loop
vertex 8.006 55.9975 0.0
vertex 20.411 50.3915 0.0
vertex 12.116 44.6575 0.0
endloop
endfacet
facet normal 0.0 -0.0 -0.9999999999999999
outer loop
vertex 16.326999999999998 61.4565 0.0
vertex 28.046999999999997 53.4935 0.0
vertex 20.411 50.3915 0.0
endloop
endfacet
facet normal -0.0 -0.0 -0.9999999999999999
outer loop
vertex 16.326999999999998 61.4565 0.0
vertex 20.411 50.3915 0.0
vertex 8.006 55.9975 0.0
endloop
endfacet
facet normal -0.33406160551944564 0.9425512419586377 0.0
outer loop
vertex 0.1559999999999917 51.9255 2.0
vertex 0.1559999999999917 51.9255 0.0
vertex -8.141999999999996 48.9845 0.0
endloop
endfacet
facet normal -0.460462389888507 0.8876792142988167 0.0
outer loop
vertex 8.006 55.9975 2.0
vertex 8.006 55.9975 0.0
vertex 0.1559999999999917 51.9255 0.0
endloop
endfacet
facet normal -0.5485401083752591 0.8361242428632595 0.0
outer loop
vertex 16.326999999999998 61.4565 2.0
vertex 16.326999999999998 61.4565 0.0
vertex 8.006 55.9975 0.0
endloop
endfacet
facet normal 0.0 -0.0 -1.0
outer loop
vertex 23.603999999999996 66.93350000000001 0.0
vertex 36.649 54.8145 0.0
vertex 28.046999999999997 53.4935 0.0
endloop
endfacet
facet normal -0.0 -0.0 -0.9999999999999999
outer loop
vertex 23.603999999999996 66.93350000000001 0.0
vertex 28.046999999999997 53.4935 0.0
vertex 16.326999999999998 61.4565 0.0
endloop
endfacet
facet normal 0.3763640291713355 -0.9264718654907541 0.0
outer loop
vertex 20.411 50.3915 2.0
vertex 20.411 50.3915 0.0
vertex 28.046999999999997 53.4935 0.0
endloop
endfacet
facet normal 0.15178950979653077 -0.988412841233727 0.0
outer loop
vertex 28.046999999999997 53.4935 2.0
vertex 28.046999999999997 53.4935 0.0
vertex 36.649 54.8145 0.0
endloop
endfacet
facet normal -0.08937095314766168 -0.9959984100054972 -0.0
outer loop
vertex 36.649 54.8145 2.0
vertex 36.649 54.8145 0.0
vertex 44.205 54.1365 0.0
endloop
endfacet
facet normal -0.1936330318966539 -0.9810740282764137 -0.0
outer loop
vertex 44.205 54.1365 2.0
vertex 44.205 54.1365 0.0
vertex 45.193 53.941500000000005 0.0
endloop
endfacet
facet normal -0.30123723529144353 -0.95354922687503 -0.0
outer loop
vertex 45.193 53.941500000000005 2.0
vertex 45.193 53.941500000000005 0.0
vertex 52.521 51.6265 0.0
endloop
endfacet
facet normal -0.19771278603947187 -0.9802599931837013 0.0
outer loop
vertex 4.981999999999999 41.9095 2.0
vertex 0.02400000000000091 42.9095 2.0
vertex 4.981999999999999 41.9095 0.0
endloop
endfacet
facet normal -0.5245374464842596 -0.8513873778931493 0.0
outer loop
vertex -6.609000000000009 45.3545 2.0
vertex -8.335999999999999 46.4185 2.0
vertex -6.609000000000009 45.3545 0.0
endloop
endfacet
facet normal -0.348133035851852 -0.9374451393807389 0.0
outer loop
vertex -2.4510000000000076 43.591499999999996 2.0
vertex -4.650999999999996 44.408500000000004 2.0
vertex -2.4510000000000076 43.591499999999996 0.0
endloop
endfacet
facet normal -0.4350319697895711 -0.9004150072388875 0.0
outer loop
vertex -4.650999999999996 44.408500000000004 2.0
vertex -6.609000000000009 45.3545 2.0
vertex -4.650999999999996 44.408500000000004 0.0
endloop
endfacet
facet normal -0.6129633574628409 -0.7901113354508221 0.0
outer loop
vertex -8.335999999999999 46.4185 2.0
vertex -9.847999999999999 47.5915 2.0
vertex -8.335999999999999 46.4185 0.0
endloop
endfacet
facet normal -0.6991433363422581 -0.7149815349001792 0.0
outer loop
vertex -9.847999999999999 47.5915 2.0
vertex -10.796000000000006 48.5185 2.0
vertex -9.847999999999999 47.5915 0.0
endloop
endfacet
facet normal -0.17293843571028136 0.9849326359980569 0.0
outer loop
vertex -10.796000000000006 48.5185 2.0
vertex -8.141999999999996 48.9845 2.0
vertex -10.796000000000006 48.5185 0.0
endloop
endfacet
facet normal -0.2656543846931601 -0.9640683315477688 0.0
outer loop
vertex 0.02400000000000091 42.9095 2.0
vertex -2.4510000000000076 43.591499999999996 2.0
vertex 0.02400000000000091 42.9095 0.0
endloop
endfacet
facet normal -0.1571463361815484 -0.9875753282786663 0.0
outer loop
vertex 7.081000000000003 41.575500000000005 2.0
vertex 4.981999999999999 41.9095 2.0
vertex 7.081000000000003 41.575500000000005 0.0
endloop
endfacet
facet normal -0.09354054641530947 -0.9956154710410667 0.0
outer loop
vertex 8.932999999999993 41.4015 2.0
vertex 7.081000000000003 41.575500000000005 2.0
vertex 8.932999999999993 41.4015 0.0
endloop
endfacet
facet normal 0.7150774134056023 -0.6990452723802324 0.0
outer loop
vertex 12.116 44.6575 2.0
vertex 8.932999999999993 41.4015 2.0
vertex 12.116 44.6575 0.0
endloop
endfacet
facet normal 0.5686271269465185 -0.8225953990270964 0.0
outer loop
vertex 20.411 50.3915 2.0
vertex 12.116 44.6575 2.0
vertex 20.411 50.3915 0.0
endloop
endfacet
facet normal 0.0 0.0 1.0
outer loop
vertex -8.141999999999996 48.9845 2.0
vertex -9.847999999999999 47.5915 2.0
vertex -8.335999999999999 46.4185 2.0
endloop
endfacet
facet normal 0.0 0.0 1.0
outer loop
vertex -8.141999999999996 48.9845 2.0
vertex -10.796000000000006 48.5185 2.0
vertex -9.847999999999999 47.5915 2.0
endloop
endfacet
facet normal 0.0 0.0 1.0
outer loop
vertex 0.1559999999999917 51.9255 2.0
vertex -6.609000000000009 45.3545 2.0
vertex -4.650999999999996 44.408500000000004 2.0
endloop
endfacet
facet normal 0.0 0.0 1.0
outer loop
vertex 0.1559999999999917 51.9255 2.0
vertex -8.335999999999999 46.4185 2.0
vertex -6.609000000000009 45.3545 2.0
endloop
endfacet
facet normal 0.0 0.0 1.0
outer loop
vertex 0.1559999999999917 51.9255 2.0
vertex -8.141999999999996 48.9845 2.0
vertex -8.335999999999999 46.4185 2.0
endloop
endfacet
facet normal 0.0 0.0 1.0
outer loop
vertex 0.1559999999999917 51.9255 2.0
vertex 0.02400000000000091 42.9095 2.0
vertex 4.981999999999999 41.9095 2.0
endloop
endfacet
facet normal 0.0 0.0 1.0
outer loop
vertex 0.1559999999999917 51.9255 2.0
vertex -4.650999999999996 44.408500000000004 2.0
vertex -2.4510000000000076 43.591499999999996 2.0
endloop
endfacet
facet normal 0.0 0.0 1.0
outer loop
vertex 0.1559999999999917 51.9255 2.0
vertex -2.4510000000000076 43.591499999999996 2.0
vertex 0.02400000000000091 42.9095 2.0
endloop
endfacet
facet normal 0.0 0.0 1.0
outer loop
vertex 8.006 55.9975 2.0
vertex 4.981999999999999 41.9095 2.0
vertex 7.081000000000003 41.575500000000005 2.0
endloop
endfacet
facet normal 0.0 0.0 0.9999999999999999
outer loop
vertex 8.006 55.9975 2.0
vertex 7.081000000000003 41.575500000000005 2.0
vertex 8.932999999999993 41.4015 2.0
endloop
endfacet
facet normal -0.0 0.0 1.0
outer loop
vertex 8.006 55.9975 2.0
vertex 8.932999999999993 41.4015 2.0
vertex 12.116 44.6575 2.0
endloop
endfacet
facet normal -0.33406160551944564 0.9425512419586377 0.0
outer loop
vertex -8.141999999999996 48.9845 2.0
vertex 0.1559999999999917 51.9255 2.0
vertex -8.141999999999996 48.9845 0.0
endloop
endfacet
facet normal -0.460462389888507 0.8876792142988167 0.0
outer loop
vertex 0.1559999999999917 51.9255 2.0
vertex 8.006 55.9975 2.0
vertex 0.1559999999999917 51.9255 0.0
endloop
endfacet
facet normal -0.5485401083752591 0.8361242428632595 0.0
outer loop
vertex 8.006 55.9975 2.0
vertex 16.326999999999998 61.4565 2.0
vertex 8.006 55.9975 0.0
endloop
endfacet
facet normal 0.0 0.0 1.0
outer loop
vertex 8.006 55.9975 2.0
vertex 0.1559999999999917 51.9255 2.0
vertex 4.981999999999999 41.9095 2.0
endloop
endfacet
facet normal -0.0 0.0 1.0
outer loop
vertex 8.006 55.9975 2.0
vertex 12.116 44.6575 2.0
vertex 20.411 50.3915 2.0
endloop
endfacet
facet normal -0.0 0.0 0.9999999999999999
outer loop
vertex 16.326999999999998 61.4565 2.0
vertex 20.411 50.3915 2.0
vertex 28.046999999999997 53.4935 2.0
endloop
endfacet
facet normal 0.0 0.0 1.0
outer loop
vertex 16.326999999999998 61.4565 2.0
vertex 8.006 55.9975 2.0
vertex 20.411 50.3915 2.0
endloop
endfacet
facet normal 0.3763640291713355 -0.9264718654907541 0.0
outer loop
vertex 28.046999999999997 53.4935 2.0
vertex 20.411 50.3915 2.0
vertex 28.046999999999997 53.4935 0.0
endloop
endfacet
facet normal 0.15178950979653077 -0.988412841233727 0.0
outer loop
vertex 36.649 54.8145 2.0
vertex 28.046999999999997 53.4935 2.0
vertex 36.649 54.8145 0.0
endloop
endfacet
facet normal -0.08937095314766168 -0.9959984100054972 0.0
outer loop
vertex 44.205 54.1365 2.0
vertex 36.649 54.8145 2.0
vertex 44.205 54.1365 0.0
endloop
endfacet
facet normal -0.1936330318966539 -0.9810740282764137 0.0
outer loop
vertex 45.193 53.941500000000005 2.0
vertex 44.205 54.1365 2.0
vertex 45.193 53.941500000000005 0.0
endloop
endfacet
facet normal -0.30123723529144353 -0.95354922687503 0.0
outer loop
vertex 52.521 51.6265 2.0
vertex 45.193 53.941500000000005 2.0
vertex 52.521 51.6265 0.0
endloop
endfacet
facet normal -0.0 0.0 1.0
outer loop
vertex 23.603999999999996 66.93350000000001 2.0
vertex 28.046999999999997 53.4935 2.0
vertex 36.649 54.8145 2.0
endloop
endfacet
facet normal 0.0 0.0 0.9999999999999999
outer loop
vertex 23.603999999999996 66.93350000000001 2.0
vertex 16.326999999999998 61.4565 2.0
vertex 28.046999999999997 53.4935 2.0
endloop
endfacet
facet normal -0.6013518270756499 0.798984342820795 0.0
outer loop
vertex 23.603999999999996 66.93350000000001 2.0
vertex 23.603999999999996 66.93350000000001 0.0
vertex 16.326999999999998 61.4565 0.0
endloop
endfacet
facet normal -0.0 0.0 -1.0
outer loop
vertex 37.711999999999996 78.2935 0.0
vertex 36.649 54.8145 0.0
vertex 23.603999999999996 66.93350000000001 0.0
endloop
endfacet
facet normal -0.0 -0.0 -1.0
outer loop
vertex 37.711999999999996 78.2935 0.0
vertex 44.205 54.1365 0.0
vertex 36.649 54.8145 0.0
endloop
endfacet
facet normal -0.0 -0.0 -1.0
outer loop
vertex 44.79 82.7635 0.0
vertex 45.193 53.941500000000005 0.0
vertex 44.205 54.1365 0.0
endloop
endfacet
facet normal -0.0 -0.0 -1.0
outer loop
vertex 44.79 82.7635 0.0
vertex 52.521 51.6265 0.0
vertex 45.193 53.941500000000005 0.0
endloop
endfacet
facet normal -0.0 0.0 -1.0
outer loop
vertex 44.79 82.7635 0.0
vertex 44.205 54.1365 0.0
vertex 37.711999999999996 78.2935 0.0
endloop
endfacet
facet normal -0.0 0.0 -1.0
outer loop
vertex 53.495 86.0655 0.0
vertex 52.521 51.6265 0.0
vertex 44.79 82.7635 0.0
endloop
endfacet
facet normal -0.6271695566564869 0.7788827557490958 0.0
outer loop
vertex 37.711999999999996 78.2935 2.0
vertex 37.711999999999996 78.2935 0.0
vertex 23.603999999999996 66.93350000000001 0.0
endloop
endfacet
facet normal -0.5339660249273366 0.8455059338782306 0.0
outer loop
vertex 44.79 82.7635 2.0
vertex 44.79 82.7635 0.0
vertex 37.711999999999996 78.2935 0.0
endloop
endfacet
facet normal -0.35466394778952515 0.9349938417649332 0.0
outer loop
vertex 53.495 86.0655 2.0
vertex 53.495 86.0655 0.0
vertex 44.79 82.7635 0.0
endloop
endfacet
facet normal -0.6013518270756499 0.798984342820795 0.0
outer loop
vertex 16.326999999999998 61.4565 2.0
vertex 23.603999999999996 66.93350000000001 2.0
vertex 16.326999999999998 61.4565 0.0
endloop
endfacet
facet normal -0.6271695566564869 0.7788827557490958 0.0
outer loop
vertex 23.603999999999996 66.93350000000001 2.0
vertex 37.711999999999996 78.2935 2.0
vertex 23.603999999999996 66.93350000000001 0.0
endloop
endfacet
facet normal 0.0 0.0 1.0
outer loop
vertex 37.711999999999996 78.2935 2.0
vertex 23.603999999999996 66.93350000000001 2.0
vertex 36.649 54.8145 2.0
endloop
endfacet
facet normal 0.0 0.0 1.0
outer loop
vertex 37.711999999999996 78.2935 2.0
vertex 36.649 54.8145 2.0
vertex 44.205 54.1365 2.0
endloop
endfacet
facet normal 0.0 0.0 1.0
outer loop
vertex 44.79 82.7635 2.0
vertex 44.205 54.1365 2.0
vertex 45.193 53.941500000000005 2.0
endloop
endfacet
facet normal 0.0 0.0 1.0
outer loop
vertex 44.79 82.7635 2.0
vertex 45.193 53.941500000000005 2.0
vertex 52.521 51.6265 2.0
endloop
endfacet
facet normal 0.0 0.0 1.0
outer loop
vertex 44.79 82.7635 2.0
vertex 37.711999999999996 78.2935 2.0
vertex 44.205 54.1365 2.0
endloop
endfacet
facet normal 0.0 0.0 1.0
outer loop
vertex 53.495 86.0655 2.0
vertex 44.79 82.7635 2.0
vertex 52.521 51.6265 2.0
endloop
endfacet
facet normal -0.5339660249273366 0.8455059338782306 0.0
outer loop
vertex 37.711999999999996 78.2935 2.0
vertex 44.79 82.7635 2.0
vertex 37.711999999999996 78.2935 0.0
endloop
endfacet
facet normal -0.35466394778952515 0.9349938417649332 0.0
outer loop
vertex 44.79 82.7635 2.0
vertex 53.495 86.0655 2.0
vertex 44.79 82.7635 0.0
endloop
endfacet
facet normal -0.5732862918210462 -0.8193551291168405 -0.0
outer loop
vertex 67.065 42.204499999999996 2.0
vertex 67.065 42.204499999999996 0.0
vertex 72.063 38.707499999999996 0.0
endloop
endfacet
facet normal -0.5537804655619067 -0.832662714406042 -0.0
outer loop
vertex 59.583999999999996 47.8345 2.0
vertex 59.583999999999996 47.8345 0.0
vertex 60.42 47.2785 0.0
endloop
endfacet
facet normal -0.6068861300938111 -0.794788792761799 -0.0
outer loop
vertex 60.42 47.2785 2.0
vertex 60.42 47.2785 0.0
vertex 67.065 42.204499999999996 0.0
endloop
endfacet
facet normal -0.3451440870990341 -0.9385497105324652 -0.0
outer loop
vertex 72.063 38.707499999999996 2.0
vertex 72.063 38.707499999999996 0.0
vertex 77.488 36.712500000000006 0.0
endloop
endfacet
facet normal -0.04484262629085328 -0.9989940634795278 -0.0
outer loop
vertex 77.488 36.712500000000006 2.0
vertex 77.488 36.712500000000006 0.0
vertex 83.102 36.460499999999996 0.0
endloop
endfacet
facet normal 0.25006892636432065 -0.968228037224184 0.0
outer loop
vertex 83.102 36.460499999999996 2.0
vertex 83.102 36.460499999999996 0.0
vertex 89.084 38.0055 0.0
endloop
endfacet
facet normal -0.0 0.0 -1.0
outer loop
vertex 83.614 86.4105 0.0
vertex 60.42 47.2785 0.0
vertex 59.583999999999996 47.8345 0.0
endloop
endfacet
facet normal -0.0 0.0 -1.0
outer loop
vertex 94.884 83.3675 0.0
vertex 72.063 38.707499999999996 0.0
vertex 67.065 42.204499999999996 0.0
endloop
endfacet
facet normal -0.0 0.0 -1.0
outer loop
vertex 94.884 83.3675 0.0
vertex 83.102 36.460499999999996 0.0
vertex 77.488 36.712500000000006 0.0
endloop
endfacet
facet normal -0.0 0.0 -0.9999999999999999
outer loop
vertex 94.884 83.3675 0.0
vertex 77.488 36.712500000000006 0.0
vertex 72.063 38.707499999999996 0.0
endloop
endfacet
facet normal -0.0 0.0 -1.0
outer loop
vertex 83.614 86.4105 0.0
vertex 67.065 42.204499999999996 0.0
vertex 60.42 47.2785 0.0
endloop
endfacet
facet normal -0.47302085138695077 -0.8810512324224762 -0.0
outer loop
vertex 52.521 51.6265 2.0
vertex 52.521 51.6265 0.0
vertex 59.583999999999996 47.8345 0.0
endloop
endfacet
facet normal 0.47211532555516034 -0.8815367941135215 0.0
outer loop
vertex 89.084 38.0055 2.0
vertex 89.084 38.0055 0.0
vertex 96.002 41.710499999999996 0.0
endloop
endfacet
facet normal 0.6163650398851328 -0.7874605625727542 0.0
outer loop
vertex 96.002 41.710499999999996 2.0
vertex 96.002 41.710499999999996 0.0
vertex 103.481 47.5645 0.0
endloop
endfacet
facet normal 0.0 0.0 -1.0
outer loop
vertex 94.884 83.3675 0.0
vertex 89.084 38.0055 0.0
vertex 83.102 36.460499999999996 0.0
endloop
endfacet
facet normal 0.0 -0.0 -1.0
outer loop
vertex 94.884 83.3675 0.0
vertex 96.002 41.710499999999996 0.0
vertex 89.084 38.0055 0.0
endloop
endfacet
facet normal 0.0 -0.0 -1.0
outer loop
vertex 94.884 83.3675 0.0
vertex 103.481 47.5645 0.0
vertex 96.002 41.710499999999996 0.0
endloop
endfacet
facet normal 0.0 -0.0 -1.0
outer loop
vertex 108.175 77.8475 0.0
vertex 112.093 56.170500000000004 0.0
vertex 103.481 47.5645 0.0
endloop
endfacet
facet normal 0.7068603309802911 -0.707353145526641 0.0
outer loop
vertex 103.481 47.5645 2.0
vertex 103.481 47.5645 0.0
vertex 112.093 56.170500000000004 0.0
endloop
endfacet
facet normal 0.7645594885440481 -0.6445531696278155 0.0
outer loop
vertex 112.093 56.170500000000004 2.0
vertex 112.093 56.170500000000004 0.0
vertex 118.796 64.1215 0.0
endloop
endfacet
facet normal -0.47302085138695077 -0.8810512324224762 0.0
outer loop
vertex 59.583999999999996 47.8345 2.0
vertex 52.521 51.6265 2.0
vertex 59.583999999999996 47.8345 0.0
endloop
endfacet
facet normal -0.5537804655619067 -0.832662714406042 0.0
outer loop
vertex 60.42 47.2785 2.0
vertex 59.583999999999996 47.8345 2.0
vertex 60.42 47.2785 0.0
endloop
endfacet
facet normal -0.6068861300938111 -0.794788792761799 0.0
outer loop
vertex 67.065 42.204499999999996 2.0
vertex 60.42 47.2785 2.0
vertex 67.065 42.204499999999996 0.0
endloop
endfacet
facet normal -0.3451440870990341 -0.9385497105324652 0.0
outer loop
vertex 77.488 36.712500000000006 2.0
vertex 72.063 38.707499999999996 2.0
vertex 77.488 36.712500000000006 0.0
endloop
endfacet
facet normal -0.5732862918210462 -0.8193551291168405 0.0
outer loop
vertex 72.063 38.707499999999996 2.0
vertex 67.065 42.204499999999996 2.0
vertex 72.063 38.707499999999996 0.0
endloop
endfacet
facet normal -0.04484262629085328 -0.9989940634795278 0.0
outer loop
vertex 83.102 36.460499999999996 2.0
vertex 77.488 36.712500000000006 2.0
vertex 83.102 36.460499999999996 0.0
endloop
endfacet
facet normal 0.0 0.0 1.0
outer loop
vertex 83.614 86.4105 2.0
vertex 59.583999999999996 47.8345 2.0
vertex 60.42 47.2785 2.0
endloop
endfacet
facet normal 0.0 0.0 1.0
outer loop
vertex 94.884 83.3675 2.0
vertex 67.065 42.204499999999996 2.0
vertex 72.063 38.707499999999996 2.0
endloop
endfacet
facet normal 0.0 0.0 1.0
outer loop
vertex 94.884 83.3675 2.0
vertex 77.488 36.712500000000006 2.0
vertex 83.102 36.460499999999996 2.0
endloop
endfacet
facet normal 0.0 0.0 1.0
outer loop
vertex 94.884 83.3675 2.0
vertex 72.063 38.707499999999996 2.0
vertex 77.488 36.712500000000006 2.0
endloop
endfacet
facet normal 0.0 0.0 1.0
outer loop
vertex 83.614 86.4105 2.0
vertex 60.42 47.2785 2.0
vertex 67.065 42.204499999999996 2.0
endloop
endfacet
facet normal 0.25006892636432065 -0.968228037224184 0.0
outer loop
vertex 89.084 38.0055 2.0
vertex 83.102 36.460499999999996 2.0
vertex 89.084 38.0055 0.0
endloop
endfacet
facet normal 0.47211532555516034 -0.8815367941135215 0.0
outer loop
vertex 96.002 41.710499999999996 2.0
vertex 89.084 38.0055 2.0
vertex 96.002 41.710499999999996 0.0
endloop
endfacet
facet normal 0.6163650398851328 -0.7874605625727542 0.0
outer loop
vertex 103.481 47.5645 2.0
vertex 96.002 41.710499999999996 2.0
vertex 103.481 47.5645 0.0
endloop
endfacet
facet normal 0.7068603309802911 -0.707353145526641 0.0
outer loop
vertex 112.093 56.170500000000004 2.0
vertex 103.481 47.5645 2.0
vertex 112.093 56.170500000000004 0.0
endloop
endfacet
facet normal 0.7645594885440481 -0.6445531696278155 0.0
outer loop
vertex 118.796 64.1215 2.0
vertex 112.093 56.170500000000004 2.0
vertex 118.796 64.1215 0.0
endloop
endfacet
facet normal -0.0 0.0 1.0
outer loop
vertex 94.884 83.3675 2.0
vertex 83.102 36.460499999999996 2.0
vertex 89.084 38.0055 2.0
endloop
endfacet
facet normal -0.0 0.0 1.0
outer loop
vertex 94.884 83.3675 2.0
vertex 89.084 38.0055 2.0
vertex 96.002 41.710499999999996 2.0
endloop
endfacet
facet normal -0.0 0.0 1.0
outer loop
vertex 94.884 83.3675 2.0
vertex 96.002 41.710499999999996 2.0
vertex 103.481 47.5645 2.0
endloop
endfacet
facet normal -0.0 0.0 1.0
outer loop
vertex 108.175 77.8475 2.0
vertex 103.481 47.5645 2.0
vertex 112.093 56.170500000000004 2.0
endloop
endfacet
facet normal -0.0 0.0 -1.0
outer loop
vertex 62.358999999999995 87.6725 0.0
vertex 59.583999999999996 47.8345 0.0
vertex 52.521 51.6265 0.0
endloop
endfacet
facet normal -0.0 0.0 -1.0
outer loop
vertex 72.901 87.8315 0.0
vertex 59.583999999999996 47.8345 0.0
vertex 62.358999999999995 87.6725 0.0
endloop
endfacet
facet normal -0.0 0.0 -1.0
outer loop
vertex 83.614 86.4105 0.0
vertex 59.583999999999996 47.8345 0.0
vertex 72.901 87.8315 0.0
endloop
endfacet
facet normal -0.0 0.0 -1.0
outer loop
vertex 94.884 83.3675 0.0
vertex 67.065 42.204499999999996 0.0
vertex 83.614 86.4105 0.0
endloop
endfacet
facet normal -0.0 0.0 -1.0
outer loop
vertex 62.358999999999995 87.6725 0.0
vertex 52.521 51.6265 0.0
vertex 53.495 86.0655 0.0
endloop
endfacet
facet normal -0.1783872187277696 0.9839603651542937 0.0
outer loop
vertex 62.358999999999995 87.6725 2.0
vertex 62.358999999999995 87.6725 0.0
vertex 53.495 86.0655 0.0
endloop
endfacet
facet normal -0.015080811820953024 0.9998862780910741 0.0
outer loop
vertex 72.901 87.8315 2.0
vertex 72.901 87.8315 0.0
vertex 62.358999999999995 87.6725 0.0
endloop
endfacet
facet normal 0.13149089834250555 0.9913173778629532 0.0
outer loop
vertex 83.614 86.4105 2.0
vertex 83.614 86.4105 0.0
vertex 72.901 87.8315 0.0
endloop
endfacet
facet normal -0.0 0.0 -1.0
outer loop
vertex 106.997 78.4805 0.0
vertex 103.481 47.5645 0.0
vertex 94.884 83.3675 0.0
endloop
endfacet
facet normal -0.0 0.0 -1.0
outer loop
vertex 108.175 77.8475 0.0
vertex 103.481 47.5645 0.0
vertex 106.997 78.4805 0.0
endloop
endfacet
facet normal 0.0 0.0 -1.0
outer loop
vertex 112.093 56.170500000000004 0.0
vertex 114.944 70.3695 0.0
vertex 117.103 67.08449999999999 0.0
endloop
endfacet
facet normal 0.0 0.0 -1.0
outer loop
vertex 112.093 56.170500000000004 0.0
vertex 117.103 67.08449999999999 0.0
vertex 118.796 64.1215 0.0
endloop
endfacet
facet normal 0.0 0.0 -1.0
outer loop
vertex 112.093 56.170500000000004 0.0
vertex 112.553 73.4175 0.0
vertex 114.944 70.3695 0.0
endloop
endfacet
facet normal -0.0 -0.0 -1.0
outer loop
vertex 109.878 76.2945 0.0
vertex 112.093 56.170500000000004 0.0
vertex 108.175 77.8475 0.0
endloop
endfacet
facet normal 0.0 -0.0 -1.0
outer loop
vertex 109.878 76.2945 0.0
vertex 112.553 73.4175 0.0
vertex 112.093 56.170500000000004 0.0
endloop
endfacet
facet normal 0.8682611744422434 0.49610738046936603 0.0
outer loop
vertex 118.796 64.1215 2.0
vertex 118.796 64.1215 0.0
vertex 117.103 67.08449999999999 0.0
endloop
endfacet
facet normal 0.8356721202531331 0.5492286476793004 0.0
outer loop
vertex 117.103 67.08449999999999 2.0
vertex 117.103 67.08449999999999 0.0
vertex 114.944 70.3695 0.0
endloop
endfacet
facet normal 0.7868017994785427 0.6172057423074798 0.0
outer loop
vertex 114.944 70.3695 2.0
vertex 114.944 70.3695 0.0
vertex 112.553 73.4175 0.0
endloop
endfacet
facet normal 0.73234908809736 0.6809293745778376 0.0
outer loop
vertex 112.553 73.4175 2.0
vertex 112.553 73.4175 0.0
vertex 109.878 76.2945 0.0
endloop
endfacet
facet normal 0.26067383657081145 0.9654269267673519 0.0
outer loop
vertex 94.884 83.3675 2.0
vertex 94.884 83.3675 0.0
vertex 83.614 86.4105 0.0
endloop
endfacet
facet normal 0.47334158182166747 0.8808789626949673 0.0
outer loop
vertex 108.175 77.8475 2.0
vertex 108.175 77.8475 0.0
vertex 106.997 78.4805 0.0
endloop
endfacet
facet normal 0.6738165701686432 0.7388986600110775 0.0
outer loop
vertex 109.878 76.2945 2.0
vertex 109.878 76.2945 0.0
vertex 108.175 77.8475 0.0
endloop
endfacet
facet normal 0.37414783034365223 0.927369074882885 0.0
outer loop
vertex 106.997 78.4805 2.0
vertex 106.997 78.4805 0.0
vertex 94.884 83.3675 0.0
endloop
endfacet
facet normal 0.0 0.0 1.0
outer loop
vertex 62.358999999999995 87.6725 2.0
vertex 52.521 51.6265 2.0
vertex 59.583999999999996 47.8345 2.0
endloop
endfacet
facet normal 0.0 0.0 1.0
outer loop
vertex 72.901 87.8315 2.0
vertex 62.358999999999995 87.6725 2.0
vertex 59.583999999999996 47.8345 2.0
endloop
endfacet
facet normal 0.0 0.0 1.0
outer loop
vertex 83.614 86.4105 2.0
vertex 72.901 87.8315 2.0
vertex 59.583999999999996 47.8345 2.0
endloop
endfacet
facet normal 0.0 0.0 1.0
outer loop
vertex 94.884 83.3675 2.0
vertex 83.614 86.4105 2.0
vertex 67.065 42.204499999999996 2.0
endloop
endfacet
facet normal -0.1783872187277696 0.9839603651542937 0.0
outer loop
vertex 53.495 86.0655 2.0
vertex 62.358999999999995 87.6725 2.0
vertex 53.495 86.0655 0.0
endloop
endfacet
facet normal -0.015080811820953024 0.9998862780910741 0.0
outer loop
vertex 62.358999999999995 87.6725 2.0
vertex 72.901 87.8315 2.0
vertex 62.358999999999995 87.6725 0.0
endloop
endfacet
facet normal 0.13149089834250555 0.9913173778629532 0.0
outer loop
vertex 72.901 87.8315 2.0
vertex 83.614 86.4105 2.0
vertex 72.901 87.8315 0.0
endloop
endfacet
facet normal 0.0 0.0 1.0
outer loop
vertex 62.358999999999995 87.6725 2.0
vertex 53.495 86.0655 2.0
vertex 52.521 51.6265 2.0
endloop
endfacet
facet normal 0.8682611744422434 0.49610738046936603 0.0
outer loop
vertex 117.103 67.08449999999999 2.0
vertex 118.796 64.1215 2.0
vertex 117.103 67.08449999999999 0.0
endloop
endfacet
facet normal 0.8356721202531331 0.5492286476793004 0.0
outer loop
vertex 114.944 70.3695 2.0
vertex 117.103 67.08449999999999 2.0
vertex 114.944 70.3695 0.0
endloop
endfacet
facet normal 0.7868017994785427 0.6172057423074798 0.0
outer loop
vertex 112.553 73.4175 2.0
vertex 114.944 70.3695 2.0
vertex 112.553 73.4175 0.0
endloop
endfacet
facet normal 0.0 0.0 1.0
outer loop
vertex 106.997 78.4805 2.0
vertex 94.884 83.3675 2.0
vertex 103.481 47.5645 2.0
endloop
endfacet
facet normal 0.0 0.0 0.9999999999999999
outer loop
vertex 108.175 77.8475 2.0
vertex 106.997 78.4805 2.0
vertex 103.481 47.5645 2.0
endloop
endfacet
facet normal 0.0 -0.0 1.0
outer loop
vertex 112.093 56.170500000000004 2.0
vertex 117.103 67.08449999999999 2.0
vertex 114.944 70.3695 2.0
endloop
endfacet
facet normal 0.0 -0.0 1.0
outer loop
vertex 112.093 56.170500000000004 2.0
vertex 118.796 64.1215 2.0
vertex 117.103 67.08449999999999 2.0
endloop
endfacet
facet normal 0.0 -0.0 1.0
outer loop
vertex 112.093 56.170500000000004 2.0
vertex 114.944 70.3695 2.0
vertex 112.553 73.4175 2.0
endloop
endfacet
facet normal 0.0 0.0 1.0
outer loop
vertex 109.878 76.2945 2.0
vertex 108.175 77.8475 2.0
vertex 112.093 56.170500000000004 2.0
endloop
endfacet
facet normal -0.0 0.0 1.0
outer loop
vertex 109.878 76.2945 2.0
vertex 112.093 56.170500000000004 2.0
vertex 112.553 73.4175 2.0
endloop
endfacet
facet normal 0.26067383657081145 0.9654269267673519 0.0
outer loop
vertex 83.614 86.4105 2.0
vertex 94.884 83.3675 2.0
vertex 83.614 86.4105 0.0
endloop
endfacet
facet normal 0.37414783034365223 0.927369074882885 0.0
outer loop
vertex 94.884 83.3675 2.0
vertex 106.997 78.4805 2.0
vertex 94.884 83.3675 0.0
endloop
endfacet
facet normal 0.6738165701686432 0.7388986600110775 0.0
outer loop
vertex 108.175 77.8475 2.0
vertex 109.878 76.2945 2.0
vertex 108.175 77.8475 0.0
endloop
endfacet
facet normal 0.47334158182166747 0.8808789626949673 0.0
outer loop
vertex 106.997 78.4805 2.0
vertex 108.175 77.8475 2.0
vertex 106.997 78.4805 0.0
endloop
endfacet
facet normal 0.73234908809736 0.6809293745778376 0.0
outer loop
vertex 109.878 76.2945 2.0
vertex 112.553 73.4175 2.0
vertex 109.878 76.2945 0.0
endloop
endfacet

endsolid
