solid 
facet normal 0.0 -0.0 -1.0
outer loop
vertex -65.3655 -37.354 0.0
vertex -40.052499999999995 -7.456000000000003 0.0
vertex -61.73949999999999 -40.021 0.0
endloop
endfacet
facet normal 0.0 -0.0 -1.0
outer loop
vertex -61.73949999999999 -40.021 0.0
vertex -40.052499999999995 -7.456000000000003 0.0
vertex -57.66749999999999 -42.548 0.0
endloop
endfacet
facet normal 0.0 -0.0 -1.0
outer loop
vertex -48.09949999999999 -47.168000000000006 0.0
vertex -33.54449999999999 -10.638999999999996 0.0
vertex -44.174499999999995 -48.772000000000006 0.0
endloop
endfacet
facet normal 0.0 -0.0 -0.9999999999999999
outer loop
vertex -57.66749999999999 -42.548 0.0
vertex -36.89149999999999 -9.203000000000003 0.0
vertex -53.14849999999999 -44.922 0.0
endloop
endfacet
facet normal 0.0 -0.0 -1.0
outer loop
vertex -53.14849999999999 -44.922 0.0
vertex -33.54449999999999 -10.638999999999996 0.0
vertex -48.09949999999999 -47.168000000000006 0.0
endloop
endfacet
facet normal -0.7272411186982771 -0.686382076743324 -0.0
outer loop
vertex -71.3065 -31.637 2.0
vertex -71.3065 -31.637 0.0
vertex -68.55149999999999 -34.556 0.0
endloop
endfacet
facet normal -0.7923911469826236 -0.6100133360702553 -0.0
outer loop
vertex -73.6445 -28.599999999999994 2.0
vertex -73.6445 -28.599999999999994 0.0
vertex -71.3065 -31.637 0.0
endloop
endfacet
facet normal -0.6598726264629925 -0.751377479596529 -0.0
outer loop
vertex -68.55149999999999 -34.556 2.0
vertex -68.55149999999999 -34.556 0.0
vertex -65.3655 -37.354 0.0
endloop
endfacet
facet normal -0.527295335187402 -0.8496820755374362 -0.0
outer loop
vertex -61.73949999999999 -40.021 2.0
vertex -61.73949999999999 -40.021 0.0
vertex -57.66749999999999 -42.548 0.0
endloop
endfacet
facet normal -0.5925091971841772 -0.8055636854105092 -0.0
outer loop
vertex -65.3655 -37.354 2.0
vertex -65.3655 -37.354 0.0
vertex -61.73949999999999 -40.021 0.0
endloop
endfacet
facet normal -0.46506808043637565 -0.8852749180673904 -0.0
outer loop
vertex -57.66749999999999 -42.548 2.0
vertex -57.66749999999999 -42.548 0.0
vertex -53.14849999999999 -44.922 0.0
endloop
endfacet
facet normal -0.40644066904977005 -0.9136771763278184 -0.0
outer loop
vertex -53.14849999999999 -44.922 2.0
vertex -53.14849999999999 -44.922 0.0
vertex -48.09949999999999 -47.168000000000006 0.0
endloop
endfacet
facet normal -0.33532122228009503 -0.9421038572729564 -0.0
outer loop
vertex -44.174499999999995 -48.772000000000006 2.0
vertex -44.174499999999995 -48.772000000000006 0.0
vertex -40.058499999999995 -50.236999999999995 0.0
endloop
endfacet
facet normal -0.3782930385389385 -0.9256858954272651 -0.0
outer loop
vertex -48.09949999999999 -47.168000000000006 2.0
vertex -48.09949999999999 -47.168000000000006 0.0
vertex -44.174499999999995 -48.772000000000006 0.0
endloop
endfacet
facet normal 0.0 -0.0 -1.0
outer loop
vertex -73.6445 -28.599999999999994 0.0
vertex -45.73749999999999 -3.0820000000000007 0.0
vertex -71.3065 -31.637 0.0
endloop
endfacet
facet normal 0.0 -0.0 -1.0
outer loop
vertex -71.3065 -31.637 0.0
vertex -43.00749999999999 -5.411000000000001 0.0
vertex -68.55149999999999 -34.556 0.0
endloop
endfacet
facet normal 0.0 -0.0 -1.0
outer loop
vertex -75.5795 -25.444000000000003 0.0
vertex -45.73749999999999 -3.0820000000000007 0.0
vertex -73.6445 -28.599999999999994 0.0
endloop
endfacet
facet normal 0.0 -0.0 -1.0
outer loop
vertex -77.12549999999999 -22.158 0.0
vertex -45.73749999999999 -3.0820000000000007 0.0
vertex -75.5795 -25.444000000000003 0.0
endloop
endfacet
facet normal 0.0 -0.0 -1.0
outer loop
vertex -78.2915 -18.727999999999994 0.0
vertex -45.73749999999999 -3.0820000000000007 0.0
vertex -77.12549999999999 -22.158 0.0
endloop
endfacet
facet normal 0.0 -0.0 -1.0
outer loop
vertex -79.8185 -6.533999999999999 0.0
vertex -52.40749999999999 5.429000000000002 0.0
vertex -79.51249999999999 -11.159999999999997 0.0
endloop
endfacet
facet normal 0.0 -0.0 -1.0
outer loop
vertex -79.7605 -2.3980000000000032 0.0
vertex -52.40749999999999 5.429000000000002 0.0
vertex -79.8185 -6.533999999999999 0.0
endloop
endfacet
facet normal 0.0 -0.0 -1.0
outer loop
vertex -79.0825 -15.132000000000005 0.0
vertex -45.73749999999999 -3.0820000000000007 0.0
vertex -78.2915 -18.727999999999994 0.0
endloop
endfacet
facet normal 0.0 -0.0 -1.0
outer loop
vertex -79.51249999999999 -11.159999999999997 0.0
vertex -48.2255 -0.48799999999999955 0.0
vertex -79.0825 -15.132000000000005 0.0
endloop
endfacet
facet normal 0.0 0.0 -0.9999999999999999
outer loop
vertex -79.51249999999999 -11.159999999999997 0.0
vertex -52.40749999999999 5.429000000000002 0.0
vertex -50.45349999999999 2.3560000000000016 0.0
endloop
endfacet
facet normal 0.0 -0.0 -1.0
outer loop
vertex -68.55149999999999 -34.556 0.0
vertex -43.00749999999999 -5.411000000000001 0.0
vertex -65.3655 -37.354 0.0
endloop
endfacet
facet normal 0.0 0.0 -1.0
outer loop
vertex -53.14849999999999 -44.922 0.0
vertex -36.89149999999999 -9.203000000000003 0.0
vertex -33.54449999999999 -10.638999999999996 0.0
endloop
endfacet
facet normal 0.0 0.0 -1.0
outer loop
vertex -65.3655 -37.354 0.0
vertex -43.00749999999999 -5.411000000000001 0.0
vertex -40.052499999999995 -7.456000000000003 0.0
endloop
endfacet
facet normal 0.0 0.0 -1.0
outer loop
vertex -57.66749999999999 -42.548 0.0
vertex -40.052499999999995 -7.456000000000003 0.0
vertex -36.89149999999999 -9.203000000000003 0.0
endloop
endfacet
facet normal 0.0 0.0 -0.9999999999999999
outer loop
vertex -71.3065 -31.637 0.0
vertex -45.73749999999999 -3.0820000000000007 0.0
vertex -43.00749999999999 -5.411000000000001 0.0
endloop
endfacet
facet normal 0.0 0.0 -0.9999999999999999
outer loop
vertex -79.0825 -15.132000000000005 0.0
vertex -48.2255 -0.48799999999999955 0.0
vertex -45.73749999999999 -3.0820000000000007 0.0
endloop
endfacet
facet normal 0.0 0.0 -1.0
outer loop
vertex -79.51249999999999 -11.159999999999997 0.0
vertex -50.45349999999999 2.3560000000000016 0.0
vertex -48.2255 -0.48799999999999955 0.0
endloop
endfacet
facet normal -0.8525197136423366 -0.5226950715772901 -0.0
outer loop
vertex -75.5795 -25.444000000000003 2.0
vertex -75.5795 -25.444000000000003 0.0
vertex -73.6445 -28.599999999999994 0.0
endloop
endfacet
facet normal -0.9048561423813357 -0.42571746686595785 -0.0
outer loop
vertex -77.12549999999999 -22.158 2.0
vertex -77.12549999999999 -22.158 0.0
vertex -75.5795 -25.444000000000003 0.0
endloop
endfacet
facet normal -0.9467895687077064 -0.32185324697177664 -0.0
outer loop
vertex -78.2915 -18.727999999999994 2.0
vertex -78.2915 -18.727999999999994 0.0
vertex -77.12549999999999 -22.158 0.0
endloop
endfacet
facet normal -0.9766513052758956 -0.21483069590468093 -0.0
outer loop
vertex -79.0825 -15.132000000000005 2.0
vertex -79.0825 -15.132000000000005 0.0
vertex -78.2915 -18.727999999999994 0.0
endloop
endfacet
facet normal -0.994191133152033 -0.10762894946006192 -0.0
outer loop
vertex -79.51249999999999 -11.159999999999997 2.0
vertex -79.51249999999999 -11.159999999999997 0.0
vertex -79.0825 -15.132000000000005 0.0
endloop
endfacet
facet normal -0.997819383739488 -0.06600361682323715 -0.0
outer loop
vertex -79.8185 -6.533999999999999 2.0
vertex -79.8185 -6.533999999999999 0.0
vertex -79.51249999999999 -11.159999999999997 0.0
endloop
endfacet
facet normal -0.9999016892783822 0.014021832199746896 0.0
outer loop
vertex -79.7605 -2.3980000000000032 2.0
vertex -79.7605 -2.3980000000000032 0.0
vertex -79.8185 -6.533999999999999 0.0
endloop
endfacet
facet normal -0.9963466490417507 0.08540114134643897 0.0
outer loop
vertex -79.59249999999999 -0.4380000000000024 2.0
vertex -79.59249999999999 -0.4380000000000024 0.0
vertex -79.7605 -2.3980000000000032 0.0
endloop
endfacet
facet normal 0.7216985933094845 0.6922074403060915 0.0
outer loop
vertex -45.73749999999999 -3.0820000000000007 2.0
vertex -45.73749999999999 -3.0820000000000007 0.0
vertex -48.2255 -0.48799999999999955 0.0
endloop
endfacet
facet normal 0.6490225149707104 0.7607691996007029 0.0
outer loop
vertex -43.00749999999999 -5.411000000000001 2.0
vertex -43.00749999999999 -5.411000000000001 0.0
vertex -45.73749999999999 -3.0820000000000007 0.0
endloop
endfacet
facet normal 0.569065268821899 0.8222923566595155 0.0
outer loop
vertex -40.052499999999995 -7.456000000000003 2.0
vertex -40.052499999999995 -7.456000000000003 0.0
vertex -43.00749999999999 -5.411000000000001 0.0
endloop
endfacet
facet normal 0.0 -0.0 -1.0
outer loop
vertex -44.174499999999995 -48.772000000000006 0.0
vertex -30.034499999999994 -11.751000000000005 0.0
vertex -40.058499999999995 -50.236999999999995 0.0
endloop
endfacet
facet normal 0.0 -0.0 -1.0
outer loop
vertex -35.70949999999999 -51.57000000000001 0.0
vertex -26.939499999999992 -12.435000000000002 0.0
vertex -31.146499999999993 -52.759 0.0
endloop
endfacet
facet normal 0.0 -0.0 -1.0
outer loop
vertex -40.058499999999995 -50.236999999999995 0.0
vertex -26.939499999999992 -12.435000000000002 0.0
vertex -35.70949999999999 -51.57000000000001 0.0
endloop
endfacet
facet normal 0.0 -0.0 -1.0
outer loop
vertex -31.146499999999993 -52.759 0.0
vertex -23.327499999999993 -12.909000000000006 0.0
vertex -26.382499999999993 -53.793000000000006 0.0
endloop
endfacet
facet normal 0.0 -0.0 -1.0
outer loop
vertex -26.382499999999993 -53.793000000000006 0.0
vertex -19.504499999999993 -13.557000000000002 0.0
vertex -21.434499999999993 -54.66 0.0
endloop
endfacet
facet normal 0.0 -0.0 -1.0
outer loop
vertex -21.434499999999993 -54.66 0.0
vertex -16.048499999999994 -13.89 0.0
vertex -16.316499999999994 -55.348 0.0
endloop
endfacet
facet normal 0.0 0.0 -1.0
outer loop
vertex -16.316499999999994 -55.348 0.0
vertex -12.239499999999992 -13.980999999999995 0.0
vertex -11.044499999999994 -55.84700000000001 0.0
endloop
endfacet
facet normal 0.0 0.0 -1.0
outer loop
vertex -11.044499999999994 -55.84700000000001 0.0
vertex -8.510499999999993 -13.786000000000001 0.0
vertex -5.6334999999999935 -56.146 0.0
endloop
endfacet
facet normal 0.0 0.0 -1.0
outer loop
vertex -5.6334999999999935 -56.146 0.0
vertex -4.902499999999993 -13.314999999999998 0.0
vertex -0.09749999999999318 -56.235 0.0
endloop
endfacet
facet normal -0.2930506320900452 -0.9560969234505594 -0.0
outer loop
vertex -40.058499999999995 -50.236999999999995 2.0
vertex -40.058499999999995 -50.236999999999995 0.0
vertex -35.70949999999999 -51.57000000000001 0.0
endloop
endfacet
facet normal -0.2521542631933241 -0.967687050421484 -0.0
outer loop
vertex -35.70949999999999 -51.57000000000001 2.0
vertex -35.70949999999999 -51.57000000000001 0.0
vertex -31.146499999999993 -52.759 0.0
endloop
endfacet
facet normal -0.21210601360750703 -0.9772466623076959 -0.0
outer loop
vertex -31.146499999999993 -52.759 2.0
vertex -31.146499999999993 -52.759 0.0
vertex -26.382499999999993 -53.793000000000006 0.0
endloop
endfacet
facet normal -0.17259279674565753 -0.9849932621655398 -0.0
outer loop
vertex -26.382499999999993 -53.793000000000006 2.0
vertex -26.382499999999993 -53.793000000000006 0.0
vertex -21.434499999999993 -54.66 0.0
endloop
endfacet
facet normal -0.13322912495962003 -0.9910852638711232 -0.0
outer loop
vertex -21.434499999999993 -54.66 2.0
vertex -21.434499999999993 -54.66 0.0
vertex -16.316499999999994 -55.348 0.0
endloop
endfacet
facet normal -0.09422983394338064 -0.9955504700390648 -0.0
outer loop
vertex -16.316499999999994 -55.348 2.0
vertex -16.316499999999994 -55.348 0.0
vertex -11.044499999999994 -55.84700000000001 0.0
endloop
endfacet
facet normal -0.055173638078388834 -0.9984767747229754 -0.0
outer loop
vertex -11.044499999999994 -55.84700000000001 2.0
vertex -11.044499999999994 -55.84700000000001 0.0
vertex -5.6334999999999935 -56.146 0.0
endloop
endfacet
facet normal -0.016074512446594174 -0.999870796678053 -0.0
outer loop
vertex -5.6334999999999935 -56.146 2.0
vertex -5.6334999999999935 -56.146 0.0
vertex -0.09749999999999318 -56.235 0.0
endloop
endfacet
facet normal 0.0 0.0 -1.0
outer loop
vertex -44.174499999999995 -48.772000000000006 0.0
vertex -33.54449999999999 -10.638999999999996 0.0
vertex -30.034499999999994 -11.751000000000005 0.0
endloop
endfacet
facet normal 0.0 0.0 -1.0
outer loop
vertex -40.058499999999995 -50.236999999999995 0.0
vertex -30.034499999999994 -11.751000000000005 0.0
vertex -26.939499999999992 -12.435000000000002 0.0
endloop
endfacet
facet normal 0.0 0.0 -1.0
outer loop
vertex -31.146499999999993 -52.759 0.0
vertex -26.939499999999992 -12.435000000000002 0.0
vertex -23.327499999999993 -12.909000000000006 0.0
endloop
endfacet
facet normal 0.0 0.0 -1.0
outer loop
vertex -26.382499999999993 -53.793000000000006 0.0
vertex -23.327499999999993 -12.909000000000006 0.0
vertex -19.504499999999993 -13.557000000000002 0.0
endloop
endfacet
facet normal 0.0 0.0 -1.0
outer loop
vertex -21.434499999999993 -54.66 0.0
vertex -19.504499999999993 -13.557000000000002 0.0
vertex -16.048499999999994 -13.89 0.0
endloop
endfacet
facet normal 0.0 0.0 -0.9999999999999999
outer loop
vertex -16.316499999999994 -55.348 0.0
vertex -16.048499999999994 -13.89 0.0
vertex -12.239499999999992 -13.980999999999995 0.0
endloop
endfacet
facet normal 0.0 0.0 -1.0
outer loop
vertex -11.044499999999994 -55.84700000000001 0.0
vertex -12.239499999999992 -13.980999999999995 0.0
vertex -8.510499999999993 -13.786000000000001 0.0
endloop
endfacet
facet normal 0.0 0.0 -1.0
outer loop
vertex -5.6334999999999935 -56.146 0.0
vertex -8.510499999999993 -13.786000000000001 0.0
vertex -4.902499999999993 -13.314999999999998 0.0
endloop
endfacet
facet normal 0.0 0.0 -0.9999999999999999
outer loop
vertex -0.09749999999999318 -56.235 0.0
vertex -4.902499999999993 -13.314999999999998 0.0
vertex -1.4374999999999931 -12.581000000000003 0.0
endloop
endfacet
facet normal 0.48371402004200564 0.875226111821855 0.0
outer loop
vertex -36.89149999999999 -9.203000000000003 2.0
vertex -36.89149999999999 -9.203000000000003 0.0
vertex -40.052499999999995 -7.456000000000003 0.0
endloop
endfacet
facet normal 0.30201512387666873 0.9533031338193327 0.0
outer loop
vertex -30.034499999999994 -11.751000000000005 2.0
vertex -30.034499999999994 -11.751000000000005 0.0
vertex -33.54449999999999 -10.638999999999996 0.0
endloop
endfacet
facet normal 0.3942837841153686 0.9189887363747533 0.0
outer loop
vertex -33.54449999999999 -10.638999999999996 2.0
vertex -33.54449999999999 -10.638999999999996 0.0
vertex -36.89149999999999 -9.203000000000003 0.0
endloop
endfacet
facet normal 0.215794550203676 0.9764387907607898 0.0
outer loop
vertex -26.939499999999992 -12.435000000000002 2.0
vertex -26.939499999999992 -12.435000000000002 0.0
vertex -30.034499999999994 -11.751000000000005 0.0
endloop
endfacet
facet normal 0.13011366717222608 0.9914990840212589 0.0
outer loop
vertex -23.327499999999993 -12.909000000000006 2.0
vertex -23.327499999999993 -12.909000000000006 0.0
vertex -26.939499999999992 -12.435000000000002 0.0
endloop
endfacet
facet normal 0.16711672821634907 0.9859371172393616 0.0
outer loop
vertex -19.504499999999993 -13.557000000000002 2.0
vertex -19.504499999999993 -13.557000000000002 0.0
vertex -23.327499999999993 -12.909000000000006 0.0
endloop
endfacet
facet normal 0.09590997514739177 0.995390012340503 0.0
outer loop
vertex -16.048499999999994 -13.89 2.0
vertex -16.048499999999994 -13.89 0.0
vertex -19.504499999999993 -13.557000000000002 0.0
endloop
endfacet
facet normal 0.023883969833226062 0.9997147373051002 0.0
outer loop
vertex -12.239499999999992 -13.980999999999995 2.0
vertex -12.239499999999992 -13.980999999999995 0.0
vertex -16.048499999999994 -13.89 0.0
endloop
endfacet
facet normal -0.05222148774659952 0.9986355272157763 0.0
outer loop
vertex -8.510499999999993 -13.786000000000001 2.0
vertex -8.510499999999993 -13.786000000000001 0.0
vertex -12.239499999999992 -13.980999999999995 0.0
endloop
endfacet
facet normal -0.12944492647073724 0.9915866129647908 0.0
outer loop
vertex -4.902499999999993 -13.314999999999998 2.0
vertex -4.902499999999993 -13.314999999999998 0.0
vertex -8.510499999999993 -13.786000000000001 0.0
endloop
endfacet
facet normal -0.20723402204804328 0.9782913983603204 0.0
outer loop
vertex -1.4374999999999931 -12.581000000000003 2.0
vertex -1.4374999999999931 -12.581000000000003 0.0
vertex -4.902499999999993 -13.314999999999998 0.0
endloop
endfacet
facet normal -0.7923911469826236 -0.6100133360702553 0.0
outer loop
vertex -71.3065 -31.637 2.0
vertex -73.6445 -28.599999999999994 2.0
vertex -71.3065 -31.637 0.0
endloop
endfacet
facet normal -0.6598726264629925 -0.751377479596529 0.0
outer loop
vertex -65.3655 -37.354 2.0
vertex -68.55149999999999 -34.556 2.0
vertex -65.3655 -37.354 0.0
endloop
endfacet
facet normal -0.5925091971841772 -0.8055636854105092 0.0
outer loop
vertex -61.73949999999999 -40.021 2.0
vertex -65.3655 -37.354 2.0
vertex -61.73949999999999 -40.021 0.0
endloop
endfacet
facet normal -0.7272411186982771 -0.686382076743324 0.0
outer loop
vertex -68.55149999999999 -34.556 2.0
vertex -71.3065 -31.637 2.0
vertex -68.55149999999999 -34.556 0.0
endloop
endfacet
facet normal -0.46506808043637565 -0.8852749180673904 0.0
outer loop
vertex -53.14849999999999 -44.922 2.0
vertex -57.66749999999999 -42.548 2.0
vertex -53.14849999999999 -44.922 0.0
endloop
endfacet
facet normal -0.33532122228009503 -0.9421038572729564 0.0
outer loop
vertex -40.058499999999995 -50.236999999999995 2.0
vertex -44.174499999999995 -48.772000000000006 2.0
vertex -40.058499999999995 -50.236999999999995 0.0
endloop
endfacet
facet normal -0.40644066904977005 -0.9136771763278184 0.0
outer loop
vertex -48.09949999999999 -47.168000000000006 2.0
vertex -53.14849999999999 -44.922 2.0
vertex -48.09949999999999 -47.168000000000006 0.0
endloop
endfacet
facet normal -0.3782930385389385 -0.9256858954272651 0.0
outer loop
vertex -44.174499999999995 -48.772000000000006 2.0
vertex -48.09949999999999 -47.168000000000006 2.0
vertex -44.174499999999995 -48.772000000000006 0.0
endloop
endfacet
facet normal -0.527295335187402 -0.8496820755374362 0.0
outer loop
vertex -57.66749999999999 -42.548 2.0
vertex -61.73949999999999 -40.021 2.0
vertex -57.66749999999999 -42.548 0.0
endloop
endfacet
facet normal -0.0 0.0 1.0
outer loop
vertex -65.3655 -37.354 2.0
vertex -61.73949999999999 -40.021 2.0
vertex -40.052499999999995 -7.456000000000003 2.0
endloop
endfacet
facet normal -0.0 0.0 1.0
outer loop
vertex -61.73949999999999 -40.021 2.0
vertex -57.66749999999999 -42.548 2.0
vertex -40.052499999999995 -7.456000000000003 2.0
endloop
endfacet
facet normal -0.0 0.0 0.9999999999999999
outer loop
vertex -48.09949999999999 -47.168000000000006 2.0
vertex -44.174499999999995 -48.772000000000006 2.0
vertex -33.54449999999999 -10.638999999999996 2.0
endloop
endfacet
facet normal -0.0 0.0 1.0
outer loop
vertex -57.66749999999999 -42.548 2.0
vertex -53.14849999999999 -44.922 2.0
vertex -36.89149999999999 -9.203000000000003 2.0
endloop
endfacet
facet normal -0.0 0.0 1.0
outer loop
vertex -53.14849999999999 -44.922 2.0
vertex -48.09949999999999 -47.168000000000006 2.0
vertex -33.54449999999999 -10.638999999999996 2.0
endloop
endfacet
facet normal -0.9048561423813357 -0.42571746686595785 0.0
outer loop
vertex -75.5795 -25.444000000000003 2.0
vertex -77.12549999999999 -22.158 2.0
vertex -75.5795 -25.444000000000003 0.0
endloop
endfacet
facet normal -0.8525197136423366 -0.5226950715772901 0.0
outer loop
vertex -73.6445 -28.599999999999994 2.0
vertex -75.5795 -25.444000000000003 2.0
vertex -73.6445 -28.599999999999994 0.0
endloop
endfacet
facet normal -0.9467895687077064 -0.32185324697177664 0.0
outer loop
vertex -77.12549999999999 -22.158 2.0
vertex -78.2915 -18.727999999999994 2.0
vertex -77.12549999999999 -22.158 0.0
endloop
endfacet
facet normal -0.9766513052758956 -0.21483069590468093 0.0
outer loop
vertex -78.2915 -18.727999999999994 2.0
vertex -79.0825 -15.132000000000005 2.0
vertex -78.2915 -18.727999999999994 0.0
endloop
endfacet
facet normal -0.994191133152033 -0.10762894946006192 0.0
outer loop
vertex -79.0825 -15.132000000000005 2.0
vertex -79.51249999999999 -11.159999999999997 2.0
vertex -79.0825 -15.132000000000005 0.0
endloop
endfacet
facet normal -0.997819383739488 -0.06600361682323715 0.0
outer loop
vertex -79.51249999999999 -11.159999999999997 2.0
vertex -79.8185 -6.533999999999999 2.0
vertex -79.51249999999999 -11.159999999999997 0.0
endloop
endfacet
facet normal -0.9999016892783822 0.014021832199746896 0.0
outer loop
vertex -79.8185 -6.533999999999999 2.0
vertex -79.7605 -2.3980000000000032 2.0
vertex -79.8185 -6.533999999999999 0.0
endloop
endfacet
facet normal -0.9963466490417507 0.08540114134643897 0.0
outer loop
vertex -79.7605 -2.3980000000000032 2.0
vertex -79.59249999999999 -0.4380000000000024 2.0
vertex -79.7605 -2.3980000000000032 0.0
endloop
endfacet
facet normal 0.7216985933094845 0.6922074403060915 0.0
outer loop
vertex -48.2255 -0.48799999999999955 2.0
vertex -45.73749999999999 -3.0820000000000007 2.0
vertex -48.2255 -0.48799999999999955 0.0
endloop
endfacet
facet normal 0.6490225149707104 0.7607691996007029 0.0
outer loop
vertex -45.73749999999999 -3.0820000000000007 2.0
vertex -43.00749999999999 -5.411000000000001 2.0
vertex -45.73749999999999 -3.0820000000000007 0.0
endloop
endfacet
facet normal 0.569065268821899 0.8222923566595155 0.0
outer loop
vertex -43.00749999999999 -5.411000000000001 2.0
vertex -40.052499999999995 -7.456000000000003 2.0
vertex -43.00749999999999 -5.411000000000001 0.0
endloop
endfacet
facet normal -0.0 0.0 1.0
outer loop
vertex -73.6445 -28.599999999999994 2.0
vertex -71.3065 -31.637 2.0
vertex -45.73749999999999 -3.0820000000000007 2.0
endloop
endfacet
facet normal -0.0 0.0 1.0
outer loop
vertex -71.3065 -31.637 2.0
vertex -68.55149999999999 -34.556 2.0
vertex -43.00749999999999 -5.411000000000001 2.0
endloop
endfacet
facet normal -0.0 0.0 1.0
outer loop
vertex -75.5795 -25.444000000000003 2.0
vertex -73.6445 -28.599999999999994 2.0
vertex -45.73749999999999 -3.0820000000000007 2.0
endloop
endfacet
facet normal -0.0 0.0 1.0
outer loop
vertex -77.12549999999999 -22.158 2.0
vertex -75.5795 -25.444000000000003 2.0
vertex -45.73749999999999 -3.0820000000000007 2.0
endloop
endfacet
facet normal -0.0 0.0 1.0
outer loop
vertex -78.2915 -18.727999999999994 2.0
vertex -77.12549999999999 -22.158 2.0
vertex -45.73749999999999 -3.0820000000000007 2.0
endloop
endfacet
facet normal -0.0 0.0 1.0
outer loop
vertex -79.8185 -6.533999999999999 2.0
vertex -79.51249999999999 -11.159999999999997 2.0
vertex -52.40749999999999 5.429000000000002 2.0
endloop
endfacet
facet normal -0.0 0.0 1.0
outer loop
vertex -79.7605 -2.3980000000000032 2.0
vertex -79.8185 -6.533999999999999 2.0
vertex -52.40749999999999 5.429000000000002 2.0
endloop
endfacet
facet normal -0.0 0.0 1.0
outer loop
vertex -79.0825 -15.132000000000005 2.0
vertex -78.2915 -18.727999999999994 2.0
vertex -45.73749999999999 -3.0820000000000007 2.0
endloop
endfacet
facet normal -0.0 0.0 1.0
outer loop
vertex -79.51249999999999 -11.159999999999997 2.0
vertex -79.0825 -15.132000000000005 2.0
vertex -48.2255 -0.48799999999999955 2.0
endloop
endfacet
facet normal 0.0 -0.0 0.9999999999999999
outer loop
vertex -79.51249999999999 -11.159999999999997 2.0
vertex -50.45349999999999 2.3560000000000016 2.0
vertex -52.40749999999999 5.429000000000002 2.0
endloop
endfacet
facet normal -0.0 0.0 1.0
outer loop
vertex -68.55149999999999 -34.556 2.0
vertex -65.3655 -37.354 2.0
vertex -43.00749999999999 -5.411000000000001 2.0
endloop
endfacet
facet normal 0.0 -0.0 1.0
outer loop
vertex -53.14849999999999 -44.922 2.0
vertex -33.54449999999999 -10.638999999999996 2.0
vertex -36.89149999999999 -9.203000000000003 2.0
endloop
endfacet
facet normal 0.0 -0.0 1.0
outer loop
vertex -65.3655 -37.354 2.0
vertex -40.052499999999995 -7.456000000000003 2.0
vertex -43.00749999999999 -5.411000000000001 2.0
endloop
endfacet
facet normal 0.0 -0.0 1.0
outer loop
vertex -57.66749999999999 -42.548 2.0
vertex -36.89149999999999 -9.203000000000003 2.0
vertex -40.052499999999995 -7.456000000000003 2.0
endloop
endfacet
facet normal 0.0 -0.0 1.0
outer loop
vertex -71.3065 -31.637 2.0
vertex -43.00749999999999 -5.411000000000001 2.0
vertex -45.73749999999999 -3.0820000000000007 2.0
endloop
endfacet
facet normal 0.0 -0.0 0.9999999999999999
outer loop
vertex -79.0825 -15.132000000000005 2.0
vertex -45.73749999999999 -3.0820000000000007 2.0
vertex -48.2255 -0.48799999999999955 2.0
endloop
endfacet
facet normal 0.0 -0.0 1.0
outer loop
vertex -79.51249999999999 -11.159999999999997 2.0
vertex -48.2255 -0.48799999999999955 2.0
vertex -50.45349999999999 2.3560000000000016 2.0
endloop
endfacet
facet normal -0.2930506320900452 -0.9560969234505594 0.0
outer loop
vertex -35.70949999999999 -51.57000000000001 2.0
vertex -40.058499999999995 -50.236999999999995 2.0
vertex -35.70949999999999 -51.57000000000001 0.0
endloop
endfacet
facet normal -0.2521542631933241 -0.967687050421484 0.0
outer loop
vertex -31.146499999999993 -52.759 2.0
vertex -35.70949999999999 -51.57000000000001 2.0
vertex -31.146499999999993 -52.759 0.0
endloop
endfacet
facet normal -0.21210601360750703 -0.9772466623076959 0.0
outer loop
vertex -26.382499999999993 -53.793000000000006 2.0
vertex -31.146499999999993 -52.759 2.0
vertex -26.382499999999993 -53.793000000000006 0.0
endloop
endfacet
facet normal -0.17259279674565753 -0.9849932621655398 0.0
outer loop
vertex -21.434499999999993 -54.66 2.0
vertex -26.382499999999993 -53.793000000000006 2.0
vertex -21.434499999999993 -54.66 0.0
endloop
endfacet
facet normal -0.13322912495962003 -0.9910852638711232 0.0
outer loop
vertex -16.316499999999994 -55.348 2.0
vertex -21.434499999999993 -54.66 2.0
vertex -16.316499999999994 -55.348 0.0
endloop
endfacet
facet normal -0.09422983394338064 -0.9955504700390648 0.0
outer loop
vertex -11.044499999999994 -55.84700000000001 2.0
vertex -16.316499999999994 -55.348 2.0
vertex -11.044499999999994 -55.84700000000001 0.0
endloop
endfacet
facet normal -0.055173638078388834 -0.9984767747229754 0.0
outer loop
vertex -5.6334999999999935 -56.146 2.0
vertex -11.044499999999994 -55.84700000000001 2.0
vertex -5.6334999999999935 -56.146 0.0
endloop
endfacet
facet normal -0.016074512446594174 -0.999870796678053 0.0
outer loop
vertex -0.09749999999999318 -56.235 2.0
vertex -5.6334999999999935 -56.146 2.0
vertex -0.09749999999999318 -56.235 0.0
endloop
endfacet
facet normal -0.0 0.0 0.9999999999999999
outer loop
vertex -44.174499999999995 -48.772000000000006 2.0
vertex -40.058499999999995 -50.236999999999995 2.0
vertex -30.034499999999994 -11.751000000000005 2.0
endloop
endfacet
facet normal -0.0 0.0 1.0
outer loop
vertex -35.70949999999999 -51.57000000000001 2.0
vertex -31.146499999999993 -52.759 2.0
vertex -26.939499999999992 -12.435000000000002 2.0
endloop
endfacet
facet normal -0.0 0.0 1.0
outer loop
vertex -40.058499999999995 -50.236999999999995 2.0
vertex -35.70949999999999 -51.57000000000001 2.0
vertex -26.939499999999992 -12.435000000000002 2.0
endloop
endfacet
facet normal -0.0 0.0 0.9999999999999999
outer loop
vertex -31.146499999999993 -52.759 2.0
vertex -26.382499999999993 -53.793000000000006 2.0
vertex -23.327499999999993 -12.909000000000006 2.0
endloop
endfacet
facet normal -0.0 0.0 0.9999999999999999
outer loop
vertex -26.382499999999993 -53.793000000000006 2.0
vertex -21.434499999999993 -54.66 2.0
vertex -19.504499999999993 -13.557000000000002 2.0
endloop
endfacet
facet normal -0.0 0.0 1.0
outer loop
vertex -21.434499999999993 -54.66 2.0
vertex -16.316499999999994 -55.348 2.0
vertex -16.048499999999994 -13.89 2.0
endloop
endfacet
facet normal -0.0 -0.0 1.0
outer loop
vertex -16.316499999999994 -55.348 2.0
vertex -11.044499999999994 -55.84700000000001 2.0
vertex -12.239499999999992 -13.980999999999995 2.0
endloop
endfacet
facet normal -0.0 -0.0 1.0
outer loop
vertex -11.044499999999994 -55.84700000000001 2.0
vertex -5.6334999999999935 -56.146 2.0
vertex -8.510499999999993 -13.786000000000001 2.0
endloop
endfacet
facet normal -0.0 -0.0 1.0
outer loop
vertex -5.6334999999999935 -56.146 2.0
vertex -0.09749999999999318 -56.235 2.0
vertex -4.902499999999993 -13.314999999999998 2.0
endloop
endfacet
facet normal 0.48371402004200564 0.875226111821855 0.0
outer loop
vertex -40.052499999999995 -7.456000000000003 2.0
vertex -36.89149999999999 -9.203000000000003 2.0
vertex -40.052499999999995 -7.456000000000003 0.0
endloop
endfacet
facet normal 0.3942837841153686 0.9189887363747533 0.0
outer loop
vertex -36.89149999999999 -9.203000000000003 2.0
vertex -33.54449999999999 -10.638999999999996 2.0
vertex -36.89149999999999 -9.203000000000003 0.0
endloop
endfacet
facet normal 0.30201512387666873 0.9533031338193327 0.0
outer loop
vertex -33.54449999999999 -10.638999999999996 2.0
vertex -30.034499999999994 -11.751000000000005 2.0
vertex -33.54449999999999 -10.638999999999996 0.0
endloop
endfacet
facet normal 0.215794550203676 0.9764387907607898 0.0
outer loop
vertex -30.034499999999994 -11.751000000000005 2.0
vertex -26.939499999999992 -12.435000000000002 2.0
vertex -30.034499999999994 -11.751000000000005 0.0
endloop
endfacet
facet normal 0.13011366717222608 0.9914990840212589 0.0
outer loop
vertex -26.939499999999992 -12.435000000000002 2.0
vertex -23.327499999999993 -12.909000000000006 2.0
vertex -26.939499999999992 -12.435000000000002 0.0
endloop
endfacet
facet normal 0.16711672821634907 0.9859371172393616 0.0
outer loop
vertex -23.327499999999993 -12.909000000000006 2.0
vertex -19.504499999999993 -13.557000000000002 2.0
vertex -23.327499999999993 -12.909000000000006 0.0
endloop
endfacet
facet normal 0.09590997514739177 0.995390012340503 0.0
outer loop
vertex -19.504499999999993 -13.557000000000002 2.0
vertex -16.048499999999994 -13.89 2.0
vertex -19.504499999999993 -13.557000000000002 0.0
endloop
endfacet
facet normal 0.023883969833226062 0.9997147373051002 0.0
outer loop
vertex -16.048499999999994 -13.89 2.0
vertex -12.239499999999992 -13.980999999999995 2.0
vertex -16.048499999999994 -13.89 0.0
endloop
endfacet
facet normal -0.05222148774659952 0.9986355272157763 0.0
outer loop
vertex -12.239499999999992 -13.980999999999995 2.0
vertex -8.510499999999993 -13.786000000000001 2.0
vertex -12.239499999999992 -13.980999999999995 0.0
endloop
endfacet
facet normal -0.12944492647073724 0.9915866129647908 0.0
outer loop
vertex -8.510499999999993 -13.786000000000001 2.0
vertex -4.902499999999993 -13.314999999999998 2.0
vertex -8.510499999999993 -13.786000000000001 0.0
endloop
endfacet
facet normal -0.20723402204804328 0.9782913983603204 0.0
outer loop
vertex -4.902499999999993 -13.314999999999998 2.0
vertex -1.4374999999999931 -12.581000000000003 2.0
vertex -4.902499999999993 -13.314999999999998 0.0
endloop
endfacet
facet normal -0.28633736098090856 0.95812886174381 0.0
outer loop
vertex -1.4374999999999931 -12.581000000000003 2.0
vertex 1.8685000000000067 -11.593000000000004 2.0
vertex -1.4374999999999931 -12.581000000000003 0.0
endloop
endfacet
facet normal 0.0 -0.0 1.0
outer loop
vertex -44.174499999999995 -48.772000000000006 2.0
vertex -30.034499999999994 -11.751000000000005 2.0
vertex -33.54449999999999 -10.638999999999996 2.0
endloop
endfacet
facet normal 0.0 -0.0 1.0
outer loop
vertex -40.058499999999995 -50.236999999999995 2.0
vertex -26.939499999999992 -12.435000000000002 2.0
vertex -30.034499999999994 -11.751000000000005 2.0
endloop
endfacet
facet normal 0.0 -0.0 1.0
outer loop
vertex -31.146499999999993 -52.759 2.0
vertex -23.327499999999993 -12.909000000000006 2.0
vertex -26.939499999999992 -12.435000000000002 2.0
endloop
endfacet
facet normal 0.0 -0.0 1.0
outer loop
vertex -26.382499999999993 -53.793000000000006 2.0
vertex -19.504499999999993 -13.557000000000002 2.0
vertex -23.327499999999993 -12.909000000000006 2.0
endloop
endfacet
facet normal 0.0 -0.0 1.0
outer loop
vertex -21.434499999999993 -54.66 2.0
vertex -16.048499999999994 -13.89 2.0
vertex -19.504499999999993 -13.557000000000002 2.0
endloop
endfacet
facet normal 0.0 -0.0 0.9999999999999999
outer loop
vertex -16.316499999999994 -55.348 2.0
vertex -12.239499999999992 -13.980999999999995 2.0
vertex -16.048499999999994 -13.89 2.0
endloop
endfacet
facet normal 0.0 -0.0 1.0
outer loop
vertex -11.044499999999994 -55.84700000000001 2.0
vertex -8.510499999999993 -13.786000000000001 2.0
vertex -12.239499999999992 -13.980999999999995 2.0
endloop
endfacet
facet normal 0.0 -0.0 1.0
outer loop
vertex -5.6334999999999935 -56.146 2.0
vertex -4.902499999999993 -13.314999999999998 2.0
vertex -8.510499999999993 -13.786000000000001 2.0
endloop
endfacet
facet normal 0.0 0.0 1.0
outer loop
vertex -0.09749999999999318 -56.235 2.0
vertex -1.4374999999999931 -12.581000000000003 2.0
vertex -4.902499999999993 -13.314999999999998 2.0
endloop
endfacet
facet normal 0.0 -0.0 -0.9999999999999999
outer loop
vertex -79.59249999999999 -0.4380000000000024 0.0
vertex -52.40749999999999 5.429000000000002 0.0
vertex -79.7605 -2.3980000000000032 0.0
endloop
endfacet
facet normal 0.0 -0.0 -0.9999999999999999
outer loop
vertex -79.32749999999999 1.436 0.0
vertex -52.40749999999999 5.429000000000002 0.0
vertex -79.59249999999999 -0.4380000000000024 0.0
endloop
endfacet
facet normal 0.0 -0.0 -1.0
outer loop
vertex -78.96549999999999 3.2149999999999963 0.0
vertex -52.40749999999999 5.429000000000002 0.0
vertex -79.32749999999999 1.436 0.0
endloop
endfacet
facet normal 0.0 -0.0 -1.0
outer loop
vertex -78.5045 4.902000000000001 0.0
vertex -52.40749999999999 5.429000000000002 0.0
vertex -78.96549999999999 3.2149999999999963 0.0
endloop
endfacet
facet normal -0.0 0.0 -1.0
outer loop
vertex -72.5075 10.186 0.0
vertex -78.5045 4.902000000000001 0.0
vertex -77.94449999999999 6.495999999999995 0.0
endloop
endfacet
facet normal -0.0 0.0 -1.0
outer loop
vertex -74.59649999999999 9.829 0.0
vertex -77.94449999999999 6.495999999999995 0.0
vertex -77.2825 8.003999999999998 0.0
endloop
endfacet
facet normal -0.0 0.0 -1.0
outer loop
vertex -74.59649999999999 9.829 0.0
vertex -77.2825 8.003999999999998 0.0
vertex -76.5945 9.280999999999999 0.0
endloop
endfacet
facet normal -0.0 0.0 -1.0
outer loop
vertex -72.5075 10.186 0.0
vertex -77.94449999999999 6.495999999999995 0.0
vertex -74.59649999999999 9.829 0.0
endloop
endfacet
facet normal -0.0 0.0 -1.0
outer loop
vertex -70.2605 10.399999999999999 0.0
vertex -78.5045 4.902000000000001 0.0
vertex -72.5075 10.186 0.0
endloop
endfacet
facet normal -0.0 0.0 -1.0
outer loop
vertex -67.8925 10.475999999999999 0.0
vertex -78.5045 4.902000000000001 0.0
vertex -70.2605 10.399999999999999 0.0
endloop
endfacet
facet normal -0.0 0.0 -1.0
outer loop
vertex -65.44449999999999 10.423000000000002 0.0
vertex -78.5045 4.902000000000001 0.0
vertex -67.8925 10.475999999999999 0.0
endloop
endfacet
facet normal 0.0 -0.0 -1.0
outer loop
vertex -65.44449999999999 10.423000000000002 0.0
vertex -52.40749999999999 5.429000000000002 0.0
vertex -78.5045 4.902000000000001 0.0
endloop
endfacet
facet normal 0.0 0.0 -1.0
outer loop
vertex -65.44449999999999 10.423000000000002 0.0
vertex -60.473499999999994 9.994 0.0
vertex -52.40749999999999 5.429000000000002 0.0
endloop
endfacet
facet normal 0.0 0.0 -1.0
outer loop
vertex -52.40749999999999 5.429000000000002 0.0
vertex -60.473499999999994 9.994 0.0
vertex -55.497499999999995 9.229 0.0
endloop
endfacet
facet normal 0.0 0.0 -0.9999999999999999
outer loop
vertex -52.40749999999999 5.429000000000002 0.0
vertex -55.497499999999995 9.229 0.0
vertex -54.17649999999999 8.960999999999999 0.0
endloop
endfacet
facet normal -0.9901492733349759 0.14001577237661092 0.0
outer loop
vertex -79.32749999999999 1.436 2.0
vertex -79.32749999999999 1.436 0.0
vertex -79.59249999999999 -0.4380000000000024 0.0
endloop
endfacet
facet normal -0.9799184239523162 0.19939880240063748 0.0
outer loop
vertex -78.96549999999999 3.2149999999999963 2.0
vertex -78.96549999999999 3.2149999999999963 0.0
vertex -79.32749999999999 1.436 0.0
endloop
endfacet
facet normal -0.9646317453654337 0.26360120605421594 0.0
outer loop
vertex -78.5045 4.902000000000001 2.0
vertex -78.5045 4.902000000000001 0.0
vertex -78.96549999999999 3.2149999999999963 0.0
endloop
endfacet
facet normal -0.9434701451374322 0.3314575164849223 0.0
outer loop
vertex -77.94449999999999 6.495999999999995 2.0
vertex -77.94449999999999 6.495999999999995 0.0
vertex -78.5045 4.902000000000001 0.0
endloop
endfacet
facet normal -0.9156549321669147 0.4019652288424994 0.0
outer loop
vertex -77.2825 8.003999999999998 2.0
vertex -77.2825 8.003999999999998 0.0
vertex -77.94449999999999 6.495999999999995 0.0
endloop
endfacet
facet normal -0.8803603928700109 0.47430536436536347 0.0
outer loop
vertex -76.5945 9.280999999999999 2.0
vertex -76.5945 9.280999999999999 0.0
vertex -77.2825 8.003999999999998 0.0
endloop
endfacet
facet normal -0.26450575130939924 0.9643841078762394 0.0
outer loop
vertex -74.59649999999999 9.829 2.0
vertex -74.59649999999999 9.829 0.0
vertex -76.5945 9.280999999999999 0.0
endloop
endfacet
facet normal -0.16845301916869967 0.9857096835949974 0.0
outer loop
vertex -72.5075 10.186 2.0
vertex -72.5075 10.186 0.0
vertex -74.59649999999999 9.829 0.0
endloop
endfacet
facet normal -0.09480909262799485 0.9954954725939522 0.0
outer loop
vertex -70.2605 10.399999999999999 2.0
vertex -70.2605 10.399999999999999 0.0
vertex -72.5075 10.186 0.0
endloop
endfacet
facet normal -0.0320780776264074 0.9994853660438427 0.0
outer loop
vertex -67.8925 10.475999999999999 2.0
vertex -67.8925 10.475999999999999 0.0
vertex -70.2605 10.399999999999999 0.0
endloop
endfacet
facet normal 0.021645254429686386 0.9997657140353805 0.0
outer loop
vertex -65.44449999999999 10.423000000000002 2.0
vertex -65.44449999999999 10.423000000000002 0.0
vertex -67.8925 10.475999999999999 0.0
endloop
endfacet
facet normal 0.08598095333194206 0.9962967809162742 0.0
outer loop
vertex -60.473499999999994 9.994 2.0
vertex -60.473499999999994 9.994 0.0
vertex -65.44449999999999 10.423000000000002 0.0
endloop
endfacet
facet normal 0.8438536554465295 0.5365733949699053 0.0
outer loop
vertex -50.45349999999999 2.3560000000000016 2.0
vertex -50.45349999999999 2.3560000000000016 0.0
vertex -52.40749999999999 5.429000000000002 0.0
endloop
endfacet
facet normal 0.8941232055330919 0.44782105056286514 0.0
outer loop
vertex -52.40749999999999 5.429000000000002 2.0
vertex -52.40749999999999 5.429000000000002 0.0
vertex -54.17649999999999 8.960999999999999 0.0
endloop
endfacet
facet normal 0.1519527012114975 0.9883877663116482 0.0
outer loop
vertex -55.497499999999995 9.229 2.0
vertex -55.497499999999995 9.229 0.0
vertex -60.473499999999994 9.994 0.0
endloop
endfacet
facet normal 0.19882613240856922 0.9800347795213443 0.0
outer loop
vertex -54.17649999999999 8.960999999999999 2.0
vertex -54.17649999999999 8.960999999999999 0.0
vertex -55.497499999999995 9.229 0.0
endloop
endfacet
facet normal 0.7872011786850046 0.6166962820359301 0.0
outer loop
vertex -48.2255 -0.48799999999999955 2.0
vertex -48.2255 -0.48799999999999955 0.0
vertex -50.45349999999999 2.3560000000000016 0.0
endloop
endfacet
facet normal 0.0 0.0 -1.0
outer loop
vertex -26.571499999999993 42.693 0.0
vertex -28.49449999999999 38.403999999999996 0.0
vertex -32.76049999999999 38.399 0.0
endloop
endfacet
facet normal 0.0 -0.0 -1.0
outer loop
vertex -26.571499999999993 42.693 0.0
vertex -21.816499999999994 38.727000000000004 0.0
vertex -28.49449999999999 38.403999999999996 0.0
endloop
endfacet
facet normal -0.0 0.0 -1.0
outer loop
vertex -19.322499999999994 45.629 0.0
vertex -21.816499999999994 38.727000000000004 0.0
vertex -26.571499999999993 42.693 0.0
endloop
endfacet
facet normal 0.0 -0.0 -1.0
outer loop
vertex -19.322499999999994 45.629 0.0
vertex -14.745499999999993 39.376999999999995 0.0
vertex -21.816499999999994 38.727000000000004 0.0
endloop
endfacet
facet normal 0.0 -0.0 -1.0
outer loop
vertex -12.578499999999993 46.619 0.0
vertex -11.092499999999994 39.82599999999999 0.0
vertex -14.745499999999993 39.376999999999995 0.0
endloop
endfacet
facet normal 0.0 -0.0 -1.0
outer loop
vertex -12.578499999999993 46.619 0.0
vertex -10.149499999999993 39.87 0.0
vertex -11.092499999999994 39.82599999999999 0.0
endloop
endfacet
facet normal -0.0 0.0 -1.0
outer loop
vertex -5.660499999999993 45.991 0.0
vertex -7.721499999999994 39.783 0.0
vertex -10.149499999999993 39.87 0.0
endloop
endfacet
facet normal -0.0 -0.0 -0.9999999999999999
outer loop
vertex -5.660499999999993 45.991 0.0
vertex -5.272499999999993 39.543 0.0
vertex -7.721499999999994 39.783 0.0
endloop
endfacet
facet normal -0.0 -0.0 -1.0
outer loop
vertex -5.660499999999993 45.991 0.0
vertex -2.807499999999993 39.144 0.0
vertex -5.272499999999993 39.543 0.0
endloop
endfacet
facet normal -0.0 0.0 -1.0
outer loop
vertex 1.1175000000000068 43.846999999999994 0.0
vertex -0.3374999999999932 38.581 0.0
vertex -2.807499999999993 39.144 0.0
endloop
endfacet
facet normal -0.0 0.0 -0.9999999999999999
outer loop
vertex -12.578499999999993 46.619 0.0
vertex -14.745499999999993 39.376999999999995 0.0
vertex -19.322499999999994 45.629 0.0
endloop
endfacet
facet normal -0.0 0.0 -1.0
outer loop
vertex -5.660499999999993 45.991 0.0
vertex -10.149499999999993 39.87 0.0
vertex -12.578499999999993 46.619 0.0
endloop
endfacet
facet normal -0.0 0.0 -1.0
outer loop
vertex 1.1175000000000068 43.846999999999994 0.0
vertex -2.807499999999993 39.144 0.0
vertex -5.660499999999993 45.991 0.0
endloop
endfacet
facet normal 0.0011720573290432054 -0.9999993131405729 0.0
outer loop
vertex -32.76049999999999 38.399 2.0
vertex -32.76049999999999 38.399 0.0
vertex -28.49449999999999 38.403999999999996 0.0
endloop
endfacet
facet normal 0.04831129706519836 -0.9988323275584737 0.0
outer loop
vertex -28.49449999999999 38.403999999999996 2.0
vertex -28.49449999999999 38.403999999999996 0.0
vertex -21.816499999999994 38.727000000000004 0.0
endloop
endfacet
facet normal -0.570044972224074 0.8216134916382852 0.0
outer loop
vertex -26.571499999999993 42.693 2.0
vertex -26.571499999999993 42.693 0.0
vertex -32.76049999999999 38.399 0.0
endloop
endfacet
facet normal -0.37539939343192946 0.9268631481566949 0.0
outer loop
vertex -19.322499999999994 45.629 2.0
vertex -19.322499999999994 45.629 0.0
vertex -26.571499999999993 42.693 0.0
endloop
endfacet
facet normal 0.0915388178036429 -0.995801508753181 0.0
outer loop
vertex -21.816499999999994 38.727000000000004 2.0
vertex -21.816499999999994 38.727000000000004 0.0
vertex -14.745499999999993 39.376999999999995 0.0
endloop
endfacet
facet normal 0.12199461058605834 -0.992530762741365 0.0
outer loop
vertex -14.745499999999993 39.376999999999995 2.0
vertex -14.745499999999993 39.376999999999995 0.0
vertex -11.092499999999994 39.82599999999999 0.0
endloop
endfacet
facet normal 0.046608888091090976 -0.9989132152248824 0.0
outer loop
vertex -11.092499999999994 39.82599999999999 2.0
vertex -11.092499999999994 39.82599999999999 0.0
vertex -10.149499999999993 39.87 0.0
endloop
endfacet
facet normal -0.035808979734562395 -0.9993586528220836 -0.0
outer loop
vertex -10.149499999999993 39.87 2.0
vertex -10.149499999999993 39.87 0.0
vertex -7.721499999999994 39.783 0.0
endloop
endfacet
facet normal -0.09753196176526462 -0.995232393179713 -0.0
outer loop
vertex -7.721499999999994 39.783 2.0
vertex -7.721499999999994 39.783 0.0
vertex -5.272499999999993 39.543 0.0
endloop
endfacet
facet normal -0.15978640689872034 -0.9871516115422173 -0.0
outer loop
vertex -5.272499999999993 39.543 2.0
vertex -5.272499999999993 39.543 0.0
vertex -2.807499999999993 39.144 0.0
endloop
endfacet
facet normal -0.22223526268609314 -0.9749930707542711 -0.0
outer loop
vertex -2.807499999999993 39.144 2.0
vertex -2.807499999999993 39.144 0.0
vertex -0.3374999999999932 38.581 0.0
endloop
endfacet
facet normal -0.14524057031184562 0.989396369881904 0.0
outer loop
vertex -12.578499999999993 46.619 2.0
vertex -12.578499999999993 46.619 0.0
vertex -19.322499999999994 45.629 0.0
endloop
endfacet
facet normal 0.09040594661364852 0.9959049978872936 0.0
outer loop
vertex -5.660499999999993 45.991 2.0
vertex -5.660499999999993 45.991 0.0
vertex -12.578499999999993 46.619 0.0
endloop
endfacet
facet normal 0.3015891196461251 0.9534379911200703 0.0
outer loop
vertex 1.1175000000000068 43.846999999999994 2.0
vertex 1.1175000000000068 43.846999999999994 0.0
vertex -5.660499999999993 45.991 0.0
endloop
endfacet
facet normal -0.9901492733349759 0.14001577237661092 0.0
outer loop
vertex -79.59249999999999 -0.4380000000000024 2.0
vertex -79.32749999999999 1.436 2.0
vertex -79.59249999999999 -0.4380000000000024 0.0
endloop
endfacet
facet normal -0.9799184239523162 0.19939880240063748 0.0
outer loop
vertex -79.32749999999999 1.436 2.0
vertex -78.96549999999999 3.2149999999999963 2.0
vertex -79.32749999999999 1.436 0.0
endloop
endfacet
facet normal -0.9646317453654337 0.26360120605421594 0.0
outer loop
vertex -78.96549999999999 3.2149999999999963 2.0
vertex -78.5045 4.902000000000001 2.0
vertex -78.96549999999999 3.2149999999999963 0.0
endloop
endfacet
facet normal -0.9434701451374322 0.3314575164849223 0.0
outer loop
vertex -78.5045 4.902000000000001 2.0
vertex -77.94449999999999 6.495999999999995 2.0
vertex -78.5045 4.902000000000001 0.0
endloop
endfacet
facet normal -0.9156549321669147 0.4019652288424994 0.0
outer loop
vertex -77.94449999999999 6.495999999999995 2.0
vertex -77.2825 8.003999999999998 2.0
vertex -77.94449999999999 6.495999999999995 0.0
endloop
endfacet
facet normal -0.8803603928700109 0.47430536436536347 0.0
outer loop
vertex -77.2825 8.003999999999998 2.0
vertex -76.5945 9.280999999999999 2.0
vertex -77.2825 8.003999999999998 0.0
endloop
endfacet
facet normal -0.26450575130939924 0.9643841078762394 0.0
outer loop
vertex -76.5945 9.280999999999999 2.0
vertex -74.59649999999999 9.829 2.0
vertex -76.5945 9.280999999999999 0.0
endloop
endfacet
facet normal -0.16845301916869967 0.9857096835949974 0.0
outer loop
vertex -74.59649999999999 9.829 2.0
vertex -72.5075 10.186 2.0
vertex -74.59649999999999 9.829 0.0
endloop
endfacet
facet normal -0.09480909262799485 0.9954954725939522 0.0
outer loop
vertex -72.5075 10.186 2.0
vertex -70.2605 10.399999999999999 2.0
vertex -72.5075 10.186 0.0
endloop
endfacet
facet normal -0.0320780776264074 0.9994853660438427 0.0
outer loop
vertex -70.2605 10.399999999999999 2.0
vertex -67.8925 10.475999999999999 2.0
vertex -70.2605 10.399999999999999 0.0
endloop
endfacet
facet normal 0.021645254429686386 0.9997657140353805 0.0
outer loop
vertex -67.8925 10.475999999999999 2.0
vertex -65.44449999999999 10.423000000000002 2.0
vertex -67.8925 10.475999999999999 0.0
endloop
endfacet
facet normal 0.08598095333194206 0.9962967809162742 0.0
outer loop
vertex -65.44449999999999 10.423000000000002 2.0
vertex -60.473499999999994 9.994 2.0
vertex -65.44449999999999 10.423000000000002 0.0
endloop
endfacet
facet normal 0.8438536554465295 0.5365733949699053 0.0
outer loop
vertex -52.40749999999999 5.429000000000002 2.0
vertex -50.45349999999999 2.3560000000000016 2.0
vertex -52.40749999999999 5.429000000000002 0.0
endloop
endfacet
facet normal 0.1519527012114975 0.9883877663116482 0.0
outer loop
vertex -60.473499999999994 9.994 2.0
vertex -55.497499999999995 9.229 2.0
vertex -60.473499999999994 9.994 0.0
endloop
endfacet
facet normal 0.19882613240856922 0.9800347795213443 0.0
outer loop
vertex -55.497499999999995 9.229 2.0
vertex -54.17649999999999 8.960999999999999 2.0
vertex -55.497499999999995 9.229 0.0
endloop
endfacet
facet normal 0.8941232055330919 0.44782105056286514 0.0
outer loop
vertex -54.17649999999999 8.960999999999999 2.0
vertex -52.40749999999999 5.429000000000002 2.0
vertex -54.17649999999999 8.960999999999999 0.0
endloop
endfacet
facet normal 0.7872011786850046 0.6166962820359301 0.0
outer loop
vertex -50.45349999999999 2.3560000000000016 2.0
vertex -48.2255 -0.48799999999999955 2.0
vertex -50.45349999999999 2.3560000000000016 0.0
endloop
endfacet
facet normal -0.0 0.0 1.0
outer loop
vertex -79.59249999999999 -0.4380000000000024 2.0
vertex -79.7605 -2.3980000000000032 2.0
vertex -52.40749999999999 5.429000000000002 2.0
endloop
endfacet
facet normal -0.0 0.0 1.0
outer loop
vertex -79.32749999999999 1.436 2.0
vertex -79.59249999999999 -0.4380000000000024 2.0
vertex -52.40749999999999 5.429000000000002 2.0
endloop
endfacet
facet normal -0.0 0.0 1.0
outer loop
vertex -78.96549999999999 3.2149999999999963 2.0
vertex -79.32749999999999 1.436 2.0
vertex -52.40749999999999 5.429000000000002 2.0
endloop
endfacet
facet normal -0.0 0.0 1.0
outer loop
vertex -78.5045 4.902000000000001 2.0
vertex -78.96549999999999 3.2149999999999963 2.0
vertex -52.40749999999999 5.429000000000002 2.0
endloop
endfacet
facet normal 0.0 0.0 0.9999999999999999
outer loop
vertex -72.5075 10.186 2.0
vertex -77.94449999999999 6.495999999999995 2.0
vertex -78.5045 4.902000000000001 2.0
endloop
endfacet
facet normal 0.0 0.0 1.0
outer loop
vertex -74.59649999999999 9.829 2.0
vertex -77.2825 8.003999999999998 2.0
vertex -77.94449999999999 6.495999999999995 2.0
endloop
endfacet
facet normal 0.0 0.0 1.0
outer loop
vertex -74.59649999999999 9.829 2.0
vertex -76.5945 9.280999999999999 2.0
vertex -77.2825 8.003999999999998 2.0
endloop
endfacet
facet normal 0.0 0.0 1.0
outer loop
vertex -72.5075 10.186 2.0
vertex -74.59649999999999 9.829 2.0
vertex -77.94449999999999 6.495999999999995 2.0
endloop
endfacet
facet normal 0.0 0.0 1.0
outer loop
vertex -70.2605 10.399999999999999 2.0
vertex -72.5075 10.186 2.0
vertex -78.5045 4.902000000000001 2.0
endloop
endfacet
facet normal 0.0 0.0 1.0
outer loop
vertex -67.8925 10.475999999999999 2.0
vertex -70.2605 10.399999999999999 2.0
vertex -78.5045 4.902000000000001 2.0
endloop
endfacet
facet normal 0.0 0.0 1.0
outer loop
vertex -65.44449999999999 10.423000000000002 2.0
vertex -67.8925 10.475999999999999 2.0
vertex -78.5045 4.902000000000001 2.0
endloop
endfacet
facet normal -0.0 0.0 1.0
outer loop
vertex -65.44449999999999 10.423000000000002 2.0
vertex -78.5045 4.902000000000001 2.0
vertex -52.40749999999999 5.429000000000002 2.0
endloop
endfacet
facet normal -0.0 -0.0 1.0
outer loop
vertex -65.44449999999999 10.423000000000002 2.0
vertex -52.40749999999999 5.429000000000002 2.0
vertex -60.473499999999994 9.994 2.0
endloop
endfacet
facet normal 0.0 0.0 1.0
outer loop
vertex -52.40749999999999 5.429000000000002 2.0
vertex -55.497499999999995 9.229 2.0
vertex -60.473499999999994 9.994 2.0
endloop
endfacet
facet normal 0.0 0.0 0.9999999999999999
outer loop
vertex -52.40749999999999 5.429000000000002 2.0
vertex -54.17649999999999 8.960999999999999 2.0
vertex -55.497499999999995 9.229 2.0
endloop
endfacet
facet normal -0.570044972224074 0.8216134916382852 0.0
outer loop
vertex -32.76049999999999 38.399 2.0
vertex -26.571499999999993 42.693 2.0
vertex -32.76049999999999 38.399 0.0
endloop
endfacet
facet normal 0.0011720573290432054 -0.9999993131405729 0.0
outer loop
vertex -28.49449999999999 38.403999999999996 2.0
vertex -32.76049999999999 38.399 2.0
vertex -28.49449999999999 38.403999999999996 0.0
endloop
endfacet
facet normal 0.04831129706519836 -0.9988323275584737 0.0
outer loop
vertex -21.816499999999994 38.727000000000004 2.0
vertex -28.49449999999999 38.403999999999996 2.0
vertex -21.816499999999994 38.727000000000004 0.0
endloop
endfacet
facet normal -0.37539939343192946 0.9268631481566949 0.0
outer loop
vertex -26.571499999999993 42.693 2.0
vertex -19.322499999999994 45.629 2.0
vertex -26.571499999999993 42.693 0.0
endloop
endfacet
facet normal 0.0915388178036429 -0.995801508753181 0.0
outer loop
vertex -14.745499999999993 39.376999999999995 2.0
vertex -21.816499999999994 38.727000000000004 2.0
vertex -14.745499999999993 39.376999999999995 0.0
endloop
endfacet
facet normal 0.12199461058605834 -0.992530762741365 0.0
outer loop
vertex -11.092499999999994 39.82599999999999 2.0
vertex -14.745499999999993 39.376999999999995 2.0
vertex -11.092499999999994 39.82599999999999 0.0
endloop
endfacet
facet normal 0.046608888091090976 -0.9989132152248824 0.0
outer loop
vertex -10.149499999999993 39.87 2.0
vertex -11.092499999999994 39.82599999999999 2.0
vertex -10.149499999999993 39.87 0.0
endloop
endfacet
facet normal -0.035808979734562395 -0.9993586528220836 0.0
outer loop
vertex -7.721499999999994 39.783 2.0
vertex -10.149499999999993 39.87 2.0
vertex -7.721499999999994 39.783 0.0
endloop
endfacet
facet normal -0.09753196176526462 -0.995232393179713 0.0
outer loop
vertex -5.272499999999993 39.543 2.0
vertex -7.721499999999994 39.783 2.0
vertex -5.272499999999993 39.543 0.0
endloop
endfacet
facet normal -0.15978640689872034 -0.9871516115422173 0.0
outer loop
vertex -2.807499999999993 39.144 2.0
vertex -5.272499999999993 39.543 2.0
vertex -2.807499999999993 39.144 0.0
endloop
endfacet
facet normal -0.22223526268609314 -0.9749930707542711 0.0
outer loop
vertex -0.3374999999999932 38.581 2.0
vertex -2.807499999999993 39.144 2.0
vertex -0.3374999999999932 38.581 0.0
endloop
endfacet
facet normal -0.14524057031184562 0.989396369881904 0.0
outer loop
vertex -19.322499999999994 45.629 2.0
vertex -12.578499999999993 46.619 2.0
vertex -19.322499999999994 45.629 0.0
endloop
endfacet
facet normal 0.09040594661364852 0.9959049978872936 0.0
outer loop
vertex -12.578499999999993 46.619 2.0
vertex -5.660499999999993 45.991 2.0
vertex -12.578499999999993 46.619 0.0
endloop
endfacet
facet normal 0.3015891196461251 0.9534379911200703 0.0
outer loop
vertex -5.660499999999993 45.991 2.0
vertex 1.1175000000000068 43.846999999999994 2.0
vertex -5.660499999999993 45.991 0.0
endloop
endfacet
facet normal -0.0 0.0 1.0
outer loop
vertex -26.571499999999993 42.693 2.0
vertex -32.76049999999999 38.399 2.0
vertex -28.49449999999999 38.403999999999996 2.0
endloop
endfacet
facet normal -0.0 0.0 0.9999999999999999
outer loop
vertex -26.571499999999993 42.693 2.0
vertex -28.49449999999999 38.403999999999996 2.0
vertex -21.816499999999994 38.727000000000004 2.0
endloop
endfacet
facet normal 0.0 0.0 1.0
outer loop
vertex -19.322499999999994 45.629 2.0
vertex -26.571499999999993 42.693 2.0
vertex -21.816499999999994 38.727000000000004 2.0
endloop
endfacet
facet normal -0.0 0.0 1.0
outer loop
vertex -19.322499999999994 45.629 2.0
vertex -21.816499999999994 38.727000000000004 2.0
vertex -14.745499999999993 39.376999999999995 2.0
endloop
endfacet
facet normal -0.0 0.0 1.0
outer loop
vertex -12.578499999999993 46.619 2.0
vertex -14.745499999999993 39.376999999999995 2.0
vertex -11.092499999999994 39.82599999999999 2.0
endloop
endfacet
facet normal -0.0 0.0 1.0
outer loop
vertex -12.578499999999993 46.619 2.0
vertex -11.092499999999994 39.82599999999999 2.0
vertex -10.149499999999993 39.87 2.0
endloop
endfacet
facet normal 0.0 0.0 1.0
outer loop
vertex -5.660499999999993 45.991 2.0
vertex -10.149499999999993 39.87 2.0
vertex -7.721499999999994 39.783 2.0
endloop
endfacet
facet normal 0.0 0.0 0.9999999999999999
outer loop
vertex -5.660499999999993 45.991 2.0
vertex -7.721499999999994 39.783 2.0
vertex -5.272499999999993 39.543 2.0
endloop
endfacet
facet normal 0.0 0.0 1.0
outer loop
vertex -5.660499999999993 45.991 2.0
vertex -5.272499999999993 39.543 2.0
vertex -2.807499999999993 39.144 2.0
endloop
endfacet
facet normal 0.0 0.0 1.0
outer loop
vertex 1.1175000000000068 43.846999999999994 2.0
vertex -2.807499999999993 39.144 2.0
vertex -0.3374999999999932 38.581 2.0
endloop
endfacet
facet normal 0.0 0.0 0.9999999999999999
outer loop
vertex -12.578499999999993 46.619 2.0
vertex -19.322499999999994 45.629 2.0
vertex -14.745499999999993 39.376999999999995 2.0
endloop
endfacet
facet normal 0.0 0.0 1.0
outer loop
vertex -5.660499999999993 45.991 2.0
vertex -12.578499999999993 46.619 2.0
vertex -10.149499999999993 39.87 2.0
endloop
endfacet
facet normal 0.0 0.0 1.0
outer loop
vertex 1.1175000000000068 43.846999999999994 2.0
vertex -5.660499999999993 45.991 2.0
vertex -2.807499999999993 39.144 2.0
endloop
endfacet
facet normal 0.0 0.0 -0.9999999999999999
outer loop
vertex -0.09749999999999318 -56.235 0.0
vertex -1.4374999999999931 -12.581000000000003 0.0
vertex 5.548500000000007 -56.102999999999994 0.0
endloop
endfacet
facet normal 0.0 0.0 -1.0
outer loop
vertex 5.548500000000007 -56.102999999999994 0.0
vertex 1.8685000000000067 -11.593000000000004 0.0
vertex 11.339500000000006 -55.736000000000004 0.0
endloop
endfacet
facet normal 0.0 0.0 -1.0
outer loop
vertex 11.339500000000006 -55.736000000000004 0.0
vertex 4.995500000000007 -10.36 0.0
vertex 15.799500000000007 -55.34400000000001 0.0
endloop
endfacet
facet normal 0.0 0.0 -1.0
outer loop
vertex 15.799500000000007 -55.34400000000001 0.0
vertex 4.995500000000007 -10.36 0.0
vertex 20.067500000000006 -54.666 0.0
endloop
endfacet
facet normal 0.0 0.0 -1.0
outer loop
vertex 20.067500000000006 -54.666 0.0
vertex 4.995500000000007 -10.36 0.0
vertex 24.275500000000008 -53.696 0.0
endloop
endfacet
facet normal 0.0 0.0 -0.9999999999999999
outer loop
vertex 24.275500000000008 -53.696 0.0
vertex 7.926500000000007 -8.887 0.0
vertex 28.410500000000006 -52.43900000000001 0.0
endloop
endfacet
facet normal 0.0 0.0 -1.0
outer loop
vertex 28.410500000000006 -52.43900000000001 0.0
vertex 7.926500000000007 -8.887 0.0
vertex 32.46150000000001 -50.900000000000006 0.0
endloop
endfacet
facet normal 0.0 0.0 -1.0
outer loop
vertex 32.46150000000001 -50.900000000000006 0.0
vertex 10.639500000000007 -7.176000000000002 0.0
vertex 36.41550000000001 -49.086 0.0
endloop
endfacet
facet normal 0.0 0.0 -1.0
outer loop
vertex 36.41550000000001 -49.086 0.0
vertex 10.639500000000007 -7.176000000000002 0.0
vertex 40.258500000000005 -47.001000000000005 0.0
endloop
endfacet
facet normal 0.0 0.0 -1.0
outer loop
vertex 40.258500000000005 -47.001000000000005 0.0
vertex 13.112500000000006 -5.224000000000004 0.0
vertex 43.978500000000004 -44.653000000000006 0.0
endloop
endfacet
facet normal 0.0 0.0 -1.0
outer loop
vertex 43.978500000000004 -44.653000000000006 0.0
vertex 13.112500000000006 -5.224000000000004 0.0
vertex 47.56150000000001 -42.04600000000001 0.0
endloop
endfacet
facet normal 0.0 0.0 -0.9999999999999999
outer loop
vertex 47.56150000000001 -42.04600000000001 0.0
vertex 15.122500000000008 -3.225999999999999 0.0
vertex 50.99550000000001 -39.187 0.0
endloop
endfacet
facet normal 0.023372996718739388 -0.9997268141969513 0.0
outer loop
vertex -0.09749999999999318 -56.235 2.0
vertex -0.09749999999999318 -56.235 0.0
vertex 5.548500000000007 -56.102999999999994 0.0
endloop
endfacet
facet normal 0.06324731885043687 -0.9979978840950672 0.0
outer loop
vertex 5.548500000000007 -56.102999999999994 2.0
vertex 5.548500000000007 -56.102999999999994 0.0
vertex 11.339500000000006 -55.736000000000004 0.0
endloop
endfacet
facet normal 0.08755484365137067 -0.9961597007273403 0.0
outer loop
vertex 11.339500000000006 -55.736000000000004 2.0
vertex 11.339500000000006 -55.736000000000004 0.0
vertex 15.799500000000007 -55.34400000000001 0.0
endloop
endfacet
facet normal 0.15688935654838493 -0.9876161854697572 0.0
outer loop
vertex 15.799500000000007 -55.34400000000001 2.0
vertex 15.799500000000007 -55.34400000000001 0.0
vertex 20.067500000000006 -54.666 0.0
endloop
endfacet
facet normal 0.2246227264228275 -0.9744458069971749 0.0
outer loop
vertex 20.067500000000006 -54.666 2.0
vertex 20.067500000000006 -54.666 0.0
vertex 24.275500000000008 -53.696 0.0
endloop
endfacet
facet normal 0.29084855247546076 -0.9567691046030538 0.0
outer loop
vertex 24.275500000000008 -53.696 2.0
vertex 24.275500000000008 -53.696 0.0
vertex 28.410500000000006 -52.43900000000001 0.0
endloop
endfacet
facet normal 0.35514113485041404 -0.9348126947881914 0.0
outer loop
vertex 28.410500000000006 -52.43900000000001 2.0
vertex 28.410500000000006 -52.43900000000001 0.0
vertex 32.46150000000001 -50.900000000000006 0.0
endloop
endfacet
facet normal 0.4169871225112806 -0.90891239383109 0.0
outer loop
vertex 32.46150000000001 -50.900000000000006 2.0
vertex 32.46150000000001 -50.900000000000006 0.0
vertex 36.41550000000001 -49.086 0.0
endloop
endfacet
facet normal 0.4768798581962645 -0.8789684868336921 0.0
outer loop
vertex 36.41550000000001 -49.086 2.0
vertex 36.41550000000001 -49.086 0.0
vertex 40.258500000000005 -47.001000000000005 0.0
endloop
endfacet
facet normal 0.0 0.0 -0.9999999999999999
outer loop
vertex 5.548500000000007 -56.102999999999994 0.0
vertex -1.4374999999999931 -12.581000000000003 0.0
vertex 1.8685000000000067 -11.593000000000004 0.0
endloop
endfacet
facet normal 0.0 0.0 -1.0
outer loop
vertex 11.339500000000006 -55.736000000000004 0.0
vertex 1.8685000000000067 -11.593000000000004 0.0
vertex 4.995500000000007 -10.36 0.0
endloop
endfacet
facet normal 0.0 0.0 -1.0
outer loop
vertex 24.275500000000008 -53.696 0.0
vertex 4.995500000000007 -10.36 0.0
vertex 7.926500000000007 -8.887 0.0
endloop
endfacet
facet normal 0.0 0.0 -0.9999999999999999
outer loop
vertex 32.46150000000001 -50.900000000000006 0.0
vertex 7.926500000000007 -8.887 0.0
vertex 10.639500000000007 -7.176000000000002 0.0
endloop
endfacet
facet normal 0.0 0.0 -1.0
outer loop
vertex 40.258500000000005 -47.001000000000005 0.0
vertex 10.639500000000007 -7.176000000000002 0.0
vertex 13.112500000000006 -5.224000000000004 0.0
endloop
endfacet
facet normal 0.0 0.0 -1.0
outer loop
vertex 47.56150000000001 -42.04600000000001 0.0
vertex 13.112500000000006 -5.224000000000004 0.0
vertex 15.122500000000008 -3.225999999999999 0.0
endloop
endfacet
facet normal 0.0 0.0 -1.0
outer loop
vertex 50.99550000000001 -39.187 0.0
vertex 15.122500000000008 -3.225999999999999 0.0
vertex 17.475500000000007 -1.1600000000000037 0.0
endloop
endfacet
facet normal 0.0 0.0 -1.0
outer loop
vertex 50.99550000000001 -39.187 0.0
vertex 17.475500000000007 -1.1600000000000037 0.0
vertex 19.202500000000008 0.6809999999999974 0.0
endloop
endfacet
facet normal 0.0 0.0 -1.0
outer loop
vertex 50.99550000000001 -39.187 0.0
vertex 19.202500000000008 0.6809999999999974 0.0
vertex 21.022500000000008 3.100999999999999 0.0
endloop
endfacet
facet normal 0.0 0.0 -1.0
outer loop
vertex 50.99550000000001 -39.187 0.0
vertex 21.022500000000008 3.100999999999999 0.0
vertex 22.485500000000005 5.726999999999997 0.0
endloop
endfacet
facet normal 0.0 0.0 -1.0
outer loop
vertex 50.99550000000001 -39.187 0.0
vertex 22.485500000000005 5.726999999999997 0.0
vertex 22.885500000000008 6.655000000000001 0.0
endloop
endfacet
facet normal 0.0 0.0 -1.0
outer loop
vertex 50.99550000000001 -39.187 0.0
vertex 22.885500000000008 6.655000000000001 0.0
vertex 23.530500000000007 8.558 0.0
endloop
endfacet
facet normal 0.0 0.0 -1.0
outer loop
vertex 50.99550000000001 -39.187 0.0
vertex 23.530500000000007 8.558 0.0
vertex 23.78150000000001 9.583999999999996 0.0
endloop
endfacet
facet normal 0.0 0.0 -1.0
outer loop
vertex 50.99550000000001 -39.187 0.0
vertex 23.78150000000001 9.583999999999996 0.0
vertex 24.080500000000008 11.509 0.0
endloop
endfacet
facet normal 0.0 0.0 -1.0
outer loop
vertex 50.99550000000001 -39.187 0.0
vertex 24.080500000000008 11.509 0.0
vertex 24.149500000000007 12.577999999999996 0.0
endloop
endfacet
facet normal 0.0 0.0 -1.0
outer loop
vertex 50.99550000000001 -39.187 0.0
vertex 24.149500000000007 12.577999999999996 0.0
vertex 24.107500000000005 14.490000000000002 0.0
endloop
endfacet
facet normal 0.0 0.0 -1.0
outer loop
vertex 50.99550000000001 -39.187 0.0
vertex 24.107500000000005 14.490000000000002 0.0
vertex 23.992500000000007 15.543 0.0
endloop
endfacet
facet normal 0.0 0.0 -1.0
outer loop
vertex 50.99550000000001 -39.187 0.0
vertex 23.992500000000007 15.543 0.0
vertex 23.617500000000007 17.445 0.0
endloop
endfacet
facet normal -0.28633736098090856 0.95812886174381 0.0
outer loop
vertex 1.8685000000000067 -11.593000000000004 2.0
vertex 1.8685000000000067 -11.593000000000004 0.0
vertex -1.4374999999999931 -12.581000000000003 0.0
endloop
endfacet
facet normal -0.36682105669357584 0.9302915200979789 0.0
outer loop
vertex 4.995500000000007 -10.36 2.0
vertex 4.995500000000007 -10.36 0.0
vertex 1.8685000000000067 -11.593000000000004 0.0
endloop
endfacet
facet normal -0.4490417510185369 0.8935107754482909 0.0
outer loop
vertex 7.926500000000007 -8.887 2.0
vertex 7.926500000000007 -8.887 0.0
vertex 4.995500000000007 -10.36 0.0
endloop
endfacet
facet normal -0.5334415665261699 0.8458369199213912 0.0
outer loop
vertex 10.639500000000007 -7.176000000000002 2.0
vertex 10.639500000000007 -7.176000000000002 0.0
vertex 7.926500000000007 -8.887 0.0
endloop
endfacet
facet normal -0.6195722472191921 0.7849396349247248 0.0
outer loop
vertex 13.112500000000006 -5.224000000000004 2.0
vertex 13.112500000000006 -5.224000000000004 0.0
vertex 10.639500000000007 -7.176000000000002 0.0
endloop
endfacet
facet normal -0.7049865352347929 0.7092206885995654 0.0
outer loop
vertex 15.122500000000008 -3.225999999999999 2.0
vertex 15.122500000000008 -3.225999999999999 0.0
vertex 13.112500000000006 -5.224000000000004 0.0
endloop
endfacet
facet normal -0.6597923766276179 0.7514479487922499 0.0
outer loop
vertex 17.475500000000007 -1.1600000000000037 2.0
vertex 17.475500000000007 -1.1600000000000037 0.0
vertex 15.122500000000008 -3.225999999999999 0.0
endloop
endfacet
facet normal 0.5337534934737268 -0.8456401174285622 0.0
outer loop
vertex 40.258500000000005 -47.001000000000005 2.0
vertex 40.258500000000005 -47.001000000000005 0.0
vertex 43.978500000000004 -44.653000000000006 0.0
endloop
endfacet
facet normal 0.5883461280489813 -0.8086091970845816 0.0
outer loop
vertex 43.978500000000004 -44.653000000000006 2.0
vertex 43.978500000000004 -44.653000000000006 0.0
vertex 47.56150000000001 -42.04600000000001 0.0
endloop
endfacet
facet normal 0.6398321291924642 -0.7685147015204314 0.0
outer loop
vertex 47.56150000000001 -42.04600000000001 2.0
vertex 47.56150000000001 -42.04600000000001 0.0
vertex 50.99550000000001 -39.187 0.0
endloop
endfacet
facet normal 0.6884638724331775 -0.7252706366276752 0.0
outer loop
vertex 50.99550000000001 -39.187 2.0
vertex 50.99550000000001 -39.187 0.0
vertex 54.26650000000001 -36.08200000000001 0.0
endloop
endfacet
facet normal 0.7340080905495817 -0.6791407240092121 0.0
outer loop
vertex 54.26650000000001 -36.08200000000001 2.0
vertex 54.26650000000001 -36.08200000000001 0.0
vertex 57.50950000000001 -32.577 0.0
endloop
endfacet
facet normal 0.7059641944246156 -0.7082475246623906 0.0
outer loop
vertex 57.50950000000001 -32.577 2.0
vertex 57.50950000000001 -32.577 0.0
vertex 60.92150000000001 -29.176000000000002 0.0
endloop
endfacet
facet normal 0.0 0.0 -1.0
outer loop
vertex 50.99550000000001 -39.187 0.0
vertex 34.112500000000004 28.262999999999998 0.0
vertex 54.26650000000001 -36.08200000000001 0.0
endloop
endfacet
facet normal 0.0 0.0 -1.0
outer loop
vertex 54.26650000000001 -36.08200000000001 0.0
vertex 34.112500000000004 28.262999999999998 0.0
vertex 57.50950000000001 -32.577 0.0
endloop
endfacet
facet normal 0.0 0.0 -1.0
outer loop
vertex 57.50950000000001 -32.577 0.0
vertex 34.112500000000004 28.262999999999998 0.0
vertex 60.92150000000001 -29.176000000000002 0.0
endloop
endfacet
facet normal 0.0 0.0 -1.0
outer loop
vertex 60.92150000000001 -29.176000000000002 0.0
vertex 34.112500000000004 28.262999999999998 0.0
vertex 63.76550000000001 -25.918000000000006 0.0
endloop
endfacet
facet normal 0.0 0.0 -1.0
outer loop
vertex 63.76550000000001 -25.918000000000006 0.0
vertex 34.112500000000004 28.262999999999998 0.0
vertex 66.37150000000001 -22.457000000000008 0.0
endloop
endfacet
facet normal 0.0 0.0 -1.0
outer loop
vertex 66.37150000000001 -22.457000000000008 0.0
vertex 34.112500000000004 28.262999999999998 0.0
vertex 68.7415 -18.775999999999996 0.0
endloop
endfacet
facet normal 0.0 0.0 -0.9999999999999999
outer loop
vertex 68.7415 -18.775999999999996 0.0
vertex 34.112500000000004 28.262999999999998 0.0
vertex 70.87650000000001 -14.857 0.0
endloop
endfacet
facet normal 0.7533496729627877 -0.6576201565089539 0.0
outer loop
vertex 60.92150000000001 -29.176000000000002 2.0
vertex 60.92150000000001 -29.176000000000002 0.0
vertex 63.76550000000001 -25.918000000000006 0.0
endloop
endfacet
facet normal 0.7988629398769566 -0.6015130948625689 0.0
outer loop
vertex 63.76550000000001 -25.918000000000006 2.0
vertex 63.76550000000001 -25.918000000000006 0.0
vertex 66.37150000000001 -22.457000000000008 0.0
endloop
endfacet
facet normal 0.8407997747285163 -0.5413462282278102 0.0
outer loop
vertex 66.37150000000001 -22.457000000000008 2.0
vertex 66.37150000000001 -22.457000000000008 0.0
vertex 68.7415 -18.775999999999996 0.0
endloop
endfacet
facet normal 0.8781437910212835 -0.47839678331983826 0.0
outer loop
vertex 68.7415 -18.775999999999996 2.0
vertex 68.7415 -18.775999999999996 0.0
vertex 70.87650000000001 -14.857 0.0
endloop
endfacet
facet normal 0.9101349560381168 -0.41431191365623943 0.0
outer loop
vertex 70.87650000000001 -14.857 2.0
vertex 70.87650000000001 -14.857 0.0
vertex 72.7775 -10.680999999999997 0.0
endloop
endfacet
facet normal 0.9368470307160297 -0.3497393901729667 0.0
outer loop
vertex 72.7775 -10.680999999999997 2.0
vertex 72.7775 -10.680999999999997 0.0
vertex 74.43950000000001 -6.228999999999999 0.0
endloop
endfacet
facet normal 0.9580205576700843 -0.2866995135703945 0.0
outer loop
vertex 74.43950000000001 -6.228999999999999 2.0
vertex 74.43950000000001 -6.228999999999999 0.0
vertex 75.85950000000001 -1.4840000000000018 0.0
endloop
endfacet
facet normal 0.023372996718739388 -0.9997268141969513 0.0
outer loop
vertex 5.548500000000007 -56.102999999999994 2.0
vertex -0.09749999999999318 -56.235 2.0
vertex 5.548500000000007 -56.102999999999994 0.0
endloop
endfacet
facet normal 0.06324731885043687 -0.9979978840950672 0.0
outer loop
vertex 11.339500000000006 -55.736000000000004 2.0
vertex 5.548500000000007 -56.102999999999994 2.0
vertex 11.339500000000006 -55.736000000000004 0.0
endloop
endfacet
facet normal 0.08755484365137067 -0.9961597007273403 0.0
outer loop
vertex 15.799500000000007 -55.34400000000001 2.0
vertex 11.339500000000006 -55.736000000000004 2.0
vertex 15.799500000000007 -55.34400000000001 0.0
endloop
endfacet
facet normal 0.15688935654838493 -0.9876161854697572 0.0
outer loop
vertex 20.067500000000006 -54.666 2.0
vertex 15.799500000000007 -55.34400000000001 2.0
vertex 20.067500000000006 -54.666 0.0
endloop
endfacet
facet normal 0.2246227264228275 -0.9744458069971749 0.0
outer loop
vertex 24.275500000000008 -53.696 2.0
vertex 20.067500000000006 -54.666 2.0
vertex 24.275500000000008 -53.696 0.0
endloop
endfacet
facet normal 0.29084855247546076 -0.9567691046030538 0.0
outer loop
vertex 28.410500000000006 -52.43900000000001 2.0
vertex 24.275500000000008 -53.696 2.0
vertex 28.410500000000006 -52.43900000000001 0.0
endloop
endfacet
facet normal 0.35514113485041404 -0.9348126947881914 0.0
outer loop
vertex 32.46150000000001 -50.900000000000006 2.0
vertex 28.410500000000006 -52.43900000000001 2.0
vertex 32.46150000000001 -50.900000000000006 0.0
endloop
endfacet
facet normal 0.4169871225112806 -0.90891239383109 0.0
outer loop
vertex 36.41550000000001 -49.086 2.0
vertex 32.46150000000001 -50.900000000000006 2.0
vertex 36.41550000000001 -49.086 0.0
endloop
endfacet
facet normal 0.4768798581962645 -0.8789684868336921 0.0
outer loop
vertex 40.258500000000005 -47.001000000000005 2.0
vertex 36.41550000000001 -49.086 2.0
vertex 40.258500000000005 -47.001000000000005 0.0
endloop
endfacet
facet normal 0.0 -0.0 0.9999999999999999
outer loop
vertex -0.09749999999999318 -56.235 2.0
vertex 5.548500000000007 -56.102999999999994 2.0
vertex -1.4374999999999931 -12.581000000000003 2.0
endloop
endfacet
facet normal 0.0 -0.0 1.0
outer loop
vertex 5.548500000000007 -56.102999999999994 2.0
vertex 11.339500000000006 -55.736000000000004 2.0
vertex 1.8685000000000067 -11.593000000000004 2.0
endloop
endfacet
facet normal 0.0 -0.0 0.9999999999999999
outer loop
vertex 11.339500000000006 -55.736000000000004 2.0
vertex 15.799500000000007 -55.34400000000001 2.0
vertex 4.995500000000007 -10.36 2.0
endloop
endfacet
facet normal 0.0 -0.0 1.0
outer loop
vertex 15.799500000000007 -55.34400000000001 2.0
vertex 20.067500000000006 -54.666 2.0
vertex 4.995500000000007 -10.36 2.0
endloop
endfacet
facet normal 0.0 -0.0 1.0
outer loop
vertex 20.067500000000006 -54.666 2.0
vertex 24.275500000000008 -53.696 2.0
vertex 4.995500000000007 -10.36 2.0
endloop
endfacet
facet normal 0.0 -0.0 1.0
outer loop
vertex 24.275500000000008 -53.696 2.0
vertex 28.410500000000006 -52.43900000000001 2.0
vertex 7.926500000000007 -8.887 2.0
endloop
endfacet
facet normal 0.0 -0.0 0.9999999999999999
outer loop
vertex 28.410500000000006 -52.43900000000001 2.0
vertex 32.46150000000001 -50.900000000000006 2.0
vertex 7.926500000000007 -8.887 2.0
endloop
endfacet
facet normal 0.0 -0.0 1.0
outer loop
vertex 32.46150000000001 -50.900000000000006 2.0
vertex 36.41550000000001 -49.086 2.0
vertex 10.639500000000007 -7.176000000000002 2.0
endloop
endfacet
facet normal 0.0 -0.0 1.0
outer loop
vertex 36.41550000000001 -49.086 2.0
vertex 40.258500000000005 -47.001000000000005 2.0
vertex 10.639500000000007 -7.176000000000002 2.0
endloop
endfacet
facet normal 0.0 -0.0 1.0
outer loop
vertex 40.258500000000005 -47.001000000000005 2.0
vertex 43.978500000000004 -44.653000000000006 2.0
vertex 13.112500000000006 -5.224000000000004 2.0
endloop
endfacet
facet normal 0.0 -0.0 1.0
outer loop
vertex 43.978500000000004 -44.653000000000006 2.0
vertex 47.56150000000001 -42.04600000000001 2.0
vertex 13.112500000000006 -5.224000000000004 2.0
endloop
endfacet
facet normal 0.0 -0.0 1.0
outer loop
vertex 47.56150000000001 -42.04600000000001 2.0
vertex 50.99550000000001 -39.187 2.0
vertex 15.122500000000008 -3.225999999999999 2.0
endloop
endfacet
facet normal -0.36682105669357584 0.9302915200979789 0.0
outer loop
vertex 1.8685000000000067 -11.593000000000004 2.0
vertex 4.995500000000007 -10.36 2.0
vertex 1.8685000000000067 -11.593000000000004 0.0
endloop
endfacet
facet normal -0.4490417510185369 0.8935107754482909 0.0
outer loop
vertex 4.995500000000007 -10.36 2.0
vertex 7.926500000000007 -8.887 2.0
vertex 4.995500000000007 -10.36 0.0
endloop
endfacet
facet normal -0.5334415665261699 0.8458369199213912 0.0
outer loop
vertex 7.926500000000007 -8.887 2.0
vertex 10.639500000000007 -7.176000000000002 2.0
vertex 7.926500000000007 -8.887 0.0
endloop
endfacet
facet normal -0.6195722472191921 0.7849396349247248 0.0
outer loop
vertex 10.639500000000007 -7.176000000000002 2.0
vertex 13.112500000000006 -5.224000000000004 2.0
vertex 10.639500000000007 -7.176000000000002 0.0
endloop
endfacet
facet normal -0.7049865352347929 0.7092206885995654 0.0
outer loop
vertex 13.112500000000006 -5.224000000000004 2.0
vertex 15.122500000000008 -3.225999999999999 2.0
vertex 13.112500000000006 -5.224000000000004 0.0
endloop
endfacet
facet normal -0.6597923766276179 0.7514479487922499 0.0
outer loop
vertex 15.122500000000008 -3.225999999999999 2.0
vertex 17.475500000000007 -1.1600000000000037 2.0
vertex 15.122500000000008 -3.225999999999999 0.0
endloop
endfacet
facet normal -0.7293271482733665 0.6841651195372642 0.0
outer loop
vertex 17.475500000000007 -1.1600000000000037 2.0
vertex 19.202500000000008 0.6809999999999974 2.0
vertex 17.475500000000007 -1.1600000000000037 0.0
endloop
endfacet
facet normal 0.0 0.0 0.9999999999999999
outer loop
vertex 5.548500000000007 -56.102999999999994 2.0
vertex 1.8685000000000067 -11.593000000000004 2.0
vertex -1.4374999999999931 -12.581000000000003 2.0
endloop
endfacet
facet normal 0.0 0.0 1.0
outer loop
vertex 11.339500000000006 -55.736000000000004 2.0
vertex 4.995500000000007 -10.36 2.0
vertex 1.8685000000000067 -11.593000000000004 2.0
endloop
endfacet
facet normal 0.0 0.0 1.0
outer loop
vertex 24.275500000000008 -53.696 2.0
vertex 7.926500000000007 -8.887 2.0
vertex 4.995500000000007 -10.36 2.0
endloop
endfacet
facet normal 0.0 0.0 0.9999999999999999
outer loop
vertex 32.46150000000001 -50.900000000000006 2.0
vertex 10.639500000000007 -7.176000000000002 2.0
vertex 7.926500000000007 -8.887 2.0
endloop
endfacet
facet normal 0.0 0.0 1.0
outer loop
vertex 40.258500000000005 -47.001000000000005 2.0
vertex 13.112500000000006 -5.224000000000004 2.0
vertex 10.639500000000007 -7.176000000000002 2.0
endloop
endfacet
facet normal 0.0 0.0 1.0
outer loop
vertex 47.56150000000001 -42.04600000000001 2.0
vertex 15.122500000000008 -3.225999999999999 2.0
vertex 13.112500000000006 -5.224000000000004 2.0
endloop
endfacet
facet normal 0.0 0.0 1.0
outer loop
vertex 50.99550000000001 -39.187 2.0
vertex 17.475500000000007 -1.1600000000000037 2.0
vertex 15.122500000000008 -3.225999999999999 2.0
endloop
endfacet
facet normal 0.0 0.0 1.0
outer loop
vertex 50.99550000000001 -39.187 2.0
vertex 19.202500000000008 0.6809999999999974 2.0
vertex 17.475500000000007 -1.1600000000000037 2.0
endloop
endfacet
facet normal 0.0 0.0 1.0
outer loop
vertex 50.99550000000001 -39.187 2.0
vertex 21.022500000000008 3.100999999999999 2.0
vertex 19.202500000000008 0.6809999999999974 2.0
endloop
endfacet
facet normal 0.0 0.0 1.0
outer loop
vertex 50.99550000000001 -39.187 2.0
vertex 22.485500000000005 5.726999999999997 2.0
vertex 21.022500000000008 3.100999999999999 2.0
endloop
endfacet
facet normal 0.0 0.0 1.0
outer loop
vertex 50.99550000000001 -39.187 2.0
vertex 22.885500000000008 6.655000000000001 2.0
vertex 22.485500000000005 5.726999999999997 2.0
endloop
endfacet
facet normal 0.0 0.0 1.0
outer loop
vertex 50.99550000000001 -39.187 2.0
vertex 23.530500000000007 8.558 2.0
vertex 22.885500000000008 6.655000000000001 2.0
endloop
endfacet
facet normal 0.0 0.0 1.0
outer loop
vertex 50.99550000000001 -39.187 2.0
vertex 23.78150000000001 9.583999999999996 2.0
vertex 23.530500000000007 8.558 2.0
endloop
endfacet
facet normal 0.0 0.0 1.0
outer loop
vertex 50.99550000000001 -39.187 2.0
vertex 24.080500000000008 11.509 2.0
vertex 23.78150000000001 9.583999999999996 2.0
endloop
endfacet
facet normal 0.0 0.0 1.0
outer loop
vertex 50.99550000000001 -39.187 2.0
vertex 24.149500000000007 12.577999999999996 2.0
vertex 24.080500000000008 11.509 2.0
endloop
endfacet
facet normal 0.0 0.0 1.0
outer loop
vertex 50.99550000000001 -39.187 2.0
vertex 24.107500000000005 14.490000000000002 2.0
vertex 24.149500000000007 12.577999999999996 2.0
endloop
endfacet
facet normal 0.0 0.0 1.0
outer loop
vertex 50.99550000000001 -39.187 2.0
vertex 23.992500000000007 15.543 2.0
vertex 24.107500000000005 14.490000000000002 2.0
endloop
endfacet
facet normal 0.0 0.0 1.0
outer loop
vertex 50.99550000000001 -39.187 2.0
vertex 23.617500000000007 17.445 2.0
vertex 23.992500000000007 15.543 2.0
endloop
endfacet
facet normal 0.5337534934737268 -0.8456401174285622 0.0
outer loop
vertex 43.978500000000004 -44.653000000000006 2.0
vertex 40.258500000000005 -47.001000000000005 2.0
vertex 43.978500000000004 -44.653000000000006 0.0
endloop
endfacet
facet normal 0.5883461280489813 -0.8086091970845816 0.0
outer loop
vertex 47.56150000000001 -42.04600000000001 2.0
vertex 43.978500000000004 -44.653000000000006 2.0
vertex 47.56150000000001 -42.04600000000001 0.0
endloop
endfacet
facet normal 0.6398321291924642 -0.7685147015204314 0.0
outer loop
vertex 50.99550000000001 -39.187 2.0
vertex 47.56150000000001 -42.04600000000001 2.0
vertex 50.99550000000001 -39.187 0.0
endloop
endfacet
facet normal 0.6884638724331775 -0.7252706366276752 0.0
outer loop
vertex 54.26650000000001 -36.08200000000001 2.0
vertex 50.99550000000001 -39.187 2.0
vertex 54.26650000000001 -36.08200000000001 0.0
endloop
endfacet
facet normal 0.7340080905495817 -0.6791407240092121 0.0
outer loop
vertex 57.50950000000001 -32.577 2.0
vertex 54.26650000000001 -36.08200000000001 2.0
vertex 57.50950000000001 -32.577 0.0
endloop
endfacet
facet normal 0.7059641944246156 -0.7082475246623906 0.0
outer loop
vertex 60.92150000000001 -29.176000000000002 2.0
vertex 57.50950000000001 -32.577 2.0
vertex 60.92150000000001 -29.176000000000002 0.0
endloop
endfacet
facet normal 0.7533496729627877 -0.6576201565089539 0.0
outer loop
vertex 63.76550000000001 -25.918000000000006 2.0
vertex 60.92150000000001 -29.176000000000002 2.0
vertex 63.76550000000001 -25.918000000000006 0.0
endloop
endfacet
facet normal 0.7988629398769566 -0.6015130948625689 0.0
outer loop
vertex 66.37150000000001 -22.457000000000008 2.0
vertex 63.76550000000001 -25.918000000000006 2.0
vertex 66.37150000000001 -22.457000000000008 0.0
endloop
endfacet
facet normal 0.8407997747285163 -0.5413462282278102 0.0
outer loop
vertex 68.7415 -18.775999999999996 2.0
vertex 66.37150000000001 -22.457000000000008 2.0
vertex 68.7415 -18.775999999999996 0.0
endloop
endfacet
facet normal 0.8781437910212835 -0.47839678331983826 0.0
outer loop
vertex 70.87650000000001 -14.857 2.0
vertex 68.7415 -18.775999999999996 2.0
vertex 70.87650000000001 -14.857 0.0
endloop
endfacet
facet normal 0.9101349560381168 -0.41431191365623943 0.0
outer loop
vertex 72.7775 -10.680999999999997 2.0
vertex 70.87650000000001 -14.857 2.0
vertex 72.7775 -10.680999999999997 0.0
endloop
endfacet
facet normal 0.9368470307160297 -0.3497393901729667 0.0
outer loop
vertex 74.43950000000001 -6.228999999999999 2.0
vertex 72.7775 -10.680999999999997 2.0
vertex 74.43950000000001 -6.228999999999999 0.0
endloop
endfacet
facet normal 0.9580205576700843 -0.2866995135703945 0.0
outer loop
vertex 75.85950000000001 -1.4840000000000018 2.0
vertex 74.43950000000001 -6.228999999999999 2.0
vertex 75.85950000000001 -1.4840000000000018 0.0
endloop
endfacet
facet normal 0.0 -0.0 1.0
outer loop
vertex 50.99550000000001 -39.187 2.0
vertex 54.26650000000001 -36.08200000000001 2.0
vertex 34.112500000000004 28.262999999999998 2.0
endloop
endfacet
facet normal 0.0 -0.0 1.0
outer loop
vertex 54.26650000000001 -36.08200000000001 2.0
vertex 57.50950000000001 -32.577 2.0
vertex 34.112500000000004 28.262999999999998 2.0
endloop
endfacet
facet normal 0.0 -0.0 1.0
outer loop
vertex 57.50950000000001 -32.577 2.0
vertex 60.92150000000001 -29.176000000000002 2.0
vertex 34.112500000000004 28.262999999999998 2.0
endloop
endfacet
facet normal 0.0 -0.0 1.0
outer loop
vertex 60.92150000000001 -29.176000000000002 2.0
vertex 63.76550000000001 -25.918000000000006 2.0
vertex 34.112500000000004 28.262999999999998 2.0
endloop
endfacet
facet normal 0.0 -0.0 0.9999999999999999
outer loop
vertex 63.76550000000001 -25.918000000000006 2.0
vertex 66.37150000000001 -22.457000000000008 2.0
vertex 34.112500000000004 28.262999999999998 2.0
endloop
endfacet
facet normal 0.0 -0.0 0.9999999999999999
outer loop
vertex 66.37150000000001 -22.457000000000008 2.0
vertex 68.7415 -18.775999999999996 2.0
vertex 34.112500000000004 28.262999999999998 2.0
endloop
endfacet
facet normal 0.0 -0.0 1.0
outer loop
vertex 68.7415 -18.775999999999996 2.0
vertex 70.87650000000001 -14.857 2.0
vertex 34.112500000000004 28.262999999999998 2.0
endloop
endfacet
facet normal 0.0 0.0 -1.0
outer loop
vertex 50.99550000000001 -39.187 0.0
vertex 23.617500000000007 17.445 0.0
vertex 34.112500000000004 28.262999999999998 0.0
endloop
endfacet
facet normal -0.0 0.0 -1.0
outer loop
vertex 27.632500000000007 28.541 0.0
vertex 23.346500000000006 18.400999999999996 0.0
vertex 22.279500000000006 21.091 0.0
endloop
endfacet
facet normal -0.0 0.0 -1.0
outer loop
vertex 26.631500000000006 28.735999999999997 0.0
vertex 22.279500000000006 21.091 0.0
vertex 20.84850000000001 23.609 0.0
endloop
endfacet
facet normal -0.0 0.0 -1.0
outer loop
vertex 26.631500000000006 28.735999999999997 0.0
vertex 20.84850000000001 23.609 0.0
vertex 19.068500000000007 25.996 0.0
endloop
endfacet
facet normal -0.0 0.0 -1.0
outer loop
vertex 34.112500000000004 28.262999999999998 0.0
vertex 23.617500000000007 17.445 0.0
vertex 23.346500000000006 18.400999999999996 0.0
endloop
endfacet
facet normal -0.0 0.0 -1.0
outer loop
vertex 27.632500000000007 28.541 0.0
vertex 22.279500000000006 21.091 0.0
vertex 26.631500000000006 28.735999999999997 0.0
endloop
endfacet
facet normal -0.0 0.0 -1.0
outer loop
vertex 34.112500000000004 28.262999999999998 0.0
vertex 23.346500000000006 18.400999999999996 0.0
vertex 27.632500000000007 28.541 0.0
endloop
endfacet
facet normal -0.7293271482733665 0.6841651195372642 0.0
outer loop
vertex 19.202500000000008 0.6809999999999974 2.0
vertex 19.202500000000008 0.6809999999999974 0.0
vertex 17.475500000000007 -1.1600000000000037 0.0
endloop
endfacet
facet normal -0.8016492976279249 -0.5977946165805234 -0.0
outer loop
vertex 19.068500000000007 25.996 2.0
vertex 19.068500000000007 25.996 0.0
vertex 20.84850000000001 23.609 0.0
endloop
endfacet
facet normal -0.7992067002940836 0.6010562787335667 0.0
outer loop
vertex 21.022500000000008 3.100999999999999 2.0
vertex 21.022500000000008 3.100999999999999 0.0
vertex 19.202500000000008 0.6809999999999974 0.0
endloop
endfacet
facet normal -0.8735760583324113 0.486687651690905 0.0
outer loop
vertex 22.485500000000005 5.726999999999997 2.0
vertex 22.485500000000005 5.726999999999997 0.0
vertex 21.022500000000008 3.100999999999999 0.0
endloop
endfacet
facet normal -0.9183240863665192 0.3958293475717758 0.0
outer loop
vertex 22.885500000000008 6.655000000000001 2.0
vertex 22.885500000000008 6.655000000000001 0.0
vertex 22.485500000000005 5.726999999999997 0.0
endloop
endfacet
facet normal -0.9470787020735701 0.32100145183260786 0.0
outer loop
vertex 23.530500000000007 8.558 2.0
vertex 23.530500000000007 8.558 0.0
vertex 22.885500000000008 6.655000000000001 0.0
endloop
endfacet
facet normal -0.9713553147307936 0.23763175828209676 0.0
outer loop
vertex 23.78150000000001 9.583999999999996 2.0
vertex 23.78150000000001 9.583999999999996 0.0
vertex 23.530500000000007 8.558 0.0
endloop
endfacet
facet normal -0.9881510945382262 0.15348424793087195 0.0
outer loop
vertex 24.080500000000008 11.509 2.0
vertex 24.080500000000008 11.509 0.0
vertex 23.78150000000001 9.583999999999996 0.0
endloop
endfacet
facet normal -0.9979233737798237 0.0644122664086129 0.0
outer loop
vertex 24.149500000000007 12.577999999999996 2.0
vertex 24.149500000000007 12.577999999999996 0.0
vertex 24.080500000000008 11.509 0.0
endloop
endfacet
facet normal -0.9997588231189566 -0.021961229378136837 -0.0
outer loop
vertex 24.107500000000005 14.490000000000002 2.0
vertex 24.107500000000005 14.490000000000002 0.0
vertex 24.149500000000007 12.577999999999996 0.0
endloop
endfacet
facet normal -0.9940892161412552 -0.10856624867639421 -0.0
outer loop
vertex 23.992500000000007 15.543 2.0
vertex 23.992500000000007 15.543 0.0
vertex 24.107500000000005 14.490000000000002 0.0
endloop
endfacet
facet normal -0.9811126896632287 -0.1934370444919614 -0.0
outer loop
vertex 23.617500000000007 17.445 2.0
vertex 23.617500000000007 17.445 0.0
vertex 23.992500000000007 15.543 0.0
endloop
endfacet
facet normal -0.9620915250403907 -0.2727267816798617 -0.0
outer loop
vertex 23.346500000000006 18.400999999999996 2.0
vertex 23.346500000000006 18.400999999999996 0.0
vertex 23.617500000000007 17.445 0.0
endloop
endfacet
facet normal -0.9295452347481558 -0.3687080912551229 -0.0
outer loop
vertex 22.279500000000006 21.091 2.0
vertex 22.279500000000006 21.091 0.0
vertex 23.346500000000006 18.400999999999996 0.0
endloop
endfacet
facet normal -0.8694093659170264 -0.49409245537222485 -0.0
outer loop
vertex 20.84850000000001 23.609 2.0
vertex 20.84850000000001 23.609 0.0
vertex 22.279500000000006 21.091 0.0
endloop
endfacet
facet normal -0.0 -0.0 -0.9999999999999999
outer loop
vertex 1.1175000000000068 43.846999999999994 0.0
vertex 2.1235000000000066 37.849000000000004 0.0
vertex -0.3374999999999932 38.581 0.0
endloop
endfacet
facet normal -0.0 -0.0 -1.0
outer loop
vertex 1.1175000000000068 43.846999999999994 0.0
vertex 4.562500000000007 36.94 0.0
vertex 2.1235000000000066 37.849000000000004 0.0
endloop
endfacet
facet normal -0.0 0.0 -1.0
outer loop
vertex 7.7415000000000065 40.286 0.0
vertex 4.562500000000007 36.94 0.0
vertex 1.1175000000000068 43.846999999999994 0.0
endloop
endfacet
facet normal -0.0 0.0 -1.0
outer loop
vertex 7.7415000000000065 40.286 0.0
vertex 6.962500000000007 35.846999999999994 0.0
vertex 4.562500000000007 36.94 0.0
endloop
endfacet
facet normal -0.0 -0.0 -1.0
outer loop
vertex 7.7415000000000065 40.286 0.0
vertex 9.309500000000007 34.563 0.0
vertex 6.962500000000007 35.846999999999994 0.0
endloop
endfacet
facet normal -0.0 0.0 -1.0
outer loop
vertex 13.899500000000007 35.584 0.0
vertex 11.583500000000006 33.081999999999994 0.0
vertex 9.309500000000007 34.563 0.0
endloop
endfacet
facet normal -0.0 0.0 -1.0
outer loop
vertex 13.899500000000007 35.584 0.0
vertex 13.765500000000007 31.398999999999997 0.0
vertex 11.583500000000006 33.081999999999994 0.0
endloop
endfacet
facet normal -0.0 0.0 -1.0
outer loop
vertex 20.546500000000005 30.97 0.0
vertex 15.867500000000007 29.473 0.0
vertex 13.765500000000007 31.398999999999997 0.0
endloop
endfacet
facet normal -0.0 0.0 -1.0
outer loop
vertex 20.546500000000005 30.97 0.0
vertex 19.068500000000007 25.996 0.0
vertex 15.867500000000007 29.473 0.0
endloop
endfacet
facet normal 0.0 0.0 -1.0
outer loop
vertex 20.546500000000005 30.97 0.0
vertex 13.765500000000007 31.398999999999997 0.0
vertex 13.899500000000007 35.584 0.0
endloop
endfacet
facet normal -0.0 0.0 -0.9999999999999999
outer loop
vertex 13.899500000000007 35.584 0.0
vertex 9.309500000000007 34.563 0.0
vertex 7.7415000000000065 40.286 0.0
endloop
endfacet
facet normal -0.0 0.0 -1.0
outer loop
vertex 26.631500000000006 28.735999999999997 0.0
vertex 19.068500000000007 25.996 0.0
vertex 20.546500000000005 30.97 0.0
endloop
endfacet
facet normal -0.28509599561083243 -0.9584989688500808 -0.0
outer loop
vertex -0.3374999999999932 38.581 2.0
vertex -0.3374999999999932 38.581 0.0
vertex 2.1235000000000066 37.849000000000004 0.0
endloop
endfacet
facet normal -0.3492280905080874 -0.9370377477989216 -0.0
outer loop
vertex 2.1235000000000066 37.849000000000004 2.0
vertex 2.1235000000000066 37.849000000000004 0.0
vertex 4.562500000000007 36.94 0.0
endloop
endfacet
facet normal -0.41445993437487083 -0.9100675594690637 -0.0
outer loop
vertex 4.562500000000007 36.94 2.0
vertex 4.562500000000007 36.94 0.0
vertex 6.962500000000007 35.846999999999994 0.0
endloop
endfacet
facet normal -0.479951709620434 -0.8772949084728707 -0.0
outer loop
vertex 6.962500000000007 35.846999999999994 2.0
vertex 6.962500000000007 35.846999999999994 0.0
vertex 9.309500000000007 34.563 0.0
endloop
endfacet
facet normal 0.4735050110692021 0.8807911242129741 0.0
outer loop
vertex 7.7415000000000065 40.286 2.0
vertex 7.7415000000000065 40.286 0.0
vertex 1.1175000000000068 43.846999999999994 0.0
endloop
endfacet
facet normal -0.6755657776398302 -0.7372997220139794 -0.0
outer loop
vertex 13.765500000000007 31.398999999999997 2.0
vertex 13.765500000000007 31.398999999999997 0.0
vertex 15.867500000000007 29.473 0.0
endloop
endfacet
facet normal -0.6107449518301219 -0.7918273825866483 -0.0
outer loop
vertex 11.583500000000006 33.081999999999994 2.0
vertex 11.583500000000006 33.081999999999994 0.0
vertex 13.765500000000007 31.398999999999997 0.0
endloop
endfacet
facet normal -0.5457393670699248 -0.8379549768514524 -0.0
outer loop
vertex 9.309500000000007 34.563 2.0
vertex 9.309500000000007 34.563 0.0
vertex 11.583500000000006 33.081999999999994 0.0
endloop
endfacet
facet normal -0.7357032435312892 -0.6773040214390731 -0.0
outer loop
vertex 15.867500000000007 29.473 2.0
vertex 15.867500000000007 29.473 0.0
vertex 19.068500000000007 25.996 0.0
endloop
endfacet
facet normal 0.5702313582450913 0.8214841435316682 0.0
outer loop
vertex 20.546500000000005 30.97 2.0
vertex 20.546500000000005 30.97 0.0
vertex 13.899500000000007 35.584 0.0
endloop
endfacet
facet normal 0.606875062989643 0.7947972432773762 0.0
outer loop
vertex 13.899500000000007 35.584 2.0
vertex 13.899500000000007 35.584 0.0
vertex 7.7415000000000065 40.286 0.0
endloop
endfacet
facet normal 0.34463991825279233 0.9387349608631333 0.0
outer loop
vertex 26.631500000000006 28.735999999999997 2.0
vertex 26.631500000000006 28.735999999999997 0.0
vertex 20.546500000000005 30.97 0.0
endloop
endfacet
facet normal 0.1912108416391438 0.9815489870809558 0.0
outer loop
vertex 27.632500000000007 28.541 2.0
vertex 27.632500000000007 28.541 0.0
vertex 26.631500000000006 28.735999999999997 0.0
endloop
endfacet
facet normal 0.042861808779640784 0.9990810104031292 0.0
outer loop
vertex 34.112500000000004 28.262999999999998 2.0
vertex 34.112500000000004 28.262999999999998 0.0
vertex 27.632500000000007 28.541 0.0
endloop
endfacet
facet normal -0.24453922984275064 0.9696393995026782 0.0
outer loop
vertex 41.96750000000001 30.244 2.0
vertex 41.96750000000001 30.244 0.0
vertex 34.112500000000004 28.262999999999998 0.0
endloop
endfacet
facet normal 0.0 0.0 -1.0
outer loop
vertex 70.87650000000001 -14.857 0.0
vertex 34.112500000000004 28.262999999999998 0.0
vertex 72.7775 -10.680999999999997 0.0
endloop
endfacet
facet normal 0.0 0.0 -1.0
outer loop
vertex 74.43950000000001 -6.228999999999999 0.0
vertex 34.112500000000004 28.262999999999998 0.0
vertex 41.96750000000001 30.244 0.0
endloop
endfacet
facet normal 0.0 0.0 -1.0
outer loop
vertex 77.9435 8.951999999999998 0.0
vertex 41.96750000000001 30.244 0.0
vertex 49.31550000000001 34.179 0.0
endloop
endfacet
facet normal 0.0 0.0 -1.0
outer loop
vertex 78.5935 14.670000000000002 0.0
vertex 49.31550000000001 34.179 0.0
vertex 50.169500000000006 34.748999999999995 0.0
endloop
endfacet
facet normal 0.0 0.0 -0.9999999999999999
outer loop
vertex 72.7775 -10.680999999999997 0.0
vertex 34.112500000000004 28.262999999999998 0.0
vertex 74.43950000000001 -6.228999999999999 0.0
endloop
endfacet
facet normal 0.0 0.0 -1.0
outer loop
vertex 74.43950000000001 -6.228999999999999 0.0
vertex 41.96750000000001 30.244 0.0
vertex 75.85950000000001 -1.4840000000000018 0.0
endloop
endfacet
facet normal 0.0 0.0 -0.9999999999999999
outer loop
vertex 75.85950000000001 -1.4840000000000018 0.0
vertex 41.96750000000001 30.244 0.0
vertex 77.02950000000001 3.5719999999999956 0.0
endloop
endfacet
facet normal 0.0 0.0 -1.0
outer loop
vertex 77.02950000000001 3.5719999999999956 0.0
vertex 41.96750000000001 30.244 0.0
vertex 77.9435 8.951999999999998 0.0
endloop
endfacet
facet normal 0.0 0.0 -1.0
outer loop
vertex 77.9435 8.951999999999998 0.0
vertex 49.31550000000001 34.179 0.0
vertex 78.5935 14.670000000000002 0.0
endloop
endfacet
facet normal 0.0 0.0 -0.9999999999999999
outer loop
vertex 78.5935 14.670000000000002 0.0
vertex 50.169500000000006 34.748999999999995 0.0
vertex 78.98150000000001 20.884 0.0
endloop
endfacet
facet normal 0.0 0.0 -1.0
outer loop
vertex 78.98150000000001 20.884 0.0
vertex 50.169500000000006 34.748999999999995 0.0
vertex 79.58850000000001 25.15 0.0
endloop
endfacet
facet normal 0.9742546159264609 -0.2254505341443753 0.0
outer loop
vertex 75.85950000000001 -1.4840000000000018 2.0
vertex 75.85950000000001 -1.4840000000000018 0.0
vertex 77.02950000000001 3.5719999999999956 0.0
endloop
endfacet
facet normal 0.9858740071642406 -0.1674886324438853 0.0
outer loop
vertex 77.02950000000001 3.5719999999999956 2.0
vertex 77.02950000000001 3.5719999999999956 0.0
vertex 77.9435 8.951999999999998 0.0
endloop
endfacet
facet normal 0.9936008234486331 -0.11294867702721524 0.0
outer loop
vertex 77.9435 8.951999999999998 2.0
vertex 77.9435 8.951999999999998 0.0
vertex 78.5935 14.670000000000002 0.0
endloop
endfacet
facet normal 0.9980563264263063 -0.062318290095496 0.0
outer loop
vertex 78.5935 14.670000000000002 2.0
vertex 78.5935 14.670000000000002 0.0
vertex 78.98150000000001 20.884 0.0
endloop
endfacet
facet normal 0.9900282447794346 -0.14086899779210416 0.0
outer loop
vertex 78.98150000000001 20.884 2.0
vertex 78.98150000000001 20.884 0.0
vertex 79.58850000000001 25.15 0.0
endloop
endfacet
facet normal 0.997743633047849 -0.06713898057372589 0.0
outer loop
vertex 79.58850000000001 25.15 2.0
vertex 79.58850000000001 25.15 0.0
vertex 79.8185 28.567999999999998 0.0
endloop
endfacet
facet normal 0.0 0.0 -1.0
outer loop
vertex 79.8185 28.567999999999998 0.0
vertex 50.169500000000006 34.748999999999995 0.0
vertex 58.14650000000001 40.995 0.0
endloop
endfacet
facet normal 0.0 0.0 -1.0
outer loop
vertex 79.58850000000001 25.15 0.0
vertex 50.169500000000006 34.748999999999995 0.0
vertex 79.8185 28.567999999999998 0.0
endloop
endfacet
facet normal 0.0 0.0 -1.0
outer loop
vertex 79.8185 28.567999999999998 0.0
vertex 58.14650000000001 40.995 0.0
vertex 79.7745 31.936999999999998 0.0
endloop
endfacet
facet normal 0.0 0.0 -1.0
outer loop
vertex 79.4645 35.29 0.0
vertex 58.14650000000001 40.995 0.0
vertex 78.8935 38.66 0.0
endloop
endfacet
facet normal 0.0 0.0 -1.0
outer loop
vertex 79.7745 31.936999999999998 0.0
vertex 58.14650000000001 40.995 0.0
vertex 79.4645 35.29 0.0
endloop
endfacet
facet normal 0.0 0.0 -1.0
outer loop
vertex 78.8935 38.66 0.0
vertex 58.14650000000001 40.995 0.0
vertex 78.0635 42.075 0.0
endloop
endfacet
facet normal -0.0 0.0 -1.0
outer loop
vertex 76.9745 45.558 0.0
vertex 58.14650000000001 40.995 0.0
vertex 66.7805 49.623 0.0
endloop
endfacet
facet normal -0.0 0.0 -1.0
outer loop
vertex 78.0635 42.075 0.0
vertex 58.14650000000001 40.995 0.0
vertex 76.9745 45.558 0.0
endloop
endfacet
facet normal 0.0 0.0 -1.0
outer loop
vertex 76.9745 45.558 0.0
vertex 66.7805 49.623 0.0
vertex 75.6285 49.129 0.0
endloop
endfacet
facet normal 0.0 0.0 -0.9999999999999999
outer loop
vertex 75.6285 49.129 0.0
vertex 66.7805 49.623 0.0
vertex 74.02850000000001 52.804 0.0
endloop
endfacet
facet normal -0.0 0.0 -1.0
outer loop
vertex 74.02850000000001 52.804 0.0
vertex 66.7805 49.623 0.0
vertex 72.3555 56.235 0.0
endloop
endfacet
facet normal -0.47208823746389655 0.8815513008601549 0.0
outer loop
vertex 49.31550000000001 34.179 2.0
vertex 49.31550000000001 34.179 0.0
vertex 41.96750000000001 30.244 0.0
endloop
endfacet
facet normal -0.5551496291452507 0.8317504970000865 0.0
outer loop
vertex 50.169500000000006 34.748999999999995 2.0
vertex 50.169500000000006 34.748999999999995 0.0
vertex 49.31550000000001 34.179 0.0
endloop
endfacet
facet normal -0.6164998640619396 0.7873550137083082 0.0
outer loop
vertex 58.14650000000001 40.995 2.0
vertex 58.14650000000001 40.995 0.0
vertex 50.169500000000006 34.748999999999995 0.0
endloop
endfacet
facet normal 0.9999147257749396 0.013059141565477671 0.0
outer loop
vertex 79.8185 28.567999999999998 2.0
vertex 79.8185 28.567999999999998 0.0
vertex 79.7745 31.936999999999998 0.0
endloop
endfacet
facet normal 0.995753286870293 0.09206189052484132 0.0
outer loop
vertex 79.7745 31.936999999999998 2.0
vertex 79.7745 31.936999999999998 0.0
vertex 79.4645 35.29 0.0
endloop
endfacet
facet normal 0.9859475431575987 0.16705520686735528 0.0
outer loop
vertex 79.4645 35.29 2.0
vertex 79.4645 35.29 0.0
vertex 78.8935 38.66 0.0
endloop
endfacet
facet normal 0.9717117393128649 0.23617005669975835 0.0
outer loop
vertex 78.8935 38.66 2.0
vertex 78.8935 38.66 0.0
vertex 78.0635 42.075 0.0
endloop
endfacet
facet normal -0.7068609592789826 0.7073525176651287 0.0
outer loop
vertex 66.7805 49.623 2.0
vertex 66.7805 49.623 0.0
vertex 58.14650000000001 40.995 0.0
endloop
endfacet
facet normal 0.9544360843755868 0.29841541656187587 0.0
outer loop
vertex 78.0635 42.075 2.0
vertex 78.0635 42.075 0.0
vertex 76.9745 45.558 0.0
endloop
endfacet
facet normal 0.935735569172444 0.3527023455911828 0.0
outer loop
vertex 76.9745 45.558 2.0
vertex 76.9745 45.558 0.0
vertex 75.6285 49.129 0.0
endloop
endfacet
facet normal -0.7645122672082898 0.6446091787184235 0.0
outer loop
vertex 72.3555 56.235 2.0
vertex 72.3555 56.235 0.0
vertex 66.7805 49.623 0.0
endloop
endfacet
facet normal 0.8988364149117137 0.43828426760341 0.0
outer loop
vertex 74.02850000000001 52.804 2.0
vertex 74.02850000000001 52.804 0.0
vertex 72.3555 56.235 0.0
endloop
endfacet
facet normal 0.9168716209723621 0.3991822023281013 0.0
outer loop
vertex 75.6285 49.129 2.0
vertex 75.6285 49.129 0.0
vertex 74.02850000000001 52.804 0.0
endloop
endfacet
facet normal -0.7992067002940836 0.6010562787335667 0.0
outer loop
vertex 19.202500000000008 0.6809999999999974 2.0
vertex 21.022500000000008 3.100999999999999 2.0
vertex 19.202500000000008 0.6809999999999974 0.0
endloop
endfacet
facet normal -0.7357032435312892 -0.6773040214390731 0.0
outer loop
vertex 19.068500000000007 25.996 2.0
vertex 15.867500000000007 29.473 2.0
vertex 19.068500000000007 25.996 0.0
endloop
endfacet
facet normal -0.8735760583324113 0.486687651690905 0.0
outer loop
vertex 21.022500000000008 3.100999999999999 2.0
vertex 22.485500000000005 5.726999999999997 2.0
vertex 21.022500000000008 3.100999999999999 0.0
endloop
endfacet
facet normal -0.9183240863665192 0.3958293475717758 0.0
outer loop
vertex 22.485500000000005 5.726999999999997 2.0
vertex 22.885500000000008 6.655000000000001 2.0
vertex 22.485500000000005 5.726999999999997 0.0
endloop
endfacet
facet normal -0.9470787020735701 0.32100145183260786 0.0
outer loop
vertex 22.885500000000008 6.655000000000001 2.0
vertex 23.530500000000007 8.558 2.0
vertex 22.885500000000008 6.655000000000001 0.0
endloop
endfacet
facet normal -0.9713553147307936 0.23763175828209676 0.0
outer loop
vertex 23.530500000000007 8.558 2.0
vertex 23.78150000000001 9.583999999999996 2.0
vertex 23.530500000000007 8.558 0.0
endloop
endfacet
facet normal -0.9881510945382262 0.15348424793087195 0.0
outer loop
vertex 23.78150000000001 9.583999999999996 2.0
vertex 24.080500000000008 11.509 2.0
vertex 23.78150000000001 9.583999999999996 0.0
endloop
endfacet
facet normal -0.9979233737798237 0.0644122664086129 0.0
outer loop
vertex 24.080500000000008 11.509 2.0
vertex 24.149500000000007 12.577999999999996 2.0
vertex 24.080500000000008 11.509 0.0
endloop
endfacet
facet normal -0.9997588231189566 -0.021961229378136837 0.0
outer loop
vertex 24.149500000000007 12.577999999999996 2.0
vertex 24.107500000000005 14.490000000000002 2.0
vertex 24.149500000000007 12.577999999999996 0.0
endloop
endfacet
facet normal -0.9940892161412552 -0.10856624867639421 0.0
outer loop
vertex 24.107500000000005 14.490000000000002 2.0
vertex 23.992500000000007 15.543 2.0
vertex 24.107500000000005 14.490000000000002 0.0
endloop
endfacet
facet normal -0.9811126896632287 -0.1934370444919614 0.0
outer loop
vertex 23.992500000000007 15.543 2.0
vertex 23.617500000000007 17.445 2.0
vertex 23.992500000000007 15.543 0.0
endloop
endfacet
facet normal -0.9620915250403907 -0.2727267816798617 0.0
outer loop
vertex 23.617500000000007 17.445 2.0
vertex 23.346500000000006 18.400999999999996 2.0
vertex 23.617500000000007 17.445 0.0
endloop
endfacet
facet normal -0.9295452347481558 -0.3687080912551229 0.0
outer loop
vertex 23.346500000000006 18.400999999999996 2.0
vertex 22.279500000000006 21.091 2.0
vertex 23.346500000000006 18.400999999999996 0.0
endloop
endfacet
facet normal -0.8694093659170264 -0.49409245537222485 0.0
outer loop
vertex 22.279500000000006 21.091 2.0
vertex 20.84850000000001 23.609 2.0
vertex 22.279500000000006 21.091 0.0
endloop
endfacet
facet normal -0.8016492976279249 -0.5977946165805234 0.0
outer loop
vertex 20.84850000000001 23.609 2.0
vertex 19.068500000000007 25.996 2.0
vertex 20.84850000000001 23.609 0.0
endloop
endfacet
facet normal 0.0 0.0 1.0
outer loop
vertex 50.99550000000001 -39.187 2.0
vertex 34.112500000000004 28.262999999999998 2.0
vertex 23.617500000000007 17.445 2.0
endloop
endfacet
facet normal 0.0 0.0 1.0
outer loop
vertex 27.632500000000007 28.541 2.0
vertex 22.279500000000006 21.091 2.0
vertex 23.346500000000006 18.400999999999996 2.0
endloop
endfacet
facet normal 0.0 0.0 1.0
outer loop
vertex 26.631500000000006 28.735999999999997 2.0
vertex 20.84850000000001 23.609 2.0
vertex 22.279500000000006 21.091 2.0
endloop
endfacet
facet normal 0.0 0.0 1.0
outer loop
vertex 26.631500000000006 28.735999999999997 2.0
vertex 19.068500000000007 25.996 2.0
vertex 20.84850000000001 23.609 2.0
endloop
endfacet
facet normal 0.0 0.0 0.9999999999999999
outer loop
vertex 34.112500000000004 28.262999999999998 2.0
vertex 23.346500000000006 18.400999999999996 2.0
vertex 23.617500000000007 17.445 2.0
endloop
endfacet
facet normal 0.0 0.0 1.0
outer loop
vertex 27.632500000000007 28.541 2.0
vertex 26.631500000000006 28.735999999999997 2.0
vertex 22.279500000000006 21.091 2.0
endloop
endfacet
facet normal 0.0 0.0 1.0
outer loop
vertex 34.112500000000004 28.262999999999998 2.0
vertex 27.632500000000007 28.541 2.0
vertex 23.346500000000006 18.400999999999996 2.0
endloop
endfacet
facet normal -0.479951709620434 -0.8772949084728707 0.0
outer loop
vertex 9.309500000000007 34.563 2.0
vertex 6.962500000000007 35.846999999999994 2.0
vertex 9.309500000000007 34.563 0.0
endloop
endfacet
facet normal -0.28509599561083243 -0.9584989688500808 0.0
outer loop
vertex 2.1235000000000066 37.849000000000004 2.0
vertex -0.3374999999999932 38.581 2.0
vertex 2.1235000000000066 37.849000000000004 0.0
endloop
endfacet
facet normal -0.3492280905080874 -0.9370377477989216 0.0
outer loop
vertex 4.562500000000007 36.94 2.0
vertex 2.1235000000000066 37.849000000000004 2.0
vertex 4.562500000000007 36.94 0.0
endloop
endfacet
facet normal -0.41445993437487083 -0.9100675594690637 0.0
outer loop
vertex 6.962500000000007 35.846999999999994 2.0
vertex 4.562500000000007 36.94 2.0
vertex 6.962500000000007 35.846999999999994 0.0
endloop
endfacet
facet normal 0.606875062989643 0.7947972432773762 0.0
outer loop
vertex 7.7415000000000065 40.286 2.0
vertex 13.899500000000007 35.584 2.0
vertex 7.7415000000000065 40.286 0.0
endloop
endfacet
facet normal -0.5457393670699248 -0.8379549768514524 0.0
outer loop
vertex 11.583500000000006 33.081999999999994 2.0
vertex 9.309500000000007 34.563 2.0
vertex 11.583500000000006 33.081999999999994 0.0
endloop
endfacet
facet normal -0.6107449518301219 -0.7918273825866483 0.0
outer loop
vertex 13.765500000000007 31.398999999999997 2.0
vertex 11.583500000000006 33.081999999999994 2.0
vertex 13.765500000000007 31.398999999999997 0.0
endloop
endfacet
facet normal -0.6755657776398302 -0.7372997220139794 0.0
outer loop
vertex 15.867500000000007 29.473 2.0
vertex 13.765500000000007 31.398999999999997 2.0
vertex 15.867500000000007 29.473 0.0
endloop
endfacet
facet normal 0.5702313582450913 0.8214841435316682 0.0
outer loop
vertex 13.899500000000007 35.584 2.0
vertex 20.546500000000005 30.97 2.0
vertex 13.899500000000007 35.584 0.0
endloop
endfacet
facet normal 0.4735050110692021 0.8807911242129741 0.0
outer loop
vertex 1.1175000000000068 43.846999999999994 2.0
vertex 7.7415000000000065 40.286 2.0
vertex 1.1175000000000068 43.846999999999994 0.0
endloop
endfacet
facet normal 0.34463991825279233 0.9387349608631333 0.0
outer loop
vertex 20.546500000000005 30.97 2.0
vertex 26.631500000000006 28.735999999999997 2.0
vertex 20.546500000000005 30.97 0.0
endloop
endfacet
facet normal 0.1912108416391438 0.9815489870809558 0.0
outer loop
vertex 26.631500000000006 28.735999999999997 2.0
vertex 27.632500000000007 28.541 2.0
vertex 26.631500000000006 28.735999999999997 0.0
endloop
endfacet
facet normal 0.042861808779640784 0.9990810104031292 0.0
outer loop
vertex 27.632500000000007 28.541 2.0
vertex 34.112500000000004 28.262999999999998 2.0
vertex 27.632500000000007 28.541 0.0
endloop
endfacet
facet normal -0.24453922984275064 0.9696393995026782 0.0
outer loop
vertex 34.112500000000004 28.262999999999998 2.0
vertex 41.96750000000001 30.244 2.0
vertex 34.112500000000004 28.262999999999998 0.0
endloop
endfacet
facet normal 0.0 0.0 1.0
outer loop
vertex 1.1175000000000068 43.846999999999994 2.0
vertex -0.3374999999999932 38.581 2.0
vertex 2.1235000000000066 37.849000000000004 2.0
endloop
endfacet
facet normal 0.0 0.0 1.0
outer loop
vertex 1.1175000000000068 43.846999999999994 2.0
vertex 2.1235000000000066 37.849000000000004 2.0
vertex 4.562500000000007 36.94 2.0
endloop
endfacet
facet normal 0.0 0.0 1.0
outer loop
vertex 7.7415000000000065 40.286 2.0
vertex 1.1175000000000068 43.846999999999994 2.0
vertex 4.562500000000007 36.94 2.0
endloop
endfacet
facet normal 0.0 0.0 1.0
outer loop
vertex 7.7415000000000065 40.286 2.0
vertex 4.562500000000007 36.94 2.0
vertex 6.962500000000007 35.846999999999994 2.0
endloop
endfacet
facet normal 0.0 0.0 1.0
outer loop
vertex 7.7415000000000065 40.286 2.0
vertex 6.962500000000007 35.846999999999994 2.0
vertex 9.309500000000007 34.563 2.0
endloop
endfacet
facet normal 0.0 0.0 1.0
outer loop
vertex 13.899500000000007 35.584 2.0
vertex 9.309500000000007 34.563 2.0
vertex 11.583500000000006 33.081999999999994 2.0
endloop
endfacet
facet normal 0.0 0.0 1.0
outer loop
vertex 13.899500000000007 35.584 2.0
vertex 11.583500000000006 33.081999999999994 2.0
vertex 13.765500000000007 31.398999999999997 2.0
endloop
endfacet
facet normal 0.0 0.0 1.0
outer loop
vertex 20.546500000000005 30.97 2.0
vertex 13.765500000000007 31.398999999999997 2.0
vertex 15.867500000000007 29.473 2.0
endloop
endfacet
facet normal 0.0 0.0 1.0
outer loop
vertex 20.546500000000005 30.97 2.0
vertex 15.867500000000007 29.473 2.0
vertex 19.068500000000007 25.996 2.0
endloop
endfacet
facet normal 0.0 0.0 1.0
outer loop
vertex 20.546500000000005 30.97 2.0
vertex 13.899500000000007 35.584 2.0
vertex 13.765500000000007 31.398999999999997 2.0
endloop
endfacet
facet normal 0.0 0.0 0.9999999999999999
outer loop
vertex 13.899500000000007 35.584 2.0
vertex 7.7415000000000065 40.286 2.0
vertex 9.309500000000007 34.563 2.0
endloop
endfacet
facet normal 0.0 0.0 1.0
outer loop
vertex 26.631500000000006 28.735999999999997 2.0
vertex 20.546500000000005 30.97 2.0
vertex 19.068500000000007 25.996 2.0
endloop
endfacet
facet normal 0.9742546159264609 -0.2254505341443753 0.0
outer loop
vertex 77.02950000000001 3.5719999999999956 2.0
vertex 75.85950000000001 -1.4840000000000018 2.0
vertex 77.02950000000001 3.5719999999999956 0.0
endloop
endfacet
facet normal 0.9858740071642406 -0.1674886324438853 0.0
outer loop
vertex 77.9435 8.951999999999998 2.0
vertex 77.02950000000001 3.5719999999999956 2.0
vertex 77.9435 8.951999999999998 0.0
endloop
endfacet
facet normal 0.9936008234486331 -0.11294867702721524 0.0
outer loop
vertex 78.5935 14.670000000000002 2.0
vertex 77.9435 8.951999999999998 2.0
vertex 78.5935 14.670000000000002 0.0
endloop
endfacet
facet normal 0.9980563264263063 -0.062318290095496 0.0
outer loop
vertex 78.98150000000001 20.884 2.0
vertex 78.5935 14.670000000000002 2.0
vertex 78.98150000000001 20.884 0.0
endloop
endfacet
facet normal 0.9900282447794346 -0.14086899779210416 0.0
outer loop
vertex 79.58850000000001 25.15 2.0
vertex 78.98150000000001 20.884 2.0
vertex 79.58850000000001 25.15 0.0
endloop
endfacet
facet normal 0.997743633047849 -0.06713898057372589 0.0
outer loop
vertex 79.8185 28.567999999999998 2.0
vertex 79.58850000000001 25.15 2.0
vertex 79.8185 28.567999999999998 0.0
endloop
endfacet
facet normal 0.0 -0.0 1.0
outer loop
vertex 70.87650000000001 -14.857 2.0
vertex 72.7775 -10.680999999999997 2.0
vertex 34.112500000000004 28.262999999999998 2.0
endloop
endfacet
facet normal 0.0 0.0 1.0
outer loop
vertex 74.43950000000001 -6.228999999999999 2.0
vertex 41.96750000000001 30.244 2.0
vertex 34.112500000000004 28.262999999999998 2.0
endloop
endfacet
facet normal 0.0 0.0 1.0
outer loop
vertex 77.9435 8.951999999999998 2.0
vertex 49.31550000000001 34.179 2.0
vertex 41.96750000000001 30.244 2.0
endloop
endfacet
facet normal 0.0 0.0 1.0
outer loop
vertex 78.5935 14.670000000000002 2.0
vertex 50.169500000000006 34.748999999999995 2.0
vertex 49.31550000000001 34.179 2.0
endloop
endfacet
facet normal 0.0 -0.0 1.0
outer loop
vertex 72.7775 -10.680999999999997 2.0
vertex 74.43950000000001 -6.228999999999999 2.0
vertex 34.112500000000004 28.262999999999998 2.0
endloop
endfacet
facet normal 0.0 -0.0 1.0
outer loop
vertex 74.43950000000001 -6.228999999999999 2.0
vertex 75.85950000000001 -1.4840000000000018 2.0
vertex 41.96750000000001 30.244 2.0
endloop
endfacet
facet normal 0.0 -0.0 1.0
outer loop
vertex 75.85950000000001 -1.4840000000000018 2.0
vertex 77.02950000000001 3.5719999999999956 2.0
vertex 41.96750000000001 30.244 2.0
endloop
endfacet
facet normal 0.0 -0.0 0.9999999999999999
outer loop
vertex 77.02950000000001 3.5719999999999956 2.0
vertex 77.9435 8.951999999999998 2.0
vertex 41.96750000000001 30.244 2.0
endloop
endfacet
facet normal 0.0 -0.0 1.0
outer loop
vertex 77.9435 8.951999999999998 2.0
vertex 78.5935 14.670000000000002 2.0
vertex 49.31550000000001 34.179 2.0
endloop
endfacet
facet normal 0.0 -0.0 0.9999999999999999
outer loop
vertex 78.5935 14.670000000000002 2.0
vertex 78.98150000000001 20.884 2.0
vertex 50.169500000000006 34.748999999999995 2.0
endloop
endfacet
facet normal 0.0 -0.0 1.0
outer loop
vertex 78.98150000000001 20.884 2.0
vertex 79.58850000000001 25.15 2.0
vertex 50.169500000000006 34.748999999999995 2.0
endloop
endfacet
facet normal -0.47208823746389655 0.8815513008601549 0.0
outer loop
vertex 41.96750000000001 30.244 2.0
vertex 49.31550000000001 34.179 2.0
vertex 41.96750000000001 30.244 0.0
endloop
endfacet
facet normal -0.5551496291452507 0.8317504970000865 0.0
outer loop
vertex 49.31550000000001 34.179 2.0
vertex 50.169500000000006 34.748999999999995 2.0
vertex 49.31550000000001 34.179 0.0
endloop
endfacet
facet normal -0.6164998640619396 0.7873550137083082 0.0
outer loop
vertex 50.169500000000006 34.748999999999995 2.0
vertex 58.14650000000001 40.995 2.0
vertex 50.169500000000006 34.748999999999995 0.0
endloop
endfacet
facet normal 0.9999147257749396 0.013059141565477671 0.0
outer loop
vertex 79.7745 31.936999999999998 2.0
vertex 79.8185 28.567999999999998 2.0
vertex 79.7745 31.936999999999998 0.0
endloop
endfacet
facet normal 0.995753286870293 0.09206189052484132 0.0
outer loop
vertex 79.4645 35.29 2.0
vertex 79.7745 31.936999999999998 2.0
vertex 79.4645 35.29 0.0
endloop
endfacet
facet normal 0.9859475431575987 0.16705520686735528 0.0
outer loop
vertex 78.8935 38.66 2.0
vertex 79.4645 35.29 2.0
vertex 78.8935 38.66 0.0
endloop
endfacet
facet normal 0.9717117393128649 0.23617005669975835 0.0
outer loop
vertex 78.0635 42.075 2.0
vertex 78.8935 38.66 2.0
vertex 78.0635 42.075 0.0
endloop
endfacet
facet normal -0.7068609592789826 0.7073525176651287 0.0
outer loop
vertex 58.14650000000001 40.995 2.0
vertex 66.7805 49.623 2.0
vertex 58.14650000000001 40.995 0.0
endloop
endfacet
facet normal -0.7645122672082898 0.6446091787184235 0.0
outer loop
vertex 66.7805 49.623 2.0
vertex 72.3555 56.235 2.0
vertex 66.7805 49.623 0.0
endloop
endfacet
facet normal 0.9544360843755868 0.29841541656187587 0.0
outer loop
vertex 76.9745 45.558 2.0
vertex 78.0635 42.075 2.0
vertex 76.9745 45.558 0.0
endloop
endfacet
facet normal 0.935735569172444 0.3527023455911828 0.0
outer loop
vertex 75.6285 49.129 2.0
vertex 76.9745 45.558 2.0
vertex 75.6285 49.129 0.0
endloop
endfacet
facet normal 0.9168716209723621 0.3991822023281013 0.0
outer loop
vertex 74.02850000000001 52.804 2.0
vertex 75.6285 49.129 2.0
vertex 74.02850000000001 52.804 0.0
endloop
endfacet
facet normal 0.8988364149117137 0.43828426760341 0.0
outer loop
vertex 72.3555 56.235 2.0
vertex 74.02850000000001 52.804 2.0
vertex 72.3555 56.235 0.0
endloop
endfacet
facet normal 0.0 0.0 1.0
outer loop
vertex 79.8185 28.567999999999998 2.0
vertex 58.14650000000001 40.995 2.0
vertex 50.169500000000006 34.748999999999995 2.0
endloop
endfacet
facet normal 0.0 -0.0 0.9999999999999999
outer loop
vertex 79.58850000000001 25.15 2.0
vertex 79.8185 28.567999999999998 2.0
vertex 50.169500000000006 34.748999999999995 2.0
endloop
endfacet
facet normal 0.0 0.0 1.0
outer loop
vertex 79.8185 28.567999999999998 2.0
vertex 79.7745 31.936999999999998 2.0
vertex 58.14650000000001 40.995 2.0
endloop
endfacet
facet normal 0.0 0.0 1.0
outer loop
vertex 79.4645 35.29 2.0
vertex 78.8935 38.66 2.0
vertex 58.14650000000001 40.995 2.0
endloop
endfacet
facet normal 0.0 0.0 1.0
outer loop
vertex 79.7745 31.936999999999998 2.0
vertex 79.4645 35.29 2.0
vertex 58.14650000000001 40.995 2.0
endloop
endfacet
facet normal 0.0 0.0 1.0
outer loop
vertex 78.8935 38.66 2.0
vertex 78.0635 42.075 2.0
vertex 58.14650000000001 40.995 2.0
endloop
endfacet
facet normal 0.0 0.0 1.0
outer loop
vertex 76.9745 45.558 2.0
vertex 66.7805 49.623 2.0
vertex 58.14650000000001 40.995 2.0
endloop
endfacet
facet normal 0.0 0.0 1.0
outer loop
vertex 78.0635 42.075 2.0
vertex 76.9745 45.558 2.0
vertex 58.14650000000001 40.995 2.0
endloop
endfacet
facet normal 0.0 0.0 1.0
outer loop
vertex 76.9745 45.558 2.0
vertex 75.6285 49.129 2.0
vertex 66.7805 49.623 2.0
endloop
endfacet
facet normal 0.0 0.0 1.0
outer loop
vertex 75.6285 49.129 2.0
vertex 74.02850000000001 52.804 2.0
vertex 66.7805 49.623 2.0
endloop
endfacet
facet normal 0.0 0.0 1.0
outer loop
vertex 74.02850000000001 52.804 2.0
vertex 72.3555 56.235 2.0
vertex 66.7805 49.623 2.0
endloop
endfacet

endsolid
