solid geometry_1
facet normal -0.6829232947005958 0.7304900913464076 -8.801625473973973e-17
outer loop
vertex -3.182 3.1820000000000013 17.0
vertex -2.967 3.3830000000000013 17.0
vertex -3.182 3.1819999999999995 2.0
endloop
endfacet
facet normal 0.0 0.0 1.0
outer loop
vertex -3.57 2.739000000000001 17.0
vertex -3.742 2.5000000000000013 17.0
vertex -2.683 1.950000000000001 17.0
endloop
endfacet
facet normal 0.0 0.0 1.0
outer loop
vertex -3.897 2.2500000000000013 17.0
vertex -4.036 1.990000000000001 17.0
vertex -2.683 1.950000000000001 17.0
endloop
endfacet
facet normal -0.0 0.0 1.0
outer loop
vertex -4.157 1.722000000000001 17.0
vertex -4.261 1.446000000000001 17.0
vertex -2.683 1.950000000000001 17.0
endloop
endfacet
facet normal -0.0 0.0 1.0
outer loop
vertex -4.036 1.990000000000001 17.0
vertex -4.157 1.722000000000001 17.0
vertex -2.683 1.950000000000001 17.0
endloop
endfacet
facet normal -0.0 -0.0 1.0
outer loop
vertex -3.897 2.2500000000000013 17.0
vertex -2.683 1.950000000000001 17.0
vertex -3.742 2.5000000000000013 17.0
endloop
endfacet
facet normal -0.9357706599102151 0.352609234169067 -5.468505492714066e-06
outer loop
vertex -4.157 1.722000000000001 17.0
vertex -4.195 1.621 7.08
vertex -4.261 1.446000000000001 17.0
endloop
endfacet
facet normal -0.0 0.0 0.9999999999999999
outer loop
vertex -4.414 0.8780000000000011 17.0
vertex -4.462 0.5870000000000011 17.0
vertex -2.683 1.950000000000001 17.0
endloop
endfacet
facet normal -0.0 0.0 1.0
outer loop
vertex -4.462 0.5870000000000011 17.0
vertex -4.49 0.2940000000000011 17.0
vertex -2.683 1.950000000000001 17.0
endloop
endfacet
facet normal -0.0 0.0 1.0
outer loop
vertex -4.49 0.2940000000000011 17.0
vertex -4.5 1.1207637283869347e-15 17.0
vertex -2.683 1.950000000000001 17.0
endloop
endfacet
facet normal -0.0 0.0 1.0
outer loop
vertex -4.5 1.1207637283869347e-15 17.0
vertex -4.49 -0.2939999999999989 17.0
vertex -2.683 1.950000000000001 17.0
endloop
endfacet
facet normal -0.0 0.0 1.0
outer loop
vertex -4.49 -0.2939999999999989 17.0
vertex -4.462 -0.5869999999999989 17.0
vertex -2.683 1.950000000000001 17.0
endloop
endfacet
facet normal -0.0 0.0 1.0
outer loop
vertex -4.462 -0.5869999999999989 17.0
vertex -4.414 -0.8779999999999989 17.0
vertex -2.683 1.950000000000001 17.0
endloop
endfacet
facet normal -0.0 0.0 1.0
outer loop
vertex -4.261 1.446000000000001 17.0
vertex -4.347 1.1650000000000011 17.0
vertex -2.683 1.950000000000001 17.0
endloop
endfacet
facet normal -0.0 0.0 1.0
outer loop
vertex -4.347 1.1650000000000011 17.0
vertex -4.414 0.8780000000000011 17.0
vertex -2.683 1.950000000000001 17.0
endloop
endfacet
facet normal -0.9562193912284617 0.29265077453967264 -3.2752785087533276e-17
outer loop
vertex -4.261 1.446000000000001 17.0
vertex -4.261 1.446 7.08
vertex -4.347 1.1650000000000011 17.0
endloop
endfacet
facet normal -0.9866674589744352 0.16274927158341213 -2.003596647259723e-17
outer loop
vertex -4.414 0.8780000000000011 17.0
vertex -4.414 0.8779999999999999 7.08
vertex -4.462 0.5870000000000011 17.0
endloop
endfacet
facet normal -0.9738161757902847 0.22733687727508142 -2.5443007610602713e-17
outer loop
vertex -4.347 1.1650000000000011 17.0
vertex -4.347 1.165 7.08
vertex -4.414 0.8780000000000011 17.0
endloop
endfacet
facet normal -0.9954648817037139 0.09512974978738724 -1.1711367176901828e-17
outer loop
vertex -4.462 0.5870000000000011 17.0
vertex -4.462 0.5869999999999999 7.08
vertex -4.49 0.2940000000000011 17.0
endloop
endfacet
facet normal -0.9994220387675937 0.03399394689685621 -4.184974677122189e-18
outer loop
vertex -4.49 0.2940000000000011 17.0
vertex -4.49 0.2939999999999999 7.08
vertex -4.5 1.1207637283869347e-15 17.0
endloop
endfacet
facet normal -0.8499026917123798 0.5269396688616748 -6.290543580199869e-17
outer loop
vertex -3.897 2.2500000000000013 17.0
vertex -3.742 2.5000000000000013 17.0
vertex -3.897 2.2499999999999996 2.0
endloop
endfacet
facet normal -0.8818830408163563 0.47146824105182006 -5.58330556368271e-17
outer loop
vertex -3.897 2.2500000000000013 17.0
vertex -4.036 1.9899999999999993 2.0
vertex -4.036 1.990000000000001 17.0
endloop
endfacet
facet normal -0.9114117455455921 0.41149560153364567 -4.8730868411160775e-17
outer loop
vertex -4.036 1.990000000000001 17.0
vertex -4.157 1.7219999999999993 2.0
vertex -4.157 1.722000000000001 17.0
endloop
endfacet
facet normal -0.7732012755606448 0.6341606953063172 -7.530051392955855e-17
outer loop
vertex -3.57 2.739000000000001 17.0
vertex -3.383 2.9670000000000014 17.0
vertex -3.57 2.7389999999999994 2.0
endloop
endfacet
facet normal -0.8116631508985099 0.5841257822365854 -6.917438855639865e-17
outer loop
vertex -3.57 2.739000000000001 17.0
vertex -3.742 2.4999999999999996 2.0
vertex -3.742 2.5000000000000013 17.0
endloop
endfacet
facet normal -0.7304900913464076 0.6829232947005958 -8.087436435514374e-17
outer loop
vertex -3.182 3.1820000000000013 17.0
vertex -3.383 2.9669999999999996 2.0
vertex -3.383 2.9670000000000014 17.0
endloop
endfacet
facet normal -0.935947799038326 0.3521387758758089 -4.617550120165047e-17
outer loop
vertex -4.157 1.722000000000001 17.0
vertex -4.195 1.6209999999999993 2.0
vertex -4.195 1.621 7.08
endloop
endfacet
facet normal -0.9356683482929188 0.35288063421332844 -3.926917377852023e-17
outer loop
vertex -4.261 1.446000000000001 17.0
vertex -4.195 1.621 7.08
vertex -4.261 1.446 7.08
endloop
endfacet
facet normal -0.9562193912284617 0.29265077453967264 -3.2133909787914076e-17
outer loop
vertex -4.347 1.1650000000000011 17.0
vertex -4.261 1.446 7.08
vertex -4.347 1.165 7.08
endloop
endfacet
facet normal -0.9738161757902847 0.2273368772750813 -2.848097866858542e-17
outer loop
vertex -4.414 0.8780000000000011 17.0
vertex -4.347 1.165 7.08
vertex -4.414 0.8779999999999999 7.08
endloop
endfacet
facet normal -0.9866674589744352 0.16274927158341213 -1.9566373508395715e-17
outer loop
vertex -4.462 0.5870000000000011 17.0
vertex -4.414 0.8779999999999999 7.08
vertex -4.462 0.5869999999999999 7.08
endloop
endfacet
facet normal -0.9954648817037139 0.09512974978738724 -1.1288351073515168e-17
outer loop
vertex -4.49 0.2940000000000011 17.0
vertex -4.462 0.5869999999999999 7.08
vertex -4.49 0.2939999999999999 7.08
endloop
endfacet
facet normal -0.9994220387675937 0.033993946896856204 -4.163057825762006e-18
outer loop
vertex -4.49 0.2939999999999999 7.08
vertex -4.5 -9.408589636723978e-17 7.08
vertex -4.5 1.1207637283869347e-15 17.0
endloop
endfacet
facet normal -0.0 0.0 1.0
outer loop
vertex -3.182 3.1820000000000013 17.0
vertex -3.383 2.9670000000000014 17.0
vertex 1.025 3.1540000000000012 17.0
endloop
endfacet
facet normal 0.0 0.0 1.0
outer loop
vertex -2.739 3.570000000000001 17.0
vertex -2.967 3.3830000000000013 17.0
vertex 1.025 3.1540000000000012 17.0
endloop
endfacet
facet normal -0.0 -0.0 0.9999999999999999
outer loop
vertex -3.182 3.1820000000000013 17.0
vertex 1.025 3.1540000000000012 17.0
vertex -2.967 3.3830000000000013 17.0
endloop
endfacet
facet normal -0.0 -0.0 1.0
outer loop
vertex -2.739 3.570000000000001 17.0
vertex 1.025 3.1540000000000012 17.0
vertex -2.5 3.7420000000000013 17.0
endloop
endfacet
facet normal -0.0 -0.0 1.0
outer loop
vertex -2.5 3.7420000000000013 17.0
vertex 1.025 3.1540000000000012 17.0
vertex -2.25 3.897000000000001 17.0
endloop
endfacet
facet normal -0.0 -0.0 1.0
outer loop
vertex -2.25 3.897000000000001 17.0
vertex 1.025 3.1540000000000012 17.0
vertex -1.99 4.036000000000001 17.0
endloop
endfacet
facet normal -0.0 -0.0 1.0
outer loop
vertex -1.99 4.036000000000001 17.0
vertex 1.025 3.1540000000000012 17.0
vertex -1.722 4.157000000000002 17.0
endloop
endfacet
facet normal -0.0 -0.0 1.0
outer loop
vertex -1.722 4.157000000000002 17.0
vertex 1.025 3.1540000000000012 17.0
vertex -1.446 4.261000000000001 17.0
endloop
endfacet
facet normal -0.0 -0.0 1.0
outer loop
vertex -1.446 4.261000000000001 17.0
vertex 1.025 3.1540000000000012 17.0
vertex -1.165 4.347000000000001 17.0
endloop
endfacet
facet normal -0.0 -0.0 0.9999999999999999
outer loop
vertex -1.165 4.347000000000001 17.0
vertex 1.025 3.1540000000000012 17.0
vertex -0.878 4.4140000000000015 17.0
endloop
endfacet
facet normal -0.0 -0.0 1.0
outer loop
vertex -0.878 4.4140000000000015 17.0
vertex 1.025 3.1540000000000012 17.0
vertex -0.587 4.4620000000000015 17.0
endloop
endfacet
facet normal -0.29265077453967264 0.9562193912284617 0.0
outer loop
vertex -1.446 4.261000000000001 17.0
vertex -1.165 4.347000000000001 17.0
vertex -1.165 4.347000000000001 7.08
endloop
endfacet
facet normal -0.22733687727508428 0.973816175790284 -1.743795387281923e-16
outer loop
vertex -1.165 4.347000000000001 17.0
vertex -0.878 4.4140000000000015 17.0
vertex -0.878 4.414 7.08
endloop
endfacet
facet normal -0.16274927158341213 0.9866674589744352 -1.7668079525835727e-16
outer loop
vertex -0.878 4.4140000000000015 17.0
vertex -0.587 4.4620000000000015 17.0
vertex -0.587 4.462 7.08
endloop
endfacet
facet normal -0.09512974978738724 0.9954648817037139 -1.7825613417310014e-16
outer loop
vertex -0.587 4.4620000000000015 17.0
vertex -0.294 4.490000000000002 17.0
vertex -0.294 4.49 7.08
endloop
endfacet
facet normal -0.033993946896856204 0.9994220387675937 -1.789647352834836e-16
outer loop
vertex -0.294 4.490000000000002 17.0
vertex 0.0 4.500000000000002 17.0
vertex 0.0 4.5 7.08
endloop
endfacet
facet normal -0.6341606953063172 0.7732012755606448 -9.156542493834327e-17
outer loop
vertex -2.739 3.570000000000001 17.0
vertex -2.967 3.3829999999999996 2.0
vertex -2.967 3.3830000000000013 17.0
endloop
endfacet
facet normal -0.5841257822365854 0.8116631508985099 -9.740216411920222e-17
outer loop
vertex -2.739 3.570000000000001 17.0
vertex -2.5 3.7420000000000013 17.0
vertex -2.739 3.5699999999999994 2.0
endloop
endfacet
facet normal -0.5269396688616748 0.8499026917123798 -1.0064869728319789e-16
outer loop
vertex -2.5 3.7420000000000013 17.0
vertex -2.25 3.897000000000001 17.0
vertex -2.5 3.7419999999999995 2.0
endloop
endfacet
facet normal -0.47146824105182145 0.8818830408163553 -1.0512631316511411e-16
outer loop
vertex -2.25 3.897000000000001 17.0
vertex -1.99 4.036000000000001 17.0
vertex -2.25 3.8969999999999994 2.0
endloop
endfacet
facet normal -0.41149560153364567 0.9114117455455921 -1.0697633819598789e-16
outer loop
vertex -1.99 4.036000000000001 17.0
vertex -1.722 4.157000000000002 17.0
vertex -1.99 4.036 2.0
endloop
endfacet
facet normal -0.35260923417433654 0.9357706599242082 -1.113570401593808e-16
outer loop
vertex -1.722 4.157000000000002 17.0
vertex -1.446 4.261000000000001 17.0
vertex -1.722 4.157 2.0
endloop
endfacet
facet normal -0.34627509539587786 0.9381330079679328 -0.00013292709996024583
outer loop
vertex -1.446 4.261000000000001 17.0
vertex -1.621 4.195 7.08
vertex -1.722 4.157 2.0
endloop
endfacet
facet normal -0.35288063421333266 0.9356683482929175 0.0
outer loop
vertex -1.446 4.261000000000001 17.0
vertex -1.446 4.261000000000001 7.08
vertex -1.621 4.195 7.08
endloop
endfacet
facet normal -0.29265077453967264 0.9562193912284617 0.0
outer loop
vertex -1.446 4.261000000000001 17.0
vertex -1.165 4.347000000000001 7.08
vertex -1.446 4.261000000000001 7.08
endloop
endfacet
facet normal -0.22733687727507854 0.9738161757902853 0.0
outer loop
vertex -1.165 4.347000000000001 17.0
vertex -0.878 4.414 7.08
vertex -1.165 4.347000000000001 7.08
endloop
endfacet
facet normal -0.16274927158341213 0.9866674589744352 -1.7669028198490676e-16
outer loop
vertex -0.878 4.4140000000000015 17.0
vertex -0.587 4.462 7.08
vertex -0.878 4.414 7.08
endloop
endfacet
facet normal -0.09512974978738724 0.9954648817037139 -1.782371222133974e-16
outer loop
vertex -0.587 4.4620000000000015 17.0
vertex -0.294 4.49 7.08
vertex -0.587 4.462 7.08
endloop
endfacet
facet normal -0.033993946896856204 0.9994220387675937 -1.789314457121883e-16
outer loop
vertex -0.294 4.490000000000002 17.0
vertex 0.0 4.5 7.08
vertex -0.294 4.49 7.08
endloop
endfacet
facet normal 0.0 -0.0 1.0
outer loop
vertex -3.57 2.739000000000001 17.0
vertex 1.025 3.1540000000000012 17.0
vertex -3.383 2.9670000000000014 17.0
endloop
endfacet
facet normal -0.0 0.0 0.9999999999999999
outer loop
vertex -3.57 2.739000000000001 17.0
vertex -2.683 1.950000000000001 17.0
vertex 1.025 3.1540000000000012 17.0
endloop
endfacet
facet normal -0.7304900913464076 0.6829232947005958 -8.087436435514374e-17
outer loop
vertex -3.182 3.1820000000000013 17.0
vertex -3.182 3.1819999999999995 2.0
vertex -3.383 2.9669999999999996 2.0
endloop
endfacet
facet normal -0.7732921729120903 0.6340498523877266 -1.4078734897620717e-16
outer loop
vertex -4.624 4.055 2.0
vertex -4.879 3.7439999999999993 0.0
vertex -4.879 3.7439999999999998 2.0
endloop
endfacet
facet normal -0.7732921729120907 0.634049852387726 0.0
outer loop
vertex -4.624 4.055 2.0
vertex -4.624 4.055 0.0
vertex -4.879 3.7439999999999993 0.0
endloop
endfacet
facet normal -0.812052148106343 0.583584877079482 -1.2062142477385033e-16
outer loop
vertex -5.114 3.4169999999999994 2.0
vertex -4.879 3.7439999999999998 2.0
vertex -5.114 3.416999999999999 0.0
endloop
endfacet
facet normal -0.8499472087589908 0.52686786040031 -1.1698816591028338e-16
outer loop
vertex -5.114 3.4169999999999994 2.0
vertex -5.326 3.0749999999999993 0.0
vertex -5.326 3.0749999999999997 2.0
endloop
endfacet
facet normal -0.8499472087589908 0.52686786040031 -1.1698816591028338e-16
outer loop
vertex -5.114 3.4169999999999994 2.0
vertex -5.114 3.416999999999999 0.0
vertex -5.326 3.0749999999999993 0.0
endloop
endfacet
facet normal -0.812052148106343 0.583584877079482 -1.2958187347133655e-16
outer loop
vertex -4.879 3.7439999999999998 2.0
vertex -4.879 3.7439999999999993 0.0
vertex -5.114 3.416999999999999 0.0
endloop
endfacet
facet normal -0.6340498523877285 0.7732921729120888 0.0
outer loop
vertex -4.055 4.623999999999999 2.0
vertex -3.744 4.879 2.0
vertex -4.055 4.623999999999999 0.0
endloop
endfacet
facet normal -0.6340498523877285 0.7732921729120888 0.0
outer loop
vertex -4.055 4.623999999999999 0.0
vertex -3.744 4.879 2.0
vertex -3.744 4.879 0.0
endloop
endfacet
facet normal -0.5835848770794806 0.812052148106344 0.0
outer loop
vertex -3.744 4.879 2.0
vertex -3.417 5.113999999999999 2.0
vertex -3.744 4.879 0.0
endloop
endfacet
facet normal -0.52686786040031 0.8499472087589908 0.0
outer loop
vertex -3.417 5.113999999999999 2.0
vertex -3.075 5.325999999999999 2.0
vertex -3.417 5.113999999999999 0.0
endloop
endfacet
facet normal -0.5835848770794806 0.812052148106344 0.0
outer loop
vertex -3.417 5.113999999999999 2.0
vertex -3.417 5.113999999999999 0.0
vertex -3.744 4.879 0.0
endloop
endfacet
facet normal -0.52686786040031 0.8499472087589908 0.0
outer loop
vertex -3.417 5.113999999999999 0.0
vertex -3.075 5.325999999999999 2.0
vertex -3.075 5.325999999999999 0.0
endloop
endfacet
facet normal -0.6831143941862083 0.730311388693624 0.0
outer loop
vertex -4.055 4.623999999999999 2.0
vertex -4.349 4.349 0.0
vertex -4.349 4.349 2.0
endloop
endfacet
facet normal -0.7303113886936229 0.6831143941862095 0.0
outer loop
vertex -4.624 4.055 2.0
vertex -4.349 4.349 2.0
vertex -4.624 4.055 0.0
endloop
endfacet
facet normal -0.0 -0.0 1.0
outer loop
vertex -4.624 4.055 2.0
vertex -3.182 3.1819999999999995 2.0
vertex -4.349 4.349 2.0
endloop
endfacet
facet normal 0.0 0.0 1.0
outer loop
vertex -4.055 4.623999999999999 2.0
vertex -4.349 4.349 2.0
vertex -3.182 3.1819999999999995 2.0
endloop
endfacet
facet normal -0.7303113886936229 0.6831143941862095 0.0
outer loop
vertex -4.624 4.055 0.0
vertex -4.349 4.349 2.0
vertex -4.349 4.349 0.0
endloop
endfacet
facet normal -0.6831143941862083 0.730311388693624 0.0
outer loop
vertex -4.055 4.623999999999999 2.0
vertex -4.055 4.623999999999999 0.0
vertex -4.349 4.349 0.0
endloop
endfacet
facet normal 0.0 0.0 1.0
outer loop
vertex -4.624 4.055 2.0
vertex -4.879 3.7439999999999998 2.0
vertex -3.383 2.9669999999999996 2.0
endloop
endfacet
facet normal -0.0 -0.0 1.0
outer loop
vertex -5.114 3.4169999999999994 2.0
vertex -3.57 2.7389999999999994 2.0
vertex -4.879 3.7439999999999998 2.0
endloop
endfacet
facet normal -0.0 0.0 1.0
outer loop
vertex -4.879 3.7439999999999998 2.0
vertex -3.57 2.7389999999999994 2.0
vertex -3.383 2.9669999999999996 2.0
endloop
endfacet
facet normal -0.0 -0.0 -1.0
outer loop
vertex -4.624 4.055 0.0
vertex -2.683 1.949999999999999 0.0
vertex -4.879 3.7439999999999993 0.0
endloop
endfacet
facet normal 0.0 0.0 -1.0
outer loop
vertex -4.624 4.055 0.0
vertex -4.349 4.349 0.0
vertex -2.683 1.949999999999999 0.0
endloop
endfacet
facet normal -0.0 -0.0 1.0
outer loop
vertex -4.055 4.623999999999999 2.0
vertex -2.967 3.3829999999999996 2.0
vertex -3.744 4.879 2.0
endloop
endfacet
facet normal -0.0 -0.0 1.0
outer loop
vertex -3.744 4.879 2.0
vertex -2.739 3.5699999999999994 2.0
vertex -3.417 5.113999999999999 2.0
endloop
endfacet
facet normal -0.0 0.0 0.9999999999999999
outer loop
vertex -3.744 4.879 2.0
vertex -2.967 3.3829999999999996 2.0
vertex -2.739 3.5699999999999994 2.0
endloop
endfacet
facet normal 0.0 0.0 -1.0
outer loop
vertex -3.744 4.879 0.0
vertex -3.417 5.113999999999999 0.0
vertex -2.683 1.949999999999999 0.0
endloop
endfacet
facet normal -0.0 0.0 1.0
outer loop
vertex -4.624 4.055 2.0
vertex -3.383 2.9669999999999996 2.0
vertex -3.182 3.1819999999999995 2.0
endloop
endfacet
facet normal -0.0 0.0 1.0
outer loop
vertex -4.055 4.623999999999999 2.0
vertex -3.182 3.1819999999999995 2.0
vertex -2.967 3.3829999999999996 2.0
endloop
endfacet
facet normal -0.0 -0.0 -1.0
outer loop
vertex -4.055 4.623999999999999 0.0
vertex -2.683 1.949999999999999 0.0
vertex -4.349 4.349 0.0
endloop
endfacet
facet normal 0.0 0.0 -1.0
outer loop
vertex -4.055 4.623999999999999 0.0
vertex -3.744 4.879 0.0
vertex -2.683 1.949999999999999 0.0
endloop
endfacet
facet normal -0.296690823678712 0.9549735887158594 -1.2505981304886254e-16
outer loop
vertex -5.03 1.562 7.08
vertex -4.927 1.594 7.08
vertex -5.03 1.5619999999999994 2.0
endloop
endfacet
facet normal -0.2228248015021422 0.9748585065718669 -1.2840261052266512e-16
outer loop
vertex -4.927 1.594 7.08
vertex -4.822 1.618 7.08
vertex -4.927 1.5939999999999994 2.0
endloop
endfacet
facet normal -0.1658933331343502 0.9861437025208727 -1.290347926437475e-16
outer loop
vertex -4.822 1.618 7.08
vertex -4.715 1.636 7.08
vertex -4.822 1.6179999999999994 2.0
endloop
endfacet
facet normal -0.09305244937160374 0.995661208276161 -1.3067733344207458e-16
outer loop
vertex -4.715 1.636 7.08
vertex -4.608 1.646 7.08
vertex -4.715 1.6359999999999992 2.0
endloop
endfacet
facet normal 0.0 0.0 1.0
outer loop
vertex -5.872 0.9169999999999999 7.08
vertex -5.929 0.8249999999999998 7.08
vertex -4.5 -9.408589636723978e-17 7.08
endloop
endfacet
facet normal 0.0 0.0 1.0
outer loop
vertex -5.809 1.004 7.08
vertex -5.872 0.9169999999999999 7.08
vertex -4.5 -9.408589636723978e-17 7.08
endloop
endfacet
facet normal 0.0 0.0 1.0
outer loop
vertex -6.024 0.6309999999999999 7.08
vertex -6.062 0.5299999999999999 7.08
vertex -4.5 -9.408589636723978e-17 7.08
endloop
endfacet
facet normal 0.0 0.0 0.9999999999999999
outer loop
vertex -5.98 0.7299999999999999 7.08
vertex -6.024 0.6309999999999999 7.08
vertex -4.5 -9.408589636723978e-17 7.08
endloop
endfacet
facet normal 0.0 0.0 1.0
outer loop
vertex -5.929 0.8249999999999998 7.08
vertex -5.98 0.7299999999999999 7.08
vertex -4.5 -9.408589636723978e-17 7.08
endloop
endfacet
facet normal 0.0 0.0 1.0
outer loop
vertex -6.118 0.3219999999999999 7.08
vertex -6.136 0.21499999999999989 7.08
vertex -4.5 -9.408589636723978e-17 7.08
endloop
endfacet
facet normal 0.0 0.0 1.0
outer loop
vertex -6.136 0.21499999999999989 7.08
vertex -6.146 0.1079999999999999 7.08
vertex -4.5 -9.408589636723978e-17 7.08
endloop
endfacet
facet normal -0.0 0.0 1.0
outer loop
vertex -6.146 0.1079999999999999 7.08
vertex -6.15 -9.408589636723978e-17 7.08
vertex -4.5 -9.408589636723978e-17 7.08
endloop
endfacet
facet normal 0.0 0.0 1.0
outer loop
vertex -6.062 0.5299999999999999 7.08
vertex -6.094 0.4269999999999999 7.08
vertex -4.5 -9.408589636723978e-17 7.08
endloop
endfacet
facet normal 0.0 0.0 1.0
outer loop
vertex -6.094 0.4269999999999999 7.08
vertex -6.118 0.3219999999999999 7.08
vertex -4.5 -9.408589636723978e-17 7.08
endloop
endfacet
facet normal -0.0 -0.0 1.0
outer loop
vertex -5.667 1.167 7.08
vertex -4.5 -9.408589636723978e-17 7.08
vertex -5.588 1.241 7.08
endloop
endfacet
facet normal -0.0 -0.0 1.0
outer loop
vertex -5.588 1.241 7.08
vertex -4.5 -9.408589636723978e-17 7.08
vertex -5.504 1.309 7.08
endloop
endfacet
facet normal -0.0 -0.0 1.0
outer loop
vertex -5.325 1.429 7.08
vertex -4.5 -9.408589636723978e-17 7.08
vertex -5.23 1.48 7.08
endloop
endfacet
facet normal 0.0 0.0 1.0
outer loop
vertex -5.417 1.372 7.08
vertex -5.504 1.309 7.08
vertex -4.5 -9.408589636723978e-17 7.08
endloop
endfacet
facet normal -0.0 -0.0 0.9999999999999999
outer loop
vertex -5.417 1.372 7.08
vertex -4.5 -9.408589636723978e-17 7.08
vertex -5.325 1.429 7.08
endloop
endfacet
facet normal -0.0 -0.0 1.0
outer loop
vertex -5.23 1.48 7.08
vertex -4.5 -9.408589636723978e-17 7.08
vertex -5.131 1.524 7.08
endloop
endfacet
facet normal 0.0 0.0 1.0
outer loop
vertex -5.03 1.562 7.08
vertex -5.131 1.524 7.08
vertex -4.5 -9.408589636723978e-17 7.08
endloop
endfacet
facet normal -0.0 -0.0 0.9999999999999999
outer loop
vertex -5.03 1.562 7.08
vertex -4.5 -9.408589636723978e-17 7.08
vertex -4.927 1.594 7.08
endloop
endfacet
facet normal -0.0 -0.0 1.0
outer loop
vertex -4.927 1.594 7.08
vertex -4.5 -9.408589636723978e-17 7.08
vertex -4.822 1.618 7.08
endloop
endfacet
facet normal -0.0 -0.0 0.9999999999999999
outer loop
vertex -4.822 1.618 7.08
vertex -4.5 -9.408589636723978e-17 7.08
vertex -4.715 1.636 7.08
endloop
endfacet
facet normal -0.0 -0.0 1.0
outer loop
vertex -5.809 1.004 7.08
vertex -4.5 -9.408589636723978e-17 7.08
vertex -5.741 1.088 7.08
endloop
endfacet
facet normal 0.0 0.0 1.0
outer loop
vertex -5.667 1.167 7.08
vertex -5.741 1.088 7.08
vertex -4.5 -9.408589636723978e-17 7.08
endloop
endfacet
facet normal -0.7772448707074836 0.629198228667967 -8.215206228620535e-17
outer loop
vertex -5.809 1.004 7.08
vertex -5.741 1.088 7.08
vertex -5.809 1.0039999999999993 2.0
endloop
endfacet
facet normal -0.8500681718937174 0.5266726717167627 -6.90619047142673e-17
outer loop
vertex -5.872 0.9169999999999999 7.08
vertex -5.929 0.8249999999999992 2.0
vertex -5.929 0.8249999999999998 7.08
endloop
endfacet
facet normal -0.8099421215430226 0.5865098121518408 -7.69082713723877e-17
outer loop
vertex -5.809 1.004 7.08
vertex -5.872 0.9169999999999993 2.0
vertex -5.872 0.9169999999999999 7.08
endloop
endfacet
facet normal -0.6836337652808022 0.7298252359078803 -9.621840822220752e-17
outer loop
vertex -5.667 1.167 7.08
vertex -5.588 1.241 7.08
vertex -5.667 1.1669999999999994 2.0
endloop
endfacet
facet normal -0.5266726717167618 0.8500681718937183 -1.1201103880466407e-16
outer loop
vertex -5.417 1.372 7.08
vertex -5.325 1.429 7.08
vertex -5.417 1.3719999999999994 2.0
endloop
endfacet
facet normal -0.6291982286679613 0.7772448707074882 -1.0111023050609895e-16
outer loop
vertex -5.588 1.241 7.08
vertex -5.504 1.309 7.08
vertex -5.588 1.2409999999999994 2.0
endloop
endfacet
facet normal -0.586509812151845 0.8099421215430195 -1.0620666046663079e-16
outer loop
vertex -5.417 1.372 7.08
vertex -5.504 1.3089999999999993 2.0
vertex -5.504 1.309 7.08
endloop
endfacet
facet normal -0.7298252359078823 0.6836337652808 -8.964400944400797e-17
outer loop
vertex -5.667 1.167 7.08
vertex -5.741 1.0879999999999994 2.0
vertex -5.741 1.088 7.08
endloop
endfacet
facet normal -0.8810660074470887 0.4729933303137019 -6.20230022608351e-17
outer loop
vertex -5.929 0.8249999999999998 7.08
vertex -5.98 0.7299999999999992 2.0
vertex -5.98 0.7299999999999999 7.08
endloop
endfacet
facet normal -0.9138115486202586 0.4061384660534446 -5.325641057462323e-17
outer loop
vertex -5.98 0.7299999999999999 7.08
vertex -6.024 0.6309999999999992 2.0
vertex -6.024 0.6309999999999999 7.08
endloop
endfacet
facet normal -0.9549735887158589 0.29669082367871363 -3.5662626181832827e-17
outer loop
vertex -6.062 0.5299999999999999 7.08
vertex -6.094 0.42699999999999927 2.0
vertex -6.094 0.4269999999999999 7.08
endloop
endfacet
facet normal -0.9359477990383264 0.35213877587580833 -4.6175501201650397e-17
outer loop
vertex -6.024 0.6309999999999999 7.08
vertex -6.062 0.5299999999999992 2.0
vertex -6.062 0.5299999999999999 7.08
endloop
endfacet
facet normal -0.9748585065718672 0.22282480150214132 -2.6783833424579547e-17
outer loop
vertex -6.094 0.4269999999999999 7.08
vertex -6.118 0.3219999999999993 2.0
vertex -6.118 0.3219999999999999 7.08
endloop
endfacet
facet normal -0.9861437025208727 0.1658933331343505 -1.9940596248555516e-17
outer loop
vertex -6.118 0.3219999999999999 7.08
vertex -6.136 0.21499999999999928 2.0
vertex -6.136 0.21499999999999989 7.08
endloop
endfacet
facet normal -0.9956612082761613 0.09305244937160188 -1.1185026473339666e-17
outer loop
vertex -6.136 0.21499999999999989 7.08
vertex -6.146 0.10799999999999929 2.0
vertex -6.146 0.1079999999999999 7.08
endloop
endfacet
facet normal -0.9993148337667669 0.03701166050988439 -4.532621157455843e-18
outer loop
vertex -6.146 0.1079999999999999 7.08
vertex -6.15 -7.162064703340953e-16 2.0
vertex -6.15 -9.408589636723978e-17 7.08
endloop
endfacet
facet normal -0.47299333031370105 0.8810660074470892 -1.1559638391138073e-16
outer loop
vertex -5.325 1.429 7.08
vertex -5.23 1.48 7.08
vertex -5.325 1.4289999999999994 2.0
endloop
endfacet
facet normal -0.40613846605344717 0.9138115486202573 -1.197764915859194e-16
outer loop
vertex -5.23 1.48 7.08
vertex -5.131 1.524 7.08
vertex -5.23 1.4799999999999993 2.0
endloop
endfacet
facet normal -0.35213877587580655 0.9359477990383268 -1.2272962161491213e-16
outer loop
vertex -5.03 1.562 7.08
vertex -5.131 1.5239999999999994 2.0
vertex -5.131 1.524 7.08
endloop
endfacet
facet normal -0.0 -0.0 1.0
outer loop
vertex -4.392 1.646 7.08
vertex -4.261 1.446 7.08
vertex -4.285 1.636 7.08
endloop
endfacet
facet normal -0.0 0.0 1.0
outer loop
vertex -4.285 1.636 7.08
vertex -4.261 1.446 7.08
vertex -4.195 1.621 7.08
endloop
endfacet
facet normal -0.8818830408163563 0.47146824105182006 -5.58330556368271e-17
outer loop
vertex -3.897 2.2500000000000013 17.0
vertex -3.897 2.2499999999999996 2.0
vertex -4.036 1.9899999999999993 2.0
endloop
endfacet
facet normal -0.9114117455455921 0.41149560153364567 -4.8730868411160775e-17
outer loop
vertex -4.036 1.990000000000001 17.0
vertex -4.036 1.9899999999999993 2.0
vertex -4.157 1.7219999999999993 2.0
endloop
endfacet
facet normal -0.9359477990383261 0.35213877587580833 -4.170160819633494e-17
outer loop
vertex -4.157 1.722000000000001 17.0
vertex -4.157 1.7219999999999993 2.0
vertex -4.195 1.6209999999999993 2.0
endloop
endfacet
facet normal -0.8499026917123798 0.5269396688616748 -6.240219231558261e-17
outer loop
vertex -3.742 2.5000000000000013 17.0
vertex -3.742 2.4999999999999996 2.0
vertex -3.897 2.2499999999999996 2.0
endloop
endfacet
facet normal -0.8116631508985099 0.5841257822365854 -6.917438855639865e-17
outer loop
vertex -3.57 2.739000000000001 17.0
vertex -3.57 2.7389999999999994 2.0
vertex -3.742 2.4999999999999996 2.0
endloop
endfacet
facet normal -0.7732012755606448 0.6341606953063172 -7.509971255907966e-17
outer loop
vertex -3.383 2.9670000000000014 17.0
vertex -3.383 2.9669999999999996 2.0
vertex -3.57 2.7389999999999994 2.0
endloop
endfacet
facet normal -0.03701166050988042 0.9993148337667671 -1.3102858972811925e-16
outer loop
vertex -4.608 1.646 7.08
vertex -4.5 1.65 7.08
vertex -4.608 1.6459999999999992 2.0
endloop
endfacet
facet normal 0.03701166050988042 0.9993148337667671 -1.3102858972811925e-16
outer loop
vertex -4.5 1.65 7.08
vertex -4.392 1.646 7.08
vertex -4.5 1.6499999999999992 2.0
endloop
endfacet
facet normal 0.09305244937160374 0.995661208276161 -1.3067733344207458e-16
outer loop
vertex -4.392 1.646 7.08
vertex -4.285 1.636 7.08
vertex -4.392 1.6459999999999992 2.0
endloop
endfacet
facet normal 0.16439898730535651 0.9863939238321439 -1.2934455656560618e-16
outer loop
vertex -4.285 1.636 7.08
vertex -4.195 1.621 7.08
vertex -4.195 1.6209999999999993 2.0
endloop
endfacet
facet normal -0.0 0.0 1.0
outer loop
vertex -4.5 1.65 7.08
vertex -4.414 0.8779999999999999 7.08
vertex -4.392 1.646 7.08
endloop
endfacet
facet normal -0.0 0.0 1.0
outer loop
vertex -4.392 1.646 7.08
vertex -4.347 1.165 7.08
vertex -4.261 1.446 7.08
endloop
endfacet
facet normal -0.0 0.0 1.0
outer loop
vertex -4.392 1.646 7.08
vertex -4.414 0.8779999999999999 7.08
vertex -4.347 1.165 7.08
endloop
endfacet
facet normal -0.0 -0.0 1.0
outer loop
vertex -4.715 1.636 7.08
vertex -4.5 -9.408589636723978e-17 7.08
vertex -4.608 1.646 7.08
endloop
endfacet
facet normal -0.0 0.0 1.0
outer loop
vertex -4.608 1.646 7.08
vertex -4.5 -9.408589636723978e-17 7.08
vertex -4.5 1.65 7.08
endloop
endfacet
facet normal -0.0 0.0 1.0
outer loop
vertex -4.5 1.65 7.08
vertex -4.462 0.5869999999999999 7.08
vertex -4.414 0.8779999999999999 7.08
endloop
endfacet
facet normal -0.0 0.0 1.0
outer loop
vertex -4.5 1.65 7.08
vertex -4.49 0.2939999999999999 7.08
vertex -4.462 0.5869999999999999 7.08
endloop
endfacet
facet normal -0.0 0.0 1.0
outer loop
vertex -4.5 1.65 7.08
vertex -4.5 -9.408589636723978e-17 7.08
vertex -4.49 0.2939999999999999 7.08
endloop
endfacet
facet normal -0.35213877587580655 0.9359477990383268 -1.2272962161491213e-16
outer loop
vertex -5.03 1.562 7.08
vertex -5.03 1.5619999999999994 2.0
vertex -5.131 1.5239999999999994 2.0
endloop
endfacet
facet normal -0.296690823678712 0.9549735887158594 -1.2522444875211753e-16
outer loop
vertex -4.927 1.594 7.08
vertex -4.927 1.5939999999999994 2.0
vertex -5.03 1.5619999999999994 2.0
endloop
endfacet
facet normal -0.2228248015021422 0.9748585065718669 -1.2783193225367492e-16
outer loop
vertex -4.822 1.618 7.08
vertex -4.822 1.6179999999999994 2.0
vertex -4.927 1.5939999999999994 2.0
endloop
endfacet
facet normal -0.1658933331343502 0.9861437025208727 -1.2931174536942211e-16
outer loop
vertex -4.715 1.636 7.08
vertex -4.715 1.6359999999999992 2.0
vertex -4.822 1.6179999999999994 2.0
endloop
endfacet
facet normal -0.09305244937160374 0.995661208276161 -1.305597635615312e-16
outer loop
vertex -4.608 1.646 7.08
vertex -4.608 1.6459999999999992 2.0
vertex -4.715 1.6359999999999992 2.0
endloop
endfacet
facet normal -0.8816645083703712 0.4718767791278053 -1.0339903913953576e-16
outer loop
vertex -5.516 2.7199999999999998 2.0
vertex -5.326 3.0749999999999997 2.0
vertex -5.516 2.7199999999999993 0.0
endloop
endfacet
facet normal -0.9107070275936573 0.41305291415450107 -9.171617113656906e-17
outer loop
vertex -5.516 2.7199999999999998 2.0
vertex -5.682 2.353999999999999 0.0
vertex -5.682 2.3539999999999996 2.0
endloop
endfacet
facet normal -0.8816645083703712 0.4718767791278053 -1.0477769299472979e-16
outer loop
vertex -5.516 2.7199999999999993 0.0
vertex -5.326 3.0749999999999997 2.0
vertex -5.326 3.0749999999999993 0.0
endloop
endfacet
facet normal -0.9107070275936573 0.41305291415450107 -9.171617113656906e-17
outer loop
vertex -5.516 2.7199999999999998 2.0
vertex -5.516 2.7199999999999993 0.0
vertex -5.682 2.353999999999999 0.0
endloop
endfacet
facet normal -0.9358181329054198 0.3524832224736579 -3.913349893843264e-17
outer loop
vertex -5.682 2.3539999999999996 2.0
vertex -5.824 1.9769999999999992 0.0
vertex -5.824 1.9769999999999994 2.0
endloop
endfacet
facet normal -0.9574833622965897 0.2884884935750777 -3.202865679064778e-17
outer loop
vertex -5.824 1.9769999999999994 2.0
vertex -5.94 1.5919999999999992 0.0
vertex -5.94 1.5919999999999994 2.0
endloop
endfacet
facet normal 0.0 0.0 0.9999999999999999
outer loop
vertex -5.682 2.3539999999999996 2.0
vertex -5.824 1.9769999999999994 2.0
vertex -4.822 1.6179999999999994 2.0
endloop
endfacet
facet normal 0.0 0.0 1.0
outer loop
vertex -5.824 1.9769999999999994 2.0
vertex -5.94 1.5919999999999994 2.0
vertex -5.417 1.3719999999999994 2.0
endloop
endfacet
facet normal -0.0 0.0 1.0
outer loop
vertex -5.824 1.9769999999999994 2.0
vertex -5.417 1.3719999999999994 2.0
vertex -5.325 1.4289999999999994 2.0
endloop
endfacet
facet normal -0.0 0.0 1.0
outer loop
vertex -5.824 1.9769999999999994 2.0
vertex -5.23 1.4799999999999993 2.0
vertex -5.131 1.5239999999999994 2.0
endloop
endfacet
facet normal -0.0 0.0 1.0
outer loop
vertex -5.824 1.9769999999999994 2.0
vertex -5.325 1.4289999999999994 2.0
vertex -5.23 1.4799999999999993 2.0
endloop
endfacet
facet normal -0.9574833622965897 0.2884884935750777 -3.202865679064778e-17
outer loop
vertex -5.824 1.9769999999999994 2.0
vertex -5.824 1.9769999999999992 0.0
vertex -5.94 1.5919999999999992 0.0
endloop
endfacet
facet normal -0.9358181329054196 0.352483222473658 -7.82669978768653e-17
outer loop
vertex -5.682 2.3539999999999996 2.0
vertex -5.682 2.353999999999999 0.0
vertex -5.824 1.9769999999999992 0.0
endloop
endfacet
facet normal 0.0 0.0 1.0
outer loop
vertex -5.114 3.4169999999999994 2.0
vertex -5.326 3.0749999999999997 2.0
vertex -3.897 2.2499999999999996 2.0
endloop
endfacet
facet normal -0.0 -0.0 1.0
outer loop
vertex -5.516 2.7199999999999998 2.0
vertex -4.036 1.9899999999999993 2.0
vertex -5.326 3.0749999999999997 2.0
endloop
endfacet
facet normal 0.0 0.0 1.0
outer loop
vertex -5.516 2.7199999999999998 2.0
vertex -5.682 2.3539999999999996 2.0
vertex -4.157 1.7219999999999993 2.0
endloop
endfacet
facet normal -0.0 0.0 1.0
outer loop
vertex -5.824 1.9769999999999994 2.0
vertex -5.131 1.5239999999999994 2.0
vertex -5.03 1.5619999999999994 2.0
endloop
endfacet
facet normal -0.0 0.0 1.0
outer loop
vertex -5.824 1.9769999999999994 2.0
vertex -5.03 1.5619999999999994 2.0
vertex -4.927 1.5939999999999994 2.0
endloop
endfacet
facet normal -0.0 0.0 0.9999999999999999
outer loop
vertex -5.824 1.9769999999999994 2.0
vertex -4.927 1.5939999999999994 2.0
vertex -4.822 1.6179999999999994 2.0
endloop
endfacet
facet normal -0.0 0.0 0.9999999999999999
outer loop
vertex -5.682 2.3539999999999996 2.0
vertex -4.822 1.6179999999999994 2.0
vertex -4.715 1.6359999999999992 2.0
endloop
endfacet
facet normal -0.0 0.0 1.0
outer loop
vertex -5.682 2.3539999999999996 2.0
vertex -4.715 1.6359999999999992 2.0
vertex -4.608 1.6459999999999992 2.0
endloop
endfacet
facet normal -0.0 0.0 1.0
outer loop
vertex -5.682 2.3539999999999996 2.0
vertex -4.608 1.6459999999999992 2.0
vertex -4.5 1.6499999999999992 2.0
endloop
endfacet
facet normal 0.0 0.0 1.0
outer loop
vertex -5.682 2.3539999999999996 2.0
vertex -4.5 1.6499999999999992 2.0
vertex -4.392 1.6459999999999992 2.0
endloop
endfacet
facet normal 0.0 0.0 1.0
outer loop
vertex -5.682 2.3539999999999996 2.0
vertex -4.392 1.6459999999999992 2.0
vertex -4.285 1.6359999999999992 2.0
endloop
endfacet
facet normal -0.0 0.0 1.0
outer loop
vertex -5.682 2.3539999999999996 2.0
vertex -4.285 1.6359999999999992 2.0
vertex -4.157 1.7219999999999993 2.0
endloop
endfacet
facet normal -0.8099421215430226 0.5865098121518408 -7.69082713723877e-17
outer loop
vertex -5.809 1.004 7.08
vertex -5.809 1.0039999999999993 2.0
vertex -5.872 0.9169999999999993 2.0
endloop
endfacet
facet normal -0.8500681718937174 0.5266726717167627 -6.90619047142673e-17
outer loop
vertex -5.872 0.9169999999999999 7.08
vertex -5.872 0.9169999999999993 2.0
vertex -5.929 0.8249999999999992 2.0
endloop
endfacet
facet normal -0.8810660074470887 0.4729933303137019 -6.20230022608351e-17
outer loop
vertex -5.929 0.8249999999999998 7.08
vertex -5.929 0.8249999999999992 2.0
vertex -5.98 0.7299999999999992 2.0
endloop
endfacet
facet normal -0.6836337652808022 0.7298252359078803 -9.570103710914354e-17
outer loop
vertex -5.588 1.241 7.08
vertex -5.588 1.2409999999999994 2.0
vertex -5.667 1.1669999999999994 2.0
endloop
endfacet
facet normal -0.5865098121518451 0.8099421215430195 -1.0620666046663078e-16
outer loop
vertex -5.417 1.372 7.08
vertex -5.417 1.3719999999999994 2.0
vertex -5.504 1.3089999999999993 2.0
endloop
endfacet
facet normal -0.6291982286679613 0.7772448707074882 -1.0191911235014838e-16
outer loop
vertex -5.504 1.309 7.08
vertex -5.504 1.3089999999999993 2.0
vertex -5.588 1.2409999999999994 2.0
endloop
endfacet
facet normal -0.7772448707074836 0.629198228667967 -8.250594809297731e-17
outer loop
vertex -5.741 1.088 7.08
vertex -5.741 1.0879999999999994 2.0
vertex -5.809 1.0039999999999993 2.0
endloop
endfacet
facet normal -0.7298252359078823 0.6836337652808 -8.964400944400797e-17
outer loop
vertex -5.667 1.167 7.08
vertex -5.667 1.1669999999999994 2.0
vertex -5.741 1.0879999999999994 2.0
endloop
endfacet
facet normal -0.9138115486202586 0.4061384660534446 -5.325641057462323e-17
outer loop
vertex -5.98 0.7299999999999999 7.08
vertex -5.98 0.7299999999999992 2.0
vertex -6.024 0.6309999999999992 2.0
endloop
endfacet
facet normal -0.9359477990383263 0.3521387758758084 -4.61755012016504e-17
outer loop
vertex -6.024 0.6309999999999999 7.08
vertex -6.024 0.6309999999999992 2.0
vertex -6.062 0.5299999999999992 2.0
endloop
endfacet
facet normal -0.9549735887158589 0.29669082367871374 -3.8904683107454004e-17
outer loop
vertex -6.062 0.5299999999999999 7.08
vertex -6.062 0.5299999999999992 2.0
vertex -6.094 0.42699999999999927 2.0
endloop
endfacet
facet normal -0.9748585065718672 0.22282480150214132 -2.6783833424579547e-17
outer loop
vertex -6.094 0.4269999999999999 7.08
vertex -6.094 0.42699999999999927 2.0
vertex -6.118 0.3219999999999993 2.0
endloop
endfacet
facet normal -0.9861437025208727 0.1658933331343505 -1.9940596248555516e-17
outer loop
vertex -6.118 0.3219999999999999 7.08
vertex -6.118 0.3219999999999993 2.0
vertex -6.136 0.21499999999999928 2.0
endloop
endfacet
facet normal -0.9956612082761613 0.09305244937160188 -1.1185026473339666e-17
outer loop
vertex -6.136 0.21499999999999989 7.08
vertex -6.136 0.21499999999999928 2.0
vertex -6.146 0.10799999999999929 2.0
endloop
endfacet
facet normal -0.9993148337667669 0.03701166050988439 -4.448850142268863e-18
outer loop
vertex -6.146 0.1079999999999999 7.08
vertex -6.146 0.10799999999999929 2.0
vertex -6.15 -7.162064703340953e-16 2.0
endloop
endfacet
facet normal -0.5266726717167618 0.8500681718937183 -1.1146833743355372e-16
outer loop
vertex -5.325 1.429 7.08
vertex -5.325 1.4289999999999994 2.0
vertex -5.417 1.3719999999999994 2.0
endloop
endfacet
facet normal -0.47299333031370105 0.8810660074470892 -1.1553304342704542e-16
outer loop
vertex -5.23 1.48 7.08
vertex -5.23 1.4799999999999993 2.0
vertex -5.325 1.4289999999999994 2.0
endloop
endfacet
facet normal -0.40613846605344717 0.9138115486202573 -1.198269237929032e-16
outer loop
vertex -5.131 1.524 7.08
vertex -5.131 1.5239999999999994 2.0
vertex -5.23 1.4799999999999993 2.0
endloop
endfacet
facet normal 0.0 0.0 1.0
outer loop
vertex -5.94 1.5919999999999994 2.0
vertex -6.032 1.1999999999999993 2.0
vertex -5.741 1.0879999999999994 2.0
endloop
endfacet
facet normal -0.0 0.0 1.0
outer loop
vertex -5.94 1.5919999999999994 2.0
vertex -5.741 1.0879999999999994 2.0
vertex -5.667 1.1669999999999994 2.0
endloop
endfacet
facet normal -0.9735472948655235 0.22848558961129534 -2.5366996238151455e-17
outer loop
vertex -5.94 1.5919999999999994 2.0
vertex -6.032 1.199999999999999 0.0
vertex -6.032 1.1999999999999993 2.0
endloop
endfacet
facet normal -0.0 0.0 1.0
outer loop
vertex -6.032 1.1999999999999993 2.0
vertex -6.097 0.8029999999999993 2.0
vertex -5.929 0.8249999999999992 2.0
endloop
endfacet
facet normal -0.0 0.0 1.0
outer loop
vertex -6.097 0.8029999999999993 2.0
vertex -5.98 0.7299999999999992 2.0
vertex -5.929 0.8249999999999992 2.0
endloop
endfacet
facet normal -0.0 0.0 1.0
outer loop
vertex -6.032 1.1999999999999993 2.0
vertex -5.929 0.8249999999999992 2.0
vertex -5.872 0.9169999999999993 2.0
endloop
endfacet
facet normal -0.0 0.0 1.0
outer loop
vertex -6.032 1.1999999999999993 2.0
vertex -5.872 0.9169999999999993 2.0
vertex -5.809 1.0039999999999993 2.0
endloop
endfacet
facet normal -0.0 0.0 1.0
outer loop
vertex -6.032 1.1999999999999993 2.0
vertex -5.809 1.0039999999999993 2.0
vertex -5.741 1.0879999999999994 2.0
endloop
endfacet
facet normal -0.9868601732113027 0.16157660266683893 -1.7938606452143505e-17
outer loop
vertex -6.032 1.1999999999999993 2.0
vertex -6.097 0.802999999999999 0.0
vertex -6.097 0.8029999999999993 2.0
endloop
endfacet
facet normal -0.0 0.0 1.0
outer loop
vertex -5.94 1.5919999999999994 2.0
vertex -5.588 1.2409999999999994 2.0
vertex -5.504 1.3089999999999993 2.0
endloop
endfacet
facet normal -0.0 0.0 1.0
outer loop
vertex -5.94 1.5919999999999994 2.0
vertex -5.504 1.3089999999999993 2.0
vertex -5.417 1.3719999999999994 2.0
endloop
endfacet
facet normal -0.0 0.0 1.0
outer loop
vertex -5.94 1.5919999999999994 2.0
vertex -5.667 1.1669999999999994 2.0
vertex -5.588 1.2409999999999994 2.0
endloop
endfacet
facet normal -0.9735472948655235 0.22848558961129534 -2.5366996238151455e-17
outer loop
vertex -5.94 1.5919999999999994 2.0
vertex -5.94 1.5919999999999992 0.0
vertex -6.032 1.199999999999999 0.0
endloop
endfacet
facet normal -0.9868601732113027 0.16157660266683893 -1.7938606452143505e-17
outer loop
vertex -6.032 1.1999999999999993 2.0
vertex -6.032 1.199999999999999 0.0
vertex -6.097 0.802999999999999 0.0
endloop
endfacet
facet normal -0.0 0.0 1.0
outer loop
vertex -6.097 0.8029999999999993 2.0
vertex -6.062 0.5299999999999992 2.0
vertex -6.024 0.6309999999999992 2.0
endloop
endfacet
facet normal -0.0 0.0 1.0
outer loop
vertex -6.097 0.8029999999999993 2.0
vertex -6.137 0.4019999999999993 2.0
vertex -6.062 0.5299999999999992 2.0
endloop
endfacet
facet normal -0.0 0.0 1.0
outer loop
vertex -6.097 0.8029999999999993 2.0
vertex -6.024 0.6309999999999992 2.0
vertex -5.98 0.7299999999999992 2.0
endloop
endfacet
facet normal -0.0 0.0 0.9999999999999999
outer loop
vertex -6.062 0.5299999999999992 2.0
vertex -6.137 0.4019999999999993 2.0
vertex -6.094 0.42699999999999927 2.0
endloop
endfacet
facet normal -0.9950617286968773 0.09925802780018514 -1.3774818480331178e-17
outer loop
vertex -6.097 0.8029999999999993 2.0
vertex -6.137 0.401999999999999 0.0
vertex -6.137 0.4019999999999993 2.0
endloop
endfacet
facet normal -0.0 0.0 1.0
outer loop
vertex -6.137 0.4019999999999993 2.0
vertex -6.118 0.3219999999999993 2.0
vertex -6.094 0.42699999999999927 2.0
endloop
endfacet
facet normal -0.0 0.0 1.0
outer loop
vertex -6.137 0.4019999999999993 2.0
vertex -6.136 0.21499999999999928 2.0
vertex -6.118 0.3219999999999993 2.0
endloop
endfacet
facet normal -0.0 0.0 1.0
outer loop
vertex -6.137 0.4019999999999993 2.0
vertex -6.146 0.10799999999999929 2.0
vertex -6.136 0.21499999999999928 2.0
endloop
endfacet
facet normal -0.999531714190798 0.030597909618086814 0.0003467763090051281
outer loop
vertex -6.137 0.4019999999999993 2.0
vertex -6.15 -9.611358301635656e-16 0.0
vertex -6.146 0.10799999999999929 2.0
endloop
endfacet
facet normal -0.999314833766767 0.0370116605098844 -4.532621157455836e-18
outer loop
vertex -6.146 0.10799999999999929 2.0
vertex -6.15 -9.611358301635656e-16 0.0
vertex -6.15 -7.162064703340953e-16 2.0
endloop
endfacet
facet normal -0.9950617286968771 0.09925802780018513 -1.101985478426494e-17
outer loop
vertex -6.097 0.8029999999999993 2.0
vertex -6.097 0.802999999999999 0.0
vertex -6.137 0.401999999999999 0.0
endloop
endfacet
facet normal -0.9994775266560739 0.03232141255355659 -4.4854970506708876e-18
outer loop
vertex -6.137 0.4019999999999993 2.0
vertex -6.137 0.401999999999999 0.0
vertex -6.15 -9.611358301635656e-16 0.0
endloop
endfacet
facet normal -0.0 -0.0 -0.9999999999999999
outer loop
vertex -5.516 2.7199999999999993 0.0
vertex -2.683 -1.9500000000000008 0.0
vertex -5.682 2.353999999999999 0.0
endloop
endfacet
facet normal -0.0 -0.0 -1.0
outer loop
vertex -5.682 2.353999999999999 0.0
vertex -2.683 -1.9500000000000008 0.0
vertex -5.824 1.9769999999999992 0.0
endloop
endfacet
facet normal -0.0 -0.0 -1.0
outer loop
vertex -5.824 1.9769999999999992 0.0
vertex -2.683 -1.9500000000000008 0.0
vertex -5.94 1.5919999999999992 0.0
endloop
endfacet
facet normal -0.0 -0.0 -0.9999999999999999
outer loop
vertex -5.94 1.5919999999999992 0.0
vertex -2.683 -1.9500000000000008 0.0
vertex -6.032 1.199999999999999 0.0
endloop
endfacet
facet normal -0.0 -0.0 -1.0
outer loop
vertex -6.032 1.199999999999999 0.0
vertex -2.683 -1.9500000000000008 0.0
vertex -6.097 0.802999999999999 0.0
endloop
endfacet
facet normal -0.03701166050988042 0.9993148337667671 -1.310388587359046e-16
outer loop
vertex -4.5 1.65 7.08
vertex -4.5 1.6499999999999992 2.0
vertex -4.608 1.6459999999999992 2.0
endloop
endfacet
facet normal 0.03701166050988042 0.9993148337667671 -1.310388587359046e-16
outer loop
vertex -4.392 1.646 7.08
vertex -4.392 1.6459999999999992 2.0
vertex -4.5 1.6499999999999992 2.0
endloop
endfacet
facet normal 0.09305244937160374 0.995661208276161 -1.305597635615312e-16
outer loop
vertex -4.285 1.636 7.08
vertex -4.285 1.6359999999999992 2.0
vertex -4.392 1.6459999999999992 2.0
endloop
endfacet
facet normal 0.16439898730535651 0.9863939238321439 -1.2958782613090628e-16
outer loop
vertex -4.285 1.636 7.08
vertex -4.195 1.6209999999999993 2.0
vertex -4.285 1.6359999999999992 2.0
endloop
endfacet
facet normal -0.0 0.0 0.9999999999999999
outer loop
vertex -5.114 3.4169999999999994 2.0
vertex -3.897 2.2499999999999996 2.0
vertex -3.742 2.4999999999999996 2.0
endloop
endfacet
facet normal -0.0 0.0 1.0
outer loop
vertex -5.326 3.0749999999999997 2.0
vertex -4.036 1.9899999999999993 2.0
vertex -3.897 2.2499999999999996 2.0
endloop
endfacet
facet normal -0.0 0.0 0.9999999999999999
outer loop
vertex -5.114 3.4169999999999994 2.0
vertex -3.742 2.4999999999999996 2.0
vertex -3.57 2.7389999999999994 2.0
endloop
endfacet
facet normal 0.0 0.0 -1.0
outer loop
vertex -5.114 3.416999999999999 0.0
vertex -4.879 3.7439999999999993 0.0
vertex -2.683 1.949999999999999 0.0
endloop
endfacet
facet normal -0.0 0.0 1.0
outer loop
vertex -5.516 2.7199999999999998 2.0
vertex -4.157 1.7219999999999993 2.0
vertex -4.036 1.9899999999999993 2.0
endloop
endfacet
facet normal -0.0 0.0 1.0
outer loop
vertex -4.285 1.6359999999999992 2.0
vertex -4.195 1.6209999999999993 2.0
vertex -4.157 1.7219999999999993 2.0
endloop
endfacet
facet normal 0.0 0.0 -1.0
outer loop
vertex -5.516 2.7199999999999993 0.0
vertex -5.326 3.0749999999999993 0.0
vertex -2.683 -1.9500000000000008 0.0
endloop
endfacet
facet normal -0.0 -0.0 -1.0
outer loop
vertex -5.114 3.416999999999999 0.0
vertex -2.683 -1.9500000000000008 0.0
vertex -5.326 3.0749999999999993 0.0
endloop
endfacet
facet normal 0.0 0.0 -0.9999999999999999
outer loop
vertex -5.114 3.416999999999999 0.0
vertex -2.683 1.949999999999999 0.0
vertex -2.683 -1.9500000000000008 0.0
endloop
endfacet
facet normal -0.935947799038326 0.3521387758758093 -1.2262203067187198e-16
outer loop
vertex -1.562 5.030000000000001 7.08
vertex -1.524 5.131 7.08
vertex -1.562 5.029999999999999 2.0
endloop
endfacet
facet normal -0.9549735887158601 0.2966908236787097 0.0
outer loop
vertex -1.562 5.030000000000001 7.08
vertex -1.594 4.927 2.0
vertex -1.594 4.927 7.08
endloop
endfacet
facet normal -0.9748585065718665 0.22282480150214395 -7.791660632605052e-17
outer loop
vertex -1.594 4.927 7.08
vertex -1.618 4.821999999999999 2.0
vertex -1.618 4.822000000000001 7.08
endloop
endfacet
facet normal -0.995661208276161 0.09305244937160449 -3.253825883153449e-17
outer loop
vertex -1.636 4.715 7.08
vertex -1.646 4.607999999999999 2.0
vertex -1.646 4.6080000000000005 7.08
endloop
endfacet
facet normal -0.9861437025208729 0.16589333313434884 0.0
outer loop
vertex -1.618 4.822000000000001 7.08
vertex -1.636 4.715 2.0
vertex -1.636 4.715 7.08
endloop
endfacet
facet normal -0.5269396688616748 0.8499026917123798 -1.0064869728319789e-16
outer loop
vertex -2.25 3.897000000000001 17.0
vertex -2.25 3.8969999999999994 2.0
vertex -2.5 3.7419999999999995 2.0
endloop
endfacet
facet normal -0.6341606953063172 0.7732012755606448 -9.156542493834327e-17
outer loop
vertex -2.739 3.570000000000001 17.0
vertex -2.739 3.5699999999999994 2.0
vertex -2.967 3.3829999999999996 2.0
endloop
endfacet
facet normal -0.6829232947005958 0.7304900913464076 -8.6507404658487e-17
outer loop
vertex -2.967 3.3830000000000013 17.0
vertex -2.967 3.3829999999999996 2.0
vertex -3.182 3.1819999999999995 2.0
endloop
endfacet
facet normal -0.5841257822365854 0.8116631508985099 -9.612022595918171e-17
outer loop
vertex -2.5 3.7420000000000013 17.0
vertex -2.5 3.7419999999999995 2.0
vertex -2.739 3.5699999999999994 2.0
endloop
endfacet
facet normal -0.47146824105182145 0.8818830408163553 -1.0443593140701486e-16
outer loop
vertex -1.99 4.036000000000001 17.0
vertex -1.99 4.036 2.0
vertex -2.25 3.8969999999999994 2.0
endloop
endfacet
facet normal -0.0 0.0 1.0
outer loop
vertex -1.636 4.285 7.08
vertex -1.621 4.195 7.08
vertex -1.446 4.261000000000001 7.08
endloop
endfacet
facet normal -0.41149560153364567 0.9114117455455921 -1.0793283251397555e-16
outer loop
vertex -1.722 4.157000000000002 17.0
vertex -1.722 4.157 2.0
vertex -1.99 4.036 2.0
endloop
endfacet
facet normal -0.9993148337667671 0.037011660509880105 0.0
outer loop
vertex -1.646 4.6080000000000005 7.08
vertex -1.65 4.5 2.0
vertex -1.65 4.5 7.08
endloop
endfacet
facet normal -0.9993148337667669 -0.03701166050988071 1.2942109504780857e-17
outer loop
vertex -1.65 4.5 7.08
vertex -1.646 4.3919999999999995 2.0
vertex -1.646 4.392000000000001 7.08
endloop
endfacet
facet normal -0.9956612082761611 -0.09305244937160297 0.0
outer loop
vertex -1.646 4.392000000000001 7.08
vertex -1.636 4.285 2.0
vertex -1.636 4.285 7.08
endloop
endfacet
facet normal -0.9863939238321439 -0.16439898730535651 -0.0
outer loop
vertex -1.636 4.285 7.08
vertex -1.636 4.285 2.0
vertex -1.621 4.195 7.08
endloop
endfacet
facet normal -0.0 -0.0 1.0
outer loop
vertex -1.48 5.23 7.08
vertex 0.0 4.5 7.08
vertex -1.429 5.325000000000001 7.08
endloop
endfacet
facet normal 0.0 0.0 1.0
outer loop
vertex -1.241 5.588000000000001 7.08
vertex -1.309 5.504 7.08
vertex 0.0 4.5 7.08
endloop
endfacet
facet normal -0.0 -0.0 1.0
outer loop
vertex -1.241 5.588000000000001 7.08
vertex 0.0 4.5 7.08
vertex -1.167 5.667 7.08
endloop
endfacet
facet normal -0.0 -0.0 1.0
outer loop
vertex -1.372 5.417 7.08
vertex 0.0 4.5 7.08
vertex -1.309 5.504 7.08
endloop
endfacet
facet normal 0.0 0.0 1.0
outer loop
vertex -1.372 5.417 7.08
vertex -1.429 5.325000000000001 7.08
vertex 0.0 4.5 7.08
endloop
endfacet
facet normal 0.0 0.0 1.0
outer loop
vertex -1.48 5.23 7.08
vertex -1.524 5.131 7.08
vertex 0.0 4.5 7.08
endloop
endfacet
facet normal -0.0 -0.0 1.0
outer loop
vertex -1.562 5.030000000000001 7.08
vertex 0.0 4.5 7.08
vertex -1.524 5.131 7.08
endloop
endfacet
facet normal 0.0 0.0 1.0
outer loop
vertex -1.562 5.030000000000001 7.08
vertex -1.594 4.927 7.08
vertex 0.0 4.5 7.08
endloop
endfacet
facet normal 0.0 0.0 0.9999999999999999
outer loop
vertex -1.594 4.927 7.08
vertex -1.618 4.822000000000001 7.08
vertex 0.0 4.5 7.08
endloop
endfacet
facet normal 0.0 0.0 1.0
outer loop
vertex -1.618 4.822000000000001 7.08
vertex -1.636 4.715 7.08
vertex 0.0 4.5 7.08
endloop
endfacet
facet normal -0.0 -0.0 1.0
outer loop
vertex -1.004 5.809000000000001 7.08
vertex 0.0 4.5 7.08
vertex -0.917 5.872 7.08
endloop
endfacet
facet normal -0.0 -0.0 1.0
outer loop
vertex -0.917 5.872 7.08
vertex 0.0 4.5 7.08
vertex -0.825 5.929 7.08
endloop
endfacet
facet normal -0.0 -0.0 1.0
outer loop
vertex -0.825 5.929 7.08
vertex 0.0 4.5 7.08
vertex -0.73 5.98 7.08
endloop
endfacet
facet normal -0.0 -0.0 1.0
outer loop
vertex -0.73 5.98 7.08
vertex 0.0 4.5 7.08
vertex -0.631 6.024000000000001 7.08
endloop
endfacet
facet normal -0.0 -0.0 1.0
outer loop
vertex -0.631 6.024000000000001 7.08
vertex 0.0 4.5 7.08
vertex -0.53 6.062000000000001 7.08
endloop
endfacet
facet normal -0.0 -0.0 1.0
outer loop
vertex -0.53 6.062000000000001 7.08
vertex 0.0 4.5 7.08
vertex -0.427 6.094000000000001 7.08
endloop
endfacet
facet normal -0.0 -0.0 1.0
outer loop
vertex -0.427 6.094000000000001 7.08
vertex 0.0 4.5 7.08
vertex -0.322 6.118 7.08
endloop
endfacet
facet normal -0.0 -0.0 1.0
outer loop
vertex -0.322 6.118 7.08
vertex 0.0 4.5 7.08
vertex -0.215 6.136000000000001 7.08
endloop
endfacet
facet normal -0.0 -0.0 1.0
outer loop
vertex -0.215 6.136000000000001 7.08
vertex 0.0 4.5 7.08
vertex -0.108 6.146000000000001 7.08
endloop
endfacet
facet normal -0.0 0.0 1.0
outer loop
vertex -0.108 6.146000000000001 7.08
vertex 0.0 4.5 7.08
vertex 0.0 6.15 7.08
endloop
endfacet
facet normal -0.0 -0.0 1.0
outer loop
vertex -1.167 5.667 7.08
vertex 0.0 4.5 7.08
vertex -1.088 5.741 7.08
endloop
endfacet
facet normal 0.0 0.0 1.0
outer loop
vertex -1.004 5.809000000000001 7.08
vertex -1.088 5.741 7.08
vertex 0.0 4.5 7.08
endloop
endfacet
facet normal -0.8099421215430195 0.5865098121518451 0.0
outer loop
vertex -1.372 5.417 7.08
vertex -1.309 5.504 7.08
vertex -1.372 5.417 2.0
endloop
endfacet
facet normal -0.7298252359078765 0.6836337652808062 -2.3975734507828903e-16
outer loop
vertex -1.241 5.588000000000001 7.08
vertex -1.167 5.667 7.08
vertex -1.241 5.587999999999999 2.0
endloop
endfacet
facet normal -0.7772448707074914 0.6291982286679572 0.0
outer loop
vertex -1.241 5.588000000000001 7.08
vertex -1.309 5.504 2.0
vertex -1.309 5.504 7.08
endloop
endfacet
facet normal -0.586509812151836 0.8099421215430261 -2.829380023207082e-16
outer loop
vertex -1.004 5.809000000000001 7.08
vertex -0.917 5.872 7.08
vertex -1.004 5.808999999999999 2.0
endloop
endfacet
facet normal -0.5266726717167627 0.8500681718937174 0.0
outer loop
vertex -0.917 5.872 7.08
vertex -0.825 5.929 7.08
vertex -0.917 5.872 2.0
endloop
endfacet
facet normal -0.4729933303137019 0.8810660074470887 0.0
outer loop
vertex -0.825 5.929 7.08
vertex -0.73 5.98 7.08
vertex -0.825 5.929 2.0
endloop
endfacet
facet normal -0.6836337652808 0.7298252359078823 0.0
outer loop
vertex -1.167 5.667 7.08
vertex -1.088 5.741 7.08
vertex -1.167 5.667 2.0
endloop
endfacet
facet normal -0.6291982286679719 0.7772448707074795 0.0
outer loop
vertex -1.004 5.809000000000001 7.08
vertex -1.088 5.741 2.0
vertex -1.088 5.741 7.08
endloop
endfacet
facet normal -0.881066007447091 0.4729933303136976 0.0
outer loop
vertex -1.48 5.23 7.08
vertex -1.429 5.325000000000001 7.08
vertex -1.48 5.23 2.0
endloop
endfacet
facet normal -0.8500681718937159 0.5266726717167654 -1.8416507923804706e-16
outer loop
vertex -1.372 5.417 7.08
vertex -1.429 5.324999999999999 2.0
vertex -1.429 5.325000000000001 7.08
endloop
endfacet
facet normal -0.9138115486202573 0.40613846605344717 0.0
outer loop
vertex -1.48 5.23 7.08
vertex -1.524 5.131 2.0
vertex -1.524 5.131 7.08
endloop
endfacet
facet normal -0.40613846605345144 0.9138115486202555 0.0
outer loop
vertex -0.73 5.98 7.08
vertex -0.631 6.024000000000001 7.08
vertex -0.73 5.98 2.0
endloop
endfacet
facet normal -0.3521387758758084 0.9359477990383263 -3.275194883751908e-16
outer loop
vertex -0.631 6.024000000000001 7.08
vertex -0.53 6.062000000000001 7.08
vertex -0.631 6.023999999999999 2.0
endloop
endfacet
facet normal -0.29669082367871363 0.9549735887158589 -3.3402051333303974e-16
outer loop
vertex -0.53 6.062000000000001 7.08
vertex -0.427 6.094000000000001 7.08
vertex -0.53 6.061999999999999 2.0
endloop
endfacet
facet normal -0.2228248015021335 0.974858506571869 -3.408217439799129e-16
outer loop
vertex -0.427 6.094000000000001 7.08
vertex -0.322 6.118 7.08
vertex -0.427 6.093999999999999 2.0
endloop
endfacet
facet normal -0.16589333313435844 0.9861437025208712 0.0
outer loop
vertex -0.322 6.118 7.08
vertex -0.215 6.136000000000001 7.08
vertex -0.322 6.118 2.0
endloop
endfacet
facet normal -0.09305244937160187 0.9956612082761612 -3.479432951223634e-16
outer loop
vertex -0.215 6.136000000000001 7.08
vertex -0.108 6.146000000000001 7.08
vertex -0.215 6.135999999999999 2.0
endloop
endfacet
facet normal -0.03701166050987619 0.9993148337667671 -3.4934374563533116e-16
outer loop
vertex -0.108 6.146000000000001 7.08
vertex 0.0 6.15 7.08
vertex -0.108 6.145999999999999 2.0
endloop
endfacet
facet normal -0.0 0.0 1.0
outer loop
vertex -1.646 4.392000000000001 7.08
vertex -1.636 4.285 7.08
vertex -1.165 4.347000000000001 7.08
endloop
endfacet
facet normal -0.0 0.0 1.0
outer loop
vertex -1.636 4.285 7.08
vertex -1.446 4.261000000000001 7.08
vertex -1.165 4.347000000000001 7.08
endloop
endfacet
facet normal -0.0 0.0 1.0
outer loop
vertex -1.65 4.5 7.08
vertex -1.646 4.392000000000001 7.08
vertex -0.587 4.462 7.08
endloop
endfacet
facet normal -0.0 0.0 1.0
outer loop
vertex -1.646 4.392000000000001 7.08
vertex -1.165 4.347000000000001 7.08
vertex -0.878 4.414 7.08
endloop
endfacet
facet normal 0.0 0.0 0.9999999999999999
outer loop
vertex -1.636 4.715 7.08
vertex -1.646 4.6080000000000005 7.08
vertex 0.0 4.5 7.08
endloop
endfacet
facet normal -0.0 0.0 0.9999999999999999
outer loop
vertex -1.646 4.6080000000000005 7.08
vertex -1.65 4.5 7.08
vertex 0.0 4.5 7.08
endloop
endfacet
facet normal 0.0 0.0 1.0
outer loop
vertex -1.646 4.392000000000001 7.08
vertex -0.878 4.414 7.08
vertex -0.587 4.462 7.08
endloop
endfacet
facet normal -0.0 0.0 1.0
outer loop
vertex -1.65 4.5 7.08
vertex -0.587 4.462 7.08
vertex -0.294 4.49 7.08
endloop
endfacet
facet normal -0.0 0.0 1.0
outer loop
vertex -1.65 4.5 7.08
vertex -0.294 4.49 7.08
vertex 0.0 4.5 7.08
endloop
endfacet
facet normal -0.9549735887158586 0.2966908236787143 -1.0374582161987754e-16
outer loop
vertex -1.562 5.030000000000001 7.08
vertex -1.562 5.029999999999999 2.0
vertex -1.594 4.927 2.0
endloop
endfacet
facet normal -0.9748585065718676 0.22282480150214043 0.0
outer loop
vertex -1.594 4.927 7.08
vertex -1.594 4.927 2.0
vertex -1.618 4.821999999999999 2.0
endloop
endfacet
facet normal -0.9956612082761611 0.09305244937160297 0.0
outer loop
vertex -1.636 4.715 7.08
vertex -1.636 4.715 2.0
vertex -1.646 4.607999999999999 2.0
endloop
endfacet
facet normal -0.9861437025208725 0.16589333313435153 -5.80090072685255e-17
outer loop
vertex -1.618 4.822000000000001 7.08
vertex -1.618 4.821999999999999 2.0
vertex -1.636 4.715 2.0
endloop
endfacet
facet normal -0.471876779127807 0.8816645083703702 0.0
outer loop
vertex -2.72 5.516 2.0
vertex -3.075 5.325999999999999 0.0
vertex -3.075 5.325999999999999 2.0
endloop
endfacet
facet normal -0.41305291415450107 0.9107070275936573 0.0
outer loop
vertex -2.72 5.516 2.0
vertex -2.354 5.682 2.0
vertex -2.72 5.516 0.0
endloop
endfacet
facet normal -0.471876779127807 0.8816645083703702 0.0
outer loop
vertex -2.72 5.516 2.0
vertex -2.72 5.516 0.0
vertex -3.075 5.325999999999999 0.0
endloop
endfacet
facet normal -0.41305291415450107 0.9107070275936573 0.0
outer loop
vertex -2.354 5.682 2.0
vertex -2.354 5.682 0.0
vertex -2.72 5.516 0.0
endloop
endfacet
facet normal -0.0 -0.0 1.0
outer loop
vertex -3.417 5.113999999999999 2.0
vertex -2.5 3.7419999999999995 2.0
vertex -3.075 5.325999999999999 2.0
endloop
endfacet
facet normal -0.0 -0.0 1.0
outer loop
vertex -2.72 5.516 2.0
vertex -1.99 4.036 2.0
vertex -2.354 5.682 2.0
endloop
endfacet
facet normal 0.0 0.0 1.0
outer loop
vertex -2.72 5.516 2.0
vertex -3.075 5.325999999999999 2.0
vertex -1.99 4.036 2.0
endloop
endfacet
facet normal -0.0 -0.0 0.9999999999999999
outer loop
vertex -2.354 5.682 2.0
vertex -1.636 4.715 2.0
vertex -1.977 5.824 2.0
endloop
endfacet
facet normal -0.352483222473658 0.9358181329054196 0.0
outer loop
vertex -2.354 5.682 2.0
vertex -1.977 5.824 2.0
vertex -2.354 5.682 0.0
endloop
endfacet
facet normal -0.28848849357507567 0.9574833622965903 0.0
outer loop
vertex -1.977 5.824 2.0
vertex -1.592 5.9399999999999995 2.0
vertex -1.977 5.824 0.0
endloop
endfacet
facet normal -0.0 -0.0 1.0
outer loop
vertex -1.977 5.824 2.0
vertex -1.429 5.324999999999999 2.0
vertex -1.592 5.9399999999999995 2.0
endloop
endfacet
facet normal -0.0 0.0 1.0
outer loop
vertex -1.977 5.824 2.0
vertex -1.524 5.131 2.0
vertex -1.48 5.23 2.0
endloop
endfacet
facet normal -0.0 0.0 1.0
outer loop
vertex -1.977 5.824 2.0
vertex -1.48 5.23 2.0
vertex -1.429 5.324999999999999 2.0
endloop
endfacet
facet normal -0.352483222473658 0.9358181329054196 0.0
outer loop
vertex -2.354 5.682 0.0
vertex -1.977 5.824 2.0
vertex -1.977 5.824 0.0
endloop
endfacet
facet normal -0.28848849357507567 0.9574833622965903 0.0
outer loop
vertex -1.592 5.9399999999999995 2.0
vertex -1.592 5.9399999999999995 0.0
vertex -1.977 5.824 0.0
endloop
endfacet
facet normal -0.0 0.0 1.0
outer loop
vertex -2.354 5.682 2.0
vertex -1.99 4.036 2.0
vertex -1.722 4.157 2.0
endloop
endfacet
facet normal -0.0 0.0 1.0
outer loop
vertex -2.354 5.682 2.0
vertex -1.646 4.607999999999999 2.0
vertex -1.636 4.715 2.0
endloop
endfacet
facet normal -0.0 0.0 1.0
outer loop
vertex -1.977 5.824 2.0
vertex -1.636 4.715 2.0
vertex -1.618 4.821999999999999 2.0
endloop
endfacet
facet normal -0.0 0.0 1.0
outer loop
vertex -1.977 5.824 2.0
vertex -1.562 5.029999999999999 2.0
vertex -1.524 5.131 2.0
endloop
endfacet
facet normal -0.0 0.0 1.0
outer loop
vertex -1.977 5.824 2.0
vertex -1.594 4.927 2.0
vertex -1.562 5.029999999999999 2.0
endloop
endfacet
facet normal -0.0 0.0 1.0
outer loop
vertex -1.977 5.824 2.0
vertex -1.618 4.821999999999999 2.0
vertex -1.594 4.927 2.0
endloop
endfacet
facet normal -0.0 0.0 1.0
outer loop
vertex -2.354 5.682 2.0
vertex -1.65 4.5 2.0
vertex -1.646 4.607999999999999 2.0
endloop
endfacet
facet normal -0.0 -0.0 1.0
outer loop
vertex -2.354 5.682 2.0
vertex -1.646 4.3919999999999995 2.0
vertex -1.65 4.5 2.0
endloop
endfacet
facet normal -0.0 -0.0 1.0
outer loop
vertex -2.354 5.682 2.0
vertex -1.636 4.285 2.0
vertex -1.646 4.3919999999999995 2.0
endloop
endfacet
facet normal -0.0 0.0 1.0
outer loop
vertex -2.354 5.682 2.0
vertex -1.722 4.157 2.0
vertex -1.636 4.285 2.0
endloop
endfacet
facet normal 0.0 -0.0 -1.0
outer loop
vertex -1.592 5.9399999999999995 0.0
vertex -1.2 6.032 0.0
vertex -2.683 1.949999999999999 0.0
endloop
endfacet
facet normal 0.0 -0.0 -1.0
outer loop
vertex -1.2 6.032 0.0
vertex -0.803 6.0969999999999995 0.0
vertex -2.683 1.949999999999999 0.0
endloop
endfacet
facet normal -0.9993148337667671 0.03701166050988072 -1.2942109504780861e-17
outer loop
vertex -1.646 4.6080000000000005 7.08
vertex -1.646 4.607999999999999 2.0
vertex -1.65 4.5 2.0
endloop
endfacet
facet normal -0.9993148337667671 -0.037011660509880105 -0.0
outer loop
vertex -1.65 4.5 7.08
vertex -1.65 4.5 2.0
vertex -1.646 4.3919999999999995 2.0
endloop
endfacet
facet normal -0.995661208276161 -0.09305244937160452 3.2538258831534494e-17
outer loop
vertex -1.646 4.392000000000001 7.08
vertex -1.646 4.3919999999999995 2.0
vertex -1.636 4.285 2.0
endloop
endfacet
facet normal -0.3521387758758084 0.9359477990383263 0.0
outer loop
vertex -1.621 4.195 7.08
vertex -1.621 4.195 2.0
vertex -1.722 4.157 2.0
endloop
endfacet
facet normal -0.9863939238321439 -0.16439898730535651 0.0
outer loop
vertex -1.621 4.195 7.08
vertex -1.636 4.285 2.0
vertex -1.621 4.195 2.0
endloop
endfacet
facet normal -0.0 0.0 0.9999999999999999
outer loop
vertex -3.417 5.113999999999999 2.0
vertex -2.739 3.5699999999999994 2.0
vertex -2.5 3.7419999999999995 2.0
endloop
endfacet
facet normal -0.0 0.0 1.0
outer loop
vertex -3.075 5.325999999999999 2.0
vertex -2.5 3.7419999999999995 2.0
vertex -2.25 3.8969999999999994 2.0
endloop
endfacet
facet normal -0.0 0.0 1.0
outer loop
vertex -3.075 5.325999999999999 2.0
vertex -2.25 3.8969999999999994 2.0
vertex -1.99 4.036 2.0
endloop
endfacet
facet normal -0.0 -0.0 -0.9999999999999999
outer loop
vertex -2.72 5.516 0.0
vertex -2.683 1.949999999999999 0.0
vertex -3.075 5.325999999999999 0.0
endloop
endfacet
facet normal 0.0 0.0 -1.0
outer loop
vertex -3.417 5.113999999999999 0.0
vertex -3.075 5.325999999999999 0.0
vertex -2.683 1.949999999999999 0.0
endloop
endfacet
facet normal 0.0 -0.0 -1.0
outer loop
vertex -2.72 5.516 0.0
vertex -2.354 5.682 0.0
vertex -2.683 1.949999999999999 0.0
endloop
endfacet
facet normal 0.0 -0.0 -1.0
outer loop
vertex -2.354 5.682 0.0
vertex -1.977 5.824 0.0
vertex -2.683 1.949999999999999 0.0
endloop
endfacet
facet normal -0.0 0.0 0.9999999999999999
outer loop
vertex -1.636 4.285 2.0
vertex -1.722 4.157 2.0
vertex -1.621 4.195 2.0
endloop
endfacet
facet normal 0.0 -0.0 -1.0
outer loop
vertex -1.977 5.824 0.0
vertex -1.592 5.9399999999999995 0.0
vertex -2.683 1.949999999999999 0.0
endloop
endfacet
facet normal -0.8500681718937204 0.526672671716758 0.0
outer loop
vertex -1.372 5.417 7.08
vertex -1.372 5.417 2.0
vertex -1.429 5.324999999999999 2.0
endloop
endfacet
facet normal -0.7298252359078842 0.6836337652807981 0.0
outer loop
vertex -1.167 5.667 7.08
vertex -1.167 5.667 2.0
vertex -1.241 5.587999999999999 2.0
endloop
endfacet
facet normal -0.777244870707485 0.6291982286679653 -2.2001586158127223e-16
outer loop
vertex -1.241 5.588000000000001 7.08
vertex -1.241 5.587999999999999 2.0
vertex -1.309 5.504 2.0
endloop
endfacet
facet normal -0.8099421215430195 0.5865098121518451 0.0
outer loop
vertex -1.309 5.504 7.08
vertex -1.309 5.504 2.0
vertex -1.372 5.417 2.0
endloop
endfacet
facet normal -0.6291982286679619 0.7772448707074875 -2.717842996003954e-16
outer loop
vertex -1.004 5.809000000000001 7.08
vertex -1.004 5.808999999999999 2.0
vertex -1.088 5.741 2.0
endloop
endfacet
facet normal -0.5865098121518466 0.8099421215430183 0.0
outer loop
vertex -0.917 5.872 7.08
vertex -0.917 5.872 2.0
vertex -1.004 5.808999999999999 2.0
endloop
endfacet
facet normal -0.5266726717167627 0.8500681718937174 0.0
outer loop
vertex -0.825 5.929 7.08
vertex -0.825 5.929 2.0
vertex -0.917 5.872 2.0
endloop
endfacet
facet normal -0.6836337652808 0.7298252359078823 0.0
outer loop
vertex -1.088 5.741 7.08
vertex -1.088 5.741 2.0
vertex -1.167 5.667 2.0
endloop
endfacet
facet normal -0.8810660074470872 0.4729933303137044 -1.6539467269556117e-16
outer loop
vertex -1.429 5.325000000000001 7.08
vertex -1.429 5.324999999999999 2.0
vertex -1.48 5.23 2.0
endloop
endfacet
facet normal -0.9138115486202573 0.40613846605344717 0.0
outer loop
vertex -1.48 5.23 7.08
vertex -1.48 5.23 2.0
vertex -1.524 5.131 2.0
endloop
endfacet
facet normal -0.9359477990383279 0.35213877587580383 0.0
outer loop
vertex -1.524 5.131 7.08
vertex -1.524 5.131 2.0
vertex -1.562 5.029999999999999 2.0
endloop
endfacet
facet normal -0.4729933303137019 0.8810660074470887 0.0
outer loop
vertex -0.73 5.98 7.08
vertex -0.73 5.98 2.0
vertex -0.825 5.929 2.0
endloop
endfacet
facet normal -0.40613846605343773 0.9138115486202615 -3.195384634477433e-16
outer loop
vertex -0.631 6.024000000000001 7.08
vertex -0.631 6.023999999999999 2.0
vertex -0.73 5.98 2.0
endloop
endfacet
facet normal -0.3521387758758084 0.9359477990383263 -3.2727899097309883e-16
outer loop
vertex -0.53 6.062000000000001 7.08
vertex -0.53 6.061999999999999 2.0
vertex -0.631 6.023999999999999 2.0
endloop
endfacet
facet normal -0.29669082367871363 0.9549735887158589 -3.339318633389799e-16
outer loop
vertex -0.427 6.094000000000001 7.08
vertex -0.427 6.093999999999999 2.0
vertex -0.53 6.061999999999999 2.0
endloop
endfacet
facet normal -0.22282480150214917 0.9748585065718653 0.0
outer loop
vertex -0.322 6.118 7.08
vertex -0.322 6.118 2.0
vertex -0.427 6.093999999999999 2.0
endloop
endfacet
facet normal -0.16589333313434254 0.986143702520874 -3.4483132098512613e-16
outer loop
vertex -0.215 6.136000000000001 7.08
vertex -0.215 6.135999999999999 2.0
vertex -0.322 6.118 2.0
endloop
endfacet
facet normal -0.09305244937160187 0.9956612082761612 -3.4815936949741656e-16
outer loop
vertex -0.108 6.146000000000001 7.08
vertex -0.108 6.145999999999999 2.0
vertex -0.215 6.135999999999999 2.0
endloop
endfacet
facet normal -0.0370116605098926 0.9993148337667666 0.0
outer loop
vertex 0.0 6.15 7.08
vertex 0.0 6.15 2.0
vertex -0.108 6.145999999999999 2.0
endloop
endfacet
facet normal -0.0 -0.0 1.0
outer loop
vertex -1.592 5.9399999999999995 2.0
vertex -1.167 5.667 2.0
vertex -1.2 6.032 2.0
endloop
endfacet
facet normal -0.22848558961129745 0.9735472948655229 0.0
outer loop
vertex -1.592 5.9399999999999995 2.0
vertex -1.2 6.032 2.0
vertex -1.592 5.9399999999999995 0.0
endloop
endfacet
facet normal -0.0 0.0 0.9999999999999999
outer loop
vertex -1.592 5.9399999999999995 2.0
vertex -1.309 5.504 2.0
vertex -1.241 5.587999999999999 2.0
endloop
endfacet
facet normal -0.0 0.0 1.0
outer loop
vertex -1.592 5.9399999999999995 2.0
vertex -1.372 5.417 2.0
vertex -1.309 5.504 2.0
endloop
endfacet
facet normal -0.0 0.0 1.0
outer loop
vertex -1.592 5.9399999999999995 2.0
vertex -1.429 5.324999999999999 2.0
vertex -1.372 5.417 2.0
endloop
endfacet
facet normal -0.0 0.0 1.0
outer loop
vertex -1.592 5.9399999999999995 2.0
vertex -1.241 5.587999999999999 2.0
vertex -1.167 5.667 2.0
endloop
endfacet
facet normal -0.0 0.0 1.0
outer loop
vertex -1.2 6.032 2.0
vertex -1.167 5.667 2.0
vertex -1.088 5.741 2.0
endloop
endfacet
facet normal -0.0 0.0 1.0
outer loop
vertex -1.2 6.032 2.0
vertex -1.088 5.741 2.0
vertex -1.004 5.808999999999999 2.0
endloop
endfacet
facet normal -0.0 0.0 1.0
outer loop
vertex -1.2 6.032 2.0
vertex -1.004 5.808999999999999 2.0
vertex -0.917 5.872 2.0
endloop
endfacet
facet normal -0.0 0.0 1.0
outer loop
vertex -1.2 6.032 2.0
vertex -0.917 5.872 2.0
vertex -0.825 5.929 2.0
endloop
endfacet
facet normal -0.0 0.0 1.0
outer loop
vertex -1.2 6.032 2.0
vertex -0.825 5.929 2.0
vertex -0.803 6.0969999999999995 2.0
endloop
endfacet
facet normal -0.0 0.0 1.0
outer loop
vertex -0.803 6.0969999999999995 2.0
vertex -0.825 5.929 2.0
vertex -0.73 5.98 2.0
endloop
endfacet
facet normal -0.16157660266683685 0.9868601732113031 0.0
outer loop
vertex -1.2 6.032 2.0
vertex -0.803 6.0969999999999995 2.0
vertex -1.2 6.032 0.0
endloop
endfacet
facet normal -0.22848558961129745 0.9735472948655229 0.0
outer loop
vertex -1.592 5.9399999999999995 0.0
vertex -1.2 6.032 2.0
vertex -1.2 6.032 0.0
endloop
endfacet
facet normal -0.16157660266683685 0.9868601732113031 0.0
outer loop
vertex -0.803 6.0969999999999995 2.0
vertex -0.803 6.0969999999999995 0.0
vertex -1.2 6.032 0.0
endloop
endfacet
facet normal 0.0 -0.0 -1.0
outer loop
vertex -0.803 6.0969999999999995 0.0
vertex -0.402 6.136999999999999 0.0
vertex -2.683 1.949999999999999 0.0
endloop
endfacet
facet normal 0.0 -0.0 -1.0
outer loop
vertex -0.402 6.136999999999999 0.0
vertex 0.0 6.15 0.0
vertex -2.683 1.949999999999999 0.0
endloop
endfacet
facet normal -0.0 0.0 1.0
outer loop
vertex -0.803 6.0969999999999995 2.0
vertex -0.73 5.98 2.0
vertex -0.631 6.023999999999999 2.0
endloop
endfacet
facet normal -0.0 0.0 1.0
outer loop
vertex -0.803 6.0969999999999995 2.0
vertex -0.631 6.023999999999999 2.0
vertex -0.53 6.061999999999999 2.0
endloop
endfacet
facet normal -0.0 0.0 1.0
outer loop
vertex -0.803 6.0969999999999995 2.0
vertex -0.53 6.061999999999999 2.0
vertex -0.402 6.136999999999999 2.0
endloop
endfacet
facet normal 0.0 0.0 1.0
outer loop
vertex -0.53 6.061999999999999 2.0
vertex -0.427 6.093999999999999 2.0
vertex -0.402 6.136999999999999 2.0
endloop
endfacet
facet normal -0.09925802780018513 0.9950617286968771 0.0
outer loop
vertex -0.803 6.0969999999999995 2.0
vertex -0.402 6.136999999999999 2.0
vertex -0.803 6.0969999999999995 0.0
endloop
endfacet
facet normal -0.0 0.0 1.0
outer loop
vertex -0.402 6.136999999999999 2.0
vertex -0.427 6.093999999999999 2.0
vertex -0.322 6.118 2.0
endloop
endfacet
facet normal -0.0 0.0 1.0
outer loop
vertex -0.402 6.136999999999999 2.0
vertex -0.322 6.118 2.0
vertex -0.215 6.135999999999999 2.0
endloop
endfacet
facet normal -0.0 0.0 1.0
outer loop
vertex -0.402 6.136999999999999 2.0
vertex -0.215 6.135999999999999 2.0
vertex -0.108 6.145999999999999 2.0
endloop
endfacet
facet normal -0.030597911457844552 0.9995317742895509 0.0
outer loop
vertex -0.402 6.136999999999999 2.0
vertex -0.108 6.145999999999999 2.0
vertex -0.402 6.136999999999999 0.0
endloop
endfacet
facet normal -0.03701164402577195 0.9993143886955088 0.0009437969226585165
outer loop
vertex -0.108 6.145999999999999 2.0
vertex 0.0 6.15 2.0
vertex -0.402 6.136999999999999 0.0
endloop
endfacet
facet normal -0.09925802780018513 0.9950617286968771 0.0
outer loop
vertex -0.803 6.0969999999999995 0.0
vertex -0.402 6.136999999999999 2.0
vertex -0.402 6.136999999999999 0.0
endloop
endfacet
facet normal -0.03232141255355879 0.9994775266560737 0.0
outer loop
vertex 0.0 6.15 2.0
vertex 0.0 6.15 0.0
vertex -0.402 6.136999999999999 0.0
endloop
endfacet
facet normal 0.0 -0.0 -1.0
outer loop
vertex 0.0 6.15 0.0
vertex 0.402 6.136999999999999 0.0
vertex -2.683 1.949999999999999 0.0
endloop
endfacet
facet normal 0.0 -0.0 -0.9999999999999999
outer loop
vertex 0.402 6.136999999999999 0.0
vertex 0.803 6.0969999999999995 0.0
vertex -2.683 1.949999999999999 0.0
endloop
endfacet
facet normal 0.0 -0.0 -1.0
outer loop
vertex 0.803 6.0969999999999995 0.0
vertex 1.2 6.032 0.0
vertex -2.683 1.949999999999999 0.0
endloop
endfacet
facet normal 0.0 0.0 -0.9999999999999999
outer loop
vertex 1.592 5.9399999999999995 0.0
vertex 1.025 3.153999999999999 0.0
vertex -2.683 1.949999999999999 0.0
endloop
endfacet
facet normal -0.0 0.0 1.0
outer loop
vertex -4.414 -0.8779999999999989 17.0
vertex -4.347 -1.164999999999999 17.0
vertex -2.683 1.950000000000001 17.0
endloop
endfacet
facet normal -0.0 0.0 1.0
outer loop
vertex -4.347 -1.164999999999999 17.0
vertex -4.261 -1.4459999999999988 17.0
vertex -2.683 1.950000000000001 17.0
endloop
endfacet
facet normal -0.0 0.0 1.0
outer loop
vertex -4.261 -1.4459999999999988 17.0
vertex -4.157 -1.7219999999999989 17.0
vertex -2.683 1.950000000000001 17.0
endloop
endfacet
facet normal -0.0 0.0 1.0
outer loop
vertex -4.157 -1.7219999999999989 17.0
vertex -4.036 -1.9899999999999989 17.0
vertex -2.683 1.950000000000001 17.0
endloop
endfacet
facet normal -0.0 0.0 1.0
outer loop
vertex -4.036 -1.9899999999999989 17.0
vertex -3.897 -2.2499999999999987 17.0
vertex -2.683 1.950000000000001 17.0
endloop
endfacet
facet normal -0.0 0.0 0.9999999999999999
outer loop
vertex -3.897 -2.2499999999999987 17.0
vertex -3.742 -2.4999999999999987 17.0
vertex -2.683 1.950000000000001 17.0
endloop
endfacet
facet normal -0.9994220387675937 -0.03399394689685621 4.1630578257620065e-18
outer loop
vertex -4.5 1.1207637283869347e-15 17.0
vertex -4.5 -9.408589636723978e-17 7.08
vertex -4.49 -0.2939999999999989 17.0
endloop
endfacet
facet normal -0.9954648817037139 -0.09512974978738724 1.1711367176901828e-17
outer loop
vertex -4.49 -0.2939999999999989 17.0
vertex -4.49 -0.2940000000000001 7.08
vertex -4.462 -0.5869999999999989 17.0
endloop
endfacet
facet normal -0.9866674589744352 -0.16274927158341213 2.003596647259723e-17
outer loop
vertex -4.462 -0.5869999999999989 17.0
vertex -4.462 -0.5870000000000001 7.08
vertex -4.414 -0.8779999999999989 17.0
endloop
endfacet
facet normal -0.9738161757902847 -0.22733687727508142 2.7987308371662985e-17
outer loop
vertex -4.414 -0.8779999999999989 17.0
vertex -4.414 -0.8780000000000001 7.08
vertex -4.347 -1.164999999999999 17.0
endloop
endfacet
facet normal -0.9562193912284617 -0.29265077453967264 3.2752785087533276e-17
outer loop
vertex -4.347 -1.164999999999999 17.0
vertex -4.347 -1.165 7.08
vertex -4.261 -1.4459999999999988 17.0
endloop
endfacet
facet normal -0.0 0.0 1.0
outer loop
vertex -3.742 -2.4999999999999987 17.0
vertex -3.57 -2.7389999999999985 17.0
vertex -2.683 -1.9499999999999988 17.0
endloop
endfacet
facet normal -0.0 0.0 1.0
outer loop
vertex -3.57 -2.7389999999999985 17.0
vertex -3.383 -2.9669999999999987 17.0
vertex -2.683 -1.9499999999999988 17.0
endloop
endfacet
facet normal -0.0 0.0 1.0
outer loop
vertex -3.383 -2.9669999999999987 17.0
vertex -3.182 -3.1819999999999986 17.0
vertex -2.683 -1.9499999999999988 17.0
endloop
endfacet
facet normal -0.9994220387675937 -0.033993946896856204 4.161196411911356e-18
outer loop
vertex -4.49 -0.2939999999999989 17.0
vertex -4.5 -9.408589636723978e-17 7.08
vertex -4.49 -0.2940000000000001 7.08
endloop
endfacet
facet normal -0.9954648817037139 -0.09512974978738724 1.1288351073515168e-17
outer loop
vertex -4.462 -0.5869999999999989 17.0
vertex -4.49 -0.2940000000000001 7.08
vertex -4.462 -0.5870000000000001 7.08
endloop
endfacet
facet normal -0.9866674589744352 -0.16274927158341213 1.9566373508395715e-17
outer loop
vertex -4.414 -0.8779999999999989 17.0
vertex -4.462 -0.5870000000000001 7.08
vertex -4.414 -0.8780000000000001 7.08
endloop
endfacet
facet normal -0.9738161757902847 -0.2273368772750815 2.492085633501226e-17
outer loop
vertex -4.347 -1.164999999999999 17.0
vertex -4.414 -0.8780000000000001 7.08
vertex -4.347 -1.165 7.08
endloop
endfacet
facet normal -0.9562193912284617 -0.29265077453967264 3.2133909787914076e-17
outer loop
vertex -4.261 -1.4459999999999988 17.0
vertex -4.347 -1.165 7.08
vertex -4.261 -1.446 7.08
endloop
endfacet
facet normal -0.9356683482929188 -0.35288063421332844 3.949356905725453e-17
outer loop
vertex -4.261 -1.4459999999999988 17.0
vertex -4.261 -1.446 7.08
vertex -4.195 -1.621 7.08
endloop
endfacet
facet normal -0.9357706599242069 -0.35260923417433915 4.1757321650751455e-17
outer loop
vertex -4.261 -1.4459999999999988 17.0
vertex -4.157 -1.7220000000000006 2.0
vertex -4.157 -1.7219999999999989 17.0
endloop
endfacet
facet normal -0.9114117455455921 -0.41149560153364567 4.8730868411160775e-17
outer loop
vertex -4.157 -1.7219999999999989 17.0
vertex -4.036 -1.9900000000000007 2.0
vertex -4.036 -1.9899999999999989 17.0
endloop
endfacet
facet normal -0.8818830408163559 -0.4714682410518207 5.583305563682717e-17
outer loop
vertex -4.036 -1.9899999999999989 17.0
vertex -3.897 -2.2500000000000004 2.0
vertex -3.897 -2.2499999999999987 17.0
endloop
endfacet
facet normal -0.8499026917123798 -0.5269396688616748 6.240219231558261e-17
outer loop
vertex -3.897 -2.2499999999999987 17.0
vertex -3.742 -2.5000000000000004 2.0
vertex -3.742 -2.4999999999999987 17.0
endloop
endfacet
facet normal -0.8116631508985099 -0.5841257822365854 6.917438855639865e-17
outer loop
vertex -3.742 -2.4999999999999987 17.0
vertex -3.57 -2.7390000000000003 2.0
vertex -3.57 -2.7389999999999985 17.0
endloop
endfacet
facet normal -0.7732012755606448 -0.6341606953063172 7.509971255907966e-17
outer loop
vertex -3.57 -2.7389999999999985 17.0
vertex -3.383 -2.9670000000000005 2.0
vertex -3.383 -2.9669999999999987 17.0
endloop
endfacet
facet normal -0.9381330079679219 -0.34627509539590806 -0.0001329270999595081
outer loop
vertex -4.261 -1.4459999999999988 17.0
vertex -4.195 -1.621 7.08
vertex -4.157 -1.7220000000000006 2.0
endloop
endfacet
facet normal -0.7304900913464076 -0.6829232947005958 8.087436435514374e-17
outer loop
vertex -3.383 -2.9669999999999987 17.0
vertex -3.182 -3.1820000000000004 2.0
vertex -3.182 -3.1819999999999986 17.0
endloop
endfacet
facet normal 0.0 0.0 1.0
outer loop
vertex -3.742 -2.4999999999999987 17.0
vertex -2.683 -1.9499999999999988 17.0
vertex -2.683 1.950000000000001 17.0
endloop
endfacet
facet normal -0.0 0.0 1.0
outer loop
vertex -3.182 -3.1819999999999986 17.0
vertex -2.967 -3.3829999999999987 17.0
vertex -2.683 -1.9499999999999988 17.0
endloop
endfacet
facet normal -0.0 0.0 1.0
outer loop
vertex -2.967 -3.3829999999999987 17.0
vertex -2.739 -3.5699999999999985 17.0
vertex -2.683 -1.9499999999999988 17.0
endloop
endfacet
facet normal -0.0 -0.0 1.0
outer loop
vertex -2.739 -3.5699999999999985 17.0
vertex -2.5 -3.7419999999999987 17.0
vertex -2.683 -1.9499999999999988 17.0
endloop
endfacet
facet normal -0.0 -0.0 0.9999999999999999
outer loop
vertex -2.5 -3.7419999999999987 17.0
vertex -2.25 -3.8969999999999985 17.0
vertex -2.683 -1.9499999999999988 17.0
endloop
endfacet
facet normal -0.0 -0.0 1.0
outer loop
vertex -2.25 -3.8969999999999985 17.0
vertex -1.99 -4.035999999999998 17.0
vertex -2.683 -1.9499999999999988 17.0
endloop
endfacet
facet normal -0.0 -0.0 0.9999999999999999
outer loop
vertex -1.99 -4.035999999999998 17.0
vertex -1.722 -4.156999999999998 17.0
vertex -2.683 -1.9499999999999988 17.0
endloop
endfacet
facet normal -0.0 -0.0 1.0
outer loop
vertex -1.722 -4.156999999999998 17.0
vertex -1.446 -4.260999999999999 17.0
vertex -2.683 -1.9499999999999988 17.0
endloop
endfacet
facet normal -0.0 -0.0 1.0
outer loop
vertex -1.446 -4.260999999999999 17.0
vertex -1.165 -4.3469999999999995 17.0
vertex -2.683 -1.9499999999999988 17.0
endloop
endfacet
facet normal -0.0 -0.0 1.0
outer loop
vertex -1.165 -4.3469999999999995 17.0
vertex -0.878 -4.413999999999998 17.0
vertex -2.683 -1.9499999999999988 17.0
endloop
endfacet
facet normal -0.3526092341690696 -0.9357706599102142 -5.468505492537674e-06
outer loop
vertex -1.722 -4.156999999999998 17.0
vertex -1.621 -4.195 7.08
vertex -1.446 -4.260999999999999 17.0
endloop
endfacet
facet normal -0.0 -0.0 1.0
outer loop
vertex -0.878 -4.413999999999998 17.0
vertex -0.587 -4.461999999999998 17.0
vertex -2.683 -1.9499999999999988 17.0
endloop
endfacet
facet normal -0.0 -0.0 0.9999999999999999
outer loop
vertex -0.587 -4.461999999999998 17.0
vertex -0.294 -4.489999999999998 17.0
vertex -2.683 -1.9499999999999988 17.0
endloop
endfacet
facet normal -0.0 -0.0 1.0
outer loop
vertex -0.294 -4.489999999999998 17.0
vertex 0.0 -4.499999999999998 17.0
vertex -2.683 -1.9499999999999988 17.0
endloop
endfacet
facet normal 0.0 -0.0 1.0
outer loop
vertex 0.0 -4.499999999999998 17.0
vertex 0.294 -4.489999999999998 17.0
vertex -2.683 -1.9499999999999988 17.0
endloop
endfacet
facet normal 0.0 -0.0 1.0
outer loop
vertex 0.294 -4.489999999999998 17.0
vertex 0.587 -4.461999999999998 17.0
vertex -2.683 -1.9499999999999988 17.0
endloop
endfacet
facet normal 0.0 -0.0 0.9999999999999999
outer loop
vertex 0.587 -4.461999999999998 17.0
vertex 0.878 -4.413999999999998 17.0
vertex -2.683 -1.9499999999999988 17.0
endloop
endfacet
facet normal 0.0 0.0 1.0
outer loop
vertex 1.165 -4.3469999999999995 17.0
vertex 1.025 -3.1539999999999986 17.0
vertex -2.683 -1.9499999999999988 17.0
endloop
endfacet
facet normal 0.0 -0.0 1.0
outer loop
vertex 0.878 -4.413999999999998 17.0
vertex 1.165 -4.3469999999999995 17.0
vertex -2.683 -1.9499999999999988 17.0
endloop
endfacet
facet normal -0.29265077453967264 -0.9562193912284617 -0.0
outer loop
vertex -1.446 -4.260999999999999 17.0
vertex -1.446 -4.260999999999999 7.08
vertex -1.165 -4.3469999999999995 17.0
endloop
endfacet
facet normal -0.22733687727507854 -0.9738161757902853 -0.0
outer loop
vertex -1.165 -4.3469999999999995 17.0
vertex -1.165 -4.3469999999999995 7.08
vertex -0.878 -4.413999999999998 17.0
endloop
endfacet
facet normal -0.16274927158341213 -0.9866674589744352 1.7668079525835727e-16
outer loop
vertex -0.878 -4.413999999999998 17.0
vertex -0.878 -4.414 7.08
vertex -0.587 -4.461999999999998 17.0
endloop
endfacet
facet normal -0.09512974978738721 -0.9954648817037139 1.7825613417310014e-16
outer loop
vertex -0.587 -4.461999999999998 17.0
vertex -0.587 -4.462 7.08
vertex -0.294 -4.489999999999998 17.0
endloop
endfacet
facet normal -0.033993946896856204 -0.9994220387675937 1.789647352834836e-16
outer loop
vertex -0.294 -4.489999999999998 17.0
vertex -0.294 -4.49 7.08
vertex 0.0 -4.499999999999998 17.0
endloop
endfacet
facet normal -0.6829232947005958 -0.7304900913464076 8.6507404658487e-17
outer loop
vertex -3.182 -3.1819999999999986 17.0
vertex -2.967 -3.3830000000000005 2.0
vertex -2.967 -3.3829999999999987 17.0
endloop
endfacet
facet normal -0.6341606953063172 -0.7732012755606448 9.156542493834327e-17
outer loop
vertex -2.967 -3.3829999999999987 17.0
vertex -2.739 -3.5700000000000003 2.0
vertex -2.739 -3.5699999999999985 17.0
endloop
endfacet
facet normal -0.5841257822365854 -0.8116631508985099 9.612022595918171e-17
outer loop
vertex -2.739 -3.5699999999999985 17.0
vertex -2.5 -3.7420000000000004 2.0
vertex -2.5 -3.7419999999999987 17.0
endloop
endfacet
facet normal -0.5269396688616748 -0.8499026917123798 1.0064869728319789e-16
outer loop
vertex -2.5 -3.7419999999999987 17.0
vertex -2.25 -3.8970000000000002 2.0
vertex -2.25 -3.8969999999999985 17.0
endloop
endfacet
facet normal -0.4714682410518192 -0.8818830408163567 1.0443593140701503e-16
outer loop
vertex -2.25 -3.8969999999999985 17.0
vertex -1.99 -4.036 2.0
vertex -1.99 -4.035999999999998 17.0
endloop
endfacet
facet normal -0.41149560153364567 -0.9114117455455921 1.0793283251397555e-16
outer loop
vertex -1.99 -4.035999999999998 17.0
vertex -1.722 -4.157 2.0
vertex -1.722 -4.156999999999998 17.0
endloop
endfacet
facet normal -0.35213877587582276 -0.9359477990383208 0.0
outer loop
vertex -1.722 -4.156999999999998 17.0
vertex -1.621 -4.195 2.0
vertex -1.621 -4.195 7.08
endloop
endfacet
facet normal -0.35288063421332433 -0.9356683482929206 0.0
outer loop
vertex -1.446 -4.260999999999999 17.0
vertex -1.621 -4.195 7.08
vertex -1.446 -4.260999999999999 7.08
endloop
endfacet
facet normal -0.29265077453967264 -0.9562193912284617 0.0
outer loop
vertex -1.165 -4.3469999999999995 17.0
vertex -1.446 -4.260999999999999 7.08
vertex -1.165 -4.3469999999999995 7.08
endloop
endfacet
facet normal -0.22733687727508428 -0.973816175790284 1.7444599434508567e-16
outer loop
vertex -0.878 -4.413999999999998 17.0
vertex -1.165 -4.3469999999999995 7.08
vertex -0.878 -4.414 7.08
endloop
endfacet
facet normal -0.16274927158341213 -0.9866674589744352 1.7669028198490676e-16
outer loop
vertex -0.587 -4.461999999999998 17.0
vertex -0.878 -4.414 7.08
vertex -0.587 -4.462 7.08
endloop
endfacet
facet normal -0.09512974978738724 -0.9954648817037139 1.782371222133974e-16
outer loop
vertex -0.294 -4.489999999999998 17.0
vertex -0.587 -4.462 7.08
vertex -0.294 -4.49 7.08
endloop
endfacet
facet normal -0.033993946896856204 -0.9994220387675937 1.789647352834836e-16
outer loop
vertex -0.294 -4.49 7.08
vertex 0.0 -4.5 7.08
vertex 0.0 -4.499999999999998 17.0
endloop
endfacet
facet normal -0.0 0.0 1.0
outer loop
vertex -6.15 -9.408589636723978e-17 7.08
vertex -6.146 -0.1080000000000001 7.08
vertex -4.5 -9.408589636723978e-17 7.08
endloop
endfacet
facet normal -0.0 0.0 1.0
outer loop
vertex -6.146 -0.1080000000000001 7.08
vertex -6.136 -0.2150000000000001 7.08
vertex -4.5 -9.408589636723978e-17 7.08
endloop
endfacet
facet normal -0.0 0.0 1.0
outer loop
vertex -6.136 -0.2150000000000001 7.08
vertex -6.118 -0.3220000000000001 7.08
vertex -4.5 -9.408589636723978e-17 7.08
endloop
endfacet
facet normal -0.0 0.0 1.0
outer loop
vertex -6.118 -0.3220000000000001 7.08
vertex -6.094 -0.4270000000000001 7.08
vertex -4.5 -9.408589636723978e-17 7.08
endloop
endfacet
facet normal -0.0 0.0 1.0
outer loop
vertex -6.094 -0.4270000000000001 7.08
vertex -6.062 -0.5300000000000001 7.08
vertex -4.5 -9.408589636723978e-17 7.08
endloop
endfacet
facet normal -0.0 0.0 1.0
outer loop
vertex -6.062 -0.5300000000000001 7.08
vertex -6.024 -0.6310000000000001 7.08
vertex -4.5 -9.408589636723978e-17 7.08
endloop
endfacet
facet normal -0.0 0.0 1.0
outer loop
vertex -6.024 -0.6310000000000001 7.08
vertex -5.98 -0.7300000000000001 7.08
vertex -4.5 -9.408589636723978e-17 7.08
endloop
endfacet
facet normal -0.0 0.0 1.0
outer loop
vertex -5.98 -0.7300000000000001 7.08
vertex -5.929 -0.8250000000000001 7.08
vertex -4.5 -9.408589636723978e-17 7.08
endloop
endfacet
facet normal -0.0 0.0 1.0
outer loop
vertex -5.929 -0.8250000000000001 7.08
vertex -5.872 -0.9170000000000001 7.08
vertex -4.5 -9.408589636723978e-17 7.08
endloop
endfacet
facet normal -0.0 0.0 1.0
outer loop
vertex -5.872 -0.9170000000000001 7.08
vertex -5.809 -1.004 7.08
vertex -4.5 -9.408589636723978e-17 7.08
endloop
endfacet
facet normal -0.0 0.0 1.0
outer loop
vertex -5.809 -1.004 7.08
vertex -5.741 -1.088 7.08
vertex -4.5 -9.408589636723978e-17 7.08
endloop
endfacet
facet normal -0.0 0.0 1.0
outer loop
vertex -5.741 -1.088 7.08
vertex -5.667 -1.167 7.08
vertex -4.5 -9.408589636723978e-17 7.08
endloop
endfacet
facet normal -0.0 0.0 1.0
outer loop
vertex -5.667 -1.167 7.08
vertex -5.588 -1.241 7.08
vertex -4.5 -9.408589636723978e-17 7.08
endloop
endfacet
facet normal -0.0 0.0 1.0
outer loop
vertex -5.588 -1.241 7.08
vertex -5.504 -1.309 7.08
vertex -4.5 -9.408589636723978e-17 7.08
endloop
endfacet
facet normal -0.0 0.0 1.0
outer loop
vertex -5.504 -1.309 7.08
vertex -5.417 -1.372 7.08
vertex -4.5 -9.408589636723978e-17 7.08
endloop
endfacet
facet normal -0.0 0.0 0.9999999999999999
outer loop
vertex -5.417 -1.372 7.08
vertex -5.325 -1.429 7.08
vertex -4.5 -9.408589636723978e-17 7.08
endloop
endfacet
facet normal -0.0 0.0 1.0
outer loop
vertex -5.325 -1.429 7.08
vertex -5.23 -1.48 7.08
vertex -4.5 -9.408589636723978e-17 7.08
endloop
endfacet
facet normal -0.0 0.0 1.0
outer loop
vertex -5.23 -1.48 7.08
vertex -5.131 -1.524 7.08
vertex -4.5 -9.408589636723978e-17 7.08
endloop
endfacet
facet normal -0.0 0.0 1.0
outer loop
vertex -5.131 -1.524 7.08
vertex -5.03 -1.562 7.08
vertex -4.5 -9.408589636723978e-17 7.08
endloop
endfacet
facet normal -0.0 0.0 0.9999999999999999
outer loop
vertex -5.03 -1.562 7.08
vertex -4.927 -1.594 7.08
vertex -4.5 -9.408589636723978e-17 7.08
endloop
endfacet
facet normal -0.0 0.0 1.0
outer loop
vertex -4.927 -1.594 7.08
vertex -4.822 -1.618 7.08
vertex -4.5 -9.408589636723978e-17 7.08
endloop
endfacet
facet normal -0.0 0.0 1.0
outer loop
vertex -4.822 -1.618 7.08
vertex -4.715 -1.636 7.08
vertex -4.5 -9.408589636723978e-17 7.08
endloop
endfacet
facet normal -0.9993148337667669 -0.03701166050988439 4.448850142268863e-18
outer loop
vertex -6.15 -9.408589636723978e-17 7.08
vertex -6.146 -0.1080000000000007 2.0
vertex -6.146 -0.1080000000000001 7.08
endloop
endfacet
facet normal -0.9956612082761612 -0.09305244937160187 1.1185026473339663e-17
outer loop
vertex -6.146 -0.1080000000000001 7.08
vertex -6.136 -0.21500000000000072 2.0
vertex -6.136 -0.2150000000000001 7.08
endloop
endfacet
facet normal -0.9861437025208727 -0.1658933331343505 1.9940596248555516e-17
outer loop
vertex -6.136 -0.2150000000000001 7.08
vertex -6.118 -0.32200000000000073 2.0
vertex -6.118 -0.3220000000000001 7.08
endloop
endfacet
facet normal -0.9748585065718672 -0.22282480150214132 2.6783833424579547e-17
outer loop
vertex -6.118 -0.3220000000000001 7.08
vertex -6.094 -0.4270000000000007 2.0
vertex -6.094 -0.4270000000000001 7.08
endloop
endfacet
facet normal -0.9549735887158589 -0.2966908236787136 3.8904683107453985e-17
outer loop
vertex -6.094 -0.4270000000000001 7.08
vertex -6.062 -0.5300000000000008 2.0
vertex -6.062 -0.5300000000000001 7.08
endloop
endfacet
facet normal -0.9359477990383264 -0.35213877587580833 4.6175501201650397e-17
outer loop
vertex -6.062 -0.5300000000000001 7.08
vertex -6.024 -0.6310000000000008 2.0
vertex -6.024 -0.6310000000000001 7.08
endloop
endfacet
facet normal -0.9138115486202586 -0.4061384660534446 5.325641057462323e-17
outer loop
vertex -6.024 -0.6310000000000001 7.08
vertex -5.98 -0.7300000000000008 2.0
vertex -5.98 -0.7300000000000001 7.08
endloop
endfacet
facet normal -0.8810660074470887 -0.4729933303137019 6.20230022608351e-17
outer loop
vertex -5.98 -0.7300000000000001 7.08
vertex -5.929 -0.8250000000000007 2.0
vertex -5.929 -0.8250000000000001 7.08
endloop
endfacet
facet normal -0.8500681718937174 -0.5266726717167627 6.90619047142673e-17
outer loop
vertex -5.929 -0.8250000000000001 7.08
vertex -5.872 -0.9170000000000008 2.0
vertex -5.872 -0.9170000000000001 7.08
endloop
endfacet
facet normal -0.8099421215430219 -0.586509812151842 7.690827137238783e-17
outer loop
vertex -5.872 -0.9170000000000001 7.08
vertex -5.809 -1.0040000000000007 2.0
vertex -5.809 -1.004 7.08
endloop
endfacet
facet normal -0.7772448707074836 -0.629198228667967 8.250594809297731e-17
outer loop
vertex -5.809 -1.004 7.08
vertex -5.741 -1.0880000000000007 2.0
vertex -5.741 -1.088 7.08
endloop
endfacet
facet normal -0.7298252359078823 -0.6836337652808 8.964400944400797e-17
outer loop
vertex -5.741 -1.088 7.08
vertex -5.667 -1.1670000000000007 2.0
vertex -5.667 -1.167 7.08
endloop
endfacet
facet normal -0.6836337652808021 -0.7298252359078804 9.570103710914355e-17
outer loop
vertex -5.667 -1.167 7.08
vertex -5.588 -1.2410000000000008 2.0
vertex -5.588 -1.241 7.08
endloop
endfacet
facet normal -0.6291982286679613 -0.7772448707074882 1.0191911235014838e-16
outer loop
vertex -5.588 -1.241 7.08
vertex -5.504 -1.3090000000000006 2.0
vertex -5.504 -1.309 7.08
endloop
endfacet
facet normal -0.586509812151845 -0.8099421215430195 1.0620666046663079e-16
outer loop
vertex -5.504 -1.309 7.08
vertex -5.417 -1.3720000000000008 2.0
vertex -5.417 -1.372 7.08
endloop
endfacet
facet normal -0.5266726717167618 -0.8500681718937183 1.1146833743355372e-16
outer loop
vertex -5.417 -1.372 7.08
vertex -5.325 -1.4290000000000007 2.0
vertex -5.325 -1.429 7.08
endloop
endfacet
facet normal -0.47299333031370105 -0.8810660074470892 1.1553304342704542e-16
outer loop
vertex -5.325 -1.429 7.08
vertex -5.23 -1.4800000000000006 2.0
vertex -5.23 -1.48 7.08
endloop
endfacet
facet normal -0.40613846605344717 -0.9138115486202573 1.198269237929032e-16
outer loop
vertex -5.23 -1.48 7.08
vertex -5.131 -1.5240000000000007 2.0
vertex -5.131 -1.524 7.08
endloop
endfacet
facet normal -0.35213877587580655 -0.9359477990383268 1.2272962161491213e-16
outer loop
vertex -5.131 -1.524 7.08
vertex -5.03 -1.5620000000000007 2.0
vertex -5.03 -1.562 7.08
endloop
endfacet
facet normal -0.296690823678712 -0.9549735887158594 1.2522444875211753e-16
outer loop
vertex -5.03 -1.562 7.08
vertex -4.927 -1.5940000000000007 2.0
vertex -4.927 -1.594 7.08
endloop
endfacet
facet normal -0.2228248015021422 -0.9748585065718669 1.2783193225367492e-16
outer loop
vertex -4.927 -1.594 7.08
vertex -4.822 -1.6180000000000008 2.0
vertex -4.822 -1.618 7.08
endloop
endfacet
facet normal -0.1658933331343502 -0.9861437025208727 1.2931174536942211e-16
outer loop
vertex -4.822 -1.618 7.08
vertex -4.715 -1.6360000000000006 2.0
vertex -4.715 -1.636 7.08
endloop
endfacet
facet normal -0.09305244937160374 -0.995661208276161 1.305597635615312e-16
outer loop
vertex -4.715 -1.636 7.08
vertex -4.608 -1.6460000000000006 2.0
vertex -4.608 -1.646 7.08
endloop
endfacet
facet normal -0.0 0.0 1.0
outer loop
vertex -4.5 -9.408589636723978e-17 7.08
vertex -4.5 -1.65 7.08
vertex -4.49 -0.2940000000000001 7.08
endloop
endfacet
facet normal -0.0 0.0 1.0
outer loop
vertex -4.49 -0.2940000000000001 7.08
vertex -4.5 -1.65 7.08
vertex -4.462 -0.5870000000000001 7.08
endloop
endfacet
facet normal -0.0 0.0 1.0
outer loop
vertex -4.715 -1.636 7.08
vertex -4.608 -1.646 7.08
vertex -4.5 -9.408589636723978e-17 7.08
endloop
endfacet
facet normal 0.0 0.0 1.0
outer loop
vertex -4.5 -9.408589636723978e-17 7.08
vertex -4.608 -1.646 7.08
vertex -4.5 -1.65 7.08
endloop
endfacet
facet normal -0.0 -0.0 1.0
outer loop
vertex -4.462 -0.5870000000000001 7.08
vertex -4.392 -1.646 7.08
vertex -4.414 -0.8780000000000001 7.08
endloop
endfacet
facet normal -0.0 0.0 1.0
outer loop
vertex -4.462 -0.5870000000000001 7.08
vertex -4.5 -1.65 7.08
vertex -4.392 -1.646 7.08
endloop
endfacet
facet normal -0.0 0.0 1.0
outer loop
vertex -4.414 -0.8780000000000001 7.08
vertex -4.392 -1.646 7.08
vertex -4.347 -1.165 7.08
endloop
endfacet
facet normal -0.0 0.0 0.9999999999999999
outer loop
vertex -4.347 -1.165 7.08
vertex -4.392 -1.646 7.08
vertex -4.285 -1.636 7.08
endloop
endfacet
facet normal -0.0 0.0 1.0
outer loop
vertex -4.347 -1.165 7.08
vertex -4.285 -1.636 7.08
vertex -4.261 -1.446 7.08
endloop
endfacet
facet normal -0.0 0.0 1.0
outer loop
vertex -4.261 -1.446 7.08
vertex -4.285 -1.636 7.08
vertex -4.195 -1.621 7.08
endloop
endfacet
facet normal -0.9114117455455921 -0.41149560153364567 4.8730868411160775e-17
outer loop
vertex -4.157 -1.7219999999999989 17.0
vertex -4.157 -1.7220000000000006 2.0
vertex -4.036 -1.9900000000000007 2.0
endloop
endfacet
facet normal -0.8818830408163559 -0.4714682410518207 5.583305563682717e-17
outer loop
vertex -4.036 -1.9899999999999989 17.0
vertex -4.036 -1.9900000000000007 2.0
vertex -3.897 -2.2500000000000004 2.0
endloop
endfacet
facet normal -0.8499026917123798 -0.5269396688616748 6.240219231558261e-17
outer loop
vertex -3.897 -2.2499999999999987 17.0
vertex -3.897 -2.2500000000000004 2.0
vertex -3.742 -2.5000000000000004 2.0
endloop
endfacet
facet normal -0.8116631508985099 -0.5841257822365854 6.917438855639865e-17
outer loop
vertex -3.742 -2.4999999999999987 17.0
vertex -3.742 -2.5000000000000004 2.0
vertex -3.57 -2.7390000000000003 2.0
endloop
endfacet
facet normal -0.7732012755606448 -0.6341606953063172 7.509971255907966e-17
outer loop
vertex -3.57 -2.7389999999999985 17.0
vertex -3.57 -2.7390000000000003 2.0
vertex -3.383 -2.9670000000000005 2.0
endloop
endfacet
facet normal -0.7304900913464076 -0.6829232947005958 8.087436435514374e-17
outer loop
vertex -3.383 -2.9669999999999987 17.0
vertex -3.383 -2.9670000000000005 2.0
vertex -3.182 -3.1820000000000004 2.0
endloop
endfacet
facet normal -0.03701166050988042 -0.9993148337667671 1.310388587359046e-16
outer loop
vertex -4.608 -1.646 7.08
vertex -4.5 -1.6500000000000006 2.0
vertex -4.5 -1.65 7.08
endloop
endfacet
facet normal 0.03701166050988042 -0.9993148337667671 1.310388587359046e-16
outer loop
vertex -4.5 -1.65 7.08
vertex -4.392 -1.6460000000000006 2.0
vertex -4.392 -1.646 7.08
endloop
endfacet
facet normal 0.16439898730535651 -0.9863939238321439 1.2934455656560618e-16
outer loop
vertex -4.285 -1.636 7.08
vertex -4.285 -1.6360000000000006 2.0
vertex -4.195 -1.621 7.08
endloop
endfacet
facet normal 0.09305244937160374 -0.995661208276161 1.305597635615312e-16
outer loop
vertex -4.392 -1.646 7.08
vertex -4.285 -1.6360000000000006 2.0
vertex -4.285 -1.636 7.08
endloop
endfacet
facet normal -0.999314833766767 -0.03701166050988441 4.532621157455844e-18
outer loop
vertex -6.15 -9.408589636723978e-17 7.08
vertex -6.15 -7.162064703340953e-16 2.0
vertex -6.146 -0.1080000000000007 2.0
endloop
endfacet
facet normal -0.9956612082761612 -0.09305244937160187 1.1185026473339663e-17
outer loop
vertex -6.146 -0.1080000000000001 7.08
vertex -6.146 -0.1080000000000007 2.0
vertex -6.136 -0.21500000000000072 2.0
endloop
endfacet
facet normal -0.9861437025208727 -0.1658933331343505 1.9940596248555516e-17
outer loop
vertex -6.136 -0.2150000000000001 7.08
vertex -6.136 -0.21500000000000072 2.0
vertex -6.118 -0.32200000000000073 2.0
endloop
endfacet
facet normal -0.9748585065718672 -0.22282480150214132 2.6783833424579547e-17
outer loop
vertex -6.118 -0.3220000000000001 7.08
vertex -6.118 -0.32200000000000073 2.0
vertex -6.094 -0.4270000000000007 2.0
endloop
endfacet
facet normal -0.9549735887158589 -0.29669082367871347 3.56626261818328e-17
outer loop
vertex -6.094 -0.4270000000000001 7.08
vertex -6.094 -0.4270000000000007 2.0
vertex -6.062 -0.5300000000000008 2.0
endloop
endfacet
facet normal -0.9359477990383263 -0.3521387758758084 4.61755012016504e-17
outer loop
vertex -6.062 -0.5300000000000001 7.08
vertex -6.062 -0.5300000000000008 2.0
vertex -6.024 -0.6310000000000008 2.0
endloop
endfacet
facet normal -0.9138115486202586 -0.4061384660534446 5.325641057462323e-17
outer loop
vertex -6.024 -0.6310000000000001 7.08
vertex -6.024 -0.6310000000000008 2.0
vertex -5.98 -0.7300000000000008 2.0
endloop
endfacet
facet normal -0.8810660074470887 -0.4729933303137019 6.20230022608351e-17
outer loop
vertex -5.98 -0.7300000000000001 7.08
vertex -5.98 -0.7300000000000008 2.0
vertex -5.929 -0.8250000000000007 2.0
endloop
endfacet
facet normal -0.8500681718937174 -0.5266726717167627 6.90619047142673e-17
outer loop
vertex -5.929 -0.8250000000000001 7.08
vertex -5.929 -0.8250000000000007 2.0
vertex -5.872 -0.9170000000000008 2.0
endloop
endfacet
facet normal -0.8099421215430218 -0.5865098121518417 7.69082713723878e-17
outer loop
vertex -5.872 -0.9170000000000001 7.08
vertex -5.872 -0.9170000000000008 2.0
vertex -5.809 -1.0040000000000007 2.0
endloop
endfacet
facet normal -0.7772448707074836 -0.629198228667967 8.250594809297731e-17
outer loop
vertex -5.809 -1.004 7.08
vertex -5.809 -1.0040000000000007 2.0
vertex -5.741 -1.0880000000000007 2.0
endloop
endfacet
facet normal -0.7298252359078823 -0.6836337652808 8.964400944400797e-17
outer loop
vertex -5.741 -1.088 7.08
vertex -5.741 -1.0880000000000007 2.0
vertex -5.667 -1.1670000000000007 2.0
endloop
endfacet
facet normal -0.6836337652808022 -0.7298252359078803 9.570103710914354e-17
outer loop
vertex -5.667 -1.167 7.08
vertex -5.667 -1.1670000000000007 2.0
vertex -5.588 -1.2410000000000008 2.0
endloop
endfacet
facet normal -0.6291982286679613 -0.7772448707074882 1.0191911235014838e-16
outer loop
vertex -5.588 -1.241 7.08
vertex -5.588 -1.2410000000000008 2.0
vertex -5.504 -1.3090000000000006 2.0
endloop
endfacet
facet normal -0.5865098121518451 -0.8099421215430195 1.0620666046663078e-16
outer loop
vertex -5.504 -1.309 7.08
vertex -5.504 -1.3090000000000006 2.0
vertex -5.417 -1.3720000000000008 2.0
endloop
endfacet
facet normal -0.5266726717167618 -0.8500681718937183 1.1146833743355372e-16
outer loop
vertex -5.417 -1.372 7.08
vertex -5.417 -1.3720000000000008 2.0
vertex -5.325 -1.4290000000000007 2.0
endloop
endfacet
facet normal -0.47299333031370105 -0.8810660074470892 1.1553304342704542e-16
outer loop
vertex -5.325 -1.429 7.08
vertex -5.325 -1.4290000000000007 2.0
vertex -5.23 -1.4800000000000006 2.0
endloop
endfacet
facet normal -0.40613846605344717 -0.9138115486202573 1.198269237929032e-16
outer loop
vertex -5.23 -1.48 7.08
vertex -5.23 -1.4800000000000006 2.0
vertex -5.131 -1.5240000000000007 2.0
endloop
endfacet
facet normal -0.35213877587580655 -0.9359477990383268 1.2272962161491213e-16
outer loop
vertex -5.131 -1.524 7.08
vertex -5.131 -1.5240000000000007 2.0
vertex -5.03 -1.5620000000000007 2.0
endloop
endfacet
facet normal -0.0 0.0 1.0
outer loop
vertex -6.146 -0.1080000000000007 2.0
vertex -6.137 -0.40200000000000075 2.0
vertex -6.136 -0.21500000000000072 2.0
endloop
endfacet
facet normal -0.0 0.0 1.0
outer loop
vertex -6.136 -0.21500000000000072 2.0
vertex -6.137 -0.40200000000000075 2.0
vertex -6.118 -0.32200000000000073 2.0
endloop
endfacet
facet normal 0.0 0.0 1.0
outer loop
vertex -6.118 -0.32200000000000073 2.0
vertex -6.137 -0.40200000000000075 2.0
vertex -6.094 -0.4270000000000007 2.0
endloop
endfacet
facet normal -0.999314388695509 -0.03701164402576374 0.0009437969226573142
outer loop
vertex -6.15 -7.162064703340953e-16 2.0
vertex -6.137 -0.402000000000001 0.0
vertex -6.146 -0.1080000000000007 2.0
endloop
endfacet
facet normal -0.9995317742895509 -0.030597911457844552 4.246313225742614e-18
outer loop
vertex -6.146 -0.1080000000000007 2.0
vertex -6.137 -0.402000000000001 0.0
vertex -6.137 -0.40200000000000075 2.0
endloop
endfacet
facet normal -0.0 -0.0 0.9999999999999999
outer loop
vertex -6.137 -0.40200000000000075 2.0
vertex -6.062 -0.5300000000000008 2.0
vertex -6.094 -0.4270000000000007 2.0
endloop
endfacet
facet normal -0.0 0.0 0.9999999999999999
outer loop
vertex -6.137 -0.40200000000000075 2.0
vertex -6.097 -0.8030000000000008 2.0
vertex -6.062 -0.5300000000000008 2.0
endloop
endfacet
facet normal -0.0 0.0 1.0
outer loop
vertex -6.062 -0.5300000000000008 2.0
vertex -6.097 -0.8030000000000008 2.0
vertex -6.024 -0.6310000000000008 2.0
endloop
endfacet
facet normal -0.0 0.0 1.0
outer loop
vertex -6.024 -0.6310000000000008 2.0
vertex -6.097 -0.8030000000000008 2.0
vertex -5.98 -0.7300000000000008 2.0
endloop
endfacet
facet normal -0.9950617286968773 -0.09925802780018513 1.101985478426494e-17
outer loop
vertex -6.137 -0.40200000000000075 2.0
vertex -6.097 -0.803000000000001 0.0
vertex -6.097 -0.8030000000000008 2.0
endloop
endfacet
facet normal -0.9994775266560738 -0.032321412553556576 3.958231442763409e-18
outer loop
vertex -6.15 -7.162064703340953e-16 2.0
vertex -6.15 -9.611358301635656e-16 0.0
vertex -6.137 -0.402000000000001 0.0
endloop
endfacet
facet normal -0.9950617286968771 -0.09925802780018513 1.3774818480331175e-17
outer loop
vertex -6.137 -0.40200000000000075 2.0
vertex -6.137 -0.402000000000001 0.0
vertex -6.097 -0.803000000000001 0.0
endloop
endfacet
facet normal 0.0 0.0 1.0
outer loop
vertex -5.98 -0.7300000000000008 2.0
vertex -6.097 -0.8030000000000008 2.0
vertex -5.929 -0.8250000000000007 2.0
endloop
endfacet
facet normal -0.0 0.0 0.9999999999999999
outer loop
vertex -6.097 -0.8030000000000008 2.0
vertex -6.032 -1.2000000000000006 2.0
vertex -5.929 -0.8250000000000007 2.0
endloop
endfacet
facet normal -0.0 0.0 1.0
outer loop
vertex -5.929 -0.8250000000000007 2.0
vertex -6.032 -1.2000000000000006 2.0
vertex -5.872 -0.9170000000000008 2.0
endloop
endfacet
facet normal -0.0 0.0 1.0
outer loop
vertex -5.872 -0.9170000000000008 2.0
vertex -6.032 -1.2000000000000006 2.0
vertex -5.809 -1.0040000000000007 2.0
endloop
endfacet
facet normal -0.0 0.0 1.0
outer loop
vertex -5.809 -1.0040000000000007 2.0
vertex -6.032 -1.2000000000000006 2.0
vertex -5.741 -1.0880000000000007 2.0
endloop
endfacet
facet normal 0.0 -0.0 1.0
outer loop
vertex -6.032 -1.2000000000000006 2.0
vertex -5.667 -1.1670000000000007 2.0
vertex -5.741 -1.0880000000000007 2.0
endloop
endfacet
facet normal -0.9868601732113027 -0.16157660266683901 1.7938606452143514e-17
outer loop
vertex -6.097 -0.8030000000000008 2.0
vertex -6.032 -1.2000000000000008 0.0
vertex -6.032 -1.2000000000000006 2.0
endloop
endfacet
facet normal -0.0 0.0 1.0
outer loop
vertex -6.032 -1.2000000000000006 2.0
vertex -5.94 -1.5920000000000007 2.0
vertex -5.667 -1.1670000000000007 2.0
endloop
endfacet
facet normal -0.9735472948655235 -0.22848558961129534 2.5366996238151455e-17
outer loop
vertex -6.032 -1.2000000000000006 2.0
vertex -5.94 -1.592000000000001 0.0
vertex -5.94 -1.5920000000000007 2.0
endloop
endfacet
facet normal -0.0 0.0 1.0
outer loop
vertex -5.667 -1.1670000000000007 2.0
vertex -5.94 -1.5920000000000007 2.0
vertex -5.588 -1.2410000000000008 2.0
endloop
endfacet
facet normal -0.0 0.0 1.0
outer loop
vertex -5.588 -1.2410000000000008 2.0
vertex -5.94 -1.5920000000000007 2.0
vertex -5.504 -1.3090000000000006 2.0
endloop
endfacet
facet normal -0.0 0.0 1.0
outer loop
vertex -5.504 -1.3090000000000006 2.0
vertex -5.94 -1.5920000000000007 2.0
vertex -5.417 -1.3720000000000008 2.0
endloop
endfacet
facet normal -0.0 0.0 1.0
outer loop
vertex -5.417 -1.3720000000000008 2.0
vertex -5.94 -1.5920000000000007 2.0
vertex -5.325 -1.4290000000000007 2.0
endloop
endfacet
facet normal -0.9868601732113027 -0.16157660266683901 1.7938606452143514e-17
outer loop
vertex -6.097 -0.8030000000000008 2.0
vertex -6.097 -0.803000000000001 0.0
vertex -6.032 -1.2000000000000008 0.0
endloop
endfacet
facet normal -0.9735472948655235 -0.22848558961129534 2.5366996238151455e-17
outer loop
vertex -6.032 -1.2000000000000006 2.0
vertex -6.032 -1.2000000000000008 0.0
vertex -5.94 -1.592000000000001 0.0
endloop
endfacet
facet normal -0.0 -0.0 -1.0
outer loop
vertex -6.097 0.802999999999999 0.0
vertex -2.683 -1.9500000000000008 0.0
vertex -6.137 0.401999999999999 0.0
endloop
endfacet
facet normal -0.0 -0.0 -1.0
outer loop
vertex -6.137 0.401999999999999 0.0
vertex -2.683 -1.9500000000000008 0.0
vertex -6.15 -9.611358301635656e-16 0.0
endloop
endfacet
facet normal -0.0 -0.0 -1.0
outer loop
vertex -6.15 -9.611358301635656e-16 0.0
vertex -2.683 -1.9500000000000008 0.0
vertex -6.137 -0.402000000000001 0.0
endloop
endfacet
facet normal -0.0 -0.0 -0.9999999999999999
outer loop
vertex -6.137 -0.402000000000001 0.0
vertex -2.683 -1.9500000000000008 0.0
vertex -6.097 -0.803000000000001 0.0
endloop
endfacet
facet normal -0.0 -0.0 -1.0
outer loop
vertex -6.097 -0.803000000000001 0.0
vertex -2.683 -1.9500000000000008 0.0
vertex -6.032 -1.2000000000000008 0.0
endloop
endfacet
facet normal -0.296690823678712 -0.9549735887158594 1.2522444875211753e-16
outer loop
vertex -5.03 -1.562 7.08
vertex -5.03 -1.5620000000000007 2.0
vertex -4.927 -1.5940000000000007 2.0
endloop
endfacet
facet normal -0.2228248015021422 -0.9748585065718669 1.2783193225367492e-16
outer loop
vertex -4.927 -1.594 7.08
vertex -4.927 -1.5940000000000007 2.0
vertex -4.822 -1.6180000000000008 2.0
endloop
endfacet
facet normal -0.1658933331343502 -0.9861437025208727 1.2931174536942211e-16
outer loop
vertex -4.822 -1.618 7.08
vertex -4.822 -1.6180000000000008 2.0
vertex -4.715 -1.6360000000000006 2.0
endloop
endfacet
facet normal -0.09305244937160374 -0.995661208276161 1.305597635615312e-16
outer loop
vertex -4.715 -1.636 7.08
vertex -4.715 -1.6360000000000006 2.0
vertex -4.608 -1.6460000000000006 2.0
endloop
endfacet
facet normal -0.9574833622965897 -0.2884884935750777 3.202865679064778e-17
outer loop
vertex -5.94 -1.5920000000000007 2.0
vertex -5.824 -1.977000000000001 0.0
vertex -5.824 -1.9770000000000008 2.0
endloop
endfacet
facet normal 0.0 0.0 1.0
outer loop
vertex -5.325 -1.4290000000000007 2.0
vertex -5.94 -1.5920000000000007 2.0
vertex -5.824 -1.9770000000000008 2.0
endloop
endfacet
facet normal -0.0 0.0 1.0
outer loop
vertex -5.325 -1.4290000000000007 2.0
vertex -5.824 -1.9770000000000008 2.0
vertex -5.23 -1.4800000000000006 2.0
endloop
endfacet
facet normal -0.0 0.0 1.0
outer loop
vertex -5.23 -1.4800000000000006 2.0
vertex -5.824 -1.9770000000000008 2.0
vertex -5.131 -1.5240000000000007 2.0
endloop
endfacet
facet normal -0.0 0.0 1.0
outer loop
vertex -5.824 -1.9770000000000008 2.0
vertex -5.682 -2.3540000000000005 2.0
vertex -4.715 -1.6360000000000006 2.0
endloop
endfacet
facet normal -0.9358181329054195 -0.3524832224736582 7.826699787686535e-17
outer loop
vertex -5.824 -1.9770000000000008 2.0
vertex -5.682 -2.354000000000001 0.0
vertex -5.682 -2.3540000000000005 2.0
endloop
endfacet
facet normal -0.9574833622965897 -0.2884884935750777 3.202865679064778e-17
outer loop
vertex -5.94 -1.5920000000000007 2.0
vertex -5.94 -1.592000000000001 0.0
vertex -5.824 -1.977000000000001 0.0
endloop
endfacet
facet normal -0.9358181329054196 -0.352483222473658 3.913349893843265e-17
outer loop
vertex -5.824 -1.9770000000000008 2.0
vertex -5.824 -1.977000000000001 0.0
vertex -5.682 -2.354000000000001 0.0
endloop
endfacet
facet normal -0.9107070275936573 -0.41305291415450107 9.171617113656906e-17
outer loop
vertex -5.682 -2.3540000000000005 2.0
vertex -5.516 -2.720000000000001 0.0
vertex -5.516 -2.7200000000000006 2.0
endloop
endfacet
facet normal -0.8816645083703712 -0.4718767791278053 1.0477769299472979e-16
outer loop
vertex -5.516 -2.7200000000000006 2.0
vertex -5.326 -3.075000000000001 0.0
vertex -5.326 -3.0750000000000006 2.0
endloop
endfacet
facet normal -0.9107070275936573 -0.41305291415450107 9.171617113656906e-17
outer loop
vertex -5.682 -2.3540000000000005 2.0
vertex -5.682 -2.354000000000001 0.0
vertex -5.516 -2.720000000000001 0.0
endloop
endfacet
facet normal -0.8816645083703712 -0.4718767791278053 1.0477769299472979e-16
outer loop
vertex -5.516 -2.7200000000000006 2.0
vertex -5.516 -2.720000000000001 0.0
vertex -5.326 -3.075000000000001 0.0
endloop
endfacet
facet normal -0.0 0.0 1.0
outer loop
vertex -5.131 -1.5240000000000007 2.0
vertex -5.824 -1.9770000000000008 2.0
vertex -5.03 -1.5620000000000007 2.0
endloop
endfacet
facet normal 0.0 -0.0 1.0
outer loop
vertex -5.824 -1.9770000000000008 2.0
vertex -4.927 -1.5940000000000007 2.0
vertex -5.03 -1.5620000000000007 2.0
endloop
endfacet
facet normal 0.0 -0.0 0.9999999999999999
outer loop
vertex -5.824 -1.9770000000000008 2.0
vertex -4.822 -1.6180000000000008 2.0
vertex -4.927 -1.5940000000000007 2.0
endloop
endfacet
facet normal 0.0 -0.0 1.0
outer loop
vertex -5.824 -1.9770000000000008 2.0
vertex -4.715 -1.6360000000000006 2.0
vertex -4.822 -1.6180000000000008 2.0
endloop
endfacet
facet normal 0.0 -0.0 1.0
outer loop
vertex -5.682 -2.3540000000000005 2.0
vertex -4.608 -1.6460000000000006 2.0
vertex -4.715 -1.6360000000000006 2.0
endloop
endfacet
facet normal 0.0 -0.0 1.0
outer loop
vertex -5.682 -2.3540000000000005 2.0
vertex -4.5 -1.6500000000000006 2.0
vertex -4.608 -1.6460000000000006 2.0
endloop
endfacet
facet normal 0.0 -0.0 1.0
outer loop
vertex -5.682 -2.3540000000000005 2.0
vertex -4.392 -1.6460000000000006 2.0
vertex -4.5 -1.6500000000000006 2.0
endloop
endfacet
facet normal 0.0 -0.0 1.0
outer loop
vertex -5.682 -2.3540000000000005 2.0
vertex -4.285 -1.6360000000000006 2.0
vertex -4.392 -1.6460000000000006 2.0
endloop
endfacet
facet normal 0.0 -0.0 1.0
outer loop
vertex -5.682 -2.3540000000000005 2.0
vertex -4.157 -1.7220000000000006 2.0
vertex -4.285 -1.6360000000000006 2.0
endloop
endfacet
facet normal 0.0 -0.0 1.0
outer loop
vertex -5.682 -2.3540000000000005 2.0
vertex -4.036 -1.9900000000000007 2.0
vertex -4.157 -1.7220000000000006 2.0
endloop
endfacet
facet normal -0.0 -0.0 -1.0
outer loop
vertex -6.032 -1.2000000000000008 0.0
vertex -2.683 -1.9500000000000008 0.0
vertex -5.94 -1.592000000000001 0.0
endloop
endfacet
facet normal 0.0 -0.0 -1.0
outer loop
vertex -5.94 -1.592000000000001 0.0
vertex -2.683 -1.9500000000000008 0.0
vertex -5.824 -1.977000000000001 0.0
endloop
endfacet
facet normal 0.0 -0.0 -1.0
outer loop
vertex -5.824 -1.977000000000001 0.0
vertex -2.683 -1.9500000000000008 0.0
vertex -5.682 -2.354000000000001 0.0
endloop
endfacet
facet normal -0.0 0.0 1.0
outer loop
vertex -5.682 -2.3540000000000005 2.0
vertex -5.516 -2.7200000000000006 2.0
vertex -4.036 -1.9900000000000007 2.0
endloop
endfacet
facet normal -0.0 0.0 1.0
outer loop
vertex -5.516 -2.7200000000000006 2.0
vertex -5.326 -3.0750000000000006 2.0
vertex -4.036 -1.9900000000000007 2.0
endloop
endfacet
facet normal 0.0 0.0 1.0
outer loop
vertex -3.742 -2.5000000000000004 2.0
vertex -5.326 -3.0750000000000006 2.0
vertex -5.114 -3.4170000000000003 2.0
endloop
endfacet
facet normal 0.0 -0.0 -1.0
outer loop
vertex -5.682 -2.354000000000001 0.0
vertex -2.683 -1.9500000000000008 0.0
vertex -5.516 -2.720000000000001 0.0
endloop
endfacet
facet normal -0.03701166050988042 -0.9993148337667671 1.310388587359046e-16
outer loop
vertex -4.608 -1.646 7.08
vertex -4.608 -1.6460000000000006 2.0
vertex -4.5 -1.6500000000000006 2.0
endloop
endfacet
facet normal 0.03701166050988042 -0.9993148337667671 1.310388587359046e-16
outer loop
vertex -4.5 -1.65 7.08
vertex -4.5 -1.6500000000000006 2.0
vertex -4.392 -1.6460000000000006 2.0
endloop
endfacet
facet normal 0.09305244937160374 -0.995661208276161 1.305597635615312e-16
outer loop
vertex -4.392 -1.646 7.08
vertex -4.392 -1.6460000000000006 2.0
vertex -4.285 -1.6360000000000006 2.0
endloop
endfacet
facet normal 0.16439898730535651 -0.9863939238321439 1.2958782613090628e-16
outer loop
vertex -4.195 -1.621 7.08
vertex -4.285 -1.6360000000000006 2.0
vertex -4.195 -1.6210000000000007 2.0
endloop
endfacet
facet normal -0.9359477990383263 -0.3521387758758084 4.61755012016504e-17
outer loop
vertex -4.195 -1.621 7.08
vertex -4.195 -1.6210000000000007 2.0
vertex -4.157 -1.7220000000000006 2.0
endloop
endfacet
facet normal -0.0 -0.0 0.9999999999999999
outer loop
vertex -4.285 -1.6360000000000006 2.0
vertex -4.157 -1.7220000000000006 2.0
vertex -4.195 -1.6210000000000007 2.0
endloop
endfacet
facet normal -0.0 0.0 1.0
outer loop
vertex -4.036 -1.9900000000000007 2.0
vertex -5.326 -3.0750000000000006 2.0
vertex -3.897 -2.2500000000000004 2.0
endloop
endfacet
facet normal -0.0 0.0 1.0
outer loop
vertex -3.897 -2.2500000000000004 2.0
vertex -5.326 -3.0750000000000006 2.0
vertex -3.742 -2.5000000000000004 2.0
endloop
endfacet
facet normal -0.0 0.0 0.9999999999999999
outer loop
vertex -3.742 -2.5000000000000004 2.0
vertex -5.114 -3.4170000000000003 2.0
vertex -3.57 -2.7390000000000003 2.0
endloop
endfacet
facet normal 0.0 -0.0 -1.0
outer loop
vertex -5.516 -2.720000000000001 0.0
vertex -2.683 -1.9500000000000008 0.0
vertex -5.326 -3.075000000000001 0.0
endloop
endfacet
facet normal 0.0 -0.0 -1.0
outer loop
vertex -5.326 -3.075000000000001 0.0
vertex -2.683 -1.9500000000000008 0.0
vertex -5.114 -3.4170000000000007 0.0
endloop
endfacet
facet normal 0.0 -0.0 -1.0
outer loop
vertex -5.114 -3.4170000000000007 0.0
vertex -2.683 -1.9500000000000008 0.0
vertex -4.879 -3.744000000000001 0.0
endloop
endfacet
facet normal -0.6829232947005958 -0.7304900913464076 8.6507404658487e-17
outer loop
vertex -3.182 -3.1819999999999986 17.0
vertex -3.182 -3.1820000000000004 2.0
vertex -2.967 -3.3830000000000005 2.0
endloop
endfacet
facet normal -0.8499472087589908 -0.52686786040031 1.1698816591028338e-16
outer loop
vertex -5.326 -3.0750000000000006 2.0
vertex -5.114 -3.4170000000000007 0.0
vertex -5.114 -3.4170000000000003 2.0
endloop
endfacet
facet normal -0.812052148106343 -0.583584877079482 1.2958187347133655e-16
outer loop
vertex -5.114 -3.4170000000000003 2.0
vertex -4.879 -3.744000000000001 0.0
vertex -4.879 -3.7440000000000007 2.0
endloop
endfacet
facet normal -0.8499472087589908 -0.52686786040031 1.1698816591028338e-16
outer loop
vertex -5.326 -3.0750000000000006 2.0
vertex -5.326 -3.075000000000001 0.0
vertex -5.114 -3.4170000000000007 0.0
endloop
endfacet
facet normal -0.812052148106343 -0.583584877079482 1.2958187347133655e-16
outer loop
vertex -5.114 -3.4170000000000003 2.0
vertex -5.114 -3.4170000000000007 0.0
vertex -4.879 -3.744000000000001 0.0
endloop
endfacet
facet normal -0.7732921729120894 -0.6340498523877277 0.0
outer loop
vertex -4.879 -3.7440000000000007 2.0
vertex -4.624 -4.055 0.0
vertex -4.624 -4.055 2.0
endloop
endfacet
facet normal -0.773292172912089 -0.6340498523877283 1.4078734897620754e-16
outer loop
vertex -4.879 -3.7440000000000007 2.0
vertex -4.879 -3.744000000000001 0.0
vertex -4.624 -4.055 0.0
endloop
endfacet
facet normal 0.0 0.0 1.0
outer loop
vertex -3.57 -2.7390000000000003 2.0
vertex -5.114 -3.4170000000000003 2.0
vertex -4.879 -3.7440000000000007 2.0
endloop
endfacet
facet normal 0.0 0.0 1.0
outer loop
vertex -3.383 -2.9670000000000005 2.0
vertex -4.879 -3.7440000000000007 2.0
vertex -4.624 -4.055 2.0
endloop
endfacet
facet normal -0.0 0.0 1.0
outer loop
vertex -3.57 -2.7390000000000003 2.0
vertex -4.879 -3.7440000000000007 2.0
vertex -3.383 -2.9670000000000005 2.0
endloop
endfacet
facet normal -0.7303113886936229 -0.6831143941862095 0.0
outer loop
vertex -4.624 -4.055 2.0
vertex -4.349 -4.349 0.0
vertex -4.349 -4.349 2.0
endloop
endfacet
facet normal -0.0 0.0 1.0
outer loop
vertex -4.624 -4.055 2.0
vertex -4.349 -4.349 2.0
vertex -3.182 -3.1820000000000004 2.0
endloop
endfacet
facet normal -0.0 0.0 1.0
outer loop
vertex -4.349 -4.349 2.0
vertex -4.055 -4.6240000000000006 2.0
vertex -3.182 -3.1820000000000004 2.0
endloop
endfacet
facet normal -0.6831143941862107 -0.7303113886936218 0.0
outer loop
vertex -4.349 -4.349 2.0
vertex -4.055 -4.6240000000000006 0.0
vertex -4.055 -4.6240000000000006 2.0
endloop
endfacet
facet normal -0.7303113886936229 -0.6831143941862095 -0.0
outer loop
vertex -4.624 -4.055 2.0
vertex -4.624 -4.055 0.0
vertex -4.349 -4.349 0.0
endloop
endfacet
facet normal -0.6831143941862107 -0.7303113886936218 -0.0
outer loop
vertex -4.349 -4.349 2.0
vertex -4.349 -4.349 0.0
vertex -4.055 -4.6240000000000006 0.0
endloop
endfacet
facet normal -0.0 0.0 1.0
outer loop
vertex -3.383 -2.9670000000000005 2.0
vertex -4.624 -4.055 2.0
vertex -3.182 -3.1820000000000004 2.0
endloop
endfacet
facet normal -0.0 0.0 1.0
outer loop
vertex -3.182 -3.1820000000000004 2.0
vertex -4.055 -4.6240000000000006 2.0
vertex -2.967 -3.3830000000000005 2.0
endloop
endfacet
facet normal -0.0 0.0 1.0
outer loop
vertex -4.055 -4.6240000000000006 2.0
vertex -3.744 -4.879 2.0
vertex -2.967 -3.3830000000000005 2.0
endloop
endfacet
facet normal 0.0 -0.0 1.0
outer loop
vertex -3.744 -4.879 2.0
vertex -2.739 -3.5700000000000003 2.0
vertex -2.967 -3.3830000000000005 2.0
endloop
endfacet
facet normal -0.0 0.0 1.0
outer loop
vertex -3.744 -4.879 2.0
vertex -3.417 -5.114000000000001 2.0
vertex -2.739 -3.5700000000000003 2.0
endloop
endfacet
facet normal -0.6340498523877258 -0.7732921729120908 0.0
outer loop
vertex -4.055 -4.6240000000000006 2.0
vertex -3.744 -4.879 0.0
vertex -3.744 -4.879 2.0
endloop
endfacet
facet normal -0.6340498523877258 -0.7732921729120908 -0.0
outer loop
vertex -4.055 -4.6240000000000006 2.0
vertex -4.055 -4.6240000000000006 0.0
vertex -3.744 -4.879 0.0
endloop
endfacet
facet normal -0.5835848770794835 -0.812052148106342 0.0
outer loop
vertex -3.744 -4.879 2.0
vertex -3.417 -5.114000000000001 0.0
vertex -3.417 -5.114000000000001 2.0
endloop
endfacet
facet normal -0.52686786040031 -0.8499472087589908 0.0
outer loop
vertex -3.417 -5.114000000000001 2.0
vertex -3.075 -5.3260000000000005 0.0
vertex -3.075 -5.3260000000000005 2.0
endloop
endfacet
facet normal -0.5835848770794835 -0.812052148106342 -0.0
outer loop
vertex -3.744 -4.879 2.0
vertex -3.744 -4.879 0.0
vertex -3.417 -5.114000000000001 0.0
endloop
endfacet
facet normal -0.52686786040031 -0.8499472087589908 -0.0
outer loop
vertex -3.417 -5.114000000000001 2.0
vertex -3.417 -5.114000000000001 0.0
vertex -3.075 -5.3260000000000005 0.0
endloop
endfacet
facet normal 0.0 0.0 -1.0
outer loop
vertex -4.879 -3.744000000000001 0.0
vertex -2.683 -1.9500000000000008 0.0
vertex 1.025 -3.154000000000001 0.0
endloop
endfacet
facet normal -0.6341606953063172 -0.7732012755606448 9.156542493834327e-17
outer loop
vertex -2.967 -3.3829999999999987 17.0
vertex -2.967 -3.3830000000000005 2.0
vertex -2.739 -3.5700000000000003 2.0
endloop
endfacet
facet normal -0.5841257822365854 -0.8116631508985099 9.612022595918171e-17
outer loop
vertex -2.739 -3.5699999999999985 17.0
vertex -2.739 -3.5700000000000003 2.0
vertex -2.5 -3.7420000000000004 2.0
endloop
endfacet
facet normal -0.5269396688616748 -0.8499026917123798 1.0064869728319789e-16
outer loop
vertex -2.5 -3.7419999999999987 17.0
vertex -2.5 -3.7420000000000004 2.0
vertex -2.25 -3.8970000000000002 2.0
endloop
endfacet
facet normal -0.4714682410518192 -0.8818830408163567 1.0443593140701503e-16
outer loop
vertex -2.25 -3.8969999999999985 17.0
vertex -2.25 -3.8970000000000002 2.0
vertex -1.99 -4.036 2.0
endloop
endfacet
facet normal -0.41149560153364567 -0.9114117455455921 1.0793283251397555e-16
outer loop
vertex -1.99 -4.035999999999998 17.0
vertex -1.99 -4.036 2.0
vertex -1.722 -4.157 2.0
endloop
endfacet
facet normal -0.35213877587580833 -0.9359477990383261 1.1083848494288946e-16
outer loop
vertex -1.722 -4.156999999999998 17.0
vertex -1.722 -4.157 2.0
vertex -1.621 -4.195 2.0
endloop
endfacet
facet normal -0.0 0.0 1.0
outer loop
vertex -1.621 -4.195 7.08
vertex -1.636 -4.285 7.08
vertex -1.446 -4.260999999999999 7.08
endloop
endfacet
facet normal -0.0 0.0 1.0
outer loop
vertex -1.636 -4.285 7.08
vertex -1.646 -4.3919999999999995 7.08
vertex -1.446 -4.260999999999999 7.08
endloop
endfacet
facet normal -0.9863939238321439 0.16439898730535651 0.0
outer loop
vertex -1.621 -4.195 7.08
vertex -1.621 -4.195 2.0
vertex -1.636 -4.285 7.08
endloop
endfacet
facet normal -0.995661208276161 0.09305244937160449 -3.253825883153449e-17
outer loop
vertex -1.636 -4.285 7.08
vertex -1.646 -4.392000000000001 2.0
vertex -1.646 -4.3919999999999995 7.08
endloop
endfacet
facet normal -0.9993148337667671 0.037011660509880105 0.0
outer loop
vertex -1.646 -4.3919999999999995 7.08
vertex -1.65 -4.5 2.0
vertex -1.65 -4.5 7.08
endloop
endfacet
facet normal -0.9993148337667669 -0.03701166050988071 1.2942109504780857e-17
outer loop
vertex -1.65 -4.5 7.08
vertex -1.646 -4.6080000000000005 2.0
vertex -1.646 -4.607999999999999 7.08
endloop
endfacet
facet normal -0.9956612082761611 -0.09305244937160297 0.0
outer loop
vertex -1.646 -4.607999999999999 7.08
vertex -1.636 -4.715 2.0
vertex -1.636 -4.715 7.08
endloop
endfacet
facet normal -0.9861437025208724 -0.1658933331343515 5.800900726852549e-17
outer loop
vertex -1.636 -4.715 7.08
vertex -1.618 -4.822000000000001 2.0
vertex -1.618 -4.821999999999999 7.08
endloop
endfacet
facet normal -0.9748585065718676 -0.22282480150214043 0.0
outer loop
vertex -1.618 -4.821999999999999 7.08
vertex -1.594 -4.927 2.0
vertex -1.594 -4.927 7.08
endloop
endfacet
facet normal -0.9549735887158586 -0.2966908236787143 1.0374582161987754e-16
outer loop
vertex -1.594 -4.927 7.08
vertex -1.562 -5.030000000000001 2.0
vertex -1.562 -5.029999999999999 7.08
endloop
endfacet
facet normal 0.0 -0.0 1.0
outer loop
vertex -1.646 -4.3919999999999995 7.08
vertex -1.165 -4.3469999999999995 7.08
vertex -1.446 -4.260999999999999 7.08
endloop
endfacet
facet normal -0.0 0.0 1.0
outer loop
vertex -1.646 -4.3919999999999995 7.08
vertex -1.65 -4.5 7.08
vertex -0.878 -4.414 7.08
endloop
endfacet
facet normal -0.0 -0.0 1.0
outer loop
vertex -1.646 -4.3919999999999995 7.08
vertex -0.878 -4.414 7.08
vertex -1.165 -4.3469999999999995 7.08
endloop
endfacet
facet normal -0.0 0.0 1.0
outer loop
vertex -1.65 -4.5 7.08
vertex -1.646 -4.607999999999999 7.08
vertex 0.0 -4.5 7.08
endloop
endfacet
facet normal -0.0 0.0 1.0
outer loop
vertex -1.646 -4.607999999999999 7.08
vertex -1.636 -4.715 7.08
vertex 0.0 -4.5 7.08
endloop
endfacet
facet normal 0.0 -0.0 1.0
outer loop
vertex -1.65 -4.5 7.08
vertex -0.587 -4.462 7.08
vertex -0.878 -4.414 7.08
endloop
endfacet
facet normal 0.0 -0.0 1.0
outer loop
vertex -1.65 -4.5 7.08
vertex -0.294 -4.49 7.08
vertex -0.587 -4.462 7.08
endloop
endfacet
facet normal 0.0 -0.0 1.0
outer loop
vertex -1.65 -4.5 7.08
vertex 0.0 -4.5 7.08
vertex -0.294 -4.49 7.08
endloop
endfacet
facet normal -0.0 0.0 1.0
outer loop
vertex -1.636 -4.715 7.08
vertex -1.618 -4.821999999999999 7.08
vertex 0.0 -4.5 7.08
endloop
endfacet
facet normal -0.0 0.0 0.9999999999999999
outer loop
vertex -1.618 -4.821999999999999 7.08
vertex -1.594 -4.927 7.08
vertex 0.0 -4.5 7.08
endloop
endfacet
facet normal -0.0 0.0 1.0
outer loop
vertex -1.594 -4.927 7.08
vertex -1.562 -5.029999999999999 7.08
vertex 0.0 -4.5 7.08
endloop
endfacet
facet normal -0.0 0.0 1.0
outer loop
vertex -1.562 -5.029999999999999 7.08
vertex -1.524 -5.131 7.08
vertex 0.0 -4.5 7.08
endloop
endfacet
facet normal -0.0 0.0 1.0
outer loop
vertex -1.524 -5.131 7.08
vertex -1.48 -5.23 7.08
vertex 0.0 -4.5 7.08
endloop
endfacet
facet normal -0.0 0.0 1.0
outer loop
vertex -1.48 -5.23 7.08
vertex -1.429 -5.324999999999999 7.08
vertex 0.0 -4.5 7.08
endloop
endfacet
facet normal -0.0 0.0 1.0
outer loop
vertex -1.429 -5.324999999999999 7.08
vertex -1.372 -5.417 7.08
vertex 0.0 -4.5 7.08
endloop
endfacet
facet normal -0.0 0.0 1.0
outer loop
vertex -1.372 -5.417 7.08
vertex -1.309 -5.504 7.08
vertex 0.0 -4.5 7.08
endloop
endfacet
facet normal -0.0 0.0 1.0
outer loop
vertex -1.309 -5.504 7.08
vertex -1.241 -5.587999999999999 7.08
vertex 0.0 -4.5 7.08
endloop
endfacet
facet normal -0.0 0.0 0.9999999999999999
outer loop
vertex -1.241 -5.587999999999999 7.08
vertex -1.167 -5.667 7.08
vertex 0.0 -4.5 7.08
endloop
endfacet
facet normal -0.0 0.0 1.0
outer loop
vertex -1.167 -5.667 7.08
vertex -1.088 -5.741 7.08
vertex 0.0 -4.5 7.08
endloop
endfacet
facet normal -0.0 0.0 1.0
outer loop
vertex -1.088 -5.741 7.08
vertex -1.004 -5.808999999999999 7.08
vertex 0.0 -4.5 7.08
endloop
endfacet
facet normal -0.0 0.0 1.0
outer loop
vertex -1.004 -5.808999999999999 7.08
vertex -0.917 -5.872 7.08
vertex 0.0 -4.5 7.08
endloop
endfacet
facet normal -0.0 0.0 1.0
outer loop
vertex -0.917 -5.872 7.08
vertex -0.825 -5.929 7.08
vertex 0.0 -4.5 7.08
endloop
endfacet
facet normal -0.0 0.0 1.0
outer loop
vertex -0.825 -5.929 7.08
vertex -0.73 -5.98 7.08
vertex 0.0 -4.5 7.08
endloop
endfacet
facet normal -0.0 0.0 1.0
outer loop
vertex -0.73 -5.98 7.08
vertex -0.631 -6.023999999999999 7.08
vertex 0.0 -4.5 7.08
endloop
endfacet
facet normal -0.0 0.0 1.0
outer loop
vertex -0.631 -6.023999999999999 7.08
vertex -0.53 -6.061999999999999 7.08
vertex 0.0 -4.5 7.08
endloop
endfacet
facet normal -0.0 0.0 1.0
outer loop
vertex -0.53 -6.061999999999999 7.08
vertex -0.427 -6.093999999999999 7.08
vertex 0.0 -4.5 7.08
endloop
endfacet
facet normal -0.0 0.0 1.0
outer loop
vertex -0.427 -6.093999999999999 7.08
vertex -0.322 -6.118 7.08
vertex 0.0 -4.5 7.08
endloop
endfacet
facet normal -0.0 0.0 1.0
outer loop
vertex -0.322 -6.118 7.08
vertex -0.215 -6.135999999999999 7.08
vertex 0.0 -4.5 7.08
endloop
endfacet
facet normal -0.0 0.0 1.0
outer loop
vertex -0.215 -6.135999999999999 7.08
vertex -0.108 -6.145999999999999 7.08
vertex 0.0 -4.5 7.08
endloop
endfacet
facet normal -0.0 0.0 1.0
outer loop
vertex -0.108 -6.145999999999999 7.08
vertex 0.0 -6.15 7.08
vertex 0.0 -4.5 7.08
endloop
endfacet
facet normal -0.9359477990383279 -0.35213877587580383 0.0
outer loop
vertex -1.562 -5.029999999999999 7.08
vertex -1.524 -5.131 2.0
vertex -1.524 -5.131 7.08
endloop
endfacet
facet normal -0.9138115486202573 -0.40613846605344717 0.0
outer loop
vertex -1.524 -5.131 7.08
vertex -1.48 -5.23 2.0
vertex -1.48 -5.23 7.08
endloop
endfacet
facet normal -0.8810660074470873 -0.4729933303137045 1.653946726955612e-16
outer loop
vertex -1.48 -5.23 7.08
vertex -1.429 -5.325000000000001 2.0
vertex -1.429 -5.324999999999999 7.08
endloop
endfacet
facet normal -0.8500681718937204 -0.526672671716758 0.0
outer loop
vertex -1.429 -5.324999999999999 7.08
vertex -1.372 -5.417 2.0
vertex -1.372 -5.417 7.08
endloop
endfacet
facet normal -0.8099421215430195 -0.5865098121518451 0.0
outer loop
vertex -1.372 -5.417 7.08
vertex -1.309 -5.504 2.0
vertex -1.309 -5.504 7.08
endloop
endfacet
facet normal -0.7772448707074849 -0.6291982286679653 2.2001586158127223e-16
outer loop
vertex -1.309 -5.504 7.08
vertex -1.241 -5.588000000000001 2.0
vertex -1.241 -5.587999999999999 7.08
endloop
endfacet
facet normal -0.7298252359078842 -0.6836337652807981 0.0
outer loop
vertex -1.241 -5.587999999999999 7.08
vertex -1.167 -5.667 2.0
vertex -1.167 -5.667 7.08
endloop
endfacet
facet normal -0.6836337652808 -0.7298252359078823 0.0
outer loop
vertex -1.167 -5.667 7.08
vertex -1.088 -5.741 2.0
vertex -1.088 -5.741 7.08
endloop
endfacet
facet normal -0.629198228667962 -0.7772448707074876 2.7178429960039547e-16
outer loop
vertex -1.088 -5.741 7.08
vertex -1.004 -5.809000000000001 2.0
vertex -1.004 -5.808999999999999 7.08
endloop
endfacet
facet normal -0.5865098121518466 -0.8099421215430183 0.0
outer loop
vertex -1.004 -5.808999999999999 7.08
vertex -0.917 -5.872 2.0
vertex -0.917 -5.872 7.08
endloop
endfacet
facet normal -0.5266726717167627 -0.8500681718937174 0.0
outer loop
vertex -0.917 -5.872 7.08
vertex -0.825 -5.929 2.0
vertex -0.825 -5.929 7.08
endloop
endfacet
facet normal -0.4729933303137019 -0.8810660074470887 0.0
outer loop
vertex -0.825 -5.929 7.08
vertex -0.73 -5.98 2.0
vertex -0.73 -5.98 7.08
endloop
endfacet
facet normal -0.40613846605343773 -0.9138115486202615 3.195384634477433e-16
outer loop
vertex -0.73 -5.98 7.08
vertex -0.631 -6.024000000000001 2.0
vertex -0.631 -6.023999999999999 7.08
endloop
endfacet
facet normal -0.3521387758758084 -0.9359477990383263 3.2727899097309883e-16
outer loop
vertex -0.631 -6.023999999999999 7.08
vertex -0.53 -6.062000000000001 2.0
vertex -0.53 -6.061999999999999 7.08
endloop
endfacet
facet normal -0.29669082367871363 -0.9549735887158589 3.339318633389799e-16
outer loop
vertex -0.53 -6.061999999999999 7.08
vertex -0.427 -6.094000000000001 2.0
vertex -0.427 -6.093999999999999 7.08
endloop
endfacet
facet normal -0.22282480150214917 -0.9748585065718653 0.0
outer loop
vertex -0.427 -6.093999999999999 7.08
vertex -0.322 -6.118 2.0
vertex -0.322 -6.118 7.08
endloop
endfacet
facet normal -0.16589333313434254 -0.986143702520874 3.4483132098512613e-16
outer loop
vertex -0.322 -6.118 7.08
vertex -0.215 -6.136000000000001 2.0
vertex -0.215 -6.135999999999999 7.08
endloop
endfacet
facet normal -0.09305244937160187 -0.9956612082761612 3.4815936949741656e-16
outer loop
vertex -0.215 -6.135999999999999 7.08
vertex -0.108 -6.146000000000001 2.0
vertex -0.108 -6.145999999999999 7.08
endloop
endfacet
facet normal -0.0370116605098926 -0.9993148337667666 0.0
outer loop
vertex -0.108 -6.145999999999999 7.08
vertex 0.0 -6.15 2.0
vertex 0.0 -6.15 7.08
endloop
endfacet
facet normal -0.9956612082761611 0.09305244937160297 0.0
outer loop
vertex -1.636 -4.285 7.08
vertex -1.636 -4.285 2.0
vertex -1.646 -4.392000000000001 2.0
endloop
endfacet
facet normal -0.9863939238321439 0.16439898730535651 0.0
outer loop
vertex -1.636 -4.285 7.08
vertex -1.621 -4.195 2.0
vertex -1.636 -4.285 2.0
endloop
endfacet
facet normal -0.9993148337667671 0.03701166050988072 -1.2942109504780861e-17
outer loop
vertex -1.646 -4.3919999999999995 7.08
vertex -1.646 -4.392000000000001 2.0
vertex -1.65 -4.5 2.0
endloop
endfacet
facet normal -0.9993148337667671 -0.037011660509880105 -0.0
outer loop
vertex -1.65 -4.5 7.08
vertex -1.65 -4.5 2.0
vertex -1.646 -4.6080000000000005 2.0
endloop
endfacet
facet normal 0.0 -0.0 -1.0
outer loop
vertex -4.879 -3.744000000000001 0.0
vertex 1.025 -3.154000000000001 0.0
vertex -4.624 -4.055 0.0
endloop
endfacet
facet normal 0.0 -0.0 0.9999999999999999
outer loop
vertex -3.417 -5.114000000000001 2.0
vertex -2.5 -3.7420000000000004 2.0
vertex -2.739 -3.5700000000000003 2.0
endloop
endfacet
facet normal 0.0 -0.0 0.9999999999999999
outer loop
vertex -3.417 -5.114000000000001 2.0
vertex -2.25 -3.8970000000000002 2.0
vertex -2.5 -3.7420000000000004 2.0
endloop
endfacet
facet normal -0.0 0.0 1.0
outer loop
vertex -2.25 -3.8970000000000002 2.0
vertex -3.075 -5.3260000000000005 2.0
vertex -1.99 -4.036 2.0
endloop
endfacet
facet normal 0.0 -0.0 -1.0
outer loop
vertex -4.624 -4.055 0.0
vertex 1.025 -3.154000000000001 0.0
vertex -4.349 -4.349 0.0
endloop
endfacet
facet normal 0.0 -0.0 -1.0
outer loop
vertex -4.349 -4.349 0.0
vertex 1.025 -3.154000000000001 0.0
vertex -4.055 -4.6240000000000006 0.0
endloop
endfacet
facet normal -0.0 0.0 1.0
outer loop
vertex -1.99 -4.036 2.0
vertex -2.72 -5.516 2.0
vertex -1.722 -4.157 2.0
endloop
endfacet
facet normal -0.0 0.0 1.0
outer loop
vertex -1.722 -4.157 2.0
vertex -1.636 -4.285 2.0
vertex -1.621 -4.195 2.0
endloop
endfacet
facet normal 0.0 -0.0 -1.0
outer loop
vertex -4.055 -4.6240000000000006 0.0
vertex 1.025 -3.154000000000001 0.0
vertex -3.744 -4.879 0.0
endloop
endfacet
facet normal 0.0 -0.0 -1.0
outer loop
vertex -3.744 -4.879 0.0
vertex 1.025 -3.154000000000001 0.0
vertex -3.417 -5.114000000000001 0.0
endloop
endfacet
facet normal 0.0 -0.0 -0.9999999999999999
outer loop
vertex -3.417 -5.114000000000001 0.0
vertex 1.025 -3.154000000000001 0.0
vertex -3.075 -5.3260000000000005 0.0
endloop
endfacet
facet normal -0.995661208276161 -0.09305244937160452 3.2538258831534494e-17
outer loop
vertex -1.646 -4.607999999999999 7.08
vertex -1.646 -4.6080000000000005 2.0
vertex -1.636 -4.715 2.0
endloop
endfacet
facet normal -0.9861437025208729 -0.16589333313434884 -0.0
outer loop
vertex -1.636 -4.715 7.08
vertex -1.636 -4.715 2.0
vertex -1.618 -4.822000000000001 2.0
endloop
endfacet
facet normal -0.9748585065718668 -0.22282480150214407 7.791660632605055e-17
outer loop
vertex -1.618 -4.821999999999999 7.08
vertex -1.618 -4.822000000000001 2.0
vertex -1.594 -4.927 2.0
endloop
endfacet
facet normal -0.9549735887158601 -0.2966908236787097 -0.0
outer loop
vertex -1.594 -4.927 7.08
vertex -1.594 -4.927 2.0
vertex -1.562 -5.030000000000001 2.0
endloop
endfacet
facet normal -0.935947799038326 -0.3521387758758093 1.2313466987106807e-16
outer loop
vertex -1.562 -5.029999999999999 7.08
vertex -1.562 -5.030000000000001 2.0
vertex -1.524 -5.131 2.0
endloop
endfacet
facet normal -0.0 0.0 1.0
outer loop
vertex -3.417 -5.114000000000001 2.0
vertex -3.075 -5.3260000000000005 2.0
vertex -2.25 -3.8970000000000002 2.0
endloop
endfacet
facet normal 0.0 0.0 1.0
outer loop
vertex -1.99 -4.036 2.0
vertex -3.075 -5.3260000000000005 2.0
vertex -2.72 -5.516 2.0
endloop
endfacet
facet normal -0.4718767791278036 -0.8816645083703721 0.0
outer loop
vertex -3.075 -5.3260000000000005 2.0
vertex -2.72 -5.516 0.0
vertex -2.72 -5.516 2.0
endloop
endfacet
facet normal -0.41305291415450107 -0.9107070275936573 0.0
outer loop
vertex -2.72 -5.516 2.0
vertex -2.354 -5.682 0.0
vertex -2.354 -5.682 2.0
endloop
endfacet
facet normal -0.4718767791278036 -0.8816645083703721 -0.0
outer loop
vertex -3.075 -5.3260000000000005 2.0
vertex -3.075 -5.3260000000000005 0.0
vertex -2.72 -5.516 0.0
endloop
endfacet
facet normal -0.41305291415450107 -0.9107070275936573 -0.0
outer loop
vertex -2.72 -5.516 2.0
vertex -2.72 -5.516 0.0
vertex -2.354 -5.682 0.0
endloop
endfacet
facet normal 0.0 0.0 1.0
outer loop
vertex -1.722 -4.157 2.0
vertex -2.72 -5.516 2.0
vertex -2.354 -5.682 2.0
endloop
endfacet
facet normal -0.0 0.0 1.0
outer loop
vertex -1.722 -4.157 2.0
vertex -2.354 -5.682 2.0
vertex -1.636 -4.285 2.0
endloop
endfacet
facet normal -0.0 0.0 1.0
outer loop
vertex -1.636 -4.285 2.0
vertex -2.354 -5.682 2.0
vertex -1.646 -4.392000000000001 2.0
endloop
endfacet
facet normal -0.0 0.0 0.9999999999999999
outer loop
vertex -1.646 -4.392000000000001 2.0
vertex -2.354 -5.682 2.0
vertex -1.65 -4.5 2.0
endloop
endfacet
facet normal -0.0 0.0 1.0
outer loop
vertex -1.65 -4.5 2.0
vertex -2.354 -5.682 2.0
vertex -1.646 -4.6080000000000005 2.0
endloop
endfacet
facet normal -0.0 0.0 1.0
outer loop
vertex -1.646 -4.6080000000000005 2.0
vertex -2.354 -5.682 2.0
vertex -1.636 -4.715 2.0
endloop
endfacet
facet normal 0.0 -0.0 1.0
outer loop
vertex -2.354 -5.682 2.0
vertex -1.618 -4.822000000000001 2.0
vertex -1.636 -4.715 2.0
endloop
endfacet
facet normal -0.0 0.0 1.0
outer loop
vertex -1.618 -4.822000000000001 2.0
vertex -1.977 -5.824 2.0
vertex -1.594 -4.927 2.0
endloop
endfacet
facet normal -0.0 0.0 1.0
outer loop
vertex -1.594 -4.927 2.0
vertex -1.977 -5.824 2.0
vertex -1.562 -5.030000000000001 2.0
endloop
endfacet
facet normal -0.0 0.0 1.0
outer loop
vertex -1.562 -5.030000000000001 2.0
vertex -1.977 -5.824 2.0
vertex -1.524 -5.131 2.0
endloop
endfacet
facet normal 0.0 -0.0 -1.0
outer loop
vertex -3.075 -5.3260000000000005 0.0
vertex 1.025 -3.154000000000001 0.0
vertex -2.72 -5.516 0.0
endloop
endfacet
facet normal -0.0 0.0 1.0
outer loop
vertex -2.354 -5.682 2.0
vertex -1.977 -5.824 2.0
vertex -1.618 -4.822000000000001 2.0
endloop
endfacet
facet normal -0.352483222473658 -0.9358181329054196 0.0
outer loop
vertex -2.354 -5.682 2.0
vertex -1.977 -5.824 0.0
vertex -1.977 -5.824 2.0
endloop
endfacet
facet normal 0.0 -0.0 1.0
outer loop
vertex -1.977 -5.824 2.0
vertex -1.48 -5.23 2.0
vertex -1.524 -5.131 2.0
endloop
endfacet
facet normal 0.0 -0.0 1.0
outer loop
vertex -1.977 -5.824 2.0
vertex -1.429 -5.325000000000001 2.0
vertex -1.48 -5.23 2.0
endloop
endfacet
facet normal 0.0 -0.0 1.0
outer loop
vertex -1.977 -5.824 2.0
vertex -1.372 -5.417 2.0
vertex -1.429 -5.325000000000001 2.0
endloop
endfacet
facet normal -0.0 0.0 1.0
outer loop
vertex -1.977 -5.824 2.0
vertex -1.592 -5.940000000000001 2.0
vertex -1.372 -5.417 2.0
endloop
endfacet
facet normal -0.2884884935750798 -0.957483362296589 0.0
outer loop
vertex -1.977 -5.824 2.0
vertex -1.592 -5.940000000000001 0.0
vertex -1.592 -5.940000000000001 2.0
endloop
endfacet
facet normal -0.352483222473658 -0.9358181329054196 -0.0
outer loop
vertex -2.354 -5.682 2.0
vertex -2.354 -5.682 0.0
vertex -1.977 -5.824 0.0
endloop
endfacet
facet normal -0.2884884935750798 -0.957483362296589 -0.0
outer loop
vertex -1.977 -5.824 2.0
vertex -1.977 -5.824 0.0
vertex -1.592 -5.940000000000001 0.0
endloop
endfacet
facet normal -0.9138115486202573 -0.40613846605344717 -0.0
outer loop
vertex -1.524 -5.131 7.08
vertex -1.524 -5.131 2.0
vertex -1.48 -5.23 2.0
endloop
endfacet
facet normal -0.881066007447091 -0.4729933303136976 -0.0
outer loop
vertex -1.48 -5.23 7.08
vertex -1.48 -5.23 2.0
vertex -1.429 -5.325000000000001 2.0
endloop
endfacet
facet normal -0.850068171893716 -0.5266726717167654 1.8416507923804706e-16
outer loop
vertex -1.429 -5.324999999999999 7.08
vertex -1.429 -5.325000000000001 2.0
vertex -1.372 -5.417 2.0
endloop
endfacet
facet normal -0.8099421215430195 -0.5865098121518451 -0.0
outer loop
vertex -1.372 -5.417 7.08
vertex -1.372 -5.417 2.0
vertex -1.309 -5.504 2.0
endloop
endfacet
facet normal -0.7772448707074914 -0.6291982286679572 -0.0
outer loop
vertex -1.309 -5.504 7.08
vertex -1.309 -5.504 2.0
vertex -1.241 -5.588000000000001 2.0
endloop
endfacet
facet normal -0.7298252359078765 -0.6836337652808062 2.3905069185069005e-16
outer loop
vertex -1.241 -5.587999999999999 7.08
vertex -1.241 -5.588000000000001 2.0
vertex -1.167 -5.667 2.0
endloop
endfacet
facet normal -0.6836337652808 -0.7298252359078823 -0.0
outer loop
vertex -1.167 -5.667 7.08
vertex -1.167 -5.667 2.0
vertex -1.088 -5.741 2.0
endloop
endfacet
facet normal -0.6291982286679719 -0.7772448707074795 -0.0
outer loop
vertex -1.088 -5.741 7.08
vertex -1.088 -5.741 2.0
vertex -1.004 -5.809000000000001 2.0
endloop
endfacet
facet normal -0.586509812151836 -0.8099421215430261 2.8321776124435107e-16
outer loop
vertex -1.004 -5.808999999999999 7.08
vertex -1.004 -5.809000000000001 2.0
vertex -0.917 -5.872 2.0
endloop
endfacet
facet normal -0.5266726717167627 -0.8500681718937174 -0.0
outer loop
vertex -0.917 -5.872 7.08
vertex -0.917 -5.872 2.0
vertex -0.825 -5.929 2.0
endloop
endfacet
facet normal -0.4729933303137019 -0.8810660074470887 -0.0
outer loop
vertex -0.825 -5.929 7.08
vertex -0.825 -5.929 2.0
vertex -0.73 -5.98 2.0
endloop
endfacet
facet normal -0.40613846605345144 -0.9138115486202555 -0.0
outer loop
vertex -0.73 -5.98 7.08
vertex -0.73 -5.98 2.0
vertex -0.631 -6.024000000000001 2.0
endloop
endfacet
facet normal -0.3521387758758084 -0.9359477990383263 3.2727899097309883e-16
outer loop
vertex -0.631 -6.023999999999999 7.08
vertex -0.631 -6.024000000000001 2.0
vertex -0.53 -6.062000000000001 2.0
endloop
endfacet
facet normal -0.29669082367871363 -0.9549735887158589 3.339318633389799e-16
outer loop
vertex -0.53 -6.061999999999999 7.08
vertex -0.53 -6.062000000000001 2.0
vertex -0.427 -6.094000000000001 2.0
endloop
endfacet
facet normal -0.2228248015021335 -0.974858506571869 3.4088515267646724e-16
outer loop
vertex -0.427 -6.093999999999999 7.08
vertex -0.427 -6.094000000000001 2.0
vertex -0.322 -6.118 2.0
endloop
endfacet
facet normal -0.16589333313435844 -0.9861437025208712 -0.0
outer loop
vertex -0.322 -6.118 7.08
vertex -0.322 -6.118 2.0
vertex -0.215 -6.136000000000001 2.0
endloop
endfacet
facet normal -0.09305244937160187 -0.9956612082761612 3.4815936949741656e-16
outer loop
vertex -0.215 -6.135999999999999 7.08
vertex -0.215 -6.136000000000001 2.0
vertex -0.108 -6.146000000000001 2.0
endloop
endfacet
facet normal -0.03701166050987619 -0.9993148337667671 3.4943695662907894e-16
outer loop
vertex -0.108 -6.145999999999999 7.08
vertex -0.108 -6.146000000000001 2.0
vertex 0.0 -6.15 2.0
endloop
endfacet
facet normal 0.0 -0.0 -1.0
outer loop
vertex -2.72 -5.516 0.0
vertex 1.025 -3.154000000000001 0.0
vertex -2.354 -5.682 0.0
endloop
endfacet
facet normal 0.0 -0.0 -1.0
outer loop
vertex -2.354 -5.682 0.0
vertex 1.025 -3.154000000000001 0.0
vertex -1.977 -5.824 0.0
endloop
endfacet
facet normal 0.0 -0.0 -1.0
outer loop
vertex -1.977 -5.824 0.0
vertex 1.025 -3.154000000000001 0.0
vertex -1.592 -5.940000000000001 0.0
endloop
endfacet
facet normal 0.0 -0.0 1.0
outer loop
vertex -1.592 -5.940000000000001 2.0
vertex -1.309 -5.504 2.0
vertex -1.372 -5.417 2.0
endloop
endfacet
facet normal 0.0 -0.0 1.0
outer loop
vertex -1.592 -5.940000000000001 2.0
vertex -1.241 -5.588000000000001 2.0
vertex -1.309 -5.504 2.0
endloop
endfacet
facet normal 0.0 -0.0 0.9999999999999999
outer loop
vertex -1.592 -5.940000000000001 2.0
vertex -1.167 -5.667 2.0
vertex -1.241 -5.588000000000001 2.0
endloop
endfacet
facet normal 0.0 -0.0 1.0
outer loop
vertex -1.592 -5.940000000000001 2.0
vertex -1.088 -5.741 2.0
vertex -1.167 -5.667 2.0
endloop
endfacet
facet normal -0.0 0.0 0.9999999999999999
outer loop
vertex -1.592 -5.940000000000001 2.0
vertex -1.2 -6.032 2.0
vertex -1.088 -5.741 2.0
endloop
endfacet
facet normal -0.2284855896112933 -0.9735472948655242 0.0
outer loop
vertex -1.592 -5.940000000000001 2.0
vertex -1.2 -6.032 0.0
vertex -1.2 -6.032 2.0
endloop
endfacet
facet normal 0.0 -0.0 1.0
outer loop
vertex -1.2 -6.032 2.0
vertex -1.004 -5.809000000000001 2.0
vertex -1.088 -5.741 2.0
endloop
endfacet
facet normal 0.0 -0.0 1.0
outer loop
vertex -1.2 -6.032 2.0
vertex -0.917 -5.872 2.0
vertex -1.004 -5.809000000000001 2.0
endloop
endfacet
facet normal 0.0 -0.0 1.0
outer loop
vertex -1.2 -6.032 2.0
vertex -0.825 -5.929 2.0
vertex -0.917 -5.872 2.0
endloop
endfacet
facet normal -0.0 -0.0 1.0
outer loop
vertex -1.2 -6.032 2.0
vertex -0.803 -6.097000000000001 2.0
vertex -0.825 -5.929 2.0
endloop
endfacet
facet normal -0.0 0.0 1.0
outer loop
vertex -0.825 -5.929 2.0
vertex -0.803 -6.097000000000001 2.0
vertex -0.73 -5.98 2.0
endloop
endfacet
facet normal -0.16157660266684115 -0.9868601732113025 0.0
outer loop
vertex -1.2 -6.032 2.0
vertex -0.803 -6.097000000000001 0.0
vertex -0.803 -6.097000000000001 2.0
endloop
endfacet
facet normal -0.2284855896112933 -0.9735472948655242 -0.0
outer loop
vertex -1.592 -5.940000000000001 2.0
vertex -1.592 -5.940000000000001 0.0
vertex -1.2 -6.032 0.0
endloop
endfacet
facet normal -0.16157660266684115 -0.9868601732113025 -0.0
outer loop
vertex -1.2 -6.032 2.0
vertex -1.2 -6.032 0.0
vertex -0.803 -6.097000000000001 0.0
endloop
endfacet
facet normal 0.0 -0.0 -1.0
outer loop
vertex -1.592 -5.940000000000001 0.0
vertex 1.025 -3.154000000000001 0.0
vertex -1.2 -6.032 0.0
endloop
endfacet
facet normal 0.0 -0.0 -1.0
outer loop
vertex -1.2 -6.032 0.0
vertex 1.025 -3.154000000000001 0.0
vertex -0.803 -6.097000000000001 0.0
endloop
endfacet
facet normal 0.0 -0.0 -1.0
outer loop
vertex -0.803 -6.097000000000001 0.0
vertex 1.025 -3.154000000000001 0.0
vertex -0.402 -6.1370000000000005 0.0
endloop
endfacet
facet normal 0.0 -0.0 1.0
outer loop
vertex -0.803 -6.097000000000001 2.0
vertex -0.631 -6.024000000000001 2.0
vertex -0.73 -5.98 2.0
endloop
endfacet
facet normal 0.0 -0.0 1.0
outer loop
vertex -0.803 -6.097000000000001 2.0
vertex -0.53 -6.062000000000001 2.0
vertex -0.631 -6.024000000000001 2.0
endloop
endfacet
facet normal -0.0 -0.0 1.0
outer loop
vertex -0.803 -6.097000000000001 2.0
vertex -0.402 -6.1370000000000005 2.0
vertex -0.53 -6.062000000000001 2.0
endloop
endfacet
facet normal -0.0 -0.0 1.0
outer loop
vertex -0.53 -6.062000000000001 2.0
vertex -0.402 -6.1370000000000005 2.0
vertex -0.427 -6.094000000000001 2.0
endloop
endfacet
facet normal -0.09925802780018513 -0.9950617286968771 0.0
outer loop
vertex -0.803 -6.097000000000001 2.0
vertex -0.402 -6.1370000000000005 0.0
vertex -0.402 -6.1370000000000005 2.0
endloop
endfacet
facet normal -0.0 0.0 1.0
outer loop
vertex -0.427 -6.094000000000001 2.0
vertex -0.402 -6.1370000000000005 2.0
vertex -0.322 -6.118 2.0
endloop
endfacet
facet normal 0.0 -0.0 1.0
outer loop
vertex -0.402 -6.1370000000000005 2.0
vertex -0.215 -6.136000000000001 2.0
vertex -0.322 -6.118 2.0
endloop
endfacet
facet normal -0.0 -0.0 1.0
outer loop
vertex -0.402 -6.1370000000000005 2.0
vertex -0.108 -6.146000000000001 2.0
vertex -0.215 -6.136000000000001 2.0
endloop
endfacet
facet normal -0.030597909618086803 -0.9995317141907979 0.00034677630900468786
outer loop
vertex -0.402 -6.1370000000000005 2.0
vertex 0.0 -6.15 0.0
vertex -0.108 -6.146000000000001 2.0
endloop
endfacet
facet normal -0.0370116605098762 -0.9993148337667673 0.0
outer loop
vertex -0.108 -6.146000000000001 2.0
vertex 0.0 -6.15 0.0
vertex 0.0 -6.15 2.0
endloop
endfacet
facet normal -0.09925802780018513 -0.9950617286968771 -0.0
outer loop
vertex -0.803 -6.097000000000001 2.0
vertex -0.803 -6.097000000000001 0.0
vertex -0.402 -6.1370000000000005 0.0
endloop
endfacet
facet normal -0.03232141255355438 -0.9994775266560738 -0.0
outer loop
vertex -0.402 -6.1370000000000005 2.0
vertex -0.402 -6.1370000000000005 0.0
vertex 0.0 -6.15 0.0
endloop
endfacet
facet normal -0.0 -0.0 1.0
outer loop
vertex -0.587 4.4620000000000015 17.0
vertex 1.025 3.1540000000000012 17.0
vertex -0.294 4.490000000000002 17.0
endloop
endfacet
facet normal -0.0 -0.0 1.0
outer loop
vertex -0.294 4.490000000000002 17.0
vertex 1.025 3.1540000000000012 17.0
vertex 0.0 4.500000000000002 17.0
endloop
endfacet
facet normal -0.0 -0.0 1.0
outer loop
vertex 0.0 4.500000000000002 17.0
vertex 1.025 3.1540000000000012 17.0
vertex 0.294 4.490000000000002 17.0
endloop
endfacet
facet normal -0.0 -0.0 1.0
outer loop
vertex 0.294 4.490000000000002 17.0
vertex 1.025 3.1540000000000012 17.0
vertex 0.587 4.4620000000000015 17.0
endloop
endfacet
facet normal -0.0 -0.0 1.0
outer loop
vertex 0.587 4.4620000000000015 17.0
vertex 1.025 3.1540000000000012 17.0
vertex 0.878 4.4140000000000015 17.0
endloop
endfacet
facet normal -0.0 0.0 1.0
outer loop
vertex 0.878 4.4140000000000015 17.0
vertex 1.025 3.1540000000000012 17.0
vertex 1.165 4.347000000000001 17.0
endloop
endfacet
facet normal -0.0 0.0 1.0
outer loop
vertex 1.165 4.347000000000001 17.0
vertex 1.025 3.1540000000000012 17.0
vertex 1.446 4.261000000000001 17.0
endloop
endfacet
facet normal 0.033993946896856204 0.9994220387675937 -1.789647352834836e-16
outer loop
vertex 0.0 4.500000000000002 17.0
vertex 0.294 4.490000000000002 17.0
vertex 0.294 4.49 7.08
endloop
endfacet
facet normal 0.09512974978738724 0.9954648817037139 -1.7825613417310014e-16
outer loop
vertex 0.294 4.490000000000002 17.0
vertex 0.587 4.4620000000000015 17.0
vertex 0.587 4.462 7.08
endloop
endfacet
facet normal 0.16274927158341213 0.9866674589744352 -1.7668079525835727e-16
outer loop
vertex 0.587 4.4620000000000015 17.0
vertex 0.878 4.4140000000000015 17.0
vertex 0.878 4.414 7.08
endloop
endfacet
facet normal 0.22733687727508428 0.973816175790284 0.0
outer loop
vertex 0.878 4.4140000000000015 17.0
vertex 1.165 4.347000000000001 17.0
vertex 1.165 4.347000000000001 7.08
endloop
endfacet
facet normal 0.29265077453967264 0.9562193912284617 0.0
outer loop
vertex 1.165 4.347000000000001 17.0
vertex 1.446 4.261000000000001 17.0
vertex 1.446 4.261000000000001 7.08
endloop
endfacet
facet normal 0.35260923416906426 0.9357706599102162 -5.468505492811603e-06
outer loop
vertex 1.446 4.261000000000001 17.0
vertex 1.722 4.157000000000002 17.0
vertex 1.621 4.195 7.08
endloop
endfacet
facet normal 0.033993946896856204 0.9994220387675937 -1.7908005986975658e-16
outer loop
vertex 0.0 4.500000000000002 17.0
vertex 0.294 4.49 7.08
vertex 0.0 4.5 7.08
endloop
endfacet
facet normal 0.09512974978738724 0.9954648817037139 -1.782371222133974e-16
outer loop
vertex 0.294 4.490000000000002 17.0
vertex 0.587 4.462 7.08
vertex 0.294 4.49 7.08
endloop
endfacet
facet normal 0.16274927158341213 0.9866674589744352 -1.7669028198490676e-16
outer loop
vertex 0.587 4.4620000000000015 17.0
vertex 0.878 4.414 7.08
vertex 0.587 4.462 7.08
endloop
endfacet
facet normal 0.22733687727507854 0.9738161757902853 -1.744459943450859e-16
outer loop
vertex 0.878 4.4140000000000015 17.0
vertex 1.165 4.347000000000001 7.08
vertex 0.878 4.414 7.08
endloop
endfacet
facet normal 0.29265077453967264 0.9562193912284617 0.0
outer loop
vertex 1.165 4.347000000000001 17.0
vertex 1.446 4.261000000000001 7.08
vertex 1.165 4.347000000000001 7.08
endloop
endfacet
facet normal 0.35288063421333266 0.9356683482929175 0.0
outer loop
vertex 1.446 4.261000000000001 17.0
vertex 1.621 4.195 7.08
vertex 1.446 4.261000000000001 7.08
endloop
endfacet
facet normal 0.41149560153364567 0.9114117455455921 -1.0854951964004652e-16
outer loop
vertex 1.722 4.157000000000002 17.0
vertex 1.99 4.036000000000001 17.0
vertex 1.722 4.157 2.0
endloop
endfacet
facet normal 0.47146824105182145 0.8818830408163553 -1.0355726371488853e-16
outer loop
vertex 1.99 4.036000000000001 17.0
vertex 2.25 3.897000000000001 17.0
vertex 1.99 4.036 2.0
endloop
endfacet
facet normal 0.5269396688616748 0.8499026917123798 -1.0064869728319789e-16
outer loop
vertex 2.25 3.897000000000001 17.0
vertex 2.5 3.7420000000000013 17.0
vertex 2.25 3.8969999999999994 2.0
endloop
endfacet
facet normal 0.5841257822365854 0.8116631508985099 -9.583116147211832e-17
outer loop
vertex 2.5 3.7420000000000013 17.0
vertex 2.739 3.570000000000001 17.0
vertex 2.5 3.7419999999999995 2.0
endloop
endfacet
facet normal 0.6341606953063172 0.7732012755606448 -9.098812099821658e-17
outer loop
vertex 2.739 3.570000000000001 17.0
vertex 2.967 3.3830000000000013 17.0
vertex 2.739 3.5699999999999994 2.0
endloop
endfacet
facet normal 0.6829232947005958 0.7304900913464076 -8.644453590510153e-17
outer loop
vertex 2.967 3.3830000000000013 17.0
vertex 3.182 3.1820000000000013 17.0
vertex 2.967 3.3829999999999996 2.0
endloop
endfacet
facet normal 0.35213877587579395 0.9359477990383316 -0.0
outer loop
vertex 1.722 4.157000000000002 17.0
vertex 1.621 4.195 2.0
vertex 1.621 4.195 7.08
endloop
endfacet
facet normal -0.0 -0.0 1.0
outer loop
vertex 1.446 4.261000000000001 17.0
vertex 3.317 1.1207637283869347e-15 17.0
vertex 1.722 4.157000000000002 17.0
endloop
endfacet
facet normal 0.0 0.0 1.0
outer loop
vertex 1.446 4.261000000000001 17.0
vertex 1.025 3.1540000000000012 17.0
vertex 3.317 1.1207637283869347e-15 17.0
endloop
endfacet
facet normal -0.0 -0.0 1.0
outer loop
vertex 1.722 4.157000000000002 17.0
vertex 3.317 1.1207637283869347e-15 17.0
vertex 1.99 4.036000000000001 17.0
endloop
endfacet
facet normal -0.0 -0.0 0.9999999999999999
outer loop
vertex 1.99 4.036000000000001 17.0
vertex 3.317 1.1207637283869347e-15 17.0
vertex 2.25 3.897000000000001 17.0
endloop
endfacet
facet normal -0.0 -0.0 0.9999999999999999
outer loop
vertex 2.25 3.897000000000001 17.0
vertex 3.317 1.1207637283869347e-15 17.0
vertex 2.5 3.7420000000000013 17.0
endloop
endfacet
facet normal -0.0 -0.0 1.0
outer loop
vertex 2.5 3.7420000000000013 17.0
vertex 3.317 1.1207637283869347e-15 17.0
vertex 2.739 3.570000000000001 17.0
endloop
endfacet
facet normal -0.0 -0.0 1.0
outer loop
vertex 2.739 3.570000000000001 17.0
vertex 3.317 1.1207637283869347e-15 17.0
vertex 2.967 3.3830000000000013 17.0
endloop
endfacet
facet normal 0.7304900913464076 0.6829232947005958 -8.015766056654869e-17
outer loop
vertex 3.182 3.1820000000000013 17.0
vertex 3.383 2.9670000000000014 17.0
vertex 3.182 3.1819999999999995 2.0
endloop
endfacet
facet normal -0.0 -0.0 1.0
outer loop
vertex 2.967 3.3830000000000013 17.0
vertex 3.317 1.1207637283869347e-15 17.0
vertex 3.182 3.1820000000000013 17.0
endloop
endfacet
facet normal -0.0 0.0 1.0
outer loop
vertex 3.182 3.1820000000000013 17.0
vertex 3.317 1.1207637283869347e-15 17.0
vertex 3.383 2.9670000000000014 17.0
endloop
endfacet
facet normal -0.0 0.0 1.0
outer loop
vertex 3.383 2.9670000000000014 17.0
vertex 3.317 1.1207637283869347e-15 17.0
vertex 3.57 2.739000000000001 17.0
endloop
endfacet
facet normal -0.0 0.0 1.0
outer loop
vertex 3.57 2.739000000000001 17.0
vertex 3.317 1.1207637283869347e-15 17.0
vertex 3.742 2.5000000000000013 17.0
endloop
endfacet
facet normal -0.0 0.0 1.0
outer loop
vertex 3.742 2.5000000000000013 17.0
vertex 3.317 1.1207637283869347e-15 17.0
vertex 3.897 2.2500000000000013 17.0
endloop
endfacet
facet normal -0.0 0.0 0.9999999999999999
outer loop
vertex 3.897 2.2500000000000013 17.0
vertex 3.317 1.1207637283869347e-15 17.0
vertex 4.036 1.990000000000001 17.0
endloop
endfacet
facet normal -0.0 0.0 1.0
outer loop
vertex 4.036 1.990000000000001 17.0
vertex 3.317 1.1207637283869347e-15 17.0
vertex 4.157 1.722000000000001 17.0
endloop
endfacet
facet normal -0.0 0.0 1.0
outer loop
vertex 4.157 1.722000000000001 17.0
vertex 3.317 1.1207637283869347e-15 17.0
vertex 4.261 1.446000000000001 17.0
endloop
endfacet
facet normal -0.0 0.0 1.0
outer loop
vertex 4.261 1.446000000000001 17.0
vertex 3.317 1.1207637283869347e-15 17.0
vertex 4.347 1.1650000000000011 17.0
endloop
endfacet
facet normal -0.0 0.0 1.0
outer loop
vertex 4.347 1.1650000000000011 17.0
vertex 3.317 1.1207637283869347e-15 17.0
vertex 4.414 0.8780000000000011 17.0
endloop
endfacet
facet normal -0.0 0.0 1.0
outer loop
vertex 4.414 0.8780000000000011 17.0
vertex 3.317 1.1207637283869347e-15 17.0
vertex 4.462 0.5870000000000011 17.0
endloop
endfacet
facet normal -0.0 0.0 1.0
outer loop
vertex 4.462 0.5870000000000011 17.0
vertex 3.317 1.1207637283869347e-15 17.0
vertex 4.49 0.2940000000000011 17.0
endloop
endfacet
facet normal -0.0 0.0 0.9999999999999999
outer loop
vertex 4.49 0.2940000000000011 17.0
vertex 3.317 1.1207637283869347e-15 17.0
vertex 4.5 1.1207637283869347e-15 17.0
endloop
endfacet
facet normal 0.9562193912284617 0.29265077453967264 -3.2752785087533276e-17
outer loop
vertex 4.261 1.446000000000001 17.0
vertex 4.347 1.1650000000000011 17.0
vertex 4.347 1.165 7.08
endloop
endfacet
facet normal 0.9738161757902847 0.22733687727508142 -2.7987308371662985e-17
outer loop
vertex 4.347 1.1650000000000011 17.0
vertex 4.414 0.8780000000000011 17.0
vertex 4.414 0.8779999999999999 7.08
endloop
endfacet
facet normal 0.9866674589744352 0.16274927158341213 -2.003596647259723e-17
outer loop
vertex 4.414 0.8780000000000011 17.0
vertex 4.462 0.5870000000000011 17.0
vertex 4.462 0.5869999999999999 7.08
endloop
endfacet
facet normal 0.9954648817037139 0.09512974978738724 -1.1711367176901828e-17
outer loop
vertex 4.462 0.5870000000000011 17.0
vertex 4.49 0.2940000000000011 17.0
vertex 4.49 0.2939999999999999 7.08
endloop
endfacet
facet normal 0.9994220387675937 0.033993946896856204 -4.163057825762006e-18
outer loop
vertex 4.49 0.2940000000000011 17.0
vertex 4.5 1.1207637283869347e-15 17.0
vertex 4.5 -9.408589636723978e-17 7.08
endloop
endfacet
facet normal 0.7732012755606448 0.6341606953063172 -7.530051392955855e-17
outer loop
vertex 3.383 2.9670000000000014 17.0
vertex 3.57 2.739000000000001 17.0
vertex 3.383 2.9669999999999996 2.0
endloop
endfacet
facet normal 0.8116631508985099 0.5841257822365854 -6.91241164716919e-17
outer loop
vertex 3.57 2.739000000000001 17.0
vertex 3.742 2.5000000000000013 17.0
vertex 3.57 2.7389999999999994 2.0
endloop
endfacet
facet normal 0.8499026917123798 0.5269396688616748 -6.290543580199869e-17
outer loop
vertex 3.742 2.5000000000000013 17.0
vertex 3.897 2.2500000000000013 17.0
vertex 3.742 2.4999999999999996 2.0
endloop
endfacet
facet normal 0.8818830408163563 0.47146824105182006 -5.648578020812103e-17
outer loop
vertex 3.897 2.2500000000000013 17.0
vertex 4.036 1.990000000000001 17.0
vertex 3.897 2.2499999999999996 2.0
endloop
endfacet
facet normal 0.9114117455455921 0.41149560153364567 -4.876862476581801e-17
outer loop
vertex 4.036 1.990000000000001 17.0
vertex 4.157 1.722000000000001 17.0
vertex 4.036 1.9899999999999993 2.0
endloop
endfacet
facet normal 0.9357706599242069 0.35260923417433915 -4.1562838932726586e-17
outer loop
vertex 4.157 1.722000000000001 17.0
vertex 4.261 1.446000000000001 17.0
vertex 4.157 1.7219999999999993 2.0
endloop
endfacet
facet normal 0.9381330079679199 0.34627509539591284 -0.00013292709995948827
outer loop
vertex 4.261 1.446000000000001 17.0
vertex 4.195 1.621 7.08
vertex 4.157 1.7219999999999993 2.0
endloop
endfacet
facet normal 0.9356683482929188 0.35288063421332844 -3.949356905725453e-17
outer loop
vertex 4.261 1.446000000000001 17.0
vertex 4.261 1.446 7.08
vertex 4.195 1.621 7.08
endloop
endfacet
facet normal 0.9562193912284617 0.29265077453967264 -3.332405459487386e-17
outer loop
vertex 4.261 1.446000000000001 17.0
vertex 4.347 1.165 7.08
vertex 4.261 1.446 7.08
endloop
endfacet
facet normal 0.9738161757902847 0.2273368772750813 -2.4920856335012242e-17
outer loop
vertex 4.347 1.1650000000000011 17.0
vertex 4.414 0.8779999999999999 7.08
vertex 4.347 1.165 7.08
endloop
endfacet
facet normal 0.9866674589744352 0.16274927158341213 -2.015929391774104e-17
outer loop
vertex 4.414 0.8780000000000011 17.0
vertex 4.462 0.5869999999999999 7.08
vertex 4.414 0.8779999999999999 7.08
endloop
endfacet
facet normal 0.9954648817037139 0.09512974978738724 -1.1882474814226494e-17
outer loop
vertex 4.462 0.5870000000000011 17.0
vertex 4.49 0.2939999999999999 7.08
vertex 4.462 0.5869999999999999 7.08
endloop
endfacet
facet normal 0.9994220387675937 0.033993946896856204 -4.161196411911356e-18
outer loop
vertex 4.49 0.2940000000000011 17.0
vertex 4.5 -9.408589636723978e-17 7.08
vertex 4.49 0.2939999999999999 7.08
endloop
endfacet
facet normal -0.0 0.0 1.0
outer loop
vertex 0.0 6.15 7.08
vertex 0.0 4.5 7.08
vertex 0.108 6.146000000000001 7.08
endloop
endfacet
facet normal 0.0 -0.0 1.0
outer loop
vertex 0.0 4.5 7.08
vertex 0.215 6.136000000000001 7.08
vertex 0.108 6.146000000000001 7.08
endloop
endfacet
facet normal 0.0 -0.0 1.0
outer loop
vertex 0.0 4.5 7.08
vertex 0.322 6.118 7.08
vertex 0.215 6.136000000000001 7.08
endloop
endfacet
facet normal 0.0 -0.0 1.0
outer loop
vertex 0.0 4.5 7.08
vertex 0.427 6.094000000000001 7.08
vertex 0.322 6.118 7.08
endloop
endfacet
facet normal 0.0 -0.0 1.0
outer loop
vertex 0.0 4.5 7.08
vertex 0.53 6.062000000000001 7.08
vertex 0.427 6.094000000000001 7.08
endloop
endfacet
facet normal 0.0 -0.0 1.0
outer loop
vertex 0.0 4.5 7.08
vertex 0.631 6.024000000000001 7.08
vertex 0.53 6.062000000000001 7.08
endloop
endfacet
facet normal 0.0 -0.0 1.0
outer loop
vertex 0.0 4.5 7.08
vertex 0.73 5.98 7.08
vertex 0.631 6.024000000000001 7.08
endloop
endfacet
facet normal 0.0 -0.0 1.0
outer loop
vertex 0.0 4.5 7.08
vertex 0.825 5.929 7.08
vertex 0.73 5.98 7.08
endloop
endfacet
facet normal 0.0 -0.0 1.0
outer loop
vertex 0.0 4.5 7.08
vertex 0.917 5.872 7.08
vertex 0.825 5.929 7.08
endloop
endfacet
facet normal 0.0 -0.0 1.0
outer loop
vertex 0.0 4.5 7.08
vertex 1.004 5.809000000000001 7.08
vertex 0.917 5.872 7.08
endloop
endfacet
facet normal 0.0 -0.0 1.0
outer loop
vertex 0.0 4.5 7.08
vertex 1.088 5.741 7.08
vertex 1.004 5.809000000000001 7.08
endloop
endfacet
facet normal 0.0 -0.0 1.0
outer loop
vertex 0.0 4.5 7.08
vertex 1.167 5.667 7.08
vertex 1.088 5.741 7.08
endloop
endfacet
facet normal 0.0 -0.0 1.0
outer loop
vertex 0.0 4.5 7.08
vertex 1.241 5.588000000000001 7.08
vertex 1.167 5.667 7.08
endloop
endfacet
facet normal 0.0 -0.0 1.0
outer loop
vertex 0.0 4.5 7.08
vertex 1.309 5.504 7.08
vertex 1.241 5.588000000000001 7.08
endloop
endfacet
facet normal 0.0 -0.0 1.0
outer loop
vertex 0.0 4.5 7.08
vertex 1.372 5.417 7.08
vertex 1.309 5.504 7.08
endloop
endfacet
facet normal 0.0 -0.0 1.0
outer loop
vertex 0.0 4.5 7.08
vertex 1.429 5.325000000000001 7.08
vertex 1.372 5.417 7.08
endloop
endfacet
facet normal 0.0 -0.0 1.0
outer loop
vertex 0.0 4.5 7.08
vertex 1.48 5.23 7.08
vertex 1.429 5.325000000000001 7.08
endloop
endfacet
facet normal 0.0 -0.0 1.0
outer loop
vertex 0.0 4.5 7.08
vertex 1.524 5.131 7.08
vertex 1.48 5.23 7.08
endloop
endfacet
facet normal 0.0 -0.0 1.0
outer loop
vertex 0.0 4.5 7.08
vertex 1.562 5.030000000000001 7.08
vertex 1.524 5.131 7.08
endloop
endfacet
facet normal 0.0 -0.0 1.0
outer loop
vertex 0.0 4.5 7.08
vertex 1.594 4.927 7.08
vertex 1.562 5.030000000000001 7.08
endloop
endfacet
facet normal 0.0 -0.0 0.9999999999999999
outer loop
vertex 0.0 4.5 7.08
vertex 1.618 4.822000000000001 7.08
vertex 1.594 4.927 7.08
endloop
endfacet
facet normal 0.0 -0.0 1.0
outer loop
vertex 0.0 4.5 7.08
vertex 1.636 4.715 7.08
vertex 1.618 4.822000000000001 7.08
endloop
endfacet
facet normal 0.03701166050987619 0.9993148337667671 0.0
outer loop
vertex 0.0 6.15 7.08
vertex 0.108 6.146000000000001 7.08
vertex 0.0 6.15 2.0
endloop
endfacet
facet normal 0.09305244937160187 0.9956612082761612 -3.4834049066474056e-16
outer loop
vertex 0.108 6.146000000000001 7.08
vertex 0.215 6.136000000000001 7.08
vertex 0.108 6.145999999999999 2.0
endloop
endfacet
facet normal 0.16589333313435844 0.9861437025208712 -3.4501071081880057e-16
outer loop
vertex 0.215 6.136000000000001 7.08
vertex 0.322 6.118 7.08
vertex 0.215 6.135999999999999 2.0
endloop
endfacet
facet normal 0.2228248015021335 0.974858506571869 0.0
outer loop
vertex 0.322 6.118 7.08
vertex 0.427 6.094000000000001 7.08
vertex 0.322 6.118 2.0
endloop
endfacet
facet normal 0.29669082367871363 0.9549735887158589 -3.3402051333303974e-16
outer loop
vertex 0.427 6.094000000000001 7.08
vertex 0.53 6.062000000000001 7.08
vertex 0.427 6.093999999999999 2.0
endloop
endfacet
facet normal 0.3521387758758084 0.9359477990383263 -3.275194883751908e-16
outer loop
vertex 0.53 6.062000000000001 7.08
vertex 0.631 6.024000000000001 7.08
vertex 0.53 6.061999999999999 2.0
endloop
endfacet
facet normal 0.40613846605345144 0.9138115486202555 -3.1835330658362795e-16
outer loop
vertex 0.631 6.024000000000001 7.08
vertex 0.73 5.98 7.08
vertex 0.631 6.023999999999999 2.0
endloop
endfacet
facet normal 0.4729933303137019 0.8810660074470887 0.0
outer loop
vertex 0.73 5.98 7.08
vertex 0.825 5.929 7.08
vertex 0.73 5.98 2.0
endloop
endfacet
facet normal 0.5266726717167627 0.8500681718937174 0.0
outer loop
vertex 0.825 5.929 7.08
vertex 0.917 5.872 7.08
vertex 0.825 5.929 2.0
endloop
endfacet
facet normal 0.586509812151836 0.8099421215430261 0.0
outer loop
vertex 0.917 5.872 7.08
vertex 1.004 5.809000000000001 7.08
vertex 0.917 5.872 2.0
endloop
endfacet
facet normal 0.6291982286679719 0.7772448707074795 -2.7173374448513933e-16
outer loop
vertex 1.004 5.809000000000001 7.08
vertex 1.088 5.741 7.08
vertex 1.004 5.808999999999999 2.0
endloop
endfacet
facet normal 0.6836337652808 0.7298252359078823 0.0
outer loop
vertex 1.088 5.741 7.08
vertex 1.167 5.667 7.08
vertex 1.088 5.741 2.0
endloop
endfacet
facet normal 0.7298252359078765 0.6836337652808062 0.0
outer loop
vertex 1.167 5.667 7.08
vertex 1.241 5.588000000000001 7.08
vertex 1.167 5.667 2.0
endloop
endfacet
facet normal 0.7772448707074914 0.6291982286679572 -2.2117862923209003e-16
outer loop
vertex 1.241 5.588000000000001 7.08
vertex 1.309 5.504 7.08
vertex 1.241 5.587999999999999 2.0
endloop
endfacet
facet normal 0.8099421215430195 0.5865098121518451 0.0
outer loop
vertex 1.309 5.504 7.08
vertex 1.372 5.417 7.08
vertex 1.309 5.504 2.0
endloop
endfacet
facet normal 0.850068171893716 0.5266726717167654 0.0
outer loop
vertex 1.372 5.417 7.08
vertex 1.429 5.325000000000001 7.08
vertex 1.372 5.417 2.0
endloop
endfacet
facet normal 0.881066007447091 0.4729933303136976 -1.6468525927100697e-16
outer loop
vertex 1.429 5.325000000000001 7.08
vertex 1.48 5.23 7.08
vertex 1.429 5.324999999999999 2.0
endloop
endfacet
facet normal 0.9138115486202573 0.40613846605344717 0.0
outer loop
vertex 1.48 5.23 7.08
vertex 1.524 5.131 7.08
vertex 1.48 5.23 2.0
endloop
endfacet
facet normal 0.935947799038326 0.3521387758758093 0.0
outer loop
vertex 1.524 5.131 7.08
vertex 1.562 5.030000000000001 7.08
vertex 1.524 5.131 2.0
endloop
endfacet
facet normal -0.0 0.0 1.0
outer loop
vertex 0.0 4.5 7.08
vertex 0.294 4.49 7.08
vertex 1.65 4.5 7.08
endloop
endfacet
facet normal -0.0 0.0 1.0
outer loop
vertex 0.294 4.49 7.08
vertex 0.587 4.462 7.08
vertex 1.65 4.5 7.08
endloop
endfacet
facet normal -0.0 0.0 1.0
outer loop
vertex 0.587 4.462 7.08
vertex 0.878 4.414 7.08
vertex 1.65 4.5 7.08
endloop
endfacet
facet normal 0.0 -0.0 0.9999999999999999
outer loop
vertex 0.0 4.5 7.08
vertex 1.646 4.6080000000000005 7.08
vertex 1.636 4.715 7.08
endloop
endfacet
facet normal 0.0 -0.0 0.9999999999999999
outer loop
vertex 0.0 4.5 7.08
vertex 1.65 4.5 7.08
vertex 1.646 4.6080000000000005 7.08
endloop
endfacet
facet normal -0.0 0.0 1.0
outer loop
vertex 0.878 4.414 7.08
vertex 1.165 4.347000000000001 7.08
vertex 1.646 4.392000000000001 7.08
endloop
endfacet
facet normal -0.0 0.0 1.0
outer loop
vertex 0.878 4.414 7.08
vertex 1.646 4.392000000000001 7.08
vertex 1.65 4.5 7.08
endloop
endfacet
facet normal -0.0 0.0 1.0
outer loop
vertex 1.165 4.347000000000001 7.08
vertex 1.446 4.261000000000001 7.08
vertex 1.646 4.392000000000001 7.08
endloop
endfacet
facet normal 0.9549735887158601 0.2966908236787097 -1.0368883233798015e-16
outer loop
vertex 1.562 5.030000000000001 7.08
vertex 1.594 4.927 7.08
vertex 1.562 5.029999999999999 2.0
endloop
endfacet
facet normal 0.9748585065718668 0.22282480150214407 0.0
outer loop
vertex 1.594 4.927 7.08
vertex 1.618 4.822000000000001 7.08
vertex 1.594 4.927 2.0
endloop
endfacet
facet normal 0.9861437025208729 0.16589333313434884 -5.782961743484977e-17
outer loop
vertex 1.618 4.822000000000001 7.08
vertex 1.636 4.715 7.08
vertex 1.618 4.821999999999999 2.0
endloop
endfacet
facet normal 0.995661208276161 0.09305244937160452 0.0
outer loop
vertex 1.636 4.715 7.08
vertex 1.646 4.6080000000000005 7.08
vertex 1.636 4.715 2.0
endloop
endfacet
facet normal 0.0 0.0 1.0
outer loop
vertex 1.446 4.261000000000001 7.08
vertex 1.636 4.285 7.08
vertex 1.646 4.392000000000001 7.08
endloop
endfacet
facet normal -0.0 0.0 1.0
outer loop
vertex 1.446 4.261000000000001 7.08
vertex 1.621 4.195 7.08
vertex 1.636 4.285 7.08
endloop
endfacet
facet normal 0.35213877587580833 0.9359477990383261 -1.1083848494288946e-16
outer loop
vertex 1.722 4.157000000000002 17.0
vertex 1.722 4.157 2.0
vertex 1.621 4.195 2.0
endloop
endfacet
facet normal 0.41149560153364567 0.9114117455455921 -1.0793283251397555e-16
outer loop
vertex 1.99 4.036000000000001 17.0
vertex 1.99 4.036 2.0
vertex 1.722 4.157 2.0
endloop
endfacet
facet normal 0.47146824105182145 0.8818830408163553 -1.0443593140701486e-16
outer loop
vertex 2.25 3.897000000000001 17.0
vertex 2.25 3.8969999999999994 2.0
vertex 1.99 4.036 2.0
endloop
endfacet
facet normal 0.5269396688616748 0.8499026917123798 -1.0064869728319789e-16
outer loop
vertex 2.5 3.7420000000000013 17.0
vertex 2.5 3.7419999999999995 2.0
vertex 2.25 3.8969999999999994 2.0
endloop
endfacet
facet normal 0.5841257822365854 0.8116631508985099 -9.612022595918171e-17
outer loop
vertex 2.739 3.570000000000001 17.0
vertex 2.739 3.5699999999999994 2.0
vertex 2.5 3.7419999999999995 2.0
endloop
endfacet
facet normal 0.6341606953063172 0.7732012755606448 -9.156542493834327e-17
outer loop
vertex 2.967 3.3830000000000013 17.0
vertex 2.967 3.3829999999999996 2.0
vertex 2.739 3.5699999999999994 2.0
endloop
endfacet
facet normal 0.9993148337667671 0.037011660509880105 -1.2935000191698176e-17
outer loop
vertex 1.646 4.6080000000000005 7.08
vertex 1.65 4.5 7.08
vertex 1.646 4.607999999999999 2.0
endloop
endfacet
facet normal 0.9993148337667671 -0.03701166050988072 0.0
outer loop
vertex 1.65 4.5 7.08
vertex 1.646 4.392000000000001 7.08
vertex 1.65 4.5 2.0
endloop
endfacet
facet normal 0.9956612082761611 -0.09305244937160297 3.257003447492409e-17
outer loop
vertex 1.646 4.392000000000001 7.08
vertex 1.636 4.285 7.08
vertex 1.646 4.3919999999999995 2.0
endloop
endfacet
facet normal 0.9863939238321439 -0.16439898730535651 0.0
outer loop
vertex 1.636 4.285 7.08
vertex 1.621 4.195 7.08
vertex 1.621 4.195 2.0
endloop
endfacet
facet normal 0.0370116605098926 0.9993148337667666 -3.4943695662907875e-16
outer loop
vertex 0.0 6.15 2.0
vertex 0.108 6.146000000000001 7.08
vertex 0.108 6.145999999999999 2.0
endloop
endfacet
facet normal 0.09305244937160187 0.9956612082761612 -3.4815936949741656e-16
outer loop
vertex 0.215 6.136000000000001 7.08
vertex 0.215 6.135999999999999 2.0
vertex 0.108 6.145999999999999 2.0
endloop
endfacet
facet normal 0.16589333313434254 0.986143702520874 0.0
outer loop
vertex 0.322 6.118 7.08
vertex 0.322 6.118 2.0
vertex 0.215 6.135999999999999 2.0
endloop
endfacet
facet normal 0.22282480150214917 0.9748585065718653 -3.40885152676466e-16
outer loop
vertex 0.427 6.094000000000001 7.08
vertex 0.427 6.093999999999999 2.0
vertex 0.322 6.118 2.0
endloop
endfacet
facet normal 0.29669082367871363 0.9549735887158589 -3.339318633389799e-16
outer loop
vertex 0.53 6.062000000000001 7.08
vertex 0.53 6.061999999999999 2.0
vertex 0.427 6.093999999999999 2.0
endloop
endfacet
facet normal 0.3521387758758084 0.9359477990383263 -3.2727899097309883e-16
outer loop
vertex 0.631 6.024000000000001 7.08
vertex 0.631 6.023999999999999 2.0
vertex 0.53 6.061999999999999 2.0
endloop
endfacet
facet normal 0.40613846605343773 0.9138115486202615 0.0
outer loop
vertex 0.73 5.98 7.08
vertex 0.73 5.98 2.0
vertex 0.631 6.023999999999999 2.0
endloop
endfacet
facet normal 0.4729933303137019 0.8810660074470887 0.0
outer loop
vertex 0.825 5.929 7.08
vertex 0.825 5.929 2.0
vertex 0.73 5.98 2.0
endloop
endfacet
facet normal 0.5266726717167627 0.8500681718937174 0.0
outer loop
vertex 0.917 5.872 7.08
vertex 0.917 5.872 2.0
vertex 0.825 5.929 2.0
endloop
endfacet
facet normal 0.5865098121518466 0.8099421215430183 -2.832177612443483e-16
outer loop
vertex 1.004 5.809000000000001 7.08
vertex 1.004 5.808999999999999 2.0
vertex 0.917 5.872 2.0
endloop
endfacet
facet normal 0.6291982286679619 0.7772448707074875 0.0
outer loop
vertex 1.088 5.741 7.08
vertex 1.088 5.741 2.0
vertex 1.004 5.808999999999999 2.0
endloop
endfacet
facet normal 0.6836337652808 0.7298252359078823 0.0
outer loop
vertex 1.167 5.667 7.08
vertex 1.167 5.667 2.0
vertex 1.088 5.741 2.0
endloop
endfacet
facet normal 0.7298252359078842 0.6836337652807981 -2.3905069185068724e-16
outer loop
vertex 1.241 5.588000000000001 7.08
vertex 1.241 5.587999999999999 2.0
vertex 1.167 5.667 2.0
endloop
endfacet
facet normal 0.777244870707485 0.6291982286679653 0.0
outer loop
vertex 1.309 5.504 7.08
vertex 1.309 5.504 2.0
vertex 1.241 5.587999999999999 2.0
endloop
endfacet
facet normal 0.8099421215430195 0.5865098121518451 0.0
outer loop
vertex 1.372 5.417 7.08
vertex 1.372 5.417 2.0
vertex 1.309 5.504 2.0
endloop
endfacet
facet normal 0.8500681718937204 0.526672671716758 -1.841650792380445e-16
outer loop
vertex 1.429 5.325000000000001 7.08
vertex 1.429 5.324999999999999 2.0
vertex 1.372 5.417 2.0
endloop
endfacet
facet normal 0.8810660074470872 0.4729933303137044 0.0
outer loop
vertex 1.48 5.23 7.08
vertex 1.48 5.23 2.0
vertex 1.429 5.324999999999999 2.0
endloop
endfacet
facet normal 0.9138115486202573 0.40613846605344717 0.0
outer loop
vertex 1.524 5.131 7.08
vertex 1.524 5.131 2.0
vertex 1.48 5.23 2.0
endloop
endfacet
facet normal -0.0 0.0 1.0
outer loop
vertex 0.108 6.145999999999999 2.0
vertex 0.215 6.135999999999999 2.0
vertex 0.402 6.136999999999999 2.0
endloop
endfacet
facet normal -0.0 0.0 1.0
outer loop
vertex 0.215 6.135999999999999 2.0
vertex 0.322 6.118 2.0
vertex 0.402 6.136999999999999 2.0
endloop
endfacet
facet normal -0.0 -0.0 1.0
outer loop
vertex 0.322 6.118 2.0
vertex 0.427 6.093999999999999 2.0
vertex 0.402 6.136999999999999 2.0
endloop
endfacet
facet normal 0.03701166050989261 0.9993148337667668 0.0
outer loop
vertex 0.0 6.15 2.0
vertex 0.108 6.145999999999999 2.0
vertex 0.0 6.15 0.0
endloop
endfacet
facet normal 0.030597909618086803 0.9995317141907979 0.0003467763090055758
outer loop
vertex 0.0 6.15 0.0
vertex 0.108 6.145999999999999 2.0
vertex 0.402 6.136999999999999 2.0
endloop
endfacet
facet normal 0.0 0.0 1.0
outer loop
vertex 0.402 6.136999999999999 2.0
vertex 0.427 6.093999999999999 2.0
vertex 0.53 6.061999999999999 2.0
endloop
endfacet
facet normal -0.0 0.0 1.0
outer loop
vertex 0.402 6.136999999999999 2.0
vertex 0.53 6.061999999999999 2.0
vertex 0.803 6.0969999999999995 2.0
endloop
endfacet
facet normal -0.0 0.0 1.0
outer loop
vertex 0.53 6.061999999999999 2.0
vertex 0.631 6.023999999999999 2.0
vertex 0.803 6.0969999999999995 2.0
endloop
endfacet
facet normal -0.0 0.0 1.0
outer loop
vertex 0.631 6.023999999999999 2.0
vertex 0.73 5.98 2.0
vertex 0.803 6.0969999999999995 2.0
endloop
endfacet
facet normal 0.09925802780018513 0.9950617286968771 0.0
outer loop
vertex 0.402 6.136999999999999 2.0
vertex 0.803 6.0969999999999995 2.0
vertex 0.402 6.136999999999999 0.0
endloop
endfacet
facet normal 0.03232141255355879 0.9994775266560737 0.0
outer loop
vertex 0.0 6.15 0.0
vertex 0.402 6.136999999999999 2.0
vertex 0.402 6.136999999999999 0.0
endloop
endfacet
facet normal 0.09925802780018513 0.9950617286968771 0.0
outer loop
vertex 0.402 6.136999999999999 0.0
vertex 0.803 6.0969999999999995 2.0
vertex 0.803 6.0969999999999995 0.0
endloop
endfacet
facet normal 0.0 -0.0 -1.0
outer loop
vertex 1.2 6.032 0.0
vertex 1.592 5.9399999999999995 0.0
vertex -2.683 1.949999999999999 0.0
endloop
endfacet
facet normal -0.0 -0.0 1.0
outer loop
vertex 0.73 5.98 2.0
vertex 0.825 5.929 2.0
vertex 0.803 6.0969999999999995 2.0
endloop
endfacet
facet normal -0.0 0.0 1.0
outer loop
vertex 0.803 6.0969999999999995 2.0
vertex 0.825 5.929 2.0
vertex 1.2 6.032 2.0
endloop
endfacet
facet normal -0.0 0.0 1.0
outer loop
vertex 0.825 5.929 2.0
vertex 0.917 5.872 2.0
vertex 1.2 6.032 2.0
endloop
endfacet
facet normal -0.0 0.0 1.0
outer loop
vertex 0.917 5.872 2.0
vertex 1.004 5.808999999999999 2.0
vertex 1.2 6.032 2.0
endloop
endfacet
facet normal -0.0 0.0 1.0
outer loop
vertex 1.004 5.808999999999999 2.0
vertex 1.088 5.741 2.0
vertex 1.2 6.032 2.0
endloop
endfacet
facet normal 0.16157660266683685 0.9868601732113031 0.0
outer loop
vertex 0.803 6.0969999999999995 2.0
vertex 1.2 6.032 2.0
vertex 0.803 6.0969999999999995 0.0
endloop
endfacet
facet normal 0.0 -0.0 0.9999999999999999
outer loop
vertex 1.088 5.741 2.0
vertex 1.592 5.9399999999999995 2.0
vertex 1.2 6.032 2.0
endloop
endfacet
facet normal -0.0 0.0 1.0
outer loop
vertex 1.088 5.741 2.0
vertex 1.167 5.667 2.0
vertex 1.592 5.9399999999999995 2.0
endloop
endfacet
facet normal 0.22848558961129745 0.9735472948655229 0.0
outer loop
vertex 1.2 6.032 2.0
vertex 1.592 5.9399999999999995 2.0
vertex 1.2 6.032 0.0
endloop
endfacet
facet normal -0.0 0.0 1.0
outer loop
vertex 1.167 5.667 2.0
vertex 1.241 5.587999999999999 2.0
vertex 1.592 5.9399999999999995 2.0
endloop
endfacet
facet normal -0.0 0.0 0.9999999999999999
outer loop
vertex 1.241 5.587999999999999 2.0
vertex 1.309 5.504 2.0
vertex 1.592 5.9399999999999995 2.0
endloop
endfacet
facet normal -0.0 0.0 1.0
outer loop
vertex 1.309 5.504 2.0
vertex 1.372 5.417 2.0
vertex 1.592 5.9399999999999995 2.0
endloop
endfacet
facet normal 0.16157660266683685 0.9868601732113031 0.0
outer loop
vertex 1.2 6.032 2.0
vertex 1.2 6.032 0.0
vertex 0.803 6.0969999999999995 0.0
endloop
endfacet
facet normal 0.22848558961129745 0.9735472948655229 0.0
outer loop
vertex 1.2 6.032 0.0
vertex 1.592 5.9399999999999995 2.0
vertex 1.592 5.9399999999999995 0.0
endloop
endfacet
facet normal 0.0 -0.0 -1.0
outer loop
vertex 1.592 5.9399999999999995 0.0
vertex 1.977 5.824 0.0
vertex 1.025 3.153999999999999 0.0
endloop
endfacet
facet normal 0.9359477990383279 0.35213877587580383 -1.2313466987106615e-16
outer loop
vertex 1.562 5.030000000000001 7.08
vertex 1.562 5.029999999999999 2.0
vertex 1.524 5.131 2.0
endloop
endfacet
facet normal 0.9549735887158586 0.2966908236787143 0.0
outer loop
vertex 1.594 4.927 7.08
vertex 1.594 4.927 2.0
vertex 1.562 5.029999999999999 2.0
endloop
endfacet
facet normal 0.9748585065718676 0.22282480150214043 -7.791660632604928e-17
outer loop
vertex 1.618 4.822000000000001 7.08
vertex 1.618 4.821999999999999 2.0
vertex 1.594 4.927 2.0
endloop
endfacet
facet normal 0.9861437025208725 0.16589333313435153 0.0
outer loop
vertex 1.636 4.715 7.08
vertex 1.636 4.715 2.0
vertex 1.618 4.821999999999999 2.0
endloop
endfacet
facet normal 0.9956612082761611 0.09305244937160297 -3.253825883153395e-17
outer loop
vertex 1.646 4.6080000000000005 7.08
vertex 1.646 4.607999999999999 2.0
vertex 1.636 4.715 2.0
endloop
endfacet
facet normal 0.28848849357507567 0.9574833622965903 0.0
outer loop
vertex 1.592 5.9399999999999995 2.0
vertex 1.977 5.824 2.0
vertex 1.592 5.9399999999999995 0.0
endloop
endfacet
facet normal 0.0 -0.0 1.0
outer loop
vertex 1.372 5.417 2.0
vertex 1.977 5.824 2.0
vertex 1.592 5.9399999999999995 2.0
endloop
endfacet
facet normal -0.0 0.0 1.0
outer loop
vertex 1.372 5.417 2.0
vertex 1.429 5.324999999999999 2.0
vertex 1.977 5.824 2.0
endloop
endfacet
facet normal -0.0 0.0 1.0
outer loop
vertex 1.429 5.324999999999999 2.0
vertex 1.48 5.23 2.0
vertex 1.977 5.824 2.0
endloop
endfacet
facet normal -0.0 0.0 1.0
outer loop
vertex 1.48 5.23 2.0
vertex 1.524 5.131 2.0
vertex 1.977 5.824 2.0
endloop
endfacet
facet normal 0.352483222473658 0.9358181329054196 0.0
outer loop
vertex 1.977 5.824 2.0
vertex 2.354 5.682 2.0
vertex 1.977 5.824 0.0
endloop
endfacet
facet normal -0.0 0.0 1.0
outer loop
vertex 1.977 5.824 2.0
vertex 1.618 4.821999999999999 2.0
vertex 2.354 5.682 2.0
endloop
endfacet
facet normal 0.28848849357507567 0.9574833622965903 0.0
outer loop
vertex 1.977 5.824 2.0
vertex 1.977 5.824 0.0
vertex 1.592 5.9399999999999995 0.0
endloop
endfacet
facet normal 0.352483222473658 0.9358181329054196 0.0
outer loop
vertex 1.977 5.824 0.0
vertex 2.354 5.682 2.0
vertex 2.354 5.682 0.0
endloop
endfacet
facet normal -0.0 0.0 1.0
outer loop
vertex 1.524 5.131 2.0
vertex 1.562 5.029999999999999 2.0
vertex 1.977 5.824 2.0
endloop
endfacet
facet normal 0.0 0.0 1.0
outer loop
vertex 1.977 5.824 2.0
vertex 1.562 5.029999999999999 2.0
vertex 1.594 4.927 2.0
endloop
endfacet
facet normal 0.0 0.0 0.9999999999999999
outer loop
vertex 1.977 5.824 2.0
vertex 1.594 4.927 2.0
vertex 1.618 4.821999999999999 2.0
endloop
endfacet
facet normal -0.0 0.0 1.0
outer loop
vertex 1.618 4.821999999999999 2.0
vertex 1.636 4.715 2.0
vertex 2.354 5.682 2.0
endloop
endfacet
facet normal -0.0 0.0 1.0
outer loop
vertex 1.636 4.715 2.0
vertex 1.646 4.607999999999999 2.0
vertex 2.354 5.682 2.0
endloop
endfacet
facet normal 0.0 0.0 1.0
outer loop
vertex 2.354 5.682 2.0
vertex 1.646 4.607999999999999 2.0
vertex 1.65 4.5 2.0
endloop
endfacet
facet normal 0.0 0.0 1.0
outer loop
vertex 2.354 5.682 2.0
vertex 1.65 4.5 2.0
vertex 1.646 4.3919999999999995 2.0
endloop
endfacet
facet normal 0.0 0.0 1.0
outer loop
vertex 2.354 5.682 2.0
vertex 1.646 4.3919999999999995 2.0
vertex 1.636 4.285 2.0
endloop
endfacet
facet normal 0.0 0.0 1.0
outer loop
vertex 2.354 5.682 2.0
vertex 1.636 4.285 2.0
vertex 1.722 4.157 2.0
endloop
endfacet
facet normal -0.0 0.0 1.0
outer loop
vertex 2.354 5.682 2.0
vertex 1.722 4.157 2.0
vertex 2.72 5.516 2.0
endloop
endfacet
facet normal 0.0 -0.0 -1.0
outer loop
vertex 1.977 5.824 0.0
vertex 2.354 5.682 0.0
vertex 1.025 3.153999999999999 0.0
endloop
endfacet
facet normal 0.0 -0.0 -1.0
outer loop
vertex 2.354 5.682 0.0
vertex 2.72 5.516 0.0
vertex 1.025 3.153999999999999 0.0
endloop
endfacet
facet normal 0.0 -0.0 -1.0
outer loop
vertex 2.72 5.516 0.0
vertex 3.075 5.325999999999999 0.0
vertex 1.025 3.153999999999999 0.0
endloop
endfacet
facet normal 0.41305291415450107 0.9107070275936573 0.0
outer loop
vertex 2.354 5.682 2.0
vertex 2.72 5.516 2.0
vertex 2.354 5.682 0.0
endloop
endfacet
facet normal 0.471876779127807 0.8816645083703702 0.0
outer loop
vertex 2.72 5.516 2.0
vertex 3.075 5.325999999999999 2.0
vertex 2.72 5.516 0.0
endloop
endfacet
facet normal 0.41305291415450107 0.9107070275936573 0.0
outer loop
vertex 2.72 5.516 2.0
vertex 2.72 5.516 0.0
vertex 2.354 5.682 0.0
endloop
endfacet
facet normal 0.471876779127807 0.8816645083703702 0.0
outer loop
vertex 2.72 5.516 0.0
vertex 3.075 5.325999999999999 2.0
vertex 3.075 5.325999999999999 0.0
endloop
endfacet
facet normal -0.0 0.0 1.0
outer loop
vertex 2.72 5.516 2.0
vertex 1.99 4.036 2.0
vertex 3.075 5.325999999999999 2.0
endloop
endfacet
facet normal 0.0 -0.0 1.0
outer loop
vertex 2.25 3.8969999999999994 2.0
vertex 3.417 5.113999999999999 2.0
vertex 3.075 5.325999999999999 2.0
endloop
endfacet
facet normal 0.9993148337667671 0.03701166050988072 0.0
outer loop
vertex 1.65 4.5 7.08
vertex 1.65 4.5 2.0
vertex 1.646 4.607999999999999 2.0
endloop
endfacet
facet normal 0.9993148337667671 -0.037011660509880105 1.2942109504780647e-17
outer loop
vertex 1.646 4.392000000000001 7.08
vertex 1.646 4.3919999999999995 2.0
vertex 1.65 4.5 2.0
endloop
endfacet
facet normal 0.9863939238321439 -0.16439898730535651 0.0
outer loop
vertex 1.636 4.285 7.08
vertex 1.621 4.195 2.0
vertex 1.636 4.285 2.0
endloop
endfacet
facet normal 0.995661208276161 -0.09305244937160452 0.0
outer loop
vertex 1.636 4.285 7.08
vertex 1.636 4.285 2.0
vertex 1.646 4.3919999999999995 2.0
endloop
endfacet
facet normal 0.0 0.0 1.0
outer loop
vertex 1.636 4.285 2.0
vertex 1.621 4.195 2.0
vertex 1.722 4.157 2.0
endloop
endfacet
facet normal 0.0 0.0 1.0
outer loop
vertex 2.72 5.516 2.0
vertex 1.722 4.157 2.0
vertex 1.99 4.036 2.0
endloop
endfacet
facet normal -0.0 0.0 1.0
outer loop
vertex 1.99 4.036 2.0
vertex 2.25 3.8969999999999994 2.0
vertex 3.075 5.325999999999999 2.0
endloop
endfacet
facet normal -0.0 0.0 1.0
outer loop
vertex 2.25 3.8969999999999994 2.0
vertex 2.5 3.7419999999999995 2.0
vertex 3.417 5.113999999999999 2.0
endloop
endfacet
facet normal -0.0 0.0 0.9999999999999999
outer loop
vertex 2.5 3.7419999999999995 2.0
vertex 2.739 3.5699999999999994 2.0
vertex 3.417 5.113999999999999 2.0
endloop
endfacet
facet normal 0.0 -0.0 -1.0
outer loop
vertex 3.075 5.325999999999999 0.0
vertex 3.417 5.113999999999999 0.0
vertex 1.025 3.153999999999999 0.0
endloop
endfacet
facet normal 0.0 -0.0 -1.0
outer loop
vertex 3.417 5.113999999999999 0.0
vertex 3.744 4.879 0.0
vertex 1.025 3.153999999999999 0.0
endloop
endfacet
facet normal 0.0 -0.0 -0.9999999999999999
outer loop
vertex 3.744 4.879 0.0
vertex 4.055 4.623999999999999 0.0
vertex 1.025 3.153999999999999 0.0
endloop
endfacet
facet normal 0.6829232947005958 0.7304900913464076 -8.6507404658487e-17
outer loop
vertex 3.182 3.1820000000000013 17.0
vertex 3.182 3.1819999999999995 2.0
vertex 2.967 3.3829999999999996 2.0
endloop
endfacet
facet normal 0.52686786040031 0.8499472087589908 0.0
outer loop
vertex 3.075 5.325999999999999 2.0
vertex 3.417 5.113999999999999 2.0
vertex 3.075 5.325999999999999 0.0
endloop
endfacet
facet normal 0.5835848770794806 0.812052148106344 0.0
outer loop
vertex 3.417 5.113999999999999 2.0
vertex 3.744 4.879 2.0
vertex 3.417 5.113999999999999 0.0
endloop
endfacet
facet normal 0.52686786040031 0.8499472087589908 0.0
outer loop
vertex 3.417 5.113999999999999 2.0
vertex 3.417 5.113999999999999 0.0
vertex 3.075 5.325999999999999 0.0
endloop
endfacet
facet normal 0.5835848770794806 0.812052148106344 0.0
outer loop
vertex 3.744 4.879 2.0
vertex 3.744 4.879 0.0
vertex 3.417 5.113999999999999 0.0
endloop
endfacet
facet normal 0.6340498523877285 0.7732921729120888 0.0
outer loop
vertex 3.744 4.879 2.0
vertex 4.055 4.623999999999999 2.0
vertex 3.744 4.879 0.0
endloop
endfacet
facet normal 0.6340498523877285 0.7732921729120888 0.0
outer loop
vertex 3.744 4.879 0.0
vertex 4.055 4.623999999999999 2.0
vertex 4.055 4.623999999999999 0.0
endloop
endfacet
facet normal 0.0 -0.0 1.0
outer loop
vertex 2.739 3.5699999999999994 2.0
vertex 3.744 4.879 2.0
vertex 3.417 5.113999999999999 2.0
endloop
endfacet
facet normal -0.0 0.0 0.9999999999999999
outer loop
vertex 2.739 3.5699999999999994 2.0
vertex 2.967 3.3829999999999996 2.0
vertex 3.744 4.879 2.0
endloop
endfacet
facet normal 0.0 -0.0 1.0
outer loop
vertex 2.967 3.3829999999999996 2.0
vertex 4.055 4.623999999999999 2.0
vertex 3.744 4.879 2.0
endloop
endfacet
facet normal 0.0 -0.0 -1.0
outer loop
vertex 4.055 4.623999999999999 0.0
vertex 4.349 4.349 0.0
vertex 1.025 3.153999999999999 0.0
endloop
endfacet
facet normal 0.0 -0.0 -0.9999999999999999
outer loop
vertex 4.349 4.349 0.0
vertex 4.624 4.055 0.0
vertex 1.025 3.153999999999999 0.0
endloop
endfacet
facet normal -0.0 0.0 1.0
outer loop
vertex 2.967 3.3829999999999996 2.0
vertex 3.182 3.1819999999999995 2.0
vertex 4.055 4.623999999999999 2.0
endloop
endfacet
facet normal -0.0 0.0 1.0
outer loop
vertex 3.182 3.1819999999999995 2.0
vertex 3.383 2.9669999999999996 2.0
vertex 4.624 4.055 2.0
endloop
endfacet
facet normal 0.0 -0.0 -1.0
outer loop
vertex 4.624 4.055 0.0
vertex 4.879 3.7439999999999993 0.0
vertex 1.025 3.153999999999999 0.0
endloop
endfacet
facet normal 0.0 -0.0 -0.9999999999999999
outer loop
vertex 4.879 3.7439999999999993 0.0
vertex 5.114 3.416999999999999 0.0
vertex 1.025 3.153999999999999 0.0
endloop
endfacet
facet normal -0.0 -0.0 -1.0
outer loop
vertex 5.114 3.416999999999999 0.0
vertex 5.326 3.0749999999999993 0.0
vertex 1.025 3.153999999999999 0.0
endloop
endfacet
facet normal 0.6831143941862083 0.730311388693624 0.0
outer loop
vertex 4.055 4.623999999999999 2.0
vertex 4.349 4.349 2.0
vertex 4.055 4.623999999999999 0.0
endloop
endfacet
facet normal -0.0 0.0 1.0
outer loop
vertex 4.055 4.623999999999999 2.0
vertex 3.182 3.1819999999999995 2.0
vertex 4.349 4.349 2.0
endloop
endfacet
facet normal 0.0 -0.0 1.0
outer loop
vertex 3.182 3.1819999999999995 2.0
vertex 4.624 4.055 2.0
vertex 4.349 4.349 2.0
endloop
endfacet
facet normal 0.7303113886936229 0.6831143941862095 0.0
outer loop
vertex 4.349 4.349 2.0
vertex 4.624 4.055 2.0
vertex 4.349 4.349 0.0
endloop
endfacet
facet normal 0.6831143941862083 0.730311388693624 0.0
outer loop
vertex 4.055 4.623999999999999 0.0
vertex 4.349 4.349 2.0
vertex 4.349 4.349 0.0
endloop
endfacet
facet normal 0.7303113886936229 0.6831143941862095 0.0
outer loop
vertex 4.349 4.349 0.0
vertex 4.624 4.055 2.0
vertex 4.624 4.055 0.0
endloop
endfacet
facet normal 0.0 0.0 1.0
outer loop
vertex 4.879 3.7439999999999998 2.0
vertex 3.383 2.9669999999999996 2.0
vertex 3.57 2.7389999999999994 2.0
endloop
endfacet
facet normal -0.0 0.0 1.0
outer loop
vertex 4.624 4.055 2.0
vertex 3.383 2.9669999999999996 2.0
vertex 4.879 3.7439999999999998 2.0
endloop
endfacet
facet normal -0.0 0.0 1.0
outer loop
vertex 4.879 3.7439999999999998 2.0
vertex 3.57 2.7389999999999994 2.0
vertex 5.114 3.4169999999999994 2.0
endloop
endfacet
facet normal 0.7732921729120903 0.6340498523877266 0.0
outer loop
vertex 4.624 4.055 2.0
vertex 4.879 3.7439999999999998 2.0
vertex 4.624 4.055 0.0
endloop
endfacet
facet normal 0.7732921729120907 0.634049852387726 -1.4078734897620705e-16
outer loop
vertex 4.624 4.055 0.0
vertex 4.879 3.7439999999999998 2.0
vertex 4.879 3.7439999999999993 0.0
endloop
endfacet
facet normal 0.812052148106343 0.583584877079482 -1.378530568844004e-16
outer loop
vertex 4.879 3.7439999999999998 2.0
vertex 5.114 3.4169999999999994 2.0
vertex 4.879 3.7439999999999993 0.0
endloop
endfacet
facet normal 0.8499472087589908 0.52686786040031 -1.2071302496638924e-16
outer loop
vertex 5.114 3.4169999999999994 2.0
vertex 5.326 3.0749999999999997 2.0
vertex 5.114 3.416999999999999 0.0
endloop
endfacet
facet normal 0.812052148106343 0.583584877079482 -1.2958187347133655e-16
outer loop
vertex 5.114 3.4169999999999994 2.0
vertex 5.114 3.416999999999999 0.0
vertex 4.879 3.7439999999999993 0.0
endloop
endfacet
facet normal 0.8499472087589908 0.52686786040031 -1.1698816591028338e-16
outer loop
vertex 5.114 3.416999999999999 0.0
vertex 5.326 3.0749999999999997 2.0
vertex 5.326 3.0749999999999993 0.0
endloop
endfacet
facet normal 0.7304900913464076 0.6829232947005958 -8.087436435514374e-17
outer loop
vertex 3.383 2.9670000000000014 17.0
vertex 3.383 2.9669999999999996 2.0
vertex 3.182 3.1819999999999995 2.0
endloop
endfacet
facet normal 0.7732012755606448 0.6341606953063172 -7.509971255907966e-17
outer loop
vertex 3.57 2.739000000000001 17.0
vertex 3.57 2.7389999999999994 2.0
vertex 3.383 2.9669999999999996 2.0
endloop
endfacet
facet normal 0.8116631508985099 0.5841257822365854 -6.917438855639865e-17
outer loop
vertex 3.742 2.5000000000000013 17.0
vertex 3.742 2.4999999999999996 2.0
vertex 3.57 2.7389999999999994 2.0
endloop
endfacet
facet normal 0.8499026917123798 0.5269396688616748 -6.240219231558261e-17
outer loop
vertex 3.897 2.2500000000000013 17.0
vertex 3.897 2.2499999999999996 2.0
vertex 3.742 2.4999999999999996 2.0
endloop
endfacet
facet normal 0.8818830408163563 0.47146824105182006 -5.58330556368271e-17
outer loop
vertex 4.036 1.990000000000001 17.0
vertex 4.036 1.9899999999999993 2.0
vertex 3.897 2.2499999999999996 2.0
endloop
endfacet
facet normal 0.9114117455455921 0.41149560153364567 -4.8730868411160775e-17
outer loop
vertex 4.157 1.722000000000001 17.0
vertex 4.157 1.7219999999999993 2.0
vertex 4.036 1.9899999999999993 2.0
endloop
endfacet
facet normal -0.0 0.0 1.0
outer loop
vertex 4.195 1.621 7.08
vertex 4.261 1.446 7.08
vertex 4.285 1.636 7.08
endloop
endfacet
facet normal -0.09305244937160374 0.995661208276161 -1.3067733344207458e-16
outer loop
vertex 4.285 1.636 7.08
vertex 4.392 1.646 7.08
vertex 4.285 1.6359999999999992 2.0
endloop
endfacet
facet normal -0.16439898730535651 0.9863939238321439 -1.2934455656560618e-16
outer loop
vertex 4.195 1.621 7.08
vertex 4.285 1.636 7.08
vertex 4.285 1.6359999999999992 2.0
endloop
endfacet
facet normal -0.03701166050988042 0.9993148337667671 -1.3102858972811925e-16
outer loop
vertex 4.392 1.646 7.08
vertex 4.5 1.65 7.08
vertex 4.392 1.6459999999999992 2.0
endloop
endfacet
facet normal 0.03701166050988042 0.9993148337667671 -1.3102858972811925e-16
outer loop
vertex 4.5 1.65 7.08
vertex 4.608 1.646 7.08
vertex 4.5 1.6499999999999992 2.0
endloop
endfacet
facet normal 0.0 0.0 1.0
outer loop
vertex 4.285 1.636 7.08
vertex 4.261 1.446 7.08
vertex 4.347 1.165 7.08
endloop
endfacet
facet normal -0.0 0.0 1.0
outer loop
vertex 4.285 1.636 7.08
vertex 4.347 1.165 7.08
vertex 4.392 1.646 7.08
endloop
endfacet
facet normal 0.0 0.0 1.0
outer loop
vertex 4.392 1.646 7.08
vertex 4.347 1.165 7.08
vertex 4.414 0.8779999999999999 7.08
endloop
endfacet
facet normal -0.0 0.0 1.0
outer loop
vertex 4.392 1.646 7.08
vertex 4.462 0.5869999999999999 7.08
vertex 4.5 1.65 7.08
endloop
endfacet
facet normal 0.0 0.0 1.0
outer loop
vertex 4.392 1.646 7.08
vertex 4.414 0.8779999999999999 7.08
vertex 4.462 0.5869999999999999 7.08
endloop
endfacet
facet normal -0.0 0.0 1.0
outer loop
vertex 4.5 1.65 7.08
vertex 4.5 -9.408589636723978e-17 7.08
vertex 4.608 1.646 7.08
endloop
endfacet
facet normal -0.0 0.0 1.0
outer loop
vertex 4.608 1.646 7.08
vertex 4.5 -9.408589636723978e-17 7.08
vertex 4.715 1.636 7.08
endloop
endfacet
facet normal 0.0 0.0 1.0
outer loop
vertex 4.5 1.65 7.08
vertex 4.462 0.5869999999999999 7.08
vertex 4.49 0.2939999999999999 7.08
endloop
endfacet
facet normal 0.0 0.0 1.0
outer loop
vertex 4.5 1.65 7.08
vertex 4.49 0.2939999999999999 7.08
vertex 4.5 -9.408589636723978e-17 7.08
endloop
endfacet
facet normal 0.09305244937160374 0.995661208276161 -1.3067733344207458e-16
outer loop
vertex 4.608 1.646 7.08
vertex 4.715 1.636 7.08
vertex 4.608 1.6459999999999992 2.0
endloop
endfacet
facet normal 0.1658933331343502 0.9861437025208727 -1.294281914018077e-16
outer loop
vertex 4.715 1.636 7.08
vertex 4.822 1.618 7.08
vertex 4.715 1.6359999999999992 2.0
endloop
endfacet
facet normal 0.2228248015021422 0.9748585065718669 -1.276100018157351e-16
outer loop
vertex 4.822 1.618 7.08
vertex 4.927 1.594 7.08
vertex 4.822 1.6179999999999994 2.0
endloop
endfacet
facet normal 0.296690823678712 0.9549735887158594 -1.2505981304886254e-16
outer loop
vertex 4.927 1.594 7.08
vertex 5.03 1.562 7.08
vertex 4.927 1.5939999999999994 2.0
endloop
endfacet
facet normal 0.35213877587580655 0.9359477990383268 -1.2262203067187105e-16
outer loop
vertex 5.03 1.562 7.08
vertex 5.131 1.524 7.08
vertex 5.03 1.5619999999999994 2.0
endloop
endfacet
facet normal -0.0 0.0 0.9999999999999999
outer loop
vertex 4.715 1.636 7.08
vertex 4.5 -9.408589636723978e-17 7.08
vertex 4.822 1.618 7.08
endloop
endfacet
facet normal -0.0 0.0 1.0
outer loop
vertex 4.822 1.618 7.08
vertex 4.5 -9.408589636723978e-17 7.08
vertex 4.927 1.594 7.08
endloop
endfacet
facet normal -0.0 0.0 0.9999999999999999
outer loop
vertex 4.927 1.594 7.08
vertex 4.5 -9.408589636723978e-17 7.08
vertex 5.03 1.562 7.08
endloop
endfacet
facet normal -0.0 0.0 1.0
outer loop
vertex 5.03 1.562 7.08
vertex 4.5 -9.408589636723978e-17 7.08
vertex 5.131 1.524 7.08
endloop
endfacet
facet normal -0.0 0.0 1.0
outer loop
vertex 5.131 1.524 7.08
vertex 4.5 -9.408589636723978e-17 7.08
vertex 5.23 1.48 7.08
endloop
endfacet
facet normal -0.0 0.0 1.0
outer loop
vertex 5.23 1.48 7.08
vertex 4.5 -9.408589636723978e-17 7.08
vertex 5.325 1.429 7.08
endloop
endfacet
facet normal -0.0 0.0 0.9999999999999999
outer loop
vertex 5.325 1.429 7.08
vertex 4.5 -9.408589636723978e-17 7.08
vertex 5.417 1.372 7.08
endloop
endfacet
facet normal -0.0 0.0 1.0
outer loop
vertex 5.417 1.372 7.08
vertex 4.5 -9.408589636723978e-17 7.08
vertex 5.504 1.309 7.08
endloop
endfacet
facet normal -0.0 0.0 1.0
outer loop
vertex 5.504 1.309 7.08
vertex 4.5 -9.408589636723978e-17 7.08
vertex 5.588 1.241 7.08
endloop
endfacet
facet normal -0.0 0.0 1.0
outer loop
vertex 5.588 1.241 7.08
vertex 4.5 -9.408589636723978e-17 7.08
vertex 5.667 1.167 7.08
endloop
endfacet
facet normal -0.0 0.0 1.0
outer loop
vertex 5.667 1.167 7.08
vertex 4.5 -9.408589636723978e-17 7.08
vertex 5.741 1.088 7.08
endloop
endfacet
facet normal -0.0 0.0 1.0
outer loop
vertex 5.741 1.088 7.08
vertex 4.5 -9.408589636723978e-17 7.08
vertex 5.809 1.004 7.08
endloop
endfacet
facet normal -0.0 0.0 1.0
outer loop
vertex 5.809 1.004 7.08
vertex 4.5 -9.408589636723978e-17 7.08
vertex 5.872 0.9169999999999999 7.08
endloop
endfacet
facet normal -0.0 0.0 1.0
outer loop
vertex 5.872 0.9169999999999999 7.08
vertex 4.5 -9.408589636723978e-17 7.08
vertex 5.929 0.8249999999999998 7.08
endloop
endfacet
facet normal -0.0 0.0 1.0
outer loop
vertex 5.929 0.8249999999999998 7.08
vertex 4.5 -9.408589636723978e-17 7.08
vertex 5.98 0.7299999999999999 7.08
endloop
endfacet
facet normal -0.0 0.0 0.9999999999999999
outer loop
vertex 5.98 0.7299999999999999 7.08
vertex 4.5 -9.408589636723978e-17 7.08
vertex 6.024 0.6309999999999999 7.08
endloop
endfacet
facet normal -0.0 0.0 1.0
outer loop
vertex 6.024 0.6309999999999999 7.08
vertex 4.5 -9.408589636723978e-17 7.08
vertex 6.062 0.5299999999999999 7.08
endloop
endfacet
facet normal -0.0 0.0 1.0
outer loop
vertex 6.062 0.5299999999999999 7.08
vertex 4.5 -9.408589636723978e-17 7.08
vertex 6.094 0.4269999999999999 7.08
endloop
endfacet
facet normal -0.0 0.0 1.0
outer loop
vertex 6.094 0.4269999999999999 7.08
vertex 4.5 -9.408589636723978e-17 7.08
vertex 6.118 0.3219999999999999 7.08
endloop
endfacet
facet normal -0.0 0.0 1.0
outer loop
vertex 6.118 0.3219999999999999 7.08
vertex 4.5 -9.408589636723978e-17 7.08
vertex 6.136 0.21499999999999989 7.08
endloop
endfacet
facet normal -0.0 0.0 1.0
outer loop
vertex 6.136 0.21499999999999989 7.08
vertex 4.5 -9.408589636723978e-17 7.08
vertex 6.146 0.1079999999999999 7.08
endloop
endfacet
facet normal -0.0 0.0 1.0
outer loop
vertex 6.146 0.1079999999999999 7.08
vertex 4.5 -9.408589636723978e-17 7.08
vertex 6.15 -9.408589636723978e-17 7.08
endloop
endfacet
facet normal 0.40613846605344717 0.9138115486202573 -1.197764915859194e-16
outer loop
vertex 5.131 1.524 7.08
vertex 5.23 1.48 7.08
vertex 5.131 1.5239999999999994 2.0
endloop
endfacet
facet normal 0.47299333031370105 0.8810660074470892 -1.1559638391138073e-16
outer loop
vertex 5.23 1.48 7.08
vertex 5.325 1.429 7.08
vertex 5.23 1.4799999999999993 2.0
endloop
endfacet
facet normal 0.5266726717167618 0.8500681718937183 -1.1043341853980964e-16
outer loop
vertex 5.325 1.429 7.08
vertex 5.417 1.372 7.08
vertex 5.325 1.4289999999999994 2.0
endloop
endfacet
facet normal 0.5865098121518451 0.8099421215430195 -1.049095963661047e-16
outer loop
vertex 5.417 1.372 7.08
vertex 5.504 1.309 7.08
vertex 5.417 1.3719999999999994 2.0
endloop
endfacet
facet normal 0.6291982286679613 0.7772448707074882 -1.0269007785775675e-16
outer loop
vertex 5.504 1.309 7.08
vertex 5.588 1.241 7.08
vertex 5.504 1.3089999999999993 2.0
endloop
endfacet
facet normal 0.6836337652808022 0.7298252359078803 -9.621840822220752e-17
outer loop
vertex 5.588 1.241 7.08
vertex 5.667 1.167 7.08
vertex 5.588 1.2409999999999994 2.0
endloop
endfacet
facet normal 0.7298252359078823 0.6836337652808 -8.990900440435785e-17
outer loop
vertex 5.667 1.167 7.08
vertex 5.741 1.088 7.08
vertex 5.667 1.1669999999999994 2.0
endloop
endfacet
facet normal 0.7772448707074836 0.629198228667967 -8.373190963786314e-17
outer loop
vertex 5.741 1.088 7.08
vertex 5.809 1.004 7.08
vertex 5.741 1.0879999999999994 2.0
endloop
endfacet
facet normal 0.8099421215430226 0.5865098121518408 -7.629788826625796e-17
outer loop
vertex 5.809 1.004 7.08
vertex 5.872 0.9169999999999999 7.08
vertex 5.809 1.0039999999999993 2.0
endloop
endfacet
facet normal 0.8500681718937174 0.5266726717167627 -6.941529165359423e-17
outer loop
vertex 5.872 0.9169999999999999 7.08
vertex 5.929 0.8249999999999998 7.08
vertex 5.872 0.9169999999999993 2.0
endloop
endfacet
facet normal 0.8810660074470887 0.4729933303137019 -6.175697222662789e-17
outer loop
vertex 5.929 0.8249999999999998 7.08
vertex 5.98 0.7299999999999999 7.08
vertex 5.929 0.8249999999999992 2.0
endloop
endfacet
facet normal 0.9138115486202586 0.4061384660534446 -5.358421992001677e-17
outer loop
vertex 5.98 0.7299999999999999 7.08
vertex 6.024 0.6309999999999999 7.08
vertex 5.98 0.7299999999999992 2.0
endloop
endfacet
facet normal 0.9359477990383263 0.3521387758758084 -4.588437276753881e-17
outer loop
vertex 6.024 0.6309999999999999 7.08
vertex 6.062 0.5299999999999999 7.08
vertex 6.024 0.6309999999999992 2.0
endloop
endfacet
facet normal 0.9549735887158589 0.29669082367871363 -3.8784372401229734e-17
outer loop
vertex 6.062 0.5299999999999999 7.08
vertex 6.094 0.4269999999999999 7.08
vertex 6.062 0.5299999999999992 2.0
endloop
endfacet
facet normal 0.9748585065718672 0.22282480150214132 -2.694869603562097e-17
outer loop
vertex 6.094 0.4269999999999999 7.08
vertex 6.118 0.3219999999999999 7.08
vertex 6.094 0.42699999999999927 2.0
endloop
endfacet
facet normal 0.9861437025208727 0.1658933331343505 -1.9669937903010322e-17
outer loop
vertex 6.118 0.3219999999999999 7.08
vertex 6.136 0.21499999999999989 7.08
vertex 6.118 0.3219999999999993 2.0
endloop
endfacet
facet normal 0.9956612082761613 0.09305244937160188 -1.1121475186559563e-17
outer loop
vertex 6.136 0.21499999999999989 7.08
vertex 6.146 0.1079999999999999 7.08
vertex 6.136 0.21499999999999928 2.0
endloop
endfacet
facet normal 0.9993148337667669 0.03701166050988439 -4.443320676537563e-18
outer loop
vertex 6.146 0.1079999999999999 7.08
vertex 6.15 -9.408589636723978e-17 7.08
vertex 6.146 0.10799999999999929 2.0
endloop
endfacet
facet normal 0.9359477990383263 0.3521387758758084 -4.61755012016504e-17
outer loop
vertex 4.195 1.621 7.08
vertex 4.195 1.6209999999999993 2.0
vertex 4.157 1.7219999999999993 2.0
endloop
endfacet
facet normal -0.16439898730535651 0.9863939238321439 -1.2912000004379111e-16
outer loop
vertex 4.195 1.621 7.08
vertex 4.285 1.6359999999999992 2.0
vertex 4.195 1.6209999999999993 2.0
endloop
endfacet
facet normal -0.09305244937160374 0.995661208276161 -1.305597635615312e-16
outer loop
vertex 4.392 1.646 7.08
vertex 4.392 1.6459999999999992 2.0
vertex 4.285 1.6359999999999992 2.0
endloop
endfacet
facet normal -0.03701166050988042 0.9993148337667671 -1.310388587359046e-16
outer loop
vertex 4.5 1.65 7.08
vertex 4.5 1.6499999999999992 2.0
vertex 4.392 1.6459999999999992 2.0
endloop
endfacet
facet normal 0.03701166050988042 0.9993148337667671 -1.310388587359046e-16
outer loop
vertex 4.608 1.646 7.08
vertex 4.608 1.6459999999999992 2.0
vertex 4.5 1.6499999999999992 2.0
endloop
endfacet
facet normal 0.0 0.0 0.9999999999999999
outer loop
vertex 5.114 3.4169999999999994 2.0
vertex 3.57 2.7389999999999994 2.0
vertex 3.742 2.4999999999999996 2.0
endloop
endfacet
facet normal -0.0 0.0 1.0
outer loop
vertex 3.742 2.4999999999999996 2.0
vertex 3.897 2.2499999999999996 2.0
vertex 5.326 3.0749999999999997 2.0
endloop
endfacet
facet normal -0.0 0.0 1.0
outer loop
vertex 3.897 2.2499999999999996 2.0
vertex 4.036 1.9899999999999993 2.0
vertex 5.326 3.0749999999999997 2.0
endloop
endfacet
facet normal -0.0 -0.0 -1.0
outer loop
vertex 5.326 3.0749999999999993 0.0
vertex 5.516 2.7199999999999993 0.0
vertex 1.025 3.153999999999999 0.0
endloop
endfacet
facet normal -0.0 -0.0 -0.9999999999999999
outer loop
vertex 5.516 2.7199999999999993 0.0
vertex 5.682 2.353999999999999 0.0
vertex 1.025 3.153999999999999 0.0
endloop
endfacet
facet normal -0.0 -0.0 -1.0
outer loop
vertex 5.682 2.353999999999999 0.0
vertex 5.824 1.9769999999999992 0.0
vertex 1.025 3.153999999999999 0.0
endloop
endfacet
facet normal -0.0 0.0 1.0
outer loop
vertex 4.157 1.7219999999999993 2.0
vertex 4.195 1.6209999999999993 2.0
vertex 4.285 1.6359999999999992 2.0
endloop
endfacet
facet normal -0.0 -0.0 -0.9999999999999999
outer loop
vertex 5.824 1.9769999999999992 0.0
vertex 5.94 1.5919999999999992 0.0
vertex 1.025 3.153999999999999 0.0
endloop
endfacet
facet normal -0.0 -0.0 -1.0
outer loop
vertex 5.94 1.5919999999999992 0.0
vertex 6.032 1.199999999999999 0.0
vertex 1.025 3.153999999999999 0.0
endloop
endfacet
facet normal -0.0 -0.0 -1.0
outer loop
vertex 6.032 1.199999999999999 0.0
vertex 6.097 0.802999999999999 0.0
vertex 1.025 3.153999999999999 0.0
endloop
endfacet
facet normal -0.0 0.0 -1.0
outer loop
vertex 6.137 0.401999999999999 0.0
vertex 3.317 -9.611358301635656e-16 0.0
vertex 1.025 3.153999999999999 0.0
endloop
endfacet
facet normal -0.0 -0.0 -1.0
outer loop
vertex 6.097 0.802999999999999 0.0
vertex 6.137 0.401999999999999 0.0
vertex 1.025 3.153999999999999 0.0
endloop
endfacet
facet normal 0.09305244937160374 0.995661208276161 -1.305597635615312e-16
outer loop
vertex 4.715 1.636 7.08
vertex 4.715 1.6359999999999992 2.0
vertex 4.608 1.6459999999999992 2.0
endloop
endfacet
facet normal 0.1658933331343502 0.9861437025208727 -1.2931174536942211e-16
outer loop
vertex 4.822 1.618 7.08
vertex 4.822 1.6179999999999994 2.0
vertex 4.715 1.6359999999999992 2.0
endloop
endfacet
facet normal 0.2228248015021422 0.9748585065718669 -1.2783193225367492e-16
outer loop
vertex 4.927 1.594 7.08
vertex 4.927 1.5939999999999994 2.0
vertex 4.822 1.6179999999999994 2.0
endloop
endfacet
facet normal 0.296690823678712 0.9549735887158594 -1.2522444875211753e-16
outer loop
vertex 5.03 1.562 7.08
vertex 5.03 1.5619999999999994 2.0
vertex 4.927 1.5939999999999994 2.0
endloop
endfacet
facet normal -0.0 0.0 1.0
outer loop
vertex 5.114 3.4169999999999994 2.0
vertex 3.742 2.4999999999999996 2.0
vertex 5.326 3.0749999999999997 2.0
endloop
endfacet
facet normal 0.0 -0.0 1.0
outer loop
vertex 4.036 1.9899999999999993 2.0
vertex 5.516 2.7199999999999998 2.0
vertex 5.326 3.0749999999999997 2.0
endloop
endfacet
facet normal 0.0 -0.0 1.0
outer loop
vertex 4.036 1.9899999999999993 2.0
vertex 5.682 2.3539999999999996 2.0
vertex 5.516 2.7199999999999998 2.0
endloop
endfacet
facet normal -0.0 0.0 1.0
outer loop
vertex 4.036 1.9899999999999993 2.0
vertex 4.157 1.7219999999999993 2.0
vertex 5.682 2.3539999999999996 2.0
endloop
endfacet
facet normal -0.0 0.0 1.0
outer loop
vertex 4.157 1.7219999999999993 2.0
vertex 4.285 1.6359999999999992 2.0
vertex 5.682 2.3539999999999996 2.0
endloop
endfacet
facet normal 0.0 0.0 1.0
outer loop
vertex 4.285 1.6359999999999992 2.0
vertex 4.392 1.6459999999999992 2.0
vertex 5.682 2.3539999999999996 2.0
endloop
endfacet
facet normal 0.0 0.0 1.0
outer loop
vertex 4.392 1.6459999999999992 2.0
vertex 4.5 1.6499999999999992 2.0
vertex 5.682 2.3539999999999996 2.0
endloop
endfacet
facet normal -0.0 0.0 1.0
outer loop
vertex 4.5 1.6499999999999992 2.0
vertex 4.608 1.6459999999999992 2.0
vertex 5.682 2.3539999999999996 2.0
endloop
endfacet
facet normal -0.0 0.0 1.0
outer loop
vertex 4.608 1.6459999999999992 2.0
vertex 4.715 1.6359999999999992 2.0
vertex 5.682 2.3539999999999996 2.0
endloop
endfacet
facet normal -0.0 0.0 1.0
outer loop
vertex 4.715 1.6359999999999992 2.0
vertex 4.822 1.6179999999999994 2.0
vertex 5.824 1.9769999999999994 2.0
endloop
endfacet
facet normal -0.0 0.0 0.9999999999999999
outer loop
vertex 4.822 1.6179999999999994 2.0
vertex 4.927 1.5939999999999994 2.0
vertex 5.824 1.9769999999999994 2.0
endloop
endfacet
facet normal -0.0 0.0 1.0
outer loop
vertex 4.927 1.5939999999999994 2.0
vertex 5.03 1.5619999999999994 2.0
vertex 5.824 1.9769999999999994 2.0
endloop
endfacet
facet normal -0.0 0.0 1.0
outer loop
vertex 5.03 1.5619999999999994 2.0
vertex 5.131 1.5239999999999994 2.0
vertex 5.824 1.9769999999999994 2.0
endloop
endfacet
facet normal 0.8816645083703712 0.4718767791278053 -1.0339903913953576e-16
outer loop
vertex 5.326 3.0749999999999997 2.0
vertex 5.516 2.7199999999999998 2.0
vertex 5.326 3.0749999999999993 0.0
endloop
endfacet
facet normal 0.9107070275936573 0.41305291415450107 -8.632922734993304e-17
outer loop
vertex 5.516 2.7199999999999998 2.0
vertex 5.682 2.3539999999999996 2.0
vertex 5.516 2.7199999999999993 0.0
endloop
endfacet
facet normal 0.8816645083703712 0.4718767791278053 -1.0477769299472979e-16
outer loop
vertex 5.326 3.0749999999999993 0.0
vertex 5.516 2.7199999999999998 2.0
vertex 5.516 2.7199999999999993 0.0
endloop
endfacet
facet normal 0.9107070275936573 0.41305291415450107 -9.171617113656906e-17
outer loop
vertex 5.682 2.3539999999999996 2.0
vertex 5.682 2.353999999999999 0.0
vertex 5.516 2.7199999999999993 0.0
endloop
endfacet
facet normal 0.0 -0.0 1.0
outer loop
vertex 4.715 1.6359999999999992 2.0
vertex 5.824 1.9769999999999994 2.0
vertex 5.682 2.3539999999999996 2.0
endloop
endfacet
facet normal 0.9358181329054198 0.3524832224736579 -7.750913081995932e-17
outer loop
vertex 5.682 2.3539999999999996 2.0
vertex 5.824 1.9769999999999994 2.0
vertex 5.682 2.353999999999999 0.0
endloop
endfacet
facet normal 0.0 0.0 1.0
outer loop
vertex 5.824 1.9769999999999994 2.0
vertex 5.131 1.5239999999999994 2.0
vertex 5.23 1.4799999999999993 2.0
endloop
endfacet
facet normal 0.0 0.0 1.0
outer loop
vertex 5.824 1.9769999999999994 2.0
vertex 5.23 1.4799999999999993 2.0
vertex 5.325 1.4289999999999994 2.0
endloop
endfacet
facet normal -0.0 0.0 1.0
outer loop
vertex 5.824 1.9769999999999994 2.0
vertex 5.325 1.4289999999999994 2.0
vertex 5.94 1.5919999999999994 2.0
endloop
endfacet
facet normal 0.9574833622965897 0.2884884935750777 -3.451363878302547e-17
outer loop
vertex 5.824 1.9769999999999994 2.0
vertex 5.94 1.5919999999999994 2.0
vertex 5.824 1.9769999999999992 0.0
endloop
endfacet
facet normal 0.9358181329054196 0.352483222473658 -3.913349893843265e-17
outer loop
vertex 5.682 2.353999999999999 0.0
vertex 5.824 1.9769999999999994 2.0
vertex 5.824 1.9769999999999992 0.0
endloop
endfacet
facet normal 0.9574833622965897 0.2884884935750777 -3.202865679064778e-17
outer loop
vertex 5.94 1.5919999999999994 2.0
vertex 5.94 1.5919999999999992 0.0
vertex 5.824 1.9769999999999992 0.0
endloop
endfacet
facet normal 0.35213877587580655 0.9359477990383268 -1.2272962161491213e-16
outer loop
vertex 5.131 1.524 7.08
vertex 5.131 1.5239999999999994 2.0
vertex 5.03 1.5619999999999994 2.0
endloop
endfacet
facet normal 0.40613846605344717 0.9138115486202573 -1.198269237929032e-16
outer loop
vertex 5.23 1.48 7.08
vertex 5.23 1.4799999999999993 2.0
vertex 5.131 1.5239999999999994 2.0
endloop
endfacet
facet normal 0.47299333031370105 0.8810660074470892 -1.1553304342704542e-16
outer loop
vertex 5.325 1.429 7.08
vertex 5.325 1.4289999999999994 2.0
vertex 5.23 1.4799999999999993 2.0
endloop
endfacet
facet normal 0.5266726717167618 0.8500681718937183 -1.1146833743355372e-16
outer loop
vertex 5.417 1.372 7.08
vertex 5.417 1.3719999999999994 2.0
vertex 5.325 1.4289999999999994 2.0
endloop
endfacet
facet normal 0.5865098121518451 0.8099421215430195 -1.0620666046663078e-16
outer loop
vertex 5.504 1.309 7.08
vertex 5.504 1.3089999999999993 2.0
vertex 5.417 1.3719999999999994 2.0
endloop
endfacet
facet normal 0.6291982286679613 0.7772448707074882 -1.0191911235014838e-16
outer loop
vertex 5.588 1.241 7.08
vertex 5.588 1.2409999999999994 2.0
vertex 5.504 1.3089999999999993 2.0
endloop
endfacet
facet normal 0.6836337652808022 0.7298252359078803 -9.570103710914354e-17
outer loop
vertex 5.667 1.167 7.08
vertex 5.667 1.1669999999999994 2.0
vertex 5.588 1.2409999999999994 2.0
endloop
endfacet
facet normal 0.7298252359078823 0.6836337652808 -8.964400944400797e-17
outer loop
vertex 5.741 1.088 7.08
vertex 5.741 1.0879999999999994 2.0
vertex 5.667 1.1669999999999994 2.0
endloop
endfacet
facet normal 0.7772448707074836 0.629198228667967 -8.250594809297731e-17
outer loop
vertex 5.809 1.004 7.08
vertex 5.809 1.0039999999999993 2.0
vertex 5.741 1.0879999999999994 2.0
endloop
endfacet
facet normal 0.8099421215430226 0.5865098121518408 -7.69082713723877e-17
outer loop
vertex 5.872 0.9169999999999999 7.08
vertex 5.872 0.9169999999999993 2.0
vertex 5.809 1.0039999999999993 2.0
endloop
endfacet
facet normal 0.8500681718937174 0.5266726717167627 -6.90619047142673e-17
outer loop
vertex 5.929 0.8249999999999998 7.08
vertex 5.929 0.8249999999999992 2.0
vertex 5.872 0.9169999999999993 2.0
endloop
endfacet
facet normal 0.8810660074470887 0.4729933303137019 -6.20230022608351e-17
outer loop
vertex 5.98 0.7299999999999999 7.08
vertex 5.98 0.7299999999999992 2.0
vertex 5.929 0.8249999999999992 2.0
endloop
endfacet
facet normal 0.9138115486202586 0.4061384660534446 -5.325641057462323e-17
outer loop
vertex 6.024 0.6309999999999999 7.08
vertex 6.024 0.6309999999999992 2.0
vertex 5.98 0.7299999999999992 2.0
endloop
endfacet
facet normal 0.9359477990383263 0.3521387758758084 -4.61755012016504e-17
outer loop
vertex 6.062 0.5299999999999999 7.08
vertex 6.062 0.5299999999999992 2.0
vertex 6.024 0.6309999999999992 2.0
endloop
endfacet
facet normal 0.9549735887158589 0.29669082367871374 -3.566262618183284e-17
outer loop
vertex 6.094 0.4269999999999999 7.08
vertex 6.094 0.42699999999999927 2.0
vertex 6.062 0.5299999999999992 2.0
endloop
endfacet
facet normal 0.9748585065718672 0.22282480150214132 -2.6783833424579547e-17
outer loop
vertex 6.118 0.3219999999999999 7.08
vertex 6.118 0.3219999999999993 2.0
vertex 6.094 0.42699999999999927 2.0
endloop
endfacet
facet normal 0.9861437025208727 0.1658933331343505 -1.9940596248555516e-17
outer loop
vertex 6.136 0.21499999999999989 7.08
vertex 6.136 0.21499999999999928 2.0
vertex 6.118 0.3219999999999993 2.0
endloop
endfacet
facet normal 0.9956612082761613 0.09305244937160188 -1.1185026473339666e-17
outer loop
vertex 6.146 0.1079999999999999 7.08
vertex 6.146 0.10799999999999929 2.0
vertex 6.136 0.21499999999999928 2.0
endloop
endfacet
facet normal 0.9993148337667669 0.03701166050988439 -4.532621157455843e-18
outer loop
vertex 6.146 0.10799999999999929 2.0
vertex 6.15 -9.408589636723978e-17 7.08
vertex 6.15 -7.162064703340953e-16 2.0
endloop
endfacet
facet normal -0.0 -0.0 -1.0
outer loop
vertex 6.137 0.401999999999999 0.0
vertex 6.15 -9.611358301635656e-16 0.0
vertex 3.317 -9.611358301635656e-16 0.0
endloop
endfacet
facet normal 0.0 0.0 1.0
outer loop
vertex 5.94 1.5919999999999994 2.0
vertex 5.325 1.4289999999999994 2.0
vertex 5.417 1.3719999999999994 2.0
endloop
endfacet
facet normal 0.0 0.0 1.0
outer loop
vertex 5.94 1.5919999999999994 2.0
vertex 5.417 1.3719999999999994 2.0
vertex 5.504 1.3089999999999993 2.0
endloop
endfacet
facet normal 0.0 0.0 1.0
outer loop
vertex 5.94 1.5919999999999994 2.0
vertex 5.504 1.3089999999999993 2.0
vertex 5.588 1.2409999999999994 2.0
endloop
endfacet
facet normal 0.0 0.0 1.0
outer loop
vertex 5.94 1.5919999999999994 2.0
vertex 5.588 1.2409999999999994 2.0
vertex 5.667 1.1669999999999994 2.0
endloop
endfacet
facet normal -0.0 0.0 1.0
outer loop
vertex 5.94 1.5919999999999994 2.0
vertex 5.667 1.1669999999999994 2.0
vertex 6.032 1.1999999999999993 2.0
endloop
endfacet
facet normal 0.9735472948655235 0.22848558961129534 -2.5849520623116395e-17
outer loop
vertex 5.94 1.5919999999999994 2.0
vertex 6.032 1.1999999999999993 2.0
vertex 5.94 1.5919999999999992 0.0
endloop
endfacet
facet normal -0.0 0.0 1.0
outer loop
vertex 5.667 1.1669999999999994 2.0
vertex 5.741 1.0879999999999994 2.0
vertex 6.032 1.1999999999999993 2.0
endloop
endfacet
facet normal -0.0 0.0 1.0
outer loop
vertex 5.741 1.0879999999999994 2.0
vertex 5.809 1.0039999999999993 2.0
vertex 6.032 1.1999999999999993 2.0
endloop
endfacet
facet normal 0.0 0.0 1.0
outer loop
vertex 6.032 1.1999999999999993 2.0
vertex 5.809 1.0039999999999993 2.0
vertex 5.872 0.9169999999999993 2.0
endloop
endfacet
facet normal 0.0 0.0 1.0
outer loop
vertex 6.032 1.1999999999999993 2.0
vertex 5.872 0.9169999999999993 2.0
vertex 5.929 0.8249999999999992 2.0
endloop
endfacet
facet normal 0.0 0.0 1.0
outer loop
vertex 6.032 1.1999999999999993 2.0
vertex 5.929 0.8249999999999992 2.0
vertex 6.097 0.8029999999999993 2.0
endloop
endfacet
facet normal -0.0 0.0 1.0
outer loop
vertex 5.929 0.8249999999999992 2.0
vertex 5.98 0.7299999999999992 2.0
vertex 6.097 0.8029999999999993 2.0
endloop
endfacet
facet normal 0.9868601732113027 0.16157660266683893 -2.1560825062672354e-17
outer loop
vertex 6.032 1.1999999999999993 2.0
vertex 6.097 0.8029999999999993 2.0
vertex 6.032 1.199999999999999 0.0
endloop
endfacet
facet normal 0.9735472948655235 0.22848558961129534 -2.5366996238151455e-17
outer loop
vertex 5.94 1.5919999999999992 0.0
vertex 6.032 1.1999999999999993 2.0
vertex 6.032 1.199999999999999 0.0
endloop
endfacet
facet normal 0.9868601732113027 0.16157660266683893 -1.7938606452143505e-17
outer loop
vertex 6.097 0.8029999999999993 2.0
vertex 6.097 0.802999999999999 0.0
vertex 6.032 1.199999999999999 0.0
endloop
endfacet
facet normal 0.0 0.0 1.0
outer loop
vertex 6.097 0.8029999999999993 2.0
vertex 5.98 0.7299999999999992 2.0
vertex 6.024 0.6309999999999992 2.0
endloop
endfacet
facet normal 0.0 0.0 1.0
outer loop
vertex 6.097 0.8029999999999993 2.0
vertex 6.024 0.6309999999999992 2.0
vertex 6.062 0.5299999999999992 2.0
endloop
endfacet
facet normal 0.0 0.0 1.0
outer loop
vertex 6.097 0.8029999999999993 2.0
vertex 6.062 0.5299999999999992 2.0
vertex 6.137 0.4019999999999993 2.0
endloop
endfacet
facet normal 0.0 0.0 1.0
outer loop
vertex 6.062 0.5299999999999992 2.0
vertex 6.094 0.42699999999999927 2.0
vertex 6.137 0.4019999999999993 2.0
endloop
endfacet
facet normal 0.9950617286968773 0.09925802780018514 -8.60926155020717e-18
outer loop
vertex 6.097 0.8029999999999993 2.0
vertex 6.137 0.4019999999999993 2.0
vertex 6.097 0.802999999999999 0.0
endloop
endfacet
facet normal -0.0 0.0 1.0
outer loop
vertex 6.094 0.42699999999999927 2.0
vertex 6.118 0.3219999999999993 2.0
vertex 6.137 0.4019999999999993 2.0
endloop
endfacet
facet normal 0.0 0.0 1.0
outer loop
vertex 6.137 0.4019999999999993 2.0
vertex 6.118 0.3219999999999993 2.0
vertex 6.136 0.21499999999999928 2.0
endloop
endfacet
facet normal 0.0 0.0 1.0
outer loop
vertex 6.137 0.4019999999999993 2.0
vertex 6.136 0.21499999999999928 2.0
vertex 6.146 0.10799999999999929 2.0
endloop
endfacet
facet normal 0.9995317742895509 0.030597911457844552 -5.160450100728675e-18
outer loop
vertex 6.137 0.4019999999999993 2.0
vertex 6.146 0.10799999999999929 2.0
vertex 6.137 0.401999999999999 0.0
endloop
endfacet
facet normal 0.9993143886955089 0.03701164402576373 0.0009437969226573027
outer loop
vertex 6.146 0.10799999999999929 2.0
vertex 6.15 -7.162064703340953e-16 2.0
vertex 6.137 0.401999999999999 0.0
endloop
endfacet
facet normal 0.9950617286968771 0.09925802780018513 -1.3774818480331175e-17
outer loop
vertex 6.097 0.802999999999999 0.0
vertex 6.137 0.4019999999999993 2.0
vertex 6.137 0.401999999999999 0.0
endloop
endfacet
facet normal 0.9994775266560739 0.03232141255355659 -3.95823144276341e-18
outer loop
vertex 6.137 0.401999999999999 0.0
vertex 6.15 -7.162064703340953e-16 2.0
vertex 6.15 -9.611358301635656e-16 0.0
endloop
endfacet
facet normal 0.0 0.0 1.0
outer loop
vertex 4.49 -0.2939999999999989 17.0
vertex 3.317 1.1207637283869347e-15 17.0
vertex 1.025 -3.1539999999999986 17.0
endloop
endfacet
facet normal -0.0 0.0 1.0
outer loop
vertex 4.157 -1.7219999999999989 17.0
vertex 1.025 -3.1539999999999986 17.0
vertex 4.036 -1.9899999999999989 17.0
endloop
endfacet
facet normal 0.0 -0.0 0.9999999999999999
outer loop
vertex 3.383 -2.9669999999999987 17.0
vertex 3.57 -2.7389999999999985 17.0
vertex 1.025 -3.1539999999999986 17.0
endloop
endfacet
facet normal -0.0 0.0 1.0
outer loop
vertex 4.036 -1.9899999999999989 17.0
vertex 1.025 -3.1539999999999986 17.0
vertex 3.897 -2.2499999999999987 17.0
endloop
endfacet
facet normal 0.0 -0.0 1.0
outer loop
vertex 3.742 -2.4999999999999987 17.0
vertex 3.897 -2.2499999999999987 17.0
vertex 1.025 -3.1539999999999986 17.0
endloop
endfacet
facet normal -0.0 0.0 1.0
outer loop
vertex 3.742 -2.4999999999999987 17.0
vertex 1.025 -3.1539999999999986 17.0
vertex 3.57 -2.7389999999999985 17.0
endloop
endfacet
facet normal 0.0 -0.0 1.0
outer loop
vertex 1.165 -4.3469999999999995 17.0
vertex 1.446 -4.260999999999999 17.0
vertex 1.025 -3.1539999999999986 17.0
endloop
endfacet
facet normal 0.0 -0.0 0.9999999999999999
outer loop
vertex 1.446 -4.260999999999999 17.0
vertex 1.722 -4.156999999999998 17.0
vertex 1.025 -3.1539999999999986 17.0
endloop
endfacet
facet normal 0.033993946896856204 -0.9994220387675937 1.789647352834836e-16
outer loop
vertex 0.0 -4.499999999999998 17.0
vertex 0.0 -4.5 7.08
vertex 0.294 -4.489999999999998 17.0
endloop
endfacet
facet normal 0.09512974978738724 -0.9954648817037139 1.7825613417310014e-16
outer loop
vertex 0.294 -4.489999999999998 17.0
vertex 0.294 -4.49 7.08
vertex 0.587 -4.461999999999998 17.0
endloop
endfacet
facet normal 0.16274927158341213 -0.9866674589744352 1.7668079525835727e-16
outer loop
vertex 0.587 -4.461999999999998 17.0
vertex 0.587 -4.462 7.08
vertex 0.878 -4.413999999999998 17.0
endloop
endfacet
facet normal 0.22733687727507854 -0.9738161757902853 1.7437953872819253e-16
outer loop
vertex 0.878 -4.413999999999998 17.0
vertex 0.878 -4.414 7.08
vertex 1.165 -4.3469999999999995 17.0
endloop
endfacet
facet normal 0.29265077453967264 -0.9562193912284617 0.0
outer loop
vertex 1.165 -4.3469999999999995 17.0
vertex 1.165 -4.3469999999999995 7.08
vertex 1.446 -4.260999999999999 17.0
endloop
endfacet
facet normal 0.0 -0.0 1.0
outer loop
vertex 1.722 -4.156999999999998 17.0
vertex 1.99 -4.035999999999998 17.0
vertex 1.025 -3.1539999999999986 17.0
endloop
endfacet
facet normal 0.0 -0.0 1.0
outer loop
vertex 1.99 -4.035999999999998 17.0
vertex 2.25 -3.8969999999999985 17.0
vertex 1.025 -3.1539999999999986 17.0
endloop
endfacet
facet normal 0.0 0.0 1.0
outer loop
vertex 2.967 -3.3829999999999987 17.0
vertex 1.025 -3.1539999999999986 17.0
vertex 2.739 -3.5699999999999985 17.0
endloop
endfacet
facet normal 0.0 -0.0 1.0
outer loop
vertex 2.25 -3.8969999999999985 17.0
vertex 2.5 -3.7419999999999987 17.0
vertex 1.025 -3.1539999999999986 17.0
endloop
endfacet
facet normal 0.0 -0.0 0.9999999999999999
outer loop
vertex 2.5 -3.7419999999999987 17.0
vertex 2.739 -3.5699999999999985 17.0
vertex 1.025 -3.1539999999999986 17.0
endloop
endfacet
facet normal 0.0 -0.0 1.0
outer loop
vertex 2.967 -3.3829999999999987 17.0
vertex 3.182 -3.1819999999999986 17.0
vertex 1.025 -3.1539999999999986 17.0
endloop
endfacet
facet normal 0.0 0.0 0.9999999999999999
outer loop
vertex 3.383 -2.9669999999999987 17.0
vertex 1.025 -3.1539999999999986 17.0
vertex 3.182 -3.1819999999999986 17.0
endloop
endfacet
facet normal 0.033993946896856204 -0.9994220387675937 1.7908005986975658e-16
outer loop
vertex 0.294 -4.489999999999998 17.0
vertex 0.0 -4.5 7.08
vertex 0.294 -4.49 7.08
endloop
endfacet
facet normal 0.09512974978738724 -0.9954648817037139 1.782371222133974e-16
outer loop
vertex 0.587 -4.461999999999998 17.0
vertex 0.294 -4.49 7.08
vertex 0.587 -4.462 7.08
endloop
endfacet
facet normal 0.16274927158341213 -0.9866674589744352 1.7669028198490676e-16
outer loop
vertex 0.878 -4.413999999999998 17.0
vertex 0.587 -4.462 7.08
vertex 0.878 -4.414 7.08
endloop
endfacet
facet normal 0.22733687727508428 -0.973816175790284 0.0
outer loop
vertex 1.165 -4.3469999999999995 17.0
vertex 0.878 -4.414 7.08
vertex 1.165 -4.3469999999999995 7.08
endloop
endfacet
facet normal 0.29265077453967264 -0.9562193912284617 0.0
outer loop
vertex 1.446 -4.260999999999999 17.0
vertex 1.165 -4.3469999999999995 7.08
vertex 1.446 -4.260999999999999 7.08
endloop
endfacet
facet normal 0.35288063421332433 -0.9356683482929206 0.0
outer loop
vertex 1.446 -4.260999999999999 17.0
vertex 1.446 -4.260999999999999 7.08
vertex 1.621 -4.195 7.08
endloop
endfacet
facet normal 0.3526092341743418 -0.935770659924206 1.1081750745776328e-16
outer loop
vertex 1.446 -4.260999999999999 17.0
vertex 1.722 -4.157 2.0
vertex 1.722 -4.156999999999998 17.0
endloop
endfacet
facet normal 0.41149560153364567 -0.9114117455455921 1.0793283251397555e-16
outer loop
vertex 1.722 -4.156999999999998 17.0
vertex 1.99 -4.036 2.0
vertex 1.99 -4.035999999999998 17.0
endloop
endfacet
facet normal 0.4714682410518192 -0.8818830408163567 1.0443593140701503e-16
outer loop
vertex 1.99 -4.035999999999998 17.0
vertex 2.25 -3.8970000000000002 2.0
vertex 2.25 -3.8969999999999985 17.0
endloop
endfacet
facet normal 0.5269396688616748 -0.8499026917123798 1.0064869728319789e-16
outer loop
vertex 2.25 -3.8969999999999985 17.0
vertex 2.5 -3.7420000000000004 2.0
vertex 2.5 -3.7419999999999987 17.0
endloop
endfacet
facet normal 0.5841257822365854 -0.8116631508985099 9.612022595918171e-17
outer loop
vertex 2.5 -3.7419999999999987 17.0
vertex 2.739 -3.5700000000000003 2.0
vertex 2.739 -3.5699999999999985 17.0
endloop
endfacet
facet normal 0.6341606953063172 -0.7732012755606448 9.098812099821658e-17
outer loop
vertex 2.967 -3.3829999999999987 17.0
vertex 2.739 -3.5699999999999985 17.0
vertex 2.967 -3.3830000000000005 2.0
endloop
endfacet
facet normal 0.34627509539594403 -0.9381330079679085 -0.00013292709995875075
outer loop
vertex 1.446 -4.260999999999999 17.0
vertex 1.621 -4.195 7.08
vertex 1.722 -4.157 2.0
endloop
endfacet
facet normal -0.0 0.0 1.0
outer loop
vertex 4.49 -0.2939999999999989 17.0
vertex 1.025 -3.1539999999999986 17.0
vertex 4.462 -0.5869999999999989 17.0
endloop
endfacet
facet normal 0.0 0.0 0.9999999999999999
outer loop
vertex 4.5 1.1207637283869347e-15 17.0
vertex 3.317 1.1207637283869347e-15 17.0
vertex 4.49 -0.2939999999999989 17.0
endloop
endfacet
facet normal 0.9994220387675937 -0.033993946896856204 4.1849746771221885e-18
outer loop
vertex 4.5 1.1207637283869347e-15 17.0
vertex 4.49 -0.2939999999999989 17.0
vertex 4.49 -0.2940000000000001 7.08
endloop
endfacet
facet normal 0.9954648817037139 -0.09512974978738724 1.1711367176901828e-17
outer loop
vertex 4.49 -0.2939999999999989 17.0
vertex 4.462 -0.5869999999999989 17.0
vertex 4.462 -0.5870000000000001 7.08
endloop
endfacet
facet normal 0.9738161757902847 -0.22733687727508142 2.5443007610602713e-17
outer loop
vertex 4.414 -0.8779999999999989 17.0
vertex 4.347 -1.164999999999999 17.0
vertex 4.347 -1.165 7.08
endloop
endfacet
facet normal 0.9866674589744352 -0.16274927158341213 2.003596647259723e-17
outer loop
vertex 4.462 -0.5869999999999989 17.0
vertex 4.414 -0.8779999999999989 17.0
vertex 4.414 -0.8780000000000001 7.08
endloop
endfacet
facet normal 0.9562193912284617 -0.29265077453967264 3.2752785087533276e-17
outer loop
vertex 4.347 -1.164999999999999 17.0
vertex 4.261 -1.4459999999999988 17.0
vertex 4.261 -1.446 7.08
endloop
endfacet
facet normal -0.0 0.0 1.0
outer loop
vertex 4.414 -0.8779999999999989 17.0
vertex 1.025 -3.1539999999999986 17.0
vertex 4.347 -1.164999999999999 17.0
endloop
endfacet
facet normal -0.0 0.0 1.0
outer loop
vertex 4.347 -1.164999999999999 17.0
vertex 1.025 -3.1539999999999986 17.0
vertex 4.261 -1.4459999999999988 17.0
endloop
endfacet
facet normal -0.0 0.0 1.0
outer loop
vertex 4.462 -0.5869999999999989 17.0
vertex 1.025 -3.1539999999999986 17.0
vertex 4.414 -0.8779999999999989 17.0
endloop
endfacet
facet normal -0.0 0.0 1.0
outer loop
vertex 4.261 -1.4459999999999988 17.0
vertex 1.025 -3.1539999999999986 17.0
vertex 4.157 -1.7219999999999989 17.0
endloop
endfacet
facet normal 0.9357706599102154 -0.35260923416906687 -5.468505492634914e-06
outer loop
vertex 4.261 -1.4459999999999988 17.0
vertex 4.157 -1.7219999999999989 17.0
vertex 4.195 -1.621 7.08
endloop
endfacet
facet normal 0.9994220387675937 -0.033993946896856204 4.161196411911356e-18
outer loop
vertex 4.5 1.1207637283869347e-15 17.0
vertex 4.49 -0.2940000000000001 7.08
vertex 4.5 -9.408589636723978e-17 7.08
endloop
endfacet
facet normal 0.9954648817037139 -0.09512974978738724 1.1882474814226494e-17
outer loop
vertex 4.49 -0.2939999999999989 17.0
vertex 4.462 -0.5870000000000001 7.08
vertex 4.49 -0.2940000000000001 7.08
endloop
endfacet
facet normal 0.9866674589744352 -0.16274927158341213 2.015929391774104e-17
outer loop
vertex 4.462 -0.5869999999999989 17.0
vertex 4.414 -0.8780000000000001 7.08
vertex 4.462 -0.5870000000000001 7.08
endloop
endfacet
facet normal 0.9738161757902847 -0.2273368772750815 2.848097866858544e-17
outer loop
vertex 4.414 -0.8779999999999989 17.0
vertex 4.347 -1.165 7.08
vertex 4.414 -0.8780000000000001 7.08
endloop
endfacet
facet normal 0.9562193912284617 -0.29265077453967264 3.332405459487386e-17
outer loop
vertex 4.347 -1.164999999999999 17.0
vertex 4.261 -1.446 7.08
vertex 4.347 -1.165 7.08
endloop
endfacet
facet normal 0.9356683482929188 -0.35288063421332844 4.020415410658024e-17
outer loop
vertex 4.261 -1.4459999999999988 17.0
vertex 4.195 -1.621 7.08
vertex 4.261 -1.446 7.08
endloop
endfacet
facet normal 0.7304900913464076 -0.6829232947005958 8.015766056654869e-17
outer loop
vertex 3.383 -2.9669999999999987 17.0
vertex 3.182 -3.1819999999999986 17.0
vertex 3.383 -2.9670000000000005 2.0
endloop
endfacet
facet normal 0.8116631508985099 -0.5841257822365854 6.91241164716919e-17
outer loop
vertex 3.742 -2.4999999999999987 17.0
vertex 3.57 -2.7389999999999985 17.0
vertex 3.742 -2.5000000000000004 2.0
endloop
endfacet
facet normal 0.7732012755606448 -0.6341606953063172 7.509971255907966e-17
outer loop
vertex 3.383 -2.9669999999999987 17.0
vertex 3.57 -2.7390000000000003 2.0
vertex 3.57 -2.7389999999999985 17.0
endloop
endfacet
facet normal 0.9114117455455921 -0.41149560153364567 4.876862476581801e-17
outer loop
vertex 4.157 -1.7219999999999989 17.0
vertex 4.036 -1.9899999999999989 17.0
vertex 4.157 -1.7220000000000006 2.0
endloop
endfacet
facet normal 0.8818830408163559 -0.4714682410518207 5.491673075789552e-17
outer loop
vertex 4.036 -1.9899999999999989 17.0
vertex 3.897 -2.2499999999999987 17.0
vertex 4.036 -1.9900000000000007 2.0
endloop
endfacet
facet normal 0.8499026917123798 -0.5269396688616748 6.240219231558261e-17
outer loop
vertex 3.742 -2.4999999999999987 17.0
vertex 3.897 -2.2500000000000004 2.0
vertex 3.897 -2.2499999999999987 17.0
endloop
endfacet
facet normal 0.9359477990383266 -0.35213877587580783 4.617550120165033e-17
outer loop
vertex 4.157 -1.7219999999999989 17.0
vertex 4.195 -1.6210000000000007 2.0
vertex 4.195 -1.621 7.08
endloop
endfacet
facet normal 0.6829232947005958 -0.7304900913464076 8.6507404658487e-17
outer loop
vertex 2.967 -3.3829999999999987 17.0
vertex 3.182 -3.1820000000000004 2.0
vertex 3.182 -3.1819999999999986 17.0
endloop
endfacet
facet normal 0.0 0.0 -1.0
outer loop
vertex 1.977 -5.824 0.0
vertex 1.025 -3.154000000000001 0.0
vertex 3.317 -9.611358301635656e-16 0.0
endloop
endfacet
facet normal 0.0 -0.0 1.0
outer loop
vertex 0.0 -4.5 7.08
vertex 1.65 -4.5 7.08
vertex 0.294 -4.49 7.08
endloop
endfacet
facet normal -0.0 -0.0 1.0
outer loop
vertex 0.294 -4.49 7.08
vertex 1.65 -4.5 7.08
vertex 0.587 -4.462 7.08
endloop
endfacet
facet normal 0.0 -0.0 1.0
outer loop
vertex 0.587 -4.462 7.08
vertex 1.646 -4.3919999999999995 7.08
vertex 0.878 -4.414 7.08
endloop
endfacet
facet normal -0.0 0.0 1.0
outer loop
vertex 0.0 -4.5 7.08
vertex 1.646 -4.607999999999999 7.08
vertex 1.65 -4.5 7.08
endloop
endfacet
facet normal -0.0 0.0 1.0
outer loop
vertex 0.0 -4.5 7.08
vertex 1.636 -4.715 7.08
vertex 1.646 -4.607999999999999 7.08
endloop
endfacet
facet normal 0.0 -0.0 1.0
outer loop
vertex 0.878 -4.414 7.08
vertex 1.646 -4.3919999999999995 7.08
vertex 1.165 -4.3469999999999995 7.08
endloop
endfacet
facet normal -0.0 -0.0 0.9999999999999999
outer loop
vertex 0.587 -4.462 7.08
vertex 1.65 -4.5 7.08
vertex 1.646 -4.3919999999999995 7.08
endloop
endfacet
facet normal 0.0 -0.0 1.0
outer loop
vertex 1.165 -4.3469999999999995 7.08
vertex 1.636 -4.285 7.08
vertex 1.446 -4.260999999999999 7.08
endloop
endfacet
facet normal -0.0 -0.0 1.0
outer loop
vertex 1.165 -4.3469999999999995 7.08
vertex 1.646 -4.3919999999999995 7.08
vertex 1.636 -4.285 7.08
endloop
endfacet
facet normal -0.0 0.0 1.0
outer loop
vertex 0.0 -4.5 7.08
vertex 1.004 -5.808999999999999 7.08
vertex 1.088 -5.741 7.08
endloop
endfacet
facet normal -0.0 0.0 1.0
outer loop
vertex 0.0 -4.5 7.08
vertex 1.088 -5.741 7.08
vertex 1.167 -5.667 7.08
endloop
endfacet
facet normal -0.0 0.0 1.0
outer loop
vertex 0.0 -4.5 7.08
vertex 0.0 -6.15 7.08
vertex 0.108 -6.145999999999999 7.08
endloop
endfacet
facet normal -0.0 0.0 1.0
outer loop
vertex 0.0 -4.5 7.08
vertex 0.108 -6.145999999999999 7.08
vertex 0.215 -6.135999999999999 7.08
endloop
endfacet
facet normal -0.0 0.0 1.0
outer loop
vertex 0.0 -4.5 7.08
vertex 0.215 -6.135999999999999 7.08
vertex 0.322 -6.118 7.08
endloop
endfacet
facet normal -0.0 0.0 1.0
outer loop
vertex 0.0 -4.5 7.08
vertex 0.322 -6.118 7.08
vertex 0.427 -6.093999999999999 7.08
endloop
endfacet
facet normal -0.0 0.0 1.0
outer loop
vertex 0.0 -4.5 7.08
vertex 0.427 -6.093999999999999 7.08
vertex 0.53 -6.061999999999999 7.08
endloop
endfacet
facet normal -0.0 0.0 1.0
outer loop
vertex 0.0 -4.5 7.08
vertex 0.53 -6.061999999999999 7.08
vertex 0.631 -6.023999999999999 7.08
endloop
endfacet
facet normal -0.0 0.0 1.0
outer loop
vertex 0.0 -4.5 7.08
vertex 0.631 -6.023999999999999 7.08
vertex 0.73 -5.98 7.08
endloop
endfacet
facet normal -0.0 0.0 1.0
outer loop
vertex 0.0 -4.5 7.08
vertex 0.73 -5.98 7.08
vertex 0.825 -5.929 7.08
endloop
endfacet
facet normal -0.0 0.0 1.0
outer loop
vertex 0.0 -4.5 7.08
vertex 0.825 -5.929 7.08
vertex 0.917 -5.872 7.08
endloop
endfacet
facet normal -0.0 0.0 1.0
outer loop
vertex 0.0 -4.5 7.08
vertex 0.917 -5.872 7.08
vertex 1.004 -5.808999999999999 7.08
endloop
endfacet
facet normal -0.0 0.0 1.0
outer loop
vertex 0.0 -4.5 7.08
vertex 1.618 -4.821999999999999 7.08
vertex 1.636 -4.715 7.08
endloop
endfacet
facet normal -0.0 0.0 0.9999999999999999
outer loop
vertex 0.0 -4.5 7.08
vertex 1.594 -4.927 7.08
vertex 1.618 -4.821999999999999 7.08
endloop
endfacet
facet normal -0.0 0.0 1.0
outer loop
vertex 0.0 -4.5 7.08
vertex 1.562 -5.029999999999999 7.08
vertex 1.594 -4.927 7.08
endloop
endfacet
facet normal -0.0 0.0 1.0
outer loop
vertex 0.0 -4.5 7.08
vertex 1.524 -5.131 7.08
vertex 1.562 -5.029999999999999 7.08
endloop
endfacet
facet normal -0.0 0.0 1.0
outer loop
vertex 0.0 -4.5 7.08
vertex 1.48 -5.23 7.08
vertex 1.524 -5.131 7.08
endloop
endfacet
facet normal -0.0 0.0 1.0
outer loop
vertex 0.0 -4.5 7.08
vertex 1.372 -5.417 7.08
vertex 1.429 -5.324999999999999 7.08
endloop
endfacet
facet normal -0.0 0.0 1.0
outer loop
vertex 0.0 -4.5 7.08
vertex 1.309 -5.504 7.08
vertex 1.372 -5.417 7.08
endloop
endfacet
facet normal -0.0 0.0 0.9999999999999999
outer loop
vertex 0.0 -4.5 7.08
vertex 1.167 -5.667 7.08
vertex 1.241 -5.587999999999999 7.08
endloop
endfacet
facet normal -0.0 0.0 1.0
outer loop
vertex 0.0 -4.5 7.08
vertex 1.241 -5.587999999999999 7.08
vertex 1.309 -5.504 7.08
endloop
endfacet
facet normal -0.0 0.0 1.0
outer loop
vertex 0.0 -4.5 7.08
vertex 1.429 -5.324999999999999 7.08
vertex 1.48 -5.23 7.08
endloop
endfacet
facet normal 0.0370116605098926 -0.9993148337667666 3.4943695662907875e-16
outer loop
vertex 0.0 -6.15 7.08
vertex 0.108 -6.146000000000001 2.0
vertex 0.108 -6.145999999999999 7.08
endloop
endfacet
facet normal 0.09305244937160187 -0.9956612082761612 3.4815936949741656e-16
outer loop
vertex 0.108 -6.145999999999999 7.08
vertex 0.215 -6.136000000000001 2.0
vertex 0.215 -6.135999999999999 7.08
endloop
endfacet
facet normal 0.16589333313434254 -0.986143702520874 0.0
outer loop
vertex 0.215 -6.135999999999999 7.08
vertex 0.322 -6.118 2.0
vertex 0.322 -6.118 7.08
endloop
endfacet
facet normal 0.22282480150214917 -0.9748585065718653 3.40885152676466e-16
outer loop
vertex 0.322 -6.118 7.08
vertex 0.427 -6.094000000000001 2.0
vertex 0.427 -6.093999999999999 7.08
endloop
endfacet
facet normal 0.29669082367871363 -0.9549735887158589 3.339318633389799e-16
outer loop
vertex 0.427 -6.093999999999999 7.08
vertex 0.53 -6.062000000000001 2.0
vertex 0.53 -6.061999999999999 7.08
endloop
endfacet
facet normal 0.3521387758758084 -0.9359477990383263 3.2727899097309883e-16
outer loop
vertex 0.53 -6.061999999999999 7.08
vertex 0.631 -6.024000000000001 2.0
vertex 0.631 -6.023999999999999 7.08
endloop
endfacet
facet normal 0.40613846605343773 -0.9138115486202615 0.0
outer loop
vertex 0.631 -6.023999999999999 7.08
vertex 0.73 -5.98 2.0
vertex 0.73 -5.98 7.08
endloop
endfacet
facet normal 0.9138115486202573 -0.40613846605344717 0.0
outer loop
vertex 1.524 -5.131 7.08
vertex 1.48 -5.23 7.08
vertex 1.524 -5.131 2.0
endloop
endfacet
facet normal 0.8500681718937204 -0.526672671716758 1.8458157098796624e-16
outer loop
vertex 1.429 -5.324999999999999 7.08
vertex 1.372 -5.417 7.08
vertex 1.429 -5.325000000000001 2.0
endloop
endfacet
facet normal 0.8810660074470872 -0.4729933303137044 0.0
outer loop
vertex 1.429 -5.324999999999999 7.08
vertex 1.48 -5.23 2.0
vertex 1.48 -5.23 7.08
endloop
endfacet
facet normal 0.6291982286679619 -0.7772448707074875 0.0
outer loop
vertex 1.088 -5.741 7.08
vertex 1.004 -5.808999999999999 7.08
vertex 1.088 -5.741 2.0
endloop
endfacet
facet normal 0.6836337652808 -0.7298252359078823 0.0
outer loop
vertex 1.088 -5.741 7.08
vertex 1.167 -5.667 2.0
vertex 1.167 -5.667 7.08
endloop
endfacet
facet normal 0.4729933303137019 -0.8810660074470887 0.0
outer loop
vertex 0.73 -5.98 7.08
vertex 0.825 -5.929 2.0
vertex 0.825 -5.929 7.08
endloop
endfacet
facet normal 0.5266726717167627 -0.8500681718937174 0.0
outer loop
vertex 0.825 -5.929 7.08
vertex 0.917 -5.872 2.0
vertex 0.917 -5.872 7.08
endloop
endfacet
facet normal 0.5865098121518467 -0.8099421215430183 2.832177612443483e-16
outer loop
vertex 0.917 -5.872 7.08
vertex 1.004 -5.809000000000001 2.0
vertex 1.004 -5.808999999999999 7.08
endloop
endfacet
facet normal 0.777244870707485 -0.6291982286679653 0.0
outer loop
vertex 1.309 -5.504 7.08
vertex 1.241 -5.587999999999999 7.08
vertex 1.309 -5.504 2.0
endloop
endfacet
facet normal 0.7298252359078841 -0.683633765280798 2.390506918506872e-16
outer loop
vertex 1.167 -5.667 7.08
vertex 1.241 -5.588000000000001 2.0
vertex 1.241 -5.587999999999999 7.08
endloop
endfacet
facet normal 0.8099421215430195 -0.5865098121518451 0.0
outer loop
vertex 1.309 -5.504 7.08
vertex 1.372 -5.417 2.0
vertex 1.372 -5.417 7.08
endloop
endfacet
facet normal 0.41149560153364567 -0.9114117455455921 1.0793283251397555e-16
outer loop
vertex 1.722 -4.156999999999998 17.0
vertex 1.722 -4.157 2.0
vertex 1.99 -4.036 2.0
endloop
endfacet
facet normal -0.0 -0.0 1.0
outer loop
vertex 1.446 -4.260999999999999 7.08
vertex 1.636 -4.285 7.08
vertex 1.621 -4.195 7.08
endloop
endfacet
facet normal 0.4714682410518192 -0.8818830408163567 1.0443593140701503e-16
outer loop
vertex 1.99 -4.035999999999998 17.0
vertex 1.99 -4.036 2.0
vertex 2.25 -3.8970000000000002 2.0
endloop
endfacet
facet normal 0.5841257822365854 -0.8116631508985099 9.612022595918171e-17
outer loop
vertex 2.5 -3.7419999999999987 17.0
vertex 2.5 -3.7420000000000004 2.0
vertex 2.739 -3.5700000000000003 2.0
endloop
endfacet
facet normal 0.6829232947005958 -0.7304900913464076 8.6507404658487e-17
outer loop
vertex 2.967 -3.3829999999999987 17.0
vertex 2.967 -3.3830000000000005 2.0
vertex 3.182 -3.1820000000000004 2.0
endloop
endfacet
facet normal 0.6341606953063172 -0.7732012755606448 9.156542493834327e-17
outer loop
vertex 2.739 -3.5699999999999985 17.0
vertex 2.739 -3.5700000000000003 2.0
vertex 2.967 -3.3830000000000005 2.0
endloop
endfacet
facet normal 0.5269396688616748 -0.8499026917123798 1.0064869728319789e-16
outer loop
vertex 2.25 -3.8969999999999985 17.0
vertex 2.25 -3.8970000000000002 2.0
vertex 2.5 -3.7420000000000004 2.0
endloop
endfacet
facet normal 0.9863939238321439 0.16439898730535651 0.0
outer loop
vertex 1.621 -4.195 7.08
vertex 1.636 -4.285 7.08
vertex 1.636 -4.285 2.0
endloop
endfacet
facet normal 0.995661208276161 0.09305244937160452 0.0
outer loop
vertex 1.636 -4.285 7.08
vertex 1.646 -4.3919999999999995 7.08
vertex 1.636 -4.285 2.0
endloop
endfacet
facet normal 0.9993148337667671 0.037011660509880105 -1.2935000191698176e-17
outer loop
vertex 1.646 -4.3919999999999995 7.08
vertex 1.65 -4.5 7.08
vertex 1.646 -4.392000000000001 2.0
endloop
endfacet
facet normal 0.9993148337667671 -0.03701166050988072 0.0
outer loop
vertex 1.65 -4.5 7.08
vertex 1.646 -4.607999999999999 7.08
vertex 1.65 -4.5 2.0
endloop
endfacet
facet normal 0.9861437025208725 -0.16589333313435153 0.0
outer loop
vertex 1.636 -4.715 7.08
vertex 1.618 -4.821999999999999 7.08
vertex 1.636 -4.715 2.0
endloop
endfacet
facet normal 0.9956612082761611 -0.09305244937160297 3.257003447492409e-17
outer loop
vertex 1.646 -4.607999999999999 7.08
vertex 1.636 -4.715 7.08
vertex 1.646 -4.6080000000000005 2.0
endloop
endfacet
facet normal 0.9748585065718676 -0.22282480150214043 7.84682619860725e-17
outer loop
vertex 1.618 -4.821999999999999 7.08
vertex 1.594 -4.927 7.08
vertex 1.618 -4.822000000000001 2.0
endloop
endfacet
facet normal 0.9549735887158586 -0.2966908236787143 0.0
outer loop
vertex 1.594 -4.927 7.08
vertex 1.562 -5.029999999999999 7.08
vertex 1.594 -4.927 2.0
endloop
endfacet
facet normal 0.9359477990383279 -0.35213877587580383 1.2313466987106615e-16
outer loop
vertex 1.524 -5.131 7.08
vertex 1.562 -5.030000000000001 2.0
vertex 1.562 -5.029999999999999 7.08
endloop
endfacet
facet normal 0.03701166050987619 -0.9993148337667671 0.0
outer loop
vertex 0.0 -6.15 7.08
vertex 0.0 -6.15 2.0
vertex 0.108 -6.146000000000001 2.0
endloop
endfacet
facet normal 0.09305244937160187 -0.9956612082761612 3.4815936949741656e-16
outer loop
vertex 0.108 -6.145999999999999 7.08
vertex 0.108 -6.146000000000001 2.0
vertex 0.215 -6.136000000000001 2.0
endloop
endfacet
facet normal 0.16589333313435844 -0.9861437025208712 3.4483132098512514e-16
outer loop
vertex 0.215 -6.135999999999999 7.08
vertex 0.215 -6.136000000000001 2.0
vertex 0.322 -6.118 2.0
endloop
endfacet
facet normal 0.2228248015021335 -0.974858506571869 0.0
outer loop
vertex 0.322 -6.118 7.08
vertex 0.322 -6.118 2.0
vertex 0.427 -6.094000000000001 2.0
endloop
endfacet
facet normal 0.29669082367871363 -0.9549735887158589 3.339318633389799e-16
outer loop
vertex 0.427 -6.093999999999999 7.08
vertex 0.427 -6.094000000000001 2.0
vertex 0.53 -6.062000000000001 2.0
endloop
endfacet
facet normal 0.3521387758758084 -0.9359477990383263 3.2727899097309883e-16
outer loop
vertex 0.53 -6.061999999999999 7.08
vertex 0.53 -6.062000000000001 2.0
vertex 0.631 -6.024000000000001 2.0
endloop
endfacet
facet normal 0.40613846605345144 -0.9138115486202555 3.195384634477412e-16
outer loop
vertex 0.631 -6.023999999999999 7.08
vertex 0.631 -6.024000000000001 2.0
vertex 0.73 -5.98 2.0
endloop
endfacet
facet normal 0.4729933303137019 -0.8810660074470887 0.0
outer loop
vertex 0.73 -5.98 7.08
vertex 0.73 -5.98 2.0
vertex 0.825 -5.929 2.0
endloop
endfacet
facet normal 0.935947799038326 -0.3521387758758093 0.0
outer loop
vertex 1.524 -5.131 7.08
vertex 1.524 -5.131 2.0
vertex 1.562 -5.030000000000001 2.0
endloop
endfacet
facet normal 0.9138115486202573 -0.40613846605344717 0.0
outer loop
vertex 1.48 -5.23 7.08
vertex 1.48 -5.23 2.0
vertex 1.524 -5.131 2.0
endloop
endfacet
facet normal 0.881066007447091 -0.4729933303136976 1.653946726955588e-16
outer loop
vertex 1.429 -5.324999999999999 7.08
vertex 1.429 -5.325000000000001 2.0
vertex 1.48 -5.23 2.0
endloop
endfacet
facet normal 0.6836337652808 -0.7298252359078823 0.0
outer loop
vertex 1.088 -5.741 7.08
vertex 1.088 -5.741 2.0
vertex 1.167 -5.667 2.0
endloop
endfacet
facet normal 0.5266726717167627 -0.8500681718937174 0.0
outer loop
vertex 0.825 -5.929 7.08
vertex 0.825 -5.929 2.0
vertex 0.917 -5.872 2.0
endloop
endfacet
facet normal 0.586509812151836 -0.8099421215430261 0.0
outer loop
vertex 0.917 -5.872 7.08
vertex 0.917 -5.872 2.0
vertex 1.004 -5.809000000000001 2.0
endloop
endfacet
facet normal 0.6291982286679719 -0.7772448707074795 2.717842996003926e-16
outer loop
vertex 1.004 -5.808999999999999 7.08
vertex 1.004 -5.809000000000001 2.0
vertex 1.088 -5.741 2.0
endloop
endfacet
facet normal 0.8099421215430195 -0.5865098121518451 0.0
outer loop
vertex 1.309 -5.504 7.08
vertex 1.309 -5.504 2.0
vertex 1.372 -5.417 2.0
endloop
endfacet
facet normal 0.7772448707074914 -0.6291982286679572 2.2001586158126937e-16
outer loop
vertex 1.241 -5.587999999999999 7.08
vertex 1.241 -5.588000000000001 2.0
vertex 1.309 -5.504 2.0
endloop
endfacet
facet normal 0.7298252359078765 -0.6836337652808062 0.0
outer loop
vertex 1.167 -5.667 7.08
vertex 1.167 -5.667 2.0
vertex 1.241 -5.588000000000001 2.0
endloop
endfacet
facet normal 0.850068171893716 -0.5266726717167654 0.0
outer loop
vertex 1.372 -5.417 7.08
vertex 1.372 -5.417 2.0
vertex 1.429 -5.325000000000001 2.0
endloop
endfacet
facet normal 0.0 -0.0 -0.9999999999999999
outer loop
vertex -0.402 -6.1370000000000005 0.0
vertex 1.025 -3.154000000000001 0.0
vertex 0.0 -6.15 0.0
endloop
endfacet
facet normal 0.0 -0.0 -1.0
outer loop
vertex 0.0 -6.15 0.0
vertex 1.025 -3.154000000000001 0.0
vertex 0.402 -6.1370000000000005 0.0
endloop
endfacet
facet normal 0.0 -0.0 -1.0
outer loop
vertex 0.402 -6.1370000000000005 0.0
vertex 1.025 -3.154000000000001 0.0
vertex 0.803 -6.097000000000001 0.0
endloop
endfacet
facet normal 0.0 -0.0 1.0
outer loop
vertex 0.108 -6.146000000000001 2.0
vertex 0.402 -6.1370000000000005 2.0
vertex 0.215 -6.136000000000001 2.0
endloop
endfacet
facet normal -0.0 -0.0 1.0
outer loop
vertex 0.215 -6.136000000000001 2.0
vertex 0.402 -6.1370000000000005 2.0
vertex 0.322 -6.118 2.0
endloop
endfacet
facet normal -0.0 0.0 1.0
outer loop
vertex 0.322 -6.118 2.0
vertex 0.402 -6.1370000000000005 2.0
vertex 0.427 -6.094000000000001 2.0
endloop
endfacet
facet normal 0.03701164402575553 -0.9993143886955093 0.0009437969226561025
outer loop
vertex 0.0 -6.15 2.0
vertex 0.402 -6.1370000000000005 0.0
vertex 0.108 -6.146000000000001 2.0
endloop
endfacet
facet normal 0.030597911457844552 -0.9995317742895509 0.0
outer loop
vertex 0.108 -6.146000000000001 2.0
vertex 0.402 -6.1370000000000005 0.0
vertex 0.402 -6.1370000000000005 2.0
endloop
endfacet
facet normal -0.0 0.0 1.0
outer loop
vertex 0.427 -6.094000000000001 2.0
vertex 0.402 -6.1370000000000005 2.0
vertex 0.53 -6.062000000000001 2.0
endloop
endfacet
facet normal 0.0 -0.0 1.0
outer loop
vertex 0.402 -6.1370000000000005 2.0
vertex 0.803 -6.097000000000001 2.0
vertex 0.53 -6.062000000000001 2.0
endloop
endfacet
facet normal -0.0 -0.0 1.0
outer loop
vertex 0.53 -6.062000000000001 2.0
vertex 0.803 -6.097000000000001 2.0
vertex 0.631 -6.024000000000001 2.0
endloop
endfacet
facet normal -0.0 -0.0 1.0
outer loop
vertex 0.631 -6.024000000000001 2.0
vertex 0.803 -6.097000000000001 2.0
vertex 0.73 -5.98 2.0
endloop
endfacet
facet normal 0.09925802780018513 -0.9950617286968771 0.0
outer loop
vertex 0.402 -6.1370000000000005 2.0
vertex 0.803 -6.097000000000001 0.0
vertex 0.803 -6.097000000000001 2.0
endloop
endfacet
facet normal 0.03232141255355438 -0.9994775266560738 0.0
outer loop
vertex 0.0 -6.15 2.0
vertex 0.0 -6.15 0.0
vertex 0.402 -6.1370000000000005 0.0
endloop
endfacet
facet normal 0.09925802780018513 -0.9950617286968771 0.0
outer loop
vertex 0.402 -6.1370000000000005 2.0
vertex 0.402 -6.1370000000000005 0.0
vertex 0.803 -6.097000000000001 0.0
endloop
endfacet
facet normal 0.0 0.0 -1.0
outer loop
vertex 0.803 -6.097000000000001 0.0
vertex 1.025 -3.154000000000001 0.0
vertex 1.2 -6.032 0.0
endloop
endfacet
facet normal 0.0 0.0 -1.0
outer loop
vertex 1.592 -5.940000000000001 0.0
vertex 1.025 -3.154000000000001 0.0
vertex 1.977 -5.824 0.0
endloop
endfacet
facet normal 0.0 0.0 -0.9999999999999999
outer loop
vertex 1.2 -6.032 0.0
vertex 1.025 -3.154000000000001 0.0
vertex 1.592 -5.940000000000001 0.0
endloop
endfacet
facet normal -0.0 0.0 1.0
outer loop
vertex 0.73 -5.98 2.0
vertex 0.803 -6.097000000000001 2.0
vertex 0.825 -5.929 2.0
endloop
endfacet
facet normal -0.0 0.0 1.0
outer loop
vertex 0.825 -5.929 2.0
vertex 0.803 -6.097000000000001 2.0
vertex 1.2 -6.032 2.0
endloop
endfacet
facet normal -0.0 -0.0 1.0
outer loop
vertex 0.825 -5.929 2.0
vertex 1.2 -6.032 2.0
vertex 0.917 -5.872 2.0
endloop
endfacet
facet normal -0.0 -0.0 1.0
outer loop
vertex 0.917 -5.872 2.0
vertex 1.2 -6.032 2.0
vertex 1.004 -5.809000000000001 2.0
endloop
endfacet
facet normal 0.0 0.0 1.0
outer loop
vertex 1.088 -5.741 2.0
vertex 1.004 -5.809000000000001 2.0
vertex 1.2 -6.032 2.0
endloop
endfacet
facet normal -0.0 -0.0 1.0
outer loop
vertex 1.088 -5.741 2.0
vertex 1.2 -6.032 2.0
vertex 1.167 -5.667 2.0
endloop
endfacet
facet normal 0.16157660266684115 -0.9868601732113025 0.0
outer loop
vertex 0.803 -6.097000000000001 2.0
vertex 1.2 -6.032 0.0
vertex 1.2 -6.032 2.0
endloop
endfacet
facet normal -0.0 -0.0 0.9999999999999999
outer loop
vertex 1.167 -5.667 2.0
vertex 1.592 -5.940000000000001 2.0
vertex 1.241 -5.588000000000001 2.0
endloop
endfacet
facet normal 0.0 0.0 1.0
outer loop
vertex 1.429 -5.325000000000001 2.0
vertex 1.372 -5.417 2.0
vertex 1.592 -5.940000000000001 2.0
endloop
endfacet
facet normal -0.0 -0.0 1.0
outer loop
vertex 1.309 -5.504 2.0
vertex 1.592 -5.940000000000001 2.0
vertex 1.372 -5.417 2.0
endloop
endfacet
facet normal 0.0 0.0 1.0
outer loop
vertex 1.309 -5.504 2.0
vertex 1.241 -5.588000000000001 2.0
vertex 1.592 -5.940000000000001 2.0
endloop
endfacet
facet normal -0.0 0.0 1.0
outer loop
vertex 1.167 -5.667 2.0
vertex 1.2 -6.032 2.0
vertex 1.592 -5.940000000000001 2.0
endloop
endfacet
facet normal 0.2284855896112933 -0.9735472948655242 0.0
outer loop
vertex 1.2 -6.032 2.0
vertex 1.592 -5.940000000000001 0.0
vertex 1.592 -5.940000000000001 2.0
endloop
endfacet
facet normal 0.16157660266684115 -0.9868601732113025 0.0
outer loop
vertex 0.803 -6.097000000000001 2.0
vertex 0.803 -6.097000000000001 0.0
vertex 1.2 -6.032 0.0
endloop
endfacet
facet normal 0.2284855896112933 -0.9735472948655242 0.0
outer loop
vertex 1.2 -6.032 2.0
vertex 1.2 -6.032 0.0
vertex 1.592 -5.940000000000001 0.0
endloop
endfacet
facet normal 0.9863939238321439 0.16439898730535651 0.0
outer loop
vertex 1.621 -4.195 7.08
vertex 1.636 -4.285 2.0
vertex 1.621 -4.195 2.0
endloop
endfacet
facet normal 0.3521387758758084 -0.9359477990383263 0.0
outer loop
vertex 1.621 -4.195 7.08
vertex 1.621 -4.195 2.0
vertex 1.722 -4.157 2.0
endloop
endfacet
facet normal 0.9956612082761611 0.09305244937160297 -3.253825883153395e-17
outer loop
vertex 1.646 -4.3919999999999995 7.08
vertex 1.646 -4.392000000000001 2.0
vertex 1.636 -4.285 2.0
endloop
endfacet
facet normal 0.9993148337667671 0.03701166050988072 0.0
outer loop
vertex 1.65 -4.5 7.08
vertex 1.65 -4.5 2.0
vertex 1.646 -4.392000000000001 2.0
endloop
endfacet
facet normal 0.9993148337667671 -0.037011660509880105 1.2942109504780647e-17
outer loop
vertex 1.646 -4.607999999999999 7.08
vertex 1.646 -4.6080000000000005 2.0
vertex 1.65 -4.5 2.0
endloop
endfacet
facet normal -0.0 0.0 1.0
outer loop
vertex 1.621 -4.195 2.0
vertex 1.636 -4.285 2.0
vertex 1.722 -4.157 2.0
endloop
endfacet
facet normal 0.0 -0.0 -1.0
outer loop
vertex 1.977 -5.824 0.0
vertex 3.317 -9.611358301635656e-16 0.0
vertex 2.354 -5.682 0.0
endloop
endfacet
facet normal 0.0 -0.0 -1.0
outer loop
vertex 2.354 -5.682 0.0
vertex 3.317 -9.611358301635656e-16 0.0
vertex 2.72 -5.516 0.0
endloop
endfacet
facet normal 0.0 -0.0 -1.0
outer loop
vertex 2.72 -5.516 0.0
vertex 3.317 -9.611358301635656e-16 0.0
vertex 3.075 -5.3260000000000005 0.0
endloop
endfacet
facet normal -0.0 -0.0 1.0
outer loop
vertex 1.99 -4.036 2.0
vertex 3.075 -5.3260000000000005 2.0
vertex 2.25 -3.8970000000000002 2.0
endloop
endfacet
facet normal -0.0 -0.0 1.0
outer loop
vertex 2.25 -3.8970000000000002 2.0
vertex 3.075 -5.3260000000000005 2.0
vertex 2.5 -3.7420000000000004 2.0
endloop
endfacet
facet normal -0.0 -0.0 0.9999999999999999
outer loop
vertex 2.5 -3.7420000000000004 2.0
vertex 3.417 -5.114000000000001 2.0
vertex 2.739 -3.5700000000000003 2.0
endloop
endfacet
facet normal 0.9861437025208729 -0.16589333313434884 5.800900726852456e-17
outer loop
vertex 1.618 -4.821999999999999 7.08
vertex 1.618 -4.822000000000001 2.0
vertex 1.636 -4.715 2.0
endloop
endfacet
facet normal 0.995661208276161 -0.09305244937160452 0.0
outer loop
vertex 1.636 -4.715 7.08
vertex 1.636 -4.715 2.0
vertex 1.646 -4.6080000000000005 2.0
endloop
endfacet
facet normal 0.9748585065718668 -0.22282480150214407 0.0
outer loop
vertex 1.594 -4.927 7.08
vertex 1.594 -4.927 2.0
vertex 1.618 -4.822000000000001 2.0
endloop
endfacet
facet normal 0.9549735887158601 -0.2966908236787097 1.0374582161987592e-16
outer loop
vertex 1.562 -5.029999999999999 7.08
vertex 1.562 -5.030000000000001 2.0
vertex 1.594 -4.927 2.0
endloop
endfacet
facet normal 0.0 0.0 1.0
outer loop
vertex 1.722 -4.157 2.0
vertex 1.636 -4.285 2.0
vertex 2.354 -5.682 2.0
endloop
endfacet
facet normal 0.0 0.0 1.0
outer loop
vertex 1.636 -4.285 2.0
vertex 1.646 -4.392000000000001 2.0
vertex 2.354 -5.682 2.0
endloop
endfacet
facet normal 0.0 0.0 0.9999999999999999
outer loop
vertex 1.646 -4.392000000000001 2.0
vertex 1.65 -4.5 2.0
vertex 2.354 -5.682 2.0
endloop
endfacet
facet normal 0.0 0.0 1.0
outer loop
vertex 1.65 -4.5 2.0
vertex 1.646 -4.6080000000000005 2.0
vertex 2.354 -5.682 2.0
endloop
endfacet
facet normal 0.0 0.0 1.0
outer loop
vertex 1.618 -4.822000000000001 2.0
vertex 1.594 -4.927 2.0
vertex 1.977 -5.824 2.0
endloop
endfacet
facet normal 0.0 0.0 1.0
outer loop
vertex 1.594 -4.927 2.0
vertex 1.562 -5.030000000000001 2.0
vertex 1.977 -5.824 2.0
endloop
endfacet
facet normal -0.0 -0.0 1.0
outer loop
vertex 1.524 -5.131 2.0
vertex 1.977 -5.824 2.0
vertex 1.562 -5.030000000000001 2.0
endloop
endfacet
facet normal 0.0 0.0 0.9999999999999999
outer loop
vertex 1.636 -4.715 2.0
vertex 1.618 -4.822000000000001 2.0
vertex 1.977 -5.824 2.0
endloop
endfacet
facet normal 0.0 0.0 1.0
outer loop
vertex 1.646 -4.6080000000000005 2.0
vertex 1.636 -4.715 2.0
vertex 2.354 -5.682 2.0
endloop
endfacet
facet normal -0.0 -0.0 1.0
outer loop
vertex 1.722 -4.157 2.0
vertex 2.354 -5.682 2.0
vertex 1.99 -4.036 2.0
endloop
endfacet
facet normal -0.0 -0.0 1.0
outer loop
vertex 1.429 -5.325000000000001 2.0
vertex 1.977 -5.824 2.0
vertex 1.48 -5.23 2.0
endloop
endfacet
facet normal 0.0 0.0 1.0
outer loop
vertex 1.524 -5.131 2.0
vertex 1.48 -5.23 2.0
vertex 1.977 -5.824 2.0
endloop
endfacet
facet normal -0.0 0.0 1.0
outer loop
vertex 1.429 -5.325000000000001 2.0
vertex 1.592 -5.940000000000001 2.0
vertex 1.977 -5.824 2.0
endloop
endfacet
facet normal 0.2884884935750798 -0.957483362296589 0.0
outer loop
vertex 1.592 -5.940000000000001 2.0
vertex 1.977 -5.824 0.0
vertex 1.977 -5.824 2.0
endloop
endfacet
facet normal -0.0 0.0 1.0
outer loop
vertex 1.636 -4.715 2.0
vertex 1.977 -5.824 2.0
vertex 2.354 -5.682 2.0
endloop
endfacet
facet normal 0.352483222473658 -0.9358181329054196 0.0
outer loop
vertex 1.977 -5.824 2.0
vertex 2.354 -5.682 0.0
vertex 2.354 -5.682 2.0
endloop
endfacet
facet normal 0.2884884935750798 -0.957483362296589 0.0
outer loop
vertex 1.592 -5.940000000000001 2.0
vertex 1.592 -5.940000000000001 0.0
vertex 1.977 -5.824 0.0
endloop
endfacet
facet normal 0.352483222473658 -0.9358181329054196 0.0
outer loop
vertex 1.977 -5.824 2.0
vertex 1.977 -5.824 0.0
vertex 2.354 -5.682 0.0
endloop
endfacet
facet normal -0.0 0.0 1.0
outer loop
vertex 1.99 -4.036 2.0
vertex 2.72 -5.516 2.0
vertex 3.075 -5.3260000000000005 2.0
endloop
endfacet
facet normal -0.0 0.0 1.0
outer loop
vertex 1.99 -4.036 2.0
vertex 2.354 -5.682 2.0
vertex 2.72 -5.516 2.0
endloop
endfacet
facet normal -0.0 0.0 1.0
outer loop
vertex 2.5 -3.7420000000000004 2.0
vertex 3.075 -5.3260000000000005 2.0
vertex 3.417 -5.114000000000001 2.0
endloop
endfacet
facet normal 0.41305291415450107 -0.9107070275936573 0.0
outer loop
vertex 2.354 -5.682 2.0
vertex 2.72 -5.516 0.0
vertex 2.72 -5.516 2.0
endloop
endfacet
facet normal 0.4718767791278036 -0.8816645083703721 0.0
outer loop
vertex 2.72 -5.516 2.0
vertex 3.075 -5.3260000000000005 0.0
vertex 3.075 -5.3260000000000005 2.0
endloop
endfacet
facet normal 0.41305291415450107 -0.9107070275936573 0.0
outer loop
vertex 2.354 -5.682 2.0
vertex 2.354 -5.682 0.0
vertex 2.72 -5.516 0.0
endloop
endfacet
facet normal 0.4718767791278036 -0.8816645083703721 0.0
outer loop
vertex 2.72 -5.516 2.0
vertex 2.72 -5.516 0.0
vertex 3.075 -5.3260000000000005 0.0
endloop
endfacet
facet normal 0.0 0.0 1.0
outer loop
vertex 4.5 -9.408589636723978e-17 7.08
vertex 4.49 -0.2940000000000001 7.08
vertex 4.5 -1.65 7.08
endloop
endfacet
facet normal 0.0 0.0 1.0
outer loop
vertex 4.49 -0.2940000000000001 7.08
vertex 4.462 -0.5870000000000001 7.08
vertex 4.5 -1.65 7.08
endloop
endfacet
facet normal 0.0 0.0 1.0
outer loop
vertex 4.462 -0.5870000000000001 7.08
vertex 4.414 -0.8780000000000001 7.08
vertex 4.5 -1.65 7.08
endloop
endfacet
facet normal -0.0 0.0 1.0
outer loop
vertex 4.5 -9.408589636723978e-17 7.08
vertex 4.5 -1.65 7.08
vertex 4.608 -1.646 7.08
endloop
endfacet
facet normal -0.0 0.0 1.0
outer loop
vertex 4.5 -9.408589636723978e-17 7.08
vertex 4.608 -1.646 7.08
vertex 4.715 -1.636 7.08
endloop
endfacet
facet normal 0.0 0.0 1.0
outer loop
vertex 4.414 -0.8780000000000001 7.08
vertex 4.347 -1.165 7.08
vertex 4.392 -1.646 7.08
endloop
endfacet
facet normal 0.0 0.0 1.0
outer loop
vertex 4.347 -1.165 7.08
vertex 4.261 -1.446 7.08
vertex 4.392 -1.646 7.08
endloop
endfacet
facet normal 0.0 0.0 1.0
outer loop
vertex 4.414 -0.8780000000000001 7.08
vertex 4.392 -1.646 7.08
vertex 4.5 -1.65 7.08
endloop
endfacet
facet normal 0.7732012755606448 -0.6341606953063172 7.509971255907966e-17
outer loop
vertex 3.383 -2.9669999999999987 17.0
vertex 3.383 -2.9670000000000005 2.0
vertex 3.57 -2.7390000000000003 2.0
endloop
endfacet
facet normal 0.8116631508985099 -0.5841257822365854 6.917438855639865e-17
outer loop
vertex 3.57 -2.7389999999999985 17.0
vertex 3.57 -2.7390000000000003 2.0
vertex 3.742 -2.5000000000000004 2.0
endloop
endfacet
facet normal 0.8499026917123798 -0.5269396688616748 6.240219231558261e-17
outer loop
vertex 3.742 -2.4999999999999987 17.0
vertex 3.742 -2.5000000000000004 2.0
vertex 3.897 -2.2500000000000004 2.0
endloop
endfacet
facet normal 0.9359477990383261 -0.35213877587580833 4.170160819633494e-17
outer loop
vertex 4.157 -1.7219999999999989 17.0
vertex 4.157 -1.7220000000000006 2.0
vertex 4.195 -1.6210000000000007 2.0
endloop
endfacet
facet normal 0.9114117455455921 -0.41149560153364567 4.8730868411160775e-17
outer loop
vertex 4.036 -1.9899999999999989 17.0
vertex 4.036 -1.9900000000000007 2.0
vertex 4.157 -1.7220000000000006 2.0
endloop
endfacet
facet normal 0.8818830408163559 -0.4714682410518207 5.583305563682717e-17
outer loop
vertex 3.897 -2.2499999999999987 17.0
vertex 3.897 -2.2500000000000004 2.0
vertex 4.036 -1.9900000000000007 2.0
endloop
endfacet
facet normal 0.0 0.0 1.0
outer loop
vertex 4.261 -1.446 7.08
vertex 4.195 -1.621 7.08
vertex 4.285 -1.636 7.08
endloop
endfacet
facet normal 0.0 0.0 1.0
outer loop
vertex 4.261 -1.446 7.08
vertex 4.285 -1.636 7.08
vertex 4.392 -1.646 7.08
endloop
endfacet
facet normal -0.16439898730535651 -0.9863939238321439 1.2934455656560618e-16
outer loop
vertex 4.195 -1.621 7.08
vertex 4.195 -1.6210000000000007 2.0
vertex 4.285 -1.636 7.08
endloop
endfacet
facet normal -0.09305244937160374 -0.995661208276161 1.305597635615312e-16
outer loop
vertex 4.285 -1.636 7.08
vertex 4.392 -1.6460000000000006 2.0
vertex 4.392 -1.646 7.08
endloop
endfacet
facet normal -0.03701166050988042 -0.9993148337667671 1.310388587359046e-16
outer loop
vertex 4.392 -1.646 7.08
vertex 4.5 -1.6500000000000006 2.0
vertex 4.5 -1.65 7.08
endloop
endfacet
facet normal 0.03701166050988042 -0.9993148337667671 1.310388587359046e-16
outer loop
vertex 4.5 -1.65 7.08
vertex 4.608 -1.6460000000000006 2.0
vertex 4.608 -1.646 7.08
endloop
endfacet
facet normal -0.0 0.0 1.0
outer loop
vertex 4.5 -9.408589636723978e-17 7.08
vertex 5.667 -1.167 7.08
vertex 5.741 -1.088 7.08
endloop
endfacet
facet normal -0.0 0.0 1.0
outer loop
vertex 4.5 -9.408589636723978e-17 7.08
vertex 5.741 -1.088 7.08
vertex 5.809 -1.004 7.08
endloop
endfacet
facet normal -0.0 0.0 1.0
outer loop
vertex 4.5 -9.408589636723978e-17 7.08
vertex 4.715 -1.636 7.08
vertex 4.822 -1.618 7.08
endloop
endfacet
facet normal -0.0 0.0 1.0
outer loop
vertex 4.5 -9.408589636723978e-17 7.08
vertex 4.822 -1.618 7.08
vertex 4.927 -1.594 7.08
endloop
endfacet
facet normal -0.0 0.0 0.9999999999999999
outer loop
vertex 4.5 -9.408589636723978e-17 7.08
vertex 4.927 -1.594 7.08
vertex 5.03 -1.562 7.08
endloop
endfacet
facet normal -0.0 0.0 1.0
outer loop
vertex 4.5 -9.408589636723978e-17 7.08
vertex 5.03 -1.562 7.08
vertex 5.131 -1.524 7.08
endloop
endfacet
facet normal -0.0 0.0 1.0
outer loop
vertex 4.5 -9.408589636723978e-17 7.08
vertex 5.131 -1.524 7.08
vertex 5.23 -1.48 7.08
endloop
endfacet
facet normal -0.0 0.0 0.9999999999999999
outer loop
vertex 4.5 -9.408589636723978e-17 7.08
vertex 5.325 -1.429 7.08
vertex 5.417 -1.372 7.08
endloop
endfacet
facet normal -0.0 0.0 1.0
outer loop
vertex 4.5 -9.408589636723978e-17 7.08
vertex 5.417 -1.372 7.08
vertex 5.504 -1.309 7.08
endloop
endfacet
facet normal -0.0 0.0 1.0
outer loop
vertex 4.5 -9.408589636723978e-17 7.08
vertex 5.23 -1.48 7.08
vertex 5.325 -1.429 7.08
endloop
endfacet
facet normal -0.0 0.0 1.0
outer loop
vertex 4.5 -9.408589636723978e-17 7.08
vertex 5.504 -1.309 7.08
vertex 5.588 -1.241 7.08
endloop
endfacet
facet normal -0.0 0.0 1.0
outer loop
vertex 4.5 -9.408589636723978e-17 7.08
vertex 5.588 -1.241 7.08
vertex 5.667 -1.167 7.08
endloop
endfacet
facet normal -0.0 0.0 1.0
outer loop
vertex 4.5 -9.408589636723978e-17 7.08
vertex 6.094 -0.4270000000000001 7.08
vertex 6.118 -0.3220000000000001 7.08
endloop
endfacet
facet normal -0.0 0.0 1.0
outer loop
vertex 4.5 -9.408589636723978e-17 7.08
vertex 6.062 -0.5300000000000001 7.08
vertex 6.094 -0.4270000000000001 7.08
endloop
endfacet
facet normal -0.0 0.0 1.0
outer loop
vertex 4.5 -9.408589636723978e-17 7.08
vertex 6.146 -0.1080000000000001 7.08
vertex 6.15 -9.408589636723978e-17 7.08
endloop
endfacet
facet normal -0.0 0.0 1.0
outer loop
vertex 4.5 -9.408589636723978e-17 7.08
vertex 6.136 -0.2150000000000001 7.08
vertex 6.146 -0.1080000000000001 7.08
endloop
endfacet
facet normal -0.0 0.0 1.0
outer loop
vertex 4.5 -9.408589636723978e-17 7.08
vertex 6.118 -0.3220000000000001 7.08
vertex 6.136 -0.2150000000000001 7.08
endloop
endfacet
facet normal -0.0 0.0 1.0
outer loop
vertex 4.5 -9.408589636723978e-17 7.08
vertex 5.929 -0.8250000000000001 7.08
vertex 5.98 -0.7300000000000001 7.08
endloop
endfacet
facet normal -0.0 0.0 1.0
outer loop
vertex 4.5 -9.408589636723978e-17 7.08
vertex 5.98 -0.7300000000000001 7.08
vertex 6.024 -0.6310000000000001 7.08
endloop
endfacet
facet normal -0.0 0.0 1.0
outer loop
vertex 4.5 -9.408589636723978e-17 7.08
vertex 6.024 -0.6310000000000001 7.08
vertex 6.062 -0.5300000000000001 7.08
endloop
endfacet
facet normal -0.0 0.0 1.0
outer loop
vertex 4.5 -9.408589636723978e-17 7.08
vertex 5.809 -1.004 7.08
vertex 5.872 -0.9170000000000001 7.08
endloop
endfacet
facet normal -0.0 0.0 1.0
outer loop
vertex 4.5 -9.408589636723978e-17 7.08
vertex 5.872 -0.9170000000000001 7.08
vertex 5.929 -0.8250000000000001 7.08
endloop
endfacet
facet normal 0.35213877587580655 -0.9359477990383268 1.2262203067187105e-16
outer loop
vertex 5.131 -1.524 7.08
vertex 5.03 -1.562 7.08
vertex 5.131 -1.5240000000000007 2.0
endloop
endfacet
facet normal 0.40613846605344717 -0.9138115486202573 1.198269237929032e-16
outer loop
vertex 5.131 -1.524 7.08
vertex 5.23 -1.4800000000000006 2.0
vertex 5.23 -1.48 7.08
endloop
endfacet
facet normal 0.47299333031370117 -0.8810660074470892 1.1553304342704542e-16
outer loop
vertex 5.23 -1.48 7.08
vertex 5.325 -1.4290000000000007 2.0
vertex 5.325 -1.429 7.08
endloop
endfacet
facet normal 0.9993148337667669 -0.03701166050988439 4.542061136016176e-18
outer loop
vertex 6.15 -9.408589636723978e-17 7.08
vertex 6.146 -0.1080000000000001 7.08
vertex 6.15 -7.162064703340953e-16 2.0
endloop
endfacet
facet normal 0.9956612082761612 -0.09305244937160187 1.1121475186559562e-17
outer loop
vertex 6.146 -0.1080000000000001 7.08
vertex 6.136 -0.2150000000000001 7.08
vertex 6.146 -0.1080000000000007 2.0
endloop
endfacet
facet normal 0.9861437025208727 -0.1658933331343505 1.9669937903010322e-17
outer loop
vertex 6.136 -0.2150000000000001 7.08
vertex 6.118 -0.3220000000000001 7.08
vertex 6.136 -0.21500000000000072 2.0
endloop
endfacet
facet normal 0.9748585065718672 -0.22282480150214132 2.694869603562097e-17
outer loop
vertex 6.118 -0.3220000000000001 7.08
vertex 6.094 -0.4270000000000001 7.08
vertex 6.118 -0.32200000000000073 2.0
endloop
endfacet
facet normal 0.9359477990383263 -0.3521387758758084 4.588437276753881e-17
outer loop
vertex 6.062 -0.5300000000000001 7.08
vertex 6.024 -0.6310000000000001 7.08
vertex 6.062 -0.5300000000000008 2.0
endloop
endfacet
facet normal 0.9549735887158589 -0.29669082367871363 3.561830118480282e-17
outer loop
vertex 6.094 -0.4270000000000001 7.08
vertex 6.062 -0.5300000000000001 7.08
vertex 6.094 -0.4270000000000007 2.0
endloop
endfacet
facet normal 0.9138115486202586 -0.4061384660534446 5.358421992001677e-17
outer loop
vertex 6.024 -0.6310000000000001 7.08
vertex 5.98 -0.7300000000000001 7.08
vertex 6.024 -0.6310000000000008 2.0
endloop
endfacet
facet normal 0.8810660074470887 -0.4729933303137019 6.175697222662789e-17
outer loop
vertex 5.98 -0.7300000000000001 7.08
vertex 5.929 -0.8250000000000001 7.08
vertex 5.98 -0.7300000000000008 2.0
endloop
endfacet
facet normal 0.7298252359078823 -0.6836337652808 8.990900440435785e-17
outer loop
vertex 5.741 -1.088 7.08
vertex 5.667 -1.167 7.08
vertex 5.741 -1.0880000000000007 2.0
endloop
endfacet
facet normal 0.5865098121518451 -0.8099421215430195 1.049095963661047e-16
outer loop
vertex 5.504 -1.309 7.08
vertex 5.417 -1.372 7.08
vertex 5.504 -1.3090000000000006 2.0
endloop
endfacet
facet normal 0.6291982286679613 -0.7772448707074882 1.0191911235014838e-16
outer loop
vertex 5.504 -1.309 7.08
vertex 5.588 -1.2410000000000008 2.0
vertex 5.588 -1.241 7.08
endloop
endfacet
facet normal 0.5266726717167618 -0.8500681718937183 1.1146833743355372e-16
outer loop
vertex 5.325 -1.429 7.08
vertex 5.417 -1.3720000000000008 2.0
vertex 5.417 -1.372 7.08
endloop
endfacet
facet normal 0.6836337652808022 -0.7298252359078803 9.570103710914354e-17
outer loop
vertex 5.588 -1.241 7.08
vertex 5.667 -1.1670000000000007 2.0
vertex 5.667 -1.167 7.08
endloop
endfacet
facet normal 0.8099421215430218 -0.5865098121518417 7.629788826625808e-17
outer loop
vertex 5.872 -0.9170000000000001 7.08
vertex 5.809 -1.004 7.08
vertex 5.872 -0.9170000000000008 2.0
endloop
endfacet
facet normal 0.8500681718937174 -0.5266726717167627 6.941529165359423e-17
outer loop
vertex 5.929 -0.8250000000000001 7.08
vertex 5.872 -0.9170000000000001 7.08
vertex 5.929 -0.8250000000000007 2.0
endloop
endfacet
facet normal 0.7772448707074836 -0.629198228667967 8.250594809297731e-17
outer loop
vertex 5.741 -1.088 7.08
vertex 5.809 -1.0040000000000007 2.0
vertex 5.809 -1.004 7.08
endloop
endfacet
facet normal 0.09305244937160374 -0.995661208276161 1.305597635615312e-16
outer loop
vertex 4.608 -1.646 7.08
vertex 4.715 -1.6360000000000006 2.0
vertex 4.715 -1.636 7.08
endloop
endfacet
facet normal 0.1658933331343502 -0.9861437025208727 1.2931174536942211e-16
outer loop
vertex 4.715 -1.636 7.08
vertex 4.822 -1.6180000000000008 2.0
vertex 4.822 -1.618 7.08
endloop
endfacet
facet normal 0.2228248015021422 -0.9748585065718669 1.2783193225367492e-16
outer loop
vertex 4.822 -1.618 7.08
vertex 4.927 -1.5940000000000007 2.0
vertex 4.927 -1.594 7.08
endloop
endfacet
facet normal 0.296690823678712 -0.9549735887158594 1.2522444875211753e-16
outer loop
vertex 4.927 -1.594 7.08
vertex 5.03 -1.5620000000000007 2.0
vertex 5.03 -1.562 7.08
endloop
endfacet
facet normal -0.16439898730535651 -0.9863939238321439 1.2912000004379111e-16
outer loop
vertex 4.285 -1.636 7.08
vertex 4.195 -1.6210000000000007 2.0
vertex 4.285 -1.6360000000000006 2.0
endloop
endfacet
facet normal -0.09305244937160374 -0.995661208276161 1.305597635615312e-16
outer loop
vertex 4.285 -1.636 7.08
vertex 4.285 -1.6360000000000006 2.0
vertex 4.392 -1.6460000000000006 2.0
endloop
endfacet
facet normal -0.03701166050988042 -0.9993148337667671 1.310388587359046e-16
outer loop
vertex 4.392 -1.646 7.08
vertex 4.392 -1.6460000000000006 2.0
vertex 4.5 -1.6500000000000006 2.0
endloop
endfacet
facet normal 0.03701166050988042 -0.9993148337667671 1.310388587359046e-16
outer loop
vertex 4.5 -1.65 7.08
vertex 4.5 -1.6500000000000006 2.0
vertex 4.608 -1.6460000000000006 2.0
endloop
endfacet
facet normal -0.0 0.0 0.9999999999999999
outer loop
vertex 4.195 -1.6210000000000007 2.0
vertex 4.157 -1.7220000000000006 2.0
vertex 4.285 -1.6360000000000006 2.0
endloop
endfacet
facet normal 0.0 0.0 1.0
outer loop
vertex 4.157 -1.7220000000000006 2.0
vertex 4.036 -1.9900000000000007 2.0
vertex 5.516 -2.7200000000000006 2.0
endloop
endfacet
facet normal 0.0 0.0 -1.0
outer loop
vertex 5.114 -3.4170000000000007 0.0
vertex 3.317 -9.611358301635656e-16 0.0
vertex 5.326 -3.075000000000001 0.0
endloop
endfacet
facet normal 0.0 0.0 0.9999999999999999
outer loop
vertex 3.742 -2.5000000000000004 2.0
vertex 3.57 -2.7390000000000003 2.0
vertex 5.114 -3.4170000000000003 2.0
endloop
endfacet
facet normal 0.0 0.0 1.0
outer loop
vertex 4.036 -1.9900000000000007 2.0
vertex 3.897 -2.2500000000000004 2.0
vertex 5.326 -3.0750000000000006 2.0
endloop
endfacet
facet normal -0.0 -0.0 1.0
outer loop
vertex 3.742 -2.5000000000000004 2.0
vertex 5.114 -3.4170000000000003 2.0
vertex 3.897 -2.2500000000000004 2.0
endloop
endfacet
facet normal -0.0 0.0 -1.0
outer loop
vertex 4.349 -4.349 0.0
vertex 4.055 -4.6240000000000006 0.0
vertex 3.317 -9.611358301635656e-16 0.0
endloop
endfacet
facet normal 0.0 0.0 -1.0
outer loop
vertex 4.349 -4.349 0.0
vertex 3.317 -9.611358301635656e-16 0.0
vertex 4.624 -4.055 0.0
endloop
endfacet
facet normal -0.0 0.0 -1.0
outer loop
vertex 4.879 -3.744000000000001 0.0
vertex 4.624 -4.055 0.0
vertex 3.317 -9.611358301635656e-16 0.0
endloop
endfacet
facet normal 0.0 0.0 -1.0
outer loop
vertex 4.879 -3.744000000000001 0.0
vertex 3.317 -9.611358301635656e-16 0.0
vertex 5.114 -3.4170000000000007 0.0
endloop
endfacet
facet normal 0.40613846605344717 -0.9138115486202573 1.198269237929032e-16
outer loop
vertex 5.131 -1.524 7.08
vertex 5.131 -1.5240000000000007 2.0
vertex 5.23 -1.4800000000000006 2.0
endloop
endfacet
facet normal 0.47299333031370105 -0.8810660074470892 1.1553304342704542e-16
outer loop
vertex 5.23 -1.48 7.08
vertex 5.23 -1.4800000000000006 2.0
vertex 5.325 -1.4290000000000007 2.0
endloop
endfacet
facet normal 0.5266726717167618 -0.8500681718937183 1.1146833743355372e-16
outer loop
vertex 5.325 -1.429 7.08
vertex 5.325 -1.4290000000000007 2.0
vertex 5.417 -1.3720000000000008 2.0
endloop
endfacet
facet normal 0.999314833766767 -0.03701166050988441 4.448850142268864e-18
outer loop
vertex 6.146 -0.1080000000000001 7.08
vertex 6.146 -0.1080000000000007 2.0
vertex 6.15 -7.162064703340953e-16 2.0
endloop
endfacet
facet normal 0.9956612082761612 -0.09305244937160187 1.1185026473339663e-17
outer loop
vertex 6.136 -0.2150000000000001 7.08
vertex 6.136 -0.21500000000000072 2.0
vertex 6.146 -0.1080000000000007 2.0
endloop
endfacet
facet normal 0.9861437025208727 -0.1658933331343505 1.9940596248555516e-17
outer loop
vertex 6.118 -0.3220000000000001 7.08
vertex 6.118 -0.32200000000000073 2.0
vertex 6.136 -0.21500000000000072 2.0
endloop
endfacet
facet normal 0.9748585065718672 -0.22282480150214132 2.6783833424579547e-17
outer loop
vertex 6.094 -0.4270000000000001 7.08
vertex 6.094 -0.4270000000000007 2.0
vertex 6.118 -0.32200000000000073 2.0
endloop
endfacet
facet normal 0.9549735887158589 -0.29669082367871347 3.8904683107453967e-17
outer loop
vertex 6.062 -0.5300000000000001 7.08
vertex 6.062 -0.5300000000000008 2.0
vertex 6.094 -0.4270000000000007 2.0
endloop
endfacet
facet normal 0.9359477990383263 -0.3521387758758084 4.61755012016504e-17
outer loop
vertex 6.024 -0.6310000000000001 7.08
vertex 6.024 -0.6310000000000008 2.0
vertex 6.062 -0.5300000000000008 2.0
endloop
endfacet
facet normal 0.9138115486202586 -0.4061384660534446 5.325641057462323e-17
outer loop
vertex 5.98 -0.7300000000000001 7.08
vertex 5.98 -0.7300000000000008 2.0
vertex 6.024 -0.6310000000000008 2.0
endloop
endfacet
facet normal 0.7298252359078823 -0.6836337652808 8.964400944400797e-17
outer loop
vertex 5.667 -1.167 7.08
vertex 5.667 -1.1670000000000007 2.0
vertex 5.741 -1.0880000000000007 2.0
endloop
endfacet
facet normal 0.7772448707074836 -0.629198228667967 8.250594809297731e-17
outer loop
vertex 5.741 -1.088 7.08
vertex 5.741 -1.0880000000000007 2.0
vertex 5.809 -1.0040000000000007 2.0
endloop
endfacet
facet normal 0.6291982286679613 -0.7772448707074882 1.0191911235014838e-16
outer loop
vertex 5.504 -1.309 7.08
vertex 5.504 -1.3090000000000006 2.0
vertex 5.588 -1.2410000000000008 2.0
endloop
endfacet
facet normal 0.5865098121518451 -0.8099421215430195 1.0620666046663078e-16
outer loop
vertex 5.417 -1.372 7.08
vertex 5.417 -1.3720000000000008 2.0
vertex 5.504 -1.3090000000000006 2.0
endloop
endfacet
facet normal 0.6836337652808022 -0.7298252359078803 9.570103710914354e-17
outer loop
vertex 5.588 -1.241 7.08
vertex 5.588 -1.2410000000000008 2.0
vertex 5.667 -1.1670000000000007 2.0
endloop
endfacet
facet normal 0.8810660074470887 -0.4729933303137019 6.20230022608351e-17
outer loop
vertex 5.929 -0.8250000000000001 7.08
vertex 5.929 -0.8250000000000007 2.0
vertex 5.98 -0.7300000000000008 2.0
endloop
endfacet
facet normal 0.8500681718937174 -0.5266726717167627 6.90619047142673e-17
outer loop
vertex 5.872 -0.9170000000000001 7.08
vertex 5.872 -0.9170000000000008 2.0
vertex 5.929 -0.8250000000000007 2.0
endloop
endfacet
facet normal 0.8099421215430218 -0.5865098121518417 7.69082713723878e-17
outer loop
vertex 5.809 -1.004 7.08
vertex 5.809 -1.0040000000000007 2.0
vertex 5.872 -0.9170000000000008 2.0
endloop
endfacet
facet normal -0.0 0.0 -1.0
outer loop
vertex 6.15 -9.611358301635656e-16 0.0
vertex 6.137 -0.402000000000001 0.0
vertex 3.317 -9.611358301635656e-16 0.0
endloop
endfacet
facet normal -0.0 0.0 -0.9999999999999999
outer loop
vertex 6.137 -0.402000000000001 0.0
vertex 6.097 -0.803000000000001 0.0
vertex 3.317 -9.611358301635656e-16 0.0
endloop
endfacet
facet normal -0.0 0.0 -1.0
outer loop
vertex 6.097 -0.803000000000001 0.0
vertex 6.032 -1.2000000000000008 0.0
vertex 3.317 -9.611358301635656e-16 0.0
endloop
endfacet
facet normal -0.0 0.0 -1.0
outer loop
vertex 5.824 -1.977000000000001 0.0
vertex 5.682 -2.354000000000001 0.0
vertex 3.317 -9.611358301635656e-16 0.0
endloop
endfacet
facet normal -0.0 0.0 -1.0
outer loop
vertex 6.032 -1.2000000000000008 0.0
vertex 5.94 -1.592000000000001 0.0
vertex 3.317 -9.611358301635656e-16 0.0
endloop
endfacet
facet normal -0.0 0.0 -1.0
outer loop
vertex 5.94 -1.592000000000001 0.0
vertex 5.824 -1.977000000000001 0.0
vertex 3.317 -9.611358301635656e-16 0.0
endloop
endfacet
facet normal 0.0 0.0 1.0
outer loop
vertex 6.146 -0.1080000000000007 2.0
vertex 6.136 -0.21500000000000072 2.0
vertex 6.137 -0.40200000000000075 2.0
endloop
endfacet
facet normal 0.0 0.0 1.0
outer loop
vertex 6.136 -0.21500000000000072 2.0
vertex 6.118 -0.32200000000000073 2.0
vertex 6.137 -0.40200000000000075 2.0
endloop
endfacet
facet normal -0.0 0.0 1.0
outer loop
vertex 6.118 -0.32200000000000073 2.0
vertex 6.094 -0.4270000000000007 2.0
vertex 6.137 -0.40200000000000075 2.0
endloop
endfacet
facet normal 0.999314833766767 -0.03701166050988441 4.263613040286489e-18
outer loop
vertex 6.15 -7.162064703340953e-16 2.0
vertex 6.146 -0.1080000000000007 2.0
vertex 6.15 -9.611358301635656e-16 0.0
endloop
endfacet
facet normal 0.9995317141907979 -0.030597909618086803 0.00034677630900513536
outer loop
vertex 6.146 -0.1080000000000007 2.0
vertex 6.137 -0.40200000000000075 2.0
vertex 6.15 -9.611358301635656e-16 0.0
endloop
endfacet
facet normal -0.0 0.0 0.9999999999999999
outer loop
vertex 6.094 -0.4270000000000007 2.0
vertex 6.062 -0.5300000000000008 2.0
vertex 6.137 -0.40200000000000075 2.0
endloop
endfacet
facet normal 0.0 0.0 1.0
outer loop
vertex 6.024 -0.6310000000000008 2.0
vertex 5.98 -0.7300000000000008 2.0
vertex 6.097 -0.8030000000000008 2.0
endloop
endfacet
facet normal 0.0 0.0 1.0
outer loop
vertex 6.137 -0.40200000000000075 2.0
vertex 6.062 -0.5300000000000008 2.0
vertex 6.097 -0.8030000000000008 2.0
endloop
endfacet
facet normal 0.0 0.0 1.0
outer loop
vertex 6.062 -0.5300000000000008 2.0
vertex 6.024 -0.6310000000000008 2.0
vertex 6.097 -0.8030000000000008 2.0
endloop
endfacet
facet normal 0.9950617286968773 -0.09925802780018513 1.2913892325310752e-17
outer loop
vertex 6.137 -0.40200000000000075 2.0
vertex 6.097 -0.8030000000000008 2.0
vertex 6.137 -0.402000000000001 0.0
endloop
endfacet
facet normal 0.9994775266560738 -0.032321412553556576 4.485497050670886e-18
outer loop
vertex 6.137 -0.40200000000000075 2.0
vertex 6.137 -0.402000000000001 0.0
vertex 6.15 -9.611358301635656e-16 0.0
endloop
endfacet
facet normal 0.9950617286968771 -0.09925802780018513 1.101985478426494e-17
outer loop
vertex 6.137 -0.402000000000001 0.0
vertex 6.097 -0.8030000000000008 2.0
vertex 6.097 -0.803000000000001 0.0
endloop
endfacet
facet normal -0.0 -0.0 1.0
outer loop
vertex 5.588 -1.2410000000000008 2.0
vertex 5.94 -1.5920000000000007 2.0
vertex 5.667 -1.1670000000000007 2.0
endloop
endfacet
facet normal 0.0 0.0 1.0
outer loop
vertex 5.504 -1.3090000000000006 2.0
vertex 5.417 -1.3720000000000008 2.0
vertex 5.94 -1.5920000000000007 2.0
endloop
endfacet
facet normal -0.0 -0.0 1.0
outer loop
vertex 5.504 -1.3090000000000006 2.0
vertex 5.94 -1.5920000000000007 2.0
vertex 5.588 -1.2410000000000008 2.0
endloop
endfacet
facet normal -0.0 -0.0 1.0
outer loop
vertex 5.741 -1.0880000000000007 2.0
vertex 6.032 -1.2000000000000006 2.0
vertex 5.809 -1.0040000000000007 2.0
endloop
endfacet
facet normal 0.0 0.0 1.0
outer loop
vertex 5.872 -0.9170000000000008 2.0
vertex 5.809 -1.0040000000000007 2.0
vertex 6.032 -1.2000000000000006 2.0
endloop
endfacet
facet normal 0.0 0.0 1.0
outer loop
vertex 5.929 -0.8250000000000007 2.0
vertex 5.872 -0.9170000000000008 2.0
vertex 6.032 -1.2000000000000006 2.0
endloop
endfacet
facet normal -0.0 0.0 1.0
outer loop
vertex 5.98 -0.7300000000000008 2.0
vertex 5.929 -0.8250000000000007 2.0
vertex 6.097 -0.8030000000000008 2.0
endloop
endfacet
facet normal -0.0 0.0 0.9999999999999999
outer loop
vertex 5.929 -0.8250000000000007 2.0
vertex 6.032 -1.2000000000000006 2.0
vertex 6.097 -0.8030000000000008 2.0
endloop
endfacet
facet normal 0.9868601732113027 -0.16157660266683901 1.7248660050137892e-17
outer loop
vertex 6.097 -0.8030000000000008 2.0
vertex 6.032 -1.2000000000000006 2.0
vertex 6.097 -0.803000000000001 0.0
endloop
endfacet
facet normal 0.0 0.0 1.0
outer loop
vertex 5.741 -1.0880000000000007 2.0
vertex 5.667 -1.1670000000000007 2.0
vertex 5.94 -1.5920000000000007 2.0
endloop
endfacet
facet normal -0.0 0.0 0.9999999999999999
outer loop
vertex 5.741 -1.0880000000000007 2.0
vertex 5.94 -1.5920000000000007 2.0
vertex 6.032 -1.2000000000000006 2.0
endloop
endfacet
facet normal 0.9735472948655235 -0.22848558961129534 2.5849520623116395e-17
outer loop
vertex 6.032 -1.2000000000000006 2.0
vertex 5.94 -1.5920000000000007 2.0
vertex 6.032 -1.2000000000000008 0.0
endloop
endfacet
facet normal 0.9868601732113027 -0.16157660266683901 1.7938606452143514e-17
outer loop
vertex 6.032 -1.2000000000000006 2.0
vertex 6.032 -1.2000000000000008 0.0
vertex 6.097 -0.803000000000001 0.0
endloop
endfacet
facet normal 0.9735472948655235 -0.22848558961129534 2.5366996238151455e-17
outer loop
vertex 6.032 -1.2000000000000008 0.0
vertex 5.94 -1.5920000000000007 2.0
vertex 5.94 -1.592000000000001 0.0
endloop
endfacet
facet normal 0.09305244937160374 -0.995661208276161 1.305597635615312e-16
outer loop
vertex 4.608 -1.646 7.08
vertex 4.608 -1.6460000000000006 2.0
vertex 4.715 -1.6360000000000006 2.0
endloop
endfacet
facet normal 0.1658933331343502 -0.9861437025208727 1.2931174536942211e-16
outer loop
vertex 4.715 -1.636 7.08
vertex 4.715 -1.6360000000000006 2.0
vertex 4.822 -1.6180000000000008 2.0
endloop
endfacet
facet normal 0.2228248015021422 -0.9748585065718669 1.2783193225367492e-16
outer loop
vertex 4.822 -1.618 7.08
vertex 4.822 -1.6180000000000008 2.0
vertex 4.927 -1.5940000000000007 2.0
endloop
endfacet
facet normal 0.296690823678712 -0.9549735887158594 1.2522444875211753e-16
outer loop
vertex 4.927 -1.594 7.08
vertex 4.927 -1.5940000000000007 2.0
vertex 5.03 -1.5620000000000007 2.0
endloop
endfacet
facet normal 0.35213877587580655 -0.9359477990383268 1.2272962161491213e-16
outer loop
vertex 5.03 -1.562 7.08
vertex 5.03 -1.5620000000000007 2.0
vertex 5.131 -1.5240000000000007 2.0
endloop
endfacet
facet normal -0.0 -0.0 0.9999999999999999
outer loop
vertex 4.157 -1.7220000000000006 2.0
vertex 5.682 -2.3540000000000005 2.0
vertex 4.285 -1.6360000000000006 2.0
endloop
endfacet
facet normal -0.0 -0.0 1.0
outer loop
vertex 4.285 -1.6360000000000006 2.0
vertex 5.682 -2.3540000000000005 2.0
vertex 4.392 -1.6460000000000006 2.0
endloop
endfacet
facet normal -0.0 -0.0 1.0
outer loop
vertex 4.392 -1.6460000000000006 2.0
vertex 5.682 -2.3540000000000005 2.0
vertex 4.5 -1.6500000000000006 2.0
endloop
endfacet
facet normal -0.0 -0.0 1.0
outer loop
vertex 4.5 -1.6500000000000006 2.0
vertex 5.682 -2.3540000000000005 2.0
vertex 4.608 -1.6460000000000006 2.0
endloop
endfacet
facet normal -0.0 -0.0 1.0
outer loop
vertex 4.608 -1.6460000000000006 2.0
vertex 5.682 -2.3540000000000005 2.0
vertex 4.715 -1.6360000000000006 2.0
endloop
endfacet
facet normal -0.0 -0.0 0.9999999999999999
outer loop
vertex 4.715 -1.6360000000000006 2.0
vertex 5.682 -2.3540000000000005 2.0
vertex 4.822 -1.6180000000000008 2.0
endloop
endfacet
facet normal -0.0 -0.0 0.9999999999999999
outer loop
vertex 4.822 -1.6180000000000008 2.0
vertex 5.824 -1.9770000000000008 2.0
vertex 4.927 -1.5940000000000007 2.0
endloop
endfacet
facet normal -0.0 -0.0 1.0
outer loop
vertex 4.927 -1.5940000000000007 2.0
vertex 5.824 -1.9770000000000008 2.0
vertex 5.03 -1.5620000000000007 2.0
endloop
endfacet
facet normal 0.0 0.0 1.0
outer loop
vertex 5.131 -1.5240000000000007 2.0
vertex 5.03 -1.5620000000000007 2.0
vertex 5.824 -1.9770000000000008 2.0
endloop
endfacet
facet normal -0.0 0.0 1.0
outer loop
vertex 4.157 -1.7220000000000006 2.0
vertex 5.516 -2.7200000000000006 2.0
vertex 5.682 -2.3540000000000005 2.0
endloop
endfacet
facet normal -0.0 0.0 -1.0
outer loop
vertex 5.682 -2.354000000000001 0.0
vertex 5.516 -2.720000000000001 0.0
vertex 3.317 -9.611358301635656e-16 0.0
endloop
endfacet
facet normal -0.0 0.0 -1.0
outer loop
vertex 5.516 -2.720000000000001 0.0
vertex 5.326 -3.075000000000001 0.0
vertex 3.317 -9.611358301635656e-16 0.0
endloop
endfacet
facet normal -0.0 0.0 1.0
outer loop
vertex 4.036 -1.9900000000000007 2.0
vertex 5.326 -3.0750000000000006 2.0
vertex 5.516 -2.7200000000000006 2.0
endloop
endfacet
facet normal -0.0 0.0 1.0
outer loop
vertex 3.897 -2.2500000000000004 2.0
vertex 5.114 -3.4170000000000003 2.0
vertex 5.326 -3.0750000000000006 2.0
endloop
endfacet
facet normal -0.0 -0.0 1.0
outer loop
vertex 5.23 -1.4800000000000006 2.0
vertex 5.824 -1.9770000000000008 2.0
vertex 5.325 -1.4290000000000007 2.0
endloop
endfacet
facet normal -0.0 -0.0 1.0
outer loop
vertex 5.131 -1.5240000000000007 2.0
vertex 5.824 -1.9770000000000008 2.0
vertex 5.23 -1.4800000000000006 2.0
endloop
endfacet
facet normal -0.0 -0.0 1.0
outer loop
vertex 5.325 -1.4290000000000007 2.0
vertex 5.824 -1.9770000000000008 2.0
vertex 5.417 -1.3720000000000008 2.0
endloop
endfacet
facet normal -0.0 0.0 1.0
outer loop
vertex 5.417 -1.3720000000000008 2.0
vertex 5.824 -1.9770000000000008 2.0
vertex 5.94 -1.5920000000000007 2.0
endloop
endfacet
facet normal -0.0 0.0 1.0
outer loop
vertex 4.822 -1.6180000000000008 2.0
vertex 5.682 -2.3540000000000005 2.0
vertex 5.824 -1.9770000000000008 2.0
endloop
endfacet
facet normal 0.9574833622965897 -0.2884884935750777 3.451363878302547e-17
outer loop
vertex 5.94 -1.5920000000000007 2.0
vertex 5.824 -1.9770000000000008 2.0
vertex 5.94 -1.592000000000001 0.0
endloop
endfacet
facet normal 0.9358181329054195 -0.3524832224736582 3.4448502586648614e-17
outer loop
vertex 5.824 -1.9770000000000008 2.0
vertex 5.682 -2.3540000000000005 2.0
vertex 5.824 -1.977000000000001 0.0
endloop
endfacet
facet normal 0.9358181329054196 -0.352483222473658 7.82669978768653e-17
outer loop
vertex 5.824 -1.977000000000001 0.0
vertex 5.682 -2.3540000000000005 2.0
vertex 5.682 -2.354000000000001 0.0
endloop
endfacet
facet normal 0.9574833622965897 -0.2884884935750777 3.202865679064778e-17
outer loop
vertex 5.824 -1.9770000000000008 2.0
vertex 5.824 -1.977000000000001 0.0
vertex 5.94 -1.592000000000001 0.0
endloop
endfacet
facet normal 0.9107070275936573 -0.41305291415450107 8.632922734993304e-17
outer loop
vertex 5.682 -2.3540000000000005 2.0
vertex 5.516 -2.7200000000000006 2.0
vertex 5.682 -2.354000000000001 0.0
endloop
endfacet
facet normal 0.8816645083703712 -0.4718767791278053 1.0339903913953576e-16
outer loop
vertex 5.516 -2.7200000000000006 2.0
vertex 5.326 -3.0750000000000006 2.0
vertex 5.516 -2.720000000000001 0.0
endloop
endfacet
facet normal 0.9107070275936573 -0.41305291415450107 9.171617113656906e-17
outer loop
vertex 5.516 -2.7200000000000006 2.0
vertex 5.516 -2.720000000000001 0.0
vertex 5.682 -2.354000000000001 0.0
endloop
endfacet
facet normal 0.8816645083703712 -0.4718767791278053 1.0477769299472979e-16
outer loop
vertex 5.516 -2.720000000000001 0.0
vertex 5.326 -3.0750000000000006 2.0
vertex 5.326 -3.075000000000001 0.0
endloop
endfacet
facet normal 0.7304900913464076 -0.6829232947005958 8.087436435514374e-17
outer loop
vertex 3.182 -3.1819999999999986 17.0
vertex 3.182 -3.1820000000000004 2.0
vertex 3.383 -2.9670000000000005 2.0
endloop
endfacet
facet normal -0.0 -0.0 1.0
outer loop
vertex 2.967 -3.3830000000000005 2.0
vertex 4.055 -4.6240000000000006 2.0
vertex 3.182 -3.1820000000000004 2.0
endloop
endfacet
facet normal 0.0 0.0 1.0
outer loop
vertex 3.383 -2.9670000000000005 2.0
vertex 3.182 -3.1820000000000004 2.0
vertex 4.624 -4.055 2.0
endloop
endfacet
facet normal 0.0 0.0 -1.0
outer loop
vertex 3.075 -5.3260000000000005 0.0
vertex 3.317 -9.611358301635656e-16 0.0
vertex 3.417 -5.114000000000001 0.0
endloop
endfacet
facet normal 0.0 0.0 -1.0
outer loop
vertex 3.417 -5.114000000000001 0.0
vertex 3.317 -9.611358301635656e-16 0.0
vertex 3.744 -4.879 0.0
endloop
endfacet
facet normal 0.0 0.0 -0.9999999999999999
outer loop
vertex 3.744 -4.879 0.0
vertex 3.317 -9.611358301635656e-16 0.0
vertex 4.055 -4.6240000000000006 0.0
endloop
endfacet
facet normal 0.0 0.0 1.0
outer loop
vertex 2.967 -3.3830000000000005 2.0
vertex 2.739 -3.5700000000000003 2.0
vertex 3.744 -4.879 2.0
endloop
endfacet
facet normal -0.0 0.0 1.0
outer loop
vertex 2.739 -3.5700000000000003 2.0
vertex 3.417 -5.114000000000001 2.0
vertex 3.744 -4.879 2.0
endloop
endfacet
facet normal -0.0 0.0 1.0
outer loop
vertex 2.967 -3.3830000000000005 2.0
vertex 3.744 -4.879 2.0
vertex 4.055 -4.6240000000000006 2.0
endloop
endfacet
facet normal -0.0 -0.0 1.0
outer loop
vertex 3.383 -2.9670000000000005 2.0
vertex 4.879 -3.7440000000000007 2.0
vertex 3.57 -2.7390000000000003 2.0
endloop
endfacet
facet normal -0.0 0.0 1.0
outer loop
vertex 3.57 -2.7390000000000003 2.0
vertex 4.879 -3.7440000000000007 2.0
vertex 5.114 -3.4170000000000003 2.0
endloop
endfacet
facet normal -0.0 0.0 1.0
outer loop
vertex 3.383 -2.9670000000000005 2.0
vertex 4.624 -4.055 2.0
vertex 4.879 -3.7440000000000007 2.0
endloop
endfacet
facet normal -0.0 0.0 1.0
outer loop
vertex 3.182 -3.1820000000000004 2.0
vertex 4.055 -4.6240000000000006 2.0
vertex 4.349 -4.349 2.0
endloop
endfacet
facet normal -0.0 0.0 1.0
outer loop
vertex 3.182 -3.1820000000000004 2.0
vertex 4.349 -4.349 2.0
vertex 4.624 -4.055 2.0
endloop
endfacet
facet normal 0.7303113886936229 -0.6831143941862095 0.0
outer loop
vertex 4.349 -4.349 2.0
vertex 4.624 -4.055 0.0
vertex 4.624 -4.055 2.0
endloop
endfacet
facet normal 0.6831143941862107 -0.7303113886936218 0.0
outer loop
vertex 4.349 -4.349 2.0
vertex 4.055 -4.6240000000000006 2.0
vertex 4.349 -4.349 0.0
endloop
endfacet
facet normal 0.6831143941862107 -0.7303113886936218 0.0
outer loop
vertex 4.349 -4.349 0.0
vertex 4.055 -4.6240000000000006 2.0
vertex 4.055 -4.6240000000000006 0.0
endloop
endfacet
facet normal 0.7303113886936229 -0.6831143941862095 0.0
outer loop
vertex 4.349 -4.349 2.0
vertex 4.349 -4.349 0.0
vertex 4.624 -4.055 0.0
endloop
endfacet
facet normal 0.52686786040031 -0.8499472087589908 0.0
outer loop
vertex 3.075 -5.3260000000000005 2.0
vertex 3.417 -5.114000000000001 0.0
vertex 3.417 -5.114000000000001 2.0
endloop
endfacet
facet normal 0.5835848770794835 -0.812052148106342 0.0
outer loop
vertex 3.417 -5.114000000000001 2.0
vertex 3.744 -4.879 0.0
vertex 3.744 -4.879 2.0
endloop
endfacet
facet normal 0.52686786040031 -0.8499472087589908 0.0
outer loop
vertex 3.075 -5.3260000000000005 2.0
vertex 3.075 -5.3260000000000005 0.0
vertex 3.417 -5.114000000000001 0.0
endloop
endfacet
facet normal 0.5835848770794835 -0.812052148106342 0.0
outer loop
vertex 3.417 -5.114000000000001 2.0
vertex 3.417 -5.114000000000001 0.0
vertex 3.744 -4.879 0.0
endloop
endfacet
facet normal 0.6340498523877258 -0.7732921729120908 0.0
outer loop
vertex 3.744 -4.879 2.0
vertex 4.055 -4.6240000000000006 0.0
vertex 4.055 -4.6240000000000006 2.0
endloop
endfacet
facet normal 0.6340498523877258 -0.7732921729120908 0.0
outer loop
vertex 3.744 -4.879 2.0
vertex 3.744 -4.879 0.0
vertex 4.055 -4.6240000000000006 0.0
endloop
endfacet
facet normal 0.8499472087589908 -0.52686786040031 1.1698816591028338e-16
outer loop
vertex 5.114 -3.4170000000000003 2.0
vertex 5.326 -3.075000000000001 0.0
vertex 5.326 -3.0750000000000006 2.0
endloop
endfacet
facet normal 0.812052148106343 -0.583584877079482 1.2958187347133655e-16
outer loop
vertex 4.879 -3.7440000000000007 2.0
vertex 5.114 -3.4170000000000007 0.0
vertex 5.114 -3.4170000000000003 2.0
endloop
endfacet
facet normal 0.812052148106343 -0.583584877079482 1.2958187347133655e-16
outer loop
vertex 4.879 -3.7440000000000007 2.0
vertex 4.879 -3.744000000000001 0.0
vertex 5.114 -3.4170000000000007 0.0
endloop
endfacet
facet normal 0.8499472087589908 -0.52686786040031 1.1698816591028338e-16
outer loop
vertex 5.114 -3.4170000000000003 2.0
vertex 5.114 -3.4170000000000007 0.0
vertex 5.326 -3.075000000000001 0.0
endloop
endfacet
facet normal 0.7732921729120894 -0.6340498523877277 1.3802681272177203e-16
outer loop
vertex 4.879 -3.7440000000000007 2.0
vertex 4.624 -4.055 2.0
vertex 4.879 -3.744000000000001 0.0
endloop
endfacet
facet normal 0.773292172912089 -0.6340498523877283 0.0
outer loop
vertex 4.879 -3.744000000000001 0.0
vertex 4.624 -4.055 2.0
vertex 4.624 -4.055 0.0
endloop
endfacet
facet normal 0.30883086216636596 -0.9511169741801369 1.1180667852493396e-16
outer loop
vertex 1.025 3.1540000000000012 17.0
vertex -2.683 1.950000000000001 17.0
vertex -2.683 1.949999999999999 0.0
endloop
endfacet
facet normal 1.0 -0.0 0.0
outer loop
vertex -2.683 1.950000000000001 17.0
vertex -2.683 -1.9500000000000008 0.0
vertex -2.683 1.949999999999999 0.0
endloop
endfacet
facet normal 0.3088308621663659 -0.9511169741801369 1.2422964280548218e-16
outer loop
vertex -2.683 1.949999999999999 0.0
vertex 1.025 3.153999999999999 0.0
vertex 1.025 3.1540000000000012 17.0
endloop
endfacet
facet normal 1.0 0.0 0.0
outer loop
vertex -2.683 1.950000000000001 17.0
vertex -2.683 -1.9499999999999988 17.0
vertex -2.683 -1.9500000000000008 0.0
endloop
endfacet
facet normal 0.30883086216636585 0.9511169741801369 -1.2422964280548218e-16
outer loop
vertex -2.683 -1.9499999999999988 17.0
vertex 1.025 -3.1539999999999986 17.0
vertex 1.025 -3.154000000000001 0.0
endloop
endfacet
facet normal 0.3088308621663659 0.9511169741801369 -1.0721004772857146e-16
outer loop
vertex -2.683 -1.9499999999999988 17.0
vertex 1.025 -3.154000000000001 0.0
vertex -2.683 -1.9500000000000008 0.0
endloop
endfacet
facet normal -0.8089578527929001 -0.5878666450860265 7.678389232748844e-17
outer loop
vertex 3.317 1.1207637283869347e-15 17.0
vertex 1.025 3.1540000000000012 17.0
vertex 1.025 3.153999999999999 0.0
endloop
endfacet
facet normal -0.8089578527929001 -0.5878666450860265 7.199290052300954e-17
outer loop
vertex 1.025 3.153999999999999 0.0
vertex 3.317 -9.611358301635656e-16 0.0
vertex 3.317 1.1207637283869347e-15 17.0
endloop
endfacet
facet normal -0.8089578527929001 0.5878666450860265 -7.199290052300954e-17
outer loop
vertex 1.025 -3.1539999999999986 17.0
vertex 3.317 1.1207637283869347e-15 17.0
vertex 3.317 -9.611358301635656e-16 0.0
endloop
endfacet
facet normal -0.8089578527929001 0.5878666450860265 -7.678389232748844e-17
outer loop
vertex 3.317 -9.611358301635656e-16 0.0
vertex 1.025 -3.154000000000001 0.0
vertex 1.025 -3.1539999999999986 17.0
endloop
endfacet

endsolid
