solid 
facet normal 0.0 0.0 -1.0
outer loop
vertex 21.65 0.0 0.0
vertex 21.624 1.062 0.0
vertex 35.0 0.0 0.0
endloop
endfacet
facet normal 0.0 0.0 -1.0
outer loop
vertex 35.0 0.0 0.0
vertex 21.624 1.062 0.0
vertex 34.958 1.717 0.0
endloop
endfacet
facet normal 0.9997009573366754 0.024453954693151987 0.0
outer loop
vertex 35.0 0.0 0.0
vertex 34.958 1.717 0.0
vertex 35.0 0.0 3.0
endloop
endfacet
facet normal 0.9997009573366754 0.024453954693151987 -0.0
outer loop
vertex 35.0 0.0 3.0
vertex 34.958 1.717 0.0
vertex 34.958 1.717 3.0
endloop
endfacet
facet normal 0.0 0.0 1.0
outer loop
vertex 35.0 0.0 3.0
vertex 34.958 1.717 3.0
vertex 29.85 0.0 3.0
endloop
endfacet
facet normal 0.0 -0.0 0.9999999999999999
outer loop
vertex 29.85 0.0 3.0
vertex 34.958 1.717 3.0
vertex 29.814 1.465 3.0
endloop
endfacet
facet normal 0.9996982111959187 0.024565962868979135 0.0
outer loop
vertex 29.85 0.0 3.0
vertex 29.814 1.465 3.0
vertex 29.85 0.0 52.0
endloop
endfacet
facet normal 0.9996982111959187 0.024565962868979135 -0.0
outer loop
vertex 29.85 0.0 52.0
vertex 29.814 1.465 3.0
vertex 29.814 1.465 52.0
endloop
endfacet
facet normal 0.7070000585776778 0.01737338027904257 0.7070000585776778
outer loop
vertex 29.85 0.0 52.0
vertex 29.814 1.465 52.0
vertex 28.85 0.0 53.0
endloop
endfacet
facet normal 0.7069241856662102 0.017473408544009503 0.7070734584991996
outer loop
vertex 28.85 0.0 53.0
vertex 29.814 1.465 52.0
vertex 28.815 1.416 53.0
endloop
endfacet
facet normal 0.0 0.0 1.0
outer loop
vertex 28.85 0.0 53.0
vertex 28.815 1.416 53.0
vertex 22.65 0.0 53.0
endloop
endfacet
facet normal 0.0 -0.0 1.0
outer loop
vertex 22.65 0.0 53.0
vertex 28.815 1.416 53.0
vertex 22.623 1.111 53.0
endloop
endfacet
facet normal -0.7070023985535282 -0.017181876472496378 0.7070023985535282
outer loop
vertex 22.65 0.0 53.0
vertex 22.623 1.111 53.0
vertex 21.65 0.0 52.0
endloop
endfacet
facet normal -0.7069303074183102 -0.017307145002708028 0.7070714272160263
outer loop
vertex 21.65 0.0 52.0
vertex 22.623 1.111 53.0
vertex 21.624 1.062 52.0
endloop
endfacet
facet normal -0.9997004478149234 -0.024474775558557257 0.0
outer loop
vertex 21.65 0.0 52.0
vertex 21.624 1.062 52.0
vertex 21.65 0.0 0.0
endloop
endfacet
facet normal -0.9997004478149234 -0.024474775558557257 -0.0
outer loop
vertex 21.65 0.0 0.0
vertex 21.624 1.062 52.0
vertex 21.624 1.062 0.0
endloop
endfacet
facet normal 0.0 0.0 -1.0
outer loop
vertex 21.624 1.062 0.0
vertex 21.546 2.122 0.0
vertex 34.958 1.717 0.0
endloop
endfacet
facet normal 0.0 0.0 -0.9999999999999999
outer loop
vertex 34.958 1.717 0.0
vertex 21.546 2.122 0.0
vertex 34.831 3.431 0.0
endloop
endfacet
facet normal 0.9972661666805244 0.07389311736780745 0.0
outer loop
vertex 34.958 1.717 0.0
vertex 34.831 3.431 0.0
vertex 34.958 1.717 3.0
endloop
endfacet
facet normal 0.9972661666805244 0.07389311736780745 -0.0
outer loop
vertex 34.958 1.717 3.0
vertex 34.831 3.431 0.0
vertex 34.831 3.431 3.0
endloop
endfacet
facet normal 0.0 0.0 1.0
outer loop
vertex 34.958 1.717 3.0
vertex 34.831 3.431 3.0
vertex 29.814 1.465 3.0
endloop
endfacet
facet normal 0.0 -0.0 1.0
outer loop
vertex 29.814 1.465 3.0
vertex 34.831 3.431 3.0
vertex 29.706 2.926 3.0
endloop
endfacet
facet normal 0.9972789179472297 0.07372082350328635 0.0
outer loop
vertex 29.814 1.465 3.0
vertex 29.706 2.926 3.0
vertex 29.814 1.465 52.0
endloop
endfacet
facet normal 0.9972789179472297 0.07372082350328635 -0.0
outer loop
vertex 29.814 1.465 52.0
vertex 29.706 2.926 3.0
vertex 29.706 2.926 52.0
endloop
endfacet
facet normal 0.7052200756102701 0.052131258155995584 0.7070692871843027
outer loop
vertex 29.814 1.465 52.0
vertex 29.706 2.926 52.0
vertex 28.815 1.416 53.0
endloop
endfacet
facet normal 0.7053691022281308 0.0519535316088722 0.7069337028146604
outer loop
vertex 28.815 1.416 53.0
vertex 29.706 2.926 52.0
vertex 28.711 2.828 53.0
endloop
endfacet
facet normal 0.0 0.0 1.0
outer loop
vertex 28.815 1.416 53.0
vertex 28.711 2.828 53.0
vertex 22.623 1.111 53.0
endloop
endfacet
facet normal 0.0 -0.0 0.9999999999999999
outer loop
vertex 22.623 1.111 53.0
vertex 28.711 2.828 53.0
vertex 22.541 2.22 53.0
endloop
endfacet
facet normal -0.7052192764594638 -0.052144256690420686 0.7070691257608366
outer loop
vertex 22.623 1.111 53.0
vertex 22.541 2.22 53.0
vertex 21.624 1.062 52.0
endloop
endfacet
facet normal -0.7053732926895411 -0.05190482719790924 0.7069330992914892
outer loop
vertex 21.624 1.062 52.0
vertex 22.541 2.22 53.0
vertex 21.546 2.122 52.0
endloop
endfacet
facet normal -0.9973035762236192 -0.07338648957117143 0.0
outer loop
vertex 21.624 1.062 52.0
vertex 21.546 2.122 52.0
vertex 21.624 1.062 0.0
endloop
endfacet
facet normal -0.9973035762236192 -0.07338648957117143 -0.0
outer loop
vertex 21.624 1.062 0.0
vertex 21.546 2.122 52.0
vertex 21.546 2.122 0.0
endloop
endfacet
facet normal 0.0 0.0 -1.0
outer loop
vertex 21.546 2.122 0.0
vertex 21.416 3.177 0.0
vertex 34.831 3.431 0.0
endloop
endfacet
facet normal -0.0 0.0 -0.9999999999999999
outer loop
vertex 34.831 3.431 0.0
vertex 21.416 3.177 0.0
vertex 34.621 5.136 0.0
endloop
endfacet
facet normal 0.992500149235439 0.12224342014043581 0.0
outer loop
vertex 34.831 3.431 0.0
vertex 34.621 5.136 0.0
vertex 34.831 3.431 3.0
endloop
endfacet
facet normal 0.992500149235439 0.12224342014043581 -0.0
outer loop
vertex 34.831 3.431 3.0
vertex 34.621 5.136 0.0
vertex 34.621 5.136 3.0
endloop
endfacet
facet normal 0.0 0.0 1.0
outer loop
vertex 34.831 3.431 3.0
vertex 34.621 5.136 3.0
vertex 29.706 2.926 3.0
endloop
endfacet
facet normal 0.0 -0.0 0.9999999999999999
outer loop
vertex 29.706 2.926 3.0
vertex 34.621 5.136 3.0
vertex 29.527 4.38 3.0
endloop
endfacet
facet normal 0.9925071907706707 0.12218623600271568 0.0
outer loop
vertex 29.706 2.926 3.0
vertex 29.527 4.38 3.0
vertex 29.706 2.926 52.0
endloop
endfacet
facet normal 0.9925071907706707 0.12218623600271568 -0.0
outer loop
vertex 29.706 2.926 52.0
vertex 29.527 4.38 3.0
vertex 29.527 4.38 52.0
endloop
endfacet
facet normal 0.7019774032339415 0.08641950149853816 0.7069366273646293
outer loop
vertex 29.706 2.926 52.0
vertex 29.527 4.38 52.0
vertex 28.711 2.828 53.0
endloop
endfacet
facet normal 0.7019639848397544 0.0864339995567803 0.7069481789413644
outer loop
vertex 28.711 2.828 53.0
vertex 29.527 4.38 52.0
vertex 28.538 4.233 53.0
endloop
endfacet
facet normal 0.0 0.0 1.0
outer loop
vertex 28.711 2.828 53.0
vertex 28.538 4.233 53.0
vertex 22.541 2.22 53.0
endloop
endfacet
facet normal 0.0 -0.0 1.0
outer loop
vertex 22.541 2.22 53.0
vertex 28.538 4.233 53.0
vertex 22.405 3.323 53.0
endloop
endfacet
facet normal -0.7019627103554188 -0.08655206582804754 0.7069349992547912
outer loop
vertex 22.541 2.22 53.0
vertex 22.405 3.323 53.0
vertex 21.546 2.122 52.0
endloop
endfacet
facet normal -0.7019983658385853 -0.08650216830238425 0.7069057003865097
outer loop
vertex 21.546 2.122 52.0
vertex 22.405 3.323 53.0
vertex 21.416 3.177 52.0
endloop
endfacet
facet normal -0.9924934534208788 -0.12229777151157653 0.0
outer loop
vertex 21.546 2.122 52.0
vertex 21.416 3.177 52.0
vertex 21.546 2.122 0.0
endloop
endfacet
facet normal -0.9924934534208788 -0.12229777151157653 -0.0
outer loop
vertex 21.546 2.122 0.0
vertex 21.416 3.177 52.0
vertex 21.416 3.177 0.0
endloop
endfacet
facet normal 0.0 0.0 -1.0
outer loop
vertex 21.416 3.177 0.0
vertex 21.234 4.224 0.0
vertex 34.621 5.136 0.0
endloop
endfacet
facet normal -0.0 0.0 -0.9999999999999999
outer loop
vertex 34.621 5.136 0.0
vertex 21.234 4.224 0.0
vertex 34.327 6.828 0.0
endloop
endfacet
facet normal 0.985237385985719 0.17119373018901024 0.0
outer loop
vertex 34.621 5.136 0.0
vertex 34.327 6.828 0.0
vertex 34.621 5.136 3.0
endloop
endfacet
facet normal 0.985237385985719 0.17119373018901024 -0.0
outer loop
vertex 34.621 5.136 3.0
vertex 34.327 6.828 0.0
vertex 34.327 6.828 3.0
endloop
endfacet
facet normal 0.0 0.0 1.0
outer loop
vertex 34.621 5.136 3.0
vertex 34.327 6.828 3.0
vertex 29.527 4.38 3.0
endloop
endfacet
facet normal 0.0 -0.0 1.0
outer loop
vertex 29.527 4.38 3.0
vertex 34.327 6.828 3.0
vertex 29.276 5.823 3.0
endloop
endfacet
facet normal 0.9852067433968302 0.17136998793666355 0.0
outer loop
vertex 29.527 4.38 3.0
vertex 29.276 5.823 3.0
vertex 29.527 4.38 52.0
endloop
endfacet
facet normal 0.9852067433968302 0.17136998793666355 -0.0
outer loop
vertex 29.527 4.38 52.0
vertex 29.276 5.823 3.0
vertex 29.276 5.823 52.0
endloop
endfacet
facet normal 0.6967993494489552 0.1212034904446906 0.7069514697003868
outer loop
vertex 29.527 4.38 52.0
vertex 29.276 5.823 52.0
vertex 28.538 4.233 53.0
endloop
endfacet
facet normal 0.6970814233572127 0.12092738670426238 0.7067206352973999
outer loop
vertex 28.538 4.233 53.0
vertex 29.276 5.823 52.0
vertex 28.296 5.628 53.0
endloop
endfacet
facet normal 0.0 0.0 1.0
outer loop
vertex 28.538 4.233 53.0
vertex 28.296 5.628 53.0
vertex 22.405 3.323 53.0
endloop
endfacet
facet normal 0.0 -0.0 1.0
outer loop
vertex 22.405 3.323 53.0
vertex 28.296 5.628 53.0
vertex 22.215 4.419 53.0
endloop
endfacet
facet normal -0.6969228162676743 -0.12081691157925095 0.7068959343793009
outer loop
vertex 22.405 3.323 53.0
vertex 22.215 4.419 53.0
vertex 21.416 3.177 52.0
endloop
endfacet
facet normal -0.6966937032850917 -0.12110625978785645 0.7070722435813055
outer loop
vertex 21.416 3.177 52.0
vertex 22.215 4.419 53.0
vertex 21.234 4.224 52.0
endloop
endfacet
facet normal -0.9852255644421767 -0.17126175045699593 0.0
outer loop
vertex 21.416 3.177 52.0
vertex 21.234 4.224 52.0
vertex 21.416 3.177 0.0
endloop
endfacet
facet normal -0.9852255644421767 -0.17126175045699593 -0.0
outer loop
vertex 21.416 3.177 0.0
vertex 21.234 4.224 52.0
vertex 21.234 4.224 0.0
endloop
endfacet
facet normal 0.0 0.0 -0.9999999999999999
outer loop
vertex 21.234 4.224 0.0
vertex 21.001 5.261 0.0
vertex 34.327 6.828 0.0
endloop
endfacet
facet normal -0.0 0.0 -1.0
outer loop
vertex 34.327 6.828 0.0
vertex 21.001 5.261 0.0
vertex 33.951 8.504 0.0
endloop
endfacet
facet normal 0.9757467140187474 0.21890260409966997 0.0
outer loop
vertex 34.327 6.828 0.0
vertex 33.951 8.504 0.0
vertex 34.327 6.828 3.0
endloop
endfacet
facet normal 0.9757467140187474 0.21890260409966997 -0.0
outer loop
vertex 34.327 6.828 3.0
vertex 33.951 8.504 0.0
vertex 33.951 8.504 3.0
endloop
endfacet
facet normal 0.0 0.0 1.0
outer loop
vertex 34.327 6.828 3.0
vertex 33.951 8.504 3.0
vertex 29.276 5.823 3.0
endloop
endfacet
facet normal 0.0 -0.0 1.0
outer loop
vertex 29.276 5.823 3.0
vertex 33.951 8.504 3.0
vertex 28.955 7.253 3.0
endloop
endfacet
facet normal 0.9757192280275095 0.21902508545233013 0.0
outer loop
vertex 29.276 5.823 3.0
vertex 28.955 7.253 3.0
vertex 29.276 5.823 52.0
endloop
endfacet
facet normal 0.9757192280275095 0.21902508545233013 -0.0
outer loop
vertex 29.276 5.823 52.0
vertex 28.955 7.253 3.0
vertex 28.955 7.253 52.0
endloop
endfacet
facet normal 0.6903121667578911 0.1549581856848141 0.7067227696312723
outer loop
vertex 29.276 5.823 52.0
vertex 28.955 7.253 52.0
vertex 28.296 5.628 53.0
endloop
endfacet
facet normal 0.6899640181002127 0.15526686659129244 0.7069949461388896
outer loop
vertex 28.296 5.628 53.0
vertex 28.955 7.253 52.0
vertex 27.985 7.01 53.0
endloop
endfacet
facet normal 0.0 0.0 1.0
outer loop
vertex 28.296 5.628 53.0
vertex 27.985 7.01 53.0
vertex 22.215 4.419 53.0
endloop
endfacet
facet normal 0.0 -0.0 1.0
outer loop
vertex 22.215 4.419 53.0
vertex 27.985 7.01 53.0
vertex 21.971 5.504 53.0
endloop
endfacet
facet normal -0.6899184109114093 -0.15515215876717392 0.70706463206369
outer loop
vertex 22.215 4.419 53.0
vertex 21.971 5.504 53.0
vertex 21.234 4.224 52.0
endloop
endfacet
facet normal -0.690018433497791 -0.15503789296527068 0.7069920884834171
outer loop
vertex 21.234 4.224 52.0
vertex 21.971 5.504 53.0
vertex 21.001 5.261 52.0
endloop
endfacet
facet normal -0.9756751981107433 -0.2192211390162042 0.0
outer loop
vertex 21.234 4.224 52.0
vertex 21.001 5.261 52.0
vertex 21.234 4.224 0.0
endloop
endfacet
facet normal -0.9756751981107433 -0.2192211390162042 -0.0
outer loop
vertex 21.234 4.224 0.0
vertex 21.001 5.261 52.0
vertex 21.001 5.261 0.0
endloop
endfacet
facet normal 0.0 0.0 -1.0
outer loop
vertex 21.001 5.261 0.0
vertex 20.718 6.285 0.0
vertex 33.951 8.504 0.0
endloop
endfacet
facet normal -0.0 0.0 -1.0
outer loop
vertex 33.951 8.504 0.0
vertex 20.718 6.285 0.0
vertex 33.493 10.16 0.0
endloop
endfacet
facet normal 0.9638174834783934 0.2665630479668493 0.0
outer loop
vertex 33.951 8.504 0.0
vertex 33.493 10.16 0.0
vertex 33.951 8.504 3.0
endloop
endfacet
facet normal 0.9638174834783934 0.2665630479668493 -0.0
outer loop
vertex 33.951 8.504 3.0
vertex 33.493 10.16 0.0
vertex 33.493 10.16 3.0
endloop
endfacet
facet normal 0.0 0.0 1.0
outer loop
vertex 33.951 8.504 3.0
vertex 33.493 10.16 3.0
vertex 28.955 7.253 3.0
endloop
endfacet
facet normal 0.0 -0.0 0.9999999999999999
outer loop
vertex 28.955 7.253 3.0
vertex 33.493 10.16 3.0
vertex 28.565 8.665 3.0
endloop
endfacet
facet normal 0.9639080863564984 0.2662352363165947 0.0
outer loop
vertex 28.955 7.253 3.0
vertex 28.565 8.665 3.0
vertex 28.955 7.253 52.0
endloop
endfacet
facet normal 0.9639080863564984 0.2662352363165947 -0.0
outer loop
vertex 28.955 7.253 52.0
vertex 28.565 8.665 3.0
vertex 28.565 8.665 52.0
endloop
endfacet
facet normal 0.6816929595852802 0.18828629903559307 0.7069957414633702
outer loop
vertex 28.955 7.253 52.0
vertex 28.565 8.665 52.0
vertex 27.985 7.01 53.0
endloop
endfacet
facet normal 0.6817014749352487 0.1882794549821157 0.7069893534578469
outer loop
vertex 27.985 7.01 53.0
vertex 28.565 8.665 52.0
vertex 27.608 8.375 53.0
endloop
endfacet
facet normal 0.0 0.0 1.0
outer loop
vertex 27.985 7.01 53.0
vertex 27.608 8.375 53.0
vertex 21.971 5.504 53.0
endloop
endfacet
facet normal 0.0 -0.0 1.0
outer loop
vertex 21.971 5.504 53.0
vertex 27.608 8.375 53.0
vertex 21.675 6.575 53.0
endloop
endfacet
facet normal -0.6816639655268886 -0.18839639009893416 0.706994369355122
outer loop
vertex 21.971 5.504 53.0
vertex 21.675 6.575 53.0
vertex 21.001 5.261 52.0
endloop
endfacet
facet normal -0.6816691732621207 -0.18839099221990332 0.706990786555622
outer loop
vertex 21.001 5.261 52.0
vertex 21.675 6.575 53.0
vertex 20.718 6.285 52.0
endloop
endfacet
facet normal -0.9638677018165197 -0.26638140587312137 0.0
outer loop
vertex 21.001 5.261 52.0
vertex 20.718 6.285 52.0
vertex 21.001 5.261 0.0
endloop
endfacet
facet normal -0.9638677018165197 -0.26638140587312137 -0.0
outer loop
vertex 21.001 5.261 0.0
vertex 20.718 6.285 52.0
vertex 20.718 6.285 0.0
endloop
endfacet
facet normal 0.0 0.0 -1.0
outer loop
vertex 20.718 6.285 0.0
vertex 20.384 7.294 0.0
vertex 33.493 10.16 0.0
endloop
endfacet
facet normal -0.0 0.0 -1.0
outer loop
vertex 33.493 10.16 0.0
vertex 20.384 7.294 0.0
vertex 32.954 11.791 0.0
endloop
endfacet
facet normal 0.94949516452424 0.3137816638127325 0.0
outer loop
vertex 33.493 10.16 0.0
vertex 32.954 11.791 0.0
vertex 33.493 10.16 3.0
endloop
endfacet
facet normal 0.94949516452424 0.3137816638127325 -0.0
outer loop
vertex 33.493 10.16 3.0
vertex 32.954 11.791 0.0
vertex 32.954 11.791 3.0
endloop
endfacet
facet normal 0.0 0.0 1.0
outer loop
vertex 33.493 10.16 3.0
vertex 32.954 11.791 3.0
vertex 28.565 8.665 3.0
endloop
endfacet
facet normal 0.0 -0.0 1.0
outer loop
vertex 28.565 8.665 3.0
vertex 32.954 11.791 3.0
vertex 28.105 10.056 3.0
endloop
endfacet
facet normal 0.9494314325852743 0.3139744493092933 0.0
outer loop
vertex 28.565 8.665 3.0
vertex 28.105 10.056 3.0
vertex 28.565 8.665 52.0
endloop
endfacet
facet normal 0.9494314325852743 0.3139744493092933 -0.0
outer loop
vertex 28.565 8.665 52.0
vertex 28.105 10.056 3.0
vertex 28.105 10.056 52.0
endloop
endfacet
facet normal 0.6714640565895412 0.2220513774487344 0.7069860016163242
outer loop
vertex 28.565 8.665 52.0
vertex 28.105 10.056 52.0
vertex 27.608 8.375 53.0
endloop
endfacet
facet normal 0.6716804395657068 0.22189443092795633 0.7068297168540506
outer loop
vertex 27.608 8.375 53.0
vertex 28.105 10.056 52.0
vertex 27.164 9.719 53.0
endloop
endfacet
facet normal 0.0 0.0 1.0
outer loop
vertex 27.608 8.375 53.0
vertex 27.164 9.719 53.0
vertex 21.675 6.575 53.0
endloop
endfacet
facet normal 0.0 -0.0 1.0
outer loop
vertex 21.675 6.575 53.0
vertex 27.164 9.719 53.0
vertex 21.326 7.631 53.0
endloop
endfacet
facet normal -0.6715035104878021 -0.221926823068412 0.7069876382266665
outer loop
vertex 21.675 6.575 53.0
vertex 21.326 7.631 53.0
vertex 20.718 6.285 52.0
endloop
endfacet
facet normal -0.6712239613303279 -0.2221891011737655 0.7071706986687281
outer loop
vertex 20.718 6.285 52.0
vertex 21.326 7.631 53.0
vertex 20.384 7.294 52.0
endloop
endfacet
facet normal -0.949339850909622 -0.31425124896314527 0.0
outer loop
vertex 20.718 6.285 52.0
vertex 20.384 7.294 52.0
vertex 20.718 6.285 0.0
endloop
endfacet
facet normal -0.949339850909622 -0.31425124896314527 -0.0
outer loop
vertex 20.718 6.285 0.0
vertex 20.384 7.294 52.0
vertex 20.384 7.294 0.0
endloop
endfacet
facet normal 0.0 0.0 -1.0
outer loop
vertex 20.384 7.294 0.0
vertex 20.002 8.285 0.0
vertex 32.954 11.791 0.0
endloop
endfacet
facet normal -0.0 0.0 -1.0
outer loop
vertex 32.954 11.791 0.0
vertex 20.002 8.285 0.0
vertex 32.336 13.394 0.0
endloop
endfacet
facet normal 0.9330602770744716 0.3597200569133035 0.0
outer loop
vertex 32.954 11.791 0.0
vertex 32.336 13.394 0.0
vertex 32.954 11.791 3.0
endloop
endfacet
facet normal 0.9330602770744716 0.3597200569133035 -0.0
outer loop
vertex 32.954 11.791 3.0
vertex 32.336 13.394 0.0
vertex 32.336 13.394 3.0
endloop
endfacet
facet normal 0.0 0.0 1.0
outer loop
vertex 32.954 11.791 3.0
vertex 32.336 13.394 3.0
vertex 28.105 10.056 3.0
endloop
endfacet
facet normal 0.0 -0.0 1.0
outer loop
vertex 28.105 10.056 3.0
vertex 32.336 13.394 3.0
vertex 27.578 11.423 3.0
endloop
endfacet
facet normal 0.9330638499517163 0.359710789264488 0.0
outer loop
vertex 28.105 10.056 3.0
vertex 27.578 11.423 3.0
vertex 28.105 10.056 52.0
endloop
endfacet
facet normal 0.9330638499517163 0.359710789264488 -0.0
outer loop
vertex 28.105 10.056 52.0
vertex 27.578 11.423 3.0
vertex 27.578 11.423 52.0
endloop
endfacet
facet normal 0.6600279838529816 0.25445116861047673 0.7068363766273855
outer loop
vertex 28.105 10.056 52.0
vertex 27.578 11.423 52.0
vertex 27.164 9.719 53.0
endloop
endfacet
facet normal 0.6596750896951927 0.25468152592320165 0.7070828073069442
outer loop
vertex 27.164 9.719 53.0
vertex 27.578 11.423 52.0
vertex 26.654 11.04 53.0
endloop
endfacet
facet normal 0.0 0.0 1.0
outer loop
vertex 27.164 9.719 53.0
vertex 26.654 11.04 53.0
vertex 21.326 7.631 53.0
endloop
endfacet
facet normal 0.0 -0.0 1.0
outer loop
vertex 21.326 7.631 53.0
vertex 26.654 11.04 53.0
vertex 20.926 8.668 53.0
endloop
endfacet
facet normal -0.6596746014451554 -0.25445500537903937 0.7071648113740729
outer loop
vertex 21.326 7.631 53.0
vertex 20.926 8.668 53.0
vertex 20.384 7.294 52.0
endloop
endfacet
facet normal -0.6598127236475615 -0.2543374979146007 0.7070782183516383
outer loop
vertex 20.384 7.294 52.0
vertex 20.926 8.668 53.0
vertex 20.002 8.285 52.0
endloop
endfacet
facet normal -0.9330784132097506 -0.35967301094462756 0.0
outer loop
vertex 20.384 7.294 52.0
vertex 20.002 8.285 52.0
vertex 20.384 7.294 0.0
endloop
endfacet
facet normal -0.9330784132097506 -0.35967301094462756 -0.0
outer loop
vertex 20.384 7.294 0.0
vertex 20.002 8.285 52.0
vertex 20.002 8.285 0.0
endloop
endfacet
facet normal 0.0 0.0 -1.0
outer loop
vertex 20.002 8.285 0.0
vertex 19.571 9.257 0.0
vertex 32.336 13.394 0.0
endloop
endfacet
facet normal -0.0 0.0 -1.0
outer loop
vertex 32.336 13.394 0.0
vertex 19.571 9.257 0.0
vertex 31.64 14.964 0.0
endloop
endfacet
facet normal 0.9141953311144401 0.4052738537934065 0.0
outer loop
vertex 32.336 13.394 0.0
vertex 31.64 14.964 0.0
vertex 32.336 13.394 3.0
endloop
endfacet
facet normal 0.9141953311144401 0.4052738537934065 -0.0
outer loop
vertex 32.336 13.394 3.0
vertex 31.64 14.964 0.0
vertex 31.64 14.964 3.0
endloop
endfacet
facet normal 0.0 0.0 1.0
outer loop
vertex 32.336 13.394 3.0
vertex 31.64 14.964 3.0
vertex 27.578 11.423 3.0
endloop
endfacet
facet normal 0.0 -0.0 1.0
outer loop
vertex 27.578 11.423 3.0
vertex 31.64 14.964 3.0
vertex 26.984 12.763 3.0
endloop
endfacet
facet normal 0.9142049908735652 0.4052520631185788 0.0
outer loop
vertex 27.578 11.423 3.0
vertex 26.984 12.763 3.0
vertex 27.578 11.423 52.0
endloop
endfacet
facet normal 0.9142049908735652 0.4052520631185788 -0.0
outer loop
vertex 27.578 11.423 52.0
vertex 26.984 12.763 3.0
vertex 26.984 12.763 52.0
endloop
endfacet
facet normal 0.646460927237853 0.28656551550692777 0.7070844892069293
outer loop
vertex 27.578 11.423 52.0
vertex 26.984 12.763 52.0
vertex 26.654 11.04 53.0
endloop
endfacet
facet normal 0.6464862971085198 0.28655068304269565 0.7070673049283777
outer loop
vertex 26.654 11.04 53.0
vertex 26.984 12.763 52.0
vertex 26.08 12.335 53.0
endloop
endfacet
facet normal 0.0 0.0 0.9999999999999999
outer loop
vertex 26.654 11.04 53.0
vertex 26.08 12.335 53.0
vertex 20.926 8.668 53.0
endloop
endfacet
facet normal 0.0 -0.0 1.0
outer loop
vertex 20.926 8.668 53.0
vertex 26.08 12.335 53.0
vertex 20.475 9.684 53.0
endloop
endfacet
facet normal -0.6463178811544474 -0.2868989807093049 0.7070800317983725
outer loop
vertex 20.926 8.668 53.0
vertex 20.475 9.684 53.0
vertex 20.002 8.285 52.0
endloop
endfacet
facet normal -0.646574877860584 -0.286701411890854 0.7069251924633624
outer loop
vertex 20.002 8.285 52.0
vertex 20.475 9.684 53.0
vertex 19.571 9.257 52.0
endloop
endfacet
facet normal -0.9141602604919618 -0.40535295501237995 0.0
outer loop
vertex 20.002 8.285 52.0
vertex 19.571 9.257 52.0
vertex 20.002 8.285 0.0
endloop
endfacet
facet normal -0.9141602604919618 -0.40535295501237995 -0.0
outer loop
vertex 20.002 8.285 0.0
vertex 19.571 9.257 52.0
vertex 19.571 9.257 0.0
endloop
endfacet
facet normal 0.0 0.0 -1.0
outer loop
vertex 19.571 9.257 0.0
vertex 19.094 10.206 0.0
vertex 31.64 14.964 0.0
endloop
endfacet
facet normal -0.0 0.0 -1.0
outer loop
vertex 31.64 14.964 0.0
vertex 19.094 10.206 0.0
vertex 30.867 16.499 0.0
endloop
endfacet
facet normal 0.8931434516822083 0.4497719141044609 0.0
outer loop
vertex 31.64 14.964 0.0
vertex 30.867 16.499 0.0
vertex 31.64 14.964 3.0
endloop
endfacet
facet normal 0.8931434516822083 0.4497719141044609 -0.0
outer loop
vertex 31.64 14.964 3.0
vertex 30.867 16.499 0.0
vertex 30.867 16.499 3.0
endloop
endfacet
facet normal 0.0 0.0 1.0
outer loop
vertex 31.64 14.964 3.0
vertex 30.867 16.499 3.0
vertex 26.984 12.763 3.0
endloop
endfacet
facet normal 0.0 -0.0 1.0
outer loop
vertex 26.984 12.763 3.0
vertex 30.867 16.499 3.0
vertex 26.325 14.071 3.0
endloop
endfacet
facet normal 0.893057490117864 0.4499425733850725 0.0
outer loop
vertex 26.984 12.763 3.0
vertex 26.325 14.071 3.0
vertex 26.984 12.763 52.0
endloop
endfacet
facet normal 0.893057490117864 0.4499425733850725 -0.0
outer loop
vertex 26.984 12.763 52.0
vertex 26.325 14.071 3.0
vertex 26.325 14.071 52.0
endloop
endfacet
facet normal 0.6315187742230387 0.3181734497041163 0.7070712083709907
outer loop
vertex 26.984 12.763 52.0
vertex 26.325 14.071 52.0
vertex 26.08 12.335 53.0
endloop
endfacet
facet normal 0.6316823518491756 0.31808826729480105 0.7069634082268229
outer loop
vertex 26.08 12.335 53.0
vertex 26.325 14.071 52.0
vertex 25.443 13.6 53.0
endloop
endfacet
facet normal 0.0 0.0 1.0
outer loop
vertex 26.08 12.335 53.0
vertex 25.443 13.6 53.0
vertex 20.475 9.684 53.0
endloop
endfacet
facet normal 0.0 -0.0 1.0
outer loop
vertex 20.475 9.684 53.0
vertex 25.443 13.6 53.0
vertex 19.976 10.677 53.0
endloop
endfacet
facet normal -0.6319837365238027 -0.3175829652823554 0.7069212239930832
outer loop
vertex 20.475 9.684 53.0
vertex 19.976 10.677 53.0
vertex 19.571 9.257 52.0
endloop
endfacet
facet normal -0.6319221337818883 -0.31762577219595467 0.7069570606999188
outer loop
vertex 19.571 9.257 52.0
vertex 19.976 10.677 53.0
vertex 19.094 10.206 52.0
endloop
endfacet
facet normal -0.8934837086764948 -0.4490956048879751 0.0
outer loop
vertex 19.571 9.257 52.0
vertex 19.094 10.206 52.0
vertex 19.571 9.257 0.0
endloop
endfacet
facet normal -0.8934837086764948 -0.4490956048879751 -0.0
outer loop
vertex 19.571 9.257 0.0
vertex 19.094 10.206 52.0
vertex 19.094 10.206 0.0
endloop
endfacet
facet normal 0.0 0.0 -1.0
outer loop
vertex 19.094 10.206 0.0
vertex 18.57 11.13 0.0
vertex 30.867 16.499 0.0
endloop
endfacet
facet normal -0.0 0.0 -1.0
outer loop
vertex 30.867 16.499 0.0
vertex 18.57 11.13 0.0
vertex 30.021 17.994 0.0
endloop
endfacet
facet normal 0.8703133534670595 0.4924983926643023 0.0
outer loop
vertex 30.867 16.499 0.0
vertex 30.021 17.994 0.0
vertex 30.867 16.499 3.0
endloop
endfacet
facet normal 0.8703133534670595 0.4924983926643023 -0.0
outer loop
vertex 30.867 16.499 3.0
vertex 30.021 17.994 0.0
vertex 30.021 17.994 3.0
endloop
endfacet
facet normal 0.0 0.0 1.0
outer loop
vertex 30.867 16.499 3.0
vertex 30.021 17.994 3.0
vertex 26.325 14.071 3.0
endloop
endfacet
facet normal 0.0 -0.0 0.9999999999999999
outer loop
vertex 26.325 14.071 3.0
vertex 30.021 17.994 3.0
vertex 25.603 15.346 3.0
endloop
endfacet
facet normal 0.8701685173149728 0.49275425058933975 0.0
outer loop
vertex 26.325 14.071 3.0
vertex 25.603 15.346 3.0
vertex 26.325 14.071 52.0
endloop
endfacet
facet normal 0.8701685173149728 0.49275425058933975 -0.0
outer loop
vertex 26.325 14.071 52.0
vertex 25.603 15.346 3.0
vertex 25.603 15.346 52.0
endloop
endfacet
facet normal 0.6154325528321404 0.3485037671723951 0.7069567859361445
outer loop
vertex 26.325 14.071 52.0
vertex 25.603 15.346 52.0
vertex 25.443 13.6 53.0
endloop
endfacet
facet normal 0.6152623637849454 0.34858208597556145 0.7070663003189218
outer loop
vertex 25.443 13.6 53.0
vertex 25.603 15.346 52.0
vertex 24.745 14.832 53.0
endloop
endfacet
facet normal 0.0 0.0 1.0
outer loop
vertex 25.443 13.6 53.0
vertex 24.745 14.832 53.0
vertex 19.976 10.677 53.0
endloop
endfacet
facet normal 0.0 -0.0 1.0
outer loop
vertex 19.976 10.677 53.0
vertex 24.745 14.832 53.0
vertex 19.428 11.644 53.0
endloop
endfacet
facet normal -0.6153224371860566 -0.3487039251064713 0.7069539383232486
outer loop
vertex 19.976 10.677 53.0
vertex 19.428 11.644 53.0
vertex 19.094 10.206 52.0
endloop
endfacet
facet normal -0.6151165222352177 -0.34883231347538335 0.707069785204164
outer loop
vertex 19.094 10.206 52.0
vertex 19.428 11.644 53.0
vertex 18.57 11.13 52.0
endloop
endfacet
facet normal -0.869860619266849 -0.49329758062319157 0.0
outer loop
vertex 19.094 10.206 52.0
vertex 18.57 11.13 52.0
vertex 19.094 10.206 0.0
endloop
endfacet
facet normal -0.869860619266849 -0.49329758062319157 -0.0
outer loop
vertex 19.094 10.206 0.0
vertex 18.57 11.13 52.0
vertex 18.57 11.13 0.0
endloop
endfacet
facet normal 0.0 0.0 -0.9999999999999999
outer loop
vertex 18.57 11.13 0.0
vertex 18.001 12.028 0.0
vertex 30.021 17.994 0.0
endloop
endfacet
facet normal -0.0 0.0 -1.0
outer loop
vertex 30.021 17.994 0.0
vertex 18.001 12.028 0.0
vertex 29.101 19.445 0.0
endloop
endfacet
facet normal 0.8445470993869619 0.535481275972437 0.0
outer loop
vertex 30.021 17.994 0.0
vertex 29.101 19.445 0.0
vertex 30.021 17.994 3.0
endloop
endfacet
facet normal 0.8445470993869619 0.535481275972437 -0.0
outer loop
vertex 30.021 17.994 3.0
vertex 29.101 19.445 0.0
vertex 29.101 19.445 3.0
endloop
endfacet
facet normal 0.0 0.0 1.0
outer loop
vertex 30.021 17.994 3.0
vertex 29.101 19.445 3.0
vertex 25.603 15.346 3.0
endloop
endfacet
facet normal 0.0 -0.0 1.0
outer loop
vertex 25.603 15.346 3.0
vertex 29.101 19.445 3.0
vertex 24.819 16.584 3.0
endloop
endfacet
facet normal 0.8448396396193176 0.5350196102274212 0.0
outer loop
vertex 25.603 15.346 3.0
vertex 24.819 16.584 3.0
vertex 25.603 15.346 52.0
endloop
endfacet
facet normal 0.8448396396193176 0.5350196102274212 -0.0
outer loop
vertex 25.603 15.346 52.0
vertex 24.819 16.584 3.0
vertex 24.819 16.584 52.0
endloop
endfacet
facet normal 0.5974299259861919 0.37834011467946377 0.7070616954413972
outer loop
vertex 25.603 15.346 52.0
vertex 24.819 16.584 52.0
vertex 24.745 14.832 53.0
endloop
endfacet
facet normal 0.5976241010654074 0.3782620773465845 0.7069393429900547
outer loop
vertex 24.745 14.832 53.0
vertex 24.819 16.584 52.0
vertex 23.988 16.028 53.0
endloop
endfacet
facet normal 0.0 0.0 1.0
outer loop
vertex 24.745 14.832 53.0
vertex 23.988 16.028 53.0
vertex 19.428 11.644 53.0
endloop
endfacet
facet normal 0.0 -0.0 1.0
outer loop
vertex 19.428 11.644 53.0
vertex 23.988 16.028 53.0
vertex 18.833 12.584 53.0
endloop
endfacet
facet normal -0.5975095571341049 -0.3782108366965894 0.7070635700831092
outer loop
vertex 19.428 11.644 53.0
vertex 18.833 12.584 53.0
vertex 18.57 11.13 52.0
endloop
endfacet
facet normal -0.5971825547362779 -0.37839295506118226 0.7072423685545985
outer loop
vertex 18.57 11.13 52.0
vertex 18.833 12.584 53.0
vertex 18.001 12.028 52.0
endloop
endfacet
facet normal -0.8447056710703107 -0.535231098929851 0.0
outer loop
vertex 18.57 11.13 52.0
vertex 18.001 12.028 52.0
vertex 18.57 11.13 0.0
endloop
endfacet
facet normal -0.8447056710703107 -0.535231098929851 -0.0
outer loop
vertex 18.57 11.13 0.0
vertex 18.001 12.028 52.0
vertex 18.001 12.028 0.0
endloop
endfacet
facet normal 0.0 0.0 -1.0
outer loop
vertex 18.001 12.028 0.0
vertex 17.389 12.897 0.0
vertex 29.101 19.445 0.0
endloop
endfacet
facet normal -0.0 0.0 -0.9999999999999999
outer loop
vertex 29.101 19.445 0.0
vertex 17.389 12.897 0.0
vertex 28.112 20.849 0.0
endloop
endfacet
facet normal 0.8175322772943157 0.5758827793761245 0.0
outer loop
vertex 29.101 19.445 0.0
vertex 28.112 20.849 0.0
vertex 29.101 19.445 3.0
endloop
endfacet
facet normal 0.8175322772943157 0.5758827793761245 -0.0
outer loop
vertex 29.101 19.445 3.0
vertex 28.112 20.849 0.0
vertex 28.112 20.849 3.0
endloop
endfacet
facet normal 0.0 0.0 1.0
outer loop
vertex 29.101 19.445 3.0
vertex 28.112 20.849 3.0
vertex 24.819 16.584 3.0
endloop
endfacet
facet normal 0.0 -0.0 0.9999999999999999
outer loop
vertex 24.819 16.584 3.0
vertex 28.112 20.849 3.0
vertex 23.976 17.782 3.0
endloop
endfacet
facet normal 0.8178183185822665 0.5754764962978718 0.0
outer loop
vertex 24.819 16.584 3.0
vertex 23.976 17.782 3.0
vertex 24.819 16.584 52.0
endloop
endfacet
facet normal 0.8178183185822665 0.5754764962978718 -0.0
outer loop
vertex 24.819 16.584 52.0
vertex 23.976 17.782 3.0
vertex 23.976 17.782 52.0
endloop
endfacet
facet normal 0.5784086581566382 0.407010433076833 0.7069553957188855
outer loop
vertex 24.819 16.584 52.0
vertex 23.976 17.782 52.0
vertex 23.988 16.028 53.0
endloop
endfacet
facet normal 0.5783387586910276 0.40703461859515344 0.7069986559116072
outer loop
vertex 23.988 16.028 53.0
vertex 23.976 17.782 52.0
vertex 23.173 17.186 53.0
endloop
endfacet
facet normal 0.0 0.0 1.0
outer loop
vertex 23.988 16.028 53.0
vertex 23.173 17.186 53.0
vertex 18.833 12.584 53.0
endloop
endfacet
facet normal 0.0 -0.0 0.9999999999999999
outer loop
vertex 18.833 12.584 53.0
vertex 23.173 17.186 53.0
vertex 18.193 13.493 53.0
endloop
endfacet
facet normal -0.5780658558252794 -0.40699906240723516 0.7072422707450532
outer loop
vertex 18.833 12.584 53.0
vertex 18.193 13.493 53.0
vertex 18.001 12.028 52.0
endloop
endfacet
facet normal -0.5779755155773224 -0.40704374629841483 0.7072903873180236
outer loop
vertex 18.001 12.028 52.0
vertex 18.193 13.493 53.0
vertex 17.389 12.897 52.0
endloop
endfacet
facet normal -0.817593162822898 -0.5757963356129059 0.0
outer loop
vertex 18.001 12.028 52.0
vertex 17.389 12.897 52.0
vertex 18.001 12.028 0.0
endloop
endfacet
facet normal -0.817593162822898 -0.5757963356129059 -0.0
outer loop
vertex 18.001 12.028 0.0
vertex 17.389 12.897 52.0
vertex 17.389 12.897 0.0
endloop
endfacet
facet normal 0.0 0.0 -0.9999999999999999
outer loop
vertex 17.389 12.897 0.0
vertex 16.736 13.735 0.0
vertex 28.112 20.849 0.0
endloop
endfacet
facet normal -0.0 0.0 -0.9999999999999999
outer loop
vertex 28.112 20.849 0.0
vertex 16.736 13.735 0.0
vertex 27.055 22.204 0.0
endloop
endfacet
facet normal 0.788474085729856 0.6150679768387132 0.0
outer loop
vertex 28.112 20.849 0.0
vertex 27.055 22.204 0.0
vertex 28.112 20.849 3.0
endloop
endfacet
facet normal 0.788474085729856 0.6150679768387132 -0.0
outer loop
vertex 28.112 20.849 3.0
vertex 27.055 22.204 0.0
vertex 27.055 22.204 3.0
endloop
endfacet
facet normal 0.0 0.0 1.0
outer loop
vertex 28.112 20.849 3.0
vertex 27.055 22.204 3.0
vertex 23.976 17.782 3.0
endloop
endfacet
facet normal 0.0 -0.0 1.0
outer loop
vertex 23.976 17.782 3.0
vertex 27.055 22.204 3.0
vertex 23.074 18.937 3.0
endloop
endfacet
facet normal 0.788138157680407 0.6154983707599345 0.0
outer loop
vertex 23.976 17.782 3.0
vertex 23.074 18.937 3.0
vertex 23.976 17.782 52.0
endloop
endfacet
facet normal 0.788138157680407 0.6154983707599345 -0.0
outer loop
vertex 23.976 17.782 52.0
vertex 23.074 18.937 3.0
vertex 23.074 18.937 52.0
endloop
endfacet
facet normal 0.5573781009481292 0.43528575502615646 0.7070049250569376
outer loop
vertex 23.976 17.782 52.0
vertex 23.074 18.937 52.0
vertex 23.173 17.186 53.0
endloop
endfacet
facet normal 0.5571652280641123 0.4353477409246469 0.707134536780712
outer loop
vertex 23.173 17.186 53.0
vertex 23.074 18.937 52.0
vertex 22.301 18.302 53.0
endloop
endfacet
facet normal 0.0 0.0 1.0
outer loop
vertex 23.173 17.186 53.0
vertex 22.301 18.302 53.0
vertex 18.193 13.493 53.0
endloop
endfacet
facet normal 0.0 -0.0 1.0
outer loop
vertex 18.193 13.493 53.0
vertex 22.301 18.302 53.0
vertex 17.509 14.369 53.0
endloop
endfacet
facet normal -0.557193193763271 -0.43506865814392487 0.7072842480394503
outer loop
vertex 18.193 13.493 53.0
vertex 17.509 14.369 53.0
vertex 17.389 12.897 52.0
endloop
endfacet
facet normal -0.5579206336511882 -0.43475199734394454 0.7069054161284293
outer loop
vertex 17.389 12.897 52.0
vertex 17.509 14.369 53.0
vertex 16.736 13.735 52.0
endloop
endfacet
facet normal -0.7887943632950181 -0.6146571828539932 0.0
outer loop
vertex 17.389 12.897 52.0
vertex 16.736 13.735 52.0
vertex 17.389 12.897 0.0
endloop
endfacet
facet normal -0.7887943632950181 -0.6146571828539932 -0.0
outer loop
vertex 17.389 12.897 0.0
vertex 16.736 13.735 52.0
vertex 16.736 13.735 0.0
endloop
endfacet
facet normal 0.0 0.0 -1.0
outer loop
vertex 16.736 13.735 0.0
vertex 16.042 14.539 0.0
vertex 27.055 22.204 0.0
endloop
endfacet
facet normal -0.0 0.0 -1.0
outer loop
vertex 27.055 22.204 0.0
vertex 16.042 14.539 0.0
vertex 25.933 23.505 0.0
endloop
endfacet
facet normal 0.75728090539885 0.6530892973539667 0.0
outer loop
vertex 27.055 22.204 0.0
vertex 25.933 23.505 0.0
vertex 27.055 22.204 3.0
endloop
endfacet
facet normal 0.75728090539885 0.6530892973539667 -0.0
outer loop
vertex 27.055 22.204 3.0
vertex 25.933 23.505 0.0
vertex 25.933 23.505 3.0
endloop
endfacet
facet normal 0.0 0.0 1.0
outer loop
vertex 27.055 22.204 3.0
vertex 25.933 23.505 3.0
vertex 23.074 18.937 3.0
endloop
endfacet
facet normal 0.0 -0.0 1.0
outer loop
vertex 23.074 18.937 3.0
vertex 25.933 23.505 3.0
vertex 22.117 20.046 3.0
endloop
endfacet
facet normal 0.7570838980396387 0.6533176649449378 0.0
outer loop
vertex 23.074 18.937 3.0
vertex 22.117 20.046 3.0
vertex 23.074 18.937 52.0
endloop
endfacet
facet normal 0.7570838980396387 0.6533176649449378 -0.0
outer loop
vertex 23.074 18.937 52.0
vertex 22.117 20.046 3.0
vertex 22.117 20.046 52.0
endloop
endfacet
facet normal 0.5353170570964052 0.4619462792076294 0.7071359724323684
outer loop
vertex 23.074 18.937 52.0
vertex 22.117 20.046 52.0
vertex 22.301 18.302 53.0
endloop
endfacet
facet normal 0.5353493392526372 0.4619385623215375 0.7071165742662775
outer loop
vertex 22.301 18.302 53.0
vertex 22.117 20.046 52.0
vertex 21.376 19.374 53.0
endloop
endfacet
facet normal 0.0 0.0 1.0
outer loop
vertex 22.301 18.302 53.0
vertex 21.376 19.374 53.0
vertex 17.509 14.369 53.0
endloop
endfacet
facet normal 0.0 -0.0 1.0
outer loop
vertex 17.509 14.369 53.0
vertex 21.376 19.374 53.0
vertex 16.783 15.211 53.0
endloop
endfacet
facet normal -0.5356764857894246 -0.4618778250393368 0.7069084645901647
outer loop
vertex 17.509 14.369 53.0
vertex 16.783 15.211 53.0
vertex 16.736 13.735 52.0
endloop
endfacet
facet normal -0.5352658350195036 -0.46203294714370013 0.7071181242300187
outer loop
vertex 16.736 13.735 52.0
vertex 16.783 15.211 53.0
vertex 16.042 14.539 52.0
endloop
endfacet
facet normal -0.7569923468364111 -0.653423742169737 0.0
outer loop
vertex 16.736 13.735 52.0
vertex 16.042 14.539 52.0
vertex 16.736 13.735 0.0
endloop
endfacet
facet normal -0.7569923468364111 -0.653423742169737 -0.0
outer loop
vertex 16.736 13.735 0.0
vertex 16.042 14.539 52.0
vertex 16.042 14.539 0.0
endloop
endfacet
facet normal 0.0 0.0 -1.0
outer loop
vertex 16.042 14.539 0.0
vertex 15.309 15.309 0.0
vertex 25.933 23.505 0.0
endloop
endfacet
facet normal -0.0 0.0 -1.0
outer loop
vertex 25.933 23.505 0.0
vertex 15.309 15.309 0.0
vertex 24.749 24.749 0.0
endloop
endfacet
facet normal 0.7243594518179691 0.6894225007656563 0.0
outer loop
vertex 25.933 23.505 0.0
vertex 24.749 24.749 0.0
vertex 25.933 23.505 3.0
endloop
endfacet
facet normal 0.7243594518179691 0.6894225007656563 -0.0
outer loop
vertex 25.933 23.505 3.0
vertex 24.749 24.749 0.0
vertex 24.749 24.749 3.0
endloop
endfacet
facet normal 0.0 0.0 1.0
outer loop
vertex 25.933 23.505 3.0
vertex 24.749 24.749 3.0
vertex 22.117 20.046 3.0
endloop
endfacet
facet normal 0.0 -0.0 0.9999999999999999
outer loop
vertex 22.117 20.046 3.0
vertex 24.749 24.749 3.0
vertex 21.107 21.107 3.0
endloop
endfacet
facet normal 0.7243002553494722 0.6894846917087353 0.0
outer loop
vertex 22.117 20.046 3.0
vertex 21.107 21.107 3.0
vertex 22.117 20.046 52.0
endloop
endfacet
facet normal 0.7243002553494722 0.6894846917087353 -0.0
outer loop
vertex 22.117 20.046 52.0
vertex 21.107 21.107 3.0
vertex 21.107 21.107 52.0
endloop
endfacet
facet normal 0.5121473273850533 0.4875295010922759 0.707120994326334
outer loop
vertex 22.117 20.046 52.0
vertex 21.107 21.107 52.0
vertex 21.376 19.374 53.0
endloop
endfacet
facet normal 0.5124462940065467 0.487473277729426 0.7069431372173335
outer loop
vertex 21.376 19.374 53.0
vertex 21.107 21.107 52.0
vertex 20.4 20.4 53.0
endloop
endfacet
facet normal 0.0 0.0 1.0
outer loop
vertex 21.376 19.374 53.0
vertex 20.4 20.4 53.0
vertex 16.783 15.211 53.0
endloop
endfacet
facet normal 0.0 -0.0 1.0
outer loop
vertex 16.783 15.211 53.0
vertex 20.4 20.4 53.0
vertex 16.016 16.016 53.0
endloop
endfacet
facet normal -0.5119295006274295 -0.4877638844487465 0.7071170903144831
outer loop
vertex 16.783 15.211 53.0
vertex 16.016 16.016 53.0
vertex 16.042 14.539 52.0
endloop
endfacet
facet normal -0.5122697825789225 -0.48765422159785926 0.7069462709529837
outer loop
vertex 16.042 14.539 52.0
vertex 16.016 16.016 53.0
vertex 15.309 15.309 52.0
endloop
endfacet
facet normal -0.7242944996567385 -0.6894907379849238 0.0
outer loop
vertex 16.042 14.539 52.0
vertex 15.309 15.309 52.0
vertex 16.042 14.539 0.0
endloop
endfacet
facet normal -0.7242944996567385 -0.6894907379849238 -0.0
outer loop
vertex 16.042 14.539 0.0
vertex 15.309 15.309 52.0
vertex 15.309 15.309 0.0
endloop
endfacet
facet normal 0.0 0.0 -1.0
outer loop
vertex 15.309 15.309 0.0
vertex 14.539 16.042 0.0
vertex 24.749 24.749 0.0
endloop
endfacet
facet normal -0.0 0.0 -1.0
outer loop
vertex 24.749 24.749 0.0
vertex 14.539 16.042 0.0
vertex 23.505 25.933 0.0
endloop
endfacet
facet normal 0.6894225007656563 0.7243594518179691 0.0
outer loop
vertex 24.749 24.749 0.0
vertex 23.505 25.933 0.0
vertex 24.749 24.749 3.0
endloop
endfacet
facet normal 0.6894225007656563 0.7243594518179691 -0.0
outer loop
vertex 24.749 24.749 3.0
vertex 23.505 25.933 0.0
vertex 23.505 25.933 3.0
endloop
endfacet
facet normal 0.0 0.0 1.0
outer loop
vertex 24.749 24.749 3.0
vertex 23.505 25.933 3.0
vertex 21.107 21.107 3.0
endloop
endfacet
facet normal 0.0 -0.0 1.0
outer loop
vertex 21.107 21.107 3.0
vertex 23.505 25.933 3.0
vertex 20.046 22.117 3.0
endloop
endfacet
facet normal 0.6894846917087353 0.7243002553494722 0.0
outer loop
vertex 21.107 21.107 3.0
vertex 20.046 22.117 3.0
vertex 21.107 21.107 52.0
endloop
endfacet
facet normal 0.6894846917087353 0.7243002553494722 -0.0
outer loop
vertex 21.107 21.107 52.0
vertex 20.046 22.117 3.0
vertex 20.046 22.117 52.0
endloop
endfacet
facet normal 0.4876499953567058 0.5122739060133307 0.7069461982686165
outer loop
vertex 21.107 21.107 52.0
vertex 20.046 22.117 52.0
vertex 20.4 20.4 53.0
endloop
endfacet
facet normal 0.48734867734528825 0.5123153104060085 0.7071239561868861
outer loop
vertex 20.4 20.4 53.0
vertex 20.046 22.117 52.0
vertex 19.374 21.376 53.0
endloop
endfacet
facet normal 0.0 0.0 1.0
outer loop
vertex 20.4 20.4 53.0
vertex 19.374 21.376 53.0
vertex 16.016 16.016 53.0
endloop
endfacet
facet normal 0.0 -0.0 0.9999999999999999
outer loop
vertex 16.016 16.016 53.0
vertex 19.374 21.376 53.0
vertex 15.211 16.783 53.0
endloop
endfacet
facet normal -0.4878790508529554 -0.5120503727987308 0.7069501025217411
outer loop
vertex 16.016 16.016 53.0
vertex 15.211 16.783 53.0
vertex 15.309 15.309 52.0
endloop
endfacet
facet normal -0.48753382557863045 -0.512143309270865 0.7071209229585508
outer loop
vertex 15.309 15.309 52.0
vertex 15.211 16.783 53.0
vertex 14.539 16.042 52.0
endloop
endfacet
facet normal -0.6894907379849238 -0.7242944996567385 0.0
outer loop
vertex 15.309 15.309 52.0
vertex 14.539 16.042 52.0
vertex 15.309 15.309 0.0
endloop
endfacet
facet normal -0.6894907379849238 -0.7242944996567385 -0.0
outer loop
vertex 15.309 15.309 0.0
vertex 14.539 16.042 52.0
vertex 14.539 16.042 0.0
endloop
endfacet
facet normal 0.0 0.0 -1.0
outer loop
vertex 14.539 16.042 0.0
vertex 13.735 16.736 0.0
vertex 23.505 25.933 0.0
endloop
endfacet
facet normal -0.0 0.0 -0.9999999999999999
outer loop
vertex 23.505 25.933 0.0
vertex 13.735 16.736 0.0
vertex 22.204 27.055 0.0
endloop
endfacet
facet normal 0.6530892973539667 0.75728090539885 0.0
outer loop
vertex 23.505 25.933 0.0
vertex 22.204 27.055 0.0
vertex 23.505 25.933 3.0
endloop
endfacet
facet normal 0.6530892973539667 0.75728090539885 -0.0
outer loop
vertex 23.505 25.933 3.0
vertex 22.204 27.055 0.0
vertex 22.204 27.055 3.0
endloop
endfacet
facet normal 0.0 0.0 1.0
outer loop
vertex 23.505 25.933 3.0
vertex 22.204 27.055 3.0
vertex 20.046 22.117 3.0
endloop
endfacet
facet normal 0.0 -0.0 1.0
outer loop
vertex 20.046 22.117 3.0
vertex 22.204 27.055 3.0
vertex 18.937 23.074 3.0
endloop
endfacet
facet normal 0.6533176649449378 0.7570838980396387 0.0
outer loop
vertex 20.046 22.117 3.0
vertex 18.937 23.074 3.0
vertex 20.046 22.117 52.0
endloop
endfacet
facet normal 0.6533176649449378 0.7570838980396387 -0.0
outer loop
vertex 20.046 22.117 52.0
vertex 18.937 23.074 3.0
vertex 18.937 23.074 52.0
endloop
endfacet
facet normal 0.4619587360189741 0.5353314924190606 0.7071169064872747
outer loop
vertex 20.046 22.117 52.0
vertex 18.937 23.074 52.0
vertex 19.374 21.376 53.0
endloop
endfacet
facet normal 0.46192567570950127 0.5353344047141476 0.7071362989195719
outer loop
vertex 19.374 21.376 53.0
vertex 18.937 23.074 52.0
vertex 18.302 22.301 53.0
endloop
endfacet
facet normal 0.0 0.0 1.0
outer loop
vertex 19.374 21.376 53.0
vertex 18.302 22.301 53.0
vertex 15.211 16.783 53.0
endloop
endfacet
facet normal 0.0 -0.0 0.9999999999999999
outer loop
vertex 15.211 16.783 53.0
vertex 18.302 22.301 53.0
vertex 14.369 17.509 53.0
endloop
endfacet
facet normal -0.46174407195402056 -0.5355213616877218 0.7071133453637038
outer loop
vertex 15.211 16.783 53.0
vertex 14.369 17.509 53.0
vertex 14.539 16.042 52.0
endloop
endfacet
facet normal -0.46217304454189656 -0.5354281380571837 0.7069036609577654
outer loop
vertex 14.539 16.042 52.0
vertex 14.369 17.509 53.0
vertex 13.735 16.736 52.0
endloop
endfacet
facet normal -0.653423742169737 -0.7569923468364111 0.0
outer loop
vertex 14.539 16.042 52.0
vertex 13.735 16.736 52.0
vertex 14.539 16.042 0.0
endloop
endfacet
facet normal -0.653423742169737 -0.7569923468364111 -0.0
outer loop
vertex 14.539 16.042 0.0
vertex 13.735 16.736 52.0
vertex 13.735 16.736 0.0
endloop
endfacet
facet normal 0.0 0.0 -0.9999999999999999
outer loop
vertex 13.735 16.736 0.0
vertex 12.897 17.389 0.0
vertex 22.204 27.055 0.0
endloop
endfacet
facet normal -0.0 0.0 -1.0
outer loop
vertex 22.204 27.055 0.0
vertex 12.897 17.389 0.0
vertex 20.849 28.112 0.0
endloop
endfacet
facet normal 0.6150679768387132 0.788474085729856 0.0
outer loop
vertex 22.204 27.055 0.0
vertex 20.849 28.112 0.0
vertex 22.204 27.055 3.0
endloop
endfacet
facet normal 0.6150679768387132 0.788474085729856 -0.0
outer loop
vertex 22.204 27.055 3.0
vertex 20.849 28.112 0.0
vertex 20.849 28.112 3.0
endloop
endfacet
facet normal 0.0 0.0 1.0
outer loop
vertex 22.204 27.055 3.0
vertex 20.849 28.112 3.0
vertex 18.937 23.074 3.0
endloop
endfacet
facet normal 0.0 -0.0 1.0
outer loop
vertex 18.937 23.074 3.0
vertex 20.849 28.112 3.0
vertex 17.782 23.976 3.0
endloop
endfacet
facet normal 0.6154983707599345 0.788138157680407 0.0
outer loop
vertex 18.937 23.074 3.0
vertex 17.782 23.976 3.0
vertex 18.937 23.074 52.0
endloop
endfacet
facet normal 0.6154983707599345 0.788138157680407 -0.0
outer loop
vertex 18.937 23.074 52.0
vertex 17.782 23.976 3.0
vertex 17.782 23.976 52.0
endloop
endfacet
facet normal 0.435207347160982 0.5572777006329669 0.7071323280365095
outer loop
vertex 18.937 23.074 52.0
vertex 17.782 23.976 52.0
vertex 18.302 22.301 53.0
endloop
endfacet
facet normal 0.4354288991516859 0.5572690957033044 0.7070027077441586
outer loop
vertex 18.302 22.301 53.0
vertex 17.782 23.976 52.0
vertex 17.186 23.173 53.0
endloop
endfacet
facet normal 0.0 0.0 1.0
outer loop
vertex 18.302 22.301 53.0
vertex 17.186 23.173 53.0
vertex 14.369 17.509 53.0
endloop
endfacet
facet normal 0.0 -0.0 1.0
outer loop
vertex 14.369 17.509 53.0
vertex 17.186 23.173 53.0
vertex 13.493 18.193 53.0
endloop
endfacet
facet normal -0.4352965454907364 -0.5574850494881348 0.706913953095455
outer loop
vertex 14.369 17.509 53.0
vertex 13.493 18.193 53.0
vertex 13.735 16.736 52.0
endloop
endfacet
facet normal -0.43451389406557983 -0.5576150738544506 0.7072928002420652
outer loop
vertex 13.735 16.736 52.0
vertex 13.493 18.193 53.0
vertex 12.897 17.389 52.0
endloop
endfacet
facet normal -0.6146571828539932 -0.7887943632950181 0.0
outer loop
vertex 13.735 16.736 52.0
vertex 12.897 17.389 52.0
vertex 13.735 16.736 0.0
endloop
endfacet
facet normal -0.6146571828539932 -0.7887943632950181 -0.0
outer loop
vertex 13.735 16.736 0.0
vertex 12.897 17.389 52.0
vertex 12.897 17.389 0.0
endloop
endfacet
facet normal 0.0 0.0 -1.0
outer loop
vertex 12.897 17.389 0.0
vertex 12.028 18.001 0.0
vertex 20.849 28.112 0.0
endloop
endfacet
facet normal -0.0 0.0 -1.0
outer loop
vertex 20.849 28.112 0.0
vertex 12.028 18.001 0.0
vertex 19.445 29.101 0.0
endloop
endfacet
facet normal 0.5758827793761245 0.8175322772943157 0.0
outer loop
vertex 20.849 28.112 0.0
vertex 19.445 29.101 0.0
vertex 20.849 28.112 3.0
endloop
endfacet
facet normal 0.5758827793761245 0.8175322772943157 -0.0
outer loop
vertex 20.849 28.112 3.0
vertex 19.445 29.101 0.0
vertex 19.445 29.101 3.0
endloop
endfacet
facet normal 0.0 0.0 1.0
outer loop
vertex 20.849 28.112 3.0
vertex 19.445 29.101 3.0
vertex 17.782 23.976 3.0
endloop
endfacet
facet normal 0.0 -0.0 1.0
outer loop
vertex 17.782 23.976 3.0
vertex 19.445 29.101 3.0
vertex 16.584 24.819 3.0
endloop
endfacet
facet normal 0.5754764962978718 0.8178183185822665 0.0
outer loop
vertex 17.782 23.976 3.0
vertex 16.584 24.819 3.0
vertex 17.782 23.976 52.0
endloop
endfacet
facet normal 0.5754764962978718 0.8178183185822665 -0.0
outer loop
vertex 17.782 23.976 52.0
vertex 16.584 24.819 3.0
vertex 16.584 24.819 52.0
endloop
endfacet
facet normal 0.4069859832855686 0.5783739121899305 0.7069978975267135
outer loop
vertex 17.782 23.976 52.0
vertex 16.584 24.819 52.0
vertex 17.186 23.173 53.0
endloop
endfacet
facet normal 0.4070599144772425 0.5783747005701185 0.7069546886231154
outer loop
vertex 17.186 23.173 53.0
vertex 16.584 24.819 52.0
vertex 16.028 23.988 53.0
endloop
endfacet
facet normal 0.0 0.0 1.0
outer loop
vertex 17.186 23.173 53.0
vertex 16.028 23.988 53.0
vertex 13.493 18.193 53.0
endloop
endfacet
facet normal 0.0 -0.0 1.0
outer loop
vertex 13.493 18.193 53.0
vertex 16.028 23.988 53.0
vertex 12.584 18.833 53.0
endloop
endfacet
facet normal -0.40697197157778414 -0.5780273783815747 0.7072893072791466
outer loop
vertex 13.493 18.193 53.0
vertex 12.584 18.833 53.0
vertex 12.897 17.389 52.0
endloop
endfacet
facet normal -0.4070720866579249 -0.5780157570355156 0.7072411900353532
outer loop
vertex 12.897 17.389 52.0
vertex 12.584 18.833 53.0
vertex 12.028 18.001 52.0
endloop
endfacet
facet normal -0.5757963356129059 -0.817593162822898 0.0
outer loop
vertex 12.897 17.389 52.0
vertex 12.028 18.001 52.0
vertex 12.897 17.389 0.0
endloop
endfacet
facet normal -0.5757963356129059 -0.817593162822898 -0.0
outer loop
vertex 12.897 17.389 0.0
vertex 12.028 18.001 52.0
vertex 12.028 18.001 0.0
endloop
endfacet
facet normal 0.0 0.0 -0.9999999999999999
outer loop
vertex 12.028 18.001 0.0
vertex 11.13 18.57 0.0
vertex 19.445 29.101 0.0
endloop
endfacet
facet normal -0.0 0.0 -1.0
outer loop
vertex 19.445 29.101 0.0
vertex 11.13 18.57 0.0
vertex 17.994 30.021 0.0
endloop
endfacet
facet normal 0.535481275972437 0.8445470993869619 0.0
outer loop
vertex 19.445 29.101 0.0
vertex 17.994 30.021 0.0
vertex 19.445 29.101 3.0
endloop
endfacet
facet normal 0.535481275972437 0.8445470993869619 -0.0
outer loop
vertex 19.445 29.101 3.0
vertex 17.994 30.021 0.0
vertex 17.994 30.021 3.0
endloop
endfacet
facet normal 0.0 0.0 1.0
outer loop
vertex 19.445 29.101 3.0
vertex 17.994 30.021 3.0
vertex 16.584 24.819 3.0
endloop
endfacet
facet normal 0.0 -0.0 1.0
outer loop
vertex 16.584 24.819 3.0
vertex 17.994 30.021 3.0
vertex 15.346 25.603 3.0
endloop
endfacet
facet normal 0.5350196102274212 0.8448396396193176 0.0
outer loop
vertex 16.584 24.819 3.0
vertex 15.346 25.603 3.0
vertex 16.584 24.819 52.0
endloop
endfacet
facet normal 0.5350196102274212 0.8448396396193176 -0.0
outer loop
vertex 16.584 24.819 52.0
vertex 15.346 25.603 3.0
vertex 15.346 25.603 52.0
endloop
endfacet
facet normal 0.37840440894711 0.597531451883317 0.7069414878896297
outer loop
vertex 16.584 24.819 52.0
vertex 15.346 25.603 52.0
vertex 16.028 23.988 53.0
endloop
endfacet
facet normal 0.37819554037201897 0.5975189779193303 0.7070637908060031
outer loop
vertex 16.028 23.988 53.0
vertex 15.346 25.603 52.0
vertex 14.832 24.745 53.0
endloop
endfacet
facet normal 0.0 0.0 1.0
outer loop
vertex 16.028 23.988 53.0
vertex 14.832 24.745 53.0
vertex 12.584 18.833 53.0
endloop
endfacet
facet normal 0.0 -0.0 1.0
outer loop
vertex 12.584 18.833 53.0
vertex 14.832 24.745 53.0
vertex 11.644 19.428 53.0
endloop
endfacet
facet normal -0.37811735675310437 -0.5973618745343134 0.7072383299672728
outer loop
vertex 12.584 18.833 53.0
vertex 11.644 19.428 53.0
vertex 12.028 18.001 52.0
endloop
endfacet
facet normal -0.37849085016552864 -0.5973370535125574 0.7070594888988561
outer loop
vertex 12.028 18.001 52.0
vertex 11.644 19.428 53.0
vertex 11.13 18.57 52.0
endloop
endfacet
facet normal -0.535231098929851 -0.8447056710703107 0.0
outer loop
vertex 12.028 18.001 52.0
vertex 11.13 18.57 52.0
vertex 12.028 18.001 0.0
endloop
endfacet
facet normal -0.535231098929851 -0.8447056710703107 -0.0
outer loop
vertex 12.028 18.001 0.0
vertex 11.13 18.57 52.0
vertex 11.13 18.57 0.0
endloop
endfacet
facet normal 0.0 0.0 -1.0
outer loop
vertex 11.13 18.57 0.0
vertex 10.206 19.094 0.0
vertex 17.994 30.021 0.0
endloop
endfacet
facet normal -0.0 0.0 -0.9999999999999999
outer loop
vertex 17.994 30.021 0.0
vertex 10.206 19.094 0.0
vertex 16.499 30.867 0.0
endloop
endfacet
facet normal 0.4924983926643023 0.8703133534670595 0.0
outer loop
vertex 17.994 30.021 0.0
vertex 16.499 30.867 0.0
vertex 17.994 30.021 3.0
endloop
endfacet
facet normal 0.4924983926643023 0.8703133534670595 -0.0
outer loop
vertex 17.994 30.021 3.0
vertex 16.499 30.867 0.0
vertex 16.499 30.867 3.0
endloop
endfacet
facet normal 0.0 0.0 1.0
outer loop
vertex 17.994 30.021 3.0
vertex 16.499 30.867 3.0
vertex 15.346 25.603 3.0
endloop
endfacet
facet normal 0.0 -0.0 0.9999999999999999
outer loop
vertex 15.346 25.603 3.0
vertex 16.499 30.867 3.0
vertex 14.071 26.325 3.0
endloop
endfacet
facet normal 0.49275425058933975 0.8701685173149728 0.0
outer loop
vertex 15.346 25.603 3.0
vertex 14.071 26.325 3.0
vertex 15.346 25.603 52.0
endloop
endfacet
facet normal 0.49275425058933975 0.8701685173149728 -0.0
outer loop
vertex 15.346 25.603 52.0
vertex 14.071 26.325 3.0
vertex 14.071 26.325 52.0
endloop
endfacet
facet normal 0.3484507309655307 0.6153388947105999 0.7070644473779775
outer loop
vertex 15.346 25.603 52.0
vertex 14.071 26.325 52.0
vertex 14.832 24.745 53.0
endloop
endfacet
facet normal 0.3486369874347001 0.6153592672199867 0.7069548947697707
outer loop
vertex 14.832 24.745 53.0
vertex 14.071 26.325 52.0
vertex 13.6 25.443 53.0
endloop
endfacet
facet normal 0.0 0.0 1.0
outer loop
vertex 14.832 24.745 53.0
vertex 13.6 25.443 53.0
vertex 11.644 19.428 53.0
endloop
endfacet
facet normal 0.0 -0.0 1.0
outer loop
vertex 11.644 19.428 53.0
vertex 13.6 25.443 53.0
vertex 10.677 19.976 53.0
endloop
endfacet
facet normal -0.34864808586921947 -0.6152239033495192 0.7070672252106662
outer loop
vertex 11.644 19.428 53.0
vertex 10.677 19.976 53.0
vertex 11.13 18.57 52.0
endloop
endfacet
facet normal -0.3488907723941965 -0.615219606282896 0.7069512465391794
outer loop
vertex 11.13 18.57 52.0
vertex 10.677 19.976 53.0
vertex 10.206 19.094 52.0
endloop
endfacet
facet normal -0.49329758062319157 -0.869860619266849 0.0
outer loop
vertex 11.13 18.57 52.0
vertex 10.206 19.094 52.0
vertex 11.13 18.57 0.0
endloop
endfacet
facet normal -0.49329758062319157 -0.869860619266849 -0.0
outer loop
vertex 11.13 18.57 0.0
vertex 10.206 19.094 52.0
vertex 10.206 19.094 0.0
endloop
endfacet
facet normal 0.0 0.0 -1.0
outer loop
vertex 10.206 19.094 0.0
vertex 9.257 19.571 0.0
vertex 16.499 30.867 0.0
endloop
endfacet
facet normal -0.0 0.0 -1.0
outer loop
vertex 16.499 30.867 0.0
vertex 9.257 19.571 0.0
vertex 14.964 31.64 0.0
endloop
endfacet
facet normal 0.4497719141044609 0.8931434516822083 0.0
outer loop
vertex 16.499 30.867 0.0
vertex 14.964 31.64 0.0
vertex 16.499 30.867 3.0
endloop
endfacet
facet normal 0.4497719141044609 0.8931434516822083 -0.0
outer loop
vertex 16.499 30.867 3.0
vertex 14.964 31.64 0.0
vertex 14.964 31.64 3.0
endloop
endfacet
facet normal 0.0 0.0 1.0
outer loop
vertex 16.499 30.867 3.0
vertex 14.964 31.64 3.0
vertex 14.071 26.325 3.0
endloop
endfacet
facet normal 0.0 -0.0 0.9999999999999999
outer loop
vertex 14.071 26.325 3.0
vertex 14.964 31.64 3.0
vertex 12.763 26.984 3.0
endloop
endfacet
facet normal 0.4499425733850725 0.893057490117864 0.0
outer loop
vertex 14.071 26.325 3.0
vertex 12.763 26.984 3.0
vertex 14.071 26.325 52.0
endloop
endfacet
facet normal 0.4499425733850725 0.893057490117864 -0.0
outer loop
vertex 14.071 26.325 52.0
vertex 12.763 26.984 3.0
vertex 12.763 26.984 52.0
endloop
endfacet
facet normal 0.3182211369963264 0.6316134251763176 0.7069651965307807
outer loop
vertex 14.071 26.325 52.0
vertex 12.763 26.984 52.0
vertex 13.6 25.443 53.0
endloop
endfacet
facet normal 0.3180389744716528 0.6315844626477902 0.7070730353074716
outer loop
vertex 13.6 25.443 53.0
vertex 12.763 26.984 52.0
vertex 12.335 26.08 53.0
endloop
endfacet
facet normal 0.0 0.0 1.0
outer loop
vertex 13.6 25.443 53.0
vertex 12.335 26.08 53.0
vertex 10.677 19.976 53.0
endloop
endfacet
facet normal 0.0 -0.0 1.0
outer loop
vertex 10.677 19.976 53.0
vertex 12.335 26.08 53.0
vertex 9.684 20.475 53.0
endloop
endfacet
facet normal -0.317567248384777 -0.6319524602125897 0.7069562438967326
outer loop
vertex 10.677 19.976 53.0
vertex 9.684 20.475 53.0
vertex 10.206 19.094 52.0
endloop
endfacet
facet normal -0.3176422200803325 -0.6319548571409545 0.7069204188297246
outer loop
vertex 10.206 19.094 52.0
vertex 9.684 20.475 53.0
vertex 9.257 19.571 52.0
endloop
endfacet
facet normal -0.4490956048879751 -0.8934837086764948 0.0
outer loop
vertex 10.206 19.094 52.0
vertex 9.257 19.571 52.0
vertex 10.206 19.094 0.0
endloop
endfacet
facet normal -0.4490956048879751 -0.8934837086764948 -0.0
outer loop
vertex 10.206 19.094 0.0
vertex 9.257 19.571 52.0
vertex 9.257 19.571 0.0
endloop
endfacet
facet normal 0.0 0.0 -0.9999999999999999
outer loop
vertex 9.257 19.571 0.0
vertex 8.285 20.002 0.0
vertex 14.964 31.64 0.0
endloop
endfacet
facet normal -0.0 0.0 -1.0
outer loop
vertex 14.964 31.64 0.0
vertex 8.285 20.002 0.0
vertex 13.394 32.336 0.0
endloop
endfacet
facet normal 0.4052738537934065 0.9141953311144401 0.0
outer loop
vertex 14.964 31.64 0.0
vertex 13.394 32.336 0.0
vertex 14.964 31.64 3.0
endloop
endfacet
facet normal 0.4052738537934065 0.9141953311144401 -0.0
outer loop
vertex 14.964 31.64 3.0
vertex 13.394 32.336 0.0
vertex 13.394 32.336 3.0
endloop
endfacet
facet normal 0.0 0.0 1.0
outer loop
vertex 14.964 31.64 3.0
vertex 13.394 32.336 3.0
vertex 12.763 26.984 3.0
endloop
endfacet
facet normal 0.0 -0.0 1.0
outer loop
vertex 12.763 26.984 3.0
vertex 13.394 32.336 3.0
vertex 11.423 27.578 3.0
endloop
endfacet
facet normal 0.4052520631185788 0.9142049908735652 0.0
outer loop
vertex 12.763 26.984 3.0
vertex 11.423 27.578 3.0
vertex 12.763 26.984 52.0
endloop
endfacet
facet normal 0.4052520631185788 0.9142049908735652 -0.0
outer loop
vertex 12.763 26.984 52.0
vertex 11.423 27.578 3.0
vertex 11.423 27.578 52.0
endloop
endfacet
facet normal 0.2865723583399846 0.6464763639319544 0.7070676023640022
outer loop
vertex 12.763 26.984 52.0
vertex 11.423 27.578 52.0
vertex 12.335 26.08 53.0
endloop
endfacet
facet normal 0.2865436028604775 0.6464703235266861 0.7070847788342207
outer loop
vertex 12.335 26.08 53.0
vertex 11.423 27.578 52.0
vertex 11.04 26.654 53.0
endloop
endfacet
facet normal 0.0 0.0 1.0
outer loop
vertex 12.335 26.08 53.0
vertex 11.04 26.654 53.0
vertex 9.684 20.475 53.0
endloop
endfacet
facet normal 0.0 -0.0 1.0
outer loop
vertex 9.684 20.475 53.0
vertex 11.04 26.654 53.0
vertex 8.668 20.926 53.0
endloop
endfacet
facet normal -0.2869604139558777 -0.6464562762287666 0.7069285704699645
outer loop
vertex 9.684 20.475 53.0
vertex 8.668 20.926 53.0
vertex 9.257 19.571 52.0
endloop
endfacet
facet normal -0.28663724452146466 -0.6464301662989912 0.7070835383119881
outer loop
vertex 9.257 19.571 52.0
vertex 8.668 20.926 53.0
vertex 8.285 20.002 52.0
endloop
endfacet
facet normal -0.40535295501237995 -0.9141602604919618 0.0
outer loop
vertex 9.257 19.571 52.0
vertex 8.285 20.002 52.0
vertex 9.257 19.571 0.0
endloop
endfacet
facet normal -0.40535295501237995 -0.9141602604919618 -0.0
outer loop
vertex 9.257 19.571 0.0
vertex 8.285 20.002 52.0
vertex 8.285 20.002 0.0
endloop
endfacet
facet normal 0.0 0.0 -1.0
outer loop
vertex 8.285 20.002 0.0
vertex 7.294 20.384 0.0
vertex 13.394 32.336 0.0
endloop
endfacet
facet normal -0.0 0.0 -1.0
outer loop
vertex 13.394 32.336 0.0
vertex 7.294 20.384 0.0
vertex 11.791 32.954 0.0
endloop
endfacet
facet normal 0.3597200569133035 0.9330602770744716 0.0
outer loop
vertex 13.394 32.336 0.0
vertex 11.791 32.954 0.0
vertex 13.394 32.336 3.0
endloop
endfacet
facet normal 0.3597200569133035 0.9330602770744716 -0.0
outer loop
vertex 13.394 32.336 3.0
vertex 11.791 32.954 0.0
vertex 11.791 32.954 3.0
endloop
endfacet
facet normal 0.0 0.0 1.0
outer loop
vertex 13.394 32.336 3.0
vertex 11.791 32.954 3.0
vertex 11.423 27.578 3.0
endloop
endfacet
facet normal 0.0 -0.0 1.0
outer loop
vertex 11.423 27.578 3.0
vertex 11.791 32.954 3.0
vertex 10.056 28.105 3.0
endloop
endfacet
facet normal 0.359710789264488 0.9330638499517163 0.0
outer loop
vertex 11.423 27.578 3.0
vertex 10.056 28.105 3.0
vertex 11.423 27.578 52.0
endloop
endfacet
facet normal 0.359710789264488 0.9330638499517163 -0.0
outer loop
vertex 11.423 27.578 52.0
vertex 10.056 28.105 3.0
vertex 10.056 28.105 52.0
endloop
endfacet
facet normal 0.2543640835093396 0.6598020913800128 0.7070785764192088
outer loop
vertex 11.423 27.578 52.0
vertex 10.056 28.105 52.0
vertex 11.04 26.654 53.0
endloop
endfacet
facet normal 0.2547717396825985 0.6599087610210028 0.7068322203937987
outer loop
vertex 11.04 26.654 53.0
vertex 10.056 28.105 52.0
vertex 9.719 27.164 53.0
endloop
endfacet
facet normal 0.0 0.0 1.0
outer loop
vertex 11.04 26.654 53.0
vertex 9.719 27.164 53.0
vertex 8.668 20.926 53.0
endloop
endfacet
facet normal 0.0 -0.0 1.0
outer loop
vertex 8.668 20.926 53.0
vertex 9.719 27.164 53.0
vertex 7.631 21.326 53.0
endloop
endfacet
facet normal -0.25448545558767344 -0.6597535436110393 0.7070802037866787
outer loop
vertex 8.668 20.926 53.0
vertex 7.631 21.326 53.0
vertex 8.285 20.002 52.0
endloop
endfacet
facet normal -0.2543056501225196 -0.6597301028047542 0.7071667609333678
outer loop
vertex 8.285 20.002 52.0
vertex 7.631 21.326 53.0
vertex 7.294 20.384 52.0
endloop
endfacet
facet normal -0.35967301094462756 -0.9330784132097506 0.0
outer loop
vertex 8.285 20.002 52.0
vertex 7.294 20.384 52.0
vertex 8.285 20.002 0.0
endloop
endfacet
facet normal -0.35967301094462756 -0.9330784132097506 -0.0
outer loop
vertex 8.285 20.002 0.0
vertex 7.294 20.384 52.0
vertex 7.294 20.384 0.0
endloop
endfacet
facet normal 0.0 0.0 -1.0
outer loop
vertex 7.294 20.384 0.0
vertex 6.285 20.718 0.0
vertex 11.791 32.954 0.0
endloop
endfacet
facet normal -0.0 0.0 -1.0
outer loop
vertex 11.791 32.954 0.0
vertex 6.285 20.718 0.0
vertex 10.16 33.493 0.0
endloop
endfacet
facet normal 0.3137816638127325 0.94949516452424 0.0
outer loop
vertex 11.791 32.954 0.0
vertex 10.16 33.493 0.0
vertex 11.791 32.954 3.0
endloop
endfacet
facet normal 0.3137816638127325 0.94949516452424 -0.0
outer loop
vertex 11.791 32.954 3.0
vertex 10.16 33.493 0.0
vertex 10.16 33.493 3.0
endloop
endfacet
facet normal 0.0 0.0 1.0
outer loop
vertex 11.791 32.954 3.0
vertex 10.16 33.493 3.0
vertex 10.056 28.105 3.0
endloop
endfacet
facet normal 0.0 -0.0 0.9999999999999999
outer loop
vertex 10.056 28.105 3.0
vertex 10.16 33.493 3.0
vertex 8.665 28.565 3.0
endloop
endfacet
facet normal 0.3139744493092933 0.9494314325852743 0.0
outer loop
vertex 10.056 28.105 3.0
vertex 8.665 28.565 3.0
vertex 10.056 28.105 52.0
endloop
endfacet
facet normal 0.3139744493092933 0.9494314325852743 -0.0
outer loop
vertex 10.056 28.105 52.0
vertex 8.665 28.565 3.0
vertex 8.665 28.565 52.0
endloop
endfacet
facet normal 0.2220995793455967 0.6716098149341836 0.7068323940925321
outer loop
vertex 10.056 28.105 52.0
vertex 8.665 28.565 52.0
vertex 9.719 27.164 53.0
endloop
endfacet
facet normal 0.22184458461636153 0.6715295534333117 0.7069887121744245
outer loop
vertex 9.719 27.164 53.0
vertex 8.665 28.565 52.0
vertex 8.375 27.608 53.0
endloop
endfacet
facet normal 0.0 0.0 1.0
outer loop
vertex 9.719 27.164 53.0
vertex 8.375 27.608 53.0
vertex 7.631 21.326 53.0
endloop
endfacet
facet normal 0.0 -0.0 1.0
outer loop
vertex 7.631 21.326 53.0
vertex 8.375 27.608 53.0
vertex 6.575 21.675 53.0
endloop
endfacet
facet normal -0.2218706588863456 -0.671333569581607 0.7071666345905725
outer loop
vertex 7.631 21.326 53.0
vertex 6.575 21.675 53.0
vertex 7.294 20.384 52.0
endloop
endfacet
facet normal -0.22224795696522054 -0.6714017622093044 0.7069833939542187
outer loop
vertex 7.294 20.384 52.0
vertex 6.575 21.675 53.0
vertex 6.285 20.718 52.0
endloop
endfacet
facet normal -0.31425124896314527 -0.949339850909622 0.0
outer loop
vertex 7.294 20.384 52.0
vertex 6.285 20.718 52.0
vertex 7.294 20.384 0.0
endloop
endfacet
facet normal -0.31425124896314527 -0.949339850909622 -0.0
outer loop
vertex 7.294 20.384 0.0
vertex 6.285 20.718 52.0
vertex 6.285 20.718 0.0
endloop
endfacet
facet normal 0.0 0.0 -1.0
outer loop
vertex 6.285 20.718 0.0
vertex 5.261 21.001 0.0
vertex 10.16 33.493 0.0
endloop
endfacet
facet normal -0.0 0.0 -1.0
outer loop
vertex 10.16 33.493 0.0
vertex 5.261 21.001 0.0
vertex 8.504 33.951 0.0
endloop
endfacet
facet normal 0.2665630479668493 0.9638174834783934 0.0
outer loop
vertex 10.16 33.493 0.0
vertex 8.504 33.951 0.0
vertex 10.16 33.493 3.0
endloop
endfacet
facet normal 0.2665630479668493 0.9638174834783934 -0.0
outer loop
vertex 10.16 33.493 3.0
vertex 8.504 33.951 0.0
vertex 8.504 33.951 3.0
endloop
endfacet
facet normal 0.0 0.0 1.0
outer loop
vertex 10.16 33.493 3.0
vertex 8.504 33.951 3.0
vertex 8.665 28.565 3.0
endloop
endfacet
facet normal 0.0 0.0 1.0
outer loop
vertex 8.665 28.565 3.0
vertex 8.504 33.951 3.0
vertex 7.253 28.955 3.0
endloop
endfacet
facet normal 0.2662352363165947 0.9639080863564984 0.0
outer loop
vertex 8.665 28.565 3.0
vertex 7.253 28.955 3.0
vertex 8.665 28.565 52.0
endloop
endfacet
facet normal 0.2662352363165947 0.9639080863564984 -0.0
outer loop
vertex 8.665 28.565 52.0
vertex 7.253 28.955 3.0
vertex 7.253 28.955 52.0
endloop
endfacet
facet normal 0.18828796999116423 0.6816990093013481 0.706989463198828
outer loop
vertex 8.665 28.565 52.0
vertex 7.253 28.955 52.0
vertex 8.375 27.608 53.0
endloop
endfacet
facet normal 0.1882777265642594 0.6816952168705965 0.7069958479195929
outer loop
vertex 8.375 27.608 53.0
vertex 7.253 28.955 52.0
vertex 7.01 27.985 53.0
endloop
endfacet
facet normal 0.0 0.0 1.0
outer loop
vertex 8.375 27.608 53.0
vertex 7.01 27.985 53.0
vertex 6.575 21.675 53.0
endloop
endfacet
facet normal 0.0 -0.0 1.0
outer loop
vertex 6.575 21.675 53.0
vertex 7.01 27.985 53.0
vertex 5.504 21.971 53.0
endloop
endfacet
facet normal -0.18839732262967462 -0.6816673396499394 0.7069908676075982
outer loop
vertex 6.575 21.675 53.0
vertex 5.504 21.971 53.0
vertex 6.285 20.718 52.0
endloop
endfacet
facet normal -0.18839001691783058 -0.6816656442539141 0.7069944490373286
outer loop
vertex 6.285 20.718 52.0
vertex 5.504 21.971 53.0
vertex 5.261 21.001 52.0
endloop
endfacet
facet normal -0.26638140587312137 -0.9638677018165197 0.0
outer loop
vertex 6.285 20.718 52.0
vertex 5.261 21.001 52.0
vertex 6.285 20.718 0.0
endloop
endfacet
facet normal -0.26638140587312137 -0.9638677018165197 -0.0
outer loop
vertex 6.285 20.718 0.0
vertex 5.261 21.001 52.0
vertex 5.261 21.001 0.0
endloop
endfacet
facet normal 0.0 0.0 -1.0
outer loop
vertex 5.261 21.001 0.0
vertex 4.224 21.234 0.0
vertex 8.504 33.951 0.0
endloop
endfacet
facet normal -0.0 0.0 -1.0
outer loop
vertex 8.504 33.951 0.0
vertex 4.224 21.234 0.0
vertex 6.828 34.327 0.0
endloop
endfacet
facet normal 0.21890260409966997 0.9757467140187474 0.0
outer loop
vertex 8.504 33.951 0.0
vertex 6.828 34.327 0.0
vertex 8.504 33.951 3.0
endloop
endfacet
facet normal 0.21890260409966997 0.9757467140187474 -0.0
outer loop
vertex 8.504 33.951 3.0
vertex 6.828 34.327 0.0
vertex 6.828 34.327 3.0
endloop
endfacet
facet normal 0.0 0.0 1.0
outer loop
vertex 8.504 33.951 3.0
vertex 6.828 34.327 3.0
vertex 7.253 28.955 3.0
endloop
endfacet
facet normal 0.0 0.0 1.0
outer loop
vertex 7.253 28.955 3.0
vertex 6.828 34.327 3.0
vertex 5.823 29.276 3.0
endloop
endfacet
facet normal 0.21902508545233013 0.9757192280275095 0.0
outer loop
vertex 7.253 28.955 3.0
vertex 5.823 29.276 3.0
vertex 7.253 28.955 52.0
endloop
endfacet
facet normal 0.21902508545233013 0.9757192280275095 -0.0
outer loop
vertex 7.253 28.955 52.0
vertex 5.823 29.276 3.0
vertex 5.823 29.276 52.0
endloop
endfacet
facet normal 0.1548996216602375 0.6900512740627368 0.7069903439042918
outer loop
vertex 7.253 28.955 52.0
vertex 5.823 29.276 52.0
vertex 7.01 27.985 53.0
endloop
endfacet
facet normal 0.15532760145851526 0.6902339074458781 0.7067181115813713
outer loop
vertex 7.01 27.985 53.0
vertex 5.823 29.276 52.0
vertex 5.628 28.296 53.0
endloop
endfacet
facet normal 0.0 0.0 1.0
outer loop
vertex 7.01 27.985 53.0
vertex 5.628 28.296 53.0
vertex 5.504 21.971 53.0
endloop
endfacet
facet normal 0.0 -0.0 0.9999999999999999
outer loop
vertex 5.504 21.971 53.0
vertex 5.628 28.296 53.0
vertex 4.419 22.215 53.0
endloop
endfacet
facet normal -0.15516771525521916 -0.6899875862783317 0.7069937134969992
outer loop
vertex 5.504 21.971 53.0
vertex 4.419 22.215 53.0
vertex 5.261 21.001 52.0
endloop
endfacet
facet normal -0.15502162937432512 -0.6899460500479604 0.7070662928250411
outer loop
vertex 5.261 21.001 52.0
vertex 4.419 22.215 53.0
vertex 4.224 21.234 52.0
endloop
endfacet
facet normal -0.2192211390162042 -0.9756751981107433 0.0
outer loop
vertex 5.261 21.001 52.0
vertex 4.224 21.234 52.0
vertex 5.261 21.001 0.0
endloop
endfacet
facet normal -0.2192211390162042 -0.9756751981107433 -0.0
outer loop
vertex 5.261 21.001 0.0
vertex 4.224 21.234 52.0
vertex 4.224 21.234 0.0
endloop
endfacet
facet normal 0.0 0.0 -1.0
outer loop
vertex 4.224 21.234 0.0
vertex 3.177 21.416 0.0
vertex 6.828 34.327 0.0
endloop
endfacet
facet normal -0.0 0.0 -0.9999999999999999
outer loop
vertex 6.828 34.327 0.0
vertex 3.177 21.416 0.0
vertex 5.136 34.621 0.0
endloop
endfacet
facet normal 0.17119373018901024 0.985237385985719 0.0
outer loop
vertex 6.828 34.327 0.0
vertex 5.136 34.621 0.0
vertex 6.828 34.327 3.0
endloop
endfacet
facet normal 0.17119373018901024 0.985237385985719 -0.0
outer loop
vertex 6.828 34.327 3.0
vertex 5.136 34.621 0.0
vertex 5.136 34.621 3.0
endloop
endfacet
facet normal 0.0 0.0 1.0
outer loop
vertex 6.828 34.327 3.0
vertex 5.136 34.621 3.0
vertex 5.823 29.276 3.0
endloop
endfacet
facet normal 0.0 0.0 1.0
outer loop
vertex 5.823 29.276 3.0
vertex 5.136 34.621 3.0
vertex 4.38 29.527 3.0
endloop
endfacet
facet normal 0.17136998793666355 0.9852067433968302 0.0
outer loop
vertex 5.823 29.276 3.0
vertex 4.38 29.527 3.0
vertex 5.823 29.276 52.0
endloop
endfacet
facet normal 0.17136998793666355 0.9852067433968302 -0.0
outer loop
vertex 5.823 29.276 52.0
vertex 4.38 29.527 3.0
vertex 4.38 29.527 52.0
endloop
endfacet
facet normal 0.12124234851626169 0.6970227446572304 0.7067245477247572
outer loop
vertex 5.823 29.276 52.0
vertex 4.38 29.527 52.0
vertex 5.628 28.296 53.0
endloop
endfacet
facet normal 0.12088729306726263 0.6968503050778132 0.7069553838028454
outer loop
vertex 5.628 28.296 53.0
vertex 4.38 29.527 52.0
vertex 4.233 28.538 53.0
endloop
endfacet
facet normal 0.0 0.0 1.0
outer loop
vertex 5.628 28.296 53.0
vertex 4.233 28.538 53.0
vertex 4.419 22.215 53.0
endloop
endfacet
facet normal 0.0 0.0 1.0
outer loop
vertex 4.419 22.215 53.0
vertex 4.233 28.538 53.0
vertex 3.323 22.405 53.0
endloop
endfacet
facet normal -0.12078748066369768 -0.6967530463547986 0.7070682972034771
outer loop
vertex 4.419 22.215 53.0
vertex 3.323 22.405 53.0
vertex 4.224 21.234 52.0
endloop
endfacet
facet normal -0.12113714710714442 -0.6968713902262703 0.7068918284114248
outer loop
vertex 4.224 21.234 52.0
vertex 3.323 22.405 53.0
vertex 3.177 21.416 52.0
endloop
endfacet
facet normal -0.17126175045699593 -0.9852255644421767 0.0
outer loop
vertex 4.224 21.234 52.0
vertex 3.177 21.416 52.0
vertex 4.224 21.234 0.0
endloop
endfacet
facet normal -0.17126175045699593 -0.9852255644421767 -0.0
outer loop
vertex 4.224 21.234 0.0
vertex 3.177 21.416 52.0
vertex 3.177 21.416 0.0
endloop
endfacet
facet normal 0.0 0.0 -1.0
outer loop
vertex 3.177 21.416 0.0
vertex 2.122 21.546 0.0
vertex 5.136 34.621 0.0
endloop
endfacet
facet normal -0.0 0.0 -1.0
outer loop
vertex 5.136 34.621 0.0
vertex 2.122 21.546 0.0
vertex 3.431 34.831 0.0
endloop
endfacet
facet normal 0.12224342014043581 0.992500149235439 0.0
outer loop
vertex 5.136 34.621 0.0
vertex 3.431 34.831 0.0
vertex 5.136 34.621 3.0
endloop
endfacet
facet normal 0.12224342014043581 0.992500149235439 -0.0
outer loop
vertex 5.136 34.621 3.0
vertex 3.431 34.831 0.0
vertex 3.431 34.831 3.0
endloop
endfacet
facet normal 0.0 0.0 1.0
outer loop
vertex 5.136 34.621 3.0
vertex 3.431 34.831 3.0
vertex 4.38 29.527 3.0
endloop
endfacet
facet normal 0.0 0.0 1.0
outer loop
vertex 4.38 29.527 3.0
vertex 3.431 34.831 3.0
vertex 2.926 29.706 3.0
endloop
endfacet
facet normal 0.12218623600271568 0.9925071907706707 0.0
outer loop
vertex 4.38 29.527 3.0
vertex 2.926 29.706 3.0
vertex 4.38 29.527 52.0
endloop
endfacet
facet normal 0.12218623600271568 0.9925071907706707 -0.0
outer loop
vertex 4.38 29.527 52.0
vertex 2.926 29.706 3.0
vertex 2.926 29.706 52.0
endloop
endfacet
facet normal 0.08641811523645646 0.701966142758708 0.7069479781281219
outer loop
vertex 4.38 29.527 52.0
vertex 2.926 29.706 52.0
vertex 4.233 28.538 53.0
endloop
endfacet
facet normal 0.08643543442545855 0.7019756379639911 0.7069364323478668
outer loop
vertex 4.233 28.538 53.0
vertex 2.926 29.706 52.0
vertex 2.828 28.711 53.0
endloop
endfacet
facet normal 0.0 0.0 1.0
outer loop
vertex 4.233 28.538 53.0
vertex 2.828 28.711 53.0
vertex 3.323 22.405 53.0
endloop
endfacet
facet normal 0.0 0.0 1.0
outer loop
vertex 3.323 22.405 53.0
vertex 2.828 28.711 53.0
vertex 2.22 22.541 53.0
endloop
endfacet
facet normal -0.08655557049492638 -0.7019911342345905 0.7069063450502698
outer loop
vertex 3.323 22.405 53.0
vertex 2.22 22.541 53.0
vertex 3.177 21.416 52.0
endloop
endfacet
facet normal -0.08649850641110676 -0.7019686481824489 0.7069356585698258
outer loop
vertex 3.177 21.416 52.0
vertex 2.22 22.541 53.0
vertex 2.122 21.546 52.0
endloop
endfacet
facet normal -0.12229777151157653 -0.9924934534208788 0.0
outer loop
vertex 3.177 21.416 52.0
vertex 2.122 21.546 52.0
vertex 3.177 21.416 0.0
endloop
endfacet
facet normal -0.12229777151157653 -0.9924934534208788 -0.0
outer loop
vertex 3.177 21.416 0.0
vertex 2.122 21.546 52.0
vertex 2.122 21.546 0.0
endloop
endfacet
facet normal 0.0 0.0 -1.0
outer loop
vertex 2.122 21.546 0.0
vertex 1.062 21.624 0.0
vertex 3.431 34.831 0.0
endloop
endfacet
facet normal -0.0 0.0 -0.9999999999999999
outer loop
vertex 3.431 34.831 0.0
vertex 1.062 21.624 0.0
vertex 1.717 34.958 0.0
endloop
endfacet
facet normal 0.07389311736780745 0.9972661666805244 0.0
outer loop
vertex 3.431 34.831 0.0
vertex 1.717 34.958 0.0
vertex 3.431 34.831 3.0
endloop
endfacet
facet normal 0.07389311736780745 0.9972661666805244 -0.0
outer loop
vertex 3.431 34.831 3.0
vertex 1.717 34.958 0.0
vertex 1.717 34.958 3.0
endloop
endfacet
facet normal 0.0 0.0 1.0
outer loop
vertex 3.431 34.831 3.0
vertex 1.717 34.958 3.0
vertex 2.926 29.706 3.0
endloop
endfacet
facet normal 0.0 0.0 1.0
outer loop
vertex 2.926 29.706 3.0
vertex 1.717 34.958 3.0
vertex 1.465 29.814 3.0
endloop
endfacet
facet normal 0.07372082350328635 0.9972789179472297 0.0
outer loop
vertex 2.926 29.706 3.0
vertex 1.465 29.814 3.0
vertex 2.926 29.706 52.0
endloop
endfacet
facet normal 0.07372082350328635 0.9972789179472297 -0.0
outer loop
vertex 2.926 29.706 52.0
vertex 1.465 29.814 3.0
vertex 1.465 29.814 52.0
endloop
endfacet
facet normal 0.052141080487787365 0.7053529499320089 0.7069360110701527
outer loop
vertex 2.926 29.706 52.0
vertex 1.465 29.814 52.0
vertex 2.828 28.711 53.0
endloop
endfacet
facet normal 0.051943404807885105 0.7052316114301136 0.707071606654269
outer loop
vertex 2.828 28.711 53.0
vertex 1.465 29.814 52.0
vertex 1.416 28.815 53.0
endloop
endfacet
facet normal 0.0 0.0 1.0
outer loop
vertex 2.828 28.711 53.0
vertex 1.416 28.815 53.0
vertex 2.22 22.541 53.0
endloop
endfacet
facet normal 0.0 0.0 1.0
outer loop
vertex 2.22 22.541 53.0
vertex 1.416 28.815 53.0
vertex 1.111 22.623 53.0
endloop
endfacet
facet normal -0.0521540578635126 -0.7053518313492069 0.7069361698630857
outer loop
vertex 2.22 22.541 53.0
vertex 1.111 22.623 53.0
vertex 2.122 21.546 52.0
endloop
endfacet
facet normal -0.051894621732233276 -0.7052346030277908 0.7070722048896441
outer loop
vertex 2.122 21.546 52.0
vertex 1.111 22.623 53.0
vertex 1.062 21.624 52.0
endloop
endfacet
facet normal -0.07338648957117143 -0.9973035762236192 0.0
outer loop
vertex 2.122 21.546 52.0
vertex 1.062 21.624 52.0
vertex 2.122 21.546 0.0
endloop
endfacet
facet normal -0.07338648957117143 -0.9973035762236192 -0.0
outer loop
vertex 2.122 21.546 0.0
vertex 1.062 21.624 52.0
vertex 1.062 21.624 0.0
endloop
endfacet
facet normal 0.0 0.0 -1.0
outer loop
vertex 1.062 21.624 0.0
vertex 0.0 21.65 0.0
vertex 1.717 34.958 0.0
endloop
endfacet
facet normal -0.0 0.0 -1.0
outer loop
vertex 1.717 34.958 0.0
vertex 0.0 21.65 0.0
vertex 0.0 35.0 0.0
endloop
endfacet
facet normal 0.024453954693151987 0.9997009573366754 0.0
outer loop
vertex 1.717 34.958 0.0
vertex 0.0 35.0 0.0
vertex 1.717 34.958 3.0
endloop
endfacet
facet normal 0.024453954693151987 0.9997009573366754 -0.0
outer loop
vertex 1.717 34.958 3.0
vertex 0.0 35.0 0.0
vertex 0.0 35.0 3.0
endloop
endfacet
facet normal 0.0 0.0 1.0
outer loop
vertex 1.717 34.958 3.0
vertex 0.0 35.0 3.0
vertex 1.465 29.814 3.0
endloop
endfacet
facet normal 0.0 0.0 1.0
outer loop
vertex 1.465 29.814 3.0
vertex 0.0 35.0 3.0
vertex 0.0 29.85 3.0
endloop
endfacet
facet normal 0.024565962868979135 0.9996982111959187 0.0
outer loop
vertex 1.465 29.814 3.0
vertex 0.0 29.85 3.0
vertex 1.465 29.814 52.0
endloop
endfacet
facet normal 0.024565962868979135 0.9996982111959187 -0.0
outer loop
vertex 1.465 29.814 52.0
vertex 0.0 29.85 3.0
vertex 0.0 29.85 52.0
endloop
endfacet
facet normal 0.0173716079896144 0.7069279362440037 0.7070722170992499
outer loop
vertex 1.465 29.814 52.0
vertex 0.0 29.85 52.0
vertex 1.416 28.815 53.0
endloop
endfacet
facet normal 0.017475252904684276 0.7069988032295095 0.7069988032295095
outer loop
vertex 1.416 28.815 53.0
vertex 0.0 29.85 52.0
vertex 0.0 28.85 53.0
endloop
endfacet
facet normal 0.0 0.0 1.0
outer loop
vertex 1.416 28.815 53.0
vertex 0.0 28.85 53.0
vertex 1.111 22.623 53.0
endloop
endfacet
facet normal 0.0 0.0 1.0
outer loop
vertex 1.111 22.623 53.0
vertex 0.0 28.85 53.0
vertex 0.0 22.65 53.0
endloop
endfacet
facet normal -0.01718023771962111 -0.7069349669074385 0.7070698635887941
outer loop
vertex 1.111 22.623 53.0
vertex 0.0 22.65 53.0
vertex 1.062 21.624 52.0
endloop
endfacet
facet normal -0.017308872026519997 -0.70700084969863 0.70700084969863
outer loop
vertex 1.062 21.624 52.0
vertex 0.0 22.65 53.0
vertex 0.0 21.65 52.0
endloop
endfacet
facet normal -0.024474775558557257 -0.9997004478149234 0.0
outer loop
vertex 1.062 21.624 52.0
vertex 0.0 21.65 52.0
vertex 1.062 21.624 0.0
endloop
endfacet
facet normal -0.024474775558557257 -0.9997004478149234 -0.0
outer loop
vertex 1.062 21.624 0.0
vertex 0.0 21.65 52.0
vertex 0.0 21.65 0.0
endloop
endfacet
facet normal -0.0 0.0 -1.0
outer loop
vertex 0.0 21.65 0.0
vertex -1.062 21.624 0.0
vertex 0.0 35.0 0.0
endloop
endfacet
facet normal -0.0 0.0 -1.0
outer loop
vertex 0.0 35.0 0.0
vertex -1.062 21.624 0.0
vertex -1.717 34.958 0.0
endloop
endfacet
facet normal -0.024453954693151987 0.9997009573366754 0.0
outer loop
vertex 0.0 35.0 0.0
vertex -1.717 34.958 0.0
vertex 0.0 35.0 3.0
endloop
endfacet
facet normal -0.024453954693151987 0.9997009573366754 0.0
outer loop
vertex 0.0 35.0 3.0
vertex -1.717 34.958 0.0
vertex -1.717 34.958 3.0
endloop
endfacet
facet normal 0.0 0.0 1.0
outer loop
vertex 0.0 35.0 3.0
vertex -1.717 34.958 3.0
vertex 0.0 29.85 3.0
endloop
endfacet
facet normal 0.0 0.0 0.9999999999999999
outer loop
vertex 0.0 29.85 3.0
vertex -1.717 34.958 3.0
vertex -1.465 29.814 3.0
endloop
endfacet
facet normal -0.024565962868979135 0.9996982111959187 0.0
outer loop
vertex 0.0 29.85 3.0
vertex -1.465 29.814 3.0
vertex 0.0 29.85 52.0
endloop
endfacet
facet normal -0.024565962868979135 0.9996982111959187 0.0
outer loop
vertex 0.0 29.85 52.0
vertex -1.465 29.814 3.0
vertex -1.465 29.814 52.0
endloop
endfacet
facet normal -0.01737338027904257 0.7070000585776778 0.7070000585776778
outer loop
vertex 0.0 29.85 52.0
vertex -1.465 29.814 52.0
vertex 0.0 28.85 53.0
endloop
endfacet
facet normal -0.017473408544009503 0.7069241856662102 0.7070734584991996
outer loop
vertex 0.0 28.85 53.0
vertex -1.465 29.814 52.0
vertex -1.416 28.815 53.0
endloop
endfacet
facet normal 0.0 0.0 1.0
outer loop
vertex 0.0 28.85 53.0
vertex -1.416 28.815 53.0
vertex 0.0 22.65 53.0
endloop
endfacet
facet normal 0.0 0.0 1.0
outer loop
vertex 0.0 22.65 53.0
vertex -1.416 28.815 53.0
vertex -1.111 22.623 53.0
endloop
endfacet
facet normal 0.017181876472496378 -0.7070023985535282 0.7070023985535282
outer loop
vertex 0.0 22.65 53.0
vertex -1.111 22.623 53.0
vertex 0.0 21.65 52.0
endloop
endfacet
facet normal 0.017307145002708028 -0.7069303074183102 0.7070714272160263
outer loop
vertex 0.0 21.65 52.0
vertex -1.111 22.623 53.0
vertex -1.062 21.624 52.0
endloop
endfacet
facet normal 0.024474775558557257 -0.9997004478149234 0.0
outer loop
vertex 0.0 21.65 52.0
vertex -1.062 21.624 52.0
vertex 0.0 21.65 0.0
endloop
endfacet
facet normal 0.024474775558557257 -0.9997004478149234 0.0
outer loop
vertex 0.0 21.65 0.0
vertex -1.062 21.624 52.0
vertex -1.062 21.624 0.0
endloop
endfacet
facet normal -0.0 0.0 -1.0
outer loop
vertex -1.062 21.624 0.0
vertex -2.122 21.546 0.0
vertex -1.717 34.958 0.0
endloop
endfacet
facet normal -0.0 0.0 -0.9999999999999999
outer loop
vertex -1.717 34.958 0.0
vertex -2.122 21.546 0.0
vertex -3.431 34.831 0.0
endloop
endfacet
facet normal -0.07389311736780745 0.9972661666805244 0.0
outer loop
vertex -1.717 34.958 0.0
vertex -3.431 34.831 0.0
vertex -1.717 34.958 3.0
endloop
endfacet
facet normal -0.07389311736780745 0.9972661666805244 0.0
outer loop
vertex -1.717 34.958 3.0
vertex -3.431 34.831 0.0
vertex -3.431 34.831 3.0
endloop
endfacet
facet normal 0.0 0.0 1.0
outer loop
vertex -1.717 34.958 3.0
vertex -3.431 34.831 3.0
vertex -1.465 29.814 3.0
endloop
endfacet
facet normal 0.0 0.0 1.0
outer loop
vertex -1.465 29.814 3.0
vertex -3.431 34.831 3.0
vertex -2.926 29.706 3.0
endloop
endfacet
facet normal -0.07372082350328635 0.9972789179472297 0.0
outer loop
vertex -1.465 29.814 3.0
vertex -2.926 29.706 3.0
vertex -1.465 29.814 52.0
endloop
endfacet
facet normal -0.07372082350328635 0.9972789179472297 0.0
outer loop
vertex -1.465 29.814 52.0
vertex -2.926 29.706 3.0
vertex -2.926 29.706 52.0
endloop
endfacet
facet normal -0.052131258155995584 0.7052200756102701 0.7070692871843027
outer loop
vertex -1.465 29.814 52.0
vertex -2.926 29.706 52.0
vertex -1.416 28.815 53.0
endloop
endfacet
facet normal -0.0519535316088722 0.7053691022281308 0.7069337028146604
outer loop
vertex -1.416 28.815 53.0
vertex -2.926 29.706 52.0
vertex -2.828 28.711 53.0
endloop
endfacet
facet normal 0.0 0.0 1.0
outer loop
vertex -1.416 28.815 53.0
vertex -2.828 28.711 53.0
vertex -1.111 22.623 53.0
endloop
endfacet
facet normal 0.0 0.0 0.9999999999999999
outer loop
vertex -1.111 22.623 53.0
vertex -2.828 28.711 53.0
vertex -2.22 22.541 53.0
endloop
endfacet
facet normal 0.052144256690420686 -0.7052192764594638 0.7070691257608366
outer loop
vertex -1.111 22.623 53.0
vertex -2.22 22.541 53.0
vertex -1.062 21.624 52.0
endloop
endfacet
facet normal 0.05190482719790924 -0.7053732926895411 0.7069330992914892
outer loop
vertex -1.062 21.624 52.0
vertex -2.22 22.541 53.0
vertex -2.122 21.546 52.0
endloop
endfacet
facet normal 0.07338648957117143 -0.9973035762236192 0.0
outer loop
vertex -1.062 21.624 52.0
vertex -2.122 21.546 52.0
vertex -1.062 21.624 0.0
endloop
endfacet
facet normal 0.07338648957117143 -0.9973035762236192 0.0
outer loop
vertex -1.062 21.624 0.0
vertex -2.122 21.546 52.0
vertex -2.122 21.546 0.0
endloop
endfacet
facet normal -0.0 0.0 -1.0
outer loop
vertex -2.122 21.546 0.0
vertex -3.177 21.416 0.0
vertex -3.431 34.831 0.0
endloop
endfacet
facet normal -0.0 -0.0 -0.9999999999999999
outer loop
vertex -3.431 34.831 0.0
vertex -3.177 21.416 0.0
vertex -5.136 34.621 0.0
endloop
endfacet
facet normal -0.12224342014043581 0.992500149235439 0.0
outer loop
vertex -3.431 34.831 0.0
vertex -5.136 34.621 0.0
vertex -3.431 34.831 3.0
endloop
endfacet
facet normal -0.12224342014043581 0.992500149235439 0.0
outer loop
vertex -3.431 34.831 3.0
vertex -5.136 34.621 0.0
vertex -5.136 34.621 3.0
endloop
endfacet
facet normal 0.0 0.0 1.0
outer loop
vertex -3.431 34.831 3.0
vertex -5.136 34.621 3.0
vertex -2.926 29.706 3.0
endloop
endfacet
facet normal 0.0 0.0 0.9999999999999999
outer loop
vertex -2.926 29.706 3.0
vertex -5.136 34.621 3.0
vertex -4.38 29.527 3.0
endloop
endfacet
facet normal -0.12218623600271568 0.9925071907706707 0.0
outer loop
vertex -2.926 29.706 3.0
vertex -4.38 29.527 3.0
vertex -2.926 29.706 52.0
endloop
endfacet
facet normal -0.12218623600271568 0.9925071907706707 0.0
outer loop
vertex -2.926 29.706 52.0
vertex -4.38 29.527 3.0
vertex -4.38 29.527 52.0
endloop
endfacet
facet normal -0.08641950149853816 0.7019774032339415 0.7069366273646293
outer loop
vertex -2.926 29.706 52.0
vertex -4.38 29.527 52.0
vertex -2.828 28.711 53.0
endloop
endfacet
facet normal -0.0864339995567803 0.7019639848397544 0.7069481789413644
outer loop
vertex -2.828 28.711 53.0
vertex -4.38 29.527 52.0
vertex -4.233 28.538 53.0
endloop
endfacet
facet normal 0.0 0.0 1.0
outer loop
vertex -2.828 28.711 53.0
vertex -4.233 28.538 53.0
vertex -2.22 22.541 53.0
endloop
endfacet
facet normal 0.0 0.0 1.0
outer loop
vertex -2.22 22.541 53.0
vertex -4.233 28.538 53.0
vertex -3.323 22.405 53.0
endloop
endfacet
facet normal 0.08655206582804754 -0.7019627103554188 0.7069349992547912
outer loop
vertex -2.22 22.541 53.0
vertex -3.323 22.405 53.0
vertex -2.122 21.546 52.0
endloop
endfacet
facet normal 0.08650216830238425 -0.7019983658385853 0.7069057003865097
outer loop
vertex -2.122 21.546 52.0
vertex -3.323 22.405 53.0
vertex -3.177 21.416 52.0
endloop
endfacet
facet normal 0.12229777151157653 -0.9924934534208788 0.0
outer loop
vertex -2.122 21.546 52.0
vertex -3.177 21.416 52.0
vertex -2.122 21.546 0.0
endloop
endfacet
facet normal 0.12229777151157653 -0.9924934534208788 0.0
outer loop
vertex -2.122 21.546 0.0
vertex -3.177 21.416 52.0
vertex -3.177 21.416 0.0
endloop
endfacet
facet normal -0.0 0.0 -1.0
outer loop
vertex -3.177 21.416 0.0
vertex -4.224 21.234 0.0
vertex -5.136 34.621 0.0
endloop
endfacet
facet normal -0.0 -0.0 -0.9999999999999999
outer loop
vertex -5.136 34.621 0.0
vertex -4.224 21.234 0.0
vertex -6.828 34.327 0.0
endloop
endfacet
facet normal -0.17119373018901024 0.985237385985719 0.0
outer loop
vertex -5.136 34.621 0.0
vertex -6.828 34.327 0.0
vertex -5.136 34.621 3.0
endloop
endfacet
facet normal -0.17119373018901024 0.985237385985719 0.0
outer loop
vertex -5.136 34.621 3.0
vertex -6.828 34.327 0.0
vertex -6.828 34.327 3.0
endloop
endfacet
facet normal 0.0 0.0 1.0
outer loop
vertex -5.136 34.621 3.0
vertex -6.828 34.327 3.0
vertex -4.38 29.527 3.0
endloop
endfacet
facet normal 0.0 0.0 1.0
outer loop
vertex -4.38 29.527 3.0
vertex -6.828 34.327 3.0
vertex -5.823 29.276 3.0
endloop
endfacet
facet normal -0.17136998793666355 0.9852067433968302 0.0
outer loop
vertex -4.38 29.527 3.0
vertex -5.823 29.276 3.0
vertex -4.38 29.527 52.0
endloop
endfacet
facet normal -0.17136998793666355 0.9852067433968302 0.0
outer loop
vertex -4.38 29.527 52.0
vertex -5.823 29.276 3.0
vertex -5.823 29.276 52.0
endloop
endfacet
facet normal -0.1212034904446906 0.6967993494489552 0.7069514697003868
outer loop
vertex -4.38 29.527 52.0
vertex -5.823 29.276 52.0
vertex -4.233 28.538 53.0
endloop
endfacet
facet normal -0.12092738670426238 0.6970814233572127 0.7067206352973999
outer loop
vertex -4.233 28.538 53.0
vertex -5.823 29.276 52.0
vertex -5.628 28.296 53.0
endloop
endfacet
facet normal 0.0 0.0 1.0
outer loop
vertex -4.233 28.538 53.0
vertex -5.628 28.296 53.0
vertex -3.323 22.405 53.0
endloop
endfacet
facet normal 0.0 0.0 1.0
outer loop
vertex -3.323 22.405 53.0
vertex -5.628 28.296 53.0
vertex -4.419 22.215 53.0
endloop
endfacet
facet normal 0.12081691157925095 -0.6969228162676743 0.7068959343793009
outer loop
vertex -3.323 22.405 53.0
vertex -4.419 22.215 53.0
vertex -3.177 21.416 52.0
endloop
endfacet
facet normal 0.12110625978785645 -0.6966937032850917 0.7070722435813055
outer loop
vertex -3.177 21.416 52.0
vertex -4.419 22.215 53.0
vertex -4.224 21.234 52.0
endloop
endfacet
facet normal 0.17126175045699593 -0.9852255644421767 0.0
outer loop
vertex -3.177 21.416 52.0
vertex -4.224 21.234 52.0
vertex -3.177 21.416 0.0
endloop
endfacet
facet normal 0.17126175045699593 -0.9852255644421767 0.0
outer loop
vertex -3.177 21.416 0.0
vertex -4.224 21.234 52.0
vertex -4.224 21.234 0.0
endloop
endfacet
facet normal -0.0 0.0 -0.9999999999999999
outer loop
vertex -4.224 21.234 0.0
vertex -5.261 21.001 0.0
vertex -6.828 34.327 0.0
endloop
endfacet
facet normal -0.0 -0.0 -1.0
outer loop
vertex -6.828 34.327 0.0
vertex -5.261 21.001 0.0
vertex -8.504 33.951 0.0
endloop
endfacet
facet normal -0.21890260409966997 0.9757467140187474 0.0
outer loop
vertex -6.828 34.327 0.0
vertex -8.504 33.951 0.0
vertex -6.828 34.327 3.0
endloop
endfacet
facet normal -0.21890260409966997 0.9757467140187474 0.0
outer loop
vertex -6.828 34.327 3.0
vertex -8.504 33.951 0.0
vertex -8.504 33.951 3.0
endloop
endfacet
facet normal 0.0 0.0 1.0
outer loop
vertex -6.828 34.327 3.0
vertex -8.504 33.951 3.0
vertex -5.823 29.276 3.0
endloop
endfacet
facet normal 0.0 0.0 1.0
outer loop
vertex -5.823 29.276 3.0
vertex -8.504 33.951 3.0
vertex -7.253 28.955 3.0
endloop
endfacet
facet normal -0.21902508545233013 0.9757192280275095 0.0
outer loop
vertex -5.823 29.276 3.0
vertex -7.253 28.955 3.0
vertex -5.823 29.276 52.0
endloop
endfacet
facet normal -0.21902508545233013 0.9757192280275095 0.0
outer loop
vertex -5.823 29.276 52.0
vertex -7.253 28.955 3.0
vertex -7.253 28.955 52.0
endloop
endfacet
facet normal -0.1549581856848141 0.6903121667578911 0.7067227696312723
outer loop
vertex -5.823 29.276 52.0
vertex -7.253 28.955 52.0
vertex -5.628 28.296 53.0
endloop
endfacet
facet normal -0.15526686659129244 0.6899640181002127 0.7069949461388896
outer loop
vertex -5.628 28.296 53.0
vertex -7.253 28.955 52.0
vertex -7.01 27.985 53.0
endloop
endfacet
facet normal 0.0 0.0 1.0
outer loop
vertex -5.628 28.296 53.0
vertex -7.01 27.985 53.0
vertex -4.419 22.215 53.0
endloop
endfacet
facet normal 0.0 0.0 1.0
outer loop
vertex -4.419 22.215 53.0
vertex -7.01 27.985 53.0
vertex -5.504 21.971 53.0
endloop
endfacet
facet normal 0.15515215876717392 -0.6899184109114093 0.70706463206369
outer loop
vertex -4.419 22.215 53.0
vertex -5.504 21.971 53.0
vertex -4.224 21.234 52.0
endloop
endfacet
facet normal 0.15503789296527068 -0.690018433497791 0.7069920884834171
outer loop
vertex -4.224 21.234 52.0
vertex -5.504 21.971 53.0
vertex -5.261 21.001 52.0
endloop
endfacet
facet normal 0.2192211390162042 -0.9756751981107433 0.0
outer loop
vertex -4.224 21.234 52.0
vertex -5.261 21.001 52.0
vertex -4.224 21.234 0.0
endloop
endfacet
facet normal 0.2192211390162042 -0.9756751981107433 0.0
outer loop
vertex -4.224 21.234 0.0
vertex -5.261 21.001 52.0
vertex -5.261 21.001 0.0
endloop
endfacet
facet normal -0.0 0.0 -1.0
outer loop
vertex -5.261 21.001 0.0
vertex -6.285 20.718 0.0
vertex -8.504 33.951 0.0
endloop
endfacet
facet normal -0.0 -0.0 -1.0
outer loop
vertex -8.504 33.951 0.0
vertex -6.285 20.718 0.0
vertex -10.16 33.493 0.0
endloop
endfacet
facet normal -0.2665630479668493 0.9638174834783934 0.0
outer loop
vertex -8.504 33.951 0.0
vertex -10.16 33.493 0.0
vertex -8.504 33.951 3.0
endloop
endfacet
facet normal -0.2665630479668493 0.9638174834783934 0.0
outer loop
vertex -8.504 33.951 3.0
vertex -10.16 33.493 0.0
vertex -10.16 33.493 3.0
endloop
endfacet
facet normal 0.0 0.0 1.0
outer loop
vertex -8.504 33.951 3.0
vertex -10.16 33.493 3.0
vertex -7.253 28.955 3.0
endloop
endfacet
facet normal 0.0 0.0 0.9999999999999999
outer loop
vertex -7.253 28.955 3.0
vertex -10.16 33.493 3.0
vertex -8.665 28.565 3.0
endloop
endfacet
facet normal -0.2662352363165947 0.9639080863564984 0.0
outer loop
vertex -7.253 28.955 3.0
vertex -8.665 28.565 3.0
vertex -7.253 28.955 52.0
endloop
endfacet
facet normal -0.2662352363165947 0.9639080863564984 0.0
outer loop
vertex -7.253 28.955 52.0
vertex -8.665 28.565 3.0
vertex -8.665 28.565 52.0
endloop
endfacet
facet normal -0.18828629903559307 0.6816929595852802 0.7069957414633702
outer loop
vertex -7.253 28.955 52.0
vertex -8.665 28.565 52.0
vertex -7.01 27.985 53.0
endloop
endfacet
facet normal -0.1882794549821157 0.6817014749352487 0.7069893534578469
outer loop
vertex -7.01 27.985 53.0
vertex -8.665 28.565 52.0
vertex -8.375 27.608 53.0
endloop
endfacet
facet normal 0.0 0.0 1.0
outer loop
vertex -7.01 27.985 53.0
vertex -8.375 27.608 53.0
vertex -5.504 21.971 53.0
endloop
endfacet
facet normal 0.0 0.0 1.0
outer loop
vertex -5.504 21.971 53.0
vertex -8.375 27.608 53.0
vertex -6.575 21.675 53.0
endloop
endfacet
facet normal 0.18839639009893416 -0.6816639655268886 0.706994369355122
outer loop
vertex -5.504 21.971 53.0
vertex -6.575 21.675 53.0
vertex -5.261 21.001 52.0
endloop
endfacet
facet normal 0.18839099221990332 -0.6816691732621207 0.706990786555622
outer loop
vertex -5.261 21.001 52.0
vertex -6.575 21.675 53.0
vertex -6.285 20.718 52.0
endloop
endfacet
facet normal 0.26638140587312137 -0.9638677018165197 0.0
outer loop
vertex -5.261 21.001 52.0
vertex -6.285 20.718 52.0
vertex -5.261 21.001 0.0
endloop
endfacet
facet normal 0.26638140587312137 -0.9638677018165197 0.0
outer loop
vertex -5.261 21.001 0.0
vertex -6.285 20.718 52.0
vertex -6.285 20.718 0.0
endloop
endfacet
facet normal -0.0 0.0 -1.0
outer loop
vertex -6.285 20.718 0.0
vertex -7.294 20.384 0.0
vertex -10.16 33.493 0.0
endloop
endfacet
facet normal -0.0 -0.0 -1.0
outer loop
vertex -10.16 33.493 0.0
vertex -7.294 20.384 0.0
vertex -11.791 32.954 0.0
endloop
endfacet
facet normal -0.3137816638127325 0.94949516452424 0.0
outer loop
vertex -10.16 33.493 0.0
vertex -11.791 32.954 0.0
vertex -10.16 33.493 3.0
endloop
endfacet
facet normal -0.3137816638127325 0.94949516452424 0.0
outer loop
vertex -10.16 33.493 3.0
vertex -11.791 32.954 0.0
vertex -11.791 32.954 3.0
endloop
endfacet
facet normal 0.0 0.0 1.0
outer loop
vertex -10.16 33.493 3.0
vertex -11.791 32.954 3.0
vertex -8.665 28.565 3.0
endloop
endfacet
facet normal 0.0 0.0 1.0
outer loop
vertex -8.665 28.565 3.0
vertex -11.791 32.954 3.0
vertex -10.056 28.105 3.0
endloop
endfacet
facet normal -0.3139744493092933 0.9494314325852743 0.0
outer loop
vertex -8.665 28.565 3.0
vertex -10.056 28.105 3.0
vertex -8.665 28.565 52.0
endloop
endfacet
facet normal -0.3139744493092933 0.9494314325852743 0.0
outer loop
vertex -8.665 28.565 52.0
vertex -10.056 28.105 3.0
vertex -10.056 28.105 52.0
endloop
endfacet
facet normal -0.2220513774487344 0.6714640565895412 0.7069860016163242
outer loop
vertex -8.665 28.565 52.0
vertex -10.056 28.105 52.0
vertex -8.375 27.608 53.0
endloop
endfacet
facet normal -0.22189443092795633 0.6716804395657068 0.7068297168540506
outer loop
vertex -8.375 27.608 53.0
vertex -10.056 28.105 52.0
vertex -9.719 27.164 53.0
endloop
endfacet
facet normal 0.0 0.0 1.0
outer loop
vertex -8.375 27.608 53.0
vertex -9.719 27.164 53.0
vertex -6.575 21.675 53.0
endloop
endfacet
facet normal 0.0 0.0 1.0
outer loop
vertex -6.575 21.675 53.0
vertex -9.719 27.164 53.0
vertex -7.631 21.326 53.0
endloop
endfacet
facet normal 0.221926823068412 -0.6715035104878021 0.7069876382266665
outer loop
vertex -6.575 21.675 53.0
vertex -7.631 21.326 53.0
vertex -6.285 20.718 52.0
endloop
endfacet
facet normal 0.2221891011737655 -0.6712239613303279 0.7071706986687281
outer loop
vertex -6.285 20.718 52.0
vertex -7.631 21.326 53.0
vertex -7.294 20.384 52.0
endloop
endfacet
facet normal 0.31425124896314527 -0.949339850909622 0.0
outer loop
vertex -6.285 20.718 52.0
vertex -7.294 20.384 52.0
vertex -6.285 20.718 0.0
endloop
endfacet
facet normal 0.31425124896314527 -0.949339850909622 0.0
outer loop
vertex -6.285 20.718 0.0
vertex -7.294 20.384 52.0
vertex -7.294 20.384 0.0
endloop
endfacet
facet normal -0.0 0.0 -1.0
outer loop
vertex -7.294 20.384 0.0
vertex -8.285 20.002 0.0
vertex -11.791 32.954 0.0
endloop
endfacet
facet normal -0.0 -0.0 -1.0
outer loop
vertex -11.791 32.954 0.0
vertex -8.285 20.002 0.0
vertex -13.394 32.336 0.0
endloop
endfacet
facet normal -0.3597200569133035 0.9330602770744716 0.0
outer loop
vertex -11.791 32.954 0.0
vertex -13.394 32.336 0.0
vertex -11.791 32.954 3.0
endloop
endfacet
facet normal -0.3597200569133035 0.9330602770744716 0.0
outer loop
vertex -11.791 32.954 3.0
vertex -13.394 32.336 0.0
vertex -13.394 32.336 3.0
endloop
endfacet
facet normal 0.0 0.0 1.0
outer loop
vertex -11.791 32.954 3.0
vertex -13.394 32.336 3.0
vertex -10.056 28.105 3.0
endloop
endfacet
facet normal 0.0 0.0 1.0
outer loop
vertex -10.056 28.105 3.0
vertex -13.394 32.336 3.0
vertex -11.423 27.578 3.0
endloop
endfacet
facet normal -0.359710789264488 0.9330638499517163 0.0
outer loop
vertex -10.056 28.105 3.0
vertex -11.423 27.578 3.0
vertex -10.056 28.105 52.0
endloop
endfacet
facet normal -0.359710789264488 0.9330638499517163 0.0
outer loop
vertex -10.056 28.105 52.0
vertex -11.423 27.578 3.0
vertex -11.423 27.578 52.0
endloop
endfacet
facet normal -0.25445116861047673 0.6600279838529816 0.7068363766273855
outer loop
vertex -10.056 28.105 52.0
vertex -11.423 27.578 52.0
vertex -9.719 27.164 53.0
endloop
endfacet
facet normal -0.25468152592320165 0.6596750896951927 0.7070828073069442
outer loop
vertex -9.719 27.164 53.0
vertex -11.423 27.578 52.0
vertex -11.04 26.654 53.0
endloop
endfacet
facet normal 0.0 0.0 1.0
outer loop
vertex -9.719 27.164 53.0
vertex -11.04 26.654 53.0
vertex -7.631 21.326 53.0
endloop
endfacet
facet normal 0.0 0.0 1.0
outer loop
vertex -7.631 21.326 53.0
vertex -11.04 26.654 53.0
vertex -8.668 20.926 53.0
endloop
endfacet
facet normal 0.25445500537903937 -0.6596746014451554 0.7071648113740729
outer loop
vertex -7.631 21.326 53.0
vertex -8.668 20.926 53.0
vertex -7.294 20.384 52.0
endloop
endfacet
facet normal 0.2543374979146007 -0.6598127236475615 0.7070782183516383
outer loop
vertex -7.294 20.384 52.0
vertex -8.668 20.926 53.0
vertex -8.285 20.002 52.0
endloop
endfacet
facet normal 0.35967301094462756 -0.9330784132097506 0.0
outer loop
vertex -7.294 20.384 52.0
vertex -8.285 20.002 52.0
vertex -7.294 20.384 0.0
endloop
endfacet
facet normal 0.35967301094462756 -0.9330784132097506 0.0
outer loop
vertex -7.294 20.384 0.0
vertex -8.285 20.002 52.0
vertex -8.285 20.002 0.0
endloop
endfacet
facet normal -0.0 0.0 -1.0
outer loop
vertex -8.285 20.002 0.0
vertex -9.257 19.571 0.0
vertex -13.394 32.336 0.0
endloop
endfacet
facet normal -0.0 -0.0 -1.0
outer loop
vertex -13.394 32.336 0.0
vertex -9.257 19.571 0.0
vertex -14.964 31.64 0.0
endloop
endfacet
facet normal -0.4052738537934065 0.9141953311144401 0.0
outer loop
vertex -13.394 32.336 0.0
vertex -14.964 31.64 0.0
vertex -13.394 32.336 3.0
endloop
endfacet
facet normal -0.4052738537934065 0.9141953311144401 0.0
outer loop
vertex -13.394 32.336 3.0
vertex -14.964 31.64 0.0
vertex -14.964 31.64 3.0
endloop
endfacet
facet normal 0.0 0.0 1.0
outer loop
vertex -13.394 32.336 3.0
vertex -14.964 31.64 3.0
vertex -11.423 27.578 3.0
endloop
endfacet
facet normal 0.0 0.0 1.0
outer loop
vertex -11.423 27.578 3.0
vertex -14.964 31.64 3.0
vertex -12.763 26.984 3.0
endloop
endfacet
facet normal -0.4052520631185788 0.9142049908735652 0.0
outer loop
vertex -11.423 27.578 3.0
vertex -12.763 26.984 3.0
vertex -11.423 27.578 52.0
endloop
endfacet
facet normal -0.4052520631185788 0.9142049908735652 0.0
outer loop
vertex -11.423 27.578 52.0
vertex -12.763 26.984 3.0
vertex -12.763 26.984 52.0
endloop
endfacet
facet normal -0.28656551550692777 0.646460927237853 0.7070844892069293
outer loop
vertex -11.423 27.578 52.0
vertex -12.763 26.984 52.0
vertex -11.04 26.654 53.0
endloop
endfacet
facet normal -0.28655068304269565 0.6464862971085198 0.7070673049283777
outer loop
vertex -11.04 26.654 53.0
vertex -12.763 26.984 52.0
vertex -12.335 26.08 53.0
endloop
endfacet
facet normal 0.0 0.0 0.9999999999999999
outer loop
vertex -11.04 26.654 53.0
vertex -12.335 26.08 53.0
vertex -8.668 20.926 53.0
endloop
endfacet
facet normal 0.0 0.0 1.0
outer loop
vertex -8.668 20.926 53.0
vertex -12.335 26.08 53.0
vertex -9.684 20.475 53.0
endloop
endfacet
facet normal 0.2868989807093049 -0.6463178811544474 0.7070800317983725
outer loop
vertex -8.668 20.926 53.0
vertex -9.684 20.475 53.0
vertex -8.285 20.002 52.0
endloop
endfacet
facet normal 0.286701411890854 -0.646574877860584 0.7069251924633624
outer loop
vertex -8.285 20.002 52.0
vertex -9.684 20.475 53.0
vertex -9.257 19.571 52.0
endloop
endfacet
facet normal 0.40535295501237995 -0.9141602604919618 0.0
outer loop
vertex -8.285 20.002 52.0
vertex -9.257 19.571 52.0
vertex -8.285 20.002 0.0
endloop
endfacet
facet normal 0.40535295501237995 -0.9141602604919618 0.0
outer loop
vertex -8.285 20.002 0.0
vertex -9.257 19.571 52.0
vertex -9.257 19.571 0.0
endloop
endfacet
facet normal -0.0 0.0 -1.0
outer loop
vertex -9.257 19.571 0.0
vertex -10.206 19.094 0.0
vertex -14.964 31.64 0.0
endloop
endfacet
facet normal -0.0 -0.0 -1.0
outer loop
vertex -14.964 31.64 0.0
vertex -10.206 19.094 0.0
vertex -16.499 30.867 0.0
endloop
endfacet
facet normal -0.4497719141044609 0.8931434516822083 0.0
outer loop
vertex -14.964 31.64 0.0
vertex -16.499 30.867 0.0
vertex -14.964 31.64 3.0
endloop
endfacet
facet normal -0.4497719141044609 0.8931434516822083 0.0
outer loop
vertex -14.964 31.64 3.0
vertex -16.499 30.867 0.0
vertex -16.499 30.867 3.0
endloop
endfacet
facet normal 0.0 0.0 1.0
outer loop
vertex -14.964 31.64 3.0
vertex -16.499 30.867 3.0
vertex -12.763 26.984 3.0
endloop
endfacet
facet normal 0.0 0.0 1.0
outer loop
vertex -12.763 26.984 3.0
vertex -16.499 30.867 3.0
vertex -14.071 26.325 3.0
endloop
endfacet
facet normal -0.4499425733850725 0.893057490117864 0.0
outer loop
vertex -12.763 26.984 3.0
vertex -14.071 26.325 3.0
vertex -12.763 26.984 52.0
endloop
endfacet
facet normal -0.4499425733850725 0.893057490117864 0.0
outer loop
vertex -12.763 26.984 52.0
vertex -14.071 26.325 3.0
vertex -14.071 26.325 52.0
endloop
endfacet
facet normal -0.3181734497041163 0.6315187742230387 0.7070712083709907
outer loop
vertex -12.763 26.984 52.0
vertex -14.071 26.325 52.0
vertex -12.335 26.08 53.0
endloop
endfacet
facet normal -0.31808826729480105 0.6316823518491756 0.7069634082268229
outer loop
vertex -12.335 26.08 53.0
vertex -14.071 26.325 52.0
vertex -13.6 25.443 53.0
endloop
endfacet
facet normal 0.0 0.0 1.0
outer loop
vertex -12.335 26.08 53.0
vertex -13.6 25.443 53.0
vertex -9.684 20.475 53.0
endloop
endfacet
facet normal 0.0 0.0 1.0
outer loop
vertex -9.684 20.475 53.0
vertex -13.6 25.443 53.0
vertex -10.677 19.976 53.0
endloop
endfacet
facet normal 0.3175829652823554 -0.6319837365238027 0.7069212239930832
outer loop
vertex -9.684 20.475 53.0
vertex -10.677 19.976 53.0
vertex -9.257 19.571 52.0
endloop
endfacet
facet normal 0.31762577219595467 -0.6319221337818883 0.7069570606999188
outer loop
vertex -9.257 19.571 52.0
vertex -10.677 19.976 53.0
vertex -10.206 19.094 52.0
endloop
endfacet
facet normal 0.4490956048879751 -0.8934837086764948 0.0
outer loop
vertex -9.257 19.571 52.0
vertex -10.206 19.094 52.0
vertex -9.257 19.571 0.0
endloop
endfacet
facet normal 0.4490956048879751 -0.8934837086764948 0.0
outer loop
vertex -9.257 19.571 0.0
vertex -10.206 19.094 52.0
vertex -10.206 19.094 0.0
endloop
endfacet
facet normal -0.0 0.0 -1.0
outer loop
vertex -10.206 19.094 0.0
vertex -11.13 18.57 0.0
vertex -16.499 30.867 0.0
endloop
endfacet
facet normal -0.0 -0.0 -1.0
outer loop
vertex -16.499 30.867 0.0
vertex -11.13 18.57 0.0
vertex -17.994 30.021 0.0
endloop
endfacet
facet normal -0.4924983926643023 0.8703133534670595 0.0
outer loop
vertex -16.499 30.867 0.0
vertex -17.994 30.021 0.0
vertex -16.499 30.867 3.0
endloop
endfacet
facet normal -0.4924983926643023 0.8703133534670595 0.0
outer loop
vertex -16.499 30.867 3.0
vertex -17.994 30.021 0.0
vertex -17.994 30.021 3.0
endloop
endfacet
facet normal 0.0 0.0 1.0
outer loop
vertex -16.499 30.867 3.0
vertex -17.994 30.021 3.0
vertex -14.071 26.325 3.0
endloop
endfacet
facet normal 0.0 0.0 0.9999999999999999
outer loop
vertex -14.071 26.325 3.0
vertex -17.994 30.021 3.0
vertex -15.346 25.603 3.0
endloop
endfacet
facet normal -0.49275425058933975 0.8701685173149728 0.0
outer loop
vertex -14.071 26.325 3.0
vertex -15.346 25.603 3.0
vertex -14.071 26.325 52.0
endloop
endfacet
facet normal -0.49275425058933975 0.8701685173149728 0.0
outer loop
vertex -14.071 26.325 52.0
vertex -15.346 25.603 3.0
vertex -15.346 25.603 52.0
endloop
endfacet
facet normal -0.3485037671723951 0.6154325528321404 0.7069567859361445
outer loop
vertex -14.071 26.325 52.0
vertex -15.346 25.603 52.0
vertex -13.6 25.443 53.0
endloop
endfacet
facet normal -0.34858208597556145 0.6152623637849454 0.7070663003189218
outer loop
vertex -13.6 25.443 53.0
vertex -15.346 25.603 52.0
vertex -14.832 24.745 53.0
endloop
endfacet
facet normal 0.0 0.0 1.0
outer loop
vertex -13.6 25.443 53.0
vertex -14.832 24.745 53.0
vertex -10.677 19.976 53.0
endloop
endfacet
facet normal 0.0 0.0 1.0
outer loop
vertex -10.677 19.976 53.0
vertex -14.832 24.745 53.0
vertex -11.644 19.428 53.0
endloop
endfacet
facet normal 0.3487039251064713 -0.6153224371860566 0.7069539383232486
outer loop
vertex -10.677 19.976 53.0
vertex -11.644 19.428 53.0
vertex -10.206 19.094 52.0
endloop
endfacet
facet normal 0.34883231347538335 -0.6151165222352177 0.707069785204164
outer loop
vertex -10.206 19.094 52.0
vertex -11.644 19.428 53.0
vertex -11.13 18.57 52.0
endloop
endfacet
facet normal 0.49329758062319157 -0.869860619266849 0.0
outer loop
vertex -10.206 19.094 52.0
vertex -11.13 18.57 52.0
vertex -10.206 19.094 0.0
endloop
endfacet
facet normal 0.49329758062319157 -0.869860619266849 0.0
outer loop
vertex -10.206 19.094 0.0
vertex -11.13 18.57 52.0
vertex -11.13 18.57 0.0
endloop
endfacet
facet normal -0.0 0.0 -0.9999999999999999
outer loop
vertex -11.13 18.57 0.0
vertex -12.028 18.001 0.0
vertex -17.994 30.021 0.0
endloop
endfacet
facet normal -0.0 -0.0 -1.0
outer loop
vertex -17.994 30.021 0.0
vertex -12.028 18.001 0.0
vertex -19.445 29.101 0.0
endloop
endfacet
facet normal -0.535481275972437 0.8445470993869619 0.0
outer loop
vertex -17.994 30.021 0.0
vertex -19.445 29.101 0.0
vertex -17.994 30.021 3.0
endloop
endfacet
facet normal -0.535481275972437 0.8445470993869619 0.0
outer loop
vertex -17.994 30.021 3.0
vertex -19.445 29.101 0.0
vertex -19.445 29.101 3.0
endloop
endfacet
facet normal 0.0 0.0 1.0
outer loop
vertex -17.994 30.021 3.0
vertex -19.445 29.101 3.0
vertex -15.346 25.603 3.0
endloop
endfacet
facet normal 0.0 0.0 1.0
outer loop
vertex -15.346 25.603 3.0
vertex -19.445 29.101 3.0
vertex -16.584 24.819 3.0
endloop
endfacet
facet normal -0.5350196102274212 0.8448396396193176 0.0
outer loop
vertex -15.346 25.603 3.0
vertex -16.584 24.819 3.0
vertex -15.346 25.603 52.0
endloop
endfacet
facet normal -0.5350196102274212 0.8448396396193176 0.0
outer loop
vertex -15.346 25.603 52.0
vertex -16.584 24.819 3.0
vertex -16.584 24.819 52.0
endloop
endfacet
facet normal -0.37834011467946377 0.5974299259861919 0.7070616954413972
outer loop
vertex -15.346 25.603 52.0
vertex -16.584 24.819 52.0
vertex -14.832 24.745 53.0
endloop
endfacet
facet normal -0.3782620773465845 0.5976241010654074 0.7069393429900547
outer loop
vertex -14.832 24.745 53.0
vertex -16.584 24.819 52.0
vertex -16.028 23.988 53.0
endloop
endfacet
facet normal 0.0 0.0 1.0
outer loop
vertex -14.832 24.745 53.0
vertex -16.028 23.988 53.0
vertex -11.644 19.428 53.0
endloop
endfacet
facet normal 0.0 0.0 1.0
outer loop
vertex -11.644 19.428 53.0
vertex -16.028 23.988 53.0
vertex -12.584 18.833 53.0
endloop
endfacet
facet normal 0.3782108366965894 -0.5975095571341049 0.7070635700831092
outer loop
vertex -11.644 19.428 53.0
vertex -12.584 18.833 53.0
vertex -11.13 18.57 52.0
endloop
endfacet
facet normal 0.37839295506118226 -0.5971825547362779 0.7072423685545985
outer loop
vertex -11.13 18.57 52.0
vertex -12.584 18.833 53.0
vertex -12.028 18.001 52.0
endloop
endfacet
facet normal 0.535231098929851 -0.8447056710703107 0.0
outer loop
vertex -11.13 18.57 52.0
vertex -12.028 18.001 52.0
vertex -11.13 18.57 0.0
endloop
endfacet
facet normal 0.535231098929851 -0.8447056710703107 0.0
outer loop
vertex -11.13 18.57 0.0
vertex -12.028 18.001 52.0
vertex -12.028 18.001 0.0
endloop
endfacet
facet normal -0.0 0.0 -1.0
outer loop
vertex -12.028 18.001 0.0
vertex -12.897 17.389 0.0
vertex -19.445 29.101 0.0
endloop
endfacet
facet normal -0.0 -0.0 -0.9999999999999999
outer loop
vertex -19.445 29.101 0.0
vertex -12.897 17.389 0.0
vertex -20.849 28.112 0.0
endloop
endfacet
facet normal -0.5758827793761245 0.8175322772943157 0.0
outer loop
vertex -19.445 29.101 0.0
vertex -20.849 28.112 0.0
vertex -19.445 29.101 3.0
endloop
endfacet
facet normal -0.5758827793761245 0.8175322772943157 0.0
outer loop
vertex -19.445 29.101 3.0
vertex -20.849 28.112 0.0
vertex -20.849 28.112 3.0
endloop
endfacet
facet normal 0.0 0.0 1.0
outer loop
vertex -19.445 29.101 3.0
vertex -20.849 28.112 3.0
vertex -16.584 24.819 3.0
endloop
endfacet
facet normal 0.0 0.0 0.9999999999999999
outer loop
vertex -16.584 24.819 3.0
vertex -20.849 28.112 3.0
vertex -17.782 23.976 3.0
endloop
endfacet
facet normal -0.5754764962978718 0.8178183185822665 0.0
outer loop
vertex -16.584 24.819 3.0
vertex -17.782 23.976 3.0
vertex -16.584 24.819 52.0
endloop
endfacet
facet normal -0.5754764962978718 0.8178183185822665 0.0
outer loop
vertex -16.584 24.819 52.0
vertex -17.782 23.976 3.0
vertex -17.782 23.976 52.0
endloop
endfacet
facet normal -0.407010433076833 0.5784086581566382 0.7069553957188855
outer loop
vertex -16.584 24.819 52.0
vertex -17.782 23.976 52.0
vertex -16.028 23.988 53.0
endloop
endfacet
facet normal -0.40703461859515344 0.5783387586910276 0.7069986559116072
outer loop
vertex -16.028 23.988 53.0
vertex -17.782 23.976 52.0
vertex -17.186 23.173 53.0
endloop
endfacet
facet normal 0.0 0.0 1.0
outer loop
vertex -16.028 23.988 53.0
vertex -17.186 23.173 53.0
vertex -12.584 18.833 53.0
endloop
endfacet
facet normal 0.0 0.0 0.9999999999999999
outer loop
vertex -12.584 18.833 53.0
vertex -17.186 23.173 53.0
vertex -13.493 18.193 53.0
endloop
endfacet
facet normal 0.40699906240723516 -0.5780658558252794 0.7072422707450532
outer loop
vertex -12.584 18.833 53.0
vertex -13.493 18.193 53.0
vertex -12.028 18.001 52.0
endloop
endfacet
facet normal 0.40704374629841483 -0.5779755155773224 0.7072903873180236
outer loop
vertex -12.028 18.001 52.0
vertex -13.493 18.193 53.0
vertex -12.897 17.389 52.0
endloop
endfacet
facet normal 0.5757963356129059 -0.817593162822898 0.0
outer loop
vertex -12.028 18.001 52.0
vertex -12.897 17.389 52.0
vertex -12.028 18.001 0.0
endloop
endfacet
facet normal 0.5757963356129059 -0.817593162822898 0.0
outer loop
vertex -12.028 18.001 0.0
vertex -12.897 17.389 52.0
vertex -12.897 17.389 0.0
endloop
endfacet
facet normal -0.0 0.0 -0.9999999999999999
outer loop
vertex -12.897 17.389 0.0
vertex -13.735 16.736 0.0
vertex -20.849 28.112 0.0
endloop
endfacet
facet normal -0.0 -0.0 -0.9999999999999999
outer loop
vertex -20.849 28.112 0.0
vertex -13.735 16.736 0.0
vertex -22.204 27.055 0.0
endloop
endfacet
facet normal -0.6150679768387132 0.788474085729856 0.0
outer loop
vertex -20.849 28.112 0.0
vertex -22.204 27.055 0.0
vertex -20.849 28.112 3.0
endloop
endfacet
facet normal -0.6150679768387132 0.788474085729856 0.0
outer loop
vertex -20.849 28.112 3.0
vertex -22.204 27.055 0.0
vertex -22.204 27.055 3.0
endloop
endfacet
facet normal 0.0 0.0 1.0
outer loop
vertex -20.849 28.112 3.0
vertex -22.204 27.055 3.0
vertex -17.782 23.976 3.0
endloop
endfacet
facet normal 0.0 0.0 1.0
outer loop
vertex -17.782 23.976 3.0
vertex -22.204 27.055 3.0
vertex -18.937 23.074 3.0
endloop
endfacet
facet normal -0.6154983707599345 0.788138157680407 0.0
outer loop
vertex -17.782 23.976 3.0
vertex -18.937 23.074 3.0
vertex -17.782 23.976 52.0
endloop
endfacet
facet normal -0.6154983707599345 0.788138157680407 0.0
outer loop
vertex -17.782 23.976 52.0
vertex -18.937 23.074 3.0
vertex -18.937 23.074 52.0
endloop
endfacet
facet normal -0.43528575502615646 0.5573781009481292 0.7070049250569376
outer loop
vertex -17.782 23.976 52.0
vertex -18.937 23.074 52.0
vertex -17.186 23.173 53.0
endloop
endfacet
facet normal -0.4353477409246469 0.5571652280641123 0.707134536780712
outer loop
vertex -17.186 23.173 53.0
vertex -18.937 23.074 52.0
vertex -18.302 22.301 53.0
endloop
endfacet
facet normal 0.0 0.0 1.0
outer loop
vertex -17.186 23.173 53.0
vertex -18.302 22.301 53.0
vertex -13.493 18.193 53.0
endloop
endfacet
facet normal 0.0 0.0 1.0
outer loop
vertex -13.493 18.193 53.0
vertex -18.302 22.301 53.0
vertex -14.369 17.509 53.0
endloop
endfacet
facet normal 0.43506865814392487 -0.557193193763271 0.7072842480394503
outer loop
vertex -13.493 18.193 53.0
vertex -14.369 17.509 53.0
vertex -12.897 17.389 52.0
endloop
endfacet
facet normal 0.43475199734394454 -0.5579206336511882 0.7069054161284293
outer loop
vertex -12.897 17.389 52.0
vertex -14.369 17.509 53.0
vertex -13.735 16.736 52.0
endloop
endfacet
facet normal 0.6146571828539932 -0.7887943632950181 0.0
outer loop
vertex -12.897 17.389 52.0
vertex -13.735 16.736 52.0
vertex -12.897 17.389 0.0
endloop
endfacet
facet normal 0.6146571828539932 -0.7887943632950181 0.0
outer loop
vertex -12.897 17.389 0.0
vertex -13.735 16.736 52.0
vertex -13.735 16.736 0.0
endloop
endfacet
facet normal -0.0 0.0 -1.0
outer loop
vertex -13.735 16.736 0.0
vertex -14.539 16.042 0.0
vertex -22.204 27.055 0.0
endloop
endfacet
facet normal -0.0 -0.0 -1.0
outer loop
vertex -22.204 27.055 0.0
vertex -14.539 16.042 0.0
vertex -23.505 25.933 0.0
endloop
endfacet
facet normal -0.6530892973539667 0.75728090539885 0.0
outer loop
vertex -22.204 27.055 0.0
vertex -23.505 25.933 0.0
vertex -22.204 27.055 3.0
endloop
endfacet
facet normal -0.6530892973539667 0.75728090539885 0.0
outer loop
vertex -22.204 27.055 3.0
vertex -23.505 25.933 0.0
vertex -23.505 25.933 3.0
endloop
endfacet
facet normal 0.0 0.0 1.0
outer loop
vertex -22.204 27.055 3.0
vertex -23.505 25.933 3.0
vertex -18.937 23.074 3.0
endloop
endfacet
facet normal 0.0 0.0 1.0
outer loop
vertex -18.937 23.074 3.0
vertex -23.505 25.933 3.0
vertex -20.046 22.117 3.0
endloop
endfacet
facet normal -0.6533176649449378 0.7570838980396387 0.0
outer loop
vertex -18.937 23.074 3.0
vertex -20.046 22.117 3.0
vertex -18.937 23.074 52.0
endloop
endfacet
facet normal -0.6533176649449378 0.7570838980396387 0.0
outer loop
vertex -18.937 23.074 52.0
vertex -20.046 22.117 3.0
vertex -20.046 22.117 52.0
endloop
endfacet
facet normal -0.4619462792076294 0.5353170570964052 0.7071359724323684
outer loop
vertex -18.937 23.074 52.0
vertex -20.046 22.117 52.0
vertex -18.302 22.301 53.0
endloop
endfacet
facet normal -0.4619385623215375 0.5353493392526372 0.7071165742662775
outer loop
vertex -18.302 22.301 53.0
vertex -20.046 22.117 52.0
vertex -19.374 21.376 53.0
endloop
endfacet
facet normal 0.0 0.0 1.0
outer loop
vertex -18.302 22.301 53.0
vertex -19.374 21.376 53.0
vertex -14.369 17.509 53.0
endloop
endfacet
facet normal 0.0 0.0 1.0
outer loop
vertex -14.369 17.509 53.0
vertex -19.374 21.376 53.0
vertex -15.211 16.783 53.0
endloop
endfacet
facet normal 0.4618778250393368 -0.5356764857894246 0.7069084645901647
outer loop
vertex -14.369 17.509 53.0
vertex -15.211 16.783 53.0
vertex -13.735 16.736 52.0
endloop
endfacet
facet normal 0.46203294714370013 -0.5352658350195036 0.7071181242300187
outer loop
vertex -13.735 16.736 52.0
vertex -15.211 16.783 53.0
vertex -14.539 16.042 52.0
endloop
endfacet
facet normal 0.653423742169737 -0.7569923468364111 0.0
outer loop
vertex -13.735 16.736 52.0
vertex -14.539 16.042 52.0
vertex -13.735 16.736 0.0
endloop
endfacet
facet normal 0.653423742169737 -0.7569923468364111 0.0
outer loop
vertex -13.735 16.736 0.0
vertex -14.539 16.042 52.0
vertex -14.539 16.042 0.0
endloop
endfacet
facet normal -0.0 0.0 -1.0
outer loop
vertex -14.539 16.042 0.0
vertex -15.309 15.309 0.0
vertex -23.505 25.933 0.0
endloop
endfacet
facet normal -0.0 -0.0 -1.0
outer loop
vertex -23.505 25.933 0.0
vertex -15.309 15.309 0.0
vertex -24.749 24.749 0.0
endloop
endfacet
facet normal -0.6894225007656563 0.7243594518179691 0.0
outer loop
vertex -23.505 25.933 0.0
vertex -24.749 24.749 0.0
vertex -23.505 25.933 3.0
endloop
endfacet
facet normal -0.6894225007656563 0.7243594518179691 0.0
outer loop
vertex -23.505 25.933 3.0
vertex -24.749 24.749 0.0
vertex -24.749 24.749 3.0
endloop
endfacet
facet normal 0.0 0.0 1.0
outer loop
vertex -23.505 25.933 3.0
vertex -24.749 24.749 3.0
vertex -20.046 22.117 3.0
endloop
endfacet
facet normal 0.0 0.0 0.9999999999999999
outer loop
vertex -20.046 22.117 3.0
vertex -24.749 24.749 3.0
vertex -21.107 21.107 3.0
endloop
endfacet
facet normal -0.6894846917087353 0.7243002553494722 0.0
outer loop
vertex -20.046 22.117 3.0
vertex -21.107 21.107 3.0
vertex -20.046 22.117 52.0
endloop
endfacet
facet normal -0.6894846917087353 0.7243002553494722 0.0
outer loop
vertex -20.046 22.117 52.0
vertex -21.107 21.107 3.0
vertex -21.107 21.107 52.0
endloop
endfacet
facet normal -0.4875295010922759 0.5121473273850533 0.707120994326334
outer loop
vertex -20.046 22.117 52.0
vertex -21.107 21.107 52.0
vertex -19.374 21.376 53.0
endloop
endfacet
facet normal -0.487473277729426 0.5124462940065467 0.7069431372173335
outer loop
vertex -19.374 21.376 53.0
vertex -21.107 21.107 52.0
vertex -20.4 20.4 53.0
endloop
endfacet
facet normal 0.0 0.0 1.0
outer loop
vertex -19.374 21.376 53.0
vertex -20.4 20.4 53.0
vertex -15.211 16.783 53.0
endloop
endfacet
facet normal 0.0 0.0 1.0
outer loop
vertex -15.211 16.783 53.0
vertex -20.4 20.4 53.0
vertex -16.016 16.016 53.0
endloop
endfacet
facet normal 0.4877638844487465 -0.5119295006274295 0.7071170903144831
outer loop
vertex -15.211 16.783 53.0
vertex -16.016 16.016 53.0
vertex -14.539 16.042 52.0
endloop
endfacet
facet normal 0.48765422159785926 -0.5122697825789225 0.7069462709529837
outer loop
vertex -14.539 16.042 52.0
vertex -16.016 16.016 53.0
vertex -15.309 15.309 52.0
endloop
endfacet
facet normal 0.6894907379849238 -0.7242944996567385 0.0
outer loop
vertex -14.539 16.042 52.0
vertex -15.309 15.309 52.0
vertex -14.539 16.042 0.0
endloop
endfacet
facet normal 0.6894907379849238 -0.7242944996567385 0.0
outer loop
vertex -14.539 16.042 0.0
vertex -15.309 15.309 52.0
vertex -15.309 15.309 0.0
endloop
endfacet
facet normal -0.0 0.0 -1.0
outer loop
vertex -15.309 15.309 0.0
vertex -16.042 14.539 0.0
vertex -24.749 24.749 0.0
endloop
endfacet
facet normal -0.0 -0.0 -1.0
outer loop
vertex -24.749 24.749 0.0
vertex -16.042 14.539 0.0
vertex -25.933 23.505 0.0
endloop
endfacet
facet normal -0.7243594518179691 0.6894225007656563 0.0
outer loop
vertex -24.749 24.749 0.0
vertex -25.933 23.505 0.0
vertex -24.749 24.749 3.0
endloop
endfacet
facet normal -0.7243594518179691 0.6894225007656563 0.0
outer loop
vertex -24.749 24.749 3.0
vertex -25.933 23.505 0.0
vertex -25.933 23.505 3.0
endloop
endfacet
facet normal 0.0 0.0 1.0
outer loop
vertex -24.749 24.749 3.0
vertex -25.933 23.505 3.0
vertex -21.107 21.107 3.0
endloop
endfacet
facet normal 0.0 0.0 1.0
outer loop
vertex -21.107 21.107 3.0
vertex -25.933 23.505 3.0
vertex -22.117 20.046 3.0
endloop
endfacet
facet normal -0.7243002553494722 0.6894846917087353 0.0
outer loop
vertex -21.107 21.107 3.0
vertex -22.117 20.046 3.0
vertex -21.107 21.107 52.0
endloop
endfacet
facet normal -0.7243002553494722 0.6894846917087353 0.0
outer loop
vertex -21.107 21.107 52.0
vertex -22.117 20.046 3.0
vertex -22.117 20.046 52.0
endloop
endfacet
facet normal -0.5122739060133307 0.4876499953567058 0.7069461982686165
outer loop
vertex -21.107 21.107 52.0
vertex -22.117 20.046 52.0
vertex -20.4 20.4 53.0
endloop
endfacet
facet normal -0.5123153104060085 0.48734867734528825 0.7071239561868861
outer loop
vertex -20.4 20.4 53.0
vertex -22.117 20.046 52.0
vertex -21.376 19.374 53.0
endloop
endfacet
facet normal 0.0 0.0 1.0
outer loop
vertex -20.4 20.4 53.0
vertex -21.376 19.374 53.0
vertex -16.016 16.016 53.0
endloop
endfacet
facet normal 0.0 0.0 0.9999999999999999
outer loop
vertex -16.016 16.016 53.0
vertex -21.376 19.374 53.0
vertex -16.783 15.211 53.0
endloop
endfacet
facet normal 0.5120503727987308 -0.4878790508529554 0.7069501025217411
outer loop
vertex -16.016 16.016 53.0
vertex -16.783 15.211 53.0
vertex -15.309 15.309 52.0
endloop
endfacet
facet normal 0.512143309270865 -0.48753382557863045 0.7071209229585508
outer loop
vertex -15.309 15.309 52.0
vertex -16.783 15.211 53.0
vertex -16.042 14.539 52.0
endloop
endfacet
facet normal 0.7242944996567385 -0.6894907379849238 0.0
outer loop
vertex -15.309 15.309 52.0
vertex -16.042 14.539 52.0
vertex -15.309 15.309 0.0
endloop
endfacet
facet normal 0.7242944996567385 -0.6894907379849238 0.0
outer loop
vertex -15.309 15.309 0.0
vertex -16.042 14.539 52.0
vertex -16.042 14.539 0.0
endloop
endfacet
facet normal -0.0 0.0 -1.0
outer loop
vertex -16.042 14.539 0.0
vertex -16.736 13.735 0.0
vertex -25.933 23.505 0.0
endloop
endfacet
facet normal -0.0 -0.0 -0.9999999999999999
outer loop
vertex -25.933 23.505 0.0
vertex -16.736 13.735 0.0
vertex -27.055 22.204 0.0
endloop
endfacet
facet normal -0.75728090539885 0.6530892973539667 0.0
outer loop
vertex -25.933 23.505 0.0
vertex -27.055 22.204 0.0
vertex -25.933 23.505 3.0
endloop
endfacet
facet normal -0.75728090539885 0.6530892973539667 0.0
outer loop
vertex -25.933 23.505 3.0
vertex -27.055 22.204 0.0
vertex -27.055 22.204 3.0
endloop
endfacet
facet normal 0.0 0.0 1.0
outer loop
vertex -25.933 23.505 3.0
vertex -27.055 22.204 3.0
vertex -22.117 20.046 3.0
endloop
endfacet
facet normal 0.0 0.0 1.0
outer loop
vertex -22.117 20.046 3.0
vertex -27.055 22.204 3.0
vertex -23.074 18.937 3.0
endloop
endfacet
facet normal -0.7570838980396387 0.6533176649449378 0.0
outer loop
vertex -22.117 20.046 3.0
vertex -23.074 18.937 3.0
vertex -22.117 20.046 52.0
endloop
endfacet
facet normal -0.7570838980396387 0.6533176649449378 0.0
outer loop
vertex -22.117 20.046 52.0
vertex -23.074 18.937 3.0
vertex -23.074 18.937 52.0
endloop
endfacet
facet normal -0.5353314924190606 0.4619587360189741 0.7071169064872747
outer loop
vertex -22.117 20.046 52.0
vertex -23.074 18.937 52.0
vertex -21.376 19.374 53.0
endloop
endfacet
facet normal -0.5353344047141476 0.46192567570950127 0.7071362989195719
outer loop
vertex -21.376 19.374 53.0
vertex -23.074 18.937 52.0
vertex -22.301 18.302 53.0
endloop
endfacet
facet normal 0.0 0.0 1.0
outer loop
vertex -21.376 19.374 53.0
vertex -22.301 18.302 53.0
vertex -16.783 15.211 53.0
endloop
endfacet
facet normal 0.0 0.0 0.9999999999999999
outer loop
vertex -16.783 15.211 53.0
vertex -22.301 18.302 53.0
vertex -17.509 14.369 53.0
endloop
endfacet
facet normal 0.5355213616877218 -0.46174407195402056 0.7071133453637038
outer loop
vertex -16.783 15.211 53.0
vertex -17.509 14.369 53.0
vertex -16.042 14.539 52.0
endloop
endfacet
facet normal 0.5354281380571837 -0.46217304454189656 0.7069036609577654
outer loop
vertex -16.042 14.539 52.0
vertex -17.509 14.369 53.0
vertex -16.736 13.735 52.0
endloop
endfacet
facet normal 0.7569923468364111 -0.653423742169737 0.0
outer loop
vertex -16.042 14.539 52.0
vertex -16.736 13.735 52.0
vertex -16.042 14.539 0.0
endloop
endfacet
facet normal 0.7569923468364111 -0.653423742169737 0.0
outer loop
vertex -16.042 14.539 0.0
vertex -16.736 13.735 52.0
vertex -16.736 13.735 0.0
endloop
endfacet
facet normal -0.0 0.0 -0.9999999999999999
outer loop
vertex -16.736 13.735 0.0
vertex -17.389 12.897 0.0
vertex -27.055 22.204 0.0
endloop
endfacet
facet normal -0.0 -0.0 -1.0
outer loop
vertex -27.055 22.204 0.0
vertex -17.389 12.897 0.0
vertex -28.112 20.849 0.0
endloop
endfacet
facet normal -0.788474085729856 0.6150679768387132 0.0
outer loop
vertex -27.055 22.204 0.0
vertex -28.112 20.849 0.0
vertex -27.055 22.204 3.0
endloop
endfacet
facet normal -0.788474085729856 0.6150679768387132 0.0
outer loop
vertex -27.055 22.204 3.0
vertex -28.112 20.849 0.0
vertex -28.112 20.849 3.0
endloop
endfacet
facet normal 0.0 0.0 1.0
outer loop
vertex -27.055 22.204 3.0
vertex -28.112 20.849 3.0
vertex -23.074 18.937 3.0
endloop
endfacet
facet normal 0.0 0.0 1.0
outer loop
vertex -23.074 18.937 3.0
vertex -28.112 20.849 3.0
vertex -23.976 17.782 3.0
endloop
endfacet
facet normal -0.788138157680407 0.6154983707599345 0.0
outer loop
vertex -23.074 18.937 3.0
vertex -23.976 17.782 3.0
vertex -23.074 18.937 52.0
endloop
endfacet
facet normal -0.788138157680407 0.6154983707599345 0.0
outer loop
vertex -23.074 18.937 52.0
vertex -23.976 17.782 3.0
vertex -23.976 17.782 52.0
endloop
endfacet
facet normal -0.5572777006329669 0.435207347160982 0.7071323280365095
outer loop
vertex -23.074 18.937 52.0
vertex -23.976 17.782 52.0
vertex -22.301 18.302 53.0
endloop
endfacet
facet normal -0.5572690957033044 0.4354288991516859 0.7070027077441586
outer loop
vertex -22.301 18.302 53.0
vertex -23.976 17.782 52.0
vertex -23.173 17.186 53.0
endloop
endfacet
facet normal 0.0 0.0 1.0
outer loop
vertex -22.301 18.302 53.0
vertex -23.173 17.186 53.0
vertex -17.509 14.369 53.0
endloop
endfacet
facet normal 0.0 0.0 1.0
outer loop
vertex -17.509 14.369 53.0
vertex -23.173 17.186 53.0
vertex -18.193 13.493 53.0
endloop
endfacet
facet normal 0.5574850494881348 -0.4352965454907364 0.706913953095455
outer loop
vertex -17.509 14.369 53.0
vertex -18.193 13.493 53.0
vertex -16.736 13.735 52.0
endloop
endfacet
facet normal 0.5576150738544506 -0.43451389406557983 0.7072928002420652
outer loop
vertex -16.736 13.735 52.0
vertex -18.193 13.493 53.0
vertex -17.389 12.897 52.0
endloop
endfacet
facet normal 0.7887943632950181 -0.6146571828539932 0.0
outer loop
vertex -16.736 13.735 52.0
vertex -17.389 12.897 52.0
vertex -16.736 13.735 0.0
endloop
endfacet
facet normal 0.7887943632950181 -0.6146571828539932 0.0
outer loop
vertex -16.736 13.735 0.0
vertex -17.389 12.897 52.0
vertex -17.389 12.897 0.0
endloop
endfacet
facet normal -0.0 0.0 -1.0
outer loop
vertex -17.389 12.897 0.0
vertex -18.001 12.028 0.0
vertex -28.112 20.849 0.0
endloop
endfacet
facet normal -0.0 -0.0 -1.0
outer loop
vertex -28.112 20.849 0.0
vertex -18.001 12.028 0.0
vertex -29.101 19.445 0.0
endloop
endfacet
facet normal -0.8175322772943157 0.5758827793761245 0.0
outer loop
vertex -28.112 20.849 0.0
vertex -29.101 19.445 0.0
vertex -28.112 20.849 3.0
endloop
endfacet
facet normal -0.8175322772943157 0.5758827793761245 0.0
outer loop
vertex -28.112 20.849 3.0
vertex -29.101 19.445 0.0
vertex -29.101 19.445 3.0
endloop
endfacet
facet normal 0.0 0.0 1.0
outer loop
vertex -28.112 20.849 3.0
vertex -29.101 19.445 3.0
vertex -23.976 17.782 3.0
endloop
endfacet
facet normal 0.0 0.0 1.0
outer loop
vertex -23.976 17.782 3.0
vertex -29.101 19.445 3.0
vertex -24.819 16.584 3.0
endloop
endfacet
facet normal -0.8178183185822665 0.5754764962978718 0.0
outer loop
vertex -23.976 17.782 3.0
vertex -24.819 16.584 3.0
vertex -23.976 17.782 52.0
endloop
endfacet
facet normal -0.8178183185822665 0.5754764962978718 0.0
outer loop
vertex -23.976 17.782 52.0
vertex -24.819 16.584 3.0
vertex -24.819 16.584 52.0
endloop
endfacet
facet normal -0.5783739121899305 0.4069859832855686 0.7069978975267135
outer loop
vertex -23.976 17.782 52.0
vertex -24.819 16.584 52.0
vertex -23.173 17.186 53.0
endloop
endfacet
facet normal -0.5783747005701185 0.4070599144772425 0.7069546886231154
outer loop
vertex -23.173 17.186 53.0
vertex -24.819 16.584 52.0
vertex -23.988 16.028 53.0
endloop
endfacet
facet normal 0.0 0.0 1.0
outer loop
vertex -23.173 17.186 53.0
vertex -23.988 16.028 53.0
vertex -18.193 13.493 53.0
endloop
endfacet
facet normal 0.0 0.0 1.0
outer loop
vertex -18.193 13.493 53.0
vertex -23.988 16.028 53.0
vertex -18.833 12.584 53.0
endloop
endfacet
facet normal 0.5780273783815747 -0.40697197157778414 0.7072893072791466
outer loop
vertex -18.193 13.493 53.0
vertex -18.833 12.584 53.0
vertex -17.389 12.897 52.0
endloop
endfacet
facet normal 0.5780157570355156 -0.4070720866579249 0.7072411900353532
outer loop
vertex -17.389 12.897 52.0
vertex -18.833 12.584 53.0
vertex -18.001 12.028 52.0
endloop
endfacet
facet normal 0.817593162822898 -0.5757963356129059 0.0
outer loop
vertex -17.389 12.897 52.0
vertex -18.001 12.028 52.0
vertex -17.389 12.897 0.0
endloop
endfacet
facet normal 0.817593162822898 -0.5757963356129059 0.0
outer loop
vertex -17.389 12.897 0.0
vertex -18.001 12.028 52.0
vertex -18.001 12.028 0.0
endloop
endfacet
facet normal -0.0 0.0 -0.9999999999999999
outer loop
vertex -18.001 12.028 0.0
vertex -18.57 11.13 0.0
vertex -29.101 19.445 0.0
endloop
endfacet
facet normal -0.0 -0.0 -1.0
outer loop
vertex -29.101 19.445 0.0
vertex -18.57 11.13 0.0
vertex -30.021 17.994 0.0
endloop
endfacet
facet normal -0.8445470993869619 0.535481275972437 0.0
outer loop
vertex -29.101 19.445 0.0
vertex -30.021 17.994 0.0
vertex -29.101 19.445 3.0
endloop
endfacet
facet normal -0.8445470993869619 0.535481275972437 0.0
outer loop
vertex -29.101 19.445 3.0
vertex -30.021 17.994 0.0
vertex -30.021 17.994 3.0
endloop
endfacet
facet normal 0.0 0.0 1.0
outer loop
vertex -29.101 19.445 3.0
vertex -30.021 17.994 3.0
vertex -24.819 16.584 3.0
endloop
endfacet
facet normal 0.0 0.0 1.0
outer loop
vertex -24.819 16.584 3.0
vertex -30.021 17.994 3.0
vertex -25.603 15.346 3.0
endloop
endfacet
facet normal -0.8448396396193176 0.5350196102274212 0.0
outer loop
vertex -24.819 16.584 3.0
vertex -25.603 15.346 3.0
vertex -24.819 16.584 52.0
endloop
endfacet
facet normal -0.8448396396193176 0.5350196102274212 0.0
outer loop
vertex -24.819 16.584 52.0
vertex -25.603 15.346 3.0
vertex -25.603 15.346 52.0
endloop
endfacet
facet normal -0.597531451883317 0.37840440894711 0.7069414878896297
outer loop
vertex -24.819 16.584 52.0
vertex -25.603 15.346 52.0
vertex -23.988 16.028 53.0
endloop
endfacet
facet normal -0.5975189779193303 0.37819554037201897 0.7070637908060031
outer loop
vertex -23.988 16.028 53.0
vertex -25.603 15.346 52.0
vertex -24.745 14.832 53.0
endloop
endfacet
facet normal 0.0 0.0 1.0
outer loop
vertex -23.988 16.028 53.0
vertex -24.745 14.832 53.0
vertex -18.833 12.584 53.0
endloop
endfacet
facet normal 0.0 0.0 1.0
outer loop
vertex -18.833 12.584 53.0
vertex -24.745 14.832 53.0
vertex -19.428 11.644 53.0
endloop
endfacet
facet normal 0.5973618745343134 -0.37811735675310437 0.7072383299672728
outer loop
vertex -18.833 12.584 53.0
vertex -19.428 11.644 53.0
vertex -18.001 12.028 52.0
endloop
endfacet
facet normal 0.5973370535125574 -0.37849085016552864 0.7070594888988561
outer loop
vertex -18.001 12.028 52.0
vertex -19.428 11.644 53.0
vertex -18.57 11.13 52.0
endloop
endfacet
facet normal 0.8447056710703107 -0.535231098929851 0.0
outer loop
vertex -18.001 12.028 52.0
vertex -18.57 11.13 52.0
vertex -18.001 12.028 0.0
endloop
endfacet
facet normal 0.8447056710703107 -0.535231098929851 0.0
outer loop
vertex -18.001 12.028 0.0
vertex -18.57 11.13 52.0
vertex -18.57 11.13 0.0
endloop
endfacet
facet normal -0.0 0.0 -1.0
outer loop
vertex -18.57 11.13 0.0
vertex -19.094 10.206 0.0
vertex -30.021 17.994 0.0
endloop
endfacet
facet normal -0.0 -0.0 -0.9999999999999999
outer loop
vertex -30.021 17.994 0.0
vertex -19.094 10.206 0.0
vertex -30.867 16.499 0.0
endloop
endfacet
facet normal -0.8703133534670595 0.4924983926643023 0.0
outer loop
vertex -30.021 17.994 0.0
vertex -30.867 16.499 0.0
vertex -30.021 17.994 3.0
endloop
endfacet
facet normal -0.8703133534670595 0.4924983926643023 0.0
outer loop
vertex -30.021 17.994 3.0
vertex -30.867 16.499 0.0
vertex -30.867 16.499 3.0
endloop
endfacet
facet normal 0.0 0.0 1.0
outer loop
vertex -30.021 17.994 3.0
vertex -30.867 16.499 3.0
vertex -25.603 15.346 3.0
endloop
endfacet
facet normal 0.0 0.0 0.9999999999999999
outer loop
vertex -25.603 15.346 3.0
vertex -30.867 16.499 3.0
vertex -26.325 14.071 3.0
endloop
endfacet
facet normal -0.8701685173149728 0.49275425058933975 0.0
outer loop
vertex -25.603 15.346 3.0
vertex -26.325 14.071 3.0
vertex -25.603 15.346 52.0
endloop
endfacet
facet normal -0.8701685173149728 0.49275425058933975 0.0
outer loop
vertex -25.603 15.346 52.0
vertex -26.325 14.071 3.0
vertex -26.325 14.071 52.0
endloop
endfacet
facet normal -0.6153388947105999 0.3484507309655307 0.7070644473779775
outer loop
vertex -25.603 15.346 52.0
vertex -26.325 14.071 52.0
vertex -24.745 14.832 53.0
endloop
endfacet
facet normal -0.6153592672199867 0.3486369874347001 0.7069548947697707
outer loop
vertex -24.745 14.832 53.0
vertex -26.325 14.071 52.0
vertex -25.443 13.6 53.0
endloop
endfacet
facet normal 0.0 0.0 1.0
outer loop
vertex -24.745 14.832 53.0
vertex -25.443 13.6 53.0
vertex -19.428 11.644 53.0
endloop
endfacet
facet normal 0.0 0.0 1.0
outer loop
vertex -19.428 11.644 53.0
vertex -25.443 13.6 53.0
vertex -19.976 10.677 53.0
endloop
endfacet
facet normal 0.6152239033495192 -0.34864808586921947 0.7070672252106662
outer loop
vertex -19.428 11.644 53.0
vertex -19.976 10.677 53.0
vertex -18.57 11.13 52.0
endloop
endfacet
facet normal 0.615219606282896 -0.3488907723941965 0.7069512465391794
outer loop
vertex -18.57 11.13 52.0
vertex -19.976 10.677 53.0
vertex -19.094 10.206 52.0
endloop
endfacet
facet normal 0.869860619266849 -0.49329758062319157 0.0
outer loop
vertex -18.57 11.13 52.0
vertex -19.094 10.206 52.0
vertex -18.57 11.13 0.0
endloop
endfacet
facet normal 0.869860619266849 -0.49329758062319157 0.0
outer loop
vertex -18.57 11.13 0.0
vertex -19.094 10.206 52.0
vertex -19.094 10.206 0.0
endloop
endfacet
facet normal -0.0 0.0 -1.0
outer loop
vertex -19.094 10.206 0.0
vertex -19.571 9.257 0.0
vertex -30.867 16.499 0.0
endloop
endfacet
facet normal -0.0 -0.0 -1.0
outer loop
vertex -30.867 16.499 0.0
vertex -19.571 9.257 0.0
vertex -31.64 14.964 0.0
endloop
endfacet
facet normal -0.8931434516822083 0.4497719141044609 0.0
outer loop
vertex -30.867 16.499 0.0
vertex -31.64 14.964 0.0
vertex -30.867 16.499 3.0
endloop
endfacet
facet normal -0.8931434516822083 0.4497719141044609 0.0
outer loop
vertex -30.867 16.499 3.0
vertex -31.64 14.964 0.0
vertex -31.64 14.964 3.0
endloop
endfacet
facet normal 0.0 0.0 1.0
outer loop
vertex -30.867 16.499 3.0
vertex -31.64 14.964 3.0
vertex -26.325 14.071 3.0
endloop
endfacet
facet normal 0.0 0.0 0.9999999999999999
outer loop
vertex -26.325 14.071 3.0
vertex -31.64 14.964 3.0
vertex -26.984 12.763 3.0
endloop
endfacet
facet normal -0.893057490117864 0.4499425733850725 0.0
outer loop
vertex -26.325 14.071 3.0
vertex -26.984 12.763 3.0
vertex -26.325 14.071 52.0
endloop
endfacet
facet normal -0.893057490117864 0.4499425733850725 0.0
outer loop
vertex -26.325 14.071 52.0
vertex -26.984 12.763 3.0
vertex -26.984 12.763 52.0
endloop
endfacet
facet normal -0.6316134251763176 0.3182211369963264 0.7069651965307807
outer loop
vertex -26.325 14.071 52.0
vertex -26.984 12.763 52.0
vertex -25.443 13.6 53.0
endloop
endfacet
facet normal -0.6315844626477902 0.3180389744716528 0.7070730353074716
outer loop
vertex -25.443 13.6 53.0
vertex -26.984 12.763 52.0
vertex -26.08 12.335 53.0
endloop
endfacet
facet normal 0.0 0.0 1.0
outer loop
vertex -25.443 13.6 53.0
vertex -26.08 12.335 53.0
vertex -19.976 10.677 53.0
endloop
endfacet
facet normal 0.0 0.0 1.0
outer loop
vertex -19.976 10.677 53.0
vertex -26.08 12.335 53.0
vertex -20.475 9.684 53.0
endloop
endfacet
facet normal 0.6319524602125897 -0.317567248384777 0.7069562438967326
outer loop
vertex -19.976 10.677 53.0
vertex -20.475 9.684 53.0
vertex -19.094 10.206 52.0
endloop
endfacet
facet normal 0.6319548571409545 -0.3176422200803325 0.7069204188297246
outer loop
vertex -19.094 10.206 52.0
vertex -20.475 9.684 53.0
vertex -19.571 9.257 52.0
endloop
endfacet
facet normal 0.8934837086764948 -0.4490956048879751 0.0
outer loop
vertex -19.094 10.206 52.0
vertex -19.571 9.257 52.0
vertex -19.094 10.206 0.0
endloop
endfacet
facet normal 0.8934837086764948 -0.4490956048879751 0.0
outer loop
vertex -19.094 10.206 0.0
vertex -19.571 9.257 52.0
vertex -19.571 9.257 0.0
endloop
endfacet
facet normal -0.0 0.0 -0.9999999999999999
outer loop
vertex -19.571 9.257 0.0
vertex -20.002 8.285 0.0
vertex -31.64 14.964 0.0
endloop
endfacet
facet normal -0.0 -0.0 -1.0
outer loop
vertex -31.64 14.964 0.0
vertex -20.002 8.285 0.0
vertex -32.336 13.394 0.0
endloop
endfacet
facet normal -0.9141953311144401 0.4052738537934065 0.0
outer loop
vertex -31.64 14.964 0.0
vertex -32.336 13.394 0.0
vertex -31.64 14.964 3.0
endloop
endfacet
facet normal -0.9141953311144401 0.4052738537934065 0.0
outer loop
vertex -31.64 14.964 3.0
vertex -32.336 13.394 0.0
vertex -32.336 13.394 3.0
endloop
endfacet
facet normal 0.0 0.0 1.0
outer loop
vertex -31.64 14.964 3.0
vertex -32.336 13.394 3.0
vertex -26.984 12.763 3.0
endloop
endfacet
facet normal 0.0 0.0 1.0
outer loop
vertex -26.984 12.763 3.0
vertex -32.336 13.394 3.0
vertex -27.578 11.423 3.0
endloop
endfacet
facet normal -0.9142049908735652 0.4052520631185788 0.0
outer loop
vertex -26.984 12.763 3.0
vertex -27.578 11.423 3.0
vertex -26.984 12.763 52.0
endloop
endfacet
facet normal -0.9142049908735652 0.4052520631185788 0.0
outer loop
vertex -26.984 12.763 52.0
vertex -27.578 11.423 3.0
vertex -27.578 11.423 52.0
endloop
endfacet
facet normal -0.6464763639319544 0.2865723583399846 0.7070676023640022
outer loop
vertex -26.984 12.763 52.0
vertex -27.578 11.423 52.0
vertex -26.08 12.335 53.0
endloop
endfacet
facet normal -0.6464703235266861 0.2865436028604775 0.7070847788342207
outer loop
vertex -26.08 12.335 53.0
vertex -27.578 11.423 52.0
vertex -26.654 11.04 53.0
endloop
endfacet
facet normal 0.0 0.0 1.0
outer loop
vertex -26.08 12.335 53.0
vertex -26.654 11.04 53.0
vertex -20.475 9.684 53.0
endloop
endfacet
facet normal 0.0 0.0 1.0
outer loop
vertex -20.475 9.684 53.0
vertex -26.654 11.04 53.0
vertex -20.926 8.668 53.0
endloop
endfacet
facet normal 0.6464562762287666 -0.2869604139558777 0.7069285704699645
outer loop
vertex -20.475 9.684 53.0
vertex -20.926 8.668 53.0
vertex -19.571 9.257 52.0
endloop
endfacet
facet normal 0.6464301662989912 -0.28663724452146466 0.7070835383119881
outer loop
vertex -19.571 9.257 52.0
vertex -20.926 8.668 53.0
vertex -20.002 8.285 52.0
endloop
endfacet
facet normal 0.9141602604919618 -0.40535295501237995 0.0
outer loop
vertex -19.571 9.257 52.0
vertex -20.002 8.285 52.0
vertex -19.571 9.257 0.0
endloop
endfacet
facet normal 0.9141602604919618 -0.40535295501237995 0.0
outer loop
vertex -19.571 9.257 0.0
vertex -20.002 8.285 52.0
vertex -20.002 8.285 0.0
endloop
endfacet
facet normal -0.0 0.0 -1.0
outer loop
vertex -20.002 8.285 0.0
vertex -20.384 7.294 0.0
vertex -32.336 13.394 0.0
endloop
endfacet
facet normal -0.0 -0.0 -1.0
outer loop
vertex -32.336 13.394 0.0
vertex -20.384 7.294 0.0
vertex -32.954 11.791 0.0
endloop
endfacet
facet normal -0.9330602770744716 0.3597200569133035 0.0
outer loop
vertex -32.336 13.394 0.0
vertex -32.954 11.791 0.0
vertex -32.336 13.394 3.0
endloop
endfacet
facet normal -0.9330602770744716 0.3597200569133035 0.0
outer loop
vertex -32.336 13.394 3.0
vertex -32.954 11.791 0.0
vertex -32.954 11.791 3.0
endloop
endfacet
facet normal 0.0 0.0 1.0
outer loop
vertex -32.336 13.394 3.0
vertex -32.954 11.791 3.0
vertex -27.578 11.423 3.0
endloop
endfacet
facet normal 0.0 0.0 1.0
outer loop
vertex -27.578 11.423 3.0
vertex -32.954 11.791 3.0
vertex -28.105 10.056 3.0
endloop
endfacet
facet normal -0.9330638499517163 0.359710789264488 0.0
outer loop
vertex -27.578 11.423 3.0
vertex -28.105 10.056 3.0
vertex -27.578 11.423 52.0
endloop
endfacet
facet normal -0.9330638499517163 0.359710789264488 0.0
outer loop
vertex -27.578 11.423 52.0
vertex -28.105 10.056 3.0
vertex -28.105 10.056 52.0
endloop
endfacet
facet normal -0.6598020913800128 0.2543640835093396 0.7070785764192088
outer loop
vertex -27.578 11.423 52.0
vertex -28.105 10.056 52.0
vertex -26.654 11.04 53.0
endloop
endfacet
facet normal -0.6599087610210028 0.2547717396825985 0.7068322203937987
outer loop
vertex -26.654 11.04 53.0
vertex -28.105 10.056 52.0
vertex -27.164 9.719 53.0
endloop
endfacet
facet normal 0.0 0.0 1.0
outer loop
vertex -26.654 11.04 53.0
vertex -27.164 9.719 53.0
vertex -20.926 8.668 53.0
endloop
endfacet
facet normal 0.0 0.0 1.0
outer loop
vertex -20.926 8.668 53.0
vertex -27.164 9.719 53.0
vertex -21.326 7.631 53.0
endloop
endfacet
facet normal 0.6597535436110393 -0.25448545558767344 0.7070802037866787
outer loop
vertex -20.926 8.668 53.0
vertex -21.326 7.631 53.0
vertex -20.002 8.285 52.0
endloop
endfacet
facet normal 0.6597301028047542 -0.2543056501225196 0.7071667609333678
outer loop
vertex -20.002 8.285 52.0
vertex -21.326 7.631 53.0
vertex -20.384 7.294 52.0
endloop
endfacet
facet normal 0.9330784132097506 -0.35967301094462756 0.0
outer loop
vertex -20.002 8.285 52.0
vertex -20.384 7.294 52.0
vertex -20.002 8.285 0.0
endloop
endfacet
facet normal 0.9330784132097506 -0.35967301094462756 0.0
outer loop
vertex -20.002 8.285 0.0
vertex -20.384 7.294 52.0
vertex -20.384 7.294 0.0
endloop
endfacet
facet normal -0.0 0.0 -1.0
outer loop
vertex -20.384 7.294 0.0
vertex -20.718 6.285 0.0
vertex -32.954 11.791 0.0
endloop
endfacet
facet normal -0.0 -0.0 -1.0
outer loop
vertex -32.954 11.791 0.0
vertex -20.718 6.285 0.0
vertex -33.493 10.16 0.0
endloop
endfacet
facet normal -0.94949516452424 0.3137816638127325 0.0
outer loop
vertex -32.954 11.791 0.0
vertex -33.493 10.16 0.0
vertex -32.954 11.791 3.0
endloop
endfacet
facet normal -0.94949516452424 0.3137816638127325 0.0
outer loop
vertex -32.954 11.791 3.0
vertex -33.493 10.16 0.0
vertex -33.493 10.16 3.0
endloop
endfacet
facet normal 0.0 0.0 1.0
outer loop
vertex -32.954 11.791 3.0
vertex -33.493 10.16 3.0
vertex -28.105 10.056 3.0
endloop
endfacet
facet normal 0.0 0.0 0.9999999999999999
outer loop
vertex -28.105 10.056 3.0
vertex -33.493 10.16 3.0
vertex -28.565 8.665 3.0
endloop
endfacet
facet normal -0.9494314325852743 0.3139744493092933 0.0
outer loop
vertex -28.105 10.056 3.0
vertex -28.565 8.665 3.0
vertex -28.105 10.056 52.0
endloop
endfacet
facet normal -0.9494314325852743 0.3139744493092933 0.0
outer loop
vertex -28.105 10.056 52.0
vertex -28.565 8.665 3.0
vertex -28.565 8.665 52.0
endloop
endfacet
facet normal -0.6716098149341836 0.2220995793455967 0.7068323940925321
outer loop
vertex -28.105 10.056 52.0
vertex -28.565 8.665 52.0
vertex -27.164 9.719 53.0
endloop
endfacet
facet normal -0.6715295534333117 0.22184458461636153 0.7069887121744245
outer loop
vertex -27.164 9.719 53.0
vertex -28.565 8.665 52.0
vertex -27.608 8.375 53.0
endloop
endfacet
facet normal 0.0 0.0 1.0
outer loop
vertex -27.164 9.719 53.0
vertex -27.608 8.375 53.0
vertex -21.326 7.631 53.0
endloop
endfacet
facet normal 0.0 0.0 1.0
outer loop
vertex -21.326 7.631 53.0
vertex -27.608 8.375 53.0
vertex -21.675 6.575 53.0
endloop
endfacet
facet normal 0.671333569581607 -0.2218706588863456 0.7071666345905725
outer loop
vertex -21.326 7.631 53.0
vertex -21.675 6.575 53.0
vertex -20.384 7.294 52.0
endloop
endfacet
facet normal 0.6714017622093044 -0.22224795696522054 0.7069833939542187
outer loop
vertex -20.384 7.294 52.0
vertex -21.675 6.575 53.0
vertex -20.718 6.285 52.0
endloop
endfacet
facet normal 0.949339850909622 -0.31425124896314527 0.0
outer loop
vertex -20.384 7.294 52.0
vertex -20.718 6.285 52.0
vertex -20.384 7.294 0.0
endloop
endfacet
facet normal 0.949339850909622 -0.31425124896314527 0.0
outer loop
vertex -20.384 7.294 0.0
vertex -20.718 6.285 52.0
vertex -20.718 6.285 0.0
endloop
endfacet
facet normal -0.0 0.0 -1.0
outer loop
vertex -20.718 6.285 0.0
vertex -21.001 5.261 0.0
vertex -33.493 10.16 0.0
endloop
endfacet
facet normal -0.0 -0.0 -1.0
outer loop
vertex -33.493 10.16 0.0
vertex -21.001 5.261 0.0
vertex -33.951 8.504 0.0
endloop
endfacet
facet normal -0.9638174834783934 0.2665630479668493 0.0
outer loop
vertex -33.493 10.16 0.0
vertex -33.951 8.504 0.0
vertex -33.493 10.16 3.0
endloop
endfacet
facet normal -0.9638174834783934 0.2665630479668493 0.0
outer loop
vertex -33.493 10.16 3.0
vertex -33.951 8.504 0.0
vertex -33.951 8.504 3.0
endloop
endfacet
facet normal -0.0 0.0 1.0
outer loop
vertex -33.493 10.16 3.0
vertex -33.951 8.504 3.0
vertex -28.565 8.665 3.0
endloop
endfacet
facet normal 0.0 0.0 1.0
outer loop
vertex -28.565 8.665 3.0
vertex -33.951 8.504 3.0
vertex -28.955 7.253 3.0
endloop
endfacet
facet normal -0.9639080863564984 0.2662352363165947 0.0
outer loop
vertex -28.565 8.665 3.0
vertex -28.955 7.253 3.0
vertex -28.565 8.665 52.0
endloop
endfacet
facet normal -0.9639080863564984 0.2662352363165947 0.0
outer loop
vertex -28.565 8.665 52.0
vertex -28.955 7.253 3.0
vertex -28.955 7.253 52.0
endloop
endfacet
facet normal -0.6816990093013481 0.18828796999116423 0.706989463198828
outer loop
vertex -28.565 8.665 52.0
vertex -28.955 7.253 52.0
vertex -27.608 8.375 53.0
endloop
endfacet
facet normal -0.6816952168705965 0.1882777265642594 0.7069958479195929
outer loop
vertex -27.608 8.375 53.0
vertex -28.955 7.253 52.0
vertex -27.985 7.01 53.0
endloop
endfacet
facet normal 0.0 0.0 1.0
outer loop
vertex -27.608 8.375 53.0
vertex -27.985 7.01 53.0
vertex -21.675 6.575 53.0
endloop
endfacet
facet normal 0.0 0.0 1.0
outer loop
vertex -21.675 6.575 53.0
vertex -27.985 7.01 53.0
vertex -21.971 5.504 53.0
endloop
endfacet
facet normal 0.6816673396499394 -0.18839732262967462 0.7069908676075982
outer loop
vertex -21.675 6.575 53.0
vertex -21.971 5.504 53.0
vertex -20.718 6.285 52.0
endloop
endfacet
facet normal 0.6816656442539141 -0.18839001691783058 0.7069944490373286
outer loop
vertex -20.718 6.285 52.0
vertex -21.971 5.504 53.0
vertex -21.001 5.261 52.0
endloop
endfacet
facet normal 0.9638677018165197 -0.26638140587312137 0.0
outer loop
vertex -20.718 6.285 52.0
vertex -21.001 5.261 52.0
vertex -20.718 6.285 0.0
endloop
endfacet
facet normal 0.9638677018165197 -0.26638140587312137 0.0
outer loop
vertex -20.718 6.285 0.0
vertex -21.001 5.261 52.0
vertex -21.001 5.261 0.0
endloop
endfacet
facet normal -0.0 0.0 -1.0
outer loop
vertex -21.001 5.261 0.0
vertex -21.234 4.224 0.0
vertex -33.951 8.504 0.0
endloop
endfacet
facet normal -0.0 -0.0 -1.0
outer loop
vertex -33.951 8.504 0.0
vertex -21.234 4.224 0.0
vertex -34.327 6.828 0.0
endloop
endfacet
facet normal -0.9757467140187474 0.21890260409966997 0.0
outer loop
vertex -33.951 8.504 0.0
vertex -34.327 6.828 0.0
vertex -33.951 8.504 3.0
endloop
endfacet
facet normal -0.9757467140187474 0.21890260409966997 0.0
outer loop
vertex -33.951 8.504 3.0
vertex -34.327 6.828 0.0
vertex -34.327 6.828 3.0
endloop
endfacet
facet normal -0.0 0.0 1.0
outer loop
vertex -33.951 8.504 3.0
vertex -34.327 6.828 3.0
vertex -28.955 7.253 3.0
endloop
endfacet
facet normal 0.0 0.0 1.0
outer loop
vertex -28.955 7.253 3.0
vertex -34.327 6.828 3.0
vertex -29.276 5.823 3.0
endloop
endfacet
facet normal -0.9757192280275095 0.21902508545233013 0.0
outer loop
vertex -28.955 7.253 3.0
vertex -29.276 5.823 3.0
vertex -28.955 7.253 52.0
endloop
endfacet
facet normal -0.9757192280275095 0.21902508545233013 0.0
outer loop
vertex -28.955 7.253 52.0
vertex -29.276 5.823 3.0
vertex -29.276 5.823 52.0
endloop
endfacet
facet normal -0.6900512740627368 0.1548996216602375 0.7069903439042918
outer loop
vertex -28.955 7.253 52.0
vertex -29.276 5.823 52.0
vertex -27.985 7.01 53.0
endloop
endfacet
facet normal -0.6902339074458781 0.15532760145851526 0.7067181115813713
outer loop
vertex -27.985 7.01 53.0
vertex -29.276 5.823 52.0
vertex -28.296 5.628 53.0
endloop
endfacet
facet normal 0.0 0.0 1.0
outer loop
vertex -27.985 7.01 53.0
vertex -28.296 5.628 53.0
vertex -21.971 5.504 53.0
endloop
endfacet
facet normal 0.0 0.0 0.9999999999999999
outer loop
vertex -21.971 5.504 53.0
vertex -28.296 5.628 53.0
vertex -22.215 4.419 53.0
endloop
endfacet
facet normal 0.6899875862783317 -0.15516771525521916 0.7069937134969992
outer loop
vertex -21.971 5.504 53.0
vertex -22.215 4.419 53.0
vertex -21.001 5.261 52.0
endloop
endfacet
facet normal 0.6899460500479604 -0.15502162937432512 0.7070662928250411
outer loop
vertex -21.001 5.261 52.0
vertex -22.215 4.419 53.0
vertex -21.234 4.224 52.0
endloop
endfacet
facet normal 0.9756751981107433 -0.2192211390162042 0.0
outer loop
vertex -21.001 5.261 52.0
vertex -21.234 4.224 52.0
vertex -21.001 5.261 0.0
endloop
endfacet
facet normal 0.9756751981107433 -0.2192211390162042 0.0
outer loop
vertex -21.001 5.261 0.0
vertex -21.234 4.224 52.0
vertex -21.234 4.224 0.0
endloop
endfacet
facet normal -0.0 0.0 -1.0
outer loop
vertex -21.234 4.224 0.0
vertex -21.416 3.177 0.0
vertex -34.327 6.828 0.0
endloop
endfacet
facet normal -0.0 -0.0 -0.9999999999999999
outer loop
vertex -34.327 6.828 0.0
vertex -21.416 3.177 0.0
vertex -34.621 5.136 0.0
endloop
endfacet
facet normal -0.985237385985719 0.17119373018901024 0.0
outer loop
vertex -34.327 6.828 0.0
vertex -34.621 5.136 0.0
vertex -34.327 6.828 3.0
endloop
endfacet
facet normal -0.985237385985719 0.17119373018901024 0.0
outer loop
vertex -34.327 6.828 3.0
vertex -34.621 5.136 0.0
vertex -34.621 5.136 3.0
endloop
endfacet
facet normal -0.0 0.0 1.0
outer loop
vertex -34.327 6.828 3.0
vertex -34.621 5.136 3.0
vertex -29.276 5.823 3.0
endloop
endfacet
facet normal 0.0 0.0 1.0
outer loop
vertex -29.276 5.823 3.0
vertex -34.621 5.136 3.0
vertex -29.527 4.38 3.0
endloop
endfacet
facet normal -0.9852067433968302 0.17136998793666355 0.0
outer loop
vertex -29.276 5.823 3.0
vertex -29.527 4.38 3.0
vertex -29.276 5.823 52.0
endloop
endfacet
facet normal -0.9852067433968302 0.17136998793666355 0.0
outer loop
vertex -29.276 5.823 52.0
vertex -29.527 4.38 3.0
vertex -29.527 4.38 52.0
endloop
endfacet
facet normal -0.6970227446572304 0.12124234851626169 0.7067245477247572
outer loop
vertex -29.276 5.823 52.0
vertex -29.527 4.38 52.0
vertex -28.296 5.628 53.0
endloop
endfacet
facet normal -0.6968503050778132 0.12088729306726263 0.7069553838028454
outer loop
vertex -28.296 5.628 53.0
vertex -29.527 4.38 52.0
vertex -28.538 4.233 53.0
endloop
endfacet
facet normal -0.0 0.0 1.0
outer loop
vertex -28.296 5.628 53.0
vertex -28.538 4.233 53.0
vertex -22.215 4.419 53.0
endloop
endfacet
facet normal 0.0 0.0 1.0
outer loop
vertex -22.215 4.419 53.0
vertex -28.538 4.233 53.0
vertex -22.405 3.323 53.0
endloop
endfacet
facet normal 0.6967530463547986 -0.12078748066369768 0.7070682972034771
outer loop
vertex -22.215 4.419 53.0
vertex -22.405 3.323 53.0
vertex -21.234 4.224 52.0
endloop
endfacet
facet normal 0.6968713902262703 -0.12113714710714442 0.7068918284114248
outer loop
vertex -21.234 4.224 52.0
vertex -22.405 3.323 53.0
vertex -21.416 3.177 52.0
endloop
endfacet
facet normal 0.9852255644421767 -0.17126175045699593 0.0
outer loop
vertex -21.234 4.224 52.0
vertex -21.416 3.177 52.0
vertex -21.234 4.224 0.0
endloop
endfacet
facet normal 0.9852255644421767 -0.17126175045699593 0.0
outer loop
vertex -21.234 4.224 0.0
vertex -21.416 3.177 52.0
vertex -21.416 3.177 0.0
endloop
endfacet
facet normal -0.0 0.0 -1.0
outer loop
vertex -21.416 3.177 0.0
vertex -21.546 2.122 0.0
vertex -34.621 5.136 0.0
endloop
endfacet
facet normal -0.0 -0.0 -1.0
outer loop
vertex -34.621 5.136 0.0
vertex -21.546 2.122 0.0
vertex -34.831 3.431 0.0
endloop
endfacet
facet normal -0.992500149235439 0.12224342014043581 0.0
outer loop
vertex -34.621 5.136 0.0
vertex -34.831 3.431 0.0
vertex -34.621 5.136 3.0
endloop
endfacet
facet normal -0.992500149235439 0.12224342014043581 0.0
outer loop
vertex -34.621 5.136 3.0
vertex -34.831 3.431 0.0
vertex -34.831 3.431 3.0
endloop
endfacet
facet normal -0.0 0.0 1.0
outer loop
vertex -34.621 5.136 3.0
vertex -34.831 3.431 3.0
vertex -29.527 4.38 3.0
endloop
endfacet
facet normal 0.0 0.0 1.0
outer loop
vertex -29.527 4.38 3.0
vertex -34.831 3.431 3.0
vertex -29.706 2.926 3.0
endloop
endfacet
facet normal -0.9925071907706707 0.12218623600271568 0.0
outer loop
vertex -29.527 4.38 3.0
vertex -29.706 2.926 3.0
vertex -29.527 4.38 52.0
endloop
endfacet
facet normal -0.9925071907706707 0.12218623600271568 0.0
outer loop
vertex -29.527 4.38 52.0
vertex -29.706 2.926 3.0
vertex -29.706 2.926 52.0
endloop
endfacet
facet normal -0.701966142758708 0.08641811523645646 0.7069479781281219
outer loop
vertex -29.527 4.38 52.0
vertex -29.706 2.926 52.0
vertex -28.538 4.233 53.0
endloop
endfacet
facet normal -0.7019756379639911 0.08643543442545855 0.7069364323478668
outer loop
vertex -28.538 4.233 53.0
vertex -29.706 2.926 52.0
vertex -28.711 2.828 53.0
endloop
endfacet
facet normal -0.0 0.0 1.0
outer loop
vertex -28.538 4.233 53.0
vertex -28.711 2.828 53.0
vertex -22.405 3.323 53.0
endloop
endfacet
facet normal 0.0 0.0 1.0
outer loop
vertex -22.405 3.323 53.0
vertex -28.711 2.828 53.0
vertex -22.541 2.22 53.0
endloop
endfacet
facet normal 0.7019911342345905 -0.08655557049492638 0.7069063450502698
outer loop
vertex -22.405 3.323 53.0
vertex -22.541 2.22 53.0
vertex -21.416 3.177 52.0
endloop
endfacet
facet normal 0.7019686481824489 -0.08649850641110676 0.7069356585698258
outer loop
vertex -21.416 3.177 52.0
vertex -22.541 2.22 53.0
vertex -21.546 2.122 52.0
endloop
endfacet
facet normal 0.9924934534208788 -0.12229777151157653 0.0
outer loop
vertex -21.416 3.177 52.0
vertex -21.546 2.122 52.0
vertex -21.416 3.177 0.0
endloop
endfacet
facet normal 0.9924934534208788 -0.12229777151157653 0.0
outer loop
vertex -21.416 3.177 0.0
vertex -21.546 2.122 52.0
vertex -21.546 2.122 0.0
endloop
endfacet
facet normal -0.0 0.0 -1.0
outer loop
vertex -21.546 2.122 0.0
vertex -21.624 1.062 0.0
vertex -34.831 3.431 0.0
endloop
endfacet
facet normal -0.0 -0.0 -0.9999999999999999
outer loop
vertex -34.831 3.431 0.0
vertex -21.624 1.062 0.0
vertex -34.958 1.717 0.0
endloop
endfacet
facet normal -0.9972661666805244 0.07389311736780745 0.0
outer loop
vertex -34.831 3.431 0.0
vertex -34.958 1.717 0.0
vertex -34.831 3.431 3.0
endloop
endfacet
facet normal -0.9972661666805244 0.07389311736780745 0.0
outer loop
vertex -34.831 3.431 3.0
vertex -34.958 1.717 0.0
vertex -34.958 1.717 3.0
endloop
endfacet
facet normal -0.0 0.0 1.0
outer loop
vertex -34.831 3.431 3.0
vertex -34.958 1.717 3.0
vertex -29.706 2.926 3.0
endloop
endfacet
facet normal 0.0 0.0 1.0
outer loop
vertex -29.706 2.926 3.0
vertex -34.958 1.717 3.0
vertex -29.814 1.465 3.0
endloop
endfacet
facet normal -0.9972789179472297 0.07372082350328635 0.0
outer loop
vertex -29.706 2.926 3.0
vertex -29.814 1.465 3.0
vertex -29.706 2.926 52.0
endloop
endfacet
facet normal -0.9972789179472297 0.07372082350328635 0.0
outer loop
vertex -29.706 2.926 52.0
vertex -29.814 1.465 3.0
vertex -29.814 1.465 52.0
endloop
endfacet
facet normal -0.7053529499320089 0.052141080487787365 0.7069360110701527
outer loop
vertex -29.706 2.926 52.0
vertex -29.814 1.465 52.0
vertex -28.711 2.828 53.0
endloop
endfacet
facet normal -0.7052316114301136 0.051943404807885105 0.707071606654269
outer loop
vertex -28.711 2.828 53.0
vertex -29.814 1.465 52.0
vertex -28.815 1.416 53.0
endloop
endfacet
facet normal -0.0 0.0 1.0
outer loop
vertex -28.711 2.828 53.0
vertex -28.815 1.416 53.0
vertex -22.541 2.22 53.0
endloop
endfacet
facet normal 0.0 0.0 1.0
outer loop
vertex -22.541 2.22 53.0
vertex -28.815 1.416 53.0
vertex -22.623 1.111 53.0
endloop
endfacet
facet normal 0.7053518313492069 -0.0521540578635126 0.7069361698630857
outer loop
vertex -22.541 2.22 53.0
vertex -22.623 1.111 53.0
vertex -21.546 2.122 52.0
endloop
endfacet
facet normal 0.7052346030277908 -0.051894621732233276 0.7070722048896441
outer loop
vertex -21.546 2.122 52.0
vertex -22.623 1.111 53.0
vertex -21.624 1.062 52.0
endloop
endfacet
facet normal 0.9973035762236192 -0.07338648957117143 0.0
outer loop
vertex -21.546 2.122 52.0
vertex -21.624 1.062 52.0
vertex -21.546 2.122 0.0
endloop
endfacet
facet normal 0.9973035762236192 -0.07338648957117143 0.0
outer loop
vertex -21.546 2.122 0.0
vertex -21.624 1.062 52.0
vertex -21.624 1.062 0.0
endloop
endfacet
facet normal -0.0 0.0 -1.0
outer loop
vertex -21.624 1.062 0.0
vertex -21.65 0.0 0.0
vertex -34.958 1.717 0.0
endloop
endfacet
facet normal -0.0 -0.0 -1.0
outer loop
vertex -34.958 1.717 0.0
vertex -21.65 0.0 0.0
vertex -35.0 0.0 0.0
endloop
endfacet
facet normal -0.9997009573366754 0.024453954693151987 0.0
outer loop
vertex -34.958 1.717 0.0
vertex -35.0 0.0 0.0
vertex -34.958 1.717 3.0
endloop
endfacet
facet normal -0.9997009573366754 0.024453954693151987 0.0
outer loop
vertex -34.958 1.717 3.0
vertex -35.0 0.0 0.0
vertex -35.0 0.0 3.0
endloop
endfacet
facet normal -0.0 0.0 1.0
outer loop
vertex -34.958 1.717 3.0
vertex -35.0 0.0 3.0
vertex -29.814 1.465 3.0
endloop
endfacet
facet normal -0.0 0.0 1.0
outer loop
vertex -29.814 1.465 3.0
vertex -35.0 0.0 3.0
vertex -29.85 0.0 3.0
endloop
endfacet
facet normal -0.9996982111959187 0.024565962868979135 0.0
outer loop
vertex -29.814 1.465 3.0
vertex -29.85 0.0 3.0
vertex -29.814 1.465 52.0
endloop
endfacet
facet normal -0.9996982111959187 0.024565962868979135 0.0
outer loop
vertex -29.814 1.465 52.0
vertex -29.85 0.0 3.0
vertex -29.85 0.0 52.0
endloop
endfacet
facet normal -0.7069279362440037 0.0173716079896144 0.7070722170992499
outer loop
vertex -29.814 1.465 52.0
vertex -29.85 0.0 52.0
vertex -28.815 1.416 53.0
endloop
endfacet
facet normal -0.7069988032295095 0.017475252904684276 0.7069988032295095
outer loop
vertex -28.815 1.416 53.0
vertex -29.85 0.0 52.0
vertex -28.85 0.0 53.0
endloop
endfacet
facet normal -0.0 0.0 1.0
outer loop
vertex -28.815 1.416 53.0
vertex -28.85 0.0 53.0
vertex -22.623 1.111 53.0
endloop
endfacet
facet normal -0.0 0.0 1.0
outer loop
vertex -22.623 1.111 53.0
vertex -28.85 0.0 53.0
vertex -22.65 0.0 53.0
endloop
endfacet
facet normal 0.7069349669074385 -0.01718023771962111 0.7070698635887941
outer loop
vertex -22.623 1.111 53.0
vertex -22.65 0.0 53.0
vertex -21.624 1.062 52.0
endloop
endfacet
facet normal 0.70700084969863 -0.017308872026519997 0.70700084969863
outer loop
vertex -21.624 1.062 52.0
vertex -22.65 0.0 53.0
vertex -21.65 0.0 52.0
endloop
endfacet
facet normal 0.9997004478149234 -0.024474775558557257 0.0
outer loop
vertex -21.624 1.062 52.0
vertex -21.65 0.0 52.0
vertex -21.624 1.062 0.0
endloop
endfacet
facet normal 0.9997004478149234 -0.024474775558557257 0.0
outer loop
vertex -21.624 1.062 0.0
vertex -21.65 0.0 52.0
vertex -21.65 0.0 0.0
endloop
endfacet
facet normal -0.0 -0.0 -1.0
outer loop
vertex -21.65 0.0 0.0
vertex -21.624 -1.062 0.0
vertex -35.0 0.0 0.0
endloop
endfacet
facet normal 0.0 -0.0 -1.0
outer loop
vertex -35.0 0.0 0.0
vertex -21.624 -1.062 0.0
vertex -34.958 -1.717 0.0
endloop
endfacet
facet normal -0.9997009573366754 -0.024453954693151987 0.0
outer loop
vertex -35.0 0.0 0.0
vertex -34.958 -1.717 0.0
vertex -35.0 0.0 3.0
endloop
endfacet
facet normal -0.9997009573366754 -0.024453954693151987 0.0
outer loop
vertex -35.0 0.0 3.0
vertex -34.958 -1.717 0.0
vertex -34.958 -1.717 3.0
endloop
endfacet
facet normal -0.0 0.0 1.0
outer loop
vertex -35.0 0.0 3.0
vertex -34.958 -1.717 3.0
vertex -29.85 0.0 3.0
endloop
endfacet
facet normal -0.0 0.0 0.9999999999999999
outer loop
vertex -29.85 0.0 3.0
vertex -34.958 -1.717 3.0
vertex -29.814 -1.465 3.0
endloop
endfacet
facet normal -0.9996982111959187 -0.024565962868979135 0.0
outer loop
vertex -29.85 0.0 3.0
vertex -29.814 -1.465 3.0
vertex -29.85 0.0 52.0
endloop
endfacet
facet normal -0.9996982111959187 -0.024565962868979135 0.0
outer loop
vertex -29.85 0.0 52.0
vertex -29.814 -1.465 3.0
vertex -29.814 -1.465 52.0
endloop
endfacet
facet normal -0.7070000585776778 -0.01737338027904257 0.7070000585776778
outer loop
vertex -29.85 0.0 52.0
vertex -29.814 -1.465 52.0
vertex -28.85 0.0 53.0
endloop
endfacet
facet normal -0.7069241856662102 -0.017473408544009503 0.7070734584991996
outer loop
vertex -28.85 0.0 53.0
vertex -29.814 -1.465 52.0
vertex -28.815 -1.416 53.0
endloop
endfacet
facet normal -0.0 0.0 1.0
outer loop
vertex -28.85 0.0 53.0
vertex -28.815 -1.416 53.0
vertex -22.65 0.0 53.0
endloop
endfacet
facet normal -0.0 0.0 1.0
outer loop
vertex -22.65 0.0 53.0
vertex -28.815 -1.416 53.0
vertex -22.623 -1.111 53.0
endloop
endfacet
facet normal 0.7070023985535282 0.017181876472496378 0.7070023985535282
outer loop
vertex -22.65 0.0 53.0
vertex -22.623 -1.111 53.0
vertex -21.65 0.0 52.0
endloop
endfacet
facet normal 0.7069303074183102 0.017307145002708028 0.7070714272160263
outer loop
vertex -21.65 0.0 52.0
vertex -22.623 -1.111 53.0
vertex -21.624 -1.062 52.0
endloop
endfacet
facet normal 0.9997004478149234 0.024474775558557257 0.0
outer loop
vertex -21.65 0.0 52.0
vertex -21.624 -1.062 52.0
vertex -21.65 0.0 0.0
endloop
endfacet
facet normal 0.9997004478149234 0.024474775558557257 0.0
outer loop
vertex -21.65 0.0 0.0
vertex -21.624 -1.062 52.0
vertex -21.624 -1.062 0.0
endloop
endfacet
facet normal -0.0 -0.0 -1.0
outer loop
vertex -21.624 -1.062 0.0
vertex -21.546 -2.122 0.0
vertex -34.958 -1.717 0.0
endloop
endfacet
facet normal 0.0 -0.0 -0.9999999999999999
outer loop
vertex -34.958 -1.717 0.0
vertex -21.546 -2.122 0.0
vertex -34.831 -3.431 0.0
endloop
endfacet
facet normal -0.9972661666805244 -0.07389311736780745 0.0
outer loop
vertex -34.958 -1.717 0.0
vertex -34.831 -3.431 0.0
vertex -34.958 -1.717 3.0
endloop
endfacet
facet normal -0.9972661666805244 -0.07389311736780745 0.0
outer loop
vertex -34.958 -1.717 3.0
vertex -34.831 -3.431 0.0
vertex -34.831 -3.431 3.0
endloop
endfacet
facet normal -0.0 0.0 1.0
outer loop
vertex -34.958 -1.717 3.0
vertex -34.831 -3.431 3.0
vertex -29.814 -1.465 3.0
endloop
endfacet
facet normal -0.0 0.0 1.0
outer loop
vertex -29.814 -1.465 3.0
vertex -34.831 -3.431 3.0
vertex -29.706 -2.926 3.0
endloop
endfacet
facet normal -0.9972789179472297 -0.07372082350328635 0.0
outer loop
vertex -29.814 -1.465 3.0
vertex -29.706 -2.926 3.0
vertex -29.814 -1.465 52.0
endloop
endfacet
facet normal -0.9972789179472297 -0.07372082350328635 0.0
outer loop
vertex -29.814 -1.465 52.0
vertex -29.706 -2.926 3.0
vertex -29.706 -2.926 52.0
endloop
endfacet
facet normal -0.7052200756102701 -0.052131258155995584 0.7070692871843027
outer loop
vertex -29.814 -1.465 52.0
vertex -29.706 -2.926 52.0
vertex -28.815 -1.416 53.0
endloop
endfacet
facet normal -0.7053691022281308 -0.0519535316088722 0.7069337028146604
outer loop
vertex -28.815 -1.416 53.0
vertex -29.706 -2.926 52.0
vertex -28.711 -2.828 53.0
endloop
endfacet
facet normal -0.0 0.0 1.0
outer loop
vertex -28.815 -1.416 53.0
vertex -28.711 -2.828 53.0
vertex -22.623 -1.111 53.0
endloop
endfacet
facet normal -0.0 0.0 0.9999999999999999
outer loop
vertex -22.623 -1.111 53.0
vertex -28.711 -2.828 53.0
vertex -22.541 -2.22 53.0
endloop
endfacet
facet normal 0.7052192764594638 0.052144256690420686 0.7070691257608366
outer loop
vertex -22.623 -1.111 53.0
vertex -22.541 -2.22 53.0
vertex -21.624 -1.062 52.0
endloop
endfacet
facet normal 0.7053732926895411 0.05190482719790924 0.7069330992914892
outer loop
vertex -21.624 -1.062 52.0
vertex -22.541 -2.22 53.0
vertex -21.546 -2.122 52.0
endloop
endfacet
facet normal 0.9973035762236192 0.07338648957117143 0.0
outer loop
vertex -21.624 -1.062 52.0
vertex -21.546 -2.122 52.0
vertex -21.624 -1.062 0.0
endloop
endfacet
facet normal 0.9973035762236192 0.07338648957117143 0.0
outer loop
vertex -21.624 -1.062 0.0
vertex -21.546 -2.122 52.0
vertex -21.546 -2.122 0.0
endloop
endfacet
facet normal 0.0 -0.0 -1.0
outer loop
vertex -21.546 -2.122 0.0
vertex -21.416 -3.177 0.0
vertex -34.831 -3.431 0.0
endloop
endfacet
facet normal 0.0 -0.0 -0.9999999999999999
outer loop
vertex -34.831 -3.431 0.0
vertex -21.416 -3.177 0.0
vertex -34.621 -5.136 0.0
endloop
endfacet
facet normal -0.992500149235439 -0.12224342014043581 0.0
outer loop
vertex -34.831 -3.431 0.0
vertex -34.621 -5.136 0.0
vertex -34.831 -3.431 3.0
endloop
endfacet
facet normal -0.992500149235439 -0.12224342014043581 0.0
outer loop
vertex -34.831 -3.431 3.0
vertex -34.621 -5.136 0.0
vertex -34.621 -5.136 3.0
endloop
endfacet
facet normal -0.0 0.0 1.0
outer loop
vertex -34.831 -3.431 3.0
vertex -34.621 -5.136 3.0
vertex -29.706 -2.926 3.0
endloop
endfacet
facet normal -0.0 0.0 0.9999999999999999
outer loop
vertex -29.706 -2.926 3.0
vertex -34.621 -5.136 3.0
vertex -29.527 -4.38 3.0
endloop
endfacet
facet normal -0.9925071907706707 -0.12218623600271568 0.0
outer loop
vertex -29.706 -2.926 3.0
vertex -29.527 -4.38 3.0
vertex -29.706 -2.926 52.0
endloop
endfacet
facet normal -0.9925071907706707 -0.12218623600271568 0.0
outer loop
vertex -29.706 -2.926 52.0
vertex -29.527 -4.38 3.0
vertex -29.527 -4.38 52.0
endloop
endfacet
facet normal -0.7019774032339415 -0.08641950149853816 0.7069366273646293
outer loop
vertex -29.706 -2.926 52.0
vertex -29.527 -4.38 52.0
vertex -28.711 -2.828 53.0
endloop
endfacet
facet normal -0.7019639848397544 -0.0864339995567803 0.7069481789413644
outer loop
vertex -28.711 -2.828 53.0
vertex -29.527 -4.38 52.0
vertex -28.538 -4.233 53.0
endloop
endfacet
facet normal -0.0 0.0 1.0
outer loop
vertex -28.711 -2.828 53.0
vertex -28.538 -4.233 53.0
vertex -22.541 -2.22 53.0
endloop
endfacet
facet normal -0.0 0.0 1.0
outer loop
vertex -22.541 -2.22 53.0
vertex -28.538 -4.233 53.0
vertex -22.405 -3.323 53.0
endloop
endfacet
facet normal 0.7019627103554188 0.08655206582804754 0.7069349992547912
outer loop
vertex -22.541 -2.22 53.0
vertex -22.405 -3.323 53.0
vertex -21.546 -2.122 52.0
endloop
endfacet
facet normal 0.7019983658385853 0.08650216830238425 0.7069057003865097
outer loop
vertex -21.546 -2.122 52.0
vertex -22.405 -3.323 53.0
vertex -21.416 -3.177 52.0
endloop
endfacet
facet normal 0.9924934534208788 0.12229777151157653 0.0
outer loop
vertex -21.546 -2.122 52.0
vertex -21.416 -3.177 52.0
vertex -21.546 -2.122 0.0
endloop
endfacet
facet normal 0.9924934534208788 0.12229777151157653 0.0
outer loop
vertex -21.546 -2.122 0.0
vertex -21.416 -3.177 52.0
vertex -21.416 -3.177 0.0
endloop
endfacet
facet normal 0.0 -0.0 -1.0
outer loop
vertex -21.416 -3.177 0.0
vertex -21.234 -4.224 0.0
vertex -34.621 -5.136 0.0
endloop
endfacet
facet normal 0.0 -0.0 -0.9999999999999999
outer loop
vertex -34.621 -5.136 0.0
vertex -21.234 -4.224 0.0
vertex -34.327 -6.828 0.0
endloop
endfacet
facet normal -0.985237385985719 -0.17119373018901024 0.0
outer loop
vertex -34.621 -5.136 0.0
vertex -34.327 -6.828 0.0
vertex -34.621 -5.136 3.0
endloop
endfacet
facet normal -0.985237385985719 -0.17119373018901024 0.0
outer loop
vertex -34.621 -5.136 3.0
vertex -34.327 -6.828 0.0
vertex -34.327 -6.828 3.0
endloop
endfacet
facet normal -0.0 0.0 1.0
outer loop
vertex -34.621 -5.136 3.0
vertex -34.327 -6.828 3.0
vertex -29.527 -4.38 3.0
endloop
endfacet
facet normal -0.0 0.0 1.0
outer loop
vertex -29.527 -4.38 3.0
vertex -34.327 -6.828 3.0
vertex -29.276 -5.823 3.0
endloop
endfacet
facet normal -0.9852067433968302 -0.17136998793666355 0.0
outer loop
vertex -29.527 -4.38 3.0
vertex -29.276 -5.823 3.0
vertex -29.527 -4.38 52.0
endloop
endfacet
facet normal -0.9852067433968302 -0.17136998793666355 0.0
outer loop
vertex -29.527 -4.38 52.0
vertex -29.276 -5.823 3.0
vertex -29.276 -5.823 52.0
endloop
endfacet
facet normal -0.6967993494489552 -0.1212034904446906 0.7069514697003868
outer loop
vertex -29.527 -4.38 52.0
vertex -29.276 -5.823 52.0
vertex -28.538 -4.233 53.0
endloop
endfacet
facet normal -0.6970814233572127 -0.12092738670426238 0.7067206352973999
outer loop
vertex -28.538 -4.233 53.0
vertex -29.276 -5.823 52.0
vertex -28.296 -5.628 53.0
endloop
endfacet
facet normal -0.0 0.0 1.0
outer loop
vertex -28.538 -4.233 53.0
vertex -28.296 -5.628 53.0
vertex -22.405 -3.323 53.0
endloop
endfacet
facet normal -0.0 0.0 1.0
outer loop
vertex -22.405 -3.323 53.0
vertex -28.296 -5.628 53.0
vertex -22.215 -4.419 53.0
endloop
endfacet
facet normal 0.6969228162676743 0.12081691157925095 0.7068959343793009
outer loop
vertex -22.405 -3.323 53.0
vertex -22.215 -4.419 53.0
vertex -21.416 -3.177 52.0
endloop
endfacet
facet normal 0.6966937032850917 0.12110625978785645 0.7070722435813055
outer loop
vertex -21.416 -3.177 52.0
vertex -22.215 -4.419 53.0
vertex -21.234 -4.224 52.0
endloop
endfacet
facet normal 0.9852255644421767 0.17126175045699593 0.0
outer loop
vertex -21.416 -3.177 52.0
vertex -21.234 -4.224 52.0
vertex -21.416 -3.177 0.0
endloop
endfacet
facet normal 0.9852255644421767 0.17126175045699593 0.0
outer loop
vertex -21.416 -3.177 0.0
vertex -21.234 -4.224 52.0
vertex -21.234 -4.224 0.0
endloop
endfacet
facet normal 0.0 -0.0 -0.9999999999999999
outer loop
vertex -21.234 -4.224 0.0
vertex -21.001 -5.261 0.0
vertex -34.327 -6.828 0.0
endloop
endfacet
facet normal 0.0 -0.0 -1.0
outer loop
vertex -34.327 -6.828 0.0
vertex -21.001 -5.261 0.0
vertex -33.951 -8.504 0.0
endloop
endfacet
facet normal -0.9757467140187474 -0.21890260409966997 0.0
outer loop
vertex -34.327 -6.828 0.0
vertex -33.951 -8.504 0.0
vertex -34.327 -6.828 3.0
endloop
endfacet
facet normal -0.9757467140187474 -0.21890260409966997 0.0
outer loop
vertex -34.327 -6.828 3.0
vertex -33.951 -8.504 0.0
vertex -33.951 -8.504 3.0
endloop
endfacet
facet normal -0.0 0.0 1.0
outer loop
vertex -34.327 -6.828 3.0
vertex -33.951 -8.504 3.0
vertex -29.276 -5.823 3.0
endloop
endfacet
facet normal -0.0 0.0 1.0
outer loop
vertex -29.276 -5.823 3.0
vertex -33.951 -8.504 3.0
vertex -28.955 -7.253 3.0
endloop
endfacet
facet normal -0.9757192280275095 -0.21902508545233013 0.0
outer loop
vertex -29.276 -5.823 3.0
vertex -28.955 -7.253 3.0
vertex -29.276 -5.823 52.0
endloop
endfacet
facet normal -0.9757192280275095 -0.21902508545233013 0.0
outer loop
vertex -29.276 -5.823 52.0
vertex -28.955 -7.253 3.0
vertex -28.955 -7.253 52.0
endloop
endfacet
facet normal -0.6903121667578911 -0.1549581856848141 0.7067227696312723
outer loop
vertex -29.276 -5.823 52.0
vertex -28.955 -7.253 52.0
vertex -28.296 -5.628 53.0
endloop
endfacet
facet normal -0.6899640181002127 -0.15526686659129244 0.7069949461388896
outer loop
vertex -28.296 -5.628 53.0
vertex -28.955 -7.253 52.0
vertex -27.985 -7.01 53.0
endloop
endfacet
facet normal -0.0 0.0 1.0
outer loop
vertex -28.296 -5.628 53.0
vertex -27.985 -7.01 53.0
vertex -22.215 -4.419 53.0
endloop
endfacet
facet normal -0.0 0.0 1.0
outer loop
vertex -22.215 -4.419 53.0
vertex -27.985 -7.01 53.0
vertex -21.971 -5.504 53.0
endloop
endfacet
facet normal 0.6899184109114093 0.15515215876717392 0.70706463206369
outer loop
vertex -22.215 -4.419 53.0
vertex -21.971 -5.504 53.0
vertex -21.234 -4.224 52.0
endloop
endfacet
facet normal 0.690018433497791 0.15503789296527068 0.7069920884834171
outer loop
vertex -21.234 -4.224 52.0
vertex -21.971 -5.504 53.0
vertex -21.001 -5.261 52.0
endloop
endfacet
facet normal 0.9756751981107433 0.2192211390162042 0.0
outer loop
vertex -21.234 -4.224 52.0
vertex -21.001 -5.261 52.0
vertex -21.234 -4.224 0.0
endloop
endfacet
facet normal 0.9756751981107433 0.2192211390162042 0.0
outer loop
vertex -21.234 -4.224 0.0
vertex -21.001 -5.261 52.0
vertex -21.001 -5.261 0.0
endloop
endfacet
facet normal 0.0 -0.0 -1.0
outer loop
vertex -21.001 -5.261 0.0
vertex -20.718 -6.285 0.0
vertex -33.951 -8.504 0.0
endloop
endfacet
facet normal 0.0 -0.0 -1.0
outer loop
vertex -33.951 -8.504 0.0
vertex -20.718 -6.285 0.0
vertex -33.493 -10.16 0.0
endloop
endfacet
facet normal -0.9638174834783934 -0.2665630479668493 0.0
outer loop
vertex -33.951 -8.504 0.0
vertex -33.493 -10.16 0.0
vertex -33.951 -8.504 3.0
endloop
endfacet
facet normal -0.9638174834783934 -0.2665630479668493 0.0
outer loop
vertex -33.951 -8.504 3.0
vertex -33.493 -10.16 0.0
vertex -33.493 -10.16 3.0
endloop
endfacet
facet normal -0.0 0.0 1.0
outer loop
vertex -33.951 -8.504 3.0
vertex -33.493 -10.16 3.0
vertex -28.955 -7.253 3.0
endloop
endfacet
facet normal -0.0 0.0 0.9999999999999999
outer loop
vertex -28.955 -7.253 3.0
vertex -33.493 -10.16 3.0
vertex -28.565 -8.665 3.0
endloop
endfacet
facet normal -0.9639080863564984 -0.2662352363165947 0.0
outer loop
vertex -28.955 -7.253 3.0
vertex -28.565 -8.665 3.0
vertex -28.955 -7.253 52.0
endloop
endfacet
facet normal -0.9639080863564984 -0.2662352363165947 0.0
outer loop
vertex -28.955 -7.253 52.0
vertex -28.565 -8.665 3.0
vertex -28.565 -8.665 52.0
endloop
endfacet
facet normal -0.6816929595852802 -0.18828629903559307 0.7069957414633702
outer loop
vertex -28.955 -7.253 52.0
vertex -28.565 -8.665 52.0
vertex -27.985 -7.01 53.0
endloop
endfacet
facet normal -0.6817014749352487 -0.1882794549821157 0.7069893534578469
outer loop
vertex -27.985 -7.01 53.0
vertex -28.565 -8.665 52.0
vertex -27.608 -8.375 53.0
endloop
endfacet
facet normal -0.0 0.0 1.0
outer loop
vertex -27.985 -7.01 53.0
vertex -27.608 -8.375 53.0
vertex -21.971 -5.504 53.0
endloop
endfacet
facet normal -0.0 0.0 1.0
outer loop
vertex -21.971 -5.504 53.0
vertex -27.608 -8.375 53.0
vertex -21.675 -6.575 53.0
endloop
endfacet
facet normal 0.6816639655268886 0.18839639009893416 0.706994369355122
outer loop
vertex -21.971 -5.504 53.0
vertex -21.675 -6.575 53.0
vertex -21.001 -5.261 52.0
endloop
endfacet
facet normal 0.6816691732621207 0.18839099221990332 0.706990786555622
outer loop
vertex -21.001 -5.261 52.0
vertex -21.675 -6.575 53.0
vertex -20.718 -6.285 52.0
endloop
endfacet
facet normal 0.9638677018165197 0.26638140587312137 0.0
outer loop
vertex -21.001 -5.261 52.0
vertex -20.718 -6.285 52.0
vertex -21.001 -5.261 0.0
endloop
endfacet
facet normal 0.9638677018165197 0.26638140587312137 0.0
outer loop
vertex -21.001 -5.261 0.0
vertex -20.718 -6.285 52.0
vertex -20.718 -6.285 0.0
endloop
endfacet
facet normal 0.0 -0.0 -1.0
outer loop
vertex -20.718 -6.285 0.0
vertex -20.384 -7.294 0.0
vertex -33.493 -10.16 0.0
endloop
endfacet
facet normal 0.0 -0.0 -1.0
outer loop
vertex -33.493 -10.16 0.0
vertex -20.384 -7.294 0.0
vertex -32.954 -11.791 0.0
endloop
endfacet
facet normal -0.94949516452424 -0.3137816638127325 0.0
outer loop
vertex -33.493 -10.16 0.0
vertex -32.954 -11.791 0.0
vertex -33.493 -10.16 3.0
endloop
endfacet
facet normal -0.94949516452424 -0.3137816638127325 0.0
outer loop
vertex -33.493 -10.16 3.0
vertex -32.954 -11.791 0.0
vertex -32.954 -11.791 3.0
endloop
endfacet
facet normal -0.0 0.0 1.0
outer loop
vertex -33.493 -10.16 3.0
vertex -32.954 -11.791 3.0
vertex -28.565 -8.665 3.0
endloop
endfacet
facet normal -0.0 0.0 1.0
outer loop
vertex -28.565 -8.665 3.0
vertex -32.954 -11.791 3.0
vertex -28.105 -10.056 3.0
endloop
endfacet
facet normal -0.9494314325852743 -0.3139744493092933 0.0
outer loop
vertex -28.565 -8.665 3.0
vertex -28.105 -10.056 3.0
vertex -28.565 -8.665 52.0
endloop
endfacet
facet normal -0.9494314325852743 -0.3139744493092933 0.0
outer loop
vertex -28.565 -8.665 52.0
vertex -28.105 -10.056 3.0
vertex -28.105 -10.056 52.0
endloop
endfacet
facet normal -0.6714640565895412 -0.2220513774487344 0.7069860016163242
outer loop
vertex -28.565 -8.665 52.0
vertex -28.105 -10.056 52.0
vertex -27.608 -8.375 53.0
endloop
endfacet
facet normal -0.6716804395657068 -0.22189443092795633 0.7068297168540506
outer loop
vertex -27.608 -8.375 53.0
vertex -28.105 -10.056 52.0
vertex -27.164 -9.719 53.0
endloop
endfacet
facet normal -0.0 0.0 1.0
outer loop
vertex -27.608 -8.375 53.0
vertex -27.164 -9.719 53.0
vertex -21.675 -6.575 53.0
endloop
endfacet
facet normal -0.0 0.0 1.0
outer loop
vertex -21.675 -6.575 53.0
vertex -27.164 -9.719 53.0
vertex -21.326 -7.631 53.0
endloop
endfacet
facet normal 0.6715035104878021 0.221926823068412 0.7069876382266665
outer loop
vertex -21.675 -6.575 53.0
vertex -21.326 -7.631 53.0
vertex -20.718 -6.285 52.0
endloop
endfacet
facet normal 0.6712239613303279 0.2221891011737655 0.7071706986687281
outer loop
vertex -20.718 -6.285 52.0
vertex -21.326 -7.631 53.0
vertex -20.384 -7.294 52.0
endloop
endfacet
facet normal 0.949339850909622 0.31425124896314527 0.0
outer loop
vertex -20.718 -6.285 52.0
vertex -20.384 -7.294 52.0
vertex -20.718 -6.285 0.0
endloop
endfacet
facet normal 0.949339850909622 0.31425124896314527 0.0
outer loop
vertex -20.718 -6.285 0.0
vertex -20.384 -7.294 52.0
vertex -20.384 -7.294 0.0
endloop
endfacet
facet normal 0.0 -0.0 -1.0
outer loop
vertex -20.384 -7.294 0.0
vertex -20.002 -8.285 0.0
vertex -32.954 -11.791 0.0
endloop
endfacet
facet normal 0.0 -0.0 -1.0
outer loop
vertex -32.954 -11.791 0.0
vertex -20.002 -8.285 0.0
vertex -32.336 -13.394 0.0
endloop
endfacet
facet normal -0.9330602770744716 -0.3597200569133035 0.0
outer loop
vertex -32.954 -11.791 0.0
vertex -32.336 -13.394 0.0
vertex -32.954 -11.791 3.0
endloop
endfacet
facet normal -0.9330602770744716 -0.3597200569133035 0.0
outer loop
vertex -32.954 -11.791 3.0
vertex -32.336 -13.394 0.0
vertex -32.336 -13.394 3.0
endloop
endfacet
facet normal -0.0 0.0 1.0
outer loop
vertex -32.954 -11.791 3.0
vertex -32.336 -13.394 3.0
vertex -28.105 -10.056 3.0
endloop
endfacet
facet normal -0.0 0.0 1.0
outer loop
vertex -28.105 -10.056 3.0
vertex -32.336 -13.394 3.0
vertex -27.578 -11.423 3.0
endloop
endfacet
facet normal -0.9330638499517163 -0.359710789264488 0.0
outer loop
vertex -28.105 -10.056 3.0
vertex -27.578 -11.423 3.0
vertex -28.105 -10.056 52.0
endloop
endfacet
facet normal -0.9330638499517163 -0.359710789264488 0.0
outer loop
vertex -28.105 -10.056 52.0
vertex -27.578 -11.423 3.0
vertex -27.578 -11.423 52.0
endloop
endfacet
facet normal -0.6600279838529816 -0.25445116861047673 0.7068363766273855
outer loop
vertex -28.105 -10.056 52.0
vertex -27.578 -11.423 52.0
vertex -27.164 -9.719 53.0
endloop
endfacet
facet normal -0.6596750896951927 -0.25468152592320165 0.7070828073069442
outer loop
vertex -27.164 -9.719 53.0
vertex -27.578 -11.423 52.0
vertex -26.654 -11.04 53.0
endloop
endfacet
facet normal -0.0 0.0 1.0
outer loop
vertex -27.164 -9.719 53.0
vertex -26.654 -11.04 53.0
vertex -21.326 -7.631 53.0
endloop
endfacet
facet normal -0.0 0.0 1.0
outer loop
vertex -21.326 -7.631 53.0
vertex -26.654 -11.04 53.0
vertex -20.926 -8.668 53.0
endloop
endfacet
facet normal 0.6596746014451554 0.25445500537903937 0.7071648113740729
outer loop
vertex -21.326 -7.631 53.0
vertex -20.926 -8.668 53.0
vertex -20.384 -7.294 52.0
endloop
endfacet
facet normal 0.6598127236475615 0.2543374979146007 0.7070782183516383
outer loop
vertex -20.384 -7.294 52.0
vertex -20.926 -8.668 53.0
vertex -20.002 -8.285 52.0
endloop
endfacet
facet normal 0.9330784132097506 0.35967301094462756 0.0
outer loop
vertex -20.384 -7.294 52.0
vertex -20.002 -8.285 52.0
vertex -20.384 -7.294 0.0
endloop
endfacet
facet normal 0.9330784132097506 0.35967301094462756 0.0
outer loop
vertex -20.384 -7.294 0.0
vertex -20.002 -8.285 52.0
vertex -20.002 -8.285 0.0
endloop
endfacet
facet normal 0.0 -0.0 -1.0
outer loop
vertex -20.002 -8.285 0.0
vertex -19.571 -9.257 0.0
vertex -32.336 -13.394 0.0
endloop
endfacet
facet normal 0.0 -0.0 -1.0
outer loop
vertex -32.336 -13.394 0.0
vertex -19.571 -9.257 0.0
vertex -31.64 -14.964 0.0
endloop
endfacet
facet normal -0.9141953311144401 -0.4052738537934065 0.0
outer loop
vertex -32.336 -13.394 0.0
vertex -31.64 -14.964 0.0
vertex -32.336 -13.394 3.0
endloop
endfacet
facet normal -0.9141953311144401 -0.4052738537934065 0.0
outer loop
vertex -32.336 -13.394 3.0
vertex -31.64 -14.964 0.0
vertex -31.64 -14.964 3.0
endloop
endfacet
facet normal -0.0 0.0 1.0
outer loop
vertex -32.336 -13.394 3.0
vertex -31.64 -14.964 3.0
vertex -27.578 -11.423 3.0
endloop
endfacet
facet normal -0.0 0.0 1.0
outer loop
vertex -27.578 -11.423 3.0
vertex -31.64 -14.964 3.0
vertex -26.984 -12.763 3.0
endloop
endfacet
facet normal -0.9142049908735652 -0.4052520631185788 0.0
outer loop
vertex -27.578 -11.423 3.0
vertex -26.984 -12.763 3.0
vertex -27.578 -11.423 52.0
endloop
endfacet
facet normal -0.9142049908735652 -0.4052520631185788 0.0
outer loop
vertex -27.578 -11.423 52.0
vertex -26.984 -12.763 3.0
vertex -26.984 -12.763 52.0
endloop
endfacet
facet normal -0.646460927237853 -0.28656551550692777 0.7070844892069293
outer loop
vertex -27.578 -11.423 52.0
vertex -26.984 -12.763 52.0
vertex -26.654 -11.04 53.0
endloop
endfacet
facet normal -0.6464862971085198 -0.28655068304269565 0.7070673049283777
outer loop
vertex -26.654 -11.04 53.0
vertex -26.984 -12.763 52.0
vertex -26.08 -12.335 53.0
endloop
endfacet
facet normal -0.0 0.0 0.9999999999999999
outer loop
vertex -26.654 -11.04 53.0
vertex -26.08 -12.335 53.0
vertex -20.926 -8.668 53.0
endloop
endfacet
facet normal -0.0 0.0 1.0
outer loop
vertex -20.926 -8.668 53.0
vertex -26.08 -12.335 53.0
vertex -20.475 -9.684 53.0
endloop
endfacet
facet normal 0.6463178811544474 0.2868989807093049 0.7070800317983725
outer loop
vertex -20.926 -8.668 53.0
vertex -20.475 -9.684 53.0
vertex -20.002 -8.285 52.0
endloop
endfacet
facet normal 0.646574877860584 0.286701411890854 0.7069251924633624
outer loop
vertex -20.002 -8.285 52.0
vertex -20.475 -9.684 53.0
vertex -19.571 -9.257 52.0
endloop
endfacet
facet normal 0.9141602604919618 0.40535295501237995 0.0
outer loop
vertex -20.002 -8.285 52.0
vertex -19.571 -9.257 52.0
vertex -20.002 -8.285 0.0
endloop
endfacet
facet normal 0.9141602604919618 0.40535295501237995 0.0
outer loop
vertex -20.002 -8.285 0.0
vertex -19.571 -9.257 52.0
vertex -19.571 -9.257 0.0
endloop
endfacet
facet normal 0.0 -0.0 -1.0
outer loop
vertex -19.571 -9.257 0.0
vertex -19.094 -10.206 0.0
vertex -31.64 -14.964 0.0
endloop
endfacet
facet normal 0.0 -0.0 -1.0
outer loop
vertex -31.64 -14.964 0.0
vertex -19.094 -10.206 0.0
vertex -30.867 -16.499 0.0
endloop
endfacet
facet normal -0.8931434516822083 -0.4497719141044609 0.0
outer loop
vertex -31.64 -14.964 0.0
vertex -30.867 -16.499 0.0
vertex -31.64 -14.964 3.0
endloop
endfacet
facet normal -0.8931434516822083 -0.4497719141044609 0.0
outer loop
vertex -31.64 -14.964 3.0
vertex -30.867 -16.499 0.0
vertex -30.867 -16.499 3.0
endloop
endfacet
facet normal -0.0 0.0 1.0
outer loop
vertex -31.64 -14.964 3.0
vertex -30.867 -16.499 3.0
vertex -26.984 -12.763 3.0
endloop
endfacet
facet normal -0.0 0.0 1.0
outer loop
vertex -26.984 -12.763 3.0
vertex -30.867 -16.499 3.0
vertex -26.325 -14.071 3.0
endloop
endfacet
facet normal -0.893057490117864 -0.4499425733850725 0.0
outer loop
vertex -26.984 -12.763 3.0
vertex -26.325 -14.071 3.0
vertex -26.984 -12.763 52.0
endloop
endfacet
facet normal -0.893057490117864 -0.4499425733850725 0.0
outer loop
vertex -26.984 -12.763 52.0
vertex -26.325 -14.071 3.0
vertex -26.325 -14.071 52.0
endloop
endfacet
facet normal -0.6315187742230387 -0.3181734497041163 0.7070712083709907
outer loop
vertex -26.984 -12.763 52.0
vertex -26.325 -14.071 52.0
vertex -26.08 -12.335 53.0
endloop
endfacet
facet normal -0.6316823518491756 -0.31808826729480105 0.7069634082268229
outer loop
vertex -26.08 -12.335 53.0
vertex -26.325 -14.071 52.0
vertex -25.443 -13.6 53.0
endloop
endfacet
facet normal -0.0 0.0 1.0
outer loop
vertex -26.08 -12.335 53.0
vertex -25.443 -13.6 53.0
vertex -20.475 -9.684 53.0
endloop
endfacet
facet normal -0.0 0.0 1.0
outer loop
vertex -20.475 -9.684 53.0
vertex -25.443 -13.6 53.0
vertex -19.976 -10.677 53.0
endloop
endfacet
facet normal 0.6319837365238027 0.3175829652823554 0.7069212239930832
outer loop
vertex -20.475 -9.684 53.0
vertex -19.976 -10.677 53.0
vertex -19.571 -9.257 52.0
endloop
endfacet
facet normal 0.6319221337818883 0.31762577219595467 0.7069570606999188
outer loop
vertex -19.571 -9.257 52.0
vertex -19.976 -10.677 53.0
vertex -19.094 -10.206 52.0
endloop
endfacet
facet normal 0.8934837086764948 0.4490956048879751 0.0
outer loop
vertex -19.571 -9.257 52.0
vertex -19.094 -10.206 52.0
vertex -19.571 -9.257 0.0
endloop
endfacet
facet normal 0.8934837086764948 0.4490956048879751 0.0
outer loop
vertex -19.571 -9.257 0.0
vertex -19.094 -10.206 52.0
vertex -19.094 -10.206 0.0
endloop
endfacet
facet normal 0.0 -0.0 -1.0
outer loop
vertex -19.094 -10.206 0.0
vertex -18.57 -11.13 0.0
vertex -30.867 -16.499 0.0
endloop
endfacet
facet normal 0.0 -0.0 -1.0
outer loop
vertex -30.867 -16.499 0.0
vertex -18.57 -11.13 0.0
vertex -30.021 -17.994 0.0
endloop
endfacet
facet normal -0.8703133534670595 -0.4924983926643023 0.0
outer loop
vertex -30.867 -16.499 0.0
vertex -30.021 -17.994 0.0
vertex -30.867 -16.499 3.0
endloop
endfacet
facet normal -0.8703133534670595 -0.4924983926643023 0.0
outer loop
vertex -30.867 -16.499 3.0
vertex -30.021 -17.994 0.0
vertex -30.021 -17.994 3.0
endloop
endfacet
facet normal -0.0 0.0 1.0
outer loop
vertex -30.867 -16.499 3.0
vertex -30.021 -17.994 3.0
vertex -26.325 -14.071 3.0
endloop
endfacet
facet normal -0.0 0.0 0.9999999999999999
outer loop
vertex -26.325 -14.071 3.0
vertex -30.021 -17.994 3.0
vertex -25.603 -15.346 3.0
endloop
endfacet
facet normal -0.8701685173149728 -0.49275425058933975 0.0
outer loop
vertex -26.325 -14.071 3.0
vertex -25.603 -15.346 3.0
vertex -26.325 -14.071 52.0
endloop
endfacet
facet normal -0.8701685173149728 -0.49275425058933975 0.0
outer loop
vertex -26.325 -14.071 52.0
vertex -25.603 -15.346 3.0
vertex -25.603 -15.346 52.0
endloop
endfacet
facet normal -0.6154325528321404 -0.3485037671723951 0.7069567859361445
outer loop
vertex -26.325 -14.071 52.0
vertex -25.603 -15.346 52.0
vertex -25.443 -13.6 53.0
endloop
endfacet
facet normal -0.6152623637849454 -0.34858208597556145 0.7070663003189218
outer loop
vertex -25.443 -13.6 53.0
vertex -25.603 -15.346 52.0
vertex -24.745 -14.832 53.0
endloop
endfacet
facet normal -0.0 0.0 1.0
outer loop
vertex -25.443 -13.6 53.0
vertex -24.745 -14.832 53.0
vertex -19.976 -10.677 53.0
endloop
endfacet
facet normal -0.0 0.0 1.0
outer loop
vertex -19.976 -10.677 53.0
vertex -24.745 -14.832 53.0
vertex -19.428 -11.644 53.0
endloop
endfacet
facet normal 0.6153224371860566 0.3487039251064713 0.7069539383232486
outer loop
vertex -19.976 -10.677 53.0
vertex -19.428 -11.644 53.0
vertex -19.094 -10.206 52.0
endloop
endfacet
facet normal 0.6151165222352177 0.34883231347538335 0.707069785204164
outer loop
vertex -19.094 -10.206 52.0
vertex -19.428 -11.644 53.0
vertex -18.57 -11.13 52.0
endloop
endfacet
facet normal 0.869860619266849 0.49329758062319157 0.0
outer loop
vertex -19.094 -10.206 52.0
vertex -18.57 -11.13 52.0
vertex -19.094 -10.206 0.0
endloop
endfacet
facet normal 0.869860619266849 0.49329758062319157 0.0
outer loop
vertex -19.094 -10.206 0.0
vertex -18.57 -11.13 52.0
vertex -18.57 -11.13 0.0
endloop
endfacet
facet normal 0.0 -0.0 -0.9999999999999999
outer loop
vertex -18.57 -11.13 0.0
vertex -18.001 -12.028 0.0
vertex -30.021 -17.994 0.0
endloop
endfacet
facet normal 0.0 -0.0 -1.0
outer loop
vertex -30.021 -17.994 0.0
vertex -18.001 -12.028 0.0
vertex -29.101 -19.445 0.0
endloop
endfacet
facet normal -0.8445470993869619 -0.535481275972437 0.0
outer loop
vertex -30.021 -17.994 0.0
vertex -29.101 -19.445 0.0
vertex -30.021 -17.994 3.0
endloop
endfacet
facet normal -0.8445470993869619 -0.535481275972437 0.0
outer loop
vertex -30.021 -17.994 3.0
vertex -29.101 -19.445 0.0
vertex -29.101 -19.445 3.0
endloop
endfacet
facet normal -0.0 0.0 1.0
outer loop
vertex -30.021 -17.994 3.0
vertex -29.101 -19.445 3.0
vertex -25.603 -15.346 3.0
endloop
endfacet
facet normal -0.0 0.0 1.0
outer loop
vertex -25.603 -15.346 3.0
vertex -29.101 -19.445 3.0
vertex -24.819 -16.584 3.0
endloop
endfacet
facet normal -0.8448396396193176 -0.5350196102274212 0.0
outer loop
vertex -25.603 -15.346 3.0
vertex -24.819 -16.584 3.0
vertex -25.603 -15.346 52.0
endloop
endfacet
facet normal -0.8448396396193176 -0.5350196102274212 0.0
outer loop
vertex -25.603 -15.346 52.0
vertex -24.819 -16.584 3.0
vertex -24.819 -16.584 52.0
endloop
endfacet
facet normal -0.5974299259861919 -0.37834011467946377 0.7070616954413972
outer loop
vertex -25.603 -15.346 52.0
vertex -24.819 -16.584 52.0
vertex -24.745 -14.832 53.0
endloop
endfacet
facet normal -0.5976241010654074 -0.3782620773465845 0.7069393429900547
outer loop
vertex -24.745 -14.832 53.0
vertex -24.819 -16.584 52.0
vertex -23.988 -16.028 53.0
endloop
endfacet
facet normal -0.0 0.0 1.0
outer loop
vertex -24.745 -14.832 53.0
vertex -23.988 -16.028 53.0
vertex -19.428 -11.644 53.0
endloop
endfacet
facet normal -0.0 0.0 1.0
outer loop
vertex -19.428 -11.644 53.0
vertex -23.988 -16.028 53.0
vertex -18.833 -12.584 53.0
endloop
endfacet
facet normal 0.5975095571341049 0.3782108366965894 0.7070635700831092
outer loop
vertex -19.428 -11.644 53.0
vertex -18.833 -12.584 53.0
vertex -18.57 -11.13 52.0
endloop
endfacet
facet normal 0.5971825547362779 0.37839295506118226 0.7072423685545985
outer loop
vertex -18.57 -11.13 52.0
vertex -18.833 -12.584 53.0
vertex -18.001 -12.028 52.0
endloop
endfacet
facet normal 0.8447056710703107 0.535231098929851 0.0
outer loop
vertex -18.57 -11.13 52.0
vertex -18.001 -12.028 52.0
vertex -18.57 -11.13 0.0
endloop
endfacet
facet normal 0.8447056710703107 0.535231098929851 0.0
outer loop
vertex -18.57 -11.13 0.0
vertex -18.001 -12.028 52.0
vertex -18.001 -12.028 0.0
endloop
endfacet
facet normal 0.0 -0.0 -1.0
outer loop
vertex -18.001 -12.028 0.0
vertex -17.389 -12.897 0.0
vertex -29.101 -19.445 0.0
endloop
endfacet
facet normal 0.0 -0.0 -0.9999999999999999
outer loop
vertex -29.101 -19.445 0.0
vertex -17.389 -12.897 0.0
vertex -28.112 -20.849 0.0
endloop
endfacet
facet normal -0.8175322772943157 -0.5758827793761245 0.0
outer loop
vertex -29.101 -19.445 0.0
vertex -28.112 -20.849 0.0
vertex -29.101 -19.445 3.0
endloop
endfacet
facet normal -0.8175322772943157 -0.5758827793761245 0.0
outer loop
vertex -29.101 -19.445 3.0
vertex -28.112 -20.849 0.0
vertex -28.112 -20.849 3.0
endloop
endfacet
facet normal -0.0 0.0 1.0
outer loop
vertex -29.101 -19.445 3.0
vertex -28.112 -20.849 3.0
vertex -24.819 -16.584 3.0
endloop
endfacet
facet normal -0.0 0.0 0.9999999999999999
outer loop
vertex -24.819 -16.584 3.0
vertex -28.112 -20.849 3.0
vertex -23.976 -17.782 3.0
endloop
endfacet
facet normal -0.8178183185822665 -0.5754764962978718 0.0
outer loop
vertex -24.819 -16.584 3.0
vertex -23.976 -17.782 3.0
vertex -24.819 -16.584 52.0
endloop
endfacet
facet normal -0.8178183185822665 -0.5754764962978718 0.0
outer loop
vertex -24.819 -16.584 52.0
vertex -23.976 -17.782 3.0
vertex -23.976 -17.782 52.0
endloop
endfacet
facet normal -0.5784086581566382 -0.407010433076833 0.7069553957188855
outer loop
vertex -24.819 -16.584 52.0
vertex -23.976 -17.782 52.0
vertex -23.988 -16.028 53.0
endloop
endfacet
facet normal -0.5783387586910276 -0.40703461859515344 0.7069986559116072
outer loop
vertex -23.988 -16.028 53.0
vertex -23.976 -17.782 52.0
vertex -23.173 -17.186 53.0
endloop
endfacet
facet normal -0.0 0.0 1.0
outer loop
vertex -23.988 -16.028 53.0
vertex -23.173 -17.186 53.0
vertex -18.833 -12.584 53.0
endloop
endfacet
facet normal -0.0 0.0 0.9999999999999999
outer loop
vertex -18.833 -12.584 53.0
vertex -23.173 -17.186 53.0
vertex -18.193 -13.493 53.0
endloop
endfacet
facet normal 0.5780658558252794 0.40699906240723516 0.7072422707450532
outer loop
vertex -18.833 -12.584 53.0
vertex -18.193 -13.493 53.0
vertex -18.001 -12.028 52.0
endloop
endfacet
facet normal 0.5779755155773224 0.40704374629841483 0.7072903873180236
outer loop
vertex -18.001 -12.028 52.0
vertex -18.193 -13.493 53.0
vertex -17.389 -12.897 52.0
endloop
endfacet
facet normal 0.817593162822898 0.5757963356129059 0.0
outer loop
vertex -18.001 -12.028 52.0
vertex -17.389 -12.897 52.0
vertex -18.001 -12.028 0.0
endloop
endfacet
facet normal 0.817593162822898 0.5757963356129059 0.0
outer loop
vertex -18.001 -12.028 0.0
vertex -17.389 -12.897 52.0
vertex -17.389 -12.897 0.0
endloop
endfacet
facet normal 0.0 -0.0 -0.9999999999999999
outer loop
vertex -17.389 -12.897 0.0
vertex -16.736 -13.735 0.0
vertex -28.112 -20.849 0.0
endloop
endfacet
facet normal 0.0 -0.0 -0.9999999999999999
outer loop
vertex -28.112 -20.849 0.0
vertex -16.736 -13.735 0.0
vertex -27.055 -22.204 0.0
endloop
endfacet
facet normal -0.788474085729856 -0.6150679768387132 0.0
outer loop
vertex -28.112 -20.849 0.0
vertex -27.055 -22.204 0.0
vertex -28.112 -20.849 3.0
endloop
endfacet
facet normal -0.788474085729856 -0.6150679768387132 0.0
outer loop
vertex -28.112 -20.849 3.0
vertex -27.055 -22.204 0.0
vertex -27.055 -22.204 3.0
endloop
endfacet
facet normal -0.0 0.0 1.0
outer loop
vertex -28.112 -20.849 3.0
vertex -27.055 -22.204 3.0
vertex -23.976 -17.782 3.0
endloop
endfacet
facet normal -0.0 0.0 1.0
outer loop
vertex -23.976 -17.782 3.0
vertex -27.055 -22.204 3.0
vertex -23.074 -18.937 3.0
endloop
endfacet
facet normal -0.788138157680407 -0.6154983707599345 0.0
outer loop
vertex -23.976 -17.782 3.0
vertex -23.074 -18.937 3.0
vertex -23.976 -17.782 52.0
endloop
endfacet
facet normal -0.788138157680407 -0.6154983707599345 0.0
outer loop
vertex -23.976 -17.782 52.0
vertex -23.074 -18.937 3.0
vertex -23.074 -18.937 52.0
endloop
endfacet
facet normal -0.5573781009481292 -0.43528575502615646 0.7070049250569376
outer loop
vertex -23.976 -17.782 52.0
vertex -23.074 -18.937 52.0
vertex -23.173 -17.186 53.0
endloop
endfacet
facet normal -0.5571652280641123 -0.4353477409246469 0.707134536780712
outer loop
vertex -23.173 -17.186 53.0
vertex -23.074 -18.937 52.0
vertex -22.301 -18.302 53.0
endloop
endfacet
facet normal -0.0 0.0 1.0
outer loop
vertex -23.173 -17.186 53.0
vertex -22.301 -18.302 53.0
vertex -18.193 -13.493 53.0
endloop
endfacet
facet normal -0.0 0.0 1.0
outer loop
vertex -18.193 -13.493 53.0
vertex -22.301 -18.302 53.0
vertex -17.509 -14.369 53.0
endloop
endfacet
facet normal 0.557193193763271 0.43506865814392487 0.7072842480394503
outer loop
vertex -18.193 -13.493 53.0
vertex -17.509 -14.369 53.0
vertex -17.389 -12.897 52.0
endloop
endfacet
facet normal 0.5579206336511882 0.43475199734394454 0.7069054161284293
outer loop
vertex -17.389 -12.897 52.0
vertex -17.509 -14.369 53.0
vertex -16.736 -13.735 52.0
endloop
endfacet
facet normal 0.7887943632950181 0.6146571828539932 0.0
outer loop
vertex -17.389 -12.897 52.0
vertex -16.736 -13.735 52.0
vertex -17.389 -12.897 0.0
endloop
endfacet
facet normal 0.7887943632950181 0.6146571828539932 0.0
outer loop
vertex -17.389 -12.897 0.0
vertex -16.736 -13.735 52.0
vertex -16.736 -13.735 0.0
endloop
endfacet
facet normal 0.0 -0.0 -1.0
outer loop
vertex -16.736 -13.735 0.0
vertex -16.042 -14.539 0.0
vertex -27.055 -22.204 0.0
endloop
endfacet
facet normal 0.0 -0.0 -1.0
outer loop
vertex -27.055 -22.204 0.0
vertex -16.042 -14.539 0.0
vertex -25.933 -23.505 0.0
endloop
endfacet
facet normal -0.75728090539885 -0.6530892973539667 0.0
outer loop
vertex -27.055 -22.204 0.0
vertex -25.933 -23.505 0.0
vertex -27.055 -22.204 3.0
endloop
endfacet
facet normal -0.75728090539885 -0.6530892973539667 0.0
outer loop
vertex -27.055 -22.204 3.0
vertex -25.933 -23.505 0.0
vertex -25.933 -23.505 3.0
endloop
endfacet
facet normal -0.0 0.0 1.0
outer loop
vertex -27.055 -22.204 3.0
vertex -25.933 -23.505 3.0
vertex -23.074 -18.937 3.0
endloop
endfacet
facet normal -0.0 0.0 1.0
outer loop
vertex -23.074 -18.937 3.0
vertex -25.933 -23.505 3.0
vertex -22.117 -20.046 3.0
endloop
endfacet
facet normal -0.7570838980396387 -0.6533176649449378 0.0
outer loop
vertex -23.074 -18.937 3.0
vertex -22.117 -20.046 3.0
vertex -23.074 -18.937 52.0
endloop
endfacet
facet normal -0.7570838980396387 -0.6533176649449378 0.0
outer loop
vertex -23.074 -18.937 52.0
vertex -22.117 -20.046 3.0
vertex -22.117 -20.046 52.0
endloop
endfacet
facet normal -0.5353170570964052 -0.4619462792076294 0.7071359724323684
outer loop
vertex -23.074 -18.937 52.0
vertex -22.117 -20.046 52.0
vertex -22.301 -18.302 53.0
endloop
endfacet
facet normal -0.5353493392526372 -0.4619385623215375 0.7071165742662775
outer loop
vertex -22.301 -18.302 53.0
vertex -22.117 -20.046 52.0
vertex -21.376 -19.374 53.0
endloop
endfacet
facet normal -0.0 0.0 1.0
outer loop
vertex -22.301 -18.302 53.0
vertex -21.376 -19.374 53.0
vertex -17.509 -14.369 53.0
endloop
endfacet
facet normal -0.0 0.0 1.0
outer loop
vertex -17.509 -14.369 53.0
vertex -21.376 -19.374 53.0
vertex -16.783 -15.211 53.0
endloop
endfacet
facet normal 0.5356764857894246 0.4618778250393368 0.7069084645901647
outer loop
vertex -17.509 -14.369 53.0
vertex -16.783 -15.211 53.0
vertex -16.736 -13.735 52.0
endloop
endfacet
facet normal 0.5352658350195036 0.46203294714370013 0.7071181242300187
outer loop
vertex -16.736 -13.735 52.0
vertex -16.783 -15.211 53.0
vertex -16.042 -14.539 52.0
endloop
endfacet
facet normal 0.7569923468364111 0.653423742169737 0.0
outer loop
vertex -16.736 -13.735 52.0
vertex -16.042 -14.539 52.0
vertex -16.736 -13.735 0.0
endloop
endfacet
facet normal 0.7569923468364111 0.653423742169737 0.0
outer loop
vertex -16.736 -13.735 0.0
vertex -16.042 -14.539 52.0
vertex -16.042 -14.539 0.0
endloop
endfacet
facet normal 0.0 -0.0 -1.0
outer loop
vertex -16.042 -14.539 0.0
vertex -15.309 -15.309 0.0
vertex -25.933 -23.505 0.0
endloop
endfacet
facet normal 0.0 -0.0 -1.0
outer loop
vertex -25.933 -23.505 0.0
vertex -15.309 -15.309 0.0
vertex -24.749 -24.749 0.0
endloop
endfacet
facet normal -0.7243594518179691 -0.6894225007656563 0.0
outer loop
vertex -25.933 -23.505 0.0
vertex -24.749 -24.749 0.0
vertex -25.933 -23.505 3.0
endloop
endfacet
facet normal -0.7243594518179691 -0.6894225007656563 0.0
outer loop
vertex -25.933 -23.505 3.0
vertex -24.749 -24.749 0.0
vertex -24.749 -24.749 3.0
endloop
endfacet
facet normal -0.0 0.0 1.0
outer loop
vertex -25.933 -23.505 3.0
vertex -24.749 -24.749 3.0
vertex -22.117 -20.046 3.0
endloop
endfacet
facet normal -0.0 0.0 0.9999999999999999
outer loop
vertex -22.117 -20.046 3.0
vertex -24.749 -24.749 3.0
vertex -21.107 -21.107 3.0
endloop
endfacet
facet normal -0.7243002553494722 -0.6894846917087353 0.0
outer loop
vertex -22.117 -20.046 3.0
vertex -21.107 -21.107 3.0
vertex -22.117 -20.046 52.0
endloop
endfacet
facet normal -0.7243002553494722 -0.6894846917087353 0.0
outer loop
vertex -22.117 -20.046 52.0
vertex -21.107 -21.107 3.0
vertex -21.107 -21.107 52.0
endloop
endfacet
facet normal -0.5121473273850533 -0.4875295010922759 0.707120994326334
outer loop
vertex -22.117 -20.046 52.0
vertex -21.107 -21.107 52.0
vertex -21.376 -19.374 53.0
endloop
endfacet
facet normal -0.5124462940065467 -0.487473277729426 0.7069431372173335
outer loop
vertex -21.376 -19.374 53.0
vertex -21.107 -21.107 52.0
vertex -20.4 -20.4 53.0
endloop
endfacet
facet normal -0.0 0.0 1.0
outer loop
vertex -21.376 -19.374 53.0
vertex -20.4 -20.4 53.0
vertex -16.783 -15.211 53.0
endloop
endfacet
facet normal -0.0 0.0 1.0
outer loop
vertex -16.783 -15.211 53.0
vertex -20.4 -20.4 53.0
vertex -16.016 -16.016 53.0
endloop
endfacet
facet normal 0.5119295006274295 0.4877638844487465 0.7071170903144831
outer loop
vertex -16.783 -15.211 53.0
vertex -16.016 -16.016 53.0
vertex -16.042 -14.539 52.0
endloop
endfacet
facet normal 0.5122697825789225 0.48765422159785926 0.7069462709529837
outer loop
vertex -16.042 -14.539 52.0
vertex -16.016 -16.016 53.0
vertex -15.309 -15.309 52.0
endloop
endfacet
facet normal 0.7242944996567385 0.6894907379849238 0.0
outer loop
vertex -16.042 -14.539 52.0
vertex -15.309 -15.309 52.0
vertex -16.042 -14.539 0.0
endloop
endfacet
facet normal 0.7242944996567385 0.6894907379849238 0.0
outer loop
vertex -16.042 -14.539 0.0
vertex -15.309 -15.309 52.0
vertex -15.309 -15.309 0.0
endloop
endfacet
facet normal 0.0 -0.0 -1.0
outer loop
vertex -15.309 -15.309 0.0
vertex -14.539 -16.042 0.0
vertex -24.749 -24.749 0.0
endloop
endfacet
facet normal 0.0 -0.0 -1.0
outer loop
vertex -24.749 -24.749 0.0
vertex -14.539 -16.042 0.0
vertex -23.505 -25.933 0.0
endloop
endfacet
facet normal -0.6894225007656563 -0.7243594518179691 0.0
outer loop
vertex -24.749 -24.749 0.0
vertex -23.505 -25.933 0.0
vertex -24.749 -24.749 3.0
endloop
endfacet
facet normal -0.6894225007656563 -0.7243594518179691 0.0
outer loop
vertex -24.749 -24.749 3.0
vertex -23.505 -25.933 0.0
vertex -23.505 -25.933 3.0
endloop
endfacet
facet normal -0.0 0.0 1.0
outer loop
vertex -24.749 -24.749 3.0
vertex -23.505 -25.933 3.0
vertex -21.107 -21.107 3.0
endloop
endfacet
facet normal -0.0 0.0 1.0
outer loop
vertex -21.107 -21.107 3.0
vertex -23.505 -25.933 3.0
vertex -20.046 -22.117 3.0
endloop
endfacet
facet normal -0.6894846917087353 -0.7243002553494722 0.0
outer loop
vertex -21.107 -21.107 3.0
vertex -20.046 -22.117 3.0
vertex -21.107 -21.107 52.0
endloop
endfacet
facet normal -0.6894846917087353 -0.7243002553494722 0.0
outer loop
vertex -21.107 -21.107 52.0
vertex -20.046 -22.117 3.0
vertex -20.046 -22.117 52.0
endloop
endfacet
facet normal -0.4876499953567058 -0.5122739060133307 0.7069461982686165
outer loop
vertex -21.107 -21.107 52.0
vertex -20.046 -22.117 52.0
vertex -20.4 -20.4 53.0
endloop
endfacet
facet normal -0.48734867734528825 -0.5123153104060085 0.7071239561868861
outer loop
vertex -20.4 -20.4 53.0
vertex -20.046 -22.117 52.0
vertex -19.374 -21.376 53.0
endloop
endfacet
facet normal -0.0 0.0 1.0
outer loop
vertex -20.4 -20.4 53.0
vertex -19.374 -21.376 53.0
vertex -16.016 -16.016 53.0
endloop
endfacet
facet normal -0.0 0.0 0.9999999999999999
outer loop
vertex -16.016 -16.016 53.0
vertex -19.374 -21.376 53.0
vertex -15.211 -16.783 53.0
endloop
endfacet
facet normal 0.4878790508529554 0.5120503727987308 0.7069501025217411
outer loop
vertex -16.016 -16.016 53.0
vertex -15.211 -16.783 53.0
vertex -15.309 -15.309 52.0
endloop
endfacet
facet normal 0.48753382557863045 0.512143309270865 0.7071209229585508
outer loop
vertex -15.309 -15.309 52.0
vertex -15.211 -16.783 53.0
vertex -14.539 -16.042 52.0
endloop
endfacet
facet normal 0.6894907379849238 0.7242944996567385 0.0
outer loop
vertex -15.309 -15.309 52.0
vertex -14.539 -16.042 52.0
vertex -15.309 -15.309 0.0
endloop
endfacet
facet normal 0.6894907379849238 0.7242944996567385 0.0
outer loop
vertex -15.309 -15.309 0.0
vertex -14.539 -16.042 52.0
vertex -14.539 -16.042 0.0
endloop
endfacet
facet normal 0.0 -0.0 -1.0
outer loop
vertex -14.539 -16.042 0.0
vertex -13.735 -16.736 0.0
vertex -23.505 -25.933 0.0
endloop
endfacet
facet normal 0.0 -0.0 -0.9999999999999999
outer loop
vertex -23.505 -25.933 0.0
vertex -13.735 -16.736 0.0
vertex -22.204 -27.055 0.0
endloop
endfacet
facet normal -0.6530892973539667 -0.75728090539885 0.0
outer loop
vertex -23.505 -25.933 0.0
vertex -22.204 -27.055 0.0
vertex -23.505 -25.933 3.0
endloop
endfacet
facet normal -0.6530892973539667 -0.75728090539885 0.0
outer loop
vertex -23.505 -25.933 3.0
vertex -22.204 -27.055 0.0
vertex -22.204 -27.055 3.0
endloop
endfacet
facet normal -0.0 0.0 1.0
outer loop
vertex -23.505 -25.933 3.0
vertex -22.204 -27.055 3.0
vertex -20.046 -22.117 3.0
endloop
endfacet
facet normal -0.0 0.0 1.0
outer loop
vertex -20.046 -22.117 3.0
vertex -22.204 -27.055 3.0
vertex -18.937 -23.074 3.0
endloop
endfacet
facet normal -0.6533176649449378 -0.7570838980396387 0.0
outer loop
vertex -20.046 -22.117 3.0
vertex -18.937 -23.074 3.0
vertex -20.046 -22.117 52.0
endloop
endfacet
facet normal -0.6533176649449378 -0.7570838980396387 0.0
outer loop
vertex -20.046 -22.117 52.0
vertex -18.937 -23.074 3.0
vertex -18.937 -23.074 52.0
endloop
endfacet
facet normal -0.4619587360189741 -0.5353314924190606 0.7071169064872747
outer loop
vertex -20.046 -22.117 52.0
vertex -18.937 -23.074 52.0
vertex -19.374 -21.376 53.0
endloop
endfacet
facet normal -0.46192567570950127 -0.5353344047141476 0.7071362989195719
outer loop
vertex -19.374 -21.376 53.0
vertex -18.937 -23.074 52.0
vertex -18.302 -22.301 53.0
endloop
endfacet
facet normal -0.0 0.0 1.0
outer loop
vertex -19.374 -21.376 53.0
vertex -18.302 -22.301 53.0
vertex -15.211 -16.783 53.0
endloop
endfacet
facet normal -0.0 0.0 0.9999999999999999
outer loop
vertex -15.211 -16.783 53.0
vertex -18.302 -22.301 53.0
vertex -14.369 -17.509 53.0
endloop
endfacet
facet normal 0.46174407195402056 0.5355213616877218 0.7071133453637038
outer loop
vertex -15.211 -16.783 53.0
vertex -14.369 -17.509 53.0
vertex -14.539 -16.042 52.0
endloop
endfacet
facet normal 0.46217304454189656 0.5354281380571837 0.7069036609577654
outer loop
vertex -14.539 -16.042 52.0
vertex -14.369 -17.509 53.0
vertex -13.735 -16.736 52.0
endloop
endfacet
facet normal 0.653423742169737 0.7569923468364111 0.0
outer loop
vertex -14.539 -16.042 52.0
vertex -13.735 -16.736 52.0
vertex -14.539 -16.042 0.0
endloop
endfacet
facet normal 0.653423742169737 0.7569923468364111 0.0
outer loop
vertex -14.539 -16.042 0.0
vertex -13.735 -16.736 52.0
vertex -13.735 -16.736 0.0
endloop
endfacet
facet normal 0.0 -0.0 -0.9999999999999999
outer loop
vertex -13.735 -16.736 0.0
vertex -12.897 -17.389 0.0
vertex -22.204 -27.055 0.0
endloop
endfacet
facet normal 0.0 -0.0 -1.0
outer loop
vertex -22.204 -27.055 0.0
vertex -12.897 -17.389 0.0
vertex -20.849 -28.112 0.0
endloop
endfacet
facet normal -0.6150679768387132 -0.788474085729856 0.0
outer loop
vertex -22.204 -27.055 0.0
vertex -20.849 -28.112 0.0
vertex -22.204 -27.055 3.0
endloop
endfacet
facet normal -0.6150679768387132 -0.788474085729856 0.0
outer loop
vertex -22.204 -27.055 3.0
vertex -20.849 -28.112 0.0
vertex -20.849 -28.112 3.0
endloop
endfacet
facet normal -0.0 0.0 1.0
outer loop
vertex -22.204 -27.055 3.0
vertex -20.849 -28.112 3.0
vertex -18.937 -23.074 3.0
endloop
endfacet
facet normal -0.0 0.0 1.0
outer loop
vertex -18.937 -23.074 3.0
vertex -20.849 -28.112 3.0
vertex -17.782 -23.976 3.0
endloop
endfacet
facet normal -0.6154983707599345 -0.788138157680407 0.0
outer loop
vertex -18.937 -23.074 3.0
vertex -17.782 -23.976 3.0
vertex -18.937 -23.074 52.0
endloop
endfacet
facet normal -0.6154983707599345 -0.788138157680407 0.0
outer loop
vertex -18.937 -23.074 52.0
vertex -17.782 -23.976 3.0
vertex -17.782 -23.976 52.0
endloop
endfacet
facet normal -0.435207347160982 -0.5572777006329669 0.7071323280365095
outer loop
vertex -18.937 -23.074 52.0
vertex -17.782 -23.976 52.0
vertex -18.302 -22.301 53.0
endloop
endfacet
facet normal -0.4354288991516859 -0.5572690957033044 0.7070027077441586
outer loop
vertex -18.302 -22.301 53.0
vertex -17.782 -23.976 52.0
vertex -17.186 -23.173 53.0
endloop
endfacet
facet normal -0.0 0.0 1.0
outer loop
vertex -18.302 -22.301 53.0
vertex -17.186 -23.173 53.0
vertex -14.369 -17.509 53.0
endloop
endfacet
facet normal -0.0 0.0 1.0
outer loop
vertex -14.369 -17.509 53.0
vertex -17.186 -23.173 53.0
vertex -13.493 -18.193 53.0
endloop
endfacet
facet normal 0.4352965454907364 0.5574850494881348 0.706913953095455
outer loop
vertex -14.369 -17.509 53.0
vertex -13.493 -18.193 53.0
vertex -13.735 -16.736 52.0
endloop
endfacet
facet normal 0.43451389406557983 0.5576150738544506 0.7072928002420652
outer loop
vertex -13.735 -16.736 52.0
vertex -13.493 -18.193 53.0
vertex -12.897 -17.389 52.0
endloop
endfacet
facet normal 0.6146571828539932 0.7887943632950181 0.0
outer loop
vertex -13.735 -16.736 52.0
vertex -12.897 -17.389 52.0
vertex -13.735 -16.736 0.0
endloop
endfacet
facet normal 0.6146571828539932 0.7887943632950181 0.0
outer loop
vertex -13.735 -16.736 0.0
vertex -12.897 -17.389 52.0
vertex -12.897 -17.389 0.0
endloop
endfacet
facet normal 0.0 -0.0 -1.0
outer loop
vertex -12.897 -17.389 0.0
vertex -12.028 -18.001 0.0
vertex -20.849 -28.112 0.0
endloop
endfacet
facet normal 0.0 -0.0 -1.0
outer loop
vertex -20.849 -28.112 0.0
vertex -12.028 -18.001 0.0
vertex -19.445 -29.101 0.0
endloop
endfacet
facet normal -0.5758827793761245 -0.8175322772943157 0.0
outer loop
vertex -20.849 -28.112 0.0
vertex -19.445 -29.101 0.0
vertex -20.849 -28.112 3.0
endloop
endfacet
facet normal -0.5758827793761245 -0.8175322772943157 0.0
outer loop
vertex -20.849 -28.112 3.0
vertex -19.445 -29.101 0.0
vertex -19.445 -29.101 3.0
endloop
endfacet
facet normal -0.0 0.0 1.0
outer loop
vertex -20.849 -28.112 3.0
vertex -19.445 -29.101 3.0
vertex -17.782 -23.976 3.0
endloop
endfacet
facet normal -0.0 0.0 1.0
outer loop
vertex -17.782 -23.976 3.0
vertex -19.445 -29.101 3.0
vertex -16.584 -24.819 3.0
endloop
endfacet
facet normal -0.5754764962978718 -0.8178183185822665 0.0
outer loop
vertex -17.782 -23.976 3.0
vertex -16.584 -24.819 3.0
vertex -17.782 -23.976 52.0
endloop
endfacet
facet normal -0.5754764962978718 -0.8178183185822665 0.0
outer loop
vertex -17.782 -23.976 52.0
vertex -16.584 -24.819 3.0
vertex -16.584 -24.819 52.0
endloop
endfacet
facet normal -0.4069859832855686 -0.5783739121899305 0.7069978975267135
outer loop
vertex -17.782 -23.976 52.0
vertex -16.584 -24.819 52.0
vertex -17.186 -23.173 53.0
endloop
endfacet
facet normal -0.4070599144772425 -0.5783747005701185 0.7069546886231154
outer loop
vertex -17.186 -23.173 53.0
vertex -16.584 -24.819 52.0
vertex -16.028 -23.988 53.0
endloop
endfacet
facet normal -0.0 0.0 1.0
outer loop
vertex -17.186 -23.173 53.0
vertex -16.028 -23.988 53.0
vertex -13.493 -18.193 53.0
endloop
endfacet
facet normal -0.0 0.0 1.0
outer loop
vertex -13.493 -18.193 53.0
vertex -16.028 -23.988 53.0
vertex -12.584 -18.833 53.0
endloop
endfacet
facet normal 0.40697197157778414 0.5780273783815747 0.7072893072791466
outer loop
vertex -13.493 -18.193 53.0
vertex -12.584 -18.833 53.0
vertex -12.897 -17.389 52.0
endloop
endfacet
facet normal 0.4070720866579249 0.5780157570355156 0.7072411900353532
outer loop
vertex -12.897 -17.389 52.0
vertex -12.584 -18.833 53.0
vertex -12.028 -18.001 52.0
endloop
endfacet
facet normal 0.5757963356129059 0.817593162822898 0.0
outer loop
vertex -12.897 -17.389 52.0
vertex -12.028 -18.001 52.0
vertex -12.897 -17.389 0.0
endloop
endfacet
facet normal 0.5757963356129059 0.817593162822898 0.0
outer loop
vertex -12.897 -17.389 0.0
vertex -12.028 -18.001 52.0
vertex -12.028 -18.001 0.0
endloop
endfacet
facet normal 0.0 -0.0 -0.9999999999999999
outer loop
vertex -12.028 -18.001 0.0
vertex -11.13 -18.57 0.0
vertex -19.445 -29.101 0.0
endloop
endfacet
facet normal 0.0 -0.0 -1.0
outer loop
vertex -19.445 -29.101 0.0
vertex -11.13 -18.57 0.0
vertex -17.994 -30.021 0.0
endloop
endfacet
facet normal -0.535481275972437 -0.8445470993869619 0.0
outer loop
vertex -19.445 -29.101 0.0
vertex -17.994 -30.021 0.0
vertex -19.445 -29.101 3.0
endloop
endfacet
facet normal -0.535481275972437 -0.8445470993869619 0.0
outer loop
vertex -19.445 -29.101 3.0
vertex -17.994 -30.021 0.0
vertex -17.994 -30.021 3.0
endloop
endfacet
facet normal -0.0 0.0 1.0
outer loop
vertex -19.445 -29.101 3.0
vertex -17.994 -30.021 3.0
vertex -16.584 -24.819 3.0
endloop
endfacet
facet normal -0.0 0.0 1.0
outer loop
vertex -16.584 -24.819 3.0
vertex -17.994 -30.021 3.0
vertex -15.346 -25.603 3.0
endloop
endfacet
facet normal -0.5350196102274212 -0.8448396396193176 0.0
outer loop
vertex -16.584 -24.819 3.0
vertex -15.346 -25.603 3.0
vertex -16.584 -24.819 52.0
endloop
endfacet
facet normal -0.5350196102274212 -0.8448396396193176 0.0
outer loop
vertex -16.584 -24.819 52.0
vertex -15.346 -25.603 3.0
vertex -15.346 -25.603 52.0
endloop
endfacet
facet normal -0.37840440894711 -0.597531451883317 0.7069414878896297
outer loop
vertex -16.584 -24.819 52.0
vertex -15.346 -25.603 52.0
vertex -16.028 -23.988 53.0
endloop
endfacet
facet normal -0.37819554037201897 -0.5975189779193303 0.7070637908060031
outer loop
vertex -16.028 -23.988 53.0
vertex -15.346 -25.603 52.0
vertex -14.832 -24.745 53.0
endloop
endfacet
facet normal -0.0 0.0 1.0
outer loop
vertex -16.028 -23.988 53.0
vertex -14.832 -24.745 53.0
vertex -12.584 -18.833 53.0
endloop
endfacet
facet normal -0.0 0.0 1.0
outer loop
vertex -12.584 -18.833 53.0
vertex -14.832 -24.745 53.0
vertex -11.644 -19.428 53.0
endloop
endfacet
facet normal 0.37811735675310437 0.5973618745343134 0.7072383299672728
outer loop
vertex -12.584 -18.833 53.0
vertex -11.644 -19.428 53.0
vertex -12.028 -18.001 52.0
endloop
endfacet
facet normal 0.37849085016552864 0.5973370535125574 0.7070594888988561
outer loop
vertex -12.028 -18.001 52.0
vertex -11.644 -19.428 53.0
vertex -11.13 -18.57 52.0
endloop
endfacet
facet normal 0.535231098929851 0.8447056710703107 0.0
outer loop
vertex -12.028 -18.001 52.0
vertex -11.13 -18.57 52.0
vertex -12.028 -18.001 0.0
endloop
endfacet
facet normal 0.535231098929851 0.8447056710703107 0.0
outer loop
vertex -12.028 -18.001 0.0
vertex -11.13 -18.57 52.0
vertex -11.13 -18.57 0.0
endloop
endfacet
facet normal 0.0 -0.0 -1.0
outer loop
vertex -11.13 -18.57 0.0
vertex -10.206 -19.094 0.0
vertex -17.994 -30.021 0.0
endloop
endfacet
facet normal 0.0 -0.0 -0.9999999999999999
outer loop
vertex -17.994 -30.021 0.0
vertex -10.206 -19.094 0.0
vertex -16.499 -30.867 0.0
endloop
endfacet
facet normal -0.4924983926643023 -0.8703133534670595 0.0
outer loop
vertex -17.994 -30.021 0.0
vertex -16.499 -30.867 0.0
vertex -17.994 -30.021 3.0
endloop
endfacet
facet normal -0.4924983926643023 -0.8703133534670595 0.0
outer loop
vertex -17.994 -30.021 3.0
vertex -16.499 -30.867 0.0
vertex -16.499 -30.867 3.0
endloop
endfacet
facet normal -0.0 0.0 1.0
outer loop
vertex -17.994 -30.021 3.0
vertex -16.499 -30.867 3.0
vertex -15.346 -25.603 3.0
endloop
endfacet
facet normal -0.0 0.0 0.9999999999999999
outer loop
vertex -15.346 -25.603 3.0
vertex -16.499 -30.867 3.0
vertex -14.071 -26.325 3.0
endloop
endfacet
facet normal -0.49275425058933975 -0.8701685173149728 0.0
outer loop
vertex -15.346 -25.603 3.0
vertex -14.071 -26.325 3.0
vertex -15.346 -25.603 52.0
endloop
endfacet
facet normal -0.49275425058933975 -0.8701685173149728 0.0
outer loop
vertex -15.346 -25.603 52.0
vertex -14.071 -26.325 3.0
vertex -14.071 -26.325 52.0
endloop
endfacet
facet normal -0.3484507309655307 -0.6153388947105999 0.7070644473779775
outer loop
vertex -15.346 -25.603 52.0
vertex -14.071 -26.325 52.0
vertex -14.832 -24.745 53.0
endloop
endfacet
facet normal -0.3486369874347001 -0.6153592672199867 0.7069548947697707
outer loop
vertex -14.832 -24.745 53.0
vertex -14.071 -26.325 52.0
vertex -13.6 -25.443 53.0
endloop
endfacet
facet normal -0.0 0.0 1.0
outer loop
vertex -14.832 -24.745 53.0
vertex -13.6 -25.443 53.0
vertex -11.644 -19.428 53.0
endloop
endfacet
facet normal -0.0 0.0 1.0
outer loop
vertex -11.644 -19.428 53.0
vertex -13.6 -25.443 53.0
vertex -10.677 -19.976 53.0
endloop
endfacet
facet normal 0.34864808586921947 0.6152239033495192 0.7070672252106662
outer loop
vertex -11.644 -19.428 53.0
vertex -10.677 -19.976 53.0
vertex -11.13 -18.57 52.0
endloop
endfacet
facet normal 0.3488907723941965 0.615219606282896 0.7069512465391794
outer loop
vertex -11.13 -18.57 52.0
vertex -10.677 -19.976 53.0
vertex -10.206 -19.094 52.0
endloop
endfacet
facet normal 0.49329758062319157 0.869860619266849 0.0
outer loop
vertex -11.13 -18.57 52.0
vertex -10.206 -19.094 52.0
vertex -11.13 -18.57 0.0
endloop
endfacet
facet normal 0.49329758062319157 0.869860619266849 0.0
outer loop
vertex -11.13 -18.57 0.0
vertex -10.206 -19.094 52.0
vertex -10.206 -19.094 0.0
endloop
endfacet
facet normal 0.0 -0.0 -1.0
outer loop
vertex -10.206 -19.094 0.0
vertex -9.257 -19.571 0.0
vertex -16.499 -30.867 0.0
endloop
endfacet
facet normal 0.0 -0.0 -1.0
outer loop
vertex -16.499 -30.867 0.0
vertex -9.257 -19.571 0.0
vertex -14.964 -31.64 0.0
endloop
endfacet
facet normal -0.4497719141044609 -0.8931434516822083 0.0
outer loop
vertex -16.499 -30.867 0.0
vertex -14.964 -31.64 0.0
vertex -16.499 -30.867 3.0
endloop
endfacet
facet normal -0.4497719141044609 -0.8931434516822083 0.0
outer loop
vertex -16.499 -30.867 3.0
vertex -14.964 -31.64 0.0
vertex -14.964 -31.64 3.0
endloop
endfacet
facet normal -0.0 0.0 1.0
outer loop
vertex -16.499 -30.867 3.0
vertex -14.964 -31.64 3.0
vertex -14.071 -26.325 3.0
endloop
endfacet
facet normal -0.0 0.0 0.9999999999999999
outer loop
vertex -14.071 -26.325 3.0
vertex -14.964 -31.64 3.0
vertex -12.763 -26.984 3.0
endloop
endfacet
facet normal -0.4499425733850725 -0.893057490117864 0.0
outer loop
vertex -14.071 -26.325 3.0
vertex -12.763 -26.984 3.0
vertex -14.071 -26.325 52.0
endloop
endfacet
facet normal -0.4499425733850725 -0.893057490117864 0.0
outer loop
vertex -14.071 -26.325 52.0
vertex -12.763 -26.984 3.0
vertex -12.763 -26.984 52.0
endloop
endfacet
facet normal -0.3182211369963264 -0.6316134251763176 0.7069651965307807
outer loop
vertex -14.071 -26.325 52.0
vertex -12.763 -26.984 52.0
vertex -13.6 -25.443 53.0
endloop
endfacet
facet normal -0.3180389744716528 -0.6315844626477902 0.7070730353074716
outer loop
vertex -13.6 -25.443 53.0
vertex -12.763 -26.984 52.0
vertex -12.335 -26.08 53.0
endloop
endfacet
facet normal -0.0 0.0 1.0
outer loop
vertex -13.6 -25.443 53.0
vertex -12.335 -26.08 53.0
vertex -10.677 -19.976 53.0
endloop
endfacet
facet normal -0.0 0.0 1.0
outer loop
vertex -10.677 -19.976 53.0
vertex -12.335 -26.08 53.0
vertex -9.684 -20.475 53.0
endloop
endfacet
facet normal 0.317567248384777 0.6319524602125897 0.7069562438967326
outer loop
vertex -10.677 -19.976 53.0
vertex -9.684 -20.475 53.0
vertex -10.206 -19.094 52.0
endloop
endfacet
facet normal 0.3176422200803325 0.6319548571409545 0.7069204188297246
outer loop
vertex -10.206 -19.094 52.0
vertex -9.684 -20.475 53.0
vertex -9.257 -19.571 52.0
endloop
endfacet
facet normal 0.4490956048879751 0.8934837086764948 0.0
outer loop
vertex -10.206 -19.094 52.0
vertex -9.257 -19.571 52.0
vertex -10.206 -19.094 0.0
endloop
endfacet
facet normal 0.4490956048879751 0.8934837086764948 0.0
outer loop
vertex -10.206 -19.094 0.0
vertex -9.257 -19.571 52.0
vertex -9.257 -19.571 0.0
endloop
endfacet
facet normal 0.0 -0.0 -0.9999999999999999
outer loop
vertex -9.257 -19.571 0.0
vertex -8.285 -20.002 0.0
vertex -14.964 -31.64 0.0
endloop
endfacet
facet normal 0.0 -0.0 -1.0
outer loop
vertex -14.964 -31.64 0.0
vertex -8.285 -20.002 0.0
vertex -13.394 -32.336 0.0
endloop
endfacet
facet normal -0.4052738537934065 -0.9141953311144401 0.0
outer loop
vertex -14.964 -31.64 0.0
vertex -13.394 -32.336 0.0
vertex -14.964 -31.64 3.0
endloop
endfacet
facet normal -0.4052738537934065 -0.9141953311144401 0.0
outer loop
vertex -14.964 -31.64 3.0
vertex -13.394 -32.336 0.0
vertex -13.394 -32.336 3.0
endloop
endfacet
facet normal -0.0 0.0 1.0
outer loop
vertex -14.964 -31.64 3.0
vertex -13.394 -32.336 3.0
vertex -12.763 -26.984 3.0
endloop
endfacet
facet normal -0.0 0.0 1.0
outer loop
vertex -12.763 -26.984 3.0
vertex -13.394 -32.336 3.0
vertex -11.423 -27.578 3.0
endloop
endfacet
facet normal -0.4052520631185788 -0.9142049908735652 0.0
outer loop
vertex -12.763 -26.984 3.0
vertex -11.423 -27.578 3.0
vertex -12.763 -26.984 52.0
endloop
endfacet
facet normal -0.4052520631185788 -0.9142049908735652 0.0
outer loop
vertex -12.763 -26.984 52.0
vertex -11.423 -27.578 3.0
vertex -11.423 -27.578 52.0
endloop
endfacet
facet normal -0.2865723583399846 -0.6464763639319544 0.7070676023640022
outer loop
vertex -12.763 -26.984 52.0
vertex -11.423 -27.578 52.0
vertex -12.335 -26.08 53.0
endloop
endfacet
facet normal -0.2865436028604775 -0.6464703235266861 0.7070847788342207
outer loop
vertex -12.335 -26.08 53.0
vertex -11.423 -27.578 52.0
vertex -11.04 -26.654 53.0
endloop
endfacet
facet normal -0.0 0.0 1.0
outer loop
vertex -12.335 -26.08 53.0
vertex -11.04 -26.654 53.0
vertex -9.684 -20.475 53.0
endloop
endfacet
facet normal -0.0 0.0 1.0
outer loop
vertex -9.684 -20.475 53.0
vertex -11.04 -26.654 53.0
vertex -8.668 -20.926 53.0
endloop
endfacet
facet normal 0.2869604139558777 0.6464562762287666 0.7069285704699645
outer loop
vertex -9.684 -20.475 53.0
vertex -8.668 -20.926 53.0
vertex -9.257 -19.571 52.0
endloop
endfacet
facet normal 0.28663724452146466 0.6464301662989912 0.7070835383119881
outer loop
vertex -9.257 -19.571 52.0
vertex -8.668 -20.926 53.0
vertex -8.285 -20.002 52.0
endloop
endfacet
facet normal 0.40535295501237995 0.9141602604919618 0.0
outer loop
vertex -9.257 -19.571 52.0
vertex -8.285 -20.002 52.0
vertex -9.257 -19.571 0.0
endloop
endfacet
facet normal 0.40535295501237995 0.9141602604919618 0.0
outer loop
vertex -9.257 -19.571 0.0
vertex -8.285 -20.002 52.0
vertex -8.285 -20.002 0.0
endloop
endfacet
facet normal 0.0 -0.0 -1.0
outer loop
vertex -8.285 -20.002 0.0
vertex -7.294 -20.384 0.0
vertex -13.394 -32.336 0.0
endloop
endfacet
facet normal 0.0 -0.0 -1.0
outer loop
vertex -13.394 -32.336 0.0
vertex -7.294 -20.384 0.0
vertex -11.791 -32.954 0.0
endloop
endfacet
facet normal -0.3597200569133035 -0.9330602770744716 0.0
outer loop
vertex -13.394 -32.336 0.0
vertex -11.791 -32.954 0.0
vertex -13.394 -32.336 3.0
endloop
endfacet
facet normal -0.3597200569133035 -0.9330602770744716 0.0
outer loop
vertex -13.394 -32.336 3.0
vertex -11.791 -32.954 0.0
vertex -11.791 -32.954 3.0
endloop
endfacet
facet normal -0.0 0.0 1.0
outer loop
vertex -13.394 -32.336 3.0
vertex -11.791 -32.954 3.0
vertex -11.423 -27.578 3.0
endloop
endfacet
facet normal -0.0 0.0 1.0
outer loop
vertex -11.423 -27.578 3.0
vertex -11.791 -32.954 3.0
vertex -10.056 -28.105 3.0
endloop
endfacet
facet normal -0.359710789264488 -0.9330638499517163 0.0
outer loop
vertex -11.423 -27.578 3.0
vertex -10.056 -28.105 3.0
vertex -11.423 -27.578 52.0
endloop
endfacet
facet normal -0.359710789264488 -0.9330638499517163 0.0
outer loop
vertex -11.423 -27.578 52.0
vertex -10.056 -28.105 3.0
vertex -10.056 -28.105 52.0
endloop
endfacet
facet normal -0.2543640835093396 -0.6598020913800128 0.7070785764192088
outer loop
vertex -11.423 -27.578 52.0
vertex -10.056 -28.105 52.0
vertex -11.04 -26.654 53.0
endloop
endfacet
facet normal -0.2547717396825985 -0.6599087610210028 0.7068322203937987
outer loop
vertex -11.04 -26.654 53.0
vertex -10.056 -28.105 52.0
vertex -9.719 -27.164 53.0
endloop
endfacet
facet normal -0.0 0.0 1.0
outer loop
vertex -11.04 -26.654 53.0
vertex -9.719 -27.164 53.0
vertex -8.668 -20.926 53.0
endloop
endfacet
facet normal -0.0 0.0 1.0
outer loop
vertex -8.668 -20.926 53.0
vertex -9.719 -27.164 53.0
vertex -7.631 -21.326 53.0
endloop
endfacet
facet normal 0.25448545558767344 0.6597535436110393 0.7070802037866787
outer loop
vertex -8.668 -20.926 53.0
vertex -7.631 -21.326 53.0
vertex -8.285 -20.002 52.0
endloop
endfacet
facet normal 0.2543056501225196 0.6597301028047542 0.7071667609333678
outer loop
vertex -8.285 -20.002 52.0
vertex -7.631 -21.326 53.0
vertex -7.294 -20.384 52.0
endloop
endfacet
facet normal 0.35967301094462756 0.9330784132097506 0.0
outer loop
vertex -8.285 -20.002 52.0
vertex -7.294 -20.384 52.0
vertex -8.285 -20.002 0.0
endloop
endfacet
facet normal 0.35967301094462756 0.9330784132097506 0.0
outer loop
vertex -8.285 -20.002 0.0
vertex -7.294 -20.384 52.0
vertex -7.294 -20.384 0.0
endloop
endfacet
facet normal 0.0 -0.0 -1.0
outer loop
vertex -7.294 -20.384 0.0
vertex -6.285 -20.718 0.0
vertex -11.791 -32.954 0.0
endloop
endfacet
facet normal 0.0 -0.0 -1.0
outer loop
vertex -11.791 -32.954 0.0
vertex -6.285 -20.718 0.0
vertex -10.16 -33.493 0.0
endloop
endfacet
facet normal -0.3137816638127325 -0.94949516452424 0.0
outer loop
vertex -11.791 -32.954 0.0
vertex -10.16 -33.493 0.0
vertex -11.791 -32.954 3.0
endloop
endfacet
facet normal -0.3137816638127325 -0.94949516452424 0.0
outer loop
vertex -11.791 -32.954 3.0
vertex -10.16 -33.493 0.0
vertex -10.16 -33.493 3.0
endloop
endfacet
facet normal -0.0 0.0 1.0
outer loop
vertex -11.791 -32.954 3.0
vertex -10.16 -33.493 3.0
vertex -10.056 -28.105 3.0
endloop
endfacet
facet normal -0.0 0.0 0.9999999999999999
outer loop
vertex -10.056 -28.105 3.0
vertex -10.16 -33.493 3.0
vertex -8.665 -28.565 3.0
endloop
endfacet
facet normal -0.3139744493092933 -0.9494314325852743 0.0
outer loop
vertex -10.056 -28.105 3.0
vertex -8.665 -28.565 3.0
vertex -10.056 -28.105 52.0
endloop
endfacet
facet normal -0.3139744493092933 -0.9494314325852743 0.0
outer loop
vertex -10.056 -28.105 52.0
vertex -8.665 -28.565 3.0
vertex -8.665 -28.565 52.0
endloop
endfacet
facet normal -0.2220995793455967 -0.6716098149341836 0.7068323940925321
outer loop
vertex -10.056 -28.105 52.0
vertex -8.665 -28.565 52.0
vertex -9.719 -27.164 53.0
endloop
endfacet
facet normal -0.22184458461636153 -0.6715295534333117 0.7069887121744245
outer loop
vertex -9.719 -27.164 53.0
vertex -8.665 -28.565 52.0
vertex -8.375 -27.608 53.0
endloop
endfacet
facet normal -0.0 0.0 1.0
outer loop
vertex -9.719 -27.164 53.0
vertex -8.375 -27.608 53.0
vertex -7.631 -21.326 53.0
endloop
endfacet
facet normal -0.0 0.0 1.0
outer loop
vertex -7.631 -21.326 53.0
vertex -8.375 -27.608 53.0
vertex -6.575 -21.675 53.0
endloop
endfacet
facet normal 0.2218706588863456 0.671333569581607 0.7071666345905725
outer loop
vertex -7.631 -21.326 53.0
vertex -6.575 -21.675 53.0
vertex -7.294 -20.384 52.0
endloop
endfacet
facet normal 0.22224795696522054 0.6714017622093044 0.7069833939542187
outer loop
vertex -7.294 -20.384 52.0
vertex -6.575 -21.675 53.0
vertex -6.285 -20.718 52.0
endloop
endfacet
facet normal 0.31425124896314527 0.949339850909622 0.0
outer loop
vertex -7.294 -20.384 52.0
vertex -6.285 -20.718 52.0
vertex -7.294 -20.384 0.0
endloop
endfacet
facet normal 0.31425124896314527 0.949339850909622 0.0
outer loop
vertex -7.294 -20.384 0.0
vertex -6.285 -20.718 52.0
vertex -6.285 -20.718 0.0
endloop
endfacet
facet normal 0.0 -0.0 -1.0
outer loop
vertex -6.285 -20.718 0.0
vertex -5.261 -21.001 0.0
vertex -10.16 -33.493 0.0
endloop
endfacet
facet normal 0.0 -0.0 -1.0
outer loop
vertex -10.16 -33.493 0.0
vertex -5.261 -21.001 0.0
vertex -8.504 -33.951 0.0
endloop
endfacet
facet normal -0.2665630479668493 -0.9638174834783934 0.0
outer loop
vertex -10.16 -33.493 0.0
vertex -8.504 -33.951 0.0
vertex -10.16 -33.493 3.0
endloop
endfacet
facet normal -0.2665630479668493 -0.9638174834783934 0.0
outer loop
vertex -10.16 -33.493 3.0
vertex -8.504 -33.951 0.0
vertex -8.504 -33.951 3.0
endloop
endfacet
facet normal -0.0 -0.0 1.0
outer loop
vertex -10.16 -33.493 3.0
vertex -8.504 -33.951 3.0
vertex -8.665 -28.565 3.0
endloop
endfacet
facet normal -0.0 0.0 1.0
outer loop
vertex -8.665 -28.565 3.0
vertex -8.504 -33.951 3.0
vertex -7.253 -28.955 3.0
endloop
endfacet
facet normal -0.2662352363165947 -0.9639080863564984 0.0
outer loop
vertex -8.665 -28.565 3.0
vertex -7.253 -28.955 3.0
vertex -8.665 -28.565 52.0
endloop
endfacet
facet normal -0.2662352363165947 -0.9639080863564984 0.0
outer loop
vertex -8.665 -28.565 52.0
vertex -7.253 -28.955 3.0
vertex -7.253 -28.955 52.0
endloop
endfacet
facet normal -0.18828796999116423 -0.6816990093013481 0.706989463198828
outer loop
vertex -8.665 -28.565 52.0
vertex -7.253 -28.955 52.0
vertex -8.375 -27.608 53.0
endloop
endfacet
facet normal -0.1882777265642594 -0.6816952168705965 0.7069958479195929
outer loop
vertex -8.375 -27.608 53.0
vertex -7.253 -28.955 52.0
vertex -7.01 -27.985 53.0
endloop
endfacet
facet normal -0.0 0.0 1.0
outer loop
vertex -8.375 -27.608 53.0
vertex -7.01 -27.985 53.0
vertex -6.575 -21.675 53.0
endloop
endfacet
facet normal -0.0 0.0 1.0
outer loop
vertex -6.575 -21.675 53.0
vertex -7.01 -27.985 53.0
vertex -5.504 -21.971 53.0
endloop
endfacet
facet normal 0.18839732262967462 0.6816673396499394 0.7069908676075982
outer loop
vertex -6.575 -21.675 53.0
vertex -5.504 -21.971 53.0
vertex -6.285 -20.718 52.0
endloop
endfacet
facet normal 0.18839001691783058 0.6816656442539141 0.7069944490373286
outer loop
vertex -6.285 -20.718 52.0
vertex -5.504 -21.971 53.0
vertex -5.261 -21.001 52.0
endloop
endfacet
facet normal 0.26638140587312137 0.9638677018165197 0.0
outer loop
vertex -6.285 -20.718 52.0
vertex -5.261 -21.001 52.0
vertex -6.285 -20.718 0.0
endloop
endfacet
facet normal 0.26638140587312137 0.9638677018165197 0.0
outer loop
vertex -6.285 -20.718 0.0
vertex -5.261 -21.001 52.0
vertex -5.261 -21.001 0.0
endloop
endfacet
facet normal 0.0 -0.0 -1.0
outer loop
vertex -5.261 -21.001 0.0
vertex -4.224 -21.234 0.0
vertex -8.504 -33.951 0.0
endloop
endfacet
facet normal 0.0 -0.0 -1.0
outer loop
vertex -8.504 -33.951 0.0
vertex -4.224 -21.234 0.0
vertex -6.828 -34.327 0.0
endloop
endfacet
facet normal -0.21890260409966997 -0.9757467140187474 0.0
outer loop
vertex -8.504 -33.951 0.0
vertex -6.828 -34.327 0.0
vertex -8.504 -33.951 3.0
endloop
endfacet
facet normal -0.21890260409966997 -0.9757467140187474 0.0
outer loop
vertex -8.504 -33.951 3.0
vertex -6.828 -34.327 0.0
vertex -6.828 -34.327 3.0
endloop
endfacet
facet normal -0.0 -0.0 1.0
outer loop
vertex -8.504 -33.951 3.0
vertex -6.828 -34.327 3.0
vertex -7.253 -28.955 3.0
endloop
endfacet
facet normal -0.0 0.0 1.0
outer loop
vertex -7.253 -28.955 3.0
vertex -6.828 -34.327 3.0
vertex -5.823 -29.276 3.0
endloop
endfacet
facet normal -0.21902508545233013 -0.9757192280275095 0.0
outer loop
vertex -7.253 -28.955 3.0
vertex -5.823 -29.276 3.0
vertex -7.253 -28.955 52.0
endloop
endfacet
facet normal -0.21902508545233013 -0.9757192280275095 0.0
outer loop
vertex -7.253 -28.955 52.0
vertex -5.823 -29.276 3.0
vertex -5.823 -29.276 52.0
endloop
endfacet
facet normal -0.1548996216602375 -0.6900512740627368 0.7069903439042918
outer loop
vertex -7.253 -28.955 52.0
vertex -5.823 -29.276 52.0
vertex -7.01 -27.985 53.0
endloop
endfacet
facet normal -0.15532760145851526 -0.6902339074458781 0.7067181115813713
outer loop
vertex -7.01 -27.985 53.0
vertex -5.823 -29.276 52.0
vertex -5.628 -28.296 53.0
endloop
endfacet
facet normal -0.0 0.0 1.0
outer loop
vertex -7.01 -27.985 53.0
vertex -5.628 -28.296 53.0
vertex -5.504 -21.971 53.0
endloop
endfacet
facet normal -0.0 0.0 0.9999999999999999
outer loop
vertex -5.504 -21.971 53.0
vertex -5.628 -28.296 53.0
vertex -4.419 -22.215 53.0
endloop
endfacet
facet normal 0.15516771525521916 0.6899875862783317 0.7069937134969992
outer loop
vertex -5.504 -21.971 53.0
vertex -4.419 -22.215 53.0
vertex -5.261 -21.001 52.0
endloop
endfacet
facet normal 0.15502162937432512 0.6899460500479604 0.7070662928250411
outer loop
vertex -5.261 -21.001 52.0
vertex -4.419 -22.215 53.0
vertex -4.224 -21.234 52.0
endloop
endfacet
facet normal 0.2192211390162042 0.9756751981107433 0.0
outer loop
vertex -5.261 -21.001 52.0
vertex -4.224 -21.234 52.0
vertex -5.261 -21.001 0.0
endloop
endfacet
facet normal 0.2192211390162042 0.9756751981107433 0.0
outer loop
vertex -5.261 -21.001 0.0
vertex -4.224 -21.234 52.0
vertex -4.224 -21.234 0.0
endloop
endfacet
facet normal 0.0 -0.0 -1.0
outer loop
vertex -4.224 -21.234 0.0
vertex -3.177 -21.416 0.0
vertex -6.828 -34.327 0.0
endloop
endfacet
facet normal 0.0 -0.0 -0.9999999999999999
outer loop
vertex -6.828 -34.327 0.0
vertex -3.177 -21.416 0.0
vertex -5.136 -34.621 0.0
endloop
endfacet
facet normal -0.17119373018901024 -0.985237385985719 0.0
outer loop
vertex -6.828 -34.327 0.0
vertex -5.136 -34.621 0.0
vertex -6.828 -34.327 3.0
endloop
endfacet
facet normal -0.17119373018901024 -0.985237385985719 0.0
outer loop
vertex -6.828 -34.327 3.0
vertex -5.136 -34.621 0.0
vertex -5.136 -34.621 3.0
endloop
endfacet
facet normal -0.0 -0.0 1.0
outer loop
vertex -6.828 -34.327 3.0
vertex -5.136 -34.621 3.0
vertex -5.823 -29.276 3.0
endloop
endfacet
facet normal -0.0 0.0 1.0
outer loop
vertex -5.823 -29.276 3.0
vertex -5.136 -34.621 3.0
vertex -4.38 -29.527 3.0
endloop
endfacet
facet normal -0.17136998793666355 -0.9852067433968302 0.0
outer loop
vertex -5.823 -29.276 3.0
vertex -4.38 -29.527 3.0
vertex -5.823 -29.276 52.0
endloop
endfacet
facet normal -0.17136998793666355 -0.9852067433968302 0.0
outer loop
vertex -5.823 -29.276 52.0
vertex -4.38 -29.527 3.0
vertex -4.38 -29.527 52.0
endloop
endfacet
facet normal -0.12124234851626169 -0.6970227446572304 0.7067245477247572
outer loop
vertex -5.823 -29.276 52.0
vertex -4.38 -29.527 52.0
vertex -5.628 -28.296 53.0
endloop
endfacet
facet normal -0.12088729306726263 -0.6968503050778132 0.7069553838028454
outer loop
vertex -5.628 -28.296 53.0
vertex -4.38 -29.527 52.0
vertex -4.233 -28.538 53.0
endloop
endfacet
facet normal -0.0 -0.0 1.0
outer loop
vertex -5.628 -28.296 53.0
vertex -4.233 -28.538 53.0
vertex -4.419 -22.215 53.0
endloop
endfacet
facet normal -0.0 0.0 1.0
outer loop
vertex -4.419 -22.215 53.0
vertex -4.233 -28.538 53.0
vertex -3.323 -22.405 53.0
endloop
endfacet
facet normal 0.12078748066369768 0.6967530463547986 0.7070682972034771
outer loop
vertex -4.419 -22.215 53.0
vertex -3.323 -22.405 53.0
vertex -4.224 -21.234 52.0
endloop
endfacet
facet normal 0.12113714710714442 0.6968713902262703 0.7068918284114248
outer loop
vertex -4.224 -21.234 52.0
vertex -3.323 -22.405 53.0
vertex -3.177 -21.416 52.0
endloop
endfacet
facet normal 0.17126175045699593 0.9852255644421767 0.0
outer loop
vertex -4.224 -21.234 52.0
vertex -3.177 -21.416 52.0
vertex -4.224 -21.234 0.0
endloop
endfacet
facet normal 0.17126175045699593 0.9852255644421767 0.0
outer loop
vertex -4.224 -21.234 0.0
vertex -3.177 -21.416 52.0
vertex -3.177 -21.416 0.0
endloop
endfacet
facet normal 0.0 -0.0 -1.0
outer loop
vertex -3.177 -21.416 0.0
vertex -2.122 -21.546 0.0
vertex -5.136 -34.621 0.0
endloop
endfacet
facet normal 0.0 -0.0 -1.0
outer loop
vertex -5.136 -34.621 0.0
vertex -2.122 -21.546 0.0
vertex -3.431 -34.831 0.0
endloop
endfacet
facet normal -0.12224342014043581 -0.992500149235439 0.0
outer loop
vertex -5.136 -34.621 0.0
vertex -3.431 -34.831 0.0
vertex -5.136 -34.621 3.0
endloop
endfacet
facet normal -0.12224342014043581 -0.992500149235439 0.0
outer loop
vertex -5.136 -34.621 3.0
vertex -3.431 -34.831 0.0
vertex -3.431 -34.831 3.0
endloop
endfacet
facet normal -0.0 -0.0 1.0
outer loop
vertex -5.136 -34.621 3.0
vertex -3.431 -34.831 3.0
vertex -4.38 -29.527 3.0
endloop
endfacet
facet normal -0.0 0.0 1.0
outer loop
vertex -4.38 -29.527 3.0
vertex -3.431 -34.831 3.0
vertex -2.926 -29.706 3.0
endloop
endfacet
facet normal -0.12218623600271568 -0.9925071907706707 0.0
outer loop
vertex -4.38 -29.527 3.0
vertex -2.926 -29.706 3.0
vertex -4.38 -29.527 52.0
endloop
endfacet
facet normal -0.12218623600271568 -0.9925071907706707 0.0
outer loop
vertex -4.38 -29.527 52.0
vertex -2.926 -29.706 3.0
vertex -2.926 -29.706 52.0
endloop
endfacet
facet normal -0.08641811523645646 -0.701966142758708 0.7069479781281219
outer loop
vertex -4.38 -29.527 52.0
vertex -2.926 -29.706 52.0
vertex -4.233 -28.538 53.0
endloop
endfacet
facet normal -0.08643543442545855 -0.7019756379639911 0.7069364323478668
outer loop
vertex -4.233 -28.538 53.0
vertex -2.926 -29.706 52.0
vertex -2.828 -28.711 53.0
endloop
endfacet
facet normal -0.0 -0.0 1.0
outer loop
vertex -4.233 -28.538 53.0
vertex -2.828 -28.711 53.0
vertex -3.323 -22.405 53.0
endloop
endfacet
facet normal -0.0 0.0 1.0
outer loop
vertex -3.323 -22.405 53.0
vertex -2.828 -28.711 53.0
vertex -2.22 -22.541 53.0
endloop
endfacet
facet normal 0.08655557049492638 0.7019911342345905 0.7069063450502698
outer loop
vertex -3.323 -22.405 53.0
vertex -2.22 -22.541 53.0
vertex -3.177 -21.416 52.0
endloop
endfacet
facet normal 0.08649850641110676 0.7019686481824489 0.7069356585698258
outer loop
vertex -3.177 -21.416 52.0
vertex -2.22 -22.541 53.0
vertex -2.122 -21.546 52.0
endloop
endfacet
facet normal 0.12229777151157653 0.9924934534208788 0.0
outer loop
vertex -3.177 -21.416 52.0
vertex -2.122 -21.546 52.0
vertex -3.177 -21.416 0.0
endloop
endfacet
facet normal 0.12229777151157653 0.9924934534208788 0.0
outer loop
vertex -3.177 -21.416 0.0
vertex -2.122 -21.546 52.0
vertex -2.122 -21.546 0.0
endloop
endfacet
facet normal 0.0 -0.0 -1.0
outer loop
vertex -2.122 -21.546 0.0
vertex -1.062 -21.624 0.0
vertex -3.431 -34.831 0.0
endloop
endfacet
facet normal 0.0 -0.0 -0.9999999999999999
outer loop
vertex -3.431 -34.831 0.0
vertex -1.062 -21.624 0.0
vertex -1.717 -34.958 0.0
endloop
endfacet
facet normal -0.07389311736780745 -0.9972661666805244 0.0
outer loop
vertex -3.431 -34.831 0.0
vertex -1.717 -34.958 0.0
vertex -3.431 -34.831 3.0
endloop
endfacet
facet normal -0.07389311736780745 -0.9972661666805244 0.0
outer loop
vertex -3.431 -34.831 3.0
vertex -1.717 -34.958 0.0
vertex -1.717 -34.958 3.0
endloop
endfacet
facet normal -0.0 -0.0 1.0
outer loop
vertex -3.431 -34.831 3.0
vertex -1.717 -34.958 3.0
vertex -2.926 -29.706 3.0
endloop
endfacet
facet normal -0.0 0.0 1.0
outer loop
vertex -2.926 -29.706 3.0
vertex -1.717 -34.958 3.0
vertex -1.465 -29.814 3.0
endloop
endfacet
facet normal -0.07372082350328635 -0.9972789179472297 0.0
outer loop
vertex -2.926 -29.706 3.0
vertex -1.465 -29.814 3.0
vertex -2.926 -29.706 52.0
endloop
endfacet
facet normal -0.07372082350328635 -0.9972789179472297 0.0
outer loop
vertex -2.926 -29.706 52.0
vertex -1.465 -29.814 3.0
vertex -1.465 -29.814 52.0
endloop
endfacet
facet normal -0.052141080487787365 -0.7053529499320089 0.7069360110701527
outer loop
vertex -2.926 -29.706 52.0
vertex -1.465 -29.814 52.0
vertex -2.828 -28.711 53.0
endloop
endfacet
facet normal -0.051943404807885105 -0.7052316114301136 0.707071606654269
outer loop
vertex -2.828 -28.711 53.0
vertex -1.465 -29.814 52.0
vertex -1.416 -28.815 53.0
endloop
endfacet
facet normal -0.0 -0.0 1.0
outer loop
vertex -2.828 -28.711 53.0
vertex -1.416 -28.815 53.0
vertex -2.22 -22.541 53.0
endloop
endfacet
facet normal -0.0 0.0 1.0
outer loop
vertex -2.22 -22.541 53.0
vertex -1.416 -28.815 53.0
vertex -1.111 -22.623 53.0
endloop
endfacet
facet normal 0.0521540578635126 0.7053518313492069 0.7069361698630857
outer loop
vertex -2.22 -22.541 53.0
vertex -1.111 -22.623 53.0
vertex -2.122 -21.546 52.0
endloop
endfacet
facet normal 0.051894621732233276 0.7052346030277908 0.7070722048896441
outer loop
vertex -2.122 -21.546 52.0
vertex -1.111 -22.623 53.0
vertex -1.062 -21.624 52.0
endloop
endfacet
facet normal 0.07338648957117143 0.9973035762236192 0.0
outer loop
vertex -2.122 -21.546 52.0
vertex -1.062 -21.624 52.0
vertex -2.122 -21.546 0.0
endloop
endfacet
facet normal 0.07338648957117143 0.9973035762236192 0.0
outer loop
vertex -2.122 -21.546 0.0
vertex -1.062 -21.624 52.0
vertex -1.062 -21.624 0.0
endloop
endfacet
facet normal 0.0 -0.0 -1.0
outer loop
vertex -1.062 -21.624 0.0
vertex -0.0 -21.65 0.0
vertex -1.717 -34.958 0.0
endloop
endfacet
facet normal 0.0 0.0 -1.0
outer loop
vertex -1.717 -34.958 0.0
vertex -0.0 -21.65 0.0
vertex -0.0 -35.0 0.0
endloop
endfacet
facet normal -0.024453954693151987 -0.9997009573366754 0.0
outer loop
vertex -1.717 -34.958 0.0
vertex -0.0 -35.0 0.0
vertex -1.717 -34.958 3.0
endloop
endfacet
facet normal -0.024453954693151987 -0.9997009573366754 0.0
outer loop
vertex -1.717 -34.958 3.0
vertex -0.0 -35.0 0.0
vertex -0.0 -35.0 3.0
endloop
endfacet
facet normal -0.0 -0.0 1.0
outer loop
vertex -1.717 -34.958 3.0
vertex -0.0 -35.0 3.0
vertex -1.465 -29.814 3.0
endloop
endfacet
facet normal -0.0 0.0 1.0
outer loop
vertex -1.465 -29.814 3.0
vertex -0.0 -35.0 3.0
vertex -0.0 -29.85 3.0
endloop
endfacet
facet normal -0.024565962868979135 -0.9996982111959187 0.0
outer loop
vertex -1.465 -29.814 3.0
vertex -0.0 -29.85 3.0
vertex -1.465 -29.814 52.0
endloop
endfacet
facet normal -0.024565962868979135 -0.9996982111959187 0.0
outer loop
vertex -1.465 -29.814 52.0
vertex -0.0 -29.85 3.0
vertex -0.0 -29.85 52.0
endloop
endfacet
facet normal -0.0173716079896144 -0.7069279362440037 0.7070722170992499
outer loop
vertex -1.465 -29.814 52.0
vertex -0.0 -29.85 52.0
vertex -1.416 -28.815 53.0
endloop
endfacet
facet normal -0.017475252904684276 -0.7069988032295095 0.7069988032295095
outer loop
vertex -1.416 -28.815 53.0
vertex -0.0 -29.85 52.0
vertex -0.0 -28.85 53.0
endloop
endfacet
facet normal -0.0 -0.0 1.0
outer loop
vertex -1.416 -28.815 53.0
vertex -0.0 -28.85 53.0
vertex -1.111 -22.623 53.0
endloop
endfacet
facet normal -0.0 0.0 1.0
outer loop
vertex -1.111 -22.623 53.0
vertex -0.0 -28.85 53.0
vertex -0.0 -22.65 53.0
endloop
endfacet
facet normal 0.01718023771962111 0.7069349669074385 0.7070698635887941
outer loop
vertex -1.111 -22.623 53.0
vertex -0.0 -22.65 53.0
vertex -1.062 -21.624 52.0
endloop
endfacet
facet normal 0.017308872026519997 0.70700084969863 0.70700084969863
outer loop
vertex -1.062 -21.624 52.0
vertex -0.0 -22.65 53.0
vertex -0.0 -21.65 52.0
endloop
endfacet
facet normal 0.024474775558557257 0.9997004478149234 0.0
outer loop
vertex -1.062 -21.624 52.0
vertex -0.0 -21.65 52.0
vertex -1.062 -21.624 0.0
endloop
endfacet
facet normal 0.024474775558557257 0.9997004478149234 0.0
outer loop
vertex -1.062 -21.624 0.0
vertex -0.0 -21.65 52.0
vertex -0.0 -21.65 0.0
endloop
endfacet
facet normal 0.0 -0.0 -1.0
outer loop
vertex -0.0 -21.65 0.0
vertex 1.062 -21.624 0.0
vertex -0.0 -35.0 0.0
endloop
endfacet
facet normal 0.0 0.0 -1.0
outer loop
vertex -0.0 -35.0 0.0
vertex 1.062 -21.624 0.0
vertex 1.717 -34.958 0.0
endloop
endfacet
facet normal 0.024453954693151987 -0.9997009573366754 0.0
outer loop
vertex -0.0 -35.0 0.0
vertex 1.717 -34.958 0.0
vertex -0.0 -35.0 3.0
endloop
endfacet
facet normal 0.024453954693151987 -0.9997009573366754 0.0
outer loop
vertex -0.0 -35.0 3.0
vertex 1.717 -34.958 0.0
vertex 1.717 -34.958 3.0
endloop
endfacet
facet normal 0.0 -0.0 1.0
outer loop
vertex -0.0 -35.0 3.0
vertex 1.717 -34.958 3.0
vertex -0.0 -29.85 3.0
endloop
endfacet
facet normal -0.0 -0.0 0.9999999999999999
outer loop
vertex -0.0 -29.85 3.0
vertex 1.717 -34.958 3.0
vertex 1.465 -29.814 3.0
endloop
endfacet
facet normal 0.024565962868979135 -0.9996982111959187 0.0
outer loop
vertex -0.0 -29.85 3.0
vertex 1.465 -29.814 3.0
vertex -0.0 -29.85 52.0
endloop
endfacet
facet normal 0.024565962868979135 -0.9996982111959187 0.0
outer loop
vertex -0.0 -29.85 52.0
vertex 1.465 -29.814 3.0
vertex 1.465 -29.814 52.0
endloop
endfacet
facet normal 0.01737338027904257 -0.7070000585776778 0.7070000585776778
outer loop
vertex -0.0 -29.85 52.0
vertex 1.465 -29.814 52.0
vertex -0.0 -28.85 53.0
endloop
endfacet
facet normal 0.017473408544009503 -0.7069241856662102 0.7070734584991996
outer loop
vertex -0.0 -28.85 53.0
vertex 1.465 -29.814 52.0
vertex 1.416 -28.815 53.0
endloop
endfacet
facet normal 0.0 -0.0 1.0
outer loop
vertex -0.0 -28.85 53.0
vertex 1.416 -28.815 53.0
vertex -0.0 -22.65 53.0
endloop
endfacet
facet normal -0.0 -0.0 1.0
outer loop
vertex -0.0 -22.65 53.0
vertex 1.416 -28.815 53.0
vertex 1.111 -22.623 53.0
endloop
endfacet
facet normal -0.017181876472496378 0.7070023985535282 0.7070023985535282
outer loop
vertex -0.0 -22.65 53.0
vertex 1.111 -22.623 53.0
vertex -0.0 -21.65 52.0
endloop
endfacet
facet normal -0.017307145002708028 0.7069303074183102 0.7070714272160263
outer loop
vertex -0.0 -21.65 52.0
vertex 1.111 -22.623 53.0
vertex 1.062 -21.624 52.0
endloop
endfacet
facet normal -0.024474775558557257 0.9997004478149234 0.0
outer loop
vertex -0.0 -21.65 52.0
vertex 1.062 -21.624 52.0
vertex -0.0 -21.65 0.0
endloop
endfacet
facet normal -0.024474775558557257 0.9997004478149234 0.0
outer loop
vertex -0.0 -21.65 0.0
vertex 1.062 -21.624 52.0
vertex 1.062 -21.624 0.0
endloop
endfacet
facet normal 0.0 -0.0 -1.0
outer loop
vertex 1.062 -21.624 0.0
vertex 2.122 -21.546 0.0
vertex 1.717 -34.958 0.0
endloop
endfacet
facet normal 0.0 0.0 -0.9999999999999999
outer loop
vertex 1.717 -34.958 0.0
vertex 2.122 -21.546 0.0
vertex 3.431 -34.831 0.0
endloop
endfacet
facet normal 0.07389311736780745 -0.9972661666805244 0.0
outer loop
vertex 1.717 -34.958 0.0
vertex 3.431 -34.831 0.0
vertex 1.717 -34.958 3.0
endloop
endfacet
facet normal 0.07389311736780745 -0.9972661666805244 0.0
outer loop
vertex 1.717 -34.958 3.0
vertex 3.431 -34.831 0.0
vertex 3.431 -34.831 3.0
endloop
endfacet
facet normal 0.0 -0.0 1.0
outer loop
vertex 1.717 -34.958 3.0
vertex 3.431 -34.831 3.0
vertex 1.465 -29.814 3.0
endloop
endfacet
facet normal -0.0 -0.0 1.0
outer loop
vertex 1.465 -29.814 3.0
vertex 3.431 -34.831 3.0
vertex 2.926 -29.706 3.0
endloop
endfacet
facet normal 0.07372082350328635 -0.9972789179472297 0.0
outer loop
vertex 1.465 -29.814 3.0
vertex 2.926 -29.706 3.0
vertex 1.465 -29.814 52.0
endloop
endfacet
facet normal 0.07372082350328635 -0.9972789179472297 0.0
outer loop
vertex 1.465 -29.814 52.0
vertex 2.926 -29.706 3.0
vertex 2.926 -29.706 52.0
endloop
endfacet
facet normal 0.052131258155995584 -0.7052200756102701 0.7070692871843027
outer loop
vertex 1.465 -29.814 52.0
vertex 2.926 -29.706 52.0
vertex 1.416 -28.815 53.0
endloop
endfacet
facet normal 0.0519535316088722 -0.7053691022281308 0.7069337028146604
outer loop
vertex 1.416 -28.815 53.0
vertex 2.926 -29.706 52.0
vertex 2.828 -28.711 53.0
endloop
endfacet
facet normal 0.0 -0.0 1.0
outer loop
vertex 1.416 -28.815 53.0
vertex 2.828 -28.711 53.0
vertex 1.111 -22.623 53.0
endloop
endfacet
facet normal -0.0 -0.0 0.9999999999999999
outer loop
vertex 1.111 -22.623 53.0
vertex 2.828 -28.711 53.0
vertex 2.22 -22.541 53.0
endloop
endfacet
facet normal -0.052144256690420686 0.7052192764594638 0.7070691257608366
outer loop
vertex 1.111 -22.623 53.0
vertex 2.22 -22.541 53.0
vertex 1.062 -21.624 52.0
endloop
endfacet
facet normal -0.05190482719790924 0.7053732926895411 0.7069330992914892
outer loop
vertex 1.062 -21.624 52.0
vertex 2.22 -22.541 53.0
vertex 2.122 -21.546 52.0
endloop
endfacet
facet normal -0.07338648957117143 0.9973035762236192 0.0
outer loop
vertex 1.062 -21.624 52.0
vertex 2.122 -21.546 52.0
vertex 1.062 -21.624 0.0
endloop
endfacet
facet normal -0.07338648957117143 0.9973035762236192 0.0
outer loop
vertex 1.062 -21.624 0.0
vertex 2.122 -21.546 52.0
vertex 2.122 -21.546 0.0
endloop
endfacet
facet normal 0.0 0.0 -1.0
outer loop
vertex 2.122 -21.546 0.0
vertex 3.177 -21.416 0.0
vertex 3.431 -34.831 0.0
endloop
endfacet
facet normal 0.0 0.0 -0.9999999999999999
outer loop
vertex 3.431 -34.831 0.0
vertex 3.177 -21.416 0.0
vertex 5.136 -34.621 0.0
endloop
endfacet
facet normal 0.12224342014043581 -0.992500149235439 0.0
outer loop
vertex 3.431 -34.831 0.0
vertex 5.136 -34.621 0.0
vertex 3.431 -34.831 3.0
endloop
endfacet
facet normal 0.12224342014043581 -0.992500149235439 0.0
outer loop
vertex 3.431 -34.831 3.0
vertex 5.136 -34.621 0.0
vertex 5.136 -34.621 3.0
endloop
endfacet
facet normal 0.0 -0.0 1.0
outer loop
vertex 3.431 -34.831 3.0
vertex 5.136 -34.621 3.0
vertex 2.926 -29.706 3.0
endloop
endfacet
facet normal -0.0 -0.0 0.9999999999999999
outer loop
vertex 2.926 -29.706 3.0
vertex 5.136 -34.621 3.0
vertex 4.38 -29.527 3.0
endloop
endfacet
facet normal 0.12218623600271568 -0.9925071907706707 0.0
outer loop
vertex 2.926 -29.706 3.0
vertex 4.38 -29.527 3.0
vertex 2.926 -29.706 52.0
endloop
endfacet
facet normal 0.12218623600271568 -0.9925071907706707 0.0
outer loop
vertex 2.926 -29.706 52.0
vertex 4.38 -29.527 3.0
vertex 4.38 -29.527 52.0
endloop
endfacet
facet normal 0.08641950149853816 -0.7019774032339415 0.7069366273646293
outer loop
vertex 2.926 -29.706 52.0
vertex 4.38 -29.527 52.0
vertex 2.828 -28.711 53.0
endloop
endfacet
facet normal 0.0864339995567803 -0.7019639848397544 0.7069481789413644
outer loop
vertex 2.828 -28.711 53.0
vertex 4.38 -29.527 52.0
vertex 4.233 -28.538 53.0
endloop
endfacet
facet normal 0.0 -0.0 1.0
outer loop
vertex 2.828 -28.711 53.0
vertex 4.233 -28.538 53.0
vertex 2.22 -22.541 53.0
endloop
endfacet
facet normal -0.0 -0.0 1.0
outer loop
vertex 2.22 -22.541 53.0
vertex 4.233 -28.538 53.0
vertex 3.323 -22.405 53.0
endloop
endfacet
facet normal -0.08655206582804754 0.7019627103554188 0.7069349992547912
outer loop
vertex 2.22 -22.541 53.0
vertex 3.323 -22.405 53.0
vertex 2.122 -21.546 52.0
endloop
endfacet
facet normal -0.08650216830238425 0.7019983658385853 0.7069057003865097
outer loop
vertex 2.122 -21.546 52.0
vertex 3.323 -22.405 53.0
vertex 3.177 -21.416 52.0
endloop
endfacet
facet normal -0.12229777151157653 0.9924934534208788 0.0
outer loop
vertex 2.122 -21.546 52.0
vertex 3.177 -21.416 52.0
vertex 2.122 -21.546 0.0
endloop
endfacet
facet normal -0.12229777151157653 0.9924934534208788 0.0
outer loop
vertex 2.122 -21.546 0.0
vertex 3.177 -21.416 52.0
vertex 3.177 -21.416 0.0
endloop
endfacet
facet normal 0.0 0.0 -1.0
outer loop
vertex 3.177 -21.416 0.0
vertex 4.224 -21.234 0.0
vertex 5.136 -34.621 0.0
endloop
endfacet
facet normal 0.0 0.0 -0.9999999999999999
outer loop
vertex 5.136 -34.621 0.0
vertex 4.224 -21.234 0.0
vertex 6.828 -34.327 0.0
endloop
endfacet
facet normal 0.17119373018901024 -0.985237385985719 0.0
outer loop
vertex 5.136 -34.621 0.0
vertex 6.828 -34.327 0.0
vertex 5.136 -34.621 3.0
endloop
endfacet
facet normal 0.17119373018901024 -0.985237385985719 0.0
outer loop
vertex 5.136 -34.621 3.0
vertex 6.828 -34.327 0.0
vertex 6.828 -34.327 3.0
endloop
endfacet
facet normal 0.0 -0.0 1.0
outer loop
vertex 5.136 -34.621 3.0
vertex 6.828 -34.327 3.0
vertex 4.38 -29.527 3.0
endloop
endfacet
facet normal -0.0 -0.0 1.0
outer loop
vertex 4.38 -29.527 3.0
vertex 6.828 -34.327 3.0
vertex 5.823 -29.276 3.0
endloop
endfacet
facet normal 0.17136998793666355 -0.9852067433968302 0.0
outer loop
vertex 4.38 -29.527 3.0
vertex 5.823 -29.276 3.0
vertex 4.38 -29.527 52.0
endloop
endfacet
facet normal 0.17136998793666355 -0.9852067433968302 0.0
outer loop
vertex 4.38 -29.527 52.0
vertex 5.823 -29.276 3.0
vertex 5.823 -29.276 52.0
endloop
endfacet
facet normal 0.1212034904446906 -0.6967993494489552 0.7069514697003868
outer loop
vertex 4.38 -29.527 52.0
vertex 5.823 -29.276 52.0
vertex 4.233 -28.538 53.0
endloop
endfacet
facet normal 0.12092738670426238 -0.6970814233572127 0.7067206352973999
outer loop
vertex 4.233 -28.538 53.0
vertex 5.823 -29.276 52.0
vertex 5.628 -28.296 53.0
endloop
endfacet
facet normal 0.0 -0.0 1.0
outer loop
vertex 4.233 -28.538 53.0
vertex 5.628 -28.296 53.0
vertex 3.323 -22.405 53.0
endloop
endfacet
facet normal -0.0 -0.0 1.0
outer loop
vertex 3.323 -22.405 53.0
vertex 5.628 -28.296 53.0
vertex 4.419 -22.215 53.0
endloop
endfacet
facet normal -0.12081691157925095 0.6969228162676743 0.7068959343793009
outer loop
vertex 3.323 -22.405 53.0
vertex 4.419 -22.215 53.0
vertex 3.177 -21.416 52.0
endloop
endfacet
facet normal -0.12110625978785645 0.6966937032850917 0.7070722435813055
outer loop
vertex 3.177 -21.416 52.0
vertex 4.419 -22.215 53.0
vertex 4.224 -21.234 52.0
endloop
endfacet
facet normal -0.17126175045699593 0.9852255644421767 0.0
outer loop
vertex 3.177 -21.416 52.0
vertex 4.224 -21.234 52.0
vertex 3.177 -21.416 0.0
endloop
endfacet
facet normal -0.17126175045699593 0.9852255644421767 0.0
outer loop
vertex 3.177 -21.416 0.0
vertex 4.224 -21.234 52.0
vertex 4.224 -21.234 0.0
endloop
endfacet
facet normal 0.0 0.0 -0.9999999999999999
outer loop
vertex 4.224 -21.234 0.0
vertex 5.261 -21.001 0.0
vertex 6.828 -34.327 0.0
endloop
endfacet
facet normal 0.0 0.0 -1.0
outer loop
vertex 6.828 -34.327 0.0
vertex 5.261 -21.001 0.0
vertex 8.504 -33.951 0.0
endloop
endfacet
facet normal 0.21890260409966997 -0.9757467140187474 0.0
outer loop
vertex 6.828 -34.327 0.0
vertex 8.504 -33.951 0.0
vertex 6.828 -34.327 3.0
endloop
endfacet
facet normal 0.21890260409966997 -0.9757467140187474 0.0
outer loop
vertex 6.828 -34.327 3.0
vertex 8.504 -33.951 0.0
vertex 8.504 -33.951 3.0
endloop
endfacet
facet normal 0.0 -0.0 1.0
outer loop
vertex 6.828 -34.327 3.0
vertex 8.504 -33.951 3.0
vertex 5.823 -29.276 3.0
endloop
endfacet
facet normal -0.0 -0.0 1.0
outer loop
vertex 5.823 -29.276 3.0
vertex 8.504 -33.951 3.0
vertex 7.253 -28.955 3.0
endloop
endfacet
facet normal 0.21902508545233013 -0.9757192280275095 0.0
outer loop
vertex 5.823 -29.276 3.0
vertex 7.253 -28.955 3.0
vertex 5.823 -29.276 52.0
endloop
endfacet
facet normal 0.21902508545233013 -0.9757192280275095 0.0
outer loop
vertex 5.823 -29.276 52.0
vertex 7.253 -28.955 3.0
vertex 7.253 -28.955 52.0
endloop
endfacet
facet normal 0.1549581856848141 -0.6903121667578911 0.7067227696312723
outer loop
vertex 5.823 -29.276 52.0
vertex 7.253 -28.955 52.0
vertex 5.628 -28.296 53.0
endloop
endfacet
facet normal 0.15526686659129244 -0.6899640181002127 0.7069949461388896
outer loop
vertex 5.628 -28.296 53.0
vertex 7.253 -28.955 52.0
vertex 7.01 -27.985 53.0
endloop
endfacet
facet normal 0.0 -0.0 1.0
outer loop
vertex 5.628 -28.296 53.0
vertex 7.01 -27.985 53.0
vertex 4.419 -22.215 53.0
endloop
endfacet
facet normal -0.0 -0.0 1.0
outer loop
vertex 4.419 -22.215 53.0
vertex 7.01 -27.985 53.0
vertex 5.504 -21.971 53.0
endloop
endfacet
facet normal -0.15515215876717392 0.6899184109114093 0.70706463206369
outer loop
vertex 4.419 -22.215 53.0
vertex 5.504 -21.971 53.0
vertex 4.224 -21.234 52.0
endloop
endfacet
facet normal -0.15503789296527068 0.690018433497791 0.7069920884834171
outer loop
vertex 4.224 -21.234 52.0
vertex 5.504 -21.971 53.0
vertex 5.261 -21.001 52.0
endloop
endfacet
facet normal -0.2192211390162042 0.9756751981107433 0.0
outer loop
vertex 4.224 -21.234 52.0
vertex 5.261 -21.001 52.0
vertex 4.224 -21.234 0.0
endloop
endfacet
facet normal -0.2192211390162042 0.9756751981107433 0.0
outer loop
vertex 4.224 -21.234 0.0
vertex 5.261 -21.001 52.0
vertex 5.261 -21.001 0.0
endloop
endfacet
facet normal 0.0 0.0 -1.0
outer loop
vertex 5.261 -21.001 0.0
vertex 6.285 -20.718 0.0
vertex 8.504 -33.951 0.0
endloop
endfacet
facet normal 0.0 0.0 -1.0
outer loop
vertex 8.504 -33.951 0.0
vertex 6.285 -20.718 0.0
vertex 10.16 -33.493 0.0
endloop
endfacet
facet normal 0.2665630479668493 -0.9638174834783934 0.0
outer loop
vertex 8.504 -33.951 0.0
vertex 10.16 -33.493 0.0
vertex 8.504 -33.951 3.0
endloop
endfacet
facet normal 0.2665630479668493 -0.9638174834783934 0.0
outer loop
vertex 8.504 -33.951 3.0
vertex 10.16 -33.493 0.0
vertex 10.16 -33.493 3.0
endloop
endfacet
facet normal 0.0 -0.0 1.0
outer loop
vertex 8.504 -33.951 3.0
vertex 10.16 -33.493 3.0
vertex 7.253 -28.955 3.0
endloop
endfacet
facet normal -0.0 -0.0 0.9999999999999999
outer loop
vertex 7.253 -28.955 3.0
vertex 10.16 -33.493 3.0
vertex 8.665 -28.565 3.0
endloop
endfacet
facet normal 0.2662352363165947 -0.9639080863564984 0.0
outer loop
vertex 7.253 -28.955 3.0
vertex 8.665 -28.565 3.0
vertex 7.253 -28.955 52.0
endloop
endfacet
facet normal 0.2662352363165947 -0.9639080863564984 0.0
outer loop
vertex 7.253 -28.955 52.0
vertex 8.665 -28.565 3.0
vertex 8.665 -28.565 52.0
endloop
endfacet
facet normal 0.18828629903559307 -0.6816929595852802 0.7069957414633702
outer loop
vertex 7.253 -28.955 52.0
vertex 8.665 -28.565 52.0
vertex 7.01 -27.985 53.0
endloop
endfacet
facet normal 0.1882794549821157 -0.6817014749352487 0.7069893534578469
outer loop
vertex 7.01 -27.985 53.0
vertex 8.665 -28.565 52.0
vertex 8.375 -27.608 53.0
endloop
endfacet
facet normal 0.0 -0.0 1.0
outer loop
vertex 7.01 -27.985 53.0
vertex 8.375 -27.608 53.0
vertex 5.504 -21.971 53.0
endloop
endfacet
facet normal -0.0 -0.0 1.0
outer loop
vertex 5.504 -21.971 53.0
vertex 8.375 -27.608 53.0
vertex 6.575 -21.675 53.0
endloop
endfacet
facet normal -0.18839639009893416 0.6816639655268886 0.706994369355122
outer loop
vertex 5.504 -21.971 53.0
vertex 6.575 -21.675 53.0
vertex 5.261 -21.001 52.0
endloop
endfacet
facet normal -0.18839099221990332 0.6816691732621207 0.706990786555622
outer loop
vertex 5.261 -21.001 52.0
vertex 6.575 -21.675 53.0
vertex 6.285 -20.718 52.0
endloop
endfacet
facet normal -0.26638140587312137 0.9638677018165197 0.0
outer loop
vertex 5.261 -21.001 52.0
vertex 6.285 -20.718 52.0
vertex 5.261 -21.001 0.0
endloop
endfacet
facet normal -0.26638140587312137 0.9638677018165197 0.0
outer loop
vertex 5.261 -21.001 0.0
vertex 6.285 -20.718 52.0
vertex 6.285 -20.718 0.0
endloop
endfacet
facet normal 0.0 0.0 -1.0
outer loop
vertex 6.285 -20.718 0.0
vertex 7.294 -20.384 0.0
vertex 10.16 -33.493 0.0
endloop
endfacet
facet normal 0.0 0.0 -1.0
outer loop
vertex 10.16 -33.493 0.0
vertex 7.294 -20.384 0.0
vertex 11.791 -32.954 0.0
endloop
endfacet
facet normal 0.3137816638127325 -0.94949516452424 0.0
outer loop
vertex 10.16 -33.493 0.0
vertex 11.791 -32.954 0.0
vertex 10.16 -33.493 3.0
endloop
endfacet
facet normal 0.3137816638127325 -0.94949516452424 0.0
outer loop
vertex 10.16 -33.493 3.0
vertex 11.791 -32.954 0.0
vertex 11.791 -32.954 3.0
endloop
endfacet
facet normal 0.0 -0.0 1.0
outer loop
vertex 10.16 -33.493 3.0
vertex 11.791 -32.954 3.0
vertex 8.665 -28.565 3.0
endloop
endfacet
facet normal -0.0 -0.0 1.0
outer loop
vertex 8.665 -28.565 3.0
vertex 11.791 -32.954 3.0
vertex 10.056 -28.105 3.0
endloop
endfacet
facet normal 0.3139744493092933 -0.9494314325852743 0.0
outer loop
vertex 8.665 -28.565 3.0
vertex 10.056 -28.105 3.0
vertex 8.665 -28.565 52.0
endloop
endfacet
facet normal 0.3139744493092933 -0.9494314325852743 0.0
outer loop
vertex 8.665 -28.565 52.0
vertex 10.056 -28.105 3.0
vertex 10.056 -28.105 52.0
endloop
endfacet
facet normal 0.2220513774487344 -0.6714640565895412 0.7069860016163242
outer loop
vertex 8.665 -28.565 52.0
vertex 10.056 -28.105 52.0
vertex 8.375 -27.608 53.0
endloop
endfacet
facet normal 0.22189443092795633 -0.6716804395657068 0.7068297168540506
outer loop
vertex 8.375 -27.608 53.0
vertex 10.056 -28.105 52.0
vertex 9.719 -27.164 53.0
endloop
endfacet
facet normal 0.0 -0.0 1.0
outer loop
vertex 8.375 -27.608 53.0
vertex 9.719 -27.164 53.0
vertex 6.575 -21.675 53.0
endloop
endfacet
facet normal -0.0 -0.0 1.0
outer loop
vertex 6.575 -21.675 53.0
vertex 9.719 -27.164 53.0
vertex 7.631 -21.326 53.0
endloop
endfacet
facet normal -0.221926823068412 0.6715035104878021 0.7069876382266665
outer loop
vertex 6.575 -21.675 53.0
vertex 7.631 -21.326 53.0
vertex 6.285 -20.718 52.0
endloop
endfacet
facet normal -0.2221891011737655 0.6712239613303279 0.7071706986687281
outer loop
vertex 6.285 -20.718 52.0
vertex 7.631 -21.326 53.0
vertex 7.294 -20.384 52.0
endloop
endfacet
facet normal -0.31425124896314527 0.949339850909622 0.0
outer loop
vertex 6.285 -20.718 52.0
vertex 7.294 -20.384 52.0
vertex 6.285 -20.718 0.0
endloop
endfacet
facet normal -0.31425124896314527 0.949339850909622 0.0
outer loop
vertex 6.285 -20.718 0.0
vertex 7.294 -20.384 52.0
vertex 7.294 -20.384 0.0
endloop
endfacet
facet normal 0.0 0.0 -1.0
outer loop
vertex 7.294 -20.384 0.0
vertex 8.285 -20.002 0.0
vertex 11.791 -32.954 0.0
endloop
endfacet
facet normal 0.0 0.0 -1.0
outer loop
vertex 11.791 -32.954 0.0
vertex 8.285 -20.002 0.0
vertex 13.394 -32.336 0.0
endloop
endfacet
facet normal 0.3597200569133035 -0.9330602770744716 0.0
outer loop
vertex 11.791 -32.954 0.0
vertex 13.394 -32.336 0.0
vertex 11.791 -32.954 3.0
endloop
endfacet
facet normal 0.3597200569133035 -0.9330602770744716 0.0
outer loop
vertex 11.791 -32.954 3.0
vertex 13.394 -32.336 0.0
vertex 13.394 -32.336 3.0
endloop
endfacet
facet normal 0.0 -0.0 1.0
outer loop
vertex 11.791 -32.954 3.0
vertex 13.394 -32.336 3.0
vertex 10.056 -28.105 3.0
endloop
endfacet
facet normal -0.0 -0.0 1.0
outer loop
vertex 10.056 -28.105 3.0
vertex 13.394 -32.336 3.0
vertex 11.423 -27.578 3.0
endloop
endfacet
facet normal 0.359710789264488 -0.9330638499517163 0.0
outer loop
vertex 10.056 -28.105 3.0
vertex 11.423 -27.578 3.0
vertex 10.056 -28.105 52.0
endloop
endfacet
facet normal 0.359710789264488 -0.9330638499517163 0.0
outer loop
vertex 10.056 -28.105 52.0
vertex 11.423 -27.578 3.0
vertex 11.423 -27.578 52.0
endloop
endfacet
facet normal 0.25445116861047673 -0.6600279838529816 0.7068363766273855
outer loop
vertex 10.056 -28.105 52.0
vertex 11.423 -27.578 52.0
vertex 9.719 -27.164 53.0
endloop
endfacet
facet normal 0.25468152592320165 -0.6596750896951927 0.7070828073069442
outer loop
vertex 9.719 -27.164 53.0
vertex 11.423 -27.578 52.0
vertex 11.04 -26.654 53.0
endloop
endfacet
facet normal 0.0 -0.0 1.0
outer loop
vertex 9.719 -27.164 53.0
vertex 11.04 -26.654 53.0
vertex 7.631 -21.326 53.0
endloop
endfacet
facet normal -0.0 -0.0 1.0
outer loop
vertex 7.631 -21.326 53.0
vertex 11.04 -26.654 53.0
vertex 8.668 -20.926 53.0
endloop
endfacet
facet normal -0.25445500537903937 0.6596746014451554 0.7071648113740729
outer loop
vertex 7.631 -21.326 53.0
vertex 8.668 -20.926 53.0
vertex 7.294 -20.384 52.0
endloop
endfacet
facet normal -0.2543374979146007 0.6598127236475615 0.7070782183516383
outer loop
vertex 7.294 -20.384 52.0
vertex 8.668 -20.926 53.0
vertex 8.285 -20.002 52.0
endloop
endfacet
facet normal -0.35967301094462756 0.9330784132097506 0.0
outer loop
vertex 7.294 -20.384 52.0
vertex 8.285 -20.002 52.0
vertex 7.294 -20.384 0.0
endloop
endfacet
facet normal -0.35967301094462756 0.9330784132097506 0.0
outer loop
vertex 7.294 -20.384 0.0
vertex 8.285 -20.002 52.0
vertex 8.285 -20.002 0.0
endloop
endfacet
facet normal 0.0 0.0 -1.0
outer loop
vertex 8.285 -20.002 0.0
vertex 9.257 -19.571 0.0
vertex 13.394 -32.336 0.0
endloop
endfacet
facet normal 0.0 0.0 -1.0
outer loop
vertex 13.394 -32.336 0.0
vertex 9.257 -19.571 0.0
vertex 14.964 -31.64 0.0
endloop
endfacet
facet normal 0.4052738537934065 -0.9141953311144401 0.0
outer loop
vertex 13.394 -32.336 0.0
vertex 14.964 -31.64 0.0
vertex 13.394 -32.336 3.0
endloop
endfacet
facet normal 0.4052738537934065 -0.9141953311144401 0.0
outer loop
vertex 13.394 -32.336 3.0
vertex 14.964 -31.64 0.0
vertex 14.964 -31.64 3.0
endloop
endfacet
facet normal 0.0 -0.0 1.0
outer loop
vertex 13.394 -32.336 3.0
vertex 14.964 -31.64 3.0
vertex 11.423 -27.578 3.0
endloop
endfacet
facet normal -0.0 -0.0 1.0
outer loop
vertex 11.423 -27.578 3.0
vertex 14.964 -31.64 3.0
vertex 12.763 -26.984 3.0
endloop
endfacet
facet normal 0.4052520631185788 -0.9142049908735652 0.0
outer loop
vertex 11.423 -27.578 3.0
vertex 12.763 -26.984 3.0
vertex 11.423 -27.578 52.0
endloop
endfacet
facet normal 0.4052520631185788 -0.9142049908735652 0.0
outer loop
vertex 11.423 -27.578 52.0
vertex 12.763 -26.984 3.0
vertex 12.763 -26.984 52.0
endloop
endfacet
facet normal 0.28656551550692777 -0.646460927237853 0.7070844892069293
outer loop
vertex 11.423 -27.578 52.0
vertex 12.763 -26.984 52.0
vertex 11.04 -26.654 53.0
endloop
endfacet
facet normal 0.28655068304269565 -0.6464862971085198 0.7070673049283777
outer loop
vertex 11.04 -26.654 53.0
vertex 12.763 -26.984 52.0
vertex 12.335 -26.08 53.0
endloop
endfacet
facet normal 0.0 -0.0 0.9999999999999999
outer loop
vertex 11.04 -26.654 53.0
vertex 12.335 -26.08 53.0
vertex 8.668 -20.926 53.0
endloop
endfacet
facet normal -0.0 -0.0 1.0
outer loop
vertex 8.668 -20.926 53.0
vertex 12.335 -26.08 53.0
vertex 9.684 -20.475 53.0
endloop
endfacet
facet normal -0.2868989807093049 0.6463178811544474 0.7070800317983725
outer loop
vertex 8.668 -20.926 53.0
vertex 9.684 -20.475 53.0
vertex 8.285 -20.002 52.0
endloop
endfacet
facet normal -0.286701411890854 0.646574877860584 0.7069251924633624
outer loop
vertex 8.285 -20.002 52.0
vertex 9.684 -20.475 53.0
vertex 9.257 -19.571 52.0
endloop
endfacet
facet normal -0.40535295501237995 0.9141602604919618 0.0
outer loop
vertex 8.285 -20.002 52.0
vertex 9.257 -19.571 52.0
vertex 8.285 -20.002 0.0
endloop
endfacet
facet normal -0.40535295501237995 0.9141602604919618 0.0
outer loop
vertex 8.285 -20.002 0.0
vertex 9.257 -19.571 52.0
vertex 9.257 -19.571 0.0
endloop
endfacet
facet normal 0.0 0.0 -1.0
outer loop
vertex 9.257 -19.571 0.0
vertex 10.206 -19.094 0.0
vertex 14.964 -31.64 0.0
endloop
endfacet
facet normal 0.0 0.0 -1.0
outer loop
vertex 14.964 -31.64 0.0
vertex 10.206 -19.094 0.0
vertex 16.499 -30.867 0.0
endloop
endfacet
facet normal 0.4497719141044609 -0.8931434516822083 0.0
outer loop
vertex 14.964 -31.64 0.0
vertex 16.499 -30.867 0.0
vertex 14.964 -31.64 3.0
endloop
endfacet
facet normal 0.4497719141044609 -0.8931434516822083 0.0
outer loop
vertex 14.964 -31.64 3.0
vertex 16.499 -30.867 0.0
vertex 16.499 -30.867 3.0
endloop
endfacet
facet normal 0.0 -0.0 1.0
outer loop
vertex 14.964 -31.64 3.0
vertex 16.499 -30.867 3.0
vertex 12.763 -26.984 3.0
endloop
endfacet
facet normal -0.0 -0.0 1.0
outer loop
vertex 12.763 -26.984 3.0
vertex 16.499 -30.867 3.0
vertex 14.071 -26.325 3.0
endloop
endfacet
facet normal 0.4499425733850725 -0.893057490117864 0.0
outer loop
vertex 12.763 -26.984 3.0
vertex 14.071 -26.325 3.0
vertex 12.763 -26.984 52.0
endloop
endfacet
facet normal 0.4499425733850725 -0.893057490117864 0.0
outer loop
vertex 12.763 -26.984 52.0
vertex 14.071 -26.325 3.0
vertex 14.071 -26.325 52.0
endloop
endfacet
facet normal 0.3181734497041163 -0.6315187742230387 0.7070712083709907
outer loop
vertex 12.763 -26.984 52.0
vertex 14.071 -26.325 52.0
vertex 12.335 -26.08 53.0
endloop
endfacet
facet normal 0.31808826729480105 -0.6316823518491756 0.7069634082268229
outer loop
vertex 12.335 -26.08 53.0
vertex 14.071 -26.325 52.0
vertex 13.6 -25.443 53.0
endloop
endfacet
facet normal 0.0 -0.0 1.0
outer loop
vertex 12.335 -26.08 53.0
vertex 13.6 -25.443 53.0
vertex 9.684 -20.475 53.0
endloop
endfacet
facet normal -0.0 -0.0 1.0
outer loop
vertex 9.684 -20.475 53.0
vertex 13.6 -25.443 53.0
vertex 10.677 -19.976 53.0
endloop
endfacet
facet normal -0.3175829652823554 0.6319837365238027 0.7069212239930832
outer loop
vertex 9.684 -20.475 53.0
vertex 10.677 -19.976 53.0
vertex 9.257 -19.571 52.0
endloop
endfacet
facet normal -0.31762577219595467 0.6319221337818883 0.7069570606999188
outer loop
vertex 9.257 -19.571 52.0
vertex 10.677 -19.976 53.0
vertex 10.206 -19.094 52.0
endloop
endfacet
facet normal -0.4490956048879751 0.8934837086764948 0.0
outer loop
vertex 9.257 -19.571 52.0
vertex 10.206 -19.094 52.0
vertex 9.257 -19.571 0.0
endloop
endfacet
facet normal -0.4490956048879751 0.8934837086764948 0.0
outer loop
vertex 9.257 -19.571 0.0
vertex 10.206 -19.094 52.0
vertex 10.206 -19.094 0.0
endloop
endfacet
facet normal 0.0 0.0 -1.0
outer loop
vertex 10.206 -19.094 0.0
vertex 11.13 -18.57 0.0
vertex 16.499 -30.867 0.0
endloop
endfacet
facet normal 0.0 0.0 -1.0
outer loop
vertex 16.499 -30.867 0.0
vertex 11.13 -18.57 0.0
vertex 17.994 -30.021 0.0
endloop
endfacet
facet normal 0.4924983926643023 -0.8703133534670595 0.0
outer loop
vertex 16.499 -30.867 0.0
vertex 17.994 -30.021 0.0
vertex 16.499 -30.867 3.0
endloop
endfacet
facet normal 0.4924983926643023 -0.8703133534670595 0.0
outer loop
vertex 16.499 -30.867 3.0
vertex 17.994 -30.021 0.0
vertex 17.994 -30.021 3.0
endloop
endfacet
facet normal 0.0 -0.0 1.0
outer loop
vertex 16.499 -30.867 3.0
vertex 17.994 -30.021 3.0
vertex 14.071 -26.325 3.0
endloop
endfacet
facet normal -0.0 -0.0 0.9999999999999999
outer loop
vertex 14.071 -26.325 3.0
vertex 17.994 -30.021 3.0
vertex 15.346 -25.603 3.0
endloop
endfacet
facet normal 0.49275425058933975 -0.8701685173149728 0.0
outer loop
vertex 14.071 -26.325 3.0
vertex 15.346 -25.603 3.0
vertex 14.071 -26.325 52.0
endloop
endfacet
facet normal 0.49275425058933975 -0.8701685173149728 0.0
outer loop
vertex 14.071 -26.325 52.0
vertex 15.346 -25.603 3.0
vertex 15.346 -25.603 52.0
endloop
endfacet
facet normal 0.3485037671723951 -0.6154325528321404 0.7069567859361445
outer loop
vertex 14.071 -26.325 52.0
vertex 15.346 -25.603 52.0
vertex 13.6 -25.443 53.0
endloop
endfacet
facet normal 0.34858208597556145 -0.6152623637849454 0.7070663003189218
outer loop
vertex 13.6 -25.443 53.0
vertex 15.346 -25.603 52.0
vertex 14.832 -24.745 53.0
endloop
endfacet
facet normal 0.0 -0.0 1.0
outer loop
vertex 13.6 -25.443 53.0
vertex 14.832 -24.745 53.0
vertex 10.677 -19.976 53.0
endloop
endfacet
facet normal -0.0 -0.0 1.0
outer loop
vertex 10.677 -19.976 53.0
vertex 14.832 -24.745 53.0
vertex 11.644 -19.428 53.0
endloop
endfacet
facet normal -0.3487039251064713 0.6153224371860566 0.7069539383232486
outer loop
vertex 10.677 -19.976 53.0
vertex 11.644 -19.428 53.0
vertex 10.206 -19.094 52.0
endloop
endfacet
facet normal -0.34883231347538335 0.6151165222352177 0.707069785204164
outer loop
vertex 10.206 -19.094 52.0
vertex 11.644 -19.428 53.0
vertex 11.13 -18.57 52.0
endloop
endfacet
facet normal -0.49329758062319157 0.869860619266849 0.0
outer loop
vertex 10.206 -19.094 52.0
vertex 11.13 -18.57 52.0
vertex 10.206 -19.094 0.0
endloop
endfacet
facet normal -0.49329758062319157 0.869860619266849 0.0
outer loop
vertex 10.206 -19.094 0.0
vertex 11.13 -18.57 52.0
vertex 11.13 -18.57 0.0
endloop
endfacet
facet normal 0.0 0.0 -0.9999999999999999
outer loop
vertex 11.13 -18.57 0.0
vertex 12.028 -18.001 0.0
vertex 17.994 -30.021 0.0
endloop
endfacet
facet normal 0.0 0.0 -1.0
outer loop
vertex 17.994 -30.021 0.0
vertex 12.028 -18.001 0.0
vertex 19.445 -29.101 0.0
endloop
endfacet
facet normal 0.535481275972437 -0.8445470993869619 0.0
outer loop
vertex 17.994 -30.021 0.0
vertex 19.445 -29.101 0.0
vertex 17.994 -30.021 3.0
endloop
endfacet
facet normal 0.535481275972437 -0.8445470993869619 0.0
outer loop
vertex 17.994 -30.021 3.0
vertex 19.445 -29.101 0.0
vertex 19.445 -29.101 3.0
endloop
endfacet
facet normal 0.0 -0.0 1.0
outer loop
vertex 17.994 -30.021 3.0
vertex 19.445 -29.101 3.0
vertex 15.346 -25.603 3.0
endloop
endfacet
facet normal -0.0 -0.0 1.0
outer loop
vertex 15.346 -25.603 3.0
vertex 19.445 -29.101 3.0
vertex 16.584 -24.819 3.0
endloop
endfacet
facet normal 0.5350196102274212 -0.8448396396193176 0.0
outer loop
vertex 15.346 -25.603 3.0
vertex 16.584 -24.819 3.0
vertex 15.346 -25.603 52.0
endloop
endfacet
facet normal 0.5350196102274212 -0.8448396396193176 0.0
outer loop
vertex 15.346 -25.603 52.0
vertex 16.584 -24.819 3.0
vertex 16.584 -24.819 52.0
endloop
endfacet
facet normal 0.37834011467946377 -0.5974299259861919 0.7070616954413972
outer loop
vertex 15.346 -25.603 52.0
vertex 16.584 -24.819 52.0
vertex 14.832 -24.745 53.0
endloop
endfacet
facet normal 0.3782620773465845 -0.5976241010654074 0.7069393429900547
outer loop
vertex 14.832 -24.745 53.0
vertex 16.584 -24.819 52.0
vertex 16.028 -23.988 53.0
endloop
endfacet
facet normal 0.0 -0.0 1.0
outer loop
vertex 14.832 -24.745 53.0
vertex 16.028 -23.988 53.0
vertex 11.644 -19.428 53.0
endloop
endfacet
facet normal -0.0 -0.0 1.0
outer loop
vertex 11.644 -19.428 53.0
vertex 16.028 -23.988 53.0
vertex 12.584 -18.833 53.0
endloop
endfacet
facet normal -0.3782108366965894 0.5975095571341049 0.7070635700831092
outer loop
vertex 11.644 -19.428 53.0
vertex 12.584 -18.833 53.0
vertex 11.13 -18.57 52.0
endloop
endfacet
facet normal -0.37839295506118226 0.5971825547362779 0.7072423685545985
outer loop
vertex 11.13 -18.57 52.0
vertex 12.584 -18.833 53.0
vertex 12.028 -18.001 52.0
endloop
endfacet
facet normal -0.535231098929851 0.8447056710703107 0.0
outer loop
vertex 11.13 -18.57 52.0
vertex 12.028 -18.001 52.0
vertex 11.13 -18.57 0.0
endloop
endfacet
facet normal -0.535231098929851 0.8447056710703107 0.0
outer loop
vertex 11.13 -18.57 0.0
vertex 12.028 -18.001 52.0
vertex 12.028 -18.001 0.0
endloop
endfacet
facet normal 0.0 0.0 -1.0
outer loop
vertex 12.028 -18.001 0.0
vertex 12.897 -17.389 0.0
vertex 19.445 -29.101 0.0
endloop
endfacet
facet normal 0.0 0.0 -0.9999999999999999
outer loop
vertex 19.445 -29.101 0.0
vertex 12.897 -17.389 0.0
vertex 20.849 -28.112 0.0
endloop
endfacet
facet normal 0.5758827793761245 -0.8175322772943157 0.0
outer loop
vertex 19.445 -29.101 0.0
vertex 20.849 -28.112 0.0
vertex 19.445 -29.101 3.0
endloop
endfacet
facet normal 0.5758827793761245 -0.8175322772943157 0.0
outer loop
vertex 19.445 -29.101 3.0
vertex 20.849 -28.112 0.0
vertex 20.849 -28.112 3.0
endloop
endfacet
facet normal 0.0 -0.0 1.0
outer loop
vertex 19.445 -29.101 3.0
vertex 20.849 -28.112 3.0
vertex 16.584 -24.819 3.0
endloop
endfacet
facet normal -0.0 -0.0 0.9999999999999999
outer loop
vertex 16.584 -24.819 3.0
vertex 20.849 -28.112 3.0
vertex 17.782 -23.976 3.0
endloop
endfacet
facet normal 0.5754764962978718 -0.8178183185822665 0.0
outer loop
vertex 16.584 -24.819 3.0
vertex 17.782 -23.976 3.0
vertex 16.584 -24.819 52.0
endloop
endfacet
facet normal 0.5754764962978718 -0.8178183185822665 0.0
outer loop
vertex 16.584 -24.819 52.0
vertex 17.782 -23.976 3.0
vertex 17.782 -23.976 52.0
endloop
endfacet
facet normal 0.407010433076833 -0.5784086581566382 0.7069553957188855
outer loop
vertex 16.584 -24.819 52.0
vertex 17.782 -23.976 52.0
vertex 16.028 -23.988 53.0
endloop
endfacet
facet normal 0.40703461859515344 -0.5783387586910276 0.7069986559116072
outer loop
vertex 16.028 -23.988 53.0
vertex 17.782 -23.976 52.0
vertex 17.186 -23.173 53.0
endloop
endfacet
facet normal 0.0 -0.0 1.0
outer loop
vertex 16.028 -23.988 53.0
vertex 17.186 -23.173 53.0
vertex 12.584 -18.833 53.0
endloop
endfacet
facet normal -0.0 -0.0 0.9999999999999999
outer loop
vertex 12.584 -18.833 53.0
vertex 17.186 -23.173 53.0
vertex 13.493 -18.193 53.0
endloop
endfacet
facet normal -0.40699906240723516 0.5780658558252794 0.7072422707450532
outer loop
vertex 12.584 -18.833 53.0
vertex 13.493 -18.193 53.0
vertex 12.028 -18.001 52.0
endloop
endfacet
facet normal -0.40704374629841483 0.5779755155773224 0.7072903873180236
outer loop
vertex 12.028 -18.001 52.0
vertex 13.493 -18.193 53.0
vertex 12.897 -17.389 52.0
endloop
endfacet
facet normal -0.5757963356129059 0.817593162822898 0.0
outer loop
vertex 12.028 -18.001 52.0
vertex 12.897 -17.389 52.0
vertex 12.028 -18.001 0.0
endloop
endfacet
facet normal -0.5757963356129059 0.817593162822898 0.0
outer loop
vertex 12.028 -18.001 0.0
vertex 12.897 -17.389 52.0
vertex 12.897 -17.389 0.0
endloop
endfacet
facet normal 0.0 0.0 -0.9999999999999999
outer loop
vertex 12.897 -17.389 0.0
vertex 13.735 -16.736 0.0
vertex 20.849 -28.112 0.0
endloop
endfacet
facet normal 0.0 0.0 -0.9999999999999999
outer loop
vertex 20.849 -28.112 0.0
vertex 13.735 -16.736 0.0
vertex 22.204 -27.055 0.0
endloop
endfacet
facet normal 0.6150679768387132 -0.788474085729856 0.0
outer loop
vertex 20.849 -28.112 0.0
vertex 22.204 -27.055 0.0
vertex 20.849 -28.112 3.0
endloop
endfacet
facet normal 0.6150679768387132 -0.788474085729856 0.0
outer loop
vertex 20.849 -28.112 3.0
vertex 22.204 -27.055 0.0
vertex 22.204 -27.055 3.0
endloop
endfacet
facet normal 0.0 -0.0 1.0
outer loop
vertex 20.849 -28.112 3.0
vertex 22.204 -27.055 3.0
vertex 17.782 -23.976 3.0
endloop
endfacet
facet normal -0.0 -0.0 1.0
outer loop
vertex 17.782 -23.976 3.0
vertex 22.204 -27.055 3.0
vertex 18.937 -23.074 3.0
endloop
endfacet
facet normal 0.6154983707599345 -0.788138157680407 0.0
outer loop
vertex 17.782 -23.976 3.0
vertex 18.937 -23.074 3.0
vertex 17.782 -23.976 52.0
endloop
endfacet
facet normal 0.6154983707599345 -0.788138157680407 0.0
outer loop
vertex 17.782 -23.976 52.0
vertex 18.937 -23.074 3.0
vertex 18.937 -23.074 52.0
endloop
endfacet
facet normal 0.43528575502615646 -0.5573781009481292 0.7070049250569376
outer loop
vertex 17.782 -23.976 52.0
vertex 18.937 -23.074 52.0
vertex 17.186 -23.173 53.0
endloop
endfacet
facet normal 0.4353477409246469 -0.5571652280641123 0.707134536780712
outer loop
vertex 17.186 -23.173 53.0
vertex 18.937 -23.074 52.0
vertex 18.302 -22.301 53.0
endloop
endfacet
facet normal 0.0 -0.0 1.0
outer loop
vertex 17.186 -23.173 53.0
vertex 18.302 -22.301 53.0
vertex 13.493 -18.193 53.0
endloop
endfacet
facet normal -0.0 -0.0 1.0
outer loop
vertex 13.493 -18.193 53.0
vertex 18.302 -22.301 53.0
vertex 14.369 -17.509 53.0
endloop
endfacet
facet normal -0.43506865814392487 0.557193193763271 0.7072842480394503
outer loop
vertex 13.493 -18.193 53.0
vertex 14.369 -17.509 53.0
vertex 12.897 -17.389 52.0
endloop
endfacet
facet normal -0.43475199734394454 0.5579206336511882 0.7069054161284293
outer loop
vertex 12.897 -17.389 52.0
vertex 14.369 -17.509 53.0
vertex 13.735 -16.736 52.0
endloop
endfacet
facet normal -0.6146571828539932 0.7887943632950181 0.0
outer loop
vertex 12.897 -17.389 52.0
vertex 13.735 -16.736 52.0
vertex 12.897 -17.389 0.0
endloop
endfacet
facet normal -0.6146571828539932 0.7887943632950181 0.0
outer loop
vertex 12.897 -17.389 0.0
vertex 13.735 -16.736 52.0
vertex 13.735 -16.736 0.0
endloop
endfacet
facet normal 0.0 0.0 -1.0
outer loop
vertex 13.735 -16.736 0.0
vertex 14.539 -16.042 0.0
vertex 22.204 -27.055 0.0
endloop
endfacet
facet normal 0.0 0.0 -1.0
outer loop
vertex 22.204 -27.055 0.0
vertex 14.539 -16.042 0.0
vertex 23.505 -25.933 0.0
endloop
endfacet
facet normal 0.6530892973539667 -0.75728090539885 0.0
outer loop
vertex 22.204 -27.055 0.0
vertex 23.505 -25.933 0.0
vertex 22.204 -27.055 3.0
endloop
endfacet
facet normal 0.6530892973539667 -0.75728090539885 0.0
outer loop
vertex 22.204 -27.055 3.0
vertex 23.505 -25.933 0.0
vertex 23.505 -25.933 3.0
endloop
endfacet
facet normal 0.0 -0.0 1.0
outer loop
vertex 22.204 -27.055 3.0
vertex 23.505 -25.933 3.0
vertex 18.937 -23.074 3.0
endloop
endfacet
facet normal -0.0 -0.0 1.0
outer loop
vertex 18.937 -23.074 3.0
vertex 23.505 -25.933 3.0
vertex 20.046 -22.117 3.0
endloop
endfacet
facet normal 0.6533176649449378 -0.7570838980396387 0.0
outer loop
vertex 18.937 -23.074 3.0
vertex 20.046 -22.117 3.0
vertex 18.937 -23.074 52.0
endloop
endfacet
facet normal 0.6533176649449378 -0.7570838980396387 0.0
outer loop
vertex 18.937 -23.074 52.0
vertex 20.046 -22.117 3.0
vertex 20.046 -22.117 52.0
endloop
endfacet
facet normal 0.4619462792076294 -0.5353170570964052 0.7071359724323684
outer loop
vertex 18.937 -23.074 52.0
vertex 20.046 -22.117 52.0
vertex 18.302 -22.301 53.0
endloop
endfacet
facet normal 0.4619385623215375 -0.5353493392526372 0.7071165742662775
outer loop
vertex 18.302 -22.301 53.0
vertex 20.046 -22.117 52.0
vertex 19.374 -21.376 53.0
endloop
endfacet
facet normal 0.0 -0.0 1.0
outer loop
vertex 18.302 -22.301 53.0
vertex 19.374 -21.376 53.0
vertex 14.369 -17.509 53.0
endloop
endfacet
facet normal -0.0 -0.0 1.0
outer loop
vertex 14.369 -17.509 53.0
vertex 19.374 -21.376 53.0
vertex 15.211 -16.783 53.0
endloop
endfacet
facet normal -0.4618778250393368 0.5356764857894246 0.7069084645901647
outer loop
vertex 14.369 -17.509 53.0
vertex 15.211 -16.783 53.0
vertex 13.735 -16.736 52.0
endloop
endfacet
facet normal -0.46203294714370013 0.5352658350195036 0.7071181242300187
outer loop
vertex 13.735 -16.736 52.0
vertex 15.211 -16.783 53.0
vertex 14.539 -16.042 52.0
endloop
endfacet
facet normal -0.653423742169737 0.7569923468364111 0.0
outer loop
vertex 13.735 -16.736 52.0
vertex 14.539 -16.042 52.0
vertex 13.735 -16.736 0.0
endloop
endfacet
facet normal -0.653423742169737 0.7569923468364111 0.0
outer loop
vertex 13.735 -16.736 0.0
vertex 14.539 -16.042 52.0
vertex 14.539 -16.042 0.0
endloop
endfacet
facet normal 0.0 0.0 -1.0
outer loop
vertex 14.539 -16.042 0.0
vertex 15.309 -15.309 0.0
vertex 23.505 -25.933 0.0
endloop
endfacet
facet normal 0.0 0.0 -1.0
outer loop
vertex 23.505 -25.933 0.0
vertex 15.309 -15.309 0.0
vertex 24.749 -24.749 0.0
endloop
endfacet
facet normal 0.6894225007656563 -0.7243594518179691 0.0
outer loop
vertex 23.505 -25.933 0.0
vertex 24.749 -24.749 0.0
vertex 23.505 -25.933 3.0
endloop
endfacet
facet normal 0.6894225007656563 -0.7243594518179691 0.0
outer loop
vertex 23.505 -25.933 3.0
vertex 24.749 -24.749 0.0
vertex 24.749 -24.749 3.0
endloop
endfacet
facet normal 0.0 -0.0 1.0
outer loop
vertex 23.505 -25.933 3.0
vertex 24.749 -24.749 3.0
vertex 20.046 -22.117 3.0
endloop
endfacet
facet normal -0.0 -0.0 0.9999999999999999
outer loop
vertex 20.046 -22.117 3.0
vertex 24.749 -24.749 3.0
vertex 21.107 -21.107 3.0
endloop
endfacet
facet normal 0.6894846917087353 -0.7243002553494722 0.0
outer loop
vertex 20.046 -22.117 3.0
vertex 21.107 -21.107 3.0
vertex 20.046 -22.117 52.0
endloop
endfacet
facet normal 0.6894846917087353 -0.7243002553494722 0.0
outer loop
vertex 20.046 -22.117 52.0
vertex 21.107 -21.107 3.0
vertex 21.107 -21.107 52.0
endloop
endfacet
facet normal 0.4875295010922759 -0.5121473273850533 0.707120994326334
outer loop
vertex 20.046 -22.117 52.0
vertex 21.107 -21.107 52.0
vertex 19.374 -21.376 53.0
endloop
endfacet
facet normal 0.487473277729426 -0.5124462940065467 0.7069431372173335
outer loop
vertex 19.374 -21.376 53.0
vertex 21.107 -21.107 52.0
vertex 20.4 -20.4 53.0
endloop
endfacet
facet normal 0.0 -0.0 1.0
outer loop
vertex 19.374 -21.376 53.0
vertex 20.4 -20.4 53.0
vertex 15.211 -16.783 53.0
endloop
endfacet
facet normal -0.0 -0.0 1.0
outer loop
vertex 15.211 -16.783 53.0
vertex 20.4 -20.4 53.0
vertex 16.016 -16.016 53.0
endloop
endfacet
facet normal -0.4877638844487465 0.5119295006274295 0.7071170903144831
outer loop
vertex 15.211 -16.783 53.0
vertex 16.016 -16.016 53.0
vertex 14.539 -16.042 52.0
endloop
endfacet
facet normal -0.48765422159785926 0.5122697825789225 0.7069462709529837
outer loop
vertex 14.539 -16.042 52.0
vertex 16.016 -16.016 53.0
vertex 15.309 -15.309 52.0
endloop
endfacet
facet normal -0.6894907379849238 0.7242944996567385 0.0
outer loop
vertex 14.539 -16.042 52.0
vertex 15.309 -15.309 52.0
vertex 14.539 -16.042 0.0
endloop
endfacet
facet normal -0.6894907379849238 0.7242944996567385 0.0
outer loop
vertex 14.539 -16.042 0.0
vertex 15.309 -15.309 52.0
vertex 15.309 -15.309 0.0
endloop
endfacet
facet normal 0.0 0.0 -1.0
outer loop
vertex 15.309 -15.309 0.0
vertex 16.042 -14.539 0.0
vertex 24.749 -24.749 0.0
endloop
endfacet
facet normal 0.0 0.0 -1.0
outer loop
vertex 24.749 -24.749 0.0
vertex 16.042 -14.539 0.0
vertex 25.933 -23.505 0.0
endloop
endfacet
facet normal 0.7243594518179691 -0.6894225007656563 0.0
outer loop
vertex 24.749 -24.749 0.0
vertex 25.933 -23.505 0.0
vertex 24.749 -24.749 3.0
endloop
endfacet
facet normal 0.7243594518179691 -0.6894225007656563 0.0
outer loop
vertex 24.749 -24.749 3.0
vertex 25.933 -23.505 0.0
vertex 25.933 -23.505 3.0
endloop
endfacet
facet normal 0.0 -0.0 1.0
outer loop
vertex 24.749 -24.749 3.0
vertex 25.933 -23.505 3.0
vertex 21.107 -21.107 3.0
endloop
endfacet
facet normal -0.0 -0.0 1.0
outer loop
vertex 21.107 -21.107 3.0
vertex 25.933 -23.505 3.0
vertex 22.117 -20.046 3.0
endloop
endfacet
facet normal 0.7243002553494722 -0.6894846917087353 0.0
outer loop
vertex 21.107 -21.107 3.0
vertex 22.117 -20.046 3.0
vertex 21.107 -21.107 52.0
endloop
endfacet
facet normal 0.7243002553494722 -0.6894846917087353 0.0
outer loop
vertex 21.107 -21.107 52.0
vertex 22.117 -20.046 3.0
vertex 22.117 -20.046 52.0
endloop
endfacet
facet normal 0.5122739060133307 -0.4876499953567058 0.7069461982686165
outer loop
vertex 21.107 -21.107 52.0
vertex 22.117 -20.046 52.0
vertex 20.4 -20.4 53.0
endloop
endfacet
facet normal 0.5123153104060085 -0.48734867734528825 0.7071239561868861
outer loop
vertex 20.4 -20.4 53.0
vertex 22.117 -20.046 52.0
vertex 21.376 -19.374 53.0
endloop
endfacet
facet normal 0.0 -0.0 1.0
outer loop
vertex 20.4 -20.4 53.0
vertex 21.376 -19.374 53.0
vertex 16.016 -16.016 53.0
endloop
endfacet
facet normal -0.0 -0.0 0.9999999999999999
outer loop
vertex 16.016 -16.016 53.0
vertex 21.376 -19.374 53.0
vertex 16.783 -15.211 53.0
endloop
endfacet
facet normal -0.5120503727987308 0.4878790508529554 0.7069501025217411
outer loop
vertex 16.016 -16.016 53.0
vertex 16.783 -15.211 53.0
vertex 15.309 -15.309 52.0
endloop
endfacet
facet normal -0.512143309270865 0.48753382557863045 0.7071209229585508
outer loop
vertex 15.309 -15.309 52.0
vertex 16.783 -15.211 53.0
vertex 16.042 -14.539 52.0
endloop
endfacet
facet normal -0.7242944996567385 0.6894907379849238 0.0
outer loop
vertex 15.309 -15.309 52.0
vertex 16.042 -14.539 52.0
vertex 15.309 -15.309 0.0
endloop
endfacet
facet normal -0.7242944996567385 0.6894907379849238 0.0
outer loop
vertex 15.309 -15.309 0.0
vertex 16.042 -14.539 52.0
vertex 16.042 -14.539 0.0
endloop
endfacet
facet normal 0.0 0.0 -1.0
outer loop
vertex 16.042 -14.539 0.0
vertex 16.736 -13.735 0.0
vertex 25.933 -23.505 0.0
endloop
endfacet
facet normal 0.0 0.0 -0.9999999999999999
outer loop
vertex 25.933 -23.505 0.0
vertex 16.736 -13.735 0.0
vertex 27.055 -22.204 0.0
endloop
endfacet
facet normal 0.75728090539885 -0.6530892973539667 0.0
outer loop
vertex 25.933 -23.505 0.0
vertex 27.055 -22.204 0.0
vertex 25.933 -23.505 3.0
endloop
endfacet
facet normal 0.75728090539885 -0.6530892973539667 0.0
outer loop
vertex 25.933 -23.505 3.0
vertex 27.055 -22.204 0.0
vertex 27.055 -22.204 3.0
endloop
endfacet
facet normal 0.0 -0.0 1.0
outer loop
vertex 25.933 -23.505 3.0
vertex 27.055 -22.204 3.0
vertex 22.117 -20.046 3.0
endloop
endfacet
facet normal -0.0 -0.0 1.0
outer loop
vertex 22.117 -20.046 3.0
vertex 27.055 -22.204 3.0
vertex 23.074 -18.937 3.0
endloop
endfacet
facet normal 0.7570838980396387 -0.6533176649449378 0.0
outer loop
vertex 22.117 -20.046 3.0
vertex 23.074 -18.937 3.0
vertex 22.117 -20.046 52.0
endloop
endfacet
facet normal 0.7570838980396387 -0.6533176649449378 0.0
outer loop
vertex 22.117 -20.046 52.0
vertex 23.074 -18.937 3.0
vertex 23.074 -18.937 52.0
endloop
endfacet
facet normal 0.5353314924190606 -0.4619587360189741 0.7071169064872747
outer loop
vertex 22.117 -20.046 52.0
vertex 23.074 -18.937 52.0
vertex 21.376 -19.374 53.0
endloop
endfacet
facet normal 0.5353344047141476 -0.46192567570950127 0.7071362989195719
outer loop
vertex 21.376 -19.374 53.0
vertex 23.074 -18.937 52.0
vertex 22.301 -18.302 53.0
endloop
endfacet
facet normal 0.0 -0.0 1.0
outer loop
vertex 21.376 -19.374 53.0
vertex 22.301 -18.302 53.0
vertex 16.783 -15.211 53.0
endloop
endfacet
facet normal -0.0 -0.0 0.9999999999999999
outer loop
vertex 16.783 -15.211 53.0
vertex 22.301 -18.302 53.0
vertex 17.509 -14.369 53.0
endloop
endfacet
facet normal -0.5355213616877218 0.46174407195402056 0.7071133453637038
outer loop
vertex 16.783 -15.211 53.0
vertex 17.509 -14.369 53.0
vertex 16.042 -14.539 52.0
endloop
endfacet
facet normal -0.5354281380571837 0.46217304454189656 0.7069036609577654
outer loop
vertex 16.042 -14.539 52.0
vertex 17.509 -14.369 53.0
vertex 16.736 -13.735 52.0
endloop
endfacet
facet normal -0.7569923468364111 0.653423742169737 0.0
outer loop
vertex 16.042 -14.539 52.0
vertex 16.736 -13.735 52.0
vertex 16.042 -14.539 0.0
endloop
endfacet
facet normal -0.7569923468364111 0.653423742169737 0.0
outer loop
vertex 16.042 -14.539 0.0
vertex 16.736 -13.735 52.0
vertex 16.736 -13.735 0.0
endloop
endfacet
facet normal 0.0 0.0 -0.9999999999999999
outer loop
vertex 16.736 -13.735 0.0
vertex 17.389 -12.897 0.0
vertex 27.055 -22.204 0.0
endloop
endfacet
facet normal 0.0 0.0 -1.0
outer loop
vertex 27.055 -22.204 0.0
vertex 17.389 -12.897 0.0
vertex 28.112 -20.849 0.0
endloop
endfacet
facet normal 0.788474085729856 -0.6150679768387132 0.0
outer loop
vertex 27.055 -22.204 0.0
vertex 28.112 -20.849 0.0
vertex 27.055 -22.204 3.0
endloop
endfacet
facet normal 0.788474085729856 -0.6150679768387132 0.0
outer loop
vertex 27.055 -22.204 3.0
vertex 28.112 -20.849 0.0
vertex 28.112 -20.849 3.0
endloop
endfacet
facet normal 0.0 -0.0 1.0
outer loop
vertex 27.055 -22.204 3.0
vertex 28.112 -20.849 3.0
vertex 23.074 -18.937 3.0
endloop
endfacet
facet normal -0.0 -0.0 1.0
outer loop
vertex 23.074 -18.937 3.0
vertex 28.112 -20.849 3.0
vertex 23.976 -17.782 3.0
endloop
endfacet
facet normal 0.788138157680407 -0.6154983707599345 0.0
outer loop
vertex 23.074 -18.937 3.0
vertex 23.976 -17.782 3.0
vertex 23.074 -18.937 52.0
endloop
endfacet
facet normal 0.788138157680407 -0.6154983707599345 0.0
outer loop
vertex 23.074 -18.937 52.0
vertex 23.976 -17.782 3.0
vertex 23.976 -17.782 52.0
endloop
endfacet
facet normal 0.5572777006329669 -0.435207347160982 0.7071323280365095
outer loop
vertex 23.074 -18.937 52.0
vertex 23.976 -17.782 52.0
vertex 22.301 -18.302 53.0
endloop
endfacet
facet normal 0.5572690957033044 -0.4354288991516859 0.7070027077441586
outer loop
vertex 22.301 -18.302 53.0
vertex 23.976 -17.782 52.0
vertex 23.173 -17.186 53.0
endloop
endfacet
facet normal 0.0 -0.0 1.0
outer loop
vertex 22.301 -18.302 53.0
vertex 23.173 -17.186 53.0
vertex 17.509 -14.369 53.0
endloop
endfacet
facet normal -0.0 -0.0 1.0
outer loop
vertex 17.509 -14.369 53.0
vertex 23.173 -17.186 53.0
vertex 18.193 -13.493 53.0
endloop
endfacet
facet normal -0.5574850494881348 0.4352965454907364 0.706913953095455
outer loop
vertex 17.509 -14.369 53.0
vertex 18.193 -13.493 53.0
vertex 16.736 -13.735 52.0
endloop
endfacet
facet normal -0.5576150738544506 0.43451389406557983 0.7072928002420652
outer loop
vertex 16.736 -13.735 52.0
vertex 18.193 -13.493 53.0
vertex 17.389 -12.897 52.0
endloop
endfacet
facet normal -0.7887943632950181 0.6146571828539932 0.0
outer loop
vertex 16.736 -13.735 52.0
vertex 17.389 -12.897 52.0
vertex 16.736 -13.735 0.0
endloop
endfacet
facet normal -0.7887943632950181 0.6146571828539932 0.0
outer loop
vertex 16.736 -13.735 0.0
vertex 17.389 -12.897 52.0
vertex 17.389 -12.897 0.0
endloop
endfacet
facet normal 0.0 0.0 -1.0
outer loop
vertex 17.389 -12.897 0.0
vertex 18.001 -12.028 0.0
vertex 28.112 -20.849 0.0
endloop
endfacet
facet normal 0.0 0.0 -1.0
outer loop
vertex 28.112 -20.849 0.0
vertex 18.001 -12.028 0.0
vertex 29.101 -19.445 0.0
endloop
endfacet
facet normal 0.8175322772943157 -0.5758827793761245 0.0
outer loop
vertex 28.112 -20.849 0.0
vertex 29.101 -19.445 0.0
vertex 28.112 -20.849 3.0
endloop
endfacet
facet normal 0.8175322772943157 -0.5758827793761245 0.0
outer loop
vertex 28.112 -20.849 3.0
vertex 29.101 -19.445 0.0
vertex 29.101 -19.445 3.0
endloop
endfacet
facet normal 0.0 -0.0 1.0
outer loop
vertex 28.112 -20.849 3.0
vertex 29.101 -19.445 3.0
vertex 23.976 -17.782 3.0
endloop
endfacet
facet normal -0.0 -0.0 1.0
outer loop
vertex 23.976 -17.782 3.0
vertex 29.101 -19.445 3.0
vertex 24.819 -16.584 3.0
endloop
endfacet
facet normal 0.8178183185822665 -0.5754764962978718 0.0
outer loop
vertex 23.976 -17.782 3.0
vertex 24.819 -16.584 3.0
vertex 23.976 -17.782 52.0
endloop
endfacet
facet normal 0.8178183185822665 -0.5754764962978718 0.0
outer loop
vertex 23.976 -17.782 52.0
vertex 24.819 -16.584 3.0
vertex 24.819 -16.584 52.0
endloop
endfacet
facet normal 0.5783739121899305 -0.4069859832855686 0.7069978975267135
outer loop
vertex 23.976 -17.782 52.0
vertex 24.819 -16.584 52.0
vertex 23.173 -17.186 53.0
endloop
endfacet
facet normal 0.5783747005701185 -0.4070599144772425 0.7069546886231154
outer loop
vertex 23.173 -17.186 53.0
vertex 24.819 -16.584 52.0
vertex 23.988 -16.028 53.0
endloop
endfacet
facet normal 0.0 -0.0 1.0
outer loop
vertex 23.173 -17.186 53.0
vertex 23.988 -16.028 53.0
vertex 18.193 -13.493 53.0
endloop
endfacet
facet normal -0.0 -0.0 1.0
outer loop
vertex 18.193 -13.493 53.0
vertex 23.988 -16.028 53.0
vertex 18.833 -12.584 53.0
endloop
endfacet
facet normal -0.5780273783815747 0.40697197157778414 0.7072893072791466
outer loop
vertex 18.193 -13.493 53.0
vertex 18.833 -12.584 53.0
vertex 17.389 -12.897 52.0
endloop
endfacet
facet normal -0.5780157570355156 0.4070720866579249 0.7072411900353532
outer loop
vertex 17.389 -12.897 52.0
vertex 18.833 -12.584 53.0
vertex 18.001 -12.028 52.0
endloop
endfacet
facet normal -0.817593162822898 0.5757963356129059 0.0
outer loop
vertex 17.389 -12.897 52.0
vertex 18.001 -12.028 52.0
vertex 17.389 -12.897 0.0
endloop
endfacet
facet normal -0.817593162822898 0.5757963356129059 0.0
outer loop
vertex 17.389 -12.897 0.0
vertex 18.001 -12.028 52.0
vertex 18.001 -12.028 0.0
endloop
endfacet
facet normal 0.0 0.0 -0.9999999999999999
outer loop
vertex 18.001 -12.028 0.0
vertex 18.57 -11.13 0.0
vertex 29.101 -19.445 0.0
endloop
endfacet
facet normal 0.0 0.0 -1.0
outer loop
vertex 29.101 -19.445 0.0
vertex 18.57 -11.13 0.0
vertex 30.021 -17.994 0.0
endloop
endfacet
facet normal 0.8445470993869619 -0.535481275972437 0.0
outer loop
vertex 29.101 -19.445 0.0
vertex 30.021 -17.994 0.0
vertex 29.101 -19.445 3.0
endloop
endfacet
facet normal 0.8445470993869619 -0.535481275972437 0.0
outer loop
vertex 29.101 -19.445 3.0
vertex 30.021 -17.994 0.0
vertex 30.021 -17.994 3.0
endloop
endfacet
facet normal 0.0 -0.0 1.0
outer loop
vertex 29.101 -19.445 3.0
vertex 30.021 -17.994 3.0
vertex 24.819 -16.584 3.0
endloop
endfacet
facet normal -0.0 -0.0 1.0
outer loop
vertex 24.819 -16.584 3.0
vertex 30.021 -17.994 3.0
vertex 25.603 -15.346 3.0
endloop
endfacet
facet normal 0.8448396396193176 -0.5350196102274212 0.0
outer loop
vertex 24.819 -16.584 3.0
vertex 25.603 -15.346 3.0
vertex 24.819 -16.584 52.0
endloop
endfacet
facet normal 0.8448396396193176 -0.5350196102274212 0.0
outer loop
vertex 24.819 -16.584 52.0
vertex 25.603 -15.346 3.0
vertex 25.603 -15.346 52.0
endloop
endfacet
facet normal 0.597531451883317 -0.37840440894711 0.7069414878896297
outer loop
vertex 24.819 -16.584 52.0
vertex 25.603 -15.346 52.0
vertex 23.988 -16.028 53.0
endloop
endfacet
facet normal 0.5975189779193303 -0.37819554037201897 0.7070637908060031
outer loop
vertex 23.988 -16.028 53.0
vertex 25.603 -15.346 52.0
vertex 24.745 -14.832 53.0
endloop
endfacet
facet normal 0.0 -0.0 1.0
outer loop
vertex 23.988 -16.028 53.0
vertex 24.745 -14.832 53.0
vertex 18.833 -12.584 53.0
endloop
endfacet
facet normal -0.0 -0.0 1.0
outer loop
vertex 18.833 -12.584 53.0
vertex 24.745 -14.832 53.0
vertex 19.428 -11.644 53.0
endloop
endfacet
facet normal -0.5973618745343134 0.37811735675310437 0.7072383299672728
outer loop
vertex 18.833 -12.584 53.0
vertex 19.428 -11.644 53.0
vertex 18.001 -12.028 52.0
endloop
endfacet
facet normal -0.5973370535125574 0.37849085016552864 0.7070594888988561
outer loop
vertex 18.001 -12.028 52.0
vertex 19.428 -11.644 53.0
vertex 18.57 -11.13 52.0
endloop
endfacet
facet normal -0.8447056710703107 0.535231098929851 0.0
outer loop
vertex 18.001 -12.028 52.0
vertex 18.57 -11.13 52.0
vertex 18.001 -12.028 0.0
endloop
endfacet
facet normal -0.8447056710703107 0.535231098929851 0.0
outer loop
vertex 18.001 -12.028 0.0
vertex 18.57 -11.13 52.0
vertex 18.57 -11.13 0.0
endloop
endfacet
facet normal 0.0 0.0 -1.0
outer loop
vertex 18.57 -11.13 0.0
vertex 19.094 -10.206 0.0
vertex 30.021 -17.994 0.0
endloop
endfacet
facet normal 0.0 0.0 -0.9999999999999999
outer loop
vertex 30.021 -17.994 0.0
vertex 19.094 -10.206 0.0
vertex 30.867 -16.499 0.0
endloop
endfacet
facet normal 0.8703133534670595 -0.4924983926643023 0.0
outer loop
vertex 30.021 -17.994 0.0
vertex 30.867 -16.499 0.0
vertex 30.021 -17.994 3.0
endloop
endfacet
facet normal 0.8703133534670595 -0.4924983926643023 0.0
outer loop
vertex 30.021 -17.994 3.0
vertex 30.867 -16.499 0.0
vertex 30.867 -16.499 3.0
endloop
endfacet
facet normal 0.0 -0.0 1.0
outer loop
vertex 30.021 -17.994 3.0
vertex 30.867 -16.499 3.0
vertex 25.603 -15.346 3.0
endloop
endfacet
facet normal -0.0 -0.0 0.9999999999999999
outer loop
vertex 25.603 -15.346 3.0
vertex 30.867 -16.499 3.0
vertex 26.325 -14.071 3.0
endloop
endfacet
facet normal 0.8701685173149728 -0.49275425058933975 0.0
outer loop
vertex 25.603 -15.346 3.0
vertex 26.325 -14.071 3.0
vertex 25.603 -15.346 52.0
endloop
endfacet
facet normal 0.8701685173149728 -0.49275425058933975 0.0
outer loop
vertex 25.603 -15.346 52.0
vertex 26.325 -14.071 3.0
vertex 26.325 -14.071 52.0
endloop
endfacet
facet normal 0.6153388947105999 -0.3484507309655307 0.7070644473779775
outer loop
vertex 25.603 -15.346 52.0
vertex 26.325 -14.071 52.0
vertex 24.745 -14.832 53.0
endloop
endfacet
facet normal 0.6153592672199867 -0.3486369874347001 0.7069548947697707
outer loop
vertex 24.745 -14.832 53.0
vertex 26.325 -14.071 52.0
vertex 25.443 -13.6 53.0
endloop
endfacet
facet normal 0.0 -0.0 1.0
outer loop
vertex 24.745 -14.832 53.0
vertex 25.443 -13.6 53.0
vertex 19.428 -11.644 53.0
endloop
endfacet
facet normal -0.0 -0.0 1.0
outer loop
vertex 19.428 -11.644 53.0
vertex 25.443 -13.6 53.0
vertex 19.976 -10.677 53.0
endloop
endfacet
facet normal -0.6152239033495192 0.34864808586921947 0.7070672252106662
outer loop
vertex 19.428 -11.644 53.0
vertex 19.976 -10.677 53.0
vertex 18.57 -11.13 52.0
endloop
endfacet
facet normal -0.615219606282896 0.3488907723941965 0.7069512465391794
outer loop
vertex 18.57 -11.13 52.0
vertex 19.976 -10.677 53.0
vertex 19.094 -10.206 52.0
endloop
endfacet
facet normal -0.869860619266849 0.49329758062319157 0.0
outer loop
vertex 18.57 -11.13 52.0
vertex 19.094 -10.206 52.0
vertex 18.57 -11.13 0.0
endloop
endfacet
facet normal -0.869860619266849 0.49329758062319157 0.0
outer loop
vertex 18.57 -11.13 0.0
vertex 19.094 -10.206 52.0
vertex 19.094 -10.206 0.0
endloop
endfacet
facet normal 0.0 0.0 -1.0
outer loop
vertex 19.094 -10.206 0.0
vertex 19.571 -9.257 0.0
vertex 30.867 -16.499 0.0
endloop
endfacet
facet normal 0.0 0.0 -1.0
outer loop
vertex 30.867 -16.499 0.0
vertex 19.571 -9.257 0.0
vertex 31.64 -14.964 0.0
endloop
endfacet
facet normal 0.8931434516822083 -0.4497719141044609 0.0
outer loop
vertex 30.867 -16.499 0.0
vertex 31.64 -14.964 0.0
vertex 30.867 -16.499 3.0
endloop
endfacet
facet normal 0.8931434516822083 -0.4497719141044609 0.0
outer loop
vertex 30.867 -16.499 3.0
vertex 31.64 -14.964 0.0
vertex 31.64 -14.964 3.0
endloop
endfacet
facet normal 0.0 -0.0 1.0
outer loop
vertex 30.867 -16.499 3.0
vertex 31.64 -14.964 3.0
vertex 26.325 -14.071 3.0
endloop
endfacet
facet normal -0.0 -0.0 0.9999999999999999
outer loop
vertex 26.325 -14.071 3.0
vertex 31.64 -14.964 3.0
vertex 26.984 -12.763 3.0
endloop
endfacet
facet normal 0.893057490117864 -0.4499425733850725 0.0
outer loop
vertex 26.325 -14.071 3.0
vertex 26.984 -12.763 3.0
vertex 26.325 -14.071 52.0
endloop
endfacet
facet normal 0.893057490117864 -0.4499425733850725 0.0
outer loop
vertex 26.325 -14.071 52.0
vertex 26.984 -12.763 3.0
vertex 26.984 -12.763 52.0
endloop
endfacet
facet normal 0.6316134251763176 -0.3182211369963264 0.7069651965307807
outer loop
vertex 26.325 -14.071 52.0
vertex 26.984 -12.763 52.0
vertex 25.443 -13.6 53.0
endloop
endfacet
facet normal 0.6315844626477902 -0.3180389744716528 0.7070730353074716
outer loop
vertex 25.443 -13.6 53.0
vertex 26.984 -12.763 52.0
vertex 26.08 -12.335 53.0
endloop
endfacet
facet normal 0.0 -0.0 1.0
outer loop
vertex 25.443 -13.6 53.0
vertex 26.08 -12.335 53.0
vertex 19.976 -10.677 53.0
endloop
endfacet
facet normal -0.0 -0.0 1.0
outer loop
vertex 19.976 -10.677 53.0
vertex 26.08 -12.335 53.0
vertex 20.475 -9.684 53.0
endloop
endfacet
facet normal -0.6319524602125897 0.317567248384777 0.7069562438967326
outer loop
vertex 19.976 -10.677 53.0
vertex 20.475 -9.684 53.0
vertex 19.094 -10.206 52.0
endloop
endfacet
facet normal -0.6319548571409545 0.3176422200803325 0.7069204188297246
outer loop
vertex 19.094 -10.206 52.0
vertex 20.475 -9.684 53.0
vertex 19.571 -9.257 52.0
endloop
endfacet
facet normal -0.8934837086764948 0.4490956048879751 0.0
outer loop
vertex 19.094 -10.206 52.0
vertex 19.571 -9.257 52.0
vertex 19.094 -10.206 0.0
endloop
endfacet
facet normal -0.8934837086764948 0.4490956048879751 0.0
outer loop
vertex 19.094 -10.206 0.0
vertex 19.571 -9.257 52.0
vertex 19.571 -9.257 0.0
endloop
endfacet
facet normal 0.0 0.0 -0.9999999999999999
outer loop
vertex 19.571 -9.257 0.0
vertex 20.002 -8.285 0.0
vertex 31.64 -14.964 0.0
endloop
endfacet
facet normal 0.0 0.0 -1.0
outer loop
vertex 31.64 -14.964 0.0
vertex 20.002 -8.285 0.0
vertex 32.336 -13.394 0.0
endloop
endfacet
facet normal 0.9141953311144401 -0.4052738537934065 0.0
outer loop
vertex 31.64 -14.964 0.0
vertex 32.336 -13.394 0.0
vertex 31.64 -14.964 3.0
endloop
endfacet
facet normal 0.9141953311144401 -0.4052738537934065 0.0
outer loop
vertex 31.64 -14.964 3.0
vertex 32.336 -13.394 0.0
vertex 32.336 -13.394 3.0
endloop
endfacet
facet normal 0.0 -0.0 1.0
outer loop
vertex 31.64 -14.964 3.0
vertex 32.336 -13.394 3.0
vertex 26.984 -12.763 3.0
endloop
endfacet
facet normal -0.0 -0.0 1.0
outer loop
vertex 26.984 -12.763 3.0
vertex 32.336 -13.394 3.0
vertex 27.578 -11.423 3.0
endloop
endfacet
facet normal 0.9142049908735652 -0.4052520631185788 0.0
outer loop
vertex 26.984 -12.763 3.0
vertex 27.578 -11.423 3.0
vertex 26.984 -12.763 52.0
endloop
endfacet
facet normal 0.9142049908735652 -0.4052520631185788 0.0
outer loop
vertex 26.984 -12.763 52.0
vertex 27.578 -11.423 3.0
vertex 27.578 -11.423 52.0
endloop
endfacet
facet normal 0.6464763639319544 -0.2865723583399846 0.7070676023640022
outer loop
vertex 26.984 -12.763 52.0
vertex 27.578 -11.423 52.0
vertex 26.08 -12.335 53.0
endloop
endfacet
facet normal 0.6464703235266861 -0.2865436028604775 0.7070847788342207
outer loop
vertex 26.08 -12.335 53.0
vertex 27.578 -11.423 52.0
vertex 26.654 -11.04 53.0
endloop
endfacet
facet normal 0.0 -0.0 1.0
outer loop
vertex 26.08 -12.335 53.0
vertex 26.654 -11.04 53.0
vertex 20.475 -9.684 53.0
endloop
endfacet
facet normal -0.0 -0.0 1.0
outer loop
vertex 20.475 -9.684 53.0
vertex 26.654 -11.04 53.0
vertex 20.926 -8.668 53.0
endloop
endfacet
facet normal -0.6464562762287666 0.2869604139558777 0.7069285704699645
outer loop
vertex 20.475 -9.684 53.0
vertex 20.926 -8.668 53.0
vertex 19.571 -9.257 52.0
endloop
endfacet
facet normal -0.6464301662989912 0.28663724452146466 0.7070835383119881
outer loop
vertex 19.571 -9.257 52.0
vertex 20.926 -8.668 53.0
vertex 20.002 -8.285 52.0
endloop
endfacet
facet normal -0.9141602604919618 0.40535295501237995 0.0
outer loop
vertex 19.571 -9.257 52.0
vertex 20.002 -8.285 52.0
vertex 19.571 -9.257 0.0
endloop
endfacet
facet normal -0.9141602604919618 0.40535295501237995 0.0
outer loop
vertex 19.571 -9.257 0.0
vertex 20.002 -8.285 52.0
vertex 20.002 -8.285 0.0
endloop
endfacet
facet normal 0.0 0.0 -1.0
outer loop
vertex 20.002 -8.285 0.0
vertex 20.384 -7.294 0.0
vertex 32.336 -13.394 0.0
endloop
endfacet
facet normal 0.0 0.0 -1.0
outer loop
vertex 32.336 -13.394 0.0
vertex 20.384 -7.294 0.0
vertex 32.954 -11.791 0.0
endloop
endfacet
facet normal 0.9330602770744716 -0.3597200569133035 0.0
outer loop
vertex 32.336 -13.394 0.0
vertex 32.954 -11.791 0.0
vertex 32.336 -13.394 3.0
endloop
endfacet
facet normal 0.9330602770744716 -0.3597200569133035 0.0
outer loop
vertex 32.336 -13.394 3.0
vertex 32.954 -11.791 0.0
vertex 32.954 -11.791 3.0
endloop
endfacet
facet normal 0.0 -0.0 1.0
outer loop
vertex 32.336 -13.394 3.0
vertex 32.954 -11.791 3.0
vertex 27.578 -11.423 3.0
endloop
endfacet
facet normal -0.0 -0.0 1.0
outer loop
vertex 27.578 -11.423 3.0
vertex 32.954 -11.791 3.0
vertex 28.105 -10.056 3.0
endloop
endfacet
facet normal 0.9330638499517163 -0.359710789264488 0.0
outer loop
vertex 27.578 -11.423 3.0
vertex 28.105 -10.056 3.0
vertex 27.578 -11.423 52.0
endloop
endfacet
facet normal 0.9330638499517163 -0.359710789264488 0.0
outer loop
vertex 27.578 -11.423 52.0
vertex 28.105 -10.056 3.0
vertex 28.105 -10.056 52.0
endloop
endfacet
facet normal 0.6598020913800128 -0.2543640835093396 0.7070785764192088
outer loop
vertex 27.578 -11.423 52.0
vertex 28.105 -10.056 52.0
vertex 26.654 -11.04 53.0
endloop
endfacet
facet normal 0.6599087610210028 -0.2547717396825985 0.7068322203937987
outer loop
vertex 26.654 -11.04 53.0
vertex 28.105 -10.056 52.0
vertex 27.164 -9.719 53.0
endloop
endfacet
facet normal 0.0 -0.0 1.0
outer loop
vertex 26.654 -11.04 53.0
vertex 27.164 -9.719 53.0
vertex 20.926 -8.668 53.0
endloop
endfacet
facet normal -0.0 -0.0 1.0
outer loop
vertex 20.926 -8.668 53.0
vertex 27.164 -9.719 53.0
vertex 21.326 -7.631 53.0
endloop
endfacet
facet normal -0.6597535436110393 0.25448545558767344 0.7070802037866787
outer loop
vertex 20.926 -8.668 53.0
vertex 21.326 -7.631 53.0
vertex 20.002 -8.285 52.0
endloop
endfacet
facet normal -0.6597301028047542 0.2543056501225196 0.7071667609333678
outer loop
vertex 20.002 -8.285 52.0
vertex 21.326 -7.631 53.0
vertex 20.384 -7.294 52.0
endloop
endfacet
facet normal -0.9330784132097506 0.35967301094462756 0.0
outer loop
vertex 20.002 -8.285 52.0
vertex 20.384 -7.294 52.0
vertex 20.002 -8.285 0.0
endloop
endfacet
facet normal -0.9330784132097506 0.35967301094462756 0.0
outer loop
vertex 20.002 -8.285 0.0
vertex 20.384 -7.294 52.0
vertex 20.384 -7.294 0.0
endloop
endfacet
facet normal 0.0 0.0 -1.0
outer loop
vertex 20.384 -7.294 0.0
vertex 20.718 -6.285 0.0
vertex 32.954 -11.791 0.0
endloop
endfacet
facet normal 0.0 0.0 -1.0
outer loop
vertex 32.954 -11.791 0.0
vertex 20.718 -6.285 0.0
vertex 33.493 -10.16 0.0
endloop
endfacet
facet normal 0.94949516452424 -0.3137816638127325 0.0
outer loop
vertex 32.954 -11.791 0.0
vertex 33.493 -10.16 0.0
vertex 32.954 -11.791 3.0
endloop
endfacet
facet normal 0.94949516452424 -0.3137816638127325 0.0
outer loop
vertex 32.954 -11.791 3.0
vertex 33.493 -10.16 0.0
vertex 33.493 -10.16 3.0
endloop
endfacet
facet normal 0.0 -0.0 1.0
outer loop
vertex 32.954 -11.791 3.0
vertex 33.493 -10.16 3.0
vertex 28.105 -10.056 3.0
endloop
endfacet
facet normal -0.0 -0.0 0.9999999999999999
outer loop
vertex 28.105 -10.056 3.0
vertex 33.493 -10.16 3.0
vertex 28.565 -8.665 3.0
endloop
endfacet
facet normal 0.9494314325852743 -0.3139744493092933 0.0
outer loop
vertex 28.105 -10.056 3.0
vertex 28.565 -8.665 3.0
vertex 28.105 -10.056 52.0
endloop
endfacet
facet normal 0.9494314325852743 -0.3139744493092933 0.0
outer loop
vertex 28.105 -10.056 52.0
vertex 28.565 -8.665 3.0
vertex 28.565 -8.665 52.0
endloop
endfacet
facet normal 0.6716098149341836 -0.2220995793455967 0.7068323940925321
outer loop
vertex 28.105 -10.056 52.0
vertex 28.565 -8.665 52.0
vertex 27.164 -9.719 53.0
endloop
endfacet
facet normal 0.6715295534333117 -0.22184458461636153 0.7069887121744245
outer loop
vertex 27.164 -9.719 53.0
vertex 28.565 -8.665 52.0
vertex 27.608 -8.375 53.0
endloop
endfacet
facet normal 0.0 -0.0 1.0
outer loop
vertex 27.164 -9.719 53.0
vertex 27.608 -8.375 53.0
vertex 21.326 -7.631 53.0
endloop
endfacet
facet normal -0.0 -0.0 1.0
outer loop
vertex 21.326 -7.631 53.0
vertex 27.608 -8.375 53.0
vertex 21.675 -6.575 53.0
endloop
endfacet
facet normal -0.671333569581607 0.2218706588863456 0.7071666345905725
outer loop
vertex 21.326 -7.631 53.0
vertex 21.675 -6.575 53.0
vertex 20.384 -7.294 52.0
endloop
endfacet
facet normal -0.6714017622093044 0.22224795696522054 0.7069833939542187
outer loop
vertex 20.384 -7.294 52.0
vertex 21.675 -6.575 53.0
vertex 20.718 -6.285 52.0
endloop
endfacet
facet normal -0.949339850909622 0.31425124896314527 0.0
outer loop
vertex 20.384 -7.294 52.0
vertex 20.718 -6.285 52.0
vertex 20.384 -7.294 0.0
endloop
endfacet
facet normal -0.949339850909622 0.31425124896314527 0.0
outer loop
vertex 20.384 -7.294 0.0
vertex 20.718 -6.285 52.0
vertex 20.718 -6.285 0.0
endloop
endfacet
facet normal 0.0 0.0 -1.0
outer loop
vertex 20.718 -6.285 0.0
vertex 21.001 -5.261 0.0
vertex 33.493 -10.16 0.0
endloop
endfacet
facet normal 0.0 0.0 -1.0
outer loop
vertex 33.493 -10.16 0.0
vertex 21.001 -5.261 0.0
vertex 33.951 -8.504 0.0
endloop
endfacet
facet normal 0.9638174834783934 -0.2665630479668493 0.0
outer loop
vertex 33.493 -10.16 0.0
vertex 33.951 -8.504 0.0
vertex 33.493 -10.16 3.0
endloop
endfacet
facet normal 0.9638174834783934 -0.2665630479668493 0.0
outer loop
vertex 33.493 -10.16 3.0
vertex 33.951 -8.504 0.0
vertex 33.951 -8.504 3.0
endloop
endfacet
facet normal 0.0 -0.0 1.0
outer loop
vertex 33.493 -10.16 3.0
vertex 33.951 -8.504 3.0
vertex 28.565 -8.665 3.0
endloop
endfacet
facet normal 0.0 -0.0 1.0
outer loop
vertex 28.565 -8.665 3.0
vertex 33.951 -8.504 3.0
vertex 28.955 -7.253 3.0
endloop
endfacet
facet normal 0.9639080863564984 -0.2662352363165947 0.0
outer loop
vertex 28.565 -8.665 3.0
vertex 28.955 -7.253 3.0
vertex 28.565 -8.665 52.0
endloop
endfacet
facet normal 0.9639080863564984 -0.2662352363165947 0.0
outer loop
vertex 28.565 -8.665 52.0
vertex 28.955 -7.253 3.0
vertex 28.955 -7.253 52.0
endloop
endfacet
facet normal 0.6816990093013481 -0.18828796999116423 0.706989463198828
outer loop
vertex 28.565 -8.665 52.0
vertex 28.955 -7.253 52.0
vertex 27.608 -8.375 53.0
endloop
endfacet
facet normal 0.6816952168705965 -0.1882777265642594 0.7069958479195929
outer loop
vertex 27.608 -8.375 53.0
vertex 28.955 -7.253 52.0
vertex 27.985 -7.01 53.0
endloop
endfacet
facet normal 0.0 -0.0 1.0
outer loop
vertex 27.608 -8.375 53.0
vertex 27.985 -7.01 53.0
vertex 21.675 -6.575 53.0
endloop
endfacet
facet normal -0.0 -0.0 1.0
outer loop
vertex 21.675 -6.575 53.0
vertex 27.985 -7.01 53.0
vertex 21.971 -5.504 53.0
endloop
endfacet
facet normal -0.6816673396499394 0.18839732262967462 0.7069908676075982
outer loop
vertex 21.675 -6.575 53.0
vertex 21.971 -5.504 53.0
vertex 20.718 -6.285 52.0
endloop
endfacet
facet normal -0.6816656442539141 0.18839001691783058 0.7069944490373286
outer loop
vertex 20.718 -6.285 52.0
vertex 21.971 -5.504 53.0
vertex 21.001 -5.261 52.0
endloop
endfacet
facet normal -0.9638677018165197 0.26638140587312137 0.0
outer loop
vertex 20.718 -6.285 52.0
vertex 21.001 -5.261 52.0
vertex 20.718 -6.285 0.0
endloop
endfacet
facet normal -0.9638677018165197 0.26638140587312137 0.0
outer loop
vertex 20.718 -6.285 0.0
vertex 21.001 -5.261 52.0
vertex 21.001 -5.261 0.0
endloop
endfacet
facet normal 0.0 0.0 -1.0
outer loop
vertex 21.001 -5.261 0.0
vertex 21.234 -4.224 0.0
vertex 33.951 -8.504 0.0
endloop
endfacet
facet normal 0.0 0.0 -1.0
outer loop
vertex 33.951 -8.504 0.0
vertex 21.234 -4.224 0.0
vertex 34.327 -6.828 0.0
endloop
endfacet
facet normal 0.9757467140187474 -0.21890260409966997 0.0
outer loop
vertex 33.951 -8.504 0.0
vertex 34.327 -6.828 0.0
vertex 33.951 -8.504 3.0
endloop
endfacet
facet normal 0.9757467140187474 -0.21890260409966997 0.0
outer loop
vertex 33.951 -8.504 3.0
vertex 34.327 -6.828 0.0
vertex 34.327 -6.828 3.0
endloop
endfacet
facet normal 0.0 -0.0 1.0
outer loop
vertex 33.951 -8.504 3.0
vertex 34.327 -6.828 3.0
vertex 28.955 -7.253 3.0
endloop
endfacet
facet normal 0.0 -0.0 1.0
outer loop
vertex 28.955 -7.253 3.0
vertex 34.327 -6.828 3.0
vertex 29.276 -5.823 3.0
endloop
endfacet
facet normal 0.9757192280275095 -0.21902508545233013 0.0
outer loop
vertex 28.955 -7.253 3.0
vertex 29.276 -5.823 3.0
vertex 28.955 -7.253 52.0
endloop
endfacet
facet normal 0.9757192280275095 -0.21902508545233013 0.0
outer loop
vertex 28.955 -7.253 52.0
vertex 29.276 -5.823 3.0
vertex 29.276 -5.823 52.0
endloop
endfacet
facet normal 0.6900512740627368 -0.1548996216602375 0.7069903439042918
outer loop
vertex 28.955 -7.253 52.0
vertex 29.276 -5.823 52.0
vertex 27.985 -7.01 53.0
endloop
endfacet
facet normal 0.6902339074458781 -0.15532760145851526 0.7067181115813713
outer loop
vertex 27.985 -7.01 53.0
vertex 29.276 -5.823 52.0
vertex 28.296 -5.628 53.0
endloop
endfacet
facet normal 0.0 -0.0 1.0
outer loop
vertex 27.985 -7.01 53.0
vertex 28.296 -5.628 53.0
vertex 21.971 -5.504 53.0
endloop
endfacet
facet normal -0.0 -0.0 0.9999999999999999
outer loop
vertex 21.971 -5.504 53.0
vertex 28.296 -5.628 53.0
vertex 22.215 -4.419 53.0
endloop
endfacet
facet normal -0.6899875862783317 0.15516771525521916 0.7069937134969992
outer loop
vertex 21.971 -5.504 53.0
vertex 22.215 -4.419 53.0
vertex 21.001 -5.261 52.0
endloop
endfacet
facet normal -0.6899460500479604 0.15502162937432512 0.7070662928250411
outer loop
vertex 21.001 -5.261 52.0
vertex 22.215 -4.419 53.0
vertex 21.234 -4.224 52.0
endloop
endfacet
facet normal -0.9756751981107433 0.2192211390162042 0.0
outer loop
vertex 21.001 -5.261 52.0
vertex 21.234 -4.224 52.0
vertex 21.001 -5.261 0.0
endloop
endfacet
facet normal -0.9756751981107433 0.2192211390162042 0.0
outer loop
vertex 21.001 -5.261 0.0
vertex 21.234 -4.224 52.0
vertex 21.234 -4.224 0.0
endloop
endfacet
facet normal 0.0 0.0 -1.0
outer loop
vertex 21.234 -4.224 0.0
vertex 21.416 -3.177 0.0
vertex 34.327 -6.828 0.0
endloop
endfacet
facet normal 0.0 0.0 -0.9999999999999999
outer loop
vertex 34.327 -6.828 0.0
vertex 21.416 -3.177 0.0
vertex 34.621 -5.136 0.0
endloop
endfacet
facet normal 0.985237385985719 -0.17119373018901024 0.0
outer loop
vertex 34.327 -6.828 0.0
vertex 34.621 -5.136 0.0
vertex 34.327 -6.828 3.0
endloop
endfacet
facet normal 0.985237385985719 -0.17119373018901024 0.0
outer loop
vertex 34.327 -6.828 3.0
vertex 34.621 -5.136 0.0
vertex 34.621 -5.136 3.0
endloop
endfacet
facet normal 0.0 -0.0 1.0
outer loop
vertex 34.327 -6.828 3.0
vertex 34.621 -5.136 3.0
vertex 29.276 -5.823 3.0
endloop
endfacet
facet normal 0.0 -0.0 1.0
outer loop
vertex 29.276 -5.823 3.0
vertex 34.621 -5.136 3.0
vertex 29.527 -4.38 3.0
endloop
endfacet
facet normal 0.9852067433968302 -0.17136998793666355 0.0
outer loop
vertex 29.276 -5.823 3.0
vertex 29.527 -4.38 3.0
vertex 29.276 -5.823 52.0
endloop
endfacet
facet normal 0.9852067433968302 -0.17136998793666355 0.0
outer loop
vertex 29.276 -5.823 52.0
vertex 29.527 -4.38 3.0
vertex 29.527 -4.38 52.0
endloop
endfacet
facet normal 0.6970227446572304 -0.12124234851626169 0.7067245477247572
outer loop
vertex 29.276 -5.823 52.0
vertex 29.527 -4.38 52.0
vertex 28.296 -5.628 53.0
endloop
endfacet
facet normal 0.6968503050778132 -0.12088729306726263 0.7069553838028454
outer loop
vertex 28.296 -5.628 53.0
vertex 29.527 -4.38 52.0
vertex 28.538 -4.233 53.0
endloop
endfacet
facet normal 0.0 -0.0 1.0
outer loop
vertex 28.296 -5.628 53.0
vertex 28.538 -4.233 53.0
vertex 22.215 -4.419 53.0
endloop
endfacet
facet normal 0.0 -0.0 1.0
outer loop
vertex 22.215 -4.419 53.0
vertex 28.538 -4.233 53.0
vertex 22.405 -3.323 53.0
endloop
endfacet
facet normal -0.6967530463547986 0.12078748066369768 0.7070682972034771
outer loop
vertex 22.215 -4.419 53.0
vertex 22.405 -3.323 53.0
vertex 21.234 -4.224 52.0
endloop
endfacet
facet normal -0.6968713902262703 0.12113714710714442 0.7068918284114248
outer loop
vertex 21.234 -4.224 52.0
vertex 22.405 -3.323 53.0
vertex 21.416 -3.177 52.0
endloop
endfacet
facet normal -0.9852255644421767 0.17126175045699593 0.0
outer loop
vertex 21.234 -4.224 52.0
vertex 21.416 -3.177 52.0
vertex 21.234 -4.224 0.0
endloop
endfacet
facet normal -0.9852255644421767 0.17126175045699593 0.0
outer loop
vertex 21.234 -4.224 0.0
vertex 21.416 -3.177 52.0
vertex 21.416 -3.177 0.0
endloop
endfacet
facet normal 0.0 0.0 -1.0
outer loop
vertex 21.416 -3.177 0.0
vertex 21.546 -2.122 0.0
vertex 34.621 -5.136 0.0
endloop
endfacet
facet normal 0.0 0.0 -1.0
outer loop
vertex 34.621 -5.136 0.0
vertex 21.546 -2.122 0.0
vertex 34.831 -3.431 0.0
endloop
endfacet
facet normal 0.992500149235439 -0.12224342014043581 0.0
outer loop
vertex 34.621 -5.136 0.0
vertex 34.831 -3.431 0.0
vertex 34.621 -5.136 3.0
endloop
endfacet
facet normal 0.992500149235439 -0.12224342014043581 0.0
outer loop
vertex 34.621 -5.136 3.0
vertex 34.831 -3.431 0.0
vertex 34.831 -3.431 3.0
endloop
endfacet
facet normal 0.0 -0.0 1.0
outer loop
vertex 34.621 -5.136 3.0
vertex 34.831 -3.431 3.0
vertex 29.527 -4.38 3.0
endloop
endfacet
facet normal 0.0 -0.0 1.0
outer loop
vertex 29.527 -4.38 3.0
vertex 34.831 -3.431 3.0
vertex 29.706 -2.926 3.0
endloop
endfacet
facet normal 0.9925071907706707 -0.12218623600271568 0.0
outer loop
vertex 29.527 -4.38 3.0
vertex 29.706 -2.926 3.0
vertex 29.527 -4.38 52.0
endloop
endfacet
facet normal 0.9925071907706707 -0.12218623600271568 0.0
outer loop
vertex 29.527 -4.38 52.0
vertex 29.706 -2.926 3.0
vertex 29.706 -2.926 52.0
endloop
endfacet
facet normal 0.701966142758708 -0.08641811523645646 0.7069479781281219
outer loop
vertex 29.527 -4.38 52.0
vertex 29.706 -2.926 52.0
vertex 28.538 -4.233 53.0
endloop
endfacet
facet normal 0.7019756379639911 -0.08643543442545855 0.7069364323478668
outer loop
vertex 28.538 -4.233 53.0
vertex 29.706 -2.926 52.0
vertex 28.711 -2.828 53.0
endloop
endfacet
facet normal 0.0 -0.0 1.0
outer loop
vertex 28.538 -4.233 53.0
vertex 28.711 -2.828 53.0
vertex 22.405 -3.323 53.0
endloop
endfacet
facet normal 0.0 -0.0 1.0
outer loop
vertex 22.405 -3.323 53.0
vertex 28.711 -2.828 53.0
vertex 22.541 -2.22 53.0
endloop
endfacet
facet normal -0.7019911342345905 0.08655557049492638 0.7069063450502698
outer loop
vertex 22.405 -3.323 53.0
vertex 22.541 -2.22 53.0
vertex 21.416 -3.177 52.0
endloop
endfacet
facet normal -0.7019686481824489 0.08649850641110676 0.7069356585698258
outer loop
vertex 21.416 -3.177 52.0
vertex 22.541 -2.22 53.0
vertex 21.546 -2.122 52.0
endloop
endfacet
facet normal -0.9924934534208788 0.12229777151157653 0.0
outer loop
vertex 21.416 -3.177 52.0
vertex 21.546 -2.122 52.0
vertex 21.416 -3.177 0.0
endloop
endfacet
facet normal -0.9924934534208788 0.12229777151157653 0.0
outer loop
vertex 21.416 -3.177 0.0
vertex 21.546 -2.122 52.0
vertex 21.546 -2.122 0.0
endloop
endfacet
facet normal 0.0 0.0 -1.0
outer loop
vertex 21.546 -2.122 0.0
vertex 21.624 -1.062 0.0
vertex 34.831 -3.431 0.0
endloop
endfacet
facet normal 0.0 0.0 -0.9999999999999999
outer loop
vertex 34.831 -3.431 0.0
vertex 21.624 -1.062 0.0
vertex 34.958 -1.717 0.0
endloop
endfacet
facet normal 0.9972661666805244 -0.07389311736780745 0.0
outer loop
vertex 34.831 -3.431 0.0
vertex 34.958 -1.717 0.0
vertex 34.831 -3.431 3.0
endloop
endfacet
facet normal 0.9972661666805244 -0.07389311736780745 0.0
outer loop
vertex 34.831 -3.431 3.0
vertex 34.958 -1.717 0.0
vertex 34.958 -1.717 3.0
endloop
endfacet
facet normal 0.0 -0.0 1.0
outer loop
vertex 34.831 -3.431 3.0
vertex 34.958 -1.717 3.0
vertex 29.706 -2.926 3.0
endloop
endfacet
facet normal 0.0 -0.0 1.0
outer loop
vertex 29.706 -2.926 3.0
vertex 34.958 -1.717 3.0
vertex 29.814 -1.465 3.0
endloop
endfacet
facet normal 0.9972789179472297 -0.07372082350328635 0.0
outer loop
vertex 29.706 -2.926 3.0
vertex 29.814 -1.465 3.0
vertex 29.706 -2.926 52.0
endloop
endfacet
facet normal 0.9972789179472297 -0.07372082350328635 0.0
outer loop
vertex 29.706 -2.926 52.0
vertex 29.814 -1.465 3.0
vertex 29.814 -1.465 52.0
endloop
endfacet
facet normal 0.7053529499320089 -0.052141080487787365 0.7069360110701527
outer loop
vertex 29.706 -2.926 52.0
vertex 29.814 -1.465 52.0
vertex 28.711 -2.828 53.0
endloop
endfacet
facet normal 0.7052316114301136 -0.051943404807885105 0.707071606654269
outer loop
vertex 28.711 -2.828 53.0
vertex 29.814 -1.465 52.0
vertex 28.815 -1.416 53.0
endloop
endfacet
facet normal 0.0 -0.0 1.0
outer loop
vertex 28.711 -2.828 53.0
vertex 28.815 -1.416 53.0
vertex 22.541 -2.22 53.0
endloop
endfacet
facet normal 0.0 -0.0 1.0
outer loop
vertex 22.541 -2.22 53.0
vertex 28.815 -1.416 53.0
vertex 22.623 -1.111 53.0
endloop
endfacet
facet normal -0.7053518313492069 0.0521540578635126 0.7069361698630857
outer loop
vertex 22.541 -2.22 53.0
vertex 22.623 -1.111 53.0
vertex 21.546 -2.122 52.0
endloop
endfacet
facet normal -0.7052346030277908 0.051894621732233276 0.7070722048896441
outer loop
vertex 21.546 -2.122 52.0
vertex 22.623 -1.111 53.0
vertex 21.624 -1.062 52.0
endloop
endfacet
facet normal -0.9973035762236192 0.07338648957117143 0.0
outer loop
vertex 21.546 -2.122 52.0
vertex 21.624 -1.062 52.0
vertex 21.546 -2.122 0.0
endloop
endfacet
facet normal -0.9973035762236192 0.07338648957117143 0.0
outer loop
vertex 21.546 -2.122 0.0
vertex 21.624 -1.062 52.0
vertex 21.624 -1.062 0.0
endloop
endfacet
facet normal 0.0 0.0 -1.0
outer loop
vertex 21.624 -1.062 0.0
vertex 21.65 0.0 0.0
vertex 34.958 -1.717 0.0
endloop
endfacet
facet normal 0.0 0.0 -1.0
outer loop
vertex 34.958 -1.717 0.0
vertex 21.65 0.0 0.0
vertex 35.0 0.0 0.0
endloop
endfacet
facet normal 0.9997009573366754 -0.024453954693151987 0.0
outer loop
vertex 34.958 -1.717 0.0
vertex 35.0 0.0 0.0
vertex 34.958 -1.717 3.0
endloop
endfacet
facet normal 0.9997009573366754 -0.024453954693151987 0.0
outer loop
vertex 34.958 -1.717 3.0
vertex 35.0 0.0 0.0
vertex 35.0 0.0 3.0
endloop
endfacet
facet normal 0.0 -0.0 1.0
outer loop
vertex 34.958 -1.717 3.0
vertex 35.0 0.0 3.0
vertex 29.814 -1.465 3.0
endloop
endfacet
facet normal 0.0 -0.0 1.0
outer loop
vertex 29.814 -1.465 3.0
vertex 35.0 0.0 3.0
vertex 29.85 0.0 3.0
endloop
endfacet
facet normal 0.9996982111959187 -0.024565962868979135 0.0
outer loop
vertex 29.814 -1.465 3.0
vertex 29.85 0.0 3.0
vertex 29.814 -1.465 52.0
endloop
endfacet
facet normal 0.9996982111959187 -0.024565962868979135 0.0
outer loop
vertex 29.814 -1.465 52.0
vertex 29.85 0.0 3.0
vertex 29.85 0.0 52.0
endloop
endfacet
facet normal 0.7069279362440037 -0.0173716079896144 0.7070722170992499
outer loop
vertex 29.814 -1.465 52.0
vertex 29.85 0.0 52.0
vertex 28.815 -1.416 53.0
endloop
endfacet
facet normal 0.7069988032295095 -0.017475252904684276 0.7069988032295095
outer loop
vertex 28.815 -1.416 53.0
vertex 29.85 0.0 52.0
vertex 28.85 0.0 53.0
endloop
endfacet
facet normal 0.0 -0.0 1.0
outer loop
vertex 28.815 -1.416 53.0
vertex 28.85 0.0 53.0
vertex 22.623 -1.111 53.0
endloop
endfacet
facet normal 0.0 -0.0 1.0
outer loop
vertex 22.623 -1.111 53.0
vertex 28.85 0.0 53.0
vertex 22.65 0.0 53.0
endloop
endfacet
facet normal -0.7069349669074385 0.01718023771962111 0.7070698635887941
outer loop
vertex 22.623 -1.111 53.0
vertex 22.65 0.0 53.0
vertex 21.624 -1.062 52.0
endloop
endfacet
facet normal -0.70700084969863 0.017308872026519997 0.70700084969863
outer loop
vertex 21.624 -1.062 52.0
vertex 22.65 0.0 53.0
vertex 21.65 0.0 52.0
endloop
endfacet
facet normal -0.9997004478149234 0.024474775558557257 0.0
outer loop
vertex 21.624 -1.062 52.0
vertex 21.65 0.0 52.0
vertex 21.624 -1.062 0.0
endloop
endfacet
facet normal -0.9997004478149234 0.024474775558557257 0.0
outer loop
vertex 21.624 -1.062 0.0
vertex 21.65 0.0 52.0
vertex 21.65 0.0 0.0
endloop
endfacet

endsolid
