solid 
facet normal 0.0 0.0 -1.0
outer loop
vertex 26.3 0.0 0.0
vertex 26.268 1.29 0.0
vertex 35.0 0.0 0.0
endloop
endfacet
facet normal 0.0 0.0 -1.0
outer loop
vertex 35.0 0.0 0.0
vertex 26.268 1.29 0.0
vertex 34.958 1.717 0.0
endloop
endfacet
facet normal 0.9997009573366754 0.024453954693151987 0.0
outer loop
vertex 35.0 0.0 0.0
vertex 34.958 1.717 0.0
vertex 35.0 0.0 3.0
endloop
endfacet
facet normal 0.9997009573366754 0.024453954693151987 -0.0
outer loop
vertex 35.0 0.0 3.0
vertex 34.958 1.717 0.0
vertex 34.958 1.717 3.0
endloop
endfacet
facet normal 0.0 0.0 1.0
outer loop
vertex 35.0 0.0 3.0
vertex 34.958 1.717 3.0
vertex 29.8 0.0 3.0
endloop
endfacet
facet normal 0.0 -0.0 1.0
outer loop
vertex 29.8 0.0 3.0
vertex 34.958 1.717 3.0
vertex 29.764 1.462 3.0
endloop
endfacet
facet normal 0.9996969719573374 0.024616341306747953 0.0
outer loop
vertex 29.8 0.0 3.0
vertex 29.764 1.462 3.0
vertex 29.8 0.0 52.0
endloop
endfacet
facet normal 0.9996969719573374 0.024616341306747953 -0.0
outer loop
vertex 29.8 0.0 52.0
vertex 29.764 1.462 3.0
vertex 29.764 1.462 52.0
endloop
endfacet
facet normal 0.706999620241886 0.017409019376681847 0.706999620241886
outer loop
vertex 29.8 0.0 52.0
vertex 29.764 1.462 52.0
vertex 28.8 0.0 53.0
endloop
endfacet
facet normal 0.7069228182910543 0.01751047320607714 0.7070739086598602
outer loop
vertex 28.8 0.0 53.0
vertex 29.764 1.462 52.0
vertex 28.765 1.413 53.0
endloop
endfacet
facet normal 0.0 0.0 1.0
outer loop
vertex 28.8 0.0 53.0
vertex 28.765 1.413 53.0
vertex 25.3 0.0 53.0
endloop
endfacet
facet normal 0.0 -0.0 1.0
outer loop
vertex 25.3 0.0 53.0
vertex 28.765 1.413 53.0
vertex 25.27 1.241 53.0
endloop
endfacet
facet normal -0.9997079355786394 -0.0241669928020631 0.0
outer loop
vertex 25.3 0.0 53.0
vertex 25.27 1.241 53.0
vertex 25.3 0.0 1.0
endloop
endfacet
facet normal -0.9997079355786394 -0.0241669928020631 -0.0
outer loop
vertex 25.3 0.0 1.0
vertex 25.27 1.241 53.0
vertex 25.27 1.241 1.0
endloop
endfacet
facet normal -0.9972396126634278 -0.024107323432638165 -0.07022814173684713
outer loop
vertex 25.3 0.0 1.0
vertex 25.27 1.241 1.0
vertex 25.31 0.0 0.858
endloop
endfacet
facet normal -0.9972281848181827 -0.024087637314446915 -0.07039696820773118
outer loop
vertex 25.31 0.0 0.858
vertex 25.27 1.241 1.0
vertex 25.28 1.242 0.858
endloop
endfacet
facet normal -0.976079475909417 -0.023576798935008175 -0.21613188395138735
outer loop
vertex 25.31 0.0 0.858
vertex 25.28 1.242 0.858
vertex 25.341 0.0 0.718
endloop
endfacet
facet normal -0.9774761359328573 -0.024377924548608907 -0.20963330001808544
outer loop
vertex 25.341 0.0 0.718
vertex 25.28 1.242 0.858
vertex 25.31 1.243 0.718
endloop
endfacet
facet normal -0.9380862796827535 -0.02339555484325629 -0.34561073461995817
outer loop
vertex 25.341 0.0 0.718
vertex 25.31 1.243 0.718
vertex 25.39 0.0 0.585
endloop
endfacet
facet normal -0.9356346114931609 -0.02252731809373667 -0.35225047014240535
outer loop
vertex 25.39 0.0 0.585
vertex 25.31 1.243 0.718
vertex 25.36 1.246 0.585
endloop
endfacet
facet normal -0.8769007560353655 -0.021113180321879584 -0.48020755687650335
outer loop
vertex 25.39 0.0 0.585
vertex 25.36 1.246 0.585
vertex 25.459 0.0 0.459
endloop
endfacet
facet normal -0.8795950921520453 -0.021831423424109174 -0.47522190902073536
outer loop
vertex 25.459 0.0 0.459
vertex 25.36 1.246 0.585
vertex 25.428 1.249 0.459
endloop
endfacet
facet normal -0.8015259383084835 -0.01989375827667096 -0.5976289890896647
outer loop
vertex 25.459 0.0 0.459
vertex 25.428 1.249 0.459
vertex 25.544 0.0 0.345
endloop
endfacet
facet normal -0.8011936641495033 -0.019822029998909533 -0.598076750637755
outer loop
vertex 25.544 0.0 0.345
vertex 25.428 1.249 0.459
vertex 25.513 1.253 0.345
endloop
endfacet
facet normal -0.706998601284498 -0.01749158550663894 -0.7069986012844918
outer loop
vertex 25.544 0.0 0.345
vertex 25.513 1.253 0.345
vertex 25.645 0.0 0.244
endloop
endfacet
facet normal -0.7065684819152858 -0.017411464975654226 -0.7074304356269456
outer loop
vertex 25.645 0.0 0.244
vertex 25.513 1.253 0.345
vertex 25.614 1.258 0.244
endloop
endfacet
facet normal -0.5976824477998924 -0.01472826381700791 -0.8015976358728022
outer loop
vertex 25.645 0.0 0.244
vertex 25.614 1.258 0.244
vertex 25.759 0.0 0.159
endloop
endfacet
facet normal -0.5971876279344737 -0.014646215558518961 -0.8019678456221361
outer loop
vertex 25.759 0.0 0.159
vertex 25.614 1.258 0.244
vertex 25.728 1.264 0.159
endloop
endfacet
facet normal -0.4802813008338048 -0.01177905089070204 -0.8770354189139129
outer loop
vertex 25.759 0.0 0.159
vertex 25.728 1.264 0.159
vertex 25.885 0.0 0.09
endloop
endfacet
facet normal -0.48277913097369274 -0.012164513536345022 -0.8756576587381111
outer loop
vertex 25.885 0.0 0.09
vertex 25.728 1.264 0.159
vertex 25.853 1.27 0.09
endloop
endfacet
facet normal -0.3456922441943983 -0.008710355759228941 -0.938307519956218
outer loop
vertex 25.885 0.0 0.09
vertex 25.853 1.27 0.09
vertex 26.018 0.0 0.041
endloop
endfacet
facet normal -0.34303511816693383 -0.008327399109769582 -0.9392856658803351
outer loop
vertex 26.018 0.0 0.041
vertex 25.853 1.27 0.09
vertex 25.987 1.277 0.041
endloop
endfacet
facet normal -0.21618900183790593 -0.005248127687529831 -0.976337427655063
outer loop
vertex 26.018 0.0 0.041
vertex 25.987 1.277 0.041
vertex 26.158 0.0 0.01
endloop
endfacet
facet normal -0.2174476513664485 -0.00542348000290441 -0.9760569167727225
outer loop
vertex 26.158 0.0 0.01
vertex 25.987 1.277 0.041
vertex 26.126 1.283 0.01
endloop
endfacet
facet normal -0.07024844980920852 -0.0017521047497230514 -0.9975279872907572
outer loop
vertex 26.158 0.0 0.01
vertex 26.126 1.283 0.01
vertex 26.3 0.0 0.0
endloop
endfacet
facet normal -0.07016307609991455 -0.0017404794071296658 -0.9975340162037738
outer loop
vertex 26.3 0.0 0.0
vertex 26.126 1.283 0.01
vertex 26.268 1.29 0.0
endloop
endfacet
facet normal 0.0 0.0 -1.0
outer loop
vertex 26.268 1.29 0.0
vertex 26.173 2.578 0.0
vertex 34.958 1.717 0.0
endloop
endfacet
facet normal 0.0 0.0 -1.0
outer loop
vertex 34.958 1.717 0.0
vertex 26.173 2.578 0.0
vertex 34.831 3.431 0.0
endloop
endfacet
facet normal 0.9972661666805244 0.07389311736780745 0.0
outer loop
vertex 34.958 1.717 0.0
vertex 34.831 3.431 0.0
vertex 34.958 1.717 3.0
endloop
endfacet
facet normal 0.9972661666805244 0.07389311736780745 -0.0
outer loop
vertex 34.958 1.717 3.0
vertex 34.831 3.431 0.0
vertex 34.831 3.431 3.0
endloop
endfacet
facet normal 0.0 0.0 1.0
outer loop
vertex 34.958 1.717 3.0
vertex 34.831 3.431 3.0
vertex 29.764 1.462 3.0
endloop
endfacet
facet normal 0.0 -0.0 1.0
outer loop
vertex 29.764 1.462 3.0
vertex 34.831 3.431 3.0
vertex 29.657 2.921 3.0
endloop
endfacet
facet normal 0.9973215755112581 0.07314147263859078 0.0
outer loop
vertex 29.764 1.462 3.0
vertex 29.657 2.921 3.0
vertex 29.764 1.462 52.0
endloop
endfacet
facet normal 0.9973215755112581 0.07314147263859078 -0.0
outer loop
vertex 29.764 1.462 52.0
vertex 29.657 2.921 3.0
vertex 29.657 2.921 52.0
endloop
endfacet
facet normal 0.7052452239834793 0.051721205597143126 0.7070743178337551
outer loop
vertex 29.764 1.462 52.0
vertex 29.657 2.921 52.0
vertex 28.765 1.413 53.0
endloop
endfacet
facet normal 0.7050111603529623 0.052000823174969873 0.7072871963826965
outer loop
vertex 28.765 1.413 53.0
vertex 29.657 2.921 52.0
vertex 28.661 2.823 53.0
endloop
endfacet
facet normal 0.0 0.0 1.0
outer loop
vertex 28.765 1.413 53.0
vertex 28.661 2.823 53.0
vertex 25.27 1.241 53.0
endloop
endfacet
facet normal 0.0 -0.0 1.0
outer loop
vertex 25.27 1.241 53.0
vertex 28.661 2.823 53.0
vertex 25.178 2.48 53.0
endloop
endfacet
facet normal -0.9972545617293866 -0.07404957197667662 0.0
outer loop
vertex 25.27 1.241 53.0
vertex 25.178 2.48 53.0
vertex 25.27 1.241 1.0
endloop
endfacet
facet normal -0.9972545617293866 -0.07404957197667662 -0.0
outer loop
vertex 25.27 1.241 1.0
vertex 25.178 2.48 53.0
vertex 25.178 2.48 1.0
endloop
endfacet
facet normal -0.9947679359268663 -0.07386493148125138 -0.07057425556867224
outer loop
vertex 25.27 1.241 1.0
vertex 25.178 2.48 1.0
vertex 25.28 1.242 0.858
endloop
endfacet
facet normal -0.9947679359268679 -0.07386493148125435 -0.0705742555686475
outer loop
vertex 25.28 1.242 0.858
vertex 25.178 2.48 1.0
vertex 25.188 2.481 0.858
endloop
endfacet
facet normal -0.9751297799697282 -0.07240673103891626 -0.2094735723580601
outer loop
vertex 25.28 1.242 0.858
vertex 25.188 2.481 0.858
vertex 25.31 1.243 0.718
endloop
endfacet
facet normal -0.9749267805367785 -0.07227499098258051 -0.21046163135037294
outer loop
vertex 25.31 1.243 0.718
vertex 25.188 2.481 0.858
vertex 25.218 2.484 0.718
endloop
endfacet
facet normal -0.9332815131500362 -0.0691876705961339 -0.3524183358593298
outer loop
vertex 25.31 1.243 0.718
vertex 25.218 2.484 0.718
vertex 25.36 1.246 0.585
endloop
endfacet
facet normal -0.9329475518929067 -0.06905162894138879 -0.35332808826581147
outer loop
vertex 25.36 1.246 0.585
vertex 25.218 2.484 0.718
vertex 25.268 2.489 0.585
endloop
endfacet
facet normal -0.8775169445916658 -0.06494896130525515 -0.47512697711230395
outer loop
vertex 25.36 1.246 0.585
vertex 25.268 2.489 0.585
vertex 25.428 1.249 0.459
endloop
endfacet
facet normal -0.8768838525765792 -0.06474583823198017 -0.476322039719027
outer loop
vertex 25.428 1.249 0.459
vertex 25.268 2.489 0.585
vertex 25.336 2.495 0.459
endloop
endfacet
facet normal -0.7992938152878472 -0.05901687881740271 -0.5980354545152391
outer loop
vertex 25.428 1.249 0.459
vertex 25.336 2.495 0.459
vertex 25.513 1.253 0.345
endloop
endfacet
facet normal -0.7980766685253251 -0.058691489611775984 -0.5996907037820989
outer loop
vertex 25.513 1.253 0.345
vertex 25.336 2.495 0.459
vertex 25.421 2.504 0.345
endloop
endfacet
facet normal -0.7048718519818477 -0.05183709862696371 -0.7074380449831763
outer loop
vertex 25.513 1.253 0.345
vertex 25.421 2.504 0.345
vertex 25.614 1.258 0.244
endloop
endfacet
facet normal -0.703611031809993 -0.051538387680351086 -0.7087138424714075
outer loop
vertex 25.614 1.258 0.244
vertex 25.421 2.504 0.345
vertex 25.522 2.514 0.244
endloop
endfacet
facet normal -0.5957009828895498 -0.04363414842821653 -0.8020201992938638
outer loop
vertex 25.614 1.258 0.244
vertex 25.522 2.514 0.244
vertex 25.728 1.264 0.159
endloop
endfacet
facet normal -0.5978019577729318 -0.044088486972944194 -0.8004305245299475
outer loop
vertex 25.728 1.264 0.159
vertex 25.522 2.514 0.244
vertex 25.635 2.525 0.159
endloop
endfacet
facet normal -0.4816500924803611 -0.035522171768971905 -0.8756433998646226
outer loop
vertex 25.728 1.264 0.159
vertex 25.635 2.525 0.159
vertex 25.853 1.27 0.09
endloop
endfacet
facet normal -0.4803654571769433 -0.035259658656239715 -0.8763593920433737
outer loop
vertex 25.853 1.27 0.09
vertex 25.635 2.525 0.159
vertex 25.76 2.537 0.09
endloop
endfacet
facet normal -0.34216490688974727 -0.025115498295774655 -0.9393042043121523
outer loop
vertex 25.853 1.27 0.09
vertex 25.76 2.537 0.09
vertex 25.987 1.277 0.041
endloop
endfacet
facet normal -0.3434108863621979 -0.025357913054238648 -0.938842872568921
outer loop
vertex 25.987 1.277 0.041
vertex 25.76 2.537 0.09
vertex 25.893 2.55 0.041
endloop
endfacet
facet normal -0.21698702763344016 -0.016022608481966117 -0.9760429836109875
outer loop
vertex 25.987 1.277 0.041
vertex 25.893 2.55 0.041
vertex 26.126 1.283 0.01
endloop
endfacet
facet normal -0.21612458187257916 -0.01585925893522459 -0.9762369840445649
outer loop
vertex 26.126 1.283 0.01
vertex 25.893 2.55 0.041
vertex 26.032 2.564 0.01
endloop
endfacet
facet normal -0.06999568060825577 -0.00513629506414998 -0.9975340711821331
outer loop
vertex 26.126 1.283 0.01
vertex 26.032 2.564 0.01
vertex 26.268 1.29 0.0
endloop
endfacet
facet normal -0.07023156681033774 -0.005180123328402372 -0.9975172646855129
outer loop
vertex 26.268 1.29 0.0
vertex 26.032 2.564 0.01
vertex 26.173 2.578 0.0
endloop
endfacet
facet normal 0.0 0.0 -1.0
outer loop
vertex 26.173 2.578 0.0
vertex 26.015 3.859 0.0
vertex 34.831 3.431 0.0
endloop
endfacet
facet normal 0.0 0.0 -1.0
outer loop
vertex 34.831 3.431 0.0
vertex 26.015 3.859 0.0
vertex 34.621 5.136 0.0
endloop
endfacet
facet normal 0.992500149235439 0.12224342014043581 0.0
outer loop
vertex 34.831 3.431 0.0
vertex 34.621 5.136 0.0
vertex 34.831 3.431 3.0
endloop
endfacet
facet normal 0.992500149235439 0.12224342014043581 -0.0
outer loop
vertex 34.831 3.431 3.0
vertex 34.621 5.136 0.0
vertex 34.621 5.136 3.0
endloop
endfacet
facet normal 0.0 0.0 1.0
outer loop
vertex 34.831 3.431 3.0
vertex 34.621 5.136 3.0
vertex 29.657 2.921 3.0
endloop
endfacet
facet normal 0.0 -0.0 1.0
outer loop
vertex 29.657 2.921 3.0
vertex 34.621 5.136 3.0
vertex 29.477 4.373 3.0
endloop
endfacet
facet normal 0.9924035429920359 0.12302523260231826 0.0
outer loop
vertex 29.657 2.921 3.0
vertex 29.477 4.373 3.0
vertex 29.657 2.921 52.0
endloop
endfacet
facet normal 0.9924035429920359 0.12302523260231826 -0.0
outer loop
vertex 29.657 2.921 52.0
vertex 29.477 4.373 3.0
vertex 29.477 4.373 52.0
endloop
endfacet
facet normal 0.7015632299676652 0.08697064834309884 0.7072801005854172
outer loop
vertex 29.657 2.921 52.0
vertex 29.477 4.373 52.0
vertex 28.661 2.823 53.0
endloop
endfacet
facet normal 0.7019475159163572 0.086555181934092 0.7069497049855893
outer loop
vertex 28.661 2.823 53.0
vertex 29.477 4.373 52.0
vertex 28.488 4.226 53.0
endloop
endfacet
facet normal 0.0 0.0 1.0
outer loop
vertex 28.661 2.823 53.0
vertex 28.488 4.226 53.0
vertex 25.178 2.48 53.0
endloop
endfacet
facet normal 0.0 -0.0 1.0
outer loop
vertex 25.178 2.48 53.0
vertex 28.488 4.226 53.0
vertex 25.026 3.712 53.0
endloop
endfacet
facet normal -0.9924749053145437 -0.12244820260374321 0.0
outer loop
vertex 25.178 2.48 53.0
vertex 25.026 3.712 53.0
vertex 25.178 2.48 1.0
endloop
endfacet
facet normal -0.9924749053145437 -0.12244820260374321 -0.0
outer loop
vertex 25.178 2.48 1.0
vertex 25.026 3.712 53.0
vertex 25.026 3.712 1.0
endloop
endfacet
facet normal -0.9899999019429861 -0.12214284504491468 -0.07057846383431547
outer loop
vertex 25.178 2.48 1.0
vertex 25.026 3.712 1.0
vertex 25.188 2.481 0.858
endloop
endfacet
facet normal -0.989951509988616 -0.12203781793857835 -0.0714337375758087
outer loop
vertex 25.188 2.481 0.858
vertex 25.026 3.712 1.0
vertex 25.036 3.714 0.858
endloop
endfacet
facet normal -0.9702545594452666 -0.11960964560882242 -0.21047475514418276
outer loop
vertex 25.188 2.481 0.858
vertex 25.036 3.714 0.858
vertex 25.218 2.484 0.718
endloop
endfacet
facet normal -0.9700915871573905 -0.11949264282651892 -0.211290844185896
outer loop
vertex 25.218 2.484 0.718
vertex 25.036 3.714 0.858
vertex 25.066 3.718 0.718
endloop
endfacet
facet normal -0.9284741158530739 -0.11436634166099528 -0.3533499060222504
outer loop
vertex 25.218 2.484 0.718
vertex 25.066 3.718 0.718
vertex 25.268 2.489 0.585
endloop
endfacet
facet normal -0.9276606908066349 -0.11398902587114748 -0.3556011033631698
outer loop
vertex 25.268 2.489 0.585
vertex 25.066 3.718 0.718
vertex 25.116 3.726 0.585
endloop
endfacet
facet normal -0.8728030066079969 -0.10724822716606017 -0.4761436016852246
outer loop
vertex 25.268 2.489 0.585
vertex 25.116 3.726 0.585
vertex 25.336 2.495 0.459
endloop
endfacet
facet normal -0.8742195904496771 -0.107780497452699 -0.47341680583059964
outer loop
vertex 25.336 2.495 0.459
vertex 25.116 3.726 0.585
vertex 25.183 3.736 0.459
endloop
endfacet
facet normal -0.7941137735854724 -0.09790443783930397 -0.5998316727659608
outer loop
vertex 25.336 2.495 0.459
vertex 25.183 3.736 0.459
vertex 25.421 2.504 0.345
endloop
endfacet
facet normal -0.792916828858357 -0.09752112123418614 -0.6014752974365897
outer loop
vertex 25.421 2.504 0.345
vertex 25.183 3.736 0.459
vertex 25.268 3.748 0.345
endloop
endfacet
facet normal -0.7002036401572888 -0.08611829336339569 -0.7087302038566285
outer loop
vertex 25.421 2.504 0.345
vertex 25.268 3.748 0.345
vertex 25.522 2.514 0.244
endloop
endfacet
facet normal -0.7015005751343172 -0.08649406610943537 -0.707400678268037
outer loop
vertex 25.522 2.514 0.244
vertex 25.268 3.748 0.345
vertex 25.368 3.763 0.244
endloop
endfacet
facet normal -0.5949411868274702 -0.0733554385679987 -0.8004148698323998
outer loop
vertex 25.522 2.514 0.244
vertex 25.368 3.763 0.244
vertex 25.635 2.525 0.159
endloop
endfacet
facet normal -0.5925310432949858 -0.07270898857962373 -0.802259537625751
outer loop
vertex 25.635 2.525 0.159
vertex 25.368 3.763 0.244
vertex 25.481 3.78 0.159
endloop
endfacet
facet normal -0.4781073999337452 -0.05866815903569459 -0.8763397521760359
outer loop
vertex 25.635 2.525 0.159
vertex 25.481 3.78 0.159
vertex 25.76 2.537 0.09
endloop
endfacet
facet normal -0.4817334435147398 -0.05959588991935016 -0.8742889792878279
outer loop
vertex 25.76 2.537 0.09
vertex 25.481 3.78 0.159
vertex 25.604 3.798 0.09
endloop
endfacet
facet normal -0.3417550000530365 -0.0422789690787268 -0.9388375837770817
outer loop
vertex 25.76 2.537 0.09
vertex 25.604 3.798 0.09
vertex 25.893 2.55 0.041
endloop
endfacet
facet normal -0.3398608538587032 -0.04181253407094518 -0.9395458009107375
outer loop
vertex 25.893 2.55 0.041
vertex 25.604 3.798 0.09
vertex 25.737 3.818 0.041
endloop
endfacet
facet normal -0.2150583363249654 -0.026458281125153867 -0.9762427317716842
outer loop
vertex 25.893 2.55 0.041
vertex 25.737 3.818 0.041
vertex 26.032 2.564 0.01
endloop
endfacet
facet normal -0.21543408999147023 -0.02654878503034602 -0.9761574232074249
outer loop
vertex 26.032 2.564 0.01
vertex 25.737 3.818 0.041
vertex 25.875 3.838 0.01
endloop
endfacet
facet normal -0.06989073741529679 -0.008612908770958867 -0.9975174698350147
outer loop
vertex 26.032 2.564 0.01
vertex 25.875 3.838 0.01
vertex 26.173 2.578 0.0
endloop
endfacet
facet normal -0.0699566287368877 -0.008628530320396639 -0.9975127159892646
outer loop
vertex 26.173 2.578 0.0
vertex 25.875 3.838 0.01
vertex 26.015 3.859 0.0
endloop
endfacet
facet normal 0.0 0.0 -0.9999999999999999
outer loop
vertex 26.015 3.859 0.0
vertex 25.795 5.131 0.0
vertex 34.621 5.136 0.0
endloop
endfacet
facet normal -0.0 0.0 -0.9999999999999999
outer loop
vertex 34.621 5.136 0.0
vertex 25.795 5.131 0.0
vertex 34.327 6.828 0.0
endloop
endfacet
facet normal 0.985237385985719 0.17119373018901024 0.0
outer loop
vertex 34.621 5.136 0.0
vertex 34.327 6.828 0.0
vertex 34.621 5.136 3.0
endloop
endfacet
facet normal 0.985237385985719 0.17119373018901024 -0.0
outer loop
vertex 34.621 5.136 3.0
vertex 34.327 6.828 0.0
vertex 34.327 6.828 3.0
endloop
endfacet
facet normal 0.0 0.0 1.0
outer loop
vertex 34.621 5.136 3.0
vertex 34.327 6.828 3.0
vertex 29.477 4.373 3.0
endloop
endfacet
facet normal 0.0 -0.0 1.0
outer loop
vertex 29.477 4.373 3.0
vertex 34.327 6.828 3.0
vertex 29.227 5.814 3.0
endloop
endfacet
facet normal 0.9852819287472953 0.17093718402971814 0.0
outer loop
vertex 29.477 4.373 3.0
vertex 29.227 5.814 3.0
vertex 29.477 4.373 52.0
endloop
endfacet
facet normal 0.9852819287472953 0.17093718402971814 -0.0
outer loop
vertex 29.477 4.373 52.0
vertex 29.227 5.814 3.0
vertex 29.227 5.814 52.0
endloop
endfacet
facet normal 0.6968487844529012 0.12089673567885172 0.706955267968711
outer loop
vertex 29.477 4.373 52.0
vertex 29.227 5.814 52.0
vertex 28.488 4.226 53.0
endloop
endfacet
facet normal 0.6971403335441929 0.12061078275961973 0.7067166295114352
outer loop
vertex 28.488 4.226 53.0
vertex 29.227 5.814 52.0
vertex 28.247 5.619 53.0
endloop
endfacet
facet normal 0.0 0.0 1.0
outer loop
vertex 28.488 4.226 53.0
vertex 28.247 5.619 53.0
vertex 25.026 3.712 53.0
endloop
endfacet
facet normal 0.0 -0.0 1.0
outer loop
vertex 25.026 3.712 53.0
vertex 28.247 5.619 53.0
vertex 24.814 4.936 53.0
endloop
endfacet
facet normal -0.985329686823767 -0.1706616777832013 0.0
outer loop
vertex 25.026 3.712 53.0
vertex 24.814 4.936 53.0
vertex 25.026 3.712 1.0
endloop
endfacet
facet normal -0.985329686823767 -0.1706616777832013 -0.0
outer loop
vertex 25.026 3.712 1.0
vertex 24.814 4.936 53.0
vertex 24.814 4.936 1.0
endloop
endfacet
facet normal -0.9828001436657976 -0.17022355429505628 -0.07160879257218006
outer loop
vertex 25.026 3.712 1.0
vertex 24.814 4.936 1.0
vertex 25.036 3.714 0.858
endloop
endfacet
facet normal -0.9828001436657976 -0.17022355429505628 -0.07160879257218018
outer loop
vertex 25.036 3.714 0.858
vertex 24.814 4.936 1.0
vertex 24.824 4.938 0.858
endloop
endfacet
facet normal -0.9631145849351211 -0.16681396405739007 -0.21114781003057767
outer loop
vertex 25.036 3.714 0.858
vertex 24.824 4.938 0.858
vertex 25.066 3.718 0.718
endloop
endfacet
facet normal -0.9626736188901427 -0.16646558499568517 -0.21342144340482927
outer loop
vertex 25.066 3.718 0.718
vertex 24.824 4.938 0.858
vertex 24.854 4.944 0.718
endloop
endfacet
facet normal -0.9209021579493388 -0.1592424612440943 -0.35578231268737115
outer loop
vertex 25.066 3.718 0.718
vertex 24.854 4.944 0.718
vertex 25.116 3.726 0.585
endloop
endfacet
facet normal -0.9247662962198592 -0.16128768328528814 -0.34466444637686144
outer loop
vertex 25.116 3.726 0.585
vertex 24.854 4.944 0.718
vertex 24.902 4.953 0.585
endloop
endfacet
facet normal -0.867734951343642 -0.1513408961593628 -0.4734257992191894
outer loop
vertex 25.116 3.726 0.585
vertex 24.902 4.953 0.585
vertex 25.183 3.736 0.459
endloop
endfacet
facet normal -0.8631223190515913 -0.14934610394637685 -0.4824060567520282
outer loop
vertex 25.183 3.736 0.459
vertex 24.902 4.953 0.585
vertex 24.97 4.967 0.459
endloop
endfacet
facet normal -0.7872863398016646 -0.1362242001443992 -0.6013511340778501
outer loop
vertex 25.183 3.736 0.459
vertex 24.97 4.967 0.459
vertex 25.268 3.748 0.345
endloop
endfacet
facet normal -0.7914184525855059 -0.1377773014622541 -0.5955453367367948
outer loop
vertex 25.268 3.748 0.345
vertex 24.97 4.967 0.459
vertex 25.053 4.983 0.345
endloop
endfacet
facet normal -0.6963158276374515 -0.12122097404214739 -0.7074247264789689
outer loop
vertex 25.268 3.748 0.345
vertex 25.053 4.983 0.345
vertex 25.368 3.763 0.244
endloop
endfacet
facet normal -0.6967426834282228 -0.12136808033910838 -0.706979081843331
outer loop
vertex 25.368 3.763 0.244
vertex 25.053 4.983 0.345
vertex 25.152 5.003 0.244
endloop
endfacet
facet normal -0.5880803839137666 -0.10243980881078397 -0.8022889427298915
outer loop
vertex 25.368 3.763 0.244
vertex 25.152 5.003 0.244
vertex 25.481 3.78 0.159
endloop
endfacet
facet normal -0.588490666459048 -0.1025722687723813 -0.8019711124282919
outer loop
vertex 25.481 3.78 0.159
vertex 25.152 5.003 0.244
vertex 25.264 5.025 0.159
endloop
endfacet
facet normal -0.478241938364775 -0.08335622540173271 -0.874263340233295
outer loop
vertex 25.481 3.78 0.159
vertex 25.264 5.025 0.159
vertex 25.604 3.798 0.09
endloop
endfacet
facet normal -0.4748160963130587 -0.08229640007981881 -0.8762288383840893
outer loop
vertex 25.604 3.798 0.09
vertex 25.264 5.025 0.159
vertex 25.387 5.05 0.09
endloop
endfacet
facet normal -0.33736012476895855 -0.058472162200370284 -0.9395579558832367
outer loop
vertex 25.604 3.798 0.09
vertex 25.387 5.05 0.09
vertex 25.737 3.818 0.041
endloop
endfacet
facet normal -0.33941850096251164 -0.05908795843464966 -0.9387777662324488
outer loop
vertex 25.737 3.818 0.041
vertex 25.387 5.05 0.09
vertex 25.518 5.076 0.041
endloop
endfacet
facet normal -0.21388365973794635 -0.03723411882560394 -0.9761492716241625
outer loop
vertex 25.737 3.818 0.041
vertex 25.518 5.076 0.041
vertex 25.875 3.838 0.01
endloop
endfacet
facet normal -0.21357621400854743 -0.037143689392790676 -0.9762200300895628
outer loop
vertex 25.875 3.838 0.01
vertex 25.518 5.076 0.041
vertex 25.655 5.103 0.01
endloop
endfacet
facet normal -0.06943946899036571 -0.012076429389628761 -0.9975130675833441
outer loop
vertex 25.875 3.838 0.01
vertex 25.655 5.103 0.01
vertex 26.015 3.859 0.0
endloop
endfacet
facet normal -0.06887153835670823 -0.011911744055405446 -0.997554420349055
outer loop
vertex 26.015 3.859 0.0
vertex 25.655 5.103 0.01
vertex 25.795 5.131 0.0
endloop
endfacet
facet normal 0.0 0.0 -1.0
outer loop
vertex 25.795 5.131 0.0
vertex 25.512 6.39 0.0
vertex 34.327 6.828 0.0
endloop
endfacet
facet normal -0.0 0.0 -1.0
outer loop
vertex 34.327 6.828 0.0
vertex 25.512 6.39 0.0
vertex 33.951 8.504 0.0
endloop
endfacet
facet normal 0.9757467140187474 0.21890260409966997 0.0
outer loop
vertex 34.327 6.828 0.0
vertex 33.951 8.504 0.0
vertex 34.327 6.828 3.0
endloop
endfacet
facet normal 0.9757467140187474 0.21890260409966997 -0.0
outer loop
vertex 34.327 6.828 3.0
vertex 33.951 8.504 0.0
vertex 33.951 8.504 3.0
endloop
endfacet
facet normal 0.0 0.0 1.0
outer loop
vertex 34.327 6.828 3.0
vertex 33.951 8.504 3.0
vertex 29.227 5.814 3.0
endloop
endfacet
facet normal 0.0 -0.0 1.0
outer loop
vertex 29.227 5.814 3.0
vertex 33.951 8.504 3.0
vertex 28.907 7.241 3.0
endloop
endfacet
facet normal 0.975766927201966 0.2188124854272106 0.0
outer loop
vertex 29.227 5.814 3.0
vertex 28.907 7.241 3.0
vertex 29.227 5.814 52.0
endloop
endfacet
facet normal 0.975766927201966 0.2188124854272106 -0.0
outer loop
vertex 29.227 5.814 52.0
vertex 28.907 7.241 3.0
vertex 28.907 7.241 52.0
endloop
endfacet
facet normal 0.6903440881393611 0.15480736384344485 0.7067246423260459
outer loop
vertex 29.227 5.814 52.0
vertex 28.907 7.241 52.0
vertex 28.247 5.619 53.0
endloop
endfacet
facet normal 0.6900006942282304 0.15511255635297352 0.7069930245951551
outer loop
vertex 28.247 5.619 53.0
vertex 28.907 7.241 52.0
vertex 27.937 6.998 53.0
endloop
endfacet
facet normal 0.0 0.0 1.0
outer loop
vertex 28.247 5.619 53.0
vertex 27.937 6.998 53.0
vertex 24.814 4.936 53.0
endloop
endfacet
facet normal 0.0 -0.0 1.0
outer loop
vertex 24.814 4.936 53.0
vertex 27.937 6.998 53.0
vertex 24.542 6.147 53.0
endloop
endfacet
facet normal -0.9756916471312844 -0.21914791743989084 0.0
outer loop
vertex 24.814 4.936 53.0
vertex 24.542 6.147 53.0
vertex 24.814 4.936 1.0
endloop
endfacet
facet normal -0.9756916471312844 -0.21914791743989084 -0.0
outer loop
vertex 24.814 4.936 1.0
vertex 24.542 6.147 53.0
vertex 24.542 6.147 1.0
endloop
endfacet
facet normal -0.9731865569595517 -0.2185852547423588 -0.07161293013437821
outer loop
vertex 24.814 4.936 1.0
vertex 24.542 6.147 1.0
vertex 24.824 4.938 0.858
endloop
endfacet
facet normal -0.9731167515647242 -0.21838923797492313 -0.07314320584204295
outer loop
vertex 24.824 4.938 0.858
vertex 24.542 6.147 1.0
vertex 24.552 6.15 0.858
endloop
endfacet
facet normal -0.95324668047864 -0.21392994809421773 -0.21343557216373021
outer loop
vertex 24.824 4.938 0.858
vertex 24.552 6.15 0.858
vertex 24.854 4.944 0.718
endloop
endfacet
facet normal -0.9541786576995022 -0.21474919501398498 -0.2083887531313093
outer loop
vertex 24.854 4.944 0.718
vertex 24.552 6.15 0.858
vertex 24.581 6.157 0.718
endloop
endfacet
facet normal -0.9158799155381487 -0.20612961000982216 -0.3444917476385059
outer loop
vertex 24.854 4.944 0.718
vertex 24.581 6.157 0.718
vertex 24.902 4.953 0.585
endloop
endfacet
facet normal -0.9145166356931363 -0.20531500126992278 -0.3485757784098586
outer loop
vertex 24.902 4.953 0.585
vertex 24.581 6.157 0.718
vertex 24.629 6.169 0.585
endloop
endfacet
facet normal -0.8546048237548217 -0.19186440533311364 -0.48253356896817085
outer loop
vertex 24.902 4.953 0.585
vertex 24.629 6.169 0.585
vertex 24.97 4.967 0.459
endloop
endfacet
facet normal -0.8554669574711999 -0.19228707657678956 -0.480834654383937
outer loop
vertex 24.97 4.967 0.459
vertex 24.629 6.169 0.585
vertex 24.696 6.186 0.459
endloop
endfacet
facet normal -0.7838516346912716 -0.17618978499212987 -0.5954273880636063
outer loop
vertex 24.97 4.967 0.459
vertex 24.696 6.186 0.459
vertex 25.053 4.983 0.345
endloop
endfacet
facet normal -0.7804062643486933 -0.17469878793426682 -0.6003718814698233
outer loop
vertex 25.053 4.983 0.345
vertex 24.696 6.186 0.459
vertex 24.779 6.207 0.345
endloop
endfacet
facet normal -0.6901041585736638 -0.15448410085717687 -0.7070296407518464
outer loop
vertex 25.053 4.983 0.345
vertex 24.779 6.207 0.345
vertex 25.152 5.003 0.244
endloop
endfacet
facet normal -0.6904397911355162 -0.15461803140249877 -0.7066725968805928
outer loop
vertex 25.152 5.003 0.244
vertex 24.779 6.207 0.345
vertex 24.877 6.231 0.244
endloop
endfacet
facet normal -0.5829691805385664 -0.13055091583722073 -0.8019372749263219
outer loop
vertex 25.152 5.003 0.244
vertex 24.877 6.231 0.244
vertex 25.264 5.025 0.159
endloop
endfacet
facet normal -0.5850073004393668 -0.1313184945070545 -0.8003261281709131
outer loop
vertex 25.264 5.025 0.159
vertex 24.877 6.231 0.244
vertex 24.987 6.259 0.159
endloop
endfacet
facet normal -0.4701182076483988 -0.10552896557423577 -0.8762719373928901
outer loop
vertex 25.264 5.025 0.159
vertex 24.987 6.259 0.159
vertex 25.387 5.05 0.09
endloop
endfacet
facet normal -0.46978557264350035 -0.10540790088369048 -0.8764648824495551
outer loop
vertex 25.387 5.05 0.09
vertex 24.987 6.259 0.159
vertex 25.109 6.289 0.09
endloop
endfacet
facet normal -0.33617403174048804 -0.07542887879245783 -0.9387744695226101
outer loop
vertex 25.387 5.05 0.09
vertex 25.109 6.289 0.09
vertex 25.518 5.076 0.041
endloop
endfacet
facet normal -0.3349791164260808 -0.07500736234580778 -0.939235267200038
outer loop
vertex 25.518 5.076 0.041
vertex 25.109 6.289 0.09
vertex 25.239 6.322 0.041
endloop
endfacet
facet normal -0.21155964992219098 -0.04737170331323535 -0.9762163880257299
outer loop
vertex 25.518 5.076 0.041
vertex 25.239 6.322 0.041
vertex 25.655 5.103 0.01
endloop
endfacet
facet normal -0.21215369973703932 -0.04757796458588072 -0.9760774277554781
outer loop
vertex 25.655 5.103 0.01
vertex 25.239 6.322 0.041
vertex 25.374 6.356 0.01
endloop
endfacet
facet normal -0.06819519708717106 -0.01529357572345988 -0.9975547712460869
outer loop
vertex 25.655 5.103 0.01
vertex 25.374 6.356 0.01
vertex 25.795 5.131 0.0
endloop
endfacet
facet normal -0.06849184634024881 -0.015395704935893973 -0.9975328762774843
outer loop
vertex 25.795 5.131 0.0
vertex 25.374 6.356 0.01
vertex 25.512 6.39 0.0
endloop
endfacet
facet normal 0.0 0.0 -1.0
outer loop
vertex 25.512 6.39 0.0
vertex 25.168 7.634 0.0
vertex 33.951 8.504 0.0
endloop
endfacet
facet normal -0.0 0.0 -1.0
outer loop
vertex 33.951 8.504 0.0
vertex 25.168 7.634 0.0
vertex 33.493 10.16 0.0
endloop
endfacet
facet normal 0.9638174834783934 0.2665630479668493 0.0
outer loop
vertex 33.951 8.504 0.0
vertex 33.493 10.16 0.0
vertex 33.951 8.504 3.0
endloop
endfacet
facet normal 0.9638174834783934 0.2665630479668493 -0.0
outer loop
vertex 33.951 8.504 3.0
vertex 33.493 10.16 0.0
vertex 33.493 10.16 3.0
endloop
endfacet
facet normal 0.0 0.0 1.0
outer loop
vertex 33.951 8.504 3.0
vertex 33.493 10.16 3.0
vertex 28.907 7.241 3.0
endloop
endfacet
facet normal 0.0 -0.0 0.9999999999999999
outer loop
vertex 28.907 7.241 3.0
vertex 33.493 10.16 3.0
vertex 28.517 8.65 3.0
endloop
endfacet
facet normal 0.963762493306137 0.2667617972955243 0.0
outer loop
vertex 28.907 7.241 3.0
vertex 28.517 8.65 3.0
vertex 28.907 7.241 52.0
endloop
endfacet
facet normal 0.963762493306137 0.2667617972955243 -0.0
outer loop
vertex 28.907 7.241 52.0
vertex 28.517 8.65 3.0
vertex 28.517 8.65 52.0
endloop
endfacet
facet normal 0.6815945162730604 0.18865994417778129 0.7069910472200686
outer loop
vertex 28.907 7.241 52.0
vertex 28.517 8.65 52.0
vertex 27.937 6.998 53.0
endloop
endfacet
facet normal 0.6815902469320423 0.18866337965740218 0.7069942464146118
outer loop
vertex 27.937 6.998 53.0
vertex 28.517 8.65 52.0
vertex 27.56 8.36 53.0
endloop
endfacet
facet normal 0.0 0.0 1.0
outer loop
vertex 27.937 6.998 53.0
vertex 27.56 8.36 53.0
vertex 24.542 6.147 53.0
endloop
endfacet
facet normal 0.0 -0.0 1.0
outer loop
vertex 24.542 6.147 53.0
vertex 27.56 8.36 53.0
vertex 24.211 7.344 53.0
endloop
endfacet
facet normal -0.9638287256321604 -0.2665223961438998 0.0
outer loop
vertex 24.542 6.147 53.0
vertex 24.211 7.344 53.0
vertex 24.542 6.147 1.0
endloop
endfacet
facet normal -0.9638287256321604 -0.2665223961438998 -0.0
outer loop
vertex 24.542 6.147 1.0
vertex 24.211 7.344 53.0
vertex 24.211 7.344 1.0
endloop
endfacet
facet normal -0.9612353818998313 -0.2658052726890953 -0.0733082368807301
outer loop
vertex 24.542 6.147 1.0
vertex 24.211 7.344 1.0
vertex 24.552 6.15 0.858
endloop
endfacet
facet normal -0.9614838887116272 -0.26667723563263235 -0.06657314581199225
outer loop
vertex 24.552 6.15 0.858
vertex 24.211 7.344 1.0
vertex 24.22 7.347 0.858
endloop
endfacet
facet normal -0.9424847121076584 -0.26140762273996926 -0.20829935721644088
outer loop
vertex 24.552 6.15 0.858
vertex 24.22 7.347 0.858
vertex 24.581 6.157 0.718
endloop
endfacet
facet normal -0.9418585731436584 -0.26079820373952906 -0.2118648746772973
outer loop
vertex 24.581 6.157 0.718
vertex 24.22 7.347 0.858
vertex 24.249 7.356 0.718
endloop
endfacet
facet normal -0.9032941672712872 -0.25011981946127443 -0.3485681042297639
outer loop
vertex 24.581 6.157 0.718
vertex 24.249 7.356 0.718
vertex 24.629 6.169 0.585
endloop
endfacet
facet normal -0.9022134502089242 -0.24940455076549822 -0.35186397985524087
outer loop
vertex 24.629 6.169 0.585
vertex 24.249 7.356 0.718
vertex 24.297 7.37 0.585
endloop
endfacet
facet normal -0.8450857579151979 -0.23361238270428497 -0.4808901292562807
outer loop
vertex 24.629 6.169 0.585
vertex 24.297 7.37 0.585
vertex 24.696 6.186 0.459
endloop
endfacet
facet normal -0.8455194201372128 -0.2338521319814731 -0.48001051086257585
outer loop
vertex 24.696 6.186 0.459
vertex 24.297 7.37 0.585
vertex 24.363 7.39 0.459
endloop
endfacet
facet normal -0.7707450901058867 -0.21317119186483544 -0.600424890420604
outer loop
vertex 24.696 6.186 0.459
vertex 24.363 7.39 0.459
vertex 24.779 6.207 0.345
endloop
endfacet
facet normal -0.7733896229663899 -0.2144747712696533 -0.5965476205440227
outer loop
vertex 24.779 6.207 0.345
vertex 24.363 7.39 0.459
vertex 24.444 7.415 0.345
endloop
endfacet
facet normal -0.6818985737541512 -0.18910266739043147 -0.7065794479730346
outer loop
vertex 24.779 6.207 0.345
vertex 24.444 7.415 0.345
vertex 24.877 6.231 0.244
endloop
endfacet
facet normal -0.6807000399185137 -0.18855334988674324 -0.707880703156557
outer loop
vertex 24.877 6.231 0.244
vertex 24.444 7.415 0.345
vertex 24.541 7.444 0.244
endloop
endfacet
facet normal -0.5777391068449376 -0.16003325630659368 -0.8003792109356176
outer loop
vertex 24.877 6.231 0.244
vertex 24.541 7.444 0.244
vertex 24.987 6.259 0.159
endloop
endfacet
facet normal -0.5757502781021769 -0.15916968311766497 -0.801982935754551
outer loop
vertex 24.987 6.259 0.159
vertex 24.541 7.444 0.244
vertex 24.65 7.478 0.159
endloop
endfacet
facet normal -0.46413039298099934 -0.1283116837035248 -0.8764240355766548
outer loop
vertex 24.987 6.259 0.159
vertex 24.65 7.478 0.159
vertex 25.109 6.289 0.09
endloop
endfacet
facet normal -0.46503046636831646 -0.1286900637541716 -0.8758912791209953
outer loop
vertex 25.109 6.289 0.09
vertex 24.65 7.478 0.159
vertex 24.77 7.514 0.09
endloop
endfacet
facet normal -0.33078932885603035 -0.09154088365893466 -0.9392543247352755
outer loop
vertex 25.109 6.289 0.09
vertex 24.77 7.514 0.09
vertex 25.239 6.322 0.041
endloop
endfacet
facet normal -0.3314775998304226 -0.0918227957288176 -0.9389841186064897
outer loop
vertex 25.239 6.322 0.041
vertex 24.77 7.514 0.09
vertex 24.898 7.553 0.041
endloop
endfacet
facet normal -0.20951970779081416 -0.05803917169509981 -0.976080399657835
outer loop
vertex 25.239 6.322 0.041
vertex 24.898 7.553 0.041
vertex 25.374 6.356 0.01
endloop
endfacet
facet normal -0.20997195447315745 -0.05822181114332499 -0.9759723351826697
outer loop
vertex 25.374 6.356 0.01
vertex 24.898 7.553 0.041
vertex 25.031 7.593 0.01
endloop
endfacet
facet normal -0.06766246801465046 -0.01876170293373089 -0.9975318485768726
outer loop
vertex 25.374 6.356 0.01
vertex 25.031 7.593 0.01
vertex 25.512 6.39 0.0
endloop
endfacet
facet normal -0.06724948587293483 -0.018596320852322868 -0.9975628719537347
outer loop
vertex 25.512 6.39 0.0
vertex 25.031 7.593 0.01
vertex 25.168 7.634 0.0
endloop
endfacet
facet normal 0.0 0.0 -1.0
outer loop
vertex 25.168 7.634 0.0
vertex 24.763 8.86 0.0
vertex 33.493 10.16 0.0
endloop
endfacet
facet normal -0.0 0.0 -1.0
outer loop
vertex 33.493 10.16 0.0
vertex 24.763 8.86 0.0
vertex 32.954 11.791 0.0
endloop
endfacet
facet normal 0.94949516452424 0.3137816638127325 0.0
outer loop
vertex 33.493 10.16 0.0
vertex 32.954 11.791 0.0
vertex 33.493 10.16 3.0
endloop
endfacet
facet normal 0.94949516452424 0.3137816638127325 -0.0
outer loop
vertex 33.493 10.16 3.0
vertex 32.954 11.791 0.0
vertex 32.954 11.791 3.0
endloop
endfacet
facet normal 0.0 0.0 1.0
outer loop
vertex 33.493 10.16 3.0
vertex 32.954 11.791 3.0
vertex 28.517 8.65 3.0
endloop
endfacet
facet normal 0.0 -0.0 0.9999999999999999
outer loop
vertex 28.517 8.65 3.0
vertex 32.954 11.791 3.0
vertex 28.058 10.039 3.0
endloop
endfacet
facet normal 0.949500408945581 0.31376579388482473 0.0
outer loop
vertex 28.517 8.65 3.0
vertex 28.058 10.039 3.0
vertex 28.517 8.65 52.0
endloop
endfacet
facet normal 0.949500408945581 0.31376579388482473 -0.0
outer loop
vertex 28.517 8.65 52.0
vertex 28.058 10.039 3.0
vertex 28.058 10.039 52.0
endloop
endfacet
facet normal 0.6715109918115322 0.22190320031784966 0.7069879472558134
outer loop
vertex 28.517 8.65 52.0
vertex 28.058 10.039 52.0
vertex 27.56 8.36 53.0
endloop
endfacet
facet normal 0.6712595071269795 0.2220858577975992 0.7071693897914056
outer loop
vertex 27.56 8.36 53.0
vertex 28.058 10.039 52.0
vertex 27.116 9.702 53.0
endloop
endfacet
facet normal 0.0 0.0 1.0
outer loop
vertex 27.56 8.36 53.0
vertex 27.116 9.702 53.0
vertex 24.211 7.344 53.0
endloop
endfacet
facet normal 0.0 -0.0 1.0
outer loop
vertex 24.211 7.344 53.0
vertex 27.116 9.702 53.0
vertex 23.821 8.523 53.0
endloop
endfacet
facet normal -0.9494055436533614 -0.3140527243637051 0.0
outer loop
vertex 24.211 7.344 53.0
vertex 23.821 8.523 53.0
vertex 24.211 7.344 1.0
endloop
endfacet
facet normal -0.9494055436533614 -0.3140527243637051 -0.0
outer loop
vertex 24.211 7.344 1.0
vertex 23.821 8.523 53.0
vertex 23.821 8.523 1.0
endloop
endfacet
facet normal -0.9472938327712588 -0.31335419404647014 -0.06665990899352885
outer loop
vertex 24.211 7.344 1.0
vertex 23.821 8.523 1.0
vertex 24.22 7.347 0.858
endloop
endfacet
facet normal -0.9470147616647383 -0.3121938493962567 -0.07548537333965062
outer loop
vertex 24.22 7.347 0.858
vertex 23.821 8.523 1.0
vertex 23.831 8.527 0.858
endloop
endfacet
facet normal -0.9281513273949678 -0.30597531047173065 -0.2119297592049955
outer loop
vertex 24.22 7.347 0.858
vertex 23.831 8.527 0.858
vertex 24.249 7.356 0.718
endloop
endfacet
facet normal -0.9288601542158166 -0.3067362067266431 -0.20768175989508472
outer loop
vertex 24.249 7.356 0.718
vertex 23.831 8.527 0.858
vertex 23.859 8.537 0.718
endloop
endfacet
facet normal -0.8888975698778426 -0.29353941765652475 -0.3517040240701462
outer loop
vertex 24.249 7.356 0.718
vertex 23.859 8.537 0.718
vertex 24.297 7.37 0.585
endloop
endfacet
facet normal -0.8889149259953061 -0.29355214194608636 -0.3516495333448125
outer loop
vertex 24.297 7.37 0.585
vertex 23.859 8.537 0.718
vertex 23.906 8.554 0.585
endloop
endfacet
facet normal -0.833016713867552 -0.2750925127721405 -0.48000756643412895
outer loop
vertex 24.297 7.37 0.585
vertex 23.906 8.554 0.585
vertex 24.363 7.39 0.459
endloop
endfacet
facet normal -0.833039303146127 -0.2751064926986363 -0.4799603494965706
outer loop
vertex 24.363 7.39 0.459
vertex 23.906 8.554 0.585
vertex 23.971 8.577 0.459
endloop
endfacet
facet normal -0.7620345792617702 -0.25165758641163727 -0.5966336893025791
outer loop
vertex 24.363 7.39 0.459
vertex 23.971 8.577 0.459
vertex 24.444 7.415 0.345
endloop
endfacet
facet normal -0.761122173383555 -0.2511511453734153 -0.598010149881685
outer loop
vertex 24.444 7.415 0.345
vertex 23.971 8.577 0.459
vertex 24.051 8.606 0.345
endloop
endfacet
facet normal -0.6708227660250162 -0.22135461548936347 -0.7078127936001881
outer loop
vertex 24.444 7.415 0.345
vertex 24.051 8.606 0.345
vertex 24.541 7.444 0.244
endloop
endfacet
facet normal -0.67186709685986 -0.2218959057354885 -0.7066518316504465
outer loop
vertex 24.541 7.444 0.244
vertex 24.051 8.606 0.345
vertex 24.146 8.64 0.244
endloop
endfacet
facet normal -0.5670686133596345 -0.18728436645238736 -0.8020958507715328
outer loop
vertex 24.541 7.444 0.244
vertex 24.146 8.64 0.244
vertex 24.65 7.478 0.159
endloop
endfacet
facet normal -0.5661423584247712 -0.18682697828017303 -0.8028564692296734
outer loop
vertex 24.65 7.478 0.159
vertex 24.146 8.64 0.244
vertex 24.254 8.678 0.159
endloop
endfacet
facet normal -0.45825374192336454 -0.15122373483470913 -0.8758623693457072
outer loop
vertex 24.65 7.478 0.159
vertex 24.254 8.678 0.159
vertex 24.77 7.514 0.09
endloop
endfacet
facet normal -0.46086342511609535 -0.15247471527472833 -0.8742747649292824
outer loop
vertex 24.77 7.514 0.09
vertex 24.254 8.678 0.159
vertex 24.371 8.72 0.09
endloop
endfacet
facet normal -0.3265399786361278 -0.10803437104130618 -0.9389889333884754
outer loop
vertex 24.77 7.514 0.09
vertex 24.371 8.72 0.09
vertex 24.898 7.553 0.041
endloop
endfacet
facet normal -0.3265692042366097 -0.10804806179775606 -0.9389771941778008
outer loop
vertex 24.898 7.553 0.041
vertex 24.371 8.72 0.09
vertex 24.497 8.765 0.041
endloop
endfacet
facet normal -0.2068935684775368 -0.06845241003258429 -0.9759658389940509
outer loop
vertex 24.898 7.553 0.041
vertex 24.497 8.765 0.041
vertex 25.031 7.593 0.01
endloop
endfacet
facet normal -0.20520514941986684 -0.06767224779884004 -0.9763766248376814
outer loop
vertex 25.031 7.593 0.01
vertex 24.497 8.765 0.041
vertex 24.629 8.812 0.01
endloop
endfacet
facet normal -0.06627398233785381 -0.021855734946527546 -0.9975620713093643
outer loop
vertex 25.031 7.593 0.01
vertex 24.629 8.812 0.01
vertex 25.168 7.634 0.0
endloop
endfacet
facet normal -0.06656635081046491 -0.021989699900683644 -0.9975396603835137
outer loop
vertex 25.168 7.634 0.0
vertex 24.629 8.812 0.01
vertex 24.763 8.86 0.0
endloop
endfacet
facet normal 0.0 0.0 -1.0
outer loop
vertex 24.763 8.86 0.0
vertex 24.298 10.065 0.0
vertex 32.954 11.791 0.0
endloop
endfacet
facet normal -0.0 0.0 -1.0
outer loop
vertex 32.954 11.791 0.0
vertex 24.298 10.065 0.0
vertex 32.336 13.394 0.0
endloop
endfacet
facet normal 0.9330602770744716 0.3597200569133035 0.0
outer loop
vertex 32.954 11.791 0.0
vertex 32.336 13.394 0.0
vertex 32.954 11.791 3.0
endloop
endfacet
facet normal 0.9330602770744716 0.3597200569133035 -0.0
outer loop
vertex 32.954 11.791 3.0
vertex 32.336 13.394 0.0
vertex 32.336 13.394 3.0
endloop
endfacet
facet normal 0.0 0.0 1.0
outer loop
vertex 32.954 11.791 3.0
vertex 32.336 13.394 3.0
vertex 28.058 10.039 3.0
endloop
endfacet
facet normal 0.0 -0.0 1.0
outer loop
vertex 28.058 10.039 3.0
vertex 32.336 13.394 3.0
vertex 27.532 11.404 3.0
endloop
endfacet
facet normal 0.9331163744049007 0.3595745149721447 0.0
outer loop
vertex 28.058 10.039 3.0
vertex 27.532 11.404 3.0
vertex 28.058 10.039 52.0
endloop
endfacet
facet normal 0.9331163744049007 0.3595745149721447 -0.0
outer loop
vertex 28.058 10.039 52.0
vertex 27.532 11.404 3.0
vertex 27.532 11.404 52.0
endloop
endfacet
facet normal 0.6597560965785807 0.25423568263760676 0.7071676680258965
outer loop
vertex 28.058 10.039 52.0
vertex 27.532 11.404 52.0
vertex 27.116 9.702 53.0
endloop
endfacet
facet normal 0.6598879283134921 0.2541494068106544 0.7070756685701468
outer loop
vertex 27.116 9.702 53.0
vertex 27.532 11.404 52.0
vertex 26.608 11.021 53.0
endloop
endfacet
facet normal 0.0 0.0 1.0
outer loop
vertex 27.116 9.702 53.0
vertex 26.608 11.021 53.0
vertex 23.821 8.523 53.0
endloop
endfacet
facet normal 0.0 -0.0 1.0
outer loop
vertex 23.821 8.523 53.0
vertex 26.608 11.021 53.0
vertex 23.374 9.682 53.0
endloop
endfacet
facet normal -0.9330132418700997 -0.35984203547535537 0.0
outer loop
vertex 23.821 8.523 53.0
vertex 23.374 9.682 53.0
vertex 23.821 8.523 1.0
endloop
endfacet
facet normal -0.9330132418700997 -0.35984203547535537 -0.0
outer loop
vertex 23.821 8.523 1.0
vertex 23.374 9.682 53.0
vertex 23.374 9.682 1.0
endloop
endfacet
facet normal -0.9303414437282493 -0.35881158356042253 -0.07562437163043809
outer loop
vertex 23.821 8.523 1.0
vertex 23.374 9.682 1.0
vertex 23.831 8.527 0.858
endloop
endfacet
facet normal -0.9303414437282486 -0.3588115835604194 -0.07562437163046098
outer loop
vertex 23.831 8.527 0.858
vertex 23.374 9.682 1.0
vertex 23.384 9.686 0.858
endloop
endfacet
facet normal -0.9126712088357481 -0.35199657493492525 -0.2076768542625195
outer loop
vertex 23.831 8.527 0.858
vertex 23.384 9.686 0.858
vertex 23.859 8.537 0.718
endloop
endfacet
facet normal -0.9122940187249335 -0.35154778135349 -0.21008041513703615
outer loop
vertex 23.859 8.537 0.718
vertex 23.384 9.686 0.858
vertex 23.412 9.697 0.718
endloop
endfacet
facet normal -0.8735013598349163 -0.33659923090190563 -0.35170489351556894
outer loop
vertex 23.859 8.537 0.718
vertex 23.412 9.697 0.718
vertex 23.906 8.554 0.585
endloop
endfacet
facet normal -0.8739050970158659 -0.3369272663193705 -0.3503853573142659
outer loop
vertex 23.906 8.554 0.585
vertex 23.412 9.697 0.718
vertex 23.458 9.716 0.585
endloop
endfacet
facet normal -0.8185917063587816 -0.3156016217286874 -0.4798991921673142
outer loop
vertex 23.906 8.554 0.585
vertex 23.458 9.716 0.585
vertex 23.971 8.577 0.459
endloop
endfacet
facet normal -0.8196486317201808 -0.3163309470618187 -0.477609518801927
outer loop
vertex 23.971 8.577 0.459
vertex 23.458 9.716 0.585
vertex 23.521 9.743 0.459
endloop
endfacet
facet normal -0.7476784515633893 -0.28855514854504677 -0.5980910125690896
outer loop
vertex 23.971 8.577 0.459
vertex 23.521 9.743 0.459
vertex 24.051 8.606 0.345
endloop
endfacet
facet normal -0.747250062517117 -0.28828894627477963 -0.5987543966635582
outer loop
vertex 24.051 8.606 0.345
vertex 23.521 9.743 0.459
vertex 23.6 9.775 0.345
endloop
endfacet
facet normal -0.6601355143797074 -0.25468016850748154 -0.7066534613398848
outer loop
vertex 24.051 8.606 0.345
vertex 23.6 9.775 0.345
vertex 24.146 8.64 0.244
endloop
endfacet
facet normal -0.6603381157691357 -0.25479826783936815 -0.7064215565570782
outer loop
vertex 24.146 8.64 0.244
vertex 23.6 9.775 0.345
vertex 23.693 9.814 0.244
endloop
endfacet
facet normal -0.5562944809935897 -0.21465195902052467 -0.8027832751775061
outer loop
vertex 24.146 8.64 0.244
vertex 23.693 9.814 0.244
vertex 24.254 8.678 0.159
endloop
endfacet
facet normal -0.5554263701027045 -0.21416864270909464 -0.8035131236480695
outer loop
vertex 24.254 8.678 0.159
vertex 23.693 9.814 0.244
vertex 23.799 9.858 0.159
endloop
endfacet
facet normal -0.45291192518253015 -0.1746397677610611 -0.8742835578597007
outer loop
vertex 24.254 8.678 0.159
vertex 23.799 9.858 0.159
vertex 24.371 8.72 0.09
endloop
endfacet
facet normal -0.45214048312301486 -0.17422276626240854 -0.874765917967293
outer loop
vertex 24.371 8.72 0.09
vertex 23.799 9.858 0.159
vertex 23.914 9.906 0.09
endloop
endfacet
facet normal -0.32098354088627046 -0.12368421432126872 -0.9389737917577052
outer loop
vertex 24.371 8.72 0.09
vertex 23.914 9.906 0.09
vertex 24.497 8.765 0.041
endloop
endfacet
facet normal -0.32039827643943464 -0.12337483966921173 -0.9392143490126393
outer loop
vertex 24.497 8.765 0.041
vertex 23.914 9.906 0.09
vertex 24.038 9.957 0.041
endloop
endfacet
facet normal -0.2016520898706828 -0.07764958829751956 -0.9763744036423792
outer loop
vertex 24.497 8.765 0.041
vertex 24.038 9.957 0.041
vertex 24.629 8.812 0.01
endloop
endfacet
facet normal -0.20249782906053346 -0.07809181721700031 -0.9761640729454848
outer loop
vertex 24.629 8.812 0.01
vertex 24.038 9.957 0.041
vertex 24.167 10.01 0.01
endloop
endfacet
facet normal -0.06540778894283704 -0.02522403880767169 -0.9975397581108426
outer loop
vertex 24.629 8.812 0.01
vertex 24.167 10.01 0.01
vertex 24.763 8.86 0.0
endloop
endfacet
facet normal -0.0655303806590826 -0.025287657266783094 -0.9975301016012665
outer loop
vertex 24.763 8.86 0.0
vertex 24.167 10.01 0.01
vertex 24.298 10.065 0.0
endloop
endfacet
facet normal 0.0 0.0 -1.0
outer loop
vertex 24.298 10.065 0.0
vertex 23.775 11.245 0.0
vertex 32.336 13.394 0.0
endloop
endfacet
facet normal -0.0 0.0 -1.0
outer loop
vertex 32.336 13.394 0.0
vertex 23.775 11.245 0.0
vertex 31.64 14.964 0.0
endloop
endfacet
facet normal 0.9141953311144401 0.4052738537934065 0.0
outer loop
vertex 32.336 13.394 0.0
vertex 31.64 14.964 0.0
vertex 32.336 13.394 3.0
endloop
endfacet
facet normal 0.9141953311144401 0.4052738537934065 -0.0
outer loop
vertex 32.336 13.394 3.0
vertex 31.64 14.964 0.0
vertex 31.64 14.964 3.0
endloop
endfacet
facet normal 0.0 0.0 1.0
outer loop
vertex 32.336 13.394 3.0
vertex 31.64 14.964 3.0
vertex 27.532 11.404 3.0
endloop
endfacet
facet normal 0.0 -0.0 0.9999999999999999
outer loop
vertex 27.532 11.404 3.0
vertex 31.64 14.964 3.0
vertex 26.939 12.741 3.0
endloop
endfacet
facet normal 0.9141214190736168 0.4054405396489565 0.0
outer loop
vertex 27.532 11.404 3.0
vertex 26.939 12.741 3.0
vertex 27.532 11.404 52.0
endloop
endfacet
facet normal 0.9141214190736168 0.4054405396489565 -0.0
outer loop
vertex 27.532 11.404 52.0
vertex 26.939 12.741 3.0
vertex 26.939 12.741 52.0
endloop
endfacet
facet normal 0.6464034581296325 0.2866995143387226 0.7070827093035107
outer loop
vertex 27.532 11.404 52.0
vertex 26.939 12.741 52.0
vertex 26.608 11.021 53.0
endloop
endfacet
facet normal 0.6466388957474088 0.28656155240778475 0.7069233446337816
outer loop
vertex 26.608 11.021 53.0
vertex 26.939 12.741 52.0
vertex 26.035 12.314 53.0
endloop
endfacet
facet normal 0.0 0.0 0.9999999999999999
outer loop
vertex 26.608 11.021 53.0
vertex 26.035 12.314 53.0
vertex 23.374 9.682 53.0
endloop
endfacet
facet normal 0.0 -0.0 1.0
outer loop
vertex 23.374 9.682 53.0
vertex 26.035 12.314 53.0
vertex 22.871 10.817 53.0
endloop
endfacet
facet normal -0.9142428467136372 -0.40516665365370896 0.0
outer loop
vertex 23.374 9.682 53.0
vertex 22.871 10.817 53.0
vertex 23.374 9.682 1.0
endloop
endfacet
facet normal -0.9142428467136372 -0.40516665365370896 -0.0
outer loop
vertex 23.374 9.682 1.0
vertex 22.871 10.817 53.0
vertex 22.871 10.817 1.0
endloop
endfacet
facet normal -0.9116278999568369 -0.40400778297646617 -0.07557964881320754
outer loop
vertex 23.374 9.682 1.0
vertex 22.871 10.817 1.0
vertex 23.384 9.686 0.858
endloop
endfacet
facet normal -0.911753933198155 -0.4048669447857899 -0.0691919237882161
outer loop
vertex 23.384 9.686 0.858
vertex 22.871 10.817 1.0
vertex 22.88 10.821 0.858
endloop
endfacet
facet normal -0.8935854027203849 -0.3967991568027095 -0.20989415714999363
outer loop
vertex 23.384 9.686 0.858
vertex 22.88 10.821 0.858
vertex 23.412 9.697 0.718
endloop
endfacet
facet normal -0.8927687301505342 -0.3957391732593378 -0.2153009549756308
outer loop
vertex 23.412 9.697 0.718
vertex 22.88 10.821 0.858
vertex 22.908 10.834 0.718
endloop
endfacet
facet normal -0.8562580150809341 -0.37955500404642806 -0.35037153210980904
outer loop
vertex 23.412 9.697 0.718
vertex 22.908 10.834 0.718
vertex 23.458 9.716 0.585
endloop
endfacet
facet normal -0.8557124315364424 -0.3790655946718442 -0.3522293421196916
outer loop
vertex 23.458 9.716 0.585
vertex 22.908 10.834 0.718
vertex 22.953 10.856 0.585
endloop
endfacet
facet normal -0.8031755470750116 -0.3557926765551578 -0.47782906137077175
outer loop
vertex 23.458 9.716 0.585
vertex 22.953 10.856 0.585
vertex 23.521 9.743 0.459
endloop
endfacet
facet normal -0.8055992325400971 -0.35765219868461523 -0.4723291027523787
outer loop
vertex 23.521 9.743 0.459
vertex 22.953 10.856 0.585
vertex 23.014 10.885 0.459
endloop
endfacet
facet normal -0.732139741322675 -0.3250392721984216 -0.5985990901301863
outer loop
vertex 23.521 9.743 0.459
vertex 23.014 10.885 0.459
vertex 23.6 9.775 0.345
endloop
endfacet
facet normal -0.7290015695270097 -0.3228707910372474 -0.6035819446621465
outer loop
vertex 23.6 9.775 0.345
vertex 23.014 10.885 0.459
vertex 23.092 10.922 0.345
endloop
endfacet
facet normal -0.6470890992955755 -0.2865922078833077 -0.7064988350686872
outer loop
vertex 23.6 9.775 0.345
vertex 23.092 10.922 0.345
vertex 23.693 9.814 0.244
endloop
endfacet
facet normal -0.6477095793269654 -0.28699555643505936 -0.7057661450045732
outer loop
vertex 23.693 9.814 0.244
vertex 23.092 10.922 0.345
vertex 23.183 10.965 0.244
endloop
endfacet
facet normal -0.5442374571354599 -0.24114778726245478 -0.8035255658341869
outer loop
vertex 23.693 9.814 0.244
vertex 23.183 10.965 0.244
vertex 23.799 9.858 0.159
endloop
endfacet
facet normal -0.5462978747037658 -0.24243149630019992 -0.8017391107435105
outer loop
vertex 23.799 9.858 0.159
vertex 23.183 10.965 0.244
vertex 23.286 11.014 0.159
endloop
endfacet
facet normal -0.4428487345463129 -0.19652370313344114 -0.8747933655540879
outer loop
vertex 23.799 9.858 0.159
vertex 23.286 11.014 0.159
vertex 23.914 9.906 0.09
endloop
endfacet
facet normal -0.44233716538894063 -0.1962132990312702 -0.8751218048928631
outer loop
vertex 23.914 9.906 0.09
vertex 23.286 11.014 0.159
vertex 23.399 11.067 0.09
endloop
endfacet
facet normal -0.31387266897425814 -0.13922861715912419 -0.9392014373045506
outer loop
vertex 23.914 9.906 0.09
vertex 23.399 11.067 0.09
vertex 24.038 9.957 0.041
endloop
endfacet
facet normal -0.31447773670736895 -0.1395882327458589 -0.9389456205735764
outer loop
vertex 24.038 9.957 0.041
vertex 23.399 11.067 0.09
vertex 23.52 11.124 0.041
endloop
endfacet
facet normal -0.19839903472301448 -0.08806401027122678 -0.9761570330207764
outer loop
vertex 24.038 9.957 0.041
vertex 23.52 11.124 0.041
vertex 24.167 10.01 0.01
endloop
endfacet
facet normal -0.1982734507132539 -0.08799017702010688 -0.9761892068089205
outer loop
vertex 24.167 10.01 0.01
vertex 23.52 11.124 0.041
vertex 23.646 11.184 0.01
endloop
endfacet
facet normal -0.06418788971121275 -0.028485426353953926 -0.9975312001636112
outer loop
vertex 24.167 10.01 0.01
vertex 23.646 11.184 0.01
vertex 24.298 10.065 0.0
endloop
endfacet
facet normal -0.06393070647632491 -0.028335389395862644 -0.9975519888593392
outer loop
vertex 24.298 10.065 0.0
vertex 23.646 11.184 0.01
vertex 23.775 11.245 0.0
endloop
endfacet
facet normal 0.0 0.0 -1.0
outer loop
vertex 23.775 11.245 0.0
vertex 23.195 12.398 0.0
vertex 31.64 14.964 0.0
endloop
endfacet
facet normal -0.0 0.0 -1.0
outer loop
vertex 31.64 14.964 0.0
vertex 23.195 12.398 0.0
vertex 30.867 16.499 0.0
endloop
endfacet
facet normal 0.8931434516822083 0.4497719141044609 0.0
outer loop
vertex 31.64 14.964 0.0
vertex 30.867 16.499 0.0
vertex 31.64 14.964 3.0
endloop
endfacet
facet normal 0.8931434516822083 0.4497719141044609 -0.0
outer loop
vertex 31.64 14.964 3.0
vertex 30.867 16.499 0.0
vertex 30.867 16.499 3.0
endloop
endfacet
facet normal 0.0 0.0 0.9999999999999999
outer loop
vertex 31.64 14.964 3.0
vertex 30.867 16.499 3.0
vertex 26.939 12.741 3.0
endloop
endfacet
facet normal 0.0 -0.0 1.0
outer loop
vertex 26.939 12.741 3.0
vertex 30.867 16.499 3.0
vertex 26.281 14.048 3.0
endloop
endfacet
facet normal 0.8931937013704928 0.44967211591567346 0.0
outer loop
vertex 26.939 12.741 3.0
vertex 26.281 14.048 3.0
vertex 26.939 12.741 52.0
endloop
endfacet
facet normal 0.8931937013704928 0.44967211591567346 -0.0
outer loop
vertex 26.939 12.741 52.0
vertex 26.281 14.048 3.0
vertex 26.281 14.048 52.0
endloop
endfacet
facet normal 0.631754789854985 0.31805252618560126 0.706914758710158
outer loop
vertex 26.939 12.741 52.0
vertex 26.281 14.048 52.0
vertex 26.035 12.314 53.0
endloop
endfacet
facet normal 0.6314351256778208 0.3182192867916746 0.7071252842135068
outer loop
vertex 26.035 12.314 53.0
vertex 26.281 14.048 52.0
vertex 25.399 13.576 53.0
endloop
endfacet
facet normal 0.0 0.0 1.0
outer loop
vertex 26.035 12.314 53.0
vertex 25.399 13.576 53.0
vertex 22.871 10.817 53.0
endloop
endfacet
facet normal 0.0 -0.0 1.0
outer loop
vertex 22.871 10.817 53.0
vertex 25.399 13.576 53.0
vertex 22.313 11.926 53.0
endloop
endfacet
facet normal -0.893296650986177 -0.44946756650161107 0.0
outer loop
vertex 22.871 10.817 53.0
vertex 22.313 11.926 53.0
vertex 22.871 10.817 1.0
endloop
endfacet
facet normal -0.893296650986177 -0.44946756650161107 -0.0
outer loop
vertex 22.871 10.817 1.0
vertex 22.313 11.926 53.0
vertex 22.313 11.926 1.0
endloop
endfacet
facet normal -0.8911606463805647 -0.4483928229759738 -0.06911279654457106
outer loop
vertex 22.871 10.817 1.0
vertex 22.313 11.926 1.0
vertex 22.88 10.821 0.858
endloop
endfacet
facet normal -0.8911239820144986 -0.4479704342018832 -0.0722532958390124
outer loop
vertex 22.88 10.821 0.858
vertex 22.313 11.926 1.0
vertex 22.322 11.931 0.858
endloop
endfacet
facet normal -0.8725190343811962 -0.4386176767429798 -0.2152325911452439
outer loop
vertex 22.88 10.821 0.858
vertex 22.322 11.931 0.858
vertex 22.908 10.834 0.718
endloop
endfacet
facet normal -0.8737643728181521 -0.4404212860289531 -0.20631265498341156
outer loop
vertex 22.908 10.834 0.718
vertex 22.322 11.931 0.858
vertex 22.348 11.945 0.718
endloop
endfacet
facet normal -0.8356821205141198 -0.42122591133025095 -0.35242605618345446
outer loop
vertex 22.908 10.834 0.718
vertex 22.348 11.945 0.718
vertex 22.953 10.856 0.585
endloop
endfacet
facet normal -0.8356695931890269 -0.4212135146262752 -0.3524705748221641
outer loop
vertex 22.953 10.856 0.585
vertex 22.348 11.945 0.718
vertex 22.392 11.969 0.585
endloop
endfacet
facet normal -0.7870786444426595 -0.39672158089158316 -0.4723549456893498
outer loop
vertex 22.953 10.856 0.585
vertex 22.392 11.969 0.585
vertex 23.014 10.885 0.459
endloop
endfacet
facet normal -0.7839853515269641 -0.3941001632675869 -0.47963739418815543
outer loop
vertex 23.014 10.885 0.459
vertex 22.392 11.969 0.585
vertex 22.453 12.001 0.459
endloop
endfacet
facet normal -0.7123402210057644 -0.35808500357010214 -0.6036112488644148
outer loop
vertex 23.014 10.885 0.459
vertex 22.453 12.001 0.459
vertex 23.092 10.922 0.345
endloop
endfacet
facet normal -0.7159614582765146 -0.3608599307130959 -0.5976447947303704
outer loop
vertex 23.092 10.922 0.345
vertex 22.453 12.001 0.459
vertex 22.528 12.041 0.345
endloop
endfacet
facet normal -0.6326400587896265 -0.3188641583175598 -0.7057564768070443
outer loop
vertex 23.092 10.922 0.345
vertex 22.528 12.041 0.345
vertex 23.183 10.965 0.244
endloop
endfacet
facet normal -0.6313077593784372 -0.31790052651974615 -0.7073823352240608
outer loop
vertex 23.183 10.965 0.244
vertex 22.528 12.041 0.345
vertex 22.617 12.089 0.244
endloop
endfacet
facet normal -0.5337810368643335 -0.2687900950758115 -0.8017666053616684
outer loop
vertex 23.183 10.965 0.244
vertex 22.617 12.089 0.244
vertex 23.286 11.014 0.159
endloop
endfacet
facet normal -0.532493229415639 -0.26789739088404196 -0.8029208856319695
outer loop
vertex 23.286 11.014 0.159
vertex 22.617 12.089 0.244
vertex 22.718 12.143 0.159
endloop
endfacet
facet normal -0.43233071434110343 -0.21750562067825252 -0.8750894002390152
outer loop
vertex 23.286 11.014 0.159
vertex 22.718 12.143 0.159
vertex 23.399 11.067 0.09
endloop
endfacet
facet normal -0.43228958370829895 -0.21747784343386725 -0.8751166227610236
outer loop
vertex 23.399 11.067 0.09
vertex 22.718 12.143 0.159
vertex 22.828 12.202 0.09
endloop
endfacet
facet normal -0.30738368765869095 -0.15463972304239032 -0.9389365391860716
outer loop
vertex 23.399 11.067 0.09
vertex 22.828 12.202 0.09
vertex 23.52 11.124 0.041
endloop
endfacet
facet normal -0.3073522786719716 -0.15461893773681956 -0.9389502440961843
outer loop
vertex 23.52 11.124 0.041
vertex 22.828 12.202 0.09
vertex 22.946 12.265 0.041
endloop
endfacet
facet normal -0.1937588401376661 -0.09747377233919365 -0.9761948450870211
outer loop
vertex 23.52 11.124 0.041
vertex 22.946 12.265 0.041
vertex 23.646 11.184 0.01
endloop
endfacet
facet normal -0.19373839434764537 -0.09746037797610435 -0.976200240360732
outer loop
vertex 23.646 11.184 0.01
vertex 22.946 12.265 0.041
vertex 23.069 12.331 0.01
endloop
endfacet
facet normal -0.062469542950610836 -0.03142539344594817 -0.99755200408315
outer loop
vertex 23.646 11.184 0.01
vertex 23.069 12.331 0.01
vertex 23.775 11.245 0.0
endloop
endfacet
facet normal -0.06246283243215475 -0.03142102585485658 -0.9975525618726971
outer loop
vertex 23.775 11.245 0.0
vertex 23.069 12.331 0.01
vertex 23.195 12.398 0.0
endloop
endfacet
facet normal 0.0 0.0 -1.0
outer loop
vertex 23.195 12.398 0.0
vertex 22.558 13.521 0.0
vertex 30.867 16.499 0.0
endloop
endfacet
facet normal -0.0 0.0 -1.0
outer loop
vertex 30.867 16.499 0.0
vertex 22.558 13.521 0.0
vertex 30.021 17.994 0.0
endloop
endfacet
facet normal 0.8703133534670595 0.4924983926643023 0.0
outer loop
vertex 30.867 16.499 0.0
vertex 30.021 17.994 0.0
vertex 30.867 16.499 3.0
endloop
endfacet
facet normal 0.8703133534670595 0.4924983926643023 -0.0
outer loop
vertex 30.867 16.499 3.0
vertex 30.021 17.994 0.0
vertex 30.021 17.994 3.0
endloop
endfacet
facet normal 0.0 0.0 1.0
outer loop
vertex 30.867 16.499 3.0
vertex 30.021 17.994 3.0
vertex 26.281 14.048 3.0
endloop
endfacet
facet normal 0.0 -0.0 1.0
outer loop
vertex 26.281 14.048 3.0
vertex 30.021 17.994 3.0
vertex 25.56 15.32 3.0
endloop
endfacet
facet normal 0.8699635075054271 0.4931161076347586 0.0
outer loop
vertex 26.281 14.048 3.0
vertex 25.56 15.32 3.0
vertex 26.281 14.048 52.0
endloop
endfacet
facet normal 0.8699635075054271 0.4931161076347586 -0.0
outer loop
vertex 26.281 14.048 52.0
vertex 25.56 15.32 3.0
vertex 25.56 15.32 52.0
endloop
endfacet
facet normal 0.6151390666517482 0.348675524415024 0.7071275043107318
outer loop
vertex 26.281 14.048 52.0
vertex 25.56 15.32 52.0
vertex 25.399 13.576 53.0
endloop
endfacet
facet normal 0.6157202199214975 0.3484075390775314 0.7067537035585745
outer loop
vertex 25.399 13.576 53.0
vertex 25.56 15.32 52.0
vertex 24.703 14.806 53.0
endloop
endfacet
facet normal 0.0 0.0 1.0
outer loop
vertex 25.399 13.576 53.0
vertex 24.703 14.806 53.0
vertex 22.313 11.926 53.0
endloop
endfacet
facet normal 0.0 -0.0 1.0
outer loop
vertex 22.313 11.926 53.0
vertex 24.703 14.806 53.0
vertex 21.701 13.007 53.0
endloop
endfacet
facet normal -0.8702177846265517 -0.4926672379199338 0.0
outer loop
vertex 22.313 11.926 53.0
vertex 21.701 13.007 53.0
vertex 22.313 11.926 1.0
endloop
endfacet
facet normal -0.8702177846265517 -0.4926672379199338 -0.0
outer loop
vertex 22.313 11.926 1.0
vertex 21.701 13.007 53.0
vertex 21.701 13.007 1.0
endloop
endfacet
facet normal -0.8679395895496179 -0.4913774549531591 -0.07231227873740943
outer loop
vertex 22.313 11.926 1.0
vertex 21.701 13.007 1.0
vertex 22.322 11.931 0.858
endloop
endfacet
facet normal -0.8679626668922381 -0.49219344570299806 -0.06623006030741208
outer loop
vertex 22.322 11.931 0.858
vertex 21.701 13.007 1.0
vertex 21.709 13.012 0.858
endloop
endfacet
facet normal -0.8511536757707286 -0.4826616126248433 -0.20633755819133656
outer loop
vertex 22.322 11.931 0.858
vertex 21.709 13.012 0.858
vertex 22.348 11.945 0.718
endloop
endfacet
facet normal -0.8503080671134631 -0.48129163909561623 -0.21291911407485528
outer loop
vertex 22.348 11.945 0.718
vertex 21.709 13.012 0.858
vertex 21.735 13.028 0.718
endloop
endfacet
facet normal -0.8143715053445618 -0.46095081512115976 -0.35259523156442507
outer loop
vertex 22.348 11.945 0.718
vertex 21.735 13.028 0.718
vertex 22.392 11.969 0.585
endloop
endfacet
facet normal -0.8149924676764153 -0.4616285748646854 -0.35026609384738766
outer loop
vertex 22.392 11.969 0.585
vertex 21.735 13.028 0.718
vertex 21.778 13.053 0.585
endloop
endfacet
facet normal -0.7635610166221354 -0.43249673819740875 -0.47950093362116936
outer loop
vertex 22.392 11.969 0.585
vertex 21.778 13.053 0.585
vertex 22.453 12.001 0.459
endloop
endfacet
facet normal -0.7641364726682928 -0.4330341004265576 -0.4780971857330072
outer loop
vertex 22.453 12.001 0.459
vertex 21.778 13.053 0.585
vertex 21.837 13.088 0.459
endloop
endfacet
facet normal -0.6975559590326157 -0.39530310097892474 -0.597621236549149
outer loop
vertex 22.453 12.001 0.459
vertex 21.837 13.088 0.459
vertex 22.528 12.041 0.345
endloop
endfacet
facet normal -0.6969498350562963 -0.39478918246085276 -0.5986672104156807
outer loop
vertex 22.528 12.041 0.345
vertex 21.837 13.088 0.459
vertex 21.91 13.132 0.345
endloop
endfacet
facet normal -0.6149598924630363 -0.3483457502677872 -0.7074458063570832
outer loop
vertex 22.528 12.041 0.345
vertex 21.91 13.132 0.345
vertex 22.617 12.089 0.244
endloop
endfacet
facet normal -0.6143214594321886 -0.34783498159630855 -0.7082513466693878
outer loop
vertex 22.617 12.089 0.244
vertex 21.91 13.132 0.345
vertex 21.997 13.184 0.244
endloop
endfacet
facet normal -0.5187040035567221 -0.2936954175389667 -0.8029253753686204
outer loop
vertex 22.617 12.089 0.244
vertex 21.997 13.184 0.244
vertex 22.718 12.143 0.159
endloop
endfacet
facet normal -0.5190984278672025 -0.2939984732375162 -0.802559480611754
outer loop
vertex 22.718 12.143 0.159
vertex 21.997 13.184 0.244
vertex 22.095 13.243 0.159
endloop
endfacet
facet normal -0.42104359838111416 -0.23846378344675878 -0.8751327397866797
outer loop
vertex 22.718 12.143 0.159
vertex 22.095 13.243 0.159
vertex 22.828 12.202 0.09
endloop
endfacet
facet normal -0.4213936457112647 -0.23872617395045306 -0.8748926844048629
outer loop
vertex 22.828 12.202 0.09
vertex 22.095 13.243 0.159
vertex 22.202 13.307 0.09
endloop
endfacet
facet normal -0.2993578867928031 -0.16959098383013033 -0.9389482167928517
outer loop
vertex 22.828 12.202 0.09
vertex 22.202 13.307 0.09
vertex 22.946 12.265 0.041
endloop
endfacet
facet normal -0.2987218227516718 -0.16912333619334127 -0.9392350982404528
outer loop
vertex 22.946 12.265 0.041
vertex 22.202 13.307 0.09
vertex 22.317 13.376 0.041
endloop
endfacet
facet normal -0.18870754379664395 -0.10683802434571504 -0.9762044352839941
outer loop
vertex 22.946 12.265 0.041
vertex 22.317 13.376 0.041
vertex 23.069 12.331 0.01
endloop
endfacet
facet normal -0.1893402195782444 -0.10729844135454647 -0.9760314163657577
outer loop
vertex 23.069 12.331 0.01
vertex 22.317 13.376 0.041
vertex 22.436 13.448 0.01
endloop
endfacet
facet normal -0.06083796851513609 -0.03447666434206003 -0.9975520543825251
outer loop
vertex 23.069 12.331 0.01
vertex 22.436 13.448 0.01
vertex 23.195 12.398 0.0
endloop
endfacet
facet normal -0.06104567457419794 -0.03462697658393952 -0.997534158867974
outer loop
vertex 23.195 12.398 0.0
vertex 22.436 13.448 0.01
vertex 22.558 13.521 0.0
endloop
endfacet
facet normal 0.0 0.0 -1.0
outer loop
vertex 22.558 13.521 0.0
vertex 21.868 14.611 0.0
vertex 30.021 17.994 0.0
endloop
endfacet
facet normal -0.0 0.0 -1.0
outer loop
vertex 30.021 17.994 0.0
vertex 21.868 14.611 0.0
vertex 29.101 19.445 0.0
endloop
endfacet
facet normal 0.8445470993869619 0.535481275972437 0.0
outer loop
vertex 30.021 17.994 0.0
vertex 29.101 19.445 0.0
vertex 30.021 17.994 3.0
endloop
endfacet
facet normal 0.8445470993869619 0.535481275972437 -0.0
outer loop
vertex 30.021 17.994 3.0
vertex 29.101 19.445 0.0
vertex 29.101 19.445 3.0
endloop
endfacet
facet normal 0.0 0.0 1.0
outer loop
vertex 30.021 17.994 3.0
vertex 29.101 19.445 3.0
vertex 25.56 15.32 3.0
endloop
endfacet
facet normal 0.0 -0.0 1.0
outer loop
vertex 25.56 15.32 3.0
vertex 29.101 19.445 3.0
vertex 24.778 16.556 3.0
endloop
endfacet
facet normal 0.8450662272349784 0.5346616421502853 0.0
outer loop
vertex 25.56 15.32 3.0
vertex 24.778 16.556 3.0
vertex 25.56 15.32 52.0
endloop
endfacet
facet normal 0.8450662272349784 0.5346616421502853 -0.0
outer loop
vertex 25.56 15.32 52.0
vertex 24.778 16.556 3.0
vertex 24.778 16.556 52.0
endloop
endfacet
facet normal 0.5978395990485103 0.3782447948672612 0.7067663609463455
outer loop
vertex 25.56 15.32 52.0
vertex 24.778 16.556 52.0
vertex 24.703 14.806 53.0
endloop
endfacet
facet normal 0.5970799028472583 0.37855065867284166 0.7072446453910176
outer loop
vertex 24.703 14.806 53.0
vertex 24.778 16.556 52.0
vertex 23.946 16.0 53.0
endloop
endfacet
facet normal 0.0 0.0 1.0
outer loop
vertex 24.703 14.806 53.0
vertex 23.946 16.0 53.0
vertex 21.701 13.007 53.0
endloop
endfacet
facet normal 0.0 -0.0 1.0
outer loop
vertex 21.701 13.007 53.0
vertex 23.946 16.0 53.0
vertex 21.036 14.056 53.0
endloop
endfacet
facet normal -0.8445885020132177 -0.5354159712476543 0.0
outer loop
vertex 21.701 13.007 53.0
vertex 21.036 14.056 53.0
vertex 21.701 13.007 1.0
endloop
endfacet
facet normal -0.8445885020132177 -0.5354159712476543 -0.0
outer loop
vertex 21.701 13.007 1.0
vertex 21.036 14.056 53.0
vertex 21.036 14.056 1.0
endloop
endfacet
facet normal -0.8427308002927838 -0.534238305238037 -0.06628899949670546
outer loop
vertex 21.701 13.007 1.0
vertex 21.036 14.056 1.0
vertex 21.709 13.012 0.858
endloop
endfacet
facet normal -0.8427427091755819 -0.5329344370405574 -0.07593162679453515
outer loop
vertex 21.709 13.012 0.858
vertex 21.036 14.056 1.0
vertex 21.045 14.062 0.858
endloop
endfacet
facet normal -0.8257802601605365 -0.5222077073777097 -0.21304007201583675
outer loop
vertex 21.709 13.012 0.858
vertex 21.045 14.062 0.858
vertex 21.735 13.028 0.718
endloop
endfacet
facet normal -0.8264496089760522 -0.5234180856848331 -0.2073994971096962
outer loop
vertex 21.735 13.028 0.718
vertex 21.045 14.062 0.858
vertex 21.07 14.078 0.718
endloop
endfacet
facet normal -0.7913636888483084 -0.5011970029372619 -0.3500643886760034
outer loop
vertex 21.735 13.028 0.718
vertex 21.07 14.078 0.718
vertex 21.778 13.053 0.585
endloop
endfacet
facet normal -0.7914942297961353 -0.5013548445147399 -0.3495428501357503
outer loop
vertex 21.778 13.053 0.585
vertex 21.07 14.078 0.718
vertex 21.111 14.106 0.585
endloop
endfacet
facet normal -0.7420175936223866 -0.4700149429687852 -0.4780123891081613
outer loop
vertex 21.778 13.053 0.585
vertex 21.111 14.106 0.585
vertex 21.837 13.088 0.459
endloop
endfacet
facet normal -0.7421938891949463 -0.47019669684793464 -0.4775597314629569
outer loop
vertex 21.837 13.088 0.459
vertex 21.111 14.106 0.585
vertex 21.168 14.144 0.459
endloop
endfacet
facet normal -0.676611797055541 -0.42864895097552724 -0.5987124125261241
outer loop
vertex 21.837 13.088 0.459
vertex 21.168 14.144 0.459
vertex 21.91 13.132 0.345
endloop
endfacet
facet normal -0.6754843820171604 -0.42759435880520197 -0.6007361433848165
outer loop
vertex 21.91 13.132 0.345
vertex 21.168 14.144 0.459
vertex 21.239 14.192 0.345
endloop
endfacet
facet normal -0.5965089452902257 -0.3776014172544725 -0.7082331874998208
outer loop
vertex 21.91 13.132 0.345
vertex 21.239 14.192 0.345
vertex 21.997 13.184 0.244
endloop
endfacet
facet normal -0.5975566180345161 -0.3785274065369018 -0.7068543631778746
outer loop
vertex 21.997 13.184 0.244
vertex 21.239 14.192 0.345
vertex 21.323 14.248 0.244
endloop
endfacet
facet normal -0.5039360384274301 -0.31922264088354096 -0.8025866773884337
outer loop
vertex 21.997 13.184 0.244
vertex 21.323 14.248 0.244
vertex 22.095 13.243 0.159
endloop
endfacet
facet normal -0.5049538747727454 -0.32008780264152487 -0.8016017608214885
outer loop
vertex 22.095 13.243 0.159
vertex 21.323 14.248 0.244
vertex 21.418 14.311 0.159
endloop
endfacet
facet normal -0.4090741579627002 -0.2593101169857191 -0.8748809041897991
outer loop
vertex 22.095 13.243 0.159
vertex 21.418 14.311 0.159
vertex 22.202 13.307 0.09
endloop
endfacet
facet normal -0.40751797797698397 -0.2580188314938086 -0.8759882306401838
outer loop
vertex 22.202 13.307 0.09
vertex 21.418 14.311 0.159
vertex 21.522 14.381 0.09
endloop
endfacet
facet normal -0.29002149974719343 -0.1836262754451513 -0.9392384791151447
outer loop
vertex 22.202 13.307 0.09
vertex 21.522 14.381 0.09
vertex 22.317 13.376 0.041
endloop
endfacet
facet normal -0.2912672838046851 -0.18464024293086634 -0.9386540097796799
outer loop
vertex 22.317 13.376 0.041
vertex 21.522 14.381 0.09
vertex 21.633 14.455 0.041
endloop
endfacet
facet normal -0.18377569350736492 -0.11649914213071151 -0.9760401858318617
outer loop
vertex 22.317 13.376 0.041
vertex 21.633 14.455 0.041
vertex 22.436 13.448 0.01
endloop
endfacet
facet normal -0.18360891868480111 -0.11636469293031239 -0.9760876104216425
outer loop
vertex 22.436 13.448 0.01
vertex 21.633 14.455 0.041
vertex 21.749 14.532 0.01
endloop
endfacet
facet normal -0.05928358775041815 -0.03757179408167652 -0.9975338673513409
outer loop
vertex 22.436 13.448 0.01
vertex 21.749 14.532 0.01
vertex 22.558 13.521 0.0
endloop
endfacet
facet normal -0.05902384231519065 -0.03736371669493727 -0.9975570854407743
outer loop
vertex 22.558 13.521 0.0
vertex 21.749 14.532 0.01
vertex 21.868 14.611 0.0
endloop
endfacet
facet normal 0.0 0.0 -1.0
outer loop
vertex 21.868 14.611 0.0
vertex 21.124 15.667 0.0
vertex 29.101 19.445 0.0
endloop
endfacet
facet normal -0.0 0.0 -1.0
outer loop
vertex 29.101 19.445 0.0
vertex 21.124 15.667 0.0
vertex 28.112 20.849 0.0
endloop
endfacet
facet normal 0.8175322772943157 0.5758827793761245 0.0
outer loop
vertex 29.101 19.445 0.0
vertex 28.112 20.849 0.0
vertex 29.101 19.445 3.0
endloop
endfacet
facet normal 0.8175322772943157 0.5758827793761245 -0.0
outer loop
vertex 29.101 19.445 3.0
vertex 28.112 20.849 0.0
vertex 28.112 20.849 3.0
endloop
endfacet
facet normal 0.0 0.0 1.0
outer loop
vertex 29.101 19.445 3.0
vertex 28.112 20.849 3.0
vertex 24.778 16.556 3.0
endloop
endfacet
facet normal 0.0 -0.0 0.9999999999999999
outer loop
vertex 24.778 16.556 3.0
vertex 28.112 20.849 3.0
vertex 23.936 17.752 3.0
endloop
endfacet
facet normal 0.817687227320975 0.5756627469935294 0.0
outer loop
vertex 24.778 16.556 3.0
vertex 23.936 17.752 3.0
vertex 24.778 16.556 52.0
endloop
endfacet
facet normal 0.817687227320975 0.5756627469935294 -0.0
outer loop
vertex 24.778 16.556 52.0
vertex 23.936 17.752 3.0
vertex 23.936 17.752 52.0
endloop
endfacet
facet normal 0.5780811058050283 0.40697683201323903 0.7072425986291433
outer loop
vertex 24.778 16.556 52.0
vertex 23.936 17.752 52.0
vertex 23.946 16.0 53.0
endloop
endfacet
facet normal 0.5780047232843118 0.407003325911272 0.707289779763704
outer loop
vertex 23.946 16.0 53.0
vertex 23.936 17.752 52.0
vertex 23.132 17.156 53.0
endloop
endfacet
facet normal 0.0 0.0 1.0
outer loop
vertex 23.946 16.0 53.0
vertex 23.132 17.156 53.0
vertex 21.036 14.056 53.0
endloop
endfacet
facet normal 0.0 -0.0 1.0
outer loop
vertex 21.036 14.056 53.0
vertex 23.132 17.156 53.0
vertex 20.321 15.071 53.0
endloop
endfacet
facet normal -0.817525525008853 -0.5758923649077138 0.0
outer loop
vertex 21.036 14.056 53.0
vertex 20.321 15.071 53.0
vertex 21.036 14.056 1.0
endloop
endfacet
facet normal -0.817525525008853 -0.5758923649077138 -0.0
outer loop
vertex 21.036 14.056 1.0
vertex 20.321 15.071 53.0
vertex 20.321 15.071 1.0
endloop
endfacet
facet normal -0.8151655355527174 -0.574229909280978 -0.07592865687085058
outer loop
vertex 21.036 14.056 1.0
vertex 20.321 15.071 1.0
vertex 21.045 14.062 0.858
endloop
endfacet
facet normal -0.8151292788227077 -0.5750074518591717 -0.07021886578687396
outer loop
vertex 21.045 14.062 0.858
vertex 20.321 15.071 1.0
vertex 20.329 15.077 0.858
endloop
endfacet
facet normal -0.7994130257883059 -0.5639209127728351 -0.2072004303505135
outer loop
vertex 21.045 14.062 0.858
vertex 20.329 15.077 0.858
vertex 21.07 14.078 0.718
endloop
endfacet
facet normal -0.7985779822248581 -0.5622240268171077 -0.21488915741663311
outer loop
vertex 21.07 14.078 0.718
vertex 20.329 15.077 0.858
vertex 20.354 15.095 0.718
endloop
endfacet
facet normal -0.7660549513530686 -0.5393267897431635 -0.3496947602878562
outer loop
vertex 21.07 14.078 0.718
vertex 20.354 15.095 0.718
vertex 21.111 14.106 0.585
endloop
endfacet
facet normal -0.765569036115636 -0.5386781147153217 -0.3517526683164217
outer loop
vertex 21.111 14.106 0.585
vertex 20.354 15.095 0.718
vertex 20.394 15.125 0.585
endloop
endfacet
facet normal -0.7185560955023514 -0.5055983517911558 -0.4775431334261676
outer loop
vertex 21.111 14.106 0.585
vertex 20.394 15.125 0.585
vertex 21.168 14.144 0.459
endloop
endfacet
facet normal -0.718376055968519 -0.5053937223496705 -0.4780303626556159
outer loop
vertex 21.168 14.144 0.459
vertex 20.394 15.125 0.585
vertex 20.449 15.166 0.459
endloop
endfacet
facet normal -0.6537826776560791 -0.4599508270398427 -0.6008439457148687
outer loop
vertex 21.168 14.144 0.459
vertex 20.449 15.166 0.459
vertex 21.239 14.192 0.345
endloop
endfacet
facet normal -0.6555151804880781 -0.4617384978657494 -0.5975762777573785
outer loop
vertex 21.239 14.192 0.345
vertex 20.449 15.166 0.459
vertex 20.517 15.217 0.345
endloop
endfacet
facet normal -0.5783123321984817 -0.4073575647290774 -0.7068342527673291
outer loop
vertex 21.239 14.192 0.345
vertex 20.517 15.217 0.345
vertex 21.323 14.248 0.244
endloop
endfacet
facet normal -0.5786903771519002 -0.4077264562051783 -0.7063119596199389
outer loop
vertex 21.323 14.248 0.244
vertex 20.517 15.217 0.345
vertex 20.598 15.277 0.244
endloop
endfacet
facet normal -0.48879201157409347 -0.3443869858029334 -0.8015484847661566
outer loop
vertex 21.323 14.248 0.244
vertex 20.598 15.277 0.244
vertex 21.418 14.311 0.159
endloop
endfacet
facet normal -0.48773463299742326 -0.3433953702341614 -0.8026173107257355
outer loop
vertex 21.418 14.311 0.159
vertex 20.598 15.277 0.244
vertex 20.69 15.345 0.159
endloop
endfacet
facet normal -0.3943363898766748 -0.27763722614141034 -0.8760230489430827
outer loop
vertex 21.418 14.311 0.159
vertex 20.69 15.345 0.159
vertex 21.522 14.381 0.09
endloop
endfacet
facet normal -0.3946658803920787 -0.2779390737635922 -0.8757789185232663
outer loop
vertex 21.522 14.381 0.09
vertex 20.69 15.345 0.159
vertex 20.791 15.419 0.09
endloop
endfacet
facet normal -0.28197333172576483 -0.19857659488587043 -0.9386470988390709
outer loop
vertex 21.522 14.381 0.09
vertex 20.791 15.419 0.09
vertex 21.633 14.455 0.041
endloop
endfacet
facet normal -0.2816600187401699 -0.19829512813603886 -0.9388006582873698
outer loop
vertex 21.633 14.455 0.041
vertex 20.791 15.419 0.09
vertex 20.898 15.499 0.041
endloop
endfacet
facet normal -0.17777180482349803 -0.1251554373038993 -0.9760805816750305
outer loop
vertex 21.633 14.455 0.041
vertex 20.898 15.499 0.041
vertex 21.749 14.532 0.01
endloop
endfacet
facet normal -0.17756747640597387 -0.12497368101334674 -0.9761410606960389
outer loop
vertex 21.749 14.532 0.01
vertex 20.898 15.499 0.041
vertex 21.01 15.582 0.01
endloop
endfacet
facet normal -0.057133504470959245 -0.04021110457527494 -0.9975564293490885
outer loop
vertex 21.749 14.532 0.01
vertex 21.01 15.582 0.01
vertex 21.868 14.611 0.0
endloop
endfacet
facet normal -0.05736704457309789 -0.040417690494682613 -0.9975346773380984
outer loop
vertex 21.868 14.611 0.0
vertex 21.01 15.582 0.01
vertex 21.124 15.667 0.0
endloop
endfacet
facet normal 0.0 0.0 -1.0
outer loop
vertex 21.124 15.667 0.0
vertex 20.33 16.685 0.0
vertex 28.112 20.849 0.0
endloop
endfacet
facet normal -0.0 0.0 -1.0
outer loop
vertex 28.112 20.849 0.0
vertex 20.33 16.685 0.0
vertex 27.055 22.204 0.0
endloop
endfacet
facet normal 0.788474085729856 0.6150679768387132 0.0
outer loop
vertex 28.112 20.849 0.0
vertex 27.055 22.204 0.0
vertex 28.112 20.849 3.0
endloop
endfacet
facet normal 0.788474085729856 0.6150679768387132 -0.0
outer loop
vertex 28.112 20.849 3.0
vertex 27.055 22.204 0.0
vertex 27.055 22.204 3.0
endloop
endfacet
facet normal 0.0 0.0 0.9999999999999999
outer loop
vertex 28.112 20.849 3.0
vertex 27.055 22.204 3.0
vertex 23.936 17.752 3.0
endloop
endfacet
facet normal 0.0 -0.0 1.0
outer loop
vertex 23.936 17.752 3.0
vertex 27.055 22.204 3.0
vertex 23.036 18.905 3.0
endloop
endfacet
facet normal 0.7882834307933265 0.6153123050424903 0.0
outer loop
vertex 23.936 17.752 3.0
vertex 23.036 18.905 3.0
vertex 23.936 17.752 52.0
endloop
endfacet
facet normal 0.7882834307933265 0.6153123050424903 -0.0
outer loop
vertex 23.936 17.752 52.0
vertex 23.036 18.905 3.0
vertex 23.036 18.905 52.0
endloop
endfacet
facet normal 0.5572595515242451 0.43498143657573185 0.7072856156246284
outer loop
vertex 23.936 17.752 52.0
vertex 23.036 18.905 52.0
vertex 23.132 17.156 53.0
endloop
endfacet
facet normal 0.557883279532097 0.4347987174111133 0.7069061619169569
outer loop
vertex 23.132 17.156 53.0
vertex 23.036 18.905 52.0
vertex 22.263 18.271 53.0
endloop
endfacet
facet normal 0.0 0.0 1.0
outer loop
vertex 23.132 17.156 53.0
vertex 22.263 18.271 53.0
vertex 20.321 15.071 53.0
endloop
endfacet
facet normal 0.0 -0.0 1.0
outer loop
vertex 20.321 15.071 53.0
vertex 22.263 18.271 53.0
vertex 19.557 16.05 53.0
endloop
endfacet
facet normal -0.788353886907942 -0.6152220322754539 0.0
outer loop
vertex 20.321 15.071 53.0
vertex 19.557 16.05 53.0
vertex 20.321 15.071 1.0
endloop
endfacet
facet normal -0.788353886907942 -0.6152220322754539 -0.0
outer loop
vertex 20.321 15.071 1.0
vertex 19.557 16.05 53.0
vertex 19.557 16.05 1.0
endloop
endfacet
facet normal -0.7864069858911965 -0.6137026937904758 -0.07023571866106941
outer loop
vertex 20.321 15.071 1.0
vertex 19.557 16.05 1.0
vertex 20.329 15.077 0.858
endloop
endfacet
facet normal -0.7864648206879072 -0.6131215540873077 -0.07453217918391002
outer loop
vertex 20.329 15.077 0.858
vertex 19.557 16.05 1.0
vertex 19.565 16.057 0.858
endloop
endfacet
facet normal -0.7702579772075513 -0.6004868312107852 -0.21475151708558726
outer loop
vertex 20.329 15.077 0.858
vertex 19.565 16.057 0.858
vertex 20.354 15.095 0.718
endloop
endfacet
facet normal -0.7708876453537182 -0.6019367342925045 -0.20833724139067147
outer loop
vertex 20.354 15.095 0.718
vertex 19.565 16.057 0.858
vertex 19.588 16.076 0.718
endloop
endfacet
facet normal -0.7377875121454592 -0.5760909625926816 -0.35183631100449486
outer loop
vertex 20.354 15.095 0.718
vertex 19.588 16.076 0.718
vertex 20.394 15.125 0.585
endloop
endfacet
facet normal -0.7380227430092936 -0.5764393522282365 -0.3507707285446283
outer loop
vertex 20.394 15.125 0.585
vertex 19.588 16.076 0.718
vertex 19.627 16.107 0.585
endloop
endfacet
facet normal -0.6922002735334564 -0.5406492971488402 -0.4780764779955956
outer loop
vertex 20.394 15.125 0.585
vertex 19.627 16.107 0.585
vertex 20.449 15.166 0.459
endloop
endfacet
facet normal -0.6916939179515963 -0.5400128151317555 -0.4795265199780373
outer loop
vertex 20.449 15.166 0.459
vertex 19.627 16.107 0.585
vertex 19.68 16.151 0.459
endloop
endfacet
facet normal -0.6319546491630829 -0.49337373117402256 -0.5976752318681006
outer loop
vertex 20.449 15.166 0.459
vertex 19.68 16.151 0.459
vertex 20.517 15.217 0.345
endloop
endfacet
facet normal -0.6313455332540167 -0.49267956086927983 -0.5988903638746033
outer loop
vertex 20.517 15.217 0.345
vertex 19.68 16.151 0.459
vertex 19.746 16.205 0.345
endloop
endfacet
facet normal -0.5580918306645877 -0.43551498121700255 -0.7063003678896133
outer loop
vertex 20.517 15.217 0.345
vertex 19.746 16.205 0.345
vertex 20.598 15.277 0.244
endloop
endfacet
facet normal -0.5578609911042547 -0.43526653943013316 -0.706635800293684
outer loop
vertex 20.598 15.277 0.244
vertex 19.746 16.205 0.345
vertex 19.824 16.269 0.244
endloop
endfacet
facet normal -0.47030433403217736 -0.36695116385171805 -0.8025962102691613
outer loop
vertex 20.598 15.277 0.244
vertex 19.824 16.269 0.244
vertex 20.69 15.345 0.159
endloop
endfacet
facet normal -0.4704875551693695 -0.36714074014219783 -0.8024021045327516
outer loop
vertex 20.69 15.345 0.159
vertex 19.824 16.269 0.244
vertex 19.912 16.342 0.159
endloop
endfacet
facet normal -0.38063975966026387 -0.29702881947410903 -0.8757209908227584
outer loop
vertex 20.69 15.345 0.159
vertex 19.912 16.342 0.159
vertex 20.791 15.419 0.09
endloop
endfacet
facet normal -0.38080209229583806 -0.297192850474397 -0.8755947556547006
outer loop
vertex 20.791 15.419 0.09
vertex 19.912 16.342 0.159
vertex 20.009 16.421 0.09
endloop
endfacet
facet normal -0.2715038682542238 -0.2118922404938156 -0.9388223090348375
outer loop
vertex 20.791 15.419 0.09
vertex 20.009 16.421 0.09
vertex 20.898 15.499 0.041
endloop
endfacet
facet normal -0.27162887737912045 -0.21201618432968133 -0.9387581640422847
outer loop
vertex 20.898 15.499 0.041
vertex 20.009 16.421 0.09
vertex 20.112 16.506 0.041
endloop
endfacet
facet normal -0.17117085106156527 -0.13360505355947425 -0.9761404762687742
outer loop
vertex 20.898 15.499 0.041
vertex 20.112 16.506 0.041
vertex 21.01 15.582 0.01
endloop
endfacet
facet normal -0.17125249055066347 -0.13368524459982659 -0.9761151775566649
outer loop
vertex 21.01 15.582 0.01
vertex 20.112 16.506 0.041
vertex 20.22 16.594 0.01
endloop
endfacet
facet normal -0.055309924343894167 -0.0431767195965183 -0.9975352540907797
outer loop
vertex 21.01 15.582 0.01
vertex 20.22 16.594 0.01
vertex 21.124 15.667 0.0
endloop
endfacet
facet normal -0.05512064432310972 -0.042991936731384274 -0.9975537118097902
outer loop
vertex 21.124 15.667 0.0
vertex 20.22 16.594 0.01
vertex 20.33 16.685 0.0
endloop
endfacet
facet normal 0.0 0.0 -0.9999999999999999
outer loop
vertex 20.33 16.685 0.0
vertex 19.487 17.662 0.0
vertex 27.055 22.204 0.0
endloop
endfacet
facet normal -0.0 0.0 -1.0
outer loop
vertex 27.055 22.204 0.0
vertex 19.487 17.662 0.0
vertex 25.933 23.505 0.0
endloop
endfacet
facet normal 0.75728090539885 0.6530892973539667 0.0
outer loop
vertex 27.055 22.204 0.0
vertex 25.933 23.505 0.0
vertex 27.055 22.204 3.0
endloop
endfacet
facet normal 0.75728090539885 0.6530892973539667 -0.0
outer loop
vertex 27.055 22.204 3.0
vertex 25.933 23.505 0.0
vertex 25.933 23.505 3.0
endloop
endfacet
facet normal 0.0 0.0 1.0
outer loop
vertex 27.055 22.204 3.0
vertex 25.933 23.505 3.0
vertex 23.036 18.905 3.0
endloop
endfacet
facet normal 0.0 -0.0 1.0
outer loop
vertex 23.036 18.905 3.0
vertex 25.933 23.505 3.0
vertex 22.08 20.012 3.0
endloop
endfacet
facet normal 0.7568383803400726 0.6536020701039856 0.0
outer loop
vertex 23.036 18.905 3.0
vertex 22.08 20.012 3.0
vertex 23.036 18.905 52.0
endloop
endfacet
facet normal 0.7568383803400726 0.6536020701039856 -0.0
outer loop
vertex 23.036 18.905 52.0
vertex 22.08 20.012 3.0
vertex 22.08 20.012 52.0
endloop
endfacet
facet normal 0.5353208302728296 0.46230055441809126 0.7069015533019671
outer loop
vertex 23.036 18.905 52.0
vertex 22.08 20.012 52.0
vertex 22.263 18.271 53.0
endloop
endfacet
facet normal 0.5353421300520886 0.4622954468861041 0.706888763229173
outer loop
vertex 22.263 18.271 53.0
vertex 22.08 20.012 52.0
vertex 21.339 19.341 53.0
endloop
endfacet
facet normal 0.0 0.0 1.0
outer loop
vertex 22.263 18.271 53.0
vertex 21.339 19.341 53.0
vertex 19.557 16.05 53.0
endloop
endfacet
facet normal 0.0 -0.0 1.0
outer loop
vertex 19.557 16.05 53.0
vertex 21.339 19.341 53.0
vertex 18.746 16.99 53.0
endloop
endfacet
facet normal -0.7571489175726673 -0.6532423107993985 0.0
outer loop
vertex 19.557 16.05 53.0
vertex 18.746 16.99 53.0
vertex 19.557 16.05 1.0
endloop
endfacet
facet normal -0.7571489175726673 -0.6532423107993985 -0.0
outer loop
vertex 19.557 16.05 1.0
vertex 18.746 16.99 53.0
vertex 18.746 16.99 1.0
endloop
endfacet
facet normal -0.755036346326872 -0.6514196562458454 -0.07464949552349616
outer loop
vertex 19.557 16.05 1.0
vertex 18.746 16.99 1.0
vertex 19.565 16.057 0.858
endloop
endfacet
facet normal -0.7550363463268723 -0.6514196562458432 -0.07464949552351297
outer loop
vertex 19.565 16.057 0.858
vertex 18.746 16.99 1.0
vertex 18.754 16.997 0.858
endloop
endfacet
facet normal -0.7405300494306774 -0.6389041171151899 -0.20836692401496568
outer loop
vertex 19.565 16.057 0.858
vertex 18.754 16.997 0.858
vertex 19.588 16.076 0.718
endloop
endfacet
facet normal -0.7402158052036909 -0.6380628809186814 -0.21202905866980626
outer loop
vertex 19.588 16.076 0.718
vertex 18.754 16.997 0.858
vertex 18.776 17.018 0.718
endloop
endfacet
facet normal -0.7093768198690357 -0.6114798065113138 -0.35053812012587166
outer loop
vertex 19.588 16.076 0.718
vertex 18.776 17.018 0.718
vertex 19.627 16.107 0.585
endloop
endfacet
facet normal -0.7096395366547362 -0.6119137530052499 -0.3492467421458375
outer loop
vertex 19.627 16.107 0.585
vertex 18.776 17.018 0.718
vertex 18.813 17.051 0.585
endloop
endfacet
facet normal -0.6645338448315875 -0.5730196500984246 -0.47962824111433083
outer loop
vertex 19.627 16.107 0.585
vertex 18.813 17.051 0.585
vertex 19.68 16.151 0.459
endloop
endfacet
facet normal -0.6649003016396463 -0.5735292242473042 -0.4785099976111186
outer loop
vertex 19.68 16.151 0.459
vertex 18.813 17.051 0.585
vertex 18.864 17.097 0.459
endloop
endfacet
facet normal -0.6064200610431166 -0.5230853803500864 -0.598862583927622
outer loop
vertex 19.68 16.151 0.459
vertex 18.864 17.097 0.459
vertex 19.746 16.205 0.345
endloop
endfacet
facet normal -0.6070848635580951 -0.5239225534816422 -0.597455543443966
outer loop
vertex 19.746 16.205 0.345
vertex 18.864 17.097 0.459
vertex 18.927 17.154 0.345
endloop
endfacet
facet normal -0.5356780316911978 -0.462297479404731 -0.7066329223150282
outer loop
vertex 19.746 16.205 0.345
vertex 18.927 17.154 0.345
vertex 19.824 16.269 0.244
endloop
endfacet
facet normal -0.5348985226808213 -0.4613710237603727 -0.7078279090769031
outer loop
vertex 19.824 16.269 0.244
vertex 18.927 17.154 0.345
vertex 19.002 17.222 0.244
endloop
endfacet
facet normal -0.45182889483083927 -0.3897202009978488 -0.8024766755053623
outer loop
vertex 19.824 16.269 0.244
vertex 19.002 17.222 0.244
vertex 19.912 16.342 0.159
endloop
endfacet
facet normal -0.4527588742354665 -0.39078247661284776 -0.8014352486466775
outer loop
vertex 19.912 16.342 0.159
vertex 19.002 17.222 0.244
vertex 19.086 17.299 0.159
endloop
endfacet
facet normal -0.3657290873803252 -0.31566585807330055 -0.8755554241113472
outer loop
vertex 19.912 16.342 0.159
vertex 19.086 17.299 0.159
vertex 20.009 16.421 0.09
endloop
endfacet
facet normal -0.3652545926967938 -0.3151364988964029 -0.875944101856515
outer loop
vertex 20.009 16.421 0.09
vertex 19.086 17.299 0.159
vertex 19.179 17.383 0.09
endloop
endfacet
facet normal -0.2608636191695397 -0.2250694427346346 -0.9387725593246163
outer loop
vertex 20.009 16.421 0.09
vertex 19.179 17.383 0.09
vertex 20.112 16.506 0.041
endloop
endfacet
facet normal -0.26049787137153374 -0.22466931202053708 -0.9389699458700042
outer loop
vertex 20.112 16.506 0.041
vertex 19.179 17.383 0.09
vertex 19.278 17.473 0.041
endloop
endfacet
facet normal -0.16454532201624372 -0.1419139592156643 -0.9761071996365488
outer loop
vertex 20.112 16.506 0.041
vertex 19.278 17.473 0.041
vertex 20.22 16.594 0.01
endloop
endfacet
facet normal -0.16430611984570892 -0.14165486464064195 -0.9761851250172218
outer loop
vertex 20.22 16.594 0.01
vertex 19.278 17.473 0.041
vertex 19.382 17.566 0.01
endloop
endfacet
facet normal -0.052933386375111885 -0.045635985372781615 -0.9975547170185295
outer loop
vertex 20.22 16.594 0.01
vertex 19.382 17.566 0.01
vertex 20.33 16.685 0.0
endloop
endfacet
facet normal -0.05310760037155985 -0.0458236510882548 -0.9975368543486083
outer loop
vertex 20.33 16.685 0.0
vertex 19.382 17.566 0.01
vertex 19.487 17.662 0.0
endloop
endfacet
facet normal 0.0 0.0 -1.0
outer loop
vertex 19.487 17.662 0.0
vertex 18.597 18.597 0.0
vertex 25.933 23.505 0.0
endloop
endfacet
facet normal -0.0 0.0 -0.9999999999999999
outer loop
vertex 25.933 23.505 0.0
vertex 18.597 18.597 0.0
vertex 24.749 24.749 0.0
endloop
endfacet
facet normal 0.7243594518179691 0.6894225007656563 0.0
outer loop
vertex 25.933 23.505 0.0
vertex 24.749 24.749 0.0
vertex 25.933 23.505 3.0
endloop
endfacet
facet normal 0.7243594518179691 0.6894225007656563 -0.0
outer loop
vertex 25.933 23.505 3.0
vertex 24.749 24.749 0.0
vertex 24.749 24.749 3.0
endloop
endfacet
facet normal 0.0 0.0 1.0
outer loop
vertex 25.933 23.505 3.0
vertex 24.749 24.749 3.0
vertex 22.08 20.012 3.0
endloop
endfacet
facet normal 0.0 -0.0 1.0
outer loop
vertex 22.08 20.012 3.0
vertex 24.749 24.749 3.0
vertex 21.072 21.072 3.0
endloop
endfacet
facet normal 0.7246579739165505 0.6891087148187577 0.0
outer loop
vertex 22.08 20.012 3.0
vertex 21.072 21.072 3.0
vertex 22.08 20.012 52.0
endloop
endfacet
facet normal 0.7246579739165505 0.6891087148187577 -0.0
outer loop
vertex 22.08 20.012 52.0
vertex 21.072 21.072 3.0
vertex 21.072 21.072 52.0
endloop
endfacet
facet normal 0.5125736663827685 0.4874285431262554 0.7068816392273483
outer loop
vertex 22.08 20.012 52.0
vertex 21.072 21.072 52.0
vertex 21.339 19.341 53.0
endloop
endfacet
facet normal 0.5124709717774598 0.4874479751086399 0.7069426954484732
outer loop
vertex 21.339 19.341 53.0
vertex 21.072 21.072 52.0
vertex 20.365 20.365 53.0
endloop
endfacet
facet normal 0.0 0.0 1.0
outer loop
vertex 21.339 19.341 53.0
vertex 20.365 20.365 53.0
vertex 18.746 16.99 53.0
endloop
endfacet
facet normal 0.0 -0.0 1.0
outer loop
vertex 18.746 16.99 53.0
vertex 20.365 20.365 53.0
vertex 17.89 17.89 53.0
endloop
endfacet
facet normal -0.7245972850205737 -0.6891725288640091 0.0
outer loop
vertex 18.746 16.99 53.0
vertex 17.89 17.89 53.0
vertex 18.746 16.99 1.0
endloop
endfacet
facet normal -0.7245972850205737 -0.6891725288640091 -0.0
outer loop
vertex 18.746 16.99 1.0
vertex 17.89 17.89 53.0
vertex 17.89 17.89 1.0
endloop
endfacet
facet normal -0.7225789087367408 -0.6872528287540525 -0.0745873314871494
outer loop
vertex 18.746 16.99 1.0
vertex 17.89 17.89 1.0
vertex 18.754 16.997 0.858
endloop
endfacet
facet normal -0.7224429229564954 -0.6879262055263551 -0.06952523872800695
outer loop
vertex 18.754 16.997 0.858
vertex 17.89 17.89 1.0
vertex 17.897 17.897 0.858
endloop
endfacet
facet normal -0.7076885854918675 -0.6738767975183706 -0.21228972591933068
outer loop
vertex 18.754 16.997 0.858
vertex 17.897 17.897 0.858
vertex 18.776 17.018 0.718
endloop
endfacet
facet normal -0.708046727409002 -0.6750045467965834 -0.20745769113084567
outer loop
vertex 18.776 17.018 0.718
vertex 17.897 17.897 0.858
vertex 17.918 17.918 0.718
endloop
endfacet
facet normal -0.6782508731411017 -0.6465991657278517 -0.349120712595772
outer loop
vertex 18.776 17.018 0.718
vertex 17.918 17.918 0.718
vertex 18.813 17.051 0.585
endloop
endfacet
facet normal -0.6766837250717281 -0.6437113176485181 -0.3574001619393283
outer loop
vertex 18.813 17.051 0.585
vertex 17.918 17.918 0.718
vertex 17.954 17.954 0.585
endloop
endfacet
facet normal -0.6362198681520449 -0.6052191215311229 -0.478470578303087
outer loop
vertex 18.813 17.051 0.585
vertex 17.954 17.954 0.585
vertex 18.864 17.097 0.459
endloop
endfacet
facet normal -0.6375152038135752 -0.6072244261738171 -0.47418652570946584
outer loop
vertex 18.864 17.097 0.459
vertex 17.954 17.954 0.585
vertex 18.002 18.002 0.459
endloop
endfacet
facet normal -0.5806682972786081 -0.5530785328775278 -0.5974349044085082
outer loop
vertex 18.864 17.097 0.459
vertex 18.002 18.002 0.459
vertex 18.927 17.154 0.345
endloop
endfacet
facet normal -0.5780519495157554 -0.5494355163714122 -0.6033046966589223
outer loop
vertex 18.927 17.154 0.345
vertex 18.002 18.002 0.459
vertex 18.063 18.063 0.345
endloop
endfacet
facet normal -0.5119945191571375 -0.4866482558325277 -0.7078383201326489
outer loop
vertex 18.927 17.154 0.345
vertex 18.063 18.063 0.345
vertex 19.002 17.222 0.244
endloop
endfacet
facet normal -0.5137814157892832 -0.4889937159047121 -0.7049211321809424
outer loop
vertex 19.002 17.222 0.244
vertex 18.063 18.063 0.345
vertex 18.134 18.134 0.244
endloop
endfacet
facet normal -0.4331536108911988 -0.4122558489622372 -0.8015129845288479
outer loop
vertex 19.002 17.222 0.244
vertex 18.134 18.134 0.244
vertex 19.086 17.299 0.159
endloop
endfacet
facet normal -0.4319224344639482 -0.4107035375743429 -0.8029729851188374
outer loop
vertex 19.086 17.299 0.159
vertex 18.134 18.134 0.244
vertex 18.215 18.215 0.159
endloop
endfacet
facet normal -0.34961520267384266 -0.3324397833285113 -0.8759297920038
outer loop
vertex 19.086 17.299 0.159
vertex 18.215 18.215 0.159
vertex 19.179 17.383 0.09
endloop
endfacet
facet normal -0.3512474272010409 -0.3344486372044679 -0.8745109227200788
outer loop
vertex 19.179 17.383 0.09
vertex 18.215 18.215 0.159
vertex 18.303 18.303 0.09
endloop
endfacet
facet normal -0.24911217151897677 -0.23719811114198114 -0.9389782649623879
outer loop
vertex 19.179 17.383 0.09
vertex 18.303 18.303 0.09
vertex 19.278 17.473 0.041
endloop
endfacet
facet normal -0.2483147314785191 -0.23623455535253665 -0.9394322907948929
outer loop
vertex 19.278 17.473 0.041
vertex 18.303 18.303 0.09
vertex 18.398 18.398 0.041
endloop
endfacet
facet normal -0.15722139652364442 -0.14957278804411545 -0.9761707911794254
outer loop
vertex 19.278 17.473 0.041
vertex 18.398 18.398 0.041
vertex 19.382 17.566 0.01
endloop
endfacet
facet normal -0.15808677477575106 -0.15060740048528595 -0.9758719088897199
outer loop
vertex 19.382 17.566 0.01
vertex 18.398 18.398 0.041
vertex 18.496 18.496 0.01
endloop
endfacet
facet normal -0.05077612117233653 -0.04837381006310787 -0.9975378489153535
outer loop
vertex 19.382 17.566 0.01
vertex 18.496 18.496 0.01
vertex 19.487 17.662 0.0
endloop
endfacet
facet normal -0.05060168530143417 -0.04816631007302262 -0.9975567532820395
outer loop
vertex 19.487 17.662 0.0
vertex 18.496 18.496 0.01
vertex 18.597 18.597 0.0
endloop
endfacet
facet normal 0.0 0.0 -1.0
outer loop
vertex 18.597 18.597 0.0
vertex 17.662 19.487 0.0
vertex 24.749 24.749 0.0
endloop
endfacet
facet normal -0.0 0.0 -0.9999999999999999
outer loop
vertex 24.749 24.749 0.0
vertex 17.662 19.487 0.0
vertex 23.505 25.933 0.0
endloop
endfacet
facet normal 0.6894225007656563 0.7243594518179691 0.0
outer loop
vertex 24.749 24.749 0.0
vertex 23.505 25.933 0.0
vertex 24.749 24.749 3.0
endloop
endfacet
facet normal 0.6894225007656563 0.7243594518179691 -0.0
outer loop
vertex 24.749 24.749 3.0
vertex 23.505 25.933 0.0
vertex 23.505 25.933 3.0
endloop
endfacet
facet normal 0.0 0.0 1.0
outer loop
vertex 24.749 24.749 3.0
vertex 23.505 25.933 3.0
vertex 21.072 21.072 3.0
endloop
endfacet
facet normal 0.0 -0.0 0.9999999999999999
outer loop
vertex 21.072 21.072 3.0
vertex 23.505 25.933 3.0
vertex 20.012 22.08 3.0
endloop
endfacet
facet normal 0.6891087148187577 0.7246579739165505 0.0
outer loop
vertex 21.072 21.072 3.0
vertex 20.012 22.08 3.0
vertex 21.072 21.072 52.0
endloop
endfacet
facet normal 0.6891087148187577 0.7246579739165505 -0.0
outer loop
vertex 21.072 21.072 52.0
vertex 20.012 22.08 3.0
vertex 20.012 22.08 52.0
endloop
endfacet
facet normal 0.48738722492771175 0.5125302166898554 0.7069416312236207
outer loop
vertex 21.072 21.072 52.0
vertex 20.012 22.08 52.0
vertex 20.365 20.365 53.0
endloop
endfacet
facet normal 0.48749074641447365 0.5125159387355438 0.7068806014471494
outer loop
vertex 20.365 20.365 53.0
vertex 20.012 22.08 52.0
vertex 19.341 21.339 53.0
endloop
endfacet
facet normal 0.0 0.0 1.0
outer loop
vertex 20.365 20.365 53.0
vertex 19.341 21.339 53.0
vertex 17.89 17.89 53.0
endloop
endfacet
facet normal 0.0 -0.0 1.0
outer loop
vertex 17.89 17.89 53.0
vertex 19.341 21.339 53.0
vertex 16.99 18.746 53.0
endloop
endfacet
facet normal -0.6891725288640091 -0.7245972850205737 0.0
outer loop
vertex 17.89 17.89 53.0
vertex 16.99 18.746 53.0
vertex 17.89 17.89 1.0
endloop
endfacet
facet normal -0.6891725288640091 -0.7245972850205737 -0.0
outer loop
vertex 17.89 17.89 1.0
vertex 16.99 18.746 53.0
vertex 16.99 18.746 1.0
endloop
endfacet
facet normal -0.687504912240796 -0.7228439497858871 -0.06952423967735079
outer loop
vertex 17.89 17.89 1.0
vertex 16.99 18.746 1.0
vertex 17.897 17.897 0.858
endloop
endfacet
facet normal -0.6876741088726118 -0.7221781773457965 -0.07458552240054635
outer loop
vertex 17.897 17.897 0.858
vertex 16.99 18.746 1.0
vertex 16.997 18.754 0.858
endloop
endfacet
facet normal -0.6745924685557098 -0.7084401653443825 -0.20745489508502216
outer loop
vertex 17.897 17.897 0.858
vertex 16.997 18.754 0.858
vertex 17.918 17.918 0.718
endloop
endfacet
facet normal -0.6742888309188702 -0.7072959764883238 -0.21228983522884892
outer loop
vertex 17.918 17.918 0.718
vertex 16.997 18.754 0.858
vertex 17.018 18.776 0.718
endloop
endfacet
facet normal -0.6444397187526694 -0.6759857189713301 -0.3574083891583892
outer loop
vertex 17.918 17.918 0.718
vertex 17.018 18.776 0.718
vertex 17.954 17.954 0.585
endloop
endfacet
facet normal -0.6458633687551243 -0.678946009296717 -0.34913153017214654
outer loop
vertex 17.954 17.954 0.585
vertex 17.018 18.776 0.718
vertex 17.051 18.813 0.585
endloop
endfacet
facet normal -0.6068208527994701 -0.6379036438625425 -0.4741807606331308
outer loop
vertex 17.954 17.954 0.585
vertex 17.051 18.813 0.585
vertex 18.002 18.002 0.459
endloop
endfacet
facet normal -0.6056261346533608 -0.6358371831337458 -0.47846427407840214
outer loop
vertex 18.002 18.002 0.459
vertex 17.051 18.813 0.585
vertex 17.097 18.864 0.459
endloop
endfacet
facet normal -0.5500340992548812 -0.5774719951573841 -0.6033146645539306
outer loop
vertex 18.002 18.002 0.459
vertex 17.097 18.864 0.459
vertex 18.063 18.063 0.345
endloop
endfacet
facet normal -0.5524662382930134 -0.58124052153744 -0.5974449863119213
outer loop
vertex 18.063 18.063 0.345
vertex 17.097 18.864 0.459
vertex 17.154 18.927 0.345
endloop
endfacet
facet normal -0.4886579212941501 -0.514108854694886 -0.7049152583685453
outer loop
vertex 18.063 18.063 0.345
vertex 17.154 18.927 0.345
vertex 18.134 18.134 0.244
endloop
endfacet
facet normal -0.48699052867938486 -0.511676684511059 -0.7078327454309694
outer loop
vertex 18.134 18.134 0.244
vertex 17.154 18.927 0.345
vertex 17.222 19.002 0.244
endloop
endfacet
facet normal -0.41090019201197264 -0.4317292340033632 -0.8029762765557855
outer loop
vertex 18.134 18.134 0.244
vertex 17.222 19.002 0.244
vertex 18.215 18.215 0.159
endloop
endfacet
facet normal -0.41205321418789126 -0.43334184178657764 -0.8015154376769323
outer loop
vertex 18.215 18.215 0.159
vertex 17.222 19.002 0.244
vertex 17.299 19.086 0.159
endloop
endfacet
facet normal -0.33421314496967314 -0.3514801846064537 -0.8745074348217364
outer loop
vertex 18.215 18.215 0.159
vertex 17.299 19.086 0.159
vertex 18.303 18.303 0.09
endloop
endfacet
facet normal -0.33268286504903044 -0.34939296329350383 -0.8759261775422359
outer loop
vertex 18.303 18.303 0.09
vertex 17.299 19.086 0.159
vertex 17.383 19.179 0.09
endloop
endfacet
facet normal -0.23633948057677498 -0.2482104133911347 -0.9394334678969566
outer loop
vertex 18.303 18.303 0.09
vertex 17.383 19.179 0.09
vertex 18.398 18.398 0.041
endloop
endfacet
facet normal -0.23708850877711382 -0.24921235297594402 -0.9389793619297698
outer loop
vertex 18.398 18.398 0.041
vertex 17.383 19.179 0.09
vertex 17.473 19.278 0.041
endloop
endfacet
facet normal -0.1504989756231135 -0.1581949459674776 -0.9758711069637939
outer loop
vertex 18.398 18.398 0.041
vertex 17.473 19.278 0.041
vertex 18.496 18.496 0.01
endloop
endfacet
facet normal -0.1496861248625015 -0.1571197473161692 -0.9761697849385377
outer loop
vertex 18.496 18.496 0.01
vertex 17.473 19.278 0.041
vertex 17.566 19.382 0.01
endloop
endfacet
facet normal -0.0481874715704395 -0.050580528849332486 -0.9975568042397236
outer loop
vertex 18.496 18.496 0.01
vertex 17.566 19.382 0.01
vertex 18.597 18.597 0.0
endloop
endfacet
facet normal -0.04835164466463519 -0.050796390743184455 -0.997537891583919
outer loop
vertex 18.597 18.597 0.0
vertex 17.566 19.382 0.01
vertex 17.662 19.487 0.0
endloop
endfacet
facet normal 0.0 0.0 -1.0
outer loop
vertex 17.662 19.487 0.0
vertex 16.685 20.33 0.0
vertex 23.505 25.933 0.0
endloop
endfacet
facet normal -0.0 0.0 -0.9999999999999999
outer loop
vertex 23.505 25.933 0.0
vertex 16.685 20.33 0.0
vertex 22.204 27.055 0.0
endloop
endfacet
facet normal 0.6530892973539667 0.75728090539885 0.0
outer loop
vertex 23.505 25.933 0.0
vertex 22.204 27.055 0.0
vertex 23.505 25.933 3.0
endloop
endfacet
facet normal 0.6530892973539667 0.75728090539885 -0.0
outer loop
vertex 23.505 25.933 3.0
vertex 22.204 27.055 0.0
vertex 22.204 27.055 3.0
endloop
endfacet
facet normal 0.0 0.0 1.0
outer loop
vertex 23.505 25.933 3.0
vertex 22.204 27.055 3.0
vertex 20.012 22.08 3.0
endloop
endfacet
facet normal 0.0 -0.0 1.0
outer loop
vertex 20.012 22.08 3.0
vertex 22.204 27.055 3.0
vertex 18.905 23.036 3.0
endloop
endfacet
facet normal 0.6536020701039856 0.7568383803400726 0.0
outer loop
vertex 20.012 22.08 3.0
vertex 18.905 23.036 3.0
vertex 20.012 22.08 52.0
endloop
endfacet
facet normal 0.6536020701039856 0.7568383803400726 -0.0
outer loop
vertex 20.012 22.08 52.0
vertex 18.905 23.036 3.0
vertex 18.905 23.036 52.0
endloop
endfacet
facet normal 0.46230877224654654 0.5353303461055702 0.7068889726416596
outer loop
vertex 20.012 22.08 52.0
vertex 18.905 23.036 52.0
vertex 19.341 21.339 53.0
endloop
endfacet
facet normal 0.4622869449527919 0.5353322847397033 0.7069017792038607
outer loop
vertex 19.341 21.339 53.0
vertex 18.905 23.036 52.0
vertex 18.271 22.263 53.0
endloop
endfacet
facet normal 0.0 0.0 1.0
outer loop
vertex 19.341 21.339 53.0
vertex 18.271 22.263 53.0
vertex 16.99 18.746 53.0
endloop
endfacet
facet normal 0.0 -0.0 1.0
outer loop
vertex 16.99 18.746 53.0
vertex 18.271 22.263 53.0
vertex 16.05 19.557 53.0
endloop
endfacet
facet normal -0.6532423107993985 -0.7571489175726673 0.0
outer loop
vertex 16.99 18.746 53.0
vertex 16.05 19.557 53.0
vertex 16.99 18.746 1.0
endloop
endfacet
facet normal -0.6532423107993985 -0.7571489175726673 -0.0
outer loop
vertex 16.99 18.746 1.0
vertex 16.05 19.557 53.0
vertex 16.05 19.557 1.0
endloop
endfacet
facet normal -0.6514196562458445 -0.755036346326871 -0.07464949552351302
outer loop
vertex 16.99 18.746 1.0
vertex 16.05 19.557 1.0
vertex 16.997 18.754 0.858
endloop
endfacet
facet normal -0.6514196562458439 -0.7550363463268732 -0.07464949552349674
outer loop
vertex 16.997 18.754 0.858
vertex 16.05 19.557 1.0
vertex 16.057 19.565 0.858
endloop
endfacet
facet normal -0.6383891358630225 -0.7399331537746511 -0.21203358025832222
outer loop
vertex 16.997 18.754 0.858
vertex 16.057 19.565 0.858
vertex 17.018 18.776 0.718
endloop
endfacet
facet normal -0.6385766983911291 -0.7408118840941413 -0.20836879002569778
outer loop
vertex 17.018 18.776 0.718
vertex 16.057 19.565 0.858
vertex 16.076 19.588 0.718
endloop
endfacet
facet normal -0.6117949351637153 -0.7097424001529792 -0.34924587718842687
outer loop
vertex 17.018 18.776 0.718
vertex 16.076 19.588 0.718
vertex 17.051 18.813 0.585
endloop
endfacet
facet normal -0.6115992766802539 -0.7092748368380334 -0.35053606175766144
outer loop
vertex 17.051 18.813 0.585
vertex 16.076 19.588 0.718
vertex 16.107 19.627 0.585
endloop
endfacet
facet normal -0.5734186910719129 -0.6649966147074757 -0.47850862809041494
outer loop
vertex 17.051 18.813 0.585
vertex 16.107 19.627 0.585
vertex 17.097 18.864 0.459
endloop
endfacet
facet normal -0.5731310071252397 -0.6644386430643116 -0.47962708250730085
outer loop
vertex 17.097 18.864 0.459
vertex 16.107 19.627 0.585
vertex 16.151 19.68 0.459
endloop
endfacet
facet normal -0.5237724504284968 -0.6072165908153915 -0.5974532885595836
outer loop
vertex 17.097 18.864 0.459
vertex 16.151 19.68 0.459
vertex 17.154 18.927 0.345
endloop
endfacet
facet normal -0.523237604837682 -0.6062911929071572 -0.5988600823956645
outer loop
vertex 17.154 18.927 0.345
vertex 16.151 19.68 0.459
vertex 16.205 19.746 0.345
endloop
endfacet
facet normal -0.461514912911957 -0.5347712482948088 -0.7078302742586535
outer loop
vertex 17.154 18.927 0.345
vertex 16.205 19.746 0.345
vertex 17.222 19.002 0.244
endloop
endfacet
facet normal -0.4621502428287648 -0.5358019238635192 -0.7066353029940304
outer loop
vertex 17.222 19.002 0.244
vertex 16.205 19.746 0.345
vertex 16.269 19.824 0.244
endloop
endfacet
facet normal -0.39063582171643413 -0.4528904356396127 -0.8014324101869651
outer loop
vertex 17.222 19.002 0.244
vertex 16.269 19.824 0.244
vertex 17.299 19.086 0.159
endloop
endfacet
facet normal -0.38987059547739916 -0.45170237272623615 -0.8024748502324459
outer loop
vertex 17.299 19.086 0.159
vertex 16.269 19.824 0.244
vertex 16.342 19.912 0.159
endloop
endfacet
facet normal -0.3152041391833542 -0.3651941418867675 -0.8759449693749422
outer loop
vertex 17.299 19.086 0.159
vertex 16.342 19.912 0.159
vertex 17.383 19.179 0.09
endloop
endfacet
facet normal -0.31559579212178135 -0.3657869301459674 -0.8755565188663804
outer loop
vertex 17.383 19.179 0.09
vertex 16.342 19.912 0.159
vertex 16.421 20.009 0.09
endloop
endfacet
facet normal -0.22471683558112127 -0.26045493473378084 -0.9389704845090868
outer loop
vertex 17.383 19.179 0.09
vertex 16.421 20.009 0.09
vertex 17.473 19.278 0.041
endloop
endfacet
facet normal -0.22502007683159156 -0.26090457349658136 -0.9387730122618947
outer loop
vertex 17.473 19.278 0.041
vertex 16.421 20.009 0.09
vertex 16.506 20.112 0.041
endloop
endfacet
facet normal -0.14168469190098165 -0.16427949288758892 -0.9761852776484189
outer loop
vertex 17.473 19.278 0.041
vertex 16.506 20.112 0.041
vertex 17.566 19.382 0.01
endloop
endfacet
facet normal -0.14188293971225352 -0.1645706651555018 -0.9761074364991205
outer loop
vertex 17.566 19.382 0.01
vertex 16.506 20.112 0.041
vertex 16.594 20.22 0.01
endloop
endfacet
facet normal -0.04580269553980029 -0.05312675425380181 -0.9975367968469857
outer loop
vertex 17.566 19.382 0.01
vertex 16.594 20.22 0.01
vertex 17.662 19.487 0.0
endloop
endfacet
facet normal -0.04565777472887677 -0.05291535695149778 -0.9975546764992397
outer loop
vertex 17.662 19.487 0.0
vertex 16.594 20.22 0.01
vertex 16.685 20.33 0.0
endloop
endfacet
facet normal 0.0 0.0 -1.0
outer loop
vertex 16.685 20.33 0.0
vertex 15.667 21.124 0.0
vertex 22.204 27.055 0.0
endloop
endfacet
facet normal -0.0 0.0 -1.0
outer loop
vertex 22.204 27.055 0.0
vertex 15.667 21.124 0.0
vertex 20.849 28.112 0.0
endloop
endfacet
facet normal 0.6150679768387132 0.788474085729856 0.0
outer loop
vertex 22.204 27.055 0.0
vertex 20.849 28.112 0.0
vertex 22.204 27.055 3.0
endloop
endfacet
facet normal 0.6150679768387132 0.788474085729856 -0.0
outer loop
vertex 22.204 27.055 3.0
vertex 20.849 28.112 0.0
vertex 20.849 28.112 3.0
endloop
endfacet
facet normal 0.0 0.0 1.0
outer loop
vertex 22.204 27.055 3.0
vertex 20.849 28.112 3.0
vertex 18.905 23.036 3.0
endloop
endfacet
facet normal 0.0 -0.0 1.0
outer loop
vertex 18.905 23.036 3.0
vertex 20.849 28.112 3.0
vertex 17.752 23.936 3.0
endloop
endfacet
facet normal 0.6153123050424903 0.7882834307933265 0.0
outer loop
vertex 18.905 23.036 3.0
vertex 17.752 23.936 3.0
vertex 18.905 23.036 52.0
endloop
endfacet
facet normal 0.6153123050424903 0.7882834307933265 -0.0
outer loop
vertex 18.905 23.036 52.0
vertex 17.752 23.936 3.0
vertex 17.752 23.936 52.0
endloop
endfacet
facet normal 0.43521093212400147 0.5575535608210839 0.7069126334813147
outer loop
vertex 18.905 23.036 52.0
vertex 17.752 23.936 52.0
vertex 18.271 22.263 53.0
endloop
endfacet
facet normal 0.43456148939858164 0.5575788960637739 0.707292080116828
outer loop
vertex 18.271 22.263 53.0
vertex 17.752 23.936 52.0
vertex 17.156 23.132 53.0
endloop
endfacet
facet normal 0.0 0.0 1.0
outer loop
vertex 18.271 22.263 53.0
vertex 17.156 23.132 53.0
vertex 16.05 19.557 53.0
endloop
endfacet
facet normal 0.0 -0.0 1.0
outer loop
vertex 16.05 19.557 53.0
vertex 17.156 23.132 53.0
vertex 15.071 20.321 53.0
endloop
endfacet
facet normal -0.6152220322754539 -0.788353886907942 0.0
outer loop
vertex 16.05 19.557 53.0
vertex 15.071 20.321 53.0
vertex 16.05 19.557 1.0
endloop
endfacet
facet normal -0.6152220322754539 -0.788353886907942 -0.0
outer loop
vertex 16.05 19.557 1.0
vertex 15.071 20.321 53.0
vertex 15.071 20.321 1.0
endloop
endfacet
facet normal -0.6135107640050582 -0.7861610444515056 -0.0745342514341423
outer loop
vertex 16.05 19.557 1.0
vertex 15.071 20.321 1.0
vertex 16.057 19.565 0.858
endloop
endfacet
facet normal -0.6133132385136016 -0.7867106986169232 -0.07023637338039748
outer loop
vertex 16.057 19.565 0.858
vertex 15.071 20.321 1.0
vertex 15.077 20.329 0.858
endloop
endfacet
facet normal -0.6013409845394849 -0.7713536189119043 -0.2083329424373207
outer loop
vertex 16.057 19.565 0.858
vertex 15.077 20.329 0.858
vertex 16.076 19.588 0.718
endloop
endfacet
facet normal -0.6010831239946672 -0.769794444698133 -0.2147454096382618
outer loop
vertex 16.076 19.588 0.718
vertex 15.077 20.329 0.858
vertex 15.095 20.354 0.718
endloop
endfacet
facet normal -0.576337117283864 -0.7381027572525742 -0.35077036217028534
outer loop
vertex 16.076 19.588 0.718
vertex 15.095 20.354 0.718
vertex 16.107 19.627 0.585
endloop
endfacet
facet normal -0.576193431290979 -0.7377078872591153 -0.35183547691047357
outer loop
vertex 16.107 19.627 0.585
vertex 15.095 20.354 0.718
vertex 15.125 20.394 0.585
endloop
endfacet
facet normal -0.5401617009565857 -0.6915759978348984 -0.47952891053444596
outer loop
vertex 16.107 19.627 0.585
vertex 15.125 20.394 0.585
vertex 16.151 19.68 0.459
endloop
endfacet
facet normal -0.5404988735653071 -0.692316502551139 -0.47807826552772004
outer loop
vertex 16.151 19.68 0.459
vertex 15.125 20.394 0.585
vertex 15.166 20.449 0.459
endloop
endfacet
facet normal -0.49281453306454015 -0.6312383811034727 -0.5988922626167801
outer loop
vertex 16.151 19.68 0.459
vertex 15.166 20.449 0.459
vertex 16.205 19.746 0.345
endloop
endfacet
facet normal -0.4932370009713872 -0.632059866355031 -0.5976768242252767
outer loop
vertex 16.205 19.746 0.345
vertex 15.166 20.449 0.459
vertex 15.217 20.517 0.345
endloop
endfacet
facet normal -0.4353085864885339 -0.5578273455910118 -0.7066364603105622
outer loop
vertex 16.205 19.746 0.345
vertex 15.217 20.517 0.345
vertex 16.269 19.824 0.244
endloop
endfacet
facet normal -0.4354720940785951 -0.558124440989622 -0.706301043216577
outer loop
vertex 16.269 19.824 0.244
vertex 15.217 20.517 0.345
vertex 15.277 20.598 0.244
endloop
endfacet
facet normal -0.3671121979063049 -0.4705107239315962 -0.802401578272231
outer loop
vertex 16.269 19.824 0.244
vertex 15.277 20.598 0.244
vertex 16.342 19.912 0.159
endloop
endfacet
facet normal -0.3669805087512387 -0.47028222008352605 -0.8025957510914145
outer loop
vertex 16.342 19.912 0.159
vertex 15.277 20.598 0.244
vertex 15.345 20.69 0.159
endloop
endfacet
facet normal -0.29716992214277443 -0.3808205814605973 -0.8755944963906923
outer loop
vertex 16.342 19.912 0.159
vertex 15.345 20.69 0.159
vertex 16.421 20.009 0.09
endloop
endfacet
facet normal -0.29705244756896165 -0.3806221898517893 -0.875720612972949
outer loop
vertex 16.421 20.009 0.09
vertex 15.345 20.69 0.159
vertex 15.419 20.791 0.09
endloop
endfacet
facet normal -0.21200009613855328 -0.2716420669192201 -0.938757980907272
outer loop
vertex 16.421 20.009 0.09
vertex 15.419 20.791 0.09
vertex 16.506 20.112 0.041
endloop
endfacet
facet normal -0.2119088610052567 -0.2714913779036807 -0.9388221697166165
outer loop
vertex 16.506 20.112 0.041
vertex 15.419 20.791 0.09
vertex 15.499 20.898 0.041
endloop
endfacet
facet normal -0.13367517036953802 -0.17126068264901337 -0.9761151199552586
outer loop
vertex 16.506 20.112 0.041
vertex 15.499 20.898 0.041
vertex 16.594 20.22 0.01
endloop
endfacet
facet normal -0.1336154721140455 -0.1711631111131818 -0.9761404074239511
outer loop
vertex 16.594 20.22 0.01
vertex 15.499 20.898 0.041
vertex 15.582 21.01 0.01
endloop
endfacet
facet normal -0.04301443579653176 -0.05510203674188609 -0.9975537699091723
outer loop
vertex 16.594 20.22 0.01
vertex 15.582 21.01 0.01
vertex 16.685 20.33 0.0
endloop
endfacet
facet normal -0.043153230728925546 -0.05532744191693468 -0.997535299048903
outer loop
vertex 16.685 20.33 0.0
vertex 15.582 21.01 0.01
vertex 15.667 21.124 0.0
endloop
endfacet
facet normal 0.0 0.0 -1.0
outer loop
vertex 15.667 21.124 0.0
vertex 14.611 21.868 0.0
vertex 20.849 28.112 0.0
endloop
endfacet
facet normal -0.0 0.0 -1.0
outer loop
vertex 20.849 28.112 0.0
vertex 14.611 21.868 0.0
vertex 19.445 29.101 0.0
endloop
endfacet
facet normal 0.5758827793761245 0.8175322772943157 0.0
outer loop
vertex 20.849 28.112 0.0
vertex 19.445 29.101 0.0
vertex 20.849 28.112 3.0
endloop
endfacet
facet normal 0.5758827793761245 0.8175322772943157 -0.0
outer loop
vertex 20.849 28.112 3.0
vertex 19.445 29.101 0.0
vertex 19.445 29.101 3.0
endloop
endfacet
facet normal 0.0 0.0 1.0
outer loop
vertex 20.849 28.112 3.0
vertex 19.445 29.101 3.0
vertex 17.752 23.936 3.0
endloop
endfacet
facet normal 0.0 -0.0 1.0
outer loop
vertex 17.752 23.936 3.0
vertex 19.445 29.101 3.0
vertex 16.556 24.778 3.0
endloop
endfacet
facet normal 0.5756627469935294 0.817687227320975 0.0
outer loop
vertex 17.752 23.936 3.0
vertex 16.556 24.778 3.0
vertex 17.752 23.936 52.0
endloop
endfacet
facet normal 0.5756627469935294 0.817687227320975 -0.0
outer loop
vertex 17.752 23.936 52.0
vertex 16.556 24.778 3.0
vertex 16.556 24.778 52.0
endloop
endfacet
facet normal 0.4069501214738758 0.5780431654189494 0.7072889773952644
outer loop
vertex 17.752 23.936 52.0
vertex 16.556 24.778 52.0
vertex 17.156 23.132 53.0
endloop
endfacet
facet normal 0.4070309625283502 0.5780439713547572 0.7072417993329194
outer loop
vertex 17.156 23.132 53.0
vertex 16.556 24.778 52.0
vertex 16.0 23.946 53.0
endloop
endfacet
facet normal 0.0 0.0 1.0
outer loop
vertex 17.156 23.132 53.0
vertex 16.0 23.946 53.0
vertex 15.071 20.321 53.0
endloop
endfacet
facet normal 0.0 -0.0 1.0
outer loop
vertex 15.071 20.321 53.0
vertex 16.0 23.946 53.0
vertex 14.056 21.036 53.0
endloop
endfacet
facet normal -0.5758923649077138 -0.817525525008853 0.0
outer loop
vertex 15.071 20.321 53.0
vertex 14.056 21.036 53.0
vertex 15.071 20.321 1.0
endloop
endfacet
facet normal -0.5758923649077138 -0.817525525008853 -0.0
outer loop
vertex 15.071 20.321 1.0
vertex 14.056 21.036 53.0
vertex 14.056 21.036 1.0
endloop
endfacet
facet normal -0.5744708923257402 -0.8155076303645129 -0.07021750983711227
outer loop
vertex 15.071 20.321 1.0
vertex 14.056 21.036 1.0
vertex 15.077 20.329 0.858
endloop
endfacet
facet normal -0.5747663554936528 -0.8147875011537111 -0.07592736368553325
outer loop
vertex 15.077 20.329 0.858
vertex 14.056 21.036 1.0
vertex 14.062 21.045 0.858
endloop
endfacet
facet normal -0.562963754097625 -0.7980561597892301 -0.21489108263205223
outer loop
vertex 15.077 20.329 0.858
vertex 14.062 21.045 0.858
vertex 15.095 20.354 0.718
endloop
endfacet
facet normal -0.5631786837985735 -0.7999339684680855 -0.20720862966055845
outer loop
vertex 15.095 20.354 0.718
vertex 14.062 21.045 0.858
vertex 14.078 21.07 0.718
endloop
endfacet
facet normal -0.5388825711155307 -0.7654239871850482 -0.35175516256290873
outer loop
vertex 15.095 20.354 0.718
vertex 14.078 21.07 0.718
vertex 15.125 20.394 0.585
endloop
endfacet
facet normal -0.5391213757513713 -0.7661989984527834 -0.34969592073385747
outer loop
vertex 15.125 20.394 0.585
vertex 14.078 21.07 0.718
vertex 14.106 21.111 0.585
endloop
endfacet
facet normal -0.5054456291925012 -0.7183390462303447 -0.4780310979330481
outer loop
vertex 15.125 20.394 0.585
vertex 14.106 21.111 0.585
vertex 15.166 20.449 0.459
endloop
endfacet
facet normal -0.5055459887071537 -0.7185924902068329 -0.47754380565603544
outer loop
vertex 15.166 20.449 0.459
vertex 14.106 21.111 0.585
vertex 14.144 21.168 0.459
endloop
endfacet
facet normal -0.46136096273374233 -0.6557870708120811 -0.5975695606547453
outer loop
vertex 15.166 20.449 0.459
vertex 14.144 21.168 0.459
vertex 15.217 20.517 0.345
endloop
endfacet
facet normal -0.46033190500759197 -0.6535182861949878 -0.60083973473868
outer loop
vertex 15.217 20.517 0.345
vertex 14.144 21.168 0.459
vertex 14.192 21.239 0.345
endloop
endfacet
facet normal -0.4076584577630399 -0.5787395002868634 -0.7063109602873024
outer loop
vertex 15.217 20.517 0.345
vertex 14.192 21.239 0.345
vertex 15.277 20.598 0.244
endloop
endfacet
facet normal -0.40742670741176684 -0.5782649405885616 -0.7068331744999761
outer loop
vertex 15.277 20.598 0.244
vertex 14.192 21.239 0.345
vertex 14.248 21.323 0.244
endloop
endfacet
facet normal -0.34355848495468705 -0.487616111749479 -0.8026195206808514
outer loop
vertex 15.277 20.598 0.244
vertex 14.248 21.323 0.244
vertex 15.345 20.69 0.159
endloop
endfacet
facet normal -0.3442196647708677 -0.4889054029849978 -0.8015512019310485
outer loop
vertex 15.345 20.69 0.159
vertex 14.248 21.323 0.244
vertex 14.311 21.418 0.159
endloop
endfacet
facet normal -0.277892839244728 -0.3946994447514419 -0.8757784641160158
outer loop
vertex 15.345 20.69 0.159
vertex 14.311 21.418 0.159
vertex 15.419 20.791 0.09
endloop
endfacet
facet normal -0.2776844240601228 -0.3943042847803123 -0.8760225405994323
outer loop
vertex 15.419 20.791 0.09
vertex 14.311 21.418 0.159
vertex 14.381 21.522 0.09
endloop
endfacet
facet normal -0.198335066622249 -0.28163036819958287 -0.938801116880309
outer loop
vertex 15.419 20.791 0.09
vertex 14.381 21.522 0.09
vertex 15.499 20.898 0.041
endloop
endfacet
facet normal -0.19853524357061647 -0.2820010806635699 -0.9386475097526945
outer loop
vertex 15.499 20.898 0.041
vertex 14.381 21.522 0.09
vertex 14.455 21.633 0.041
endloop
endfacet
facet normal -0.124998610279383 -0.17754904643765446 -0.9761412211034337
outer loop
vertex 15.499 20.898 0.041
vertex 14.455 21.633 0.041
vertex 15.582 21.01 0.01
endloop
endfacet
facet normal -0.1251295958718077 -0.17778900631312405 -0.9760807617565005
outer loop
vertex 15.582 21.01 0.01
vertex 14.455 21.633 0.041
vertex 14.532 21.749 0.01
endloop
endfacet
facet normal -0.04038999961783319 -0.05738768551924904 -0.9975346116710012
outer loop
vertex 15.582 21.01 0.01
vertex 14.532 21.749 0.01
vertex 15.667 21.124 0.0
endloop
endfacet
facet normal -0.04023974921249462 -0.057114482753218135 -0.9975563635420045
outer loop
vertex 15.667 21.124 0.0
vertex 14.532 21.749 0.01
vertex 14.611 21.868 0.0
endloop
endfacet
facet normal 0.0 0.0 -1.0
outer loop
vertex 14.611 21.868 0.0
vertex 13.521 22.558 0.0
vertex 19.445 29.101 0.0
endloop
endfacet
facet normal -0.0 0.0 -0.9999999999999999
outer loop
vertex 19.445 29.101 0.0
vertex 13.521 22.558 0.0
vertex 17.994 30.021 0.0
endloop
endfacet
facet normal 0.535481275972437 0.8445470993869619 0.0
outer loop
vertex 19.445 29.101 0.0
vertex 17.994 30.021 0.0
vertex 19.445 29.101 3.0
endloop
endfacet
facet normal 0.535481275972437 0.8445470993869619 -0.0
outer loop
vertex 19.445 29.101 3.0
vertex 17.994 30.021 0.0
vertex 17.994 30.021 3.0
endloop
endfacet
facet normal 0.0 0.0 1.0
outer loop
vertex 19.445 29.101 3.0
vertex 17.994 30.021 3.0
vertex 16.556 24.778 3.0
endloop
endfacet
facet normal 0.0 -0.0 1.0
outer loop
vertex 16.556 24.778 3.0
vertex 17.994 30.021 3.0
vertex 15.32 25.56 3.0
endloop
endfacet
facet normal 0.5346616421502853 0.8450662272349784 0.0
outer loop
vertex 16.556 24.778 3.0
vertex 15.32 25.56 3.0
vertex 16.556 24.778 52.0
endloop
endfacet
facet normal 0.5346616421502853 0.8450662272349784 -0.0
outer loop
vertex 16.556 24.778 52.0
vertex 15.32 25.56 3.0
vertex 15.32 25.56 52.0
endloop
endfacet
facet normal 0.37799350952987293 0.5974424268272674 0.7072364904188946
outer loop
vertex 16.556 24.778 52.0
vertex 15.32 25.56 52.0
vertex 16.0 23.946 53.0
endloop
endfacet
facet normal 0.37881101452602206 0.5974905565971889 0.7067582684701661
outer loop
vertex 16.0 23.946 53.0
vertex 15.32 25.56 52.0
vertex 14.806 24.703 53.0
endloop
endfacet
facet normal 0.0 0.0 0.9999999999999999
outer loop
vertex 16.0 23.946 53.0
vertex 14.806 24.703 53.0
vertex 14.056 21.036 53.0
endloop
endfacet
facet normal 0.0 -0.0 1.0
outer loop
vertex 14.056 21.036 53.0
vertex 14.806 24.703 53.0
vertex 13.007 21.701 53.0
endloop
endfacet
facet normal -0.5354159712476543 -0.8445885020132177 0.0
outer loop
vertex 14.056 21.036 53.0
vertex 13.007 21.701 53.0
vertex 14.056 21.036 1.0
endloop
endfacet
facet normal -0.5354159712476543 -0.8445885020132177 -0.0
outer loop
vertex 14.056 21.036 1.0
vertex 13.007 21.701 53.0
vertex 13.007 21.701 1.0
endloop
endfacet
facet normal -0.5338701590786861 -0.8421500704865296 -0.07593360273838952
outer loop
vertex 14.056 21.036 1.0
vertex 13.007 21.701 1.0
vertex 14.062 21.045 0.858
endloop
endfacet
facet normal -0.53330184224802 -0.8433236963259371 -0.06628942804117795
outer loop
vertex 14.062 21.045 0.858
vertex 13.007 21.701 1.0
vertex 13.012 21.709 0.858
endloop
endfacet
facet normal -0.5228560358283038 -0.8268054783429518 -0.20739881094161097
outer loop
vertex 14.062 21.045 0.858
vertex 13.012 21.709 0.858
vertex 14.078 21.07 0.718
endloop
endfacet
facet normal -0.5227693409376679 -0.8254252751647392 -0.21303833292346958
outer loop
vertex 14.078 21.07 0.718
vertex 13.012 21.709 0.858
vertex 13.028 21.735 0.718
endloop
endfacet
facet normal -0.5013013420721391 -0.7915284348507461 -0.34954213087895514
outer loop
vertex 14.078 21.07 0.718
vertex 13.028 21.735 0.718
vertex 14.106 21.111 0.585
endloop
endfacet
facet normal -0.5012507959828861 -0.7913299672713344 -0.3500635976860085
outer loop
vertex 14.106 21.111 0.585
vertex 13.028 21.735 0.718
vertex 13.053 21.778 0.585
endloop
endfacet
facet normal -0.4701468510361459 -0.7422258382924477 -0.47755915176223923
outer loop
vertex 14.106 21.111 0.585
vertex 13.053 21.778 0.585
vertex 14.144 21.168 0.459
endloop
endfacet
facet normal -0.47006515515036107 -0.7419862538696284 -0.47801166197278366
outer loop
vertex 14.144 21.168 0.459
vertex 13.053 21.778 0.585
vertex 13.088 21.837 0.459
endloop
endfacet
facet normal -0.42783559504138463 -0.6753279347738449 -0.6007402800958814
outer loop
vertex 14.144 21.168 0.459
vertex 13.088 21.837 0.459
vertex 14.192 21.239 0.345
endloop
endfacet
facet normal -0.42840436999698905 -0.6767639824095514 -0.5987154648751335
outer loop
vertex 14.192 21.239 0.345
vertex 13.088 21.837 0.459
vertex 13.132 21.91 0.345
endloop
endfacet
facet normal -0.3783412064277337 -0.5976776137308469 -0.7068517535974624
outer loop
vertex 14.192 21.239 0.345
vertex 13.132 21.91 0.345
vertex 14.248 21.323 0.244
endloop
endfacet
facet normal -0.3777901795079909 -0.5963928056327931 -0.7082303309353289
outer loop
vertex 14.248 21.323 0.244
vertex 13.132 21.91 0.345
vertex 13.184 21.997 0.244
endloop
endfacet
facet normal -0.31993185800221585 -0.5050556334040919 -0.8015999085591524
outer loop
vertex 14.248 21.323 0.244
vertex 13.184 21.997 0.244
vertex 14.311 21.418 0.159
endloop
endfacet
facet normal -0.3193810336969933 -0.5038389128336616 -0.8025846405390735
outer loop
vertex 14.311 21.418 0.159
vertex 13.184 21.997 0.244
vertex 13.243 22.095 0.159
endloop
endfacet
facet normal -0.2582333880231158 -0.4073755663348415 -0.8759912472527738
outer loop
vertex 14.311 21.418 0.159
vertex 13.243 22.095 0.159
vertex 14.381 21.522 0.09
endloop
endfacet
facet normal -0.2590890060690903 -0.409208224291473 -0.8748837157624723
outer loop
vertex 14.381 21.522 0.09
vertex 13.243 22.095 0.159
vertex 13.307 22.202 0.09
endloop
endfacet
facet normal -0.18448160132782812 -0.2913724115089506 -0.9386525750153668
outer loop
vertex 14.381 21.522 0.09
vertex 13.307 22.202 0.09
vertex 14.455 21.633 0.041
endloop
endfacet
facet normal -0.18378843619296603 -0.2899235711289622 -0.9392369954519325
outer loop
vertex 14.455 21.633 0.041
vertex 13.307 22.202 0.09
vertex 13.376 22.317 0.041
endloop
endfacet
facet normal -0.11638492505629505 -0.18359551774231322 -0.9760877189497738
outer loop
vertex 14.455 21.633 0.041
vertex 13.376 22.317 0.041
vertex 14.532 21.749 0.01
endloop
endfacet
facet normal -0.11647837119996071 -0.18378828876383865 -0.9760402932030335
outer loop
vertex 14.532 21.749 0.01
vertex 13.376 22.317 0.041
vertex 13.448 22.436 0.01
endloop
endfacet
facet normal -0.03739430866070941 -0.05900353797410324 -0.9975571403114338
outer loop
vertex 14.532 21.749 0.01
vertex 13.448 22.436 0.01
vertex 14.611 21.868 0.0
endloop
endfacet
facet normal -0.03754013710061859 -0.05930253541981766 -0.997533932956292
outer loop
vertex 14.611 21.868 0.0
vertex 13.448 22.436 0.01
vertex 13.521 22.558 0.0
endloop
endfacet
facet normal 0.0 0.0 -1.0
outer loop
vertex 13.521 22.558 0.0
vertex 12.398 23.195 0.0
vertex 17.994 30.021 0.0
endloop
endfacet
facet normal -0.0 0.0 -1.0
outer loop
vertex 17.994 30.021 0.0
vertex 12.398 23.195 0.0
vertex 16.499 30.867 0.0
endloop
endfacet
facet normal 0.4924983926643023 0.8703133534670595 0.0
outer loop
vertex 17.994 30.021 0.0
vertex 16.499 30.867 0.0
vertex 17.994 30.021 3.0
endloop
endfacet
facet normal 0.4924983926643023 0.8703133534670595 -0.0
outer loop
vertex 17.994 30.021 3.0
vertex 16.499 30.867 0.0
vertex 16.499 30.867 3.0
endloop
endfacet
facet normal 0.0 0.0 1.0
outer loop
vertex 17.994 30.021 3.0
vertex 16.499 30.867 3.0
vertex 15.32 25.56 3.0
endloop
endfacet
facet normal 0.0 -0.0 1.0
outer loop
vertex 15.32 25.56 3.0
vertex 16.499 30.867 3.0
vertex 14.048 26.281 3.0
endloop
endfacet
facet normal 0.4931161076347586 0.8699635075054271 0.0
outer loop
vertex 15.32 25.56 3.0
vertex 14.048 26.281 3.0
vertex 15.32 25.56 52.0
endloop
endfacet
facet normal 0.4931161076347586 0.8699635075054271 -0.0
outer loop
vertex 15.32 25.56 52.0
vertex 14.048 26.281 3.0
vertex 14.048 26.281 52.0
endloop
endfacet
facet normal 0.34885657078625193 0.6154584716229021 0.7067601875649606
outer loop
vertex 15.32 25.56 52.0
vertex 14.048 26.281 52.0
vertex 14.806 24.703 53.0
endloop
endfacet
facet normal 0.3482204754949107 0.6153896334177281 0.7071337211080325
outer loop
vertex 14.806 24.703 53.0
vertex 14.048 26.281 52.0
vertex 13.576 25.399 53.0
endloop
endfacet
facet normal 0.0 0.0 1.0
outer loop
vertex 14.806 24.703 53.0
vertex 13.576 25.399 53.0
vertex 13.007 21.701 53.0
endloop
endfacet
facet normal 0.0 -0.0 1.0
outer loop
vertex 13.007 21.701 53.0
vertex 13.576 25.399 53.0
vertex 11.926 22.313 53.0
endloop
endfacet
facet normal -0.4926672379199338 -0.8702177846265517 0.0
outer loop
vertex 13.007 21.701 53.0
vertex 11.926 22.313 53.0
vertex 13.007 21.701 1.0
endloop
endfacet
facet normal -0.4926672379199338 -0.8702177846265517 -0.0
outer loop
vertex 13.007 21.701 1.0
vertex 11.926 22.313 53.0
vertex 11.926 22.313 1.0
endloop
endfacet
facet normal -0.4915855925887322 -0.8683072313536285 -0.06622806911107249
outer loop
vertex 13.007 21.701 1.0
vertex 11.926 22.313 1.0
vertex 13.012 21.709 0.858
endloop
endfacet
facet normal -0.4919851310080739 -0.8675953125933589 -0.0723118554111296
outer loop
vertex 13.012 21.709 0.858
vertex 11.926 22.313 1.0
vertex 11.931 22.322 0.858
endloop
endfacet
facet normal -0.4819649522036393 -0.8499251440980997 -0.2129249498700616
outer loop
vertex 13.012 21.709 0.858
vertex 11.931 22.322 0.858
vertex 13.028 21.735 0.718
endloop
endfacet
facet normal -0.4819863488673096 -0.8515354254866178 -0.20634092819139116
outer loop
vertex 13.028 21.735 0.718
vertex 11.931 22.322 0.858
vertex 11.945 22.348 0.718
endloop
endfacet
facet normal -0.46138167925317447 -0.8151327220737168 -0.350265030304502
outer loop
vertex 13.028 21.735 0.718
vertex 11.945 22.348 0.718
vertex 13.053 21.778 0.585
endloop
endfacet
facet normal -0.46119795178301654 -0.8142322145485178 -0.3525937464881742
outer loop
vertex 13.053 21.778 0.585
vertex 11.945 22.348 0.718
vertex 11.969 22.392 0.585
endloop
endfacet
facet normal -0.4328744637408913 -0.7642278806109548 -0.4780956443410925
outer loop
vertex 13.053 21.778 0.585
vertex 11.969 22.392 0.585
vertex 13.088 21.837 0.459
endloop
endfacet
facet normal -0.43265732295307285 -0.7634716072240102 -0.47949843154891236
outer loop
vertex 13.088 21.837 0.459
vertex 11.969 22.392 0.585
vertex 12.001 22.453 0.459
endloop
endfacet
facet normal -0.394917484298349 -0.6968754958316646 -0.5986691272354329
outer loop
vertex 13.088 21.837 0.459
vertex 12.001 22.453 0.459
vertex 13.132 21.91 0.345
endloop
endfacet
facet normal -0.3951733001130881 -0.6976279456688994 -0.5976230520148318
outer loop
vertex 13.132 21.91 0.345
vertex 12.001 22.453 0.459
vertex 12.041 22.528 0.345
endloop
endfacet
facet normal -0.34794713594186394 -0.6142561898261718 -0.7082528671668671
outer loop
vertex 13.132 21.91 0.345
vertex 12.041 22.528 0.345
vertex 13.184 21.997 0.244
endloop
endfacet
facet normal -0.34823205230371074 -0.6150227375363907 -0.707447150013052
outer loop
vertex 13.184 21.997 0.244
vertex 12.041 22.528 0.345
vertex 12.089 22.617 0.244
endloop
endfacet
facet normal -0.2939386889395509 -0.5191336522400118 -0.8025585949053466
outer loop
vertex 13.184 21.997 0.244
vertex 12.089 22.617 0.244
vertex 13.243 22.095 0.159
endloop
endfacet
facet normal -0.29375627386014946 -0.5186707885171167 -0.802924569749135
outer loop
vertex 13.243 22.095 0.159
vertex 12.089 22.617 0.244
vertex 12.143 22.718 0.159
endloop
endfacet
facet normal -0.23867811389329674 -0.42142203095124536 -0.8748921246515287
outer loop
vertex 13.243 22.095 0.159
vertex 12.143 22.718 0.159
vertex 13.307 22.202 0.09
endloop
endfacet
facet normal -0.23851278385513974 -0.4210169746963746 -0.8751321951312179
outer loop
vertex 13.307 22.202 0.09
vertex 12.143 22.718 0.159
vertex 12.202 22.828 0.09
endloop
endfacet
facet normal -0.16920355792157585 -0.29867401198616944 -0.9392358545917877
outer loop
vertex 13.307 22.202 0.09
vertex 12.202 22.828 0.09
vertex 13.376 22.317 0.041
endloop
endfacet
facet normal -0.16950854413019986 -0.2994022138770293 -0.9389489697488325
outer loop
vertex 13.376 22.317 0.041
vertex 12.202 22.828 0.09
vertex 12.265 22.946 0.041
endloop
endfacet
facet normal -0.10722224032764058 -0.18938618283626124 -0.9760308729388798
outer loop
vertex 13.376 22.317 0.041
vertex 12.265 22.946 0.041
vertex 13.448 22.436 0.01
endloop
endfacet
facet normal -0.10691610271268019 -0.1886655398579211 -0.9762040058567937
outer loop
vertex 13.448 22.436 0.01
vertex 12.265 22.946 0.041
vertex 12.331 23.069 0.01
endloop
endfacet
facet normal -0.0346026256194297 -0.06106024141690847 -0.9975341123081207
outer loop
vertex 13.448 22.436 0.01
vertex 12.331 23.069 0.01
vertex 13.521 22.558 0.0
endloop
endfacet
facet normal -0.03450162749182913 -0.06082469022499863 -0.9975520010302461
outer loop
vertex 13.521 22.558 0.0
vertex 12.331 23.069 0.01
vertex 12.398 23.195 0.0
endloop
endfacet
facet normal 0.0 0.0 -1.0
outer loop
vertex 12.398 23.195 0.0
vertex 11.245 23.775 0.0
vertex 16.499 30.867 0.0
endloop
endfacet
facet normal -0.0 0.0 -1.0
outer loop
vertex 16.499 30.867 0.0
vertex 11.245 23.775 0.0
vertex 14.964 31.64 0.0
endloop
endfacet
facet normal 0.4497719141044609 0.8931434516822083 0.0
outer loop
vertex 16.499 30.867 0.0
vertex 14.964 31.64 0.0
vertex 16.499 30.867 3.0
endloop
endfacet
facet normal 0.4497719141044609 0.8931434516822083 -0.0
outer loop
vertex 16.499 30.867 3.0
vertex 14.964 31.64 0.0
vertex 14.964 31.64 3.0
endloop
endfacet
facet normal 0.0 0.0 1.0
outer loop
vertex 16.499 30.867 3.0
vertex 14.964 31.64 3.0
vertex 14.048 26.281 3.0
endloop
endfacet
facet normal 0.0 -0.0 0.9999999999999999
outer loop
vertex 14.048 26.281 3.0
vertex 14.964 31.64 3.0
vertex 12.741 26.939 3.0
endloop
endfacet
facet normal 0.44967211591567346 0.8931937013704928 0.0
outer loop
vertex 14.048 26.281 3.0
vertex 12.741 26.939 3.0
vertex 14.048 26.281 52.0
endloop
endfacet
facet normal 0.44967211591567346 0.8931937013704928 -0.0
outer loop
vertex 14.048 26.281 52.0
vertex 12.741 26.939 3.0
vertex 12.741 26.939 52.0
endloop
endfacet
facet normal 0.3179595120079892 0.6315700337301539 0.7071216594177651
outer loop
vertex 14.048 26.281 52.0
vertex 12.741 26.939 52.0
vertex 13.576 25.399 53.0
endloop
endfacet
facet normal 0.31831567674239586 0.6316263900140003 0.7069110505416593
outer loop
vertex 13.576 25.399 53.0
vertex 12.741 26.939 52.0
vertex 12.314 26.035 53.0
endloop
endfacet
facet normal 0.0 0.0 1.0
outer loop
vertex 13.576 25.399 53.0
vertex 12.314 26.035 53.0
vertex 11.926 22.313 53.0
endloop
endfacet
facet normal 0.0 -0.0 1.0
outer loop
vertex 11.926 22.313 53.0
vertex 12.314 26.035 53.0
vertex 10.817 22.871 53.0
endloop
endfacet
facet normal -0.44946756650161107 -0.893296650986177 0.0
outer loop
vertex 11.926 22.313 53.0
vertex 10.817 22.871 53.0
vertex 11.926 22.313 1.0
endloop
endfacet
facet normal -0.44946756650161107 -0.893296650986177 -0.0
outer loop
vertex 11.926 22.313 1.0
vertex 10.817 22.871 53.0
vertex 10.817 22.871 1.0
endloop
endfacet
facet normal -0.44829276501258963 -0.8909617856612222 -0.0722543654648862
outer loop
vertex 11.926 22.313 1.0
vertex 10.817 22.871 1.0
vertex 11.931 22.322 0.858
endloop
endfacet
facet normal -0.44807034839828447 -0.8913227360611036 -0.0691139860432618
outer loop
vertex 11.931 22.322 0.858
vertex 10.817 22.871 1.0
vertex 10.821 22.88 0.858
endloop
endfacet
facet normal -0.439482073826289 -0.874238533955521 -0.20630679226008497
outer loop
vertex 11.931 22.322 0.858
vertex 10.821 22.88 0.858
vertex 11.945 22.348 0.718
endloop
endfacet
facet normal -0.4395562906662456 -0.8720482838039234 -0.21522559803694974
outer loop
vertex 11.945 22.348 0.718
vertex 10.821 22.88 0.858
vertex 10.834 22.908 0.718
endloop
endfacet
facet normal -0.42121835483031483 -0.8356671289579966 -0.35247063300811626
outer loop
vertex 11.945 22.348 0.718
vertex 10.834 22.908 0.718
vertex 11.969 22.392 0.585
endloop
endfacet
facet normal -0.42122105748252986 -0.8356845578931471 -0.3524260779684649
outer loop
vertex 11.969 22.392 0.585
vertex 10.834 22.908 0.718
vertex 10.856 22.953 0.585
endloop
endfacet
facet normal -0.39494580556925124 -0.7835555821721507 -0.4796440975453749
outer loop
vertex 11.969 22.392 0.585
vertex 10.856 22.953 0.585
vertex 12.001 22.453 0.459
endloop
endfacet
facet normal -0.395868329327355 -0.7875027727795509 -0.4723638943654433
outer loop
vertex 12.001 22.453 0.459
vertex 10.856 22.953 0.585
vertex 10.885 23.014 0.459
endloop
endfacet
facet normal -0.360101351967851 -0.7163513525777568 -0.5976351361582952
outer loop
vertex 12.001 22.453 0.459
vertex 10.885 23.014 0.459
vertex 12.041 22.528 0.345
endloop
endfacet
facet normal -0.3588458123480974 -0.7119653617331931 -0.603601695369022
outer loop
vertex 12.041 22.528 0.345
vertex 10.885 23.014 0.459
vertex 10.922 23.092 0.345
endloop
endfacet
facet normal -0.31813185349737877 -0.63118713486448 -0.7073859799090529
outer loop
vertex 12.041 22.528 0.345
vertex 10.922 23.092 0.345
vertex 12.089 22.617 0.244
endloop
endfacet
facet normal -0.31862917553260195 -0.6327547584781721 -0.7057597779150101
outer loop
vertex 12.089 22.617 0.244
vertex 10.922 23.092 0.345
vertex 10.965 23.183 0.244
endloop
endfacet
facet normal -0.2680906652342732 -0.5323920631154131 -0.8029234623212594
outer loop
vertex 12.089 22.617 0.244
vertex 10.965 23.183 0.244
vertex 12.143 22.718 0.159
endloop
endfacet
facet normal -0.26859334557011877 -0.5338765618814502 -0.8017689389026574
outer loop
vertex 12.143 22.718 0.159
vertex 10.965 23.183 0.244
vertex 11.014 23.286 0.159
endloop
endfacet
facet normal -0.2174834398508646 -0.43228662604159473 -0.8751166929822615
outer loop
vertex 12.143 22.718 0.159
vertex 11.014 23.286 0.159
vertex 12.202 22.828 0.09
endloop
endfacet
facet normal -0.21749990657714566 -0.4323334395184932 -0.8750894741185281
outer loop
vertex 12.202 22.828 0.09
vertex 11.014 23.286 0.159
vertex 11.067 23.399 0.09
endloop
endfacet
facet normal -0.1546228722113523 -0.3073501925742283 -0.9389502790423444
outer loop
vertex 12.202 22.828 0.09
vertex 11.067 23.399 0.09
vertex 12.265 22.946 0.041
endloop
endfacet
facet normal -0.154635699634672 -0.3073855980542881 -0.9389365764029556
outer loop
vertex 12.265 22.946 0.041
vertex 11.067 23.399 0.09
vertex 11.124 23.52 0.041
endloop
endfacet
facet normal -0.0974628274793983 -0.19373708389197533 -0.9762002558823444
outer loop
vertex 12.265 22.946 0.041
vertex 11.124 23.52 0.041
vertex 12.331 23.069 0.01
endloop
endfacet
facet normal -0.09747126537653299 -0.19376003706565512 -0.9761948578343431
outer loop
vertex 12.331 23.069 0.01
vertex 11.124 23.52 0.041
vertex 11.184 23.646 0.01
endloop
endfacet
facet normal -0.031421808430353776 -0.06246241641181227 -0.9975525632722133
outer loop
vertex 12.331 23.069 0.01
vertex 11.184 23.646 0.01
vertex 12.398 23.195 0.0
endloop
endfacet
facet normal -0.031424592147505113 -0.06246992197598882 -0.9975520055900229
outer loop
vertex 12.398 23.195 0.0
vertex 11.184 23.646 0.01
vertex 11.245 23.775 0.0
endloop
endfacet
facet normal 0.0 0.0 -1.0
outer loop
vertex 11.245 23.775 0.0
vertex 10.065 24.298 0.0
vertex 14.964 31.64 0.0
endloop
endfacet
facet normal -0.0 0.0 -0.9999999999999999
outer loop
vertex 14.964 31.64 0.0
vertex 10.065 24.298 0.0
vertex 13.394 32.336 0.0
endloop
endfacet
facet normal 0.4052738537934065 0.9141953311144401 0.0
outer loop
vertex 14.964 31.64 0.0
vertex 13.394 32.336 0.0
vertex 14.964 31.64 3.0
endloop
endfacet
facet normal 0.4052738537934065 0.9141953311144401 -0.0
outer loop
vertex 14.964 31.64 3.0
vertex 13.394 32.336 0.0
vertex 13.394 32.336 3.0
endloop
endfacet
facet normal 0.0 0.0 0.9999999999999999
outer loop
vertex 14.964 31.64 3.0
vertex 13.394 32.336 3.0
vertex 12.741 26.939 3.0
endloop
endfacet
facet normal 0.0 -0.0 0.9999999999999999
outer loop
vertex 12.741 26.939 3.0
vertex 13.394 32.336 3.0
vertex 11.404 27.532 3.0
endloop
endfacet
facet normal 0.4054405396489565 0.9141214190736168 0.0
outer loop
vertex 12.741 26.939 3.0
vertex 11.404 27.532 3.0
vertex 12.741 26.939 52.0
endloop
endfacet
facet normal 0.4054405396489565 0.9141214190736168 -0.0
outer loop
vertex 12.741 26.939 52.0
vertex 11.404 27.532 3.0
vertex 11.404 27.532 52.0
endloop
endfacet
facet normal 0.2867630317116538 0.646546666776528 0.7069260013068572
outer loop
vertex 12.741 26.939 52.0
vertex 11.404 27.532 52.0
vertex 12.314 26.035 53.0
endloop
endfacet
facet normal 0.2864959108558213 0.6464907726641823 0.7070854077994835
outer loop
vertex 12.314 26.035 53.0
vertex 11.404 27.532 52.0
vertex 11.021 26.608 53.0
endloop
endfacet
facet normal 0.0 0.0 1.0
outer loop
vertex 12.314 26.035 53.0
vertex 11.021 26.608 53.0
vertex 10.817 22.871 53.0
endloop
endfacet
facet normal 0.0 -0.0 1.0
outer loop
vertex 10.817 22.871 53.0
vertex 11.021 26.608 53.0
vertex 9.682 23.374 53.0
endloop
endfacet
facet normal -0.40516665365370896 -0.9142428467136372 0.0
outer loop
vertex 10.817 22.871 53.0
vertex 9.682 23.374 53.0
vertex 10.817 22.871 1.0
endloop
endfacet
facet normal -0.40516665365370896 -0.9142428467136372 -0.0
outer loop
vertex 10.817 22.871 1.0
vertex 9.682 23.374 53.0
vertex 9.682 23.374 1.0
endloop
endfacet
facet normal -0.40419561883736843 -0.9120517442950558 -0.06919188854933138
outer loop
vertex 10.817 22.871 1.0
vertex 9.682 23.374 1.0
vertex 10.821 22.88 0.858
endloop
endfacet
facet normal -0.4046788609730764 -0.9113303714373819 -0.07557759970610824
outer loop
vertex 10.821 22.88 0.858
vertex 9.682 23.374 1.0
vertex 9.686 23.384 0.858
endloop
endfacet
facet normal -0.39632153482005966 -0.8925098055967589 -0.215303246495514
outer loop
vertex 10.821 22.88 0.858
vertex 9.686 23.384 0.858
vertex 10.834 22.908 0.718
endloop
endfacet
facet normal -0.39621539555096674 -0.8938430649631972 -0.209899822643062
outer loop
vertex 10.834 22.908 0.718
vertex 9.686 23.384 0.858
vertex 9.697 23.412 0.718
endloop
endfacet
facet normal -0.37927208932299394 -0.8556197729369965 -0.3522321484757085
outer loop
vertex 10.834 22.908 0.718
vertex 9.697 23.412 0.718
vertex 10.856 22.953 0.585
endloop
endfacet
facet normal -0.3793476408956207 -0.8563491299425912 -0.35037342221334966
outer loop
vertex 10.856 22.953 0.585
vertex 9.697 23.412 0.718
vertex 9.716 23.458 0.585
endloop
endfacet
facet normal -0.35699707452645457 -0.8058943860597212 -0.4723212119913505
outer loop
vertex 10.856 22.953 0.585
vertex 9.716 23.458 0.585
vertex 10.885 23.014 0.459
endloop
endfacet
facet normal -0.35644813105146406 -0.802887111756944 -0.4778252982466612
outer loop
vertex 10.885 23.014 0.459
vertex 9.716 23.458 0.585
vertex 9.743 23.521 0.459
endloop
endfacet
facet normal -0.32351586156848733 -0.7287083114619552 -0.6035906594040907
outer loop
vertex 10.885 23.014 0.459
vertex 9.743 23.521 0.459
vertex 10.922 23.092 0.345
endloop
endfacet
facet normal -0.32438512033447564 -0.7324207342985071 -0.5986101917568923
outer loop
vertex 10.922 23.092 0.345
vertex 9.743 23.521 0.459
vertex 9.775 23.6 0.345
endloop
endfacet
facet normal -0.2868886772744161 -0.6477584898302237 -0.7057647098747599
outer loop
vertex 10.922 23.092 0.345
vertex 9.775 23.6 0.345
vertex 10.965 23.183 0.244
endloop
endfacet
facet normal -0.28670002845835396 -0.6470426132462045 -0.7064976647700271
outer loop
vertex 10.965 23.183 0.244
vertex 9.775 23.6 0.345
vertex 9.814 23.693 0.244
endloop
endfacet
facet normal -0.2421239814033931 -0.5464405933241265 -0.8017347788370827
outer loop
vertex 10.965 23.183 0.244
vertex 9.814 23.693 0.244
vertex 11.014 23.286 0.159
endloop
endfacet
facet normal -0.2414585259093031 -0.5441053722244739 -0.8035217011270901
outer loop
vertex 11.014 23.286 0.159
vertex 9.814 23.693 0.244
vertex 9.858 23.799 0.159
endloop
endfacet
facet normal -0.1962824695675353 -0.44230513610150374 -0.8751224821239025
outer loop
vertex 11.014 23.286 0.159
vertex 9.858 23.799 0.159
vertex 11.067 23.399 0.09
endloop
endfacet
facet normal -0.19645342519062914 -0.44287849834236903 -0.8747940828771524
outer loop
vertex 11.067 23.399 0.09
vertex 9.858 23.799 0.159
vertex 9.906 23.914 0.09
endloop
endfacet
facet normal -0.13951269083062154 -0.314513075833692 -0.9389450112902404
outer loop
vertex 11.067 23.399 0.09
vertex 9.906 23.914 0.09
vertex 11.124 23.52 0.041
endloop
endfacet
facet normal -0.13930549534807204 -0.3138407588247101 -0.939200701163579
outer loop
vertex 11.124 23.52 0.041
vertex 9.906 23.914 0.09
vertex 9.957 24.038 0.041
endloop
endfacet
facet normal -0.088005118879223 -0.19826635855608704 -0.9761893003490476
outer loop
vertex 11.124 23.52 0.041
vertex 9.957 24.038 0.041
vertex 11.184 23.646 0.01
endloop
endfacet
facet normal -0.0880487091933865 -0.19840534470832155 -0.9761571307942951
outer loop
vertex 11.184 23.646 0.01
vertex 9.957 24.038 0.041
vertex 10.01 24.167 0.01
endloop
endfacet
facet normal -0.028365067110709404 -0.06391667713622413 -0.9975520444326041
outer loop
vertex 11.184 23.646 0.01
vertex 10.01 24.167 0.01
vertex 11.245 23.775 0.0
endloop
endfacet
facet normal -0.028455035139327553 -0.06420065289561477 -0.9975312461988328
outer loop
vertex 11.245 23.775 0.0
vertex 10.01 24.167 0.01
vertex 10.065 24.298 0.0
endloop
endfacet
facet normal 0.0 0.0 -0.9999999999999999
outer loop
vertex 10.065 24.298 0.0
vertex 8.86 24.763 0.0
vertex 13.394 32.336 0.0
endloop
endfacet
facet normal -0.0 0.0 -1.0
outer loop
vertex 13.394 32.336 0.0
vertex 8.86 24.763 0.0
vertex 11.791 32.954 0.0
endloop
endfacet
facet normal 0.3597200569133035 0.9330602770744716 0.0
outer loop
vertex 13.394 32.336 0.0
vertex 11.791 32.954 0.0
vertex 13.394 32.336 3.0
endloop
endfacet
facet normal 0.3597200569133035 0.9330602770744716 -0.0
outer loop
vertex 13.394 32.336 3.0
vertex 11.791 32.954 0.0
vertex 11.791 32.954 3.0
endloop
endfacet
facet normal 0.0 0.0 1.0
outer loop
vertex 13.394 32.336 3.0
vertex 11.791 32.954 3.0
vertex 11.404 27.532 3.0
endloop
endfacet
facet normal 0.0 -0.0 1.0
outer loop
vertex 11.404 27.532 3.0
vertex 11.791 32.954 3.0
vertex 10.039 28.058 3.0
endloop
endfacet
facet normal 0.3595745149721447 0.9331163744049007 0.0
outer loop
vertex 11.404 27.532 3.0
vertex 10.039 28.058 3.0
vertex 11.404 27.532 52.0
endloop
endfacet
facet normal 0.3595745149721447 0.9331163744049007 -0.0
outer loop
vertex 11.404 27.532 52.0
vertex 10.039 28.058 3.0
vertex 10.039 28.058 52.0
endloop
endfacet
facet normal 0.2542681845584244 0.6598404409168241 0.7070772820930215
outer loop
vertex 11.404 27.532 52.0
vertex 10.039 28.058 52.0
vertex 11.021 26.608 53.0
endloop
endfacet
facet normal 0.2541157848330094 0.6598006303046067 0.7071692132356637
outer loop
vertex 11.021 26.608 53.0
vertex 10.039 28.058 52.0
vertex 9.702 27.116 53.0
endloop
endfacet
facet normal 0.0 0.0 1.0
outer loop
vertex 11.021 26.608 53.0
vertex 9.702 27.116 53.0
vertex 9.682 23.374 53.0
endloop
endfacet
facet normal 0.0 -0.0 1.0
outer loop
vertex 9.682 23.374 53.0
vertex 9.702 27.116 53.0
vertex 8.523 23.821 53.0
endloop
endfacet
facet normal -0.35984203547535537 -0.9330132418700997 0.0
outer loop
vertex 9.682 23.374 53.0
vertex 8.523 23.821 53.0
vertex 9.682 23.374 1.0
endloop
endfacet
facet normal -0.35984203547535537 -0.9330132418700997 -0.0
outer loop
vertex 9.682 23.374 1.0
vertex 8.523 23.821 53.0
vertex 8.523 23.821 1.0
endloop
endfacet
facet normal -0.3588115835604219 -0.9303414437282477 -0.07562437163046055
outer loop
vertex 9.682 23.374 1.0
vertex 8.523 23.821 1.0
vertex 9.686 23.384 0.858
endloop
endfacet
facet normal -0.35881158356042003 -0.9303414437282502 -0.07562437163043784
outer loop
vertex 9.686 23.384 0.858
vertex 8.523 23.821 1.0
vertex 8.527 23.831 0.858
endloop
endfacet
facet normal -0.3518118115628622 -0.9121921467591909 -0.2100807859746237
outer loop
vertex 9.686 23.384 0.858
vertex 8.527 23.831 0.858
vertex 9.697 23.412 0.718
endloop
endfacet
facet normal -0.3517322679013364 -0.9127727757618505 -0.20767828857391266
outer loop
vertex 9.697 23.412 0.718
vertex 8.527 23.831 0.858
vertex 8.537 23.859 0.718
endloop
endfacet
facet normal -0.33677728040355864 -0.8739634122329419 -0.3503840999276873
outer loop
vertex 9.697 23.412 0.718
vertex 8.537 23.859 0.718
vertex 9.716 23.458 0.585
endloop
endfacet
facet normal -0.33674945577069976 -0.873443900905251 -0.35170379015523257
outer loop
vertex 9.716 23.458 0.585
vertex 8.537 23.859 0.718
vertex 8.554 23.906 0.585
endloop
endfacet
facet normal -0.3160516831481928 -0.8197590531656238 -0.47760488725744277
outer loop
vertex 9.716 23.458 0.585
vertex 8.554 23.906 0.585
vertex 9.743 23.521 0.459
endloop
endfacet
facet normal -0.3158820909672741 -0.8184855957063163 -0.4798956493107844
outer loop
vertex 9.743 23.521 0.459
vertex 8.554 23.906 0.585
vertex 8.577 23.971 0.459
endloop
endfacet
facet normal -0.28837654189527 -0.7472156618886344 -0.5987551458758879
outer loop
vertex 9.743 23.521 0.459
vertex 8.577 23.971 0.459
vertex 9.775 23.6 0.345
endloop
endfacet
facet normal -0.28846704840093523 -0.7477117063873518 -0.5980919378474908
outer loop
vertex 9.775 23.6 0.345
vertex 8.577 23.971 0.459
vertex 8.606 24.051 0.345
endloop
endfacet
facet normal -0.25476369955379635 -0.6603520283334591 -0.7064210189862343
outer loop
vertex 9.775 23.6 0.345
vertex 8.606 24.051 0.345
vertex 9.814 23.693 0.244
endloop
endfacet
facet normal -0.2547150828923859 -0.6601225327056541 -0.7066530042116835
outer loop
vertex 9.814 23.693 0.244
vertex 8.606 24.051 0.345
vertex 8.64 24.146 0.244
endloop
endfacet
facet normal -0.21429695623384667 -0.5553744516965479 -0.8035147994602636
outer loop
vertex 9.814 23.693 0.244
vertex 8.64 24.146 0.244
vertex 9.858 23.799 0.159
endloop
endfacet
facet normal -0.2145216590591368 -0.5563418850324843 -0.8027852544441867
outer loop
vertex 9.858 23.799 0.159
vertex 8.64 24.146 0.244
vertex 8.678 24.254 0.159
endloop
endfacet
facet normal -0.17432599224138642 -0.4520981776809563 -0.8747672182738755
outer loop
vertex 9.858 23.799 0.159
vertex 8.678 24.254 0.159
vertex 9.906 23.914 0.09
endloop
endfacet
facet normal -0.17453479589567258 -0.4529502580574813 -0.8742846611643813
outer loop
vertex 9.906 23.914 0.09
vertex 8.678 24.254 0.159
vertex 8.72 24.371 0.09
endloop
endfacet
facet normal -0.1234472982123955 -0.320368699518385 -0.9392149173288075
outer loop
vertex 9.906 23.914 0.09
vertex 8.72 24.371 0.09
vertex 9.957 24.038 0.041
endloop
endfacet
facet normal -0.12361044440907466 -0.32101013014295665 -0.9389744162534958
outer loop
vertex 9.957 24.038 0.041
vertex 8.72 24.371 0.09
vertex 8.765 24.497 0.041
endloop
endfacet
facet normal -0.07799113605430545 -0.20253907228046228 -0.9761635656470327
outer loop
vertex 9.957 24.038 0.041
vertex 8.765 24.497 0.041
vertex 10.01 24.167 0.01
endloop
endfacet
facet normal -0.07775160288549594 -0.20161562826152427 -0.976373815036765
outer loop
vertex 10.01 24.167 0.01
vertex 8.765 24.497 0.041
vertex 8.812 24.629 0.01
endloop
endfacet
facet normal -0.02527359183887472 -0.06553628359950638 -0.9975300702673214
outer loop
vertex 10.01 24.167 0.01
vertex 8.812 24.629 0.01
vertex 10.065 24.298 0.0
endloop
endfacet
facet normal -0.025238368547805236 -0.06540265397872061 -0.9975397323443237
outer loop
vertex 10.065 24.298 0.0
vertex 8.812 24.629 0.01
vertex 8.86 24.763 0.0
endloop
endfacet
facet normal 0.0 0.0 -1.0
outer loop
vertex 8.86 24.763 0.0
vertex 7.634 25.168 0.0
vertex 11.791 32.954 0.0
endloop
endfacet
facet normal -0.0 0.0 -0.9999999999999999
outer loop
vertex 11.791 32.954 0.0
vertex 7.634 25.168 0.0
vertex 10.16 33.493 0.0
endloop
endfacet
facet normal 0.3137816638127325 0.94949516452424 0.0
outer loop
vertex 11.791 32.954 0.0
vertex 10.16 33.493 0.0
vertex 11.791 32.954 3.0
endloop
endfacet
facet normal 0.3137816638127325 0.94949516452424 -0.0
outer loop
vertex 11.791 32.954 3.0
vertex 10.16 33.493 0.0
vertex 10.16 33.493 3.0
endloop
endfacet
facet normal 0.0 0.0 1.0
outer loop
vertex 11.791 32.954 3.0
vertex 10.16 33.493 3.0
vertex 10.039 28.058 3.0
endloop
endfacet
facet normal 0.0 -0.0 1.0
outer loop
vertex 10.039 28.058 3.0
vertex 10.16 33.493 3.0
vertex 8.65 28.517 3.0
endloop
endfacet
facet normal 0.31376579388482473 0.949500408945581 0.0
outer loop
vertex 10.039 28.058 3.0
vertex 8.65 28.517 3.0
vertex 10.039 28.058 52.0
endloop
endfacet
facet normal 0.31376579388482473 0.949500408945581 -0.0
outer loop
vertex 10.039 28.058 52.0
vertex 8.65 28.517 3.0
vertex 8.65 28.517 52.0
endloop
endfacet
facet normal 0.22184723382876473 0.6713416291680921 0.7071663324766366
outer loop
vertex 10.039 28.058 52.0
vertex 8.65 28.517 52.0
vertex 9.702 27.116 53.0
endloop
endfacet
facet normal 0.2221438400845008 0.6714347598950469 0.7069847788440659
outer loop
vertex 9.702 27.116 53.0
vertex 8.65 28.517 52.0
vertex 8.36 27.56 53.0
endloop
endfacet
facet normal 0.0 0.0 0.9999999999999999
outer loop
vertex 9.702 27.116 53.0
vertex 8.36 27.56 53.0
vertex 8.523 23.821 53.0
endloop
endfacet
facet normal 0.0 0.0 0.9999999999999999
outer loop
vertex 8.523 23.821 53.0
vertex 8.36 27.56 53.0
vertex 7.344 24.211 53.0
endloop
endfacet
facet normal -0.3140527243637051 -0.9494055436533614 0.0
outer loop
vertex 8.523 23.821 53.0
vertex 7.344 24.211 53.0
vertex 8.523 23.821 1.0
endloop
endfacet
facet normal -0.3140527243637051 -0.9494055436533614 -0.0
outer loop
vertex 8.523 23.821 1.0
vertex 7.344 24.211 53.0
vertex 7.344 24.211 1.0
endloop
endfacet
facet normal -0.3131565915633834 -0.9466964652646965 -0.07549007759787665
outer loop
vertex 8.523 23.821 1.0
vertex 7.344 24.211 1.0
vertex 8.527 23.831 0.858
endloop
endfacet
facet normal -0.3123907367697208 -0.9476120035688196 -0.0666597200171049
outer loop
vertex 8.527 23.831 0.858
vertex 7.344 24.211 1.0
vertex 7.347 24.22 0.858
endloop
endfacet
facet normal -0.30626086801448754 -0.9290175430773664 -0.20767928490224083
outer loop
vertex 8.527 23.831 0.858
vertex 7.347 24.22 0.858
vertex 8.537 23.859 0.718
endloop
endfacet
facet normal -0.3064504958596437 -0.9279949631031852 -0.2119279170909208
outer loop
vertex 8.537 23.859 0.718
vertex 7.347 24.22 0.858
vertex 7.356 24.249 0.718
endloop
endfacet
facet normal -0.2935458439781423 -0.8889170300979206 -0.3516494718964503
outer loop
vertex 8.537 23.859 0.718
vertex 7.356 24.249 0.718
vertex 8.554 23.906 0.585
endloop
endfacet
facet normal -0.2935457317848102 -0.8888955151744595 -0.35170394716814346
outer loop
vertex 8.554 23.906 0.585
vertex 7.356 24.249 0.718
vertex 7.37 24.297 0.585
endloop
endfacet
facet normal -0.27510062317496303 -0.8330412732459201 -0.47996029439690446
outer loop
vertex 8.554 23.906 0.585
vertex 7.37 24.297 0.585
vertex 8.577 23.971 0.459
endloop
endfacet
facet normal -0.27509840263988605 -0.8330148059529215 -0.48000750194991726
outer loop
vertex 8.577 23.971 0.459
vertex 7.37 24.297 0.585
vertex 7.39 24.363 0.459
endloop
endfacet
facet normal -0.25133547387399696 -0.7610592027766194 -0.5980128505655626
outer loop
vertex 8.577 23.971 0.459
vertex 7.39 24.363 0.459
vertex 8.606 24.051 0.345
endloop
endfacet
facet normal -0.2514719656034852 -0.762094430111324 -0.5966355085886322
outer loop
vertex 8.606 24.051 0.345
vertex 7.39 24.363 0.459
vertex 7.415 24.444 0.345
endloop
endfacet
facet normal -0.22171926515515827 -0.6719278493633409 -0.706649511928659
outer loop
vertex 8.606 24.051 0.345
vertex 7.415 24.444 0.345
vertex 8.64 24.146 0.244
endloop
endfacet
facet normal -0.22153252161920756 -0.6707668249533485 -0.7078101499745811
outer loop
vertex 8.64 24.146 0.244
vertex 7.415 24.444 0.345
vertex 7.444 24.541 0.244
endloop
endfacet
facet normal -0.1869629966480912 -0.5660955544078923 -0.8028578088080023
outer loop
vertex 8.64 24.146 0.244
vertex 7.444 24.541 0.244
vertex 8.678 24.254 0.159
endloop
endfacet
facet normal -0.187147068462855 -0.5671123286753227 -0.802096990039367
outer loop
vertex 8.678 24.254 0.159
vertex 7.444 24.541 0.244
vertex 7.478 24.65 0.159
endloop
endfacet
facet normal -0.15212551656008266 -0.4609864138184359 -0.8742707552504233
outer loop
vertex 8.678 24.254 0.159
vertex 7.478 24.65 0.159
vertex 8.72 24.371 0.09
endloop
endfacet
facet normal -0.15157557250281659 -0.4581457153844523 -0.8758580645831332
outer loop
vertex 8.72 24.371 0.09
vertex 7.478 24.65 0.159
vertex 7.514 24.77 0.09
endloop
endfacet
facet normal -0.10804446184460256 -0.3265704786581214 -0.9389771651822614
outer loop
vertex 8.72 24.371 0.09
vertex 7.514 24.77 0.09
vertex 8.765 24.497 0.041
endloop
endfacet
facet normal -0.10803802064891917 -0.32653885542765637 -0.9389889040826095
outer loop
vertex 8.765 24.497 0.041
vertex 7.514 24.77 0.09
vertex 7.553 24.898 0.041
endloop
endfacet
facet normal -0.06787050638882365 -0.20513479736472406 -0.9763776468522097
outer loop
vertex 8.765 24.497 0.041
vertex 7.553 24.898 0.041
vertex 8.812 24.629 0.01
endloop
endfacet
facet normal -0.06824929102650686 -0.2069549397047571 -0.9759670523158964
outer loop
vertex 8.812 24.629 0.01
vertex 7.553 24.898 0.041
vertex 7.593 25.031 0.01
endloop
endfacet
facet normal -0.02195611733551614 -0.06657837570147843 -0.9975395976102911
outer loop
vertex 8.812 24.629 0.01
vertex 7.593 25.031 0.01
vertex 8.86 24.763 0.0
endloop
endfacet
facet normal -0.02188975335977602 -0.06626379659033466 -0.9975620020626702
outer loop
vertex 8.86 24.763 0.0
vertex 7.593 25.031 0.01
vertex 7.634 25.168 0.0
endloop
endfacet
facet normal 0.0 0.0 -1.0
outer loop
vertex 7.634 25.168 0.0
vertex 6.39 25.512 0.0
vertex 10.16 33.493 0.0
endloop
endfacet
facet normal -0.0 0.0 -1.0
outer loop
vertex 10.16 33.493 0.0
vertex 6.39 25.512 0.0
vertex 8.504 33.951 0.0
endloop
endfacet
facet normal 0.2665630479668493 0.9638174834783934 0.0
outer loop
vertex 10.16 33.493 0.0
vertex 8.504 33.951 0.0
vertex 10.16 33.493 3.0
endloop
endfacet
facet normal 0.2665630479668493 0.9638174834783934 -0.0
outer loop
vertex 10.16 33.493 3.0
vertex 8.504 33.951 0.0
vertex 8.504 33.951 3.0
endloop
endfacet
facet normal 0.0 0.0 1.0
outer loop
vertex 10.16 33.493 3.0
vertex 8.504 33.951 3.0
vertex 8.65 28.517 3.0
endloop
endfacet
facet normal 0.0 0.0 0.9999999999999999
outer loop
vertex 8.65 28.517 3.0
vertex 8.504 33.951 3.0
vertex 7.241 28.907 3.0
endloop
endfacet
facet normal 0.2667617972955243 0.963762493306137 0.0
outer loop
vertex 8.65 28.517 3.0
vertex 7.241 28.907 3.0
vertex 8.65 28.517 52.0
endloop
endfacet
facet normal 0.2667617972955243 0.963762493306137 -0.0
outer loop
vertex 8.65 28.517 52.0
vertex 7.241 28.907 3.0
vertex 7.241 28.907 52.0
endloop
endfacet
facet normal 0.18865910539192632 0.6815914858903177 0.7069941925606934
outer loop
vertex 8.65 28.517 52.0
vertex 7.241 28.907 52.0
vertex 8.36 27.56 53.0
endloop
endfacet
facet normal 0.18866424740635804 0.681593381876546 0.7069909925399936
outer loop
vertex 8.36 27.56 53.0
vertex 7.241 28.907 52.0
vertex 6.998 27.937 53.0
endloop
endfacet
facet normal 0.0 0.0 1.0
outer loop
vertex 8.36 27.56 53.0
vertex 6.998 27.937 53.0
vertex 7.344 24.211 53.0
endloop
endfacet
facet normal 0.0 0.0 1.0
outer loop
vertex 7.344 24.211 53.0
vertex 6.998 27.937 53.0
vertex 6.147 24.542 53.0
endloop
endfacet
facet normal -0.2665223961438998 -0.9638287256321604 0.0
outer loop
vertex 7.344 24.211 53.0
vertex 6.147 24.542 53.0
vertex 7.344 24.211 1.0
endloop
endfacet
facet normal -0.2665223961438998 -0.9638287256321604 -0.0
outer loop
vertex 7.344 24.211 1.0
vertex 6.147 24.542 53.0
vertex 6.147 24.542 1.0
endloop
endfacet
facet normal -0.2659311760401673 -0.9616906879760645 -0.0665704909852495
outer loop
vertex 7.344 24.211 1.0
vertex 6.147 24.542 1.0
vertex 7.347 24.22 0.858
endloop
endfacet
facet normal -0.26655100272119503 -0.9610287658351501 -0.07330944131347325
outer loop
vertex 7.347 24.22 0.858
vertex 6.147 24.542 1.0
vertex 6.15 24.552 0.858
endloop
endfacet
facet normal -0.2612026995317498 -0.941745877528626 -0.21186753388654075
outer loop
vertex 7.347 24.22 0.858
vertex 6.15 24.552 0.858
vertex 7.356 24.249 0.718
endloop
endfacet
facet normal -0.2610024926069302 -0.9425963513123752 -0.20830222597362302
outer loop
vertex 7.356 24.249 0.718
vertex 6.15 24.552 0.858
vertex 6.157 24.581 0.718
endloop
endfacet
facet normal -0.24979078499554663 -0.9021058771375294 -0.3518658127258703
outer loop
vertex 7.356 24.249 0.718
vertex 6.157 24.581 0.718
vertex 7.37 24.297 0.585
endloop
endfacet
facet normal -0.24973256849468525 -0.9034000444642062 -0.34857137561067403
outer loop
vertex 7.37 24.297 0.585
vertex 6.157 24.581 0.718
vertex 6.169 24.629 0.585
endloop
endfacet
facet normal -0.23374094805854473 -0.8455508392117822 -0.48000932023132986
outer loop
vertex 7.37 24.297 0.585
vertex 6.169 24.629 0.585
vertex 7.39 24.363 0.459
endloop
endfacet
facet normal -0.23372383053898493 -0.8450555314382467 -0.4808890930597263
outer loop
vertex 7.39 24.363 0.459
vertex 6.169 24.629 0.585
vertex 6.186 24.696 0.459
endloop
endfacet
facet normal -0.21394484709886824 -0.7735423300511585 -0.5965399115053965
outer loop
vertex 7.39 24.363 0.459
vertex 6.186 24.696 0.459
vertex 7.415 24.444 0.345
endloop
endfacet
facet normal -0.21370190953672635 -0.7706027066279547 -0.6004189890385108
outer loop
vertex 7.415 24.444 0.345
vertex 6.186 24.696 0.459
vertex 6.207 24.779 0.345
endloop
endfacet
facet normal -0.18875424438927374 -0.680642170812663 -0.7078828084764172
outer loop
vertex 7.415 24.444 0.345
vertex 6.207 24.779 0.345
vertex 7.444 24.541 0.244
endloop
endfacet
facet normal -0.18889999452397702 -0.6819514683261464 -0.7065826115300703
outer loop
vertex 7.444 24.541 0.244
vertex 6.207 24.779 0.345
vertex 6.231 24.877 0.244
endloop
endfacet
facet normal -0.15945841527336171 -0.5756638622815139 -0.8019876130350384
outer loop
vertex 7.444 24.541 0.244
vertex 6.231 24.877 0.244
vertex 7.478 24.65 0.159
endloop
endfacet
facet normal -0.15974073427994784 -0.5778158904666364 -0.8003822177784506
outer loop
vertex 7.478 24.65 0.159
vertex 6.231 24.877 0.244
vertex 6.259 24.987 0.159
endloop
endfacet
facet normal -0.12857026863021948 -0.4650657491401708 -0.8758901386595495
outer loop
vertex 7.478 24.65 0.159
vertex 6.259 24.987 0.159
vertex 7.514 24.77 0.09
endloop
endfacet
facet normal -0.12843252262895927 -0.46409982365921576 -0.8764225241347045
outer loop
vertex 7.514 24.77 0.09
vertex 6.259 24.987 0.159
vertex 6.289 25.109 0.09
endloop
endfacet
facet normal -0.09173839152757972 -0.3315030372309277 -0.9389833884721297
outer loop
vertex 7.514 24.77 0.09
vertex 6.289 25.109 0.09
vertex 7.553 24.898 0.041
endloop
endfacet
facet normal -0.09162608268513878 -0.330767471511453 -0.939253714797922
outer loop
vertex 7.553 24.898 0.041
vertex 6.289 25.109 0.09
vertex 6.322 25.239 0.041
endloop
endfacet
facet normal -0.058168844953548696 -0.2099878244510798 -0.9759720790366251
outer loop
vertex 7.553 24.898 0.041
vertex 6.322 25.239 0.041
vertex 7.593 25.031 0.01
endloop
endfacet
facet normal -0.05809265770010312 -0.20950617368812707 -0.9760801228935558
outer loop
vertex 7.593 25.031 0.01
vertex 6.322 25.239 0.041
vertex 6.356 25.374 0.01
endloop
endfacet
facet normal -0.018643293226777918 -0.06723543359044983 -0.9975629424189557
outer loop
vertex 7.593 25.031 0.01
vertex 6.356 25.374 0.01
vertex 7.634 25.168 0.0
endloop
endfacet
facet normal -0.018713788113418017 -0.06767428027061613 -0.9975319473201348
outer loop
vertex 7.634 25.168 0.0
vertex 6.356 25.374 0.01
vertex 6.39 25.512 0.0
endloop
endfacet
facet normal 0.0 0.0 -1.0
outer loop
vertex 6.39 25.512 0.0
vertex 5.131 25.795 0.0
vertex 8.504 33.951 0.0
endloop
endfacet
facet normal -0.0 0.0 -1.0
outer loop
vertex 8.504 33.951 0.0
vertex 5.131 25.795 0.0
vertex 6.828 34.327 0.0
endloop
endfacet
facet normal 0.21890260409966997 0.9757467140187474 0.0
outer loop
vertex 8.504 33.951 0.0
vertex 6.828 34.327 0.0
vertex 8.504 33.951 3.0
endloop
endfacet
facet normal 0.21890260409966997 0.9757467140187474 -0.0
outer loop
vertex 8.504 33.951 3.0
vertex 6.828 34.327 0.0
vertex 6.828 34.327 3.0
endloop
endfacet
facet normal 0.0 0.0 1.0
outer loop
vertex 8.504 33.951 3.0
vertex 6.828 34.327 3.0
vertex 7.241 28.907 3.0
endloop
endfacet
facet normal 0.0 0.0 1.0
outer loop
vertex 7.241 28.907 3.0
vertex 6.828 34.327 3.0
vertex 5.814 29.227 3.0
endloop
endfacet
facet normal 0.2188124854272106 0.975766927201966 0.0
outer loop
vertex 7.241 28.907 3.0
vertex 5.814 29.227 3.0
vertex 7.241 28.907 52.0
endloop
endfacet
facet normal 0.2188124854272106 0.975766927201966 -0.0
outer loop
vertex 7.241 28.907 52.0
vertex 5.814 29.227 3.0
vertex 5.814 29.227 52.0
endloop
endfacet
facet normal 0.15474968331919417 0.6900868690515307 0.7069884360265482
outer loop
vertex 7.241 28.907 52.0
vertex 5.814 29.227 52.0
vertex 6.998 27.937 53.0
endloop
endfacet
facet normal 0.15517237787788338 0.6902668035277488 0.7067200811433815
outer loop
vertex 6.998 27.937 53.0
vertex 5.814 29.227 52.0
vertex 5.619 28.247 53.0
endloop
endfacet
facet normal 0.0 0.0 1.0
outer loop
vertex 6.998 27.937 53.0
vertex 5.619 28.247 53.0
vertex 6.147 24.542 53.0
endloop
endfacet
facet normal 0.0 0.0 1.0
outer loop
vertex 6.147 24.542 53.0
vertex 5.619 28.247 53.0
vertex 4.936 24.814 53.0
endloop
endfacet
facet normal -0.21914791743989084 -0.9756916471312844 0.0
outer loop
vertex 6.147 24.542 53.0
vertex 4.936 24.814 53.0
vertex 6.147 24.542 1.0
endloop
endfacet
facet normal -0.21914791743989084 -0.9756916471312844 -0.0
outer loop
vertex 6.147 24.542 1.0
vertex 4.936 24.814 53.0
vertex 4.936 24.814 1.0
endloop
endfacet
facet normal -0.21856090384550195 -0.9730781417533251 -0.07314411358498474
outer loop
vertex 6.147 24.542 1.0
vertex 4.936 24.814 1.0
vertex 6.15 24.552 0.858
endloop
endfacet
facet normal -0.21841355052950967 -0.9732250854476613 -0.0716132250389937
outer loop
vertex 6.15 24.552 0.858
vertex 4.936 24.814 1.0
vertex 4.938 24.824 0.858
endloop
endfacet
facet normal -0.2141684877673436 -0.954309585198598 -0.20838683846521833
outer loop
vertex 6.15 24.552 0.858
vertex 4.938 24.824 0.858
vertex 6.157 24.581 0.718
endloop
endfacet
facet normal -0.21451023885156098 -0.953116922076717 -0.2134326363957759
outer loop
vertex 6.157 24.581 0.718
vertex 4.938 24.824 0.858
vertex 4.944 24.854 0.718
endloop
endfacet
facet normal -0.20579802016179768 -0.9144065877518714 -0.34857964251152623
outer loop
vertex 6.157 24.581 0.718
vertex 4.944 24.854 0.718
vertex 6.169 24.629 0.585
endloop
endfacet
facet normal -0.20564503606637047 -0.9159866807937972 -0.3444974887421153
outer loop
vertex 6.169 24.629 0.585
vertex 4.944 24.854 0.718
vertex 4.953 24.902 0.585
endloop
endfacet
facet normal -0.19206927194165124 -0.8555173431540223 -0.4808320604311728
outer loop
vertex 6.169 24.629 0.585
vertex 4.953 24.902 0.585
vertex 6.186 24.696 0.459
endloop
endfacet
facet normal -0.19208249371630304 -0.8545567877378676 -0.48253187681112136
outer loop
vertex 6.186 24.696 0.459
vertex 4.953 24.902 0.585
vertex 4.967 24.97 0.459
endloop
endfacet
facet normal -0.17537945792231022 -0.7802465664499937 -0.6003809967694448
outer loop
vertex 6.186 24.696 0.459
vertex 4.967 24.97 0.459
vertex 6.207 24.779 0.345
endloop
endfacet
facet normal -0.17550282347205878 -0.7839980143423332 -0.5954375470698957
outer loop
vertex 6.207 24.779 0.345
vertex 4.967 24.97 0.459
vertex 4.983 25.053 0.345
endloop
endfacet
facet normal -0.1545621652197031 -0.6904528840471386 -0.7066720257613047
outer loop
vertex 6.207 24.779 0.345
vertex 4.983 25.053 0.345
vertex 6.231 24.877 0.244
endloop
endfacet
facet normal -0.15454019454585105 -0.6900922141901948 -0.7070290405519458
outer loop
vertex 6.231 24.877 0.244
vertex 4.983 25.053 0.345
vertex 5.003 25.152 0.244
endloop
endfacet
facet normal -0.13102343115119713 -0.5850791761951594 -0.8003219465141269
outer loop
vertex 6.231 24.877 0.244
vertex 5.003 25.152 0.244
vertex 6.259 24.987 0.159
endloop
endfacet
facet normal -0.13084726708676783 -0.5829080418233605 -0.801933418354404
outer loop
vertex 6.259 24.987 0.159
vertex 5.003 25.152 0.244
vertex 5.025 25.264 0.159
endloop
endfacet
facet normal -0.10545191762592708 -0.4697749687739839 -0.8764652712928317
outer loop
vertex 6.259 24.987 0.159
vertex 5.025 25.264 0.159
vertex 6.289 25.109 0.09
endloop
endfacet
facet normal -0.10548460737959736 -0.4701274408033155 -0.8762723246854812
outer loop
vertex 6.289 25.109 0.09
vertex 5.025 25.264 0.159
vertex 5.05 25.387 0.09
endloop
endfacet
facet normal -0.07515261203944537 -0.33494275653551525 -0.9392366234064976
outer loop
vertex 6.289 25.109 0.09
vertex 5.05 25.387 0.09
vertex 6.322 25.239 0.041
endloop
endfacet
facet normal -0.07528157027404146 -0.3362037152740348 -0.9387756638372184
outer loop
vertex 6.322 25.239 0.041
vertex 5.05 25.387 0.09
vertex 5.076 25.518 0.041
endloop
endfacet
facet normal -0.04750861147688096 -0.2121710749110886 -0.9760770291358218
outer loop
vertex 6.322 25.239 0.041
vertex 5.076 25.518 0.041
vertex 6.356 25.374 0.01
endloop
endfacet
facet normal -0.047441631468278206 -0.21154578017705375 -0.9762159978677412
outer loop
vertex 6.356 25.374 0.01
vertex 5.076 25.518 0.041
vertex 5.103 25.655 0.01
endloop
endfacet
facet normal -0.015361966157186319 -0.0685001551421861 -0.9975328258966129
outer loop
vertex 6.356 25.374 0.01
vertex 5.103 25.655 0.01
vertex 6.39 25.512 0.0
endloop
endfacet
facet normal -0.015327497733175183 -0.06818840864334794 -0.9975547146597662
outer loop
vertex 6.39 25.512 0.0
vertex 5.103 25.655 0.01
vertex 5.131 25.795 0.0
endloop
endfacet
facet normal 0.0 0.0 -1.0
outer loop
vertex 5.131 25.795 0.0
vertex 3.859 26.015 0.0
vertex 6.828 34.327 0.0
endloop
endfacet
facet normal -0.0 0.0 -1.0
outer loop
vertex 6.828 34.327 0.0
vertex 3.859 26.015 0.0
vertex 5.136 34.621 0.0
endloop
endfacet
facet normal 0.17119373018901024 0.985237385985719 0.0
outer loop
vertex 6.828 34.327 0.0
vertex 5.136 34.621 0.0
vertex 6.828 34.327 3.0
endloop
endfacet
facet normal 0.17119373018901024 0.985237385985719 -0.0
outer loop
vertex 6.828 34.327 3.0
vertex 5.136 34.621 0.0
vertex 5.136 34.621 3.0
endloop
endfacet
facet normal 0.0 0.0 1.0
outer loop
vertex 6.828 34.327 3.0
vertex 5.136 34.621 3.0
vertex 5.814 29.227 3.0
endloop
endfacet
facet normal 0.0 0.0 1.0
outer loop
vertex 5.814 29.227 3.0
vertex 5.136 34.621 3.0
vertex 4.373 29.477 3.0
endloop
endfacet
facet normal 0.17093718402971814 0.9852819287472953 0.0
outer loop
vertex 5.814 29.227 3.0
vertex 4.373 29.477 3.0
vertex 5.814 29.227 52.0
endloop
endfacet
facet normal 0.17093718402971814 0.9852819287472953 -0.0
outer loop
vertex 5.814 29.227 52.0
vertex 4.373 29.477 3.0
vertex 4.373 29.477 52.0
endloop
endfacet
facet normal 0.12093679251988604 0.6970796720846231 0.7067207531843087
outer loop
vertex 5.814 29.227 52.0
vertex 4.373 29.477 52.0
vertex 5.619 28.247 53.0
endloop
endfacet
facet normal 0.12056945422288087 0.6969014511720882 0.7069592449799593
outer loop
vertex 5.619 28.247 53.0
vertex 4.373 29.477 52.0
vertex 4.226 28.488 53.0
endloop
endfacet
facet normal 0.0 0.0 1.0
outer loop
vertex 5.619 28.247 53.0
vertex 4.226 28.488 53.0
vertex 4.936 24.814 53.0
endloop
endfacet
facet normal 0.0 0.0 1.0
outer loop
vertex 4.936 24.814 53.0
vertex 4.226 28.488 53.0
vertex 3.712 25.026 53.0
endloop
endfacet
facet normal -0.1706616777832013 -0.985329686823767 0.0
outer loop
vertex 4.936 24.814 53.0
vertex 3.712 25.026 53.0
vertex 4.936 24.814 1.0
endloop
endfacet
facet normal -0.1706616777832013 -0.985329686823767 -0.0
outer loop
vertex 4.936 24.814 1.0
vertex 3.712 25.026 53.0
vertex 3.712 25.026 1.0
endloop
endfacet
facet normal -0.17022355429505628 -0.9828001436657976 -0.07160879257218021
outer loop
vertex 4.936 24.814 1.0
vertex 3.712 25.026 1.0
vertex 4.938 24.824 0.858
endloop
endfacet
facet normal -0.1702235542950563 -0.9828001436657976 -0.0716087925721802
outer loop
vertex 4.938 24.824 0.858
vertex 3.712 25.026 1.0
vertex 3.714 25.036 0.858
endloop
endfacet
facet normal -0.16672961742693929 -0.9626276025027071 -0.21342289842600384
outer loop
vertex 4.938 24.824 0.858
vertex 3.714 25.036 0.858
vertex 4.944 24.854 0.718
endloop
endfacet
facet normal -0.16654966476540234 -0.9631598537848278 -0.21114995909002937
outer loop
vertex 4.944 24.854 0.718
vertex 3.714 25.036 0.858
vertex 3.718 25.066 0.718
endloop
endfacet
facet normal -0.15995116315019933 -0.9250005944440784 -0.34465856392232574
outer loop
vertex 4.944 24.854 0.718
vertex 3.718 25.066 0.718
vertex 4.953 24.902 0.585
endloop
endfacet
facet normal -0.1605738196512317 -0.9206732556638437 -0.3557763409052835
outer loop
vertex 4.953 24.902 0.585
vertex 3.718 25.066 0.718
vertex 3.726 25.116 0.585
endloop
endfacet
facet normal -0.1504999513480381 -0.8629132724488036 -0.48242144321737507
outer loop
vertex 4.953 24.902 0.585
vertex 3.726 25.116 0.585
vertex 4.967 24.97 0.459
endloop
endfacet
facet normal -0.1501780740119 -0.8679305591955303 -0.47343752544618845
outer loop
vertex 4.967 24.97 0.459
vertex 3.726 25.116 0.585
vertex 3.736 25.183 0.459
endloop
endfacet
facet normal -0.13696454401598335 -0.7915650407684256 -0.595537992000321
outer loop
vertex 4.967 24.97 0.459
vertex 3.736 25.183 0.459
vertex 4.983 25.053 0.345
endloop
endfacet
facet normal -0.13703510340610497 -0.7871551288676265 -0.6013386596019488
outer loop
vertex 4.983 25.053 0.345
vertex 3.736 25.183 0.459
vertex 3.748 25.268 0.345
endloop
endfacet
facet normal -0.12129759247549217 -0.696755938173176 -0.7069781161252919
outer loop
vertex 4.983 25.053 0.345
vertex 3.748 25.268 0.345
vertex 5.003 25.152 0.244
endloop
endfacet
facet normal -0.12129172775704346 -0.696304363049702 -0.707423883379449
outer loop
vertex 5.003 25.152 0.244
vertex 3.748 25.268 0.345
vertex 3.763 25.368 0.244
endloop
endfacet
facet normal -0.10251321633259021 -0.5885017974648765 -0.8019704950044966
outer loop
vertex 5.003 25.152 0.244
vertex 3.763 25.368 0.244
vertex 5.025 25.264 0.159
endloop
endfacet
facet normal -0.10249911511813209 -0.5880709600095537 -0.8022882757422308
outer loop
vertex 5.025 25.264 0.159
vertex 3.763 25.368 0.244
vertex 3.78 25.481 0.159
endloop
endfacet
facet normal -0.08274379636647886 -0.47472823260951674 -0.8762343118859858
outer loop
vertex 5.025 25.264 0.159
vertex 3.78 25.481 0.159
vertex 5.05 25.387 0.09
endloop
endfacet
facet normal -0.08290219984396538 -0.478311309698826 -0.8742685607267511
outer loop
vertex 5.05 25.387 0.09
vertex 3.78 25.481 0.159
vertex 3.798 25.604 0.09
endloop
endfacet
facet normal -0.058837415986971967 -0.3394674876299047 -0.9387757896975276
outer loop
vertex 5.05 25.387 0.09
vertex 3.798 25.604 0.09
vertex 5.076 25.518 0.041
endloop
endfacet
facet normal -0.05872294033335351 -0.33732173031671 -0.9395561007916166
outer loop
vertex 5.076 25.518 0.041
vertex 3.798 25.604 0.09
vertex 3.818 25.737 0.041
endloop
endfacet
facet normal -0.037179379162086294 -0.21356921911372165 -0.976220201805042
outer loop
vertex 5.076 25.518 0.041
vertex 3.818 25.737 0.041
vertex 5.103 25.655 0.01
endloop
endfacet
facet normal -0.03719807523539353 -0.21388893260351383 -0.9761494904513917
outer loop
vertex 5.103 25.655 0.01
vertex 3.818 25.737 0.041
vertex 3.838 25.875 0.01
endloop
endfacet
facet normal -0.011975444617021358 -0.06885880654787313 -0.9975545365978881
outer loop
vertex 5.103 25.655 0.01
vertex 3.838 25.875 0.01
vertex 5.131 25.795 0.0
endloop
endfacet
facet normal -0.012011652873716328 -0.06944919297894206 -0.997513172739997
outer loop
vertex 5.131 25.795 0.0
vertex 3.838 25.875 0.01
vertex 3.859 26.015 0.0
endloop
endfacet
facet normal 0.0 0.0 -1.0
outer loop
vertex 3.859 26.015 0.0
vertex 2.578 26.173 0.0
vertex 5.136 34.621 0.0
endloop
endfacet
facet normal -0.0 0.0 -0.9999999999999999
outer loop
vertex 5.136 34.621 0.0
vertex 2.578 26.173 0.0
vertex 3.431 34.831 0.0
endloop
endfacet
facet normal 0.12224342014043581 0.992500149235439 0.0
outer loop
vertex 5.136 34.621 0.0
vertex 3.431 34.831 0.0
vertex 5.136 34.621 3.0
endloop
endfacet
facet normal 0.12224342014043581 0.992500149235439 -0.0
outer loop
vertex 5.136 34.621 3.0
vertex 3.431 34.831 0.0
vertex 3.431 34.831 3.0
endloop
endfacet
facet normal 0.0 0.0 1.0
outer loop
vertex 5.136 34.621 3.0
vertex 3.431 34.831 3.0
vertex 4.373 29.477 3.0
endloop
endfacet
facet normal 0.0 0.0 0.9999999999999999
outer loop
vertex 4.373 29.477 3.0
vertex 3.431 34.831 3.0
vertex 2.921 29.657 3.0
endloop
endfacet
facet normal 0.12302523260231826 0.9924035429920359 0.0
outer loop
vertex 4.373 29.477 3.0
vertex 2.921 29.657 3.0
vertex 4.373 29.477 52.0
endloop
endfacet
facet normal 0.12302523260231826 0.9924035429920359 -0.0
outer loop
vertex 4.373 29.477 52.0
vertex 2.921 29.657 3.0
vertex 2.921 29.657 52.0
endloop
endfacet
facet normal 0.08701060263086217 0.7018855278889562 0.706955345668915
outer loop
vertex 4.373 29.477 52.0
vertex 2.921 29.657 52.0
vertex 4.226 28.488 53.0
endloop
endfacet
facet normal 0.08651404569015213 0.7016139081114575 0.7072858289566456
outer loop
vertex 4.226 28.488 53.0
vertex 2.921 29.657 52.0
vertex 2.823 28.661 53.0
endloop
endfacet
facet normal 0.0 0.0 1.0
outer loop
vertex 4.226 28.488 53.0
vertex 2.823 28.661 53.0
vertex 3.712 25.026 53.0
endloop
endfacet
facet normal 0.0 0.0 1.0
outer loop
vertex 3.712 25.026 53.0
vertex 2.823 28.661 53.0
vertex 2.48 25.178 53.0
endloop
endfacet
facet normal -0.12244820260374321 -0.9924749053145437 0.0
outer loop
vertex 3.712 25.026 53.0
vertex 2.48 25.178 53.0
vertex 3.712 25.026 1.0
endloop
endfacet
facet normal -0.12244820260374321 -0.9924749053145437 -0.0
outer loop
vertex 3.712 25.026 1.0
vertex 2.48 25.178 53.0
vertex 2.48 25.178 1.0
endloop
endfacet
facet normal -0.12213538539336638 -0.989939439504121 -0.07143426173119333
outer loop
vertex 3.712 25.026 1.0
vertex 2.48 25.178 1.0
vertex 3.714 25.036 0.858
endloop
endfacet
facet normal -0.12204526565715931 -0.9900119247057894 -0.07057862332896528
outer loop
vertex 3.714 25.036 0.858
vertex 2.48 25.178 1.0
vertex 2.481 25.188 0.858
endloop
endfacet
facet normal -0.11958809956345443 -0.9700797813272485 -0.2112910417004924
outer loop
vertex 3.714 25.036 0.858
vertex 2.481 25.188 0.858
vertex 3.718 25.066 0.718
endloop
endfacet
facet normal -0.11951415449895443 -0.9702662279717684 -0.21047520930465022
outer loop
vertex 3.718 25.066 0.718
vertex 2.481 25.188 0.858
vertex 2.484 25.218 0.718
endloop
endfacet
facet normal -0.11426185568421585 -0.927625854699483 -0.35560441789810915
outer loop
vertex 3.718 25.066 0.718
vertex 2.484 25.218 0.718
vertex 3.726 25.116 0.585
endloop
endfacet
facet normal -0.11409301305842483 -0.9285069549557273 -0.3533519760381891
outer loop
vertex 3.726 25.116 0.585
vertex 2.484 25.218 0.718
vertex 2.489 25.268 0.585
endloop
endfacet
facet normal -0.10742788061009179 -0.8742650547018597 -0.47341299580258506
outer loop
vertex 3.726 25.116 0.585
vertex 2.489 25.268 0.585
vertex 3.736 25.183 0.459
endloop
endfacet
facet normal -0.10760084389239302 -0.8727624004605288 -0.47613847852911495
outer loop
vertex 3.736 25.183 0.459
vertex 2.489 25.268 0.585
vertex 2.495 25.336 0.459
endloop
endfacet
facet normal -0.09775316018924103 -0.7928867437571842 -0.6014772907160719
outer loop
vertex 3.736 25.183 0.459
vertex 2.495 25.336 0.459
vertex 3.748 25.268 0.345
endloop
endfacet
facet normal -0.0976716809905131 -0.7941409879228716 -0.5998335886171873
outer loop
vertex 3.748 25.268 0.345
vertex 2.495 25.336 0.459
vertex 2.504 25.421 0.345
endloop
endfacet
facet normal -0.08628137614240873 -0.7015296203997217 -0.7073978483376908
outer loop
vertex 3.748 25.268 0.345
vertex 2.504 25.421 0.345
vertex 3.763 25.368 0.244
endloop
endfacet
facet normal -0.08633124124847937 -0.7001800020737065 -0.7087276497220645
outer loop
vertex 3.763 25.368 0.244
vertex 2.504 25.421 0.345
vertex 2.514 25.522 0.244
endloop
endfacet
facet normal -0.07305231744869292 -0.592482756450763 -0.8022640103007744
outer loop
vertex 3.763 25.368 0.244
vertex 2.514 25.522 0.244
vertex 3.78 25.481 0.159
endloop
endfacet
facet normal -0.07300926128978093 -0.5949780709004877 -0.8004191045405242
outer loop
vertex 3.78 25.481 0.159
vertex 2.514 25.522 0.244
vertex 2.525 25.635 0.159
endloop
endfacet
facet normal -0.05912131193846358 -0.4818003018361807 -0.8742843585614696
outer loop
vertex 3.78 25.481 0.159
vertex 2.525 25.635 0.159
vertex 3.798 25.604 0.09
endloop
endfacet
facet normal -0.05914131918681484 -0.4780589967600794 -0.876334353989155
outer loop
vertex 3.798 25.604 0.09
vertex 2.525 25.635 0.159
vertex 2.537 25.76 0.09
endloop
endfacet
facet normal -0.042040490549275875 -0.3398272986066415 -0.9395477658299703
outer loop
vertex 3.798 25.604 0.09
vertex 2.537 25.76 0.09
vertex 3.818 25.737 0.041
endloop
endfacet
facet normal -0.04204842613692676 -0.34177823295911763 -0.9388394800682119
outer loop
vertex 3.818 25.737 0.041
vertex 2.537 25.76 0.09
vertex 2.55 25.893 0.041
endloop
endfacet
facet normal -0.026505279692530952 -0.21544035032133813 -0.9761572238127626
outer loop
vertex 3.818 25.737 0.041
vertex 2.55 25.893 0.041
vertex 3.838 25.875 0.01
endloop
endfacet
facet normal -0.026501931994911184 -0.2150538940224003 -0.9762425263562019
outer loop
vertex 3.838 25.875 0.01
vertex 2.55 25.893 0.041
vertex 2.564 26.032 0.01
endloop
endfacet
facet normal -0.008621164846648538 -0.06995773257726265 -0.9975127022596428
outer loop
vertex 3.838 25.875 0.01
vertex 2.564 26.032 0.01
vertex 3.859 26.015 0.0
endloop
endfacet
facet normal -0.008620312431393162 -0.06989000142161268 -0.9975174574486766
outer loop
vertex 3.859 26.015 0.0
vertex 2.564 26.032 0.01
vertex 2.578 26.173 0.0
endloop
endfacet
facet normal 0.0 0.0 -1.0
outer loop
vertex 2.578 26.173 0.0
vertex 1.29 26.268 0.0
vertex 3.431 34.831 0.0
endloop
endfacet
facet normal -0.0 0.0 -0.9999999999999999
outer loop
vertex 3.431 34.831 0.0
vertex 1.29 26.268 0.0
vertex 1.717 34.958 0.0
endloop
endfacet
facet normal 0.07389311736780745 0.9972661666805244 0.0
outer loop
vertex 3.431 34.831 0.0
vertex 1.717 34.958 0.0
vertex 3.431 34.831 3.0
endloop
endfacet
facet normal 0.07389311736780745 0.9972661666805244 -0.0
outer loop
vertex 3.431 34.831 3.0
vertex 1.717 34.958 0.0
vertex 1.717 34.958 3.0
endloop
endfacet
facet normal 0.0 0.0 1.0
outer loop
vertex 3.431 34.831 3.0
vertex 1.717 34.958 3.0
vertex 2.921 29.657 3.0
endloop
endfacet
facet normal 0.0 0.0 1.0
outer loop
vertex 2.921 29.657 3.0
vertex 1.717 34.958 3.0
vertex 1.462 29.764 3.0
endloop
endfacet
facet normal 0.07314147263859078 0.9973215755112581 0.0
outer loop
vertex 2.921 29.657 3.0
vertex 1.462 29.764 3.0
vertex 2.921 29.657 52.0
endloop
endfacet
facet normal 0.07314147263859078 0.9973215755112581 -0.0
outer loop
vertex 2.921 29.657 52.0
vertex 1.462 29.764 3.0
vertex 1.462 29.764 52.0
endloop
endfacet
facet normal 0.05170589922836692 0.7050365137774561 0.7072835458467254
outer loop
vertex 2.921 29.657 52.0
vertex 1.462 29.764 52.0
vertex 2.823 28.661 53.0
endloop
endfacet
facet normal 0.05201675139815046 0.7052271103018529 0.7070707040100594
outer loop
vertex 2.823 28.661 53.0
vertex 1.462 29.764 52.0
vertex 1.413 28.765 53.0
endloop
endfacet
facet normal 0.0 0.0 0.9999999999999999
outer loop
vertex 2.823 28.661 53.0
vertex 1.413 28.765 53.0
vertex 2.48 25.178 53.0
endloop
endfacet
facet normal 0.0 0.0 1.0
outer loop
vertex 2.48 25.178 53.0
vertex 1.413 28.765 53.0
vertex 1.241 25.27 53.0
endloop
endfacet
facet normal -0.07404957197667662 -0.9972545617293866 0.0
outer loop
vertex 2.48 25.178 53.0
vertex 1.241 25.27 53.0
vertex 2.48 25.178 1.0
endloop
endfacet
facet normal -0.07404957197667662 -0.9972545617293866 -0.0
outer loop
vertex 2.48 25.178 1.0
vertex 1.241 25.27 53.0
vertex 1.241 25.27 1.0
endloop
endfacet
facet normal -0.0738649314812515 -0.994767935926868 -0.07057425556864749
outer loop
vertex 2.48 25.178 1.0
vertex 1.241 25.27 1.0
vertex 2.481 25.188 0.858
endloop
endfacet
facet normal -0.07386493148125421 -0.9947679359268662 -0.07057425556867225
outer loop
vertex 2.481 25.188 0.858
vertex 1.241 25.27 1.0
vertex 1.242 25.28 0.858
endloop
endfacet
facet normal -0.07239100864903106 -0.9749180403929045 -0.21046224455525245
outer loop
vertex 2.481 25.188 0.858
vertex 1.242 25.28 0.858
vertex 2.484 25.218 0.718
endloop
endfacet
facet normal -0.07229066302568653 -0.975138182770415 -0.2094745439009699
outer loop
vertex 2.484 25.218 0.718
vertex 1.242 25.28 0.858
vertex 1.243 25.31 0.718
endloop
endfacet
facet normal -0.06916227866499638 -0.9329389980789312 -0.35332903231031726
outer loop
vertex 2.484 25.218 0.718
vertex 1.243 25.31 0.718
vertex 2.489 25.268 0.585
endloop
endfacet
facet normal -0.06907693966027537 -0.9332895217143853 -0.3524188489075244
outer loop
vertex 2.489 25.268 0.585
vertex 1.243 25.31 0.718
vertex 1.246 25.36 0.585
endloop
endfacet
facet normal -0.06490121586493051 -0.8768718621751058 -0.4763229676436105
outer loop
vertex 2.489 25.268 0.585
vertex 1.246 25.36 0.585
vertex 2.495 25.336 0.459
endloop
endfacet
facet normal -0.0647933553013721 -0.877527398972909 -0.4751289142544696
outer loop
vertex 2.495 25.336 0.459
vertex 1.246 25.36 0.585
vertex 1.249 25.428 0.459
endloop
endfacet
facet normal -0.05892553603367394 -0.7980567162821294 -0.5996943044586377
outer loop
vertex 2.495 25.336 0.459
vertex 1.249 25.428 0.459
vertex 2.504 25.421 0.345
endloop
endfacet
facet normal -0.05878210762264734 -0.7993088764774998 -0.5980384467638483
outer loop
vertex 2.504 25.421 0.345
vertex 1.249 25.428 0.459
vertex 1.253 25.513 0.345
endloop
endfacet
facet normal -0.051743078123223485 -0.7035933775233801 -0.7087164545652771
outer loop
vertex 2.504 25.421 0.345
vertex 1.253 25.513 0.345
vertex 2.514 25.522 0.244
endloop
endfacet
facet normal -0.051631665102181784 -0.7048844713949858 -0.70744049441984
outer loop
vertex 2.514 25.522 0.244
vertex 1.253 25.513 0.345
vertex 1.258 25.614 0.244
endloop
endfacet
facet normal -0.04378998239466575 -0.5978284553010739 -0.8004271206513475
outer loop
vertex 2.514 25.522 0.244
vertex 1.258 25.614 0.244
vertex 2.525 25.635 0.159
endloop
endfacet
facet normal -0.04393221749581178 -0.5956830780883728 -0.802017225965292
outer loop
vertex 2.525 25.635 0.159
vertex 1.258 25.614 0.244
vertex 1.264 25.728 0.159
endloop
endfacet
facet normal -0.03542631273452981 -0.48035032643271086 -0.8763609645928001
outer loop
vertex 2.525 25.635 0.159
vertex 1.264 25.728 0.159
vertex 2.537 25.76 0.09
endloop
endfacet
facet normal -0.035354616726722875 -0.48165913325546117 -0.8756452080767099
outer loop
vertex 2.537 25.76 0.09
vertex 1.264 25.728 0.159
vertex 1.27 25.853 0.09
endloop
endfacet
facet normal -0.025207999399655866 -0.34342511010068805 -0.9388417068487089
outer loop
vertex 2.537 25.76 0.09
vertex 1.27 25.853 0.09
vertex 2.55 25.893 0.041
endloop
endfacet
facet normal -0.025265302629879936 -0.34215670476423365 -0.939303174628885
outer loop
vertex 2.55 25.893 0.041
vertex 1.27 25.853 0.09
vertex 1.277 25.987 0.041
endloop
endfacet
facet normal -0.015958197833142992 -0.21611474299565464 -0.9762375498728987
outer loop
vertex 2.55 25.893 0.041
vertex 1.277 25.987 0.041
vertex 2.564 26.032 0.01
endloop
endfacet
facet normal -0.01592287179394218 -0.21699147625574125 -0.9760436267842683
outer loop
vertex 2.564 26.032 0.01
vertex 1.277 25.987 0.041
vertex 1.283 26.126 0.01
endloop
endfacet
facet normal -0.005153796007457038 -0.0702341775058764 -0.9975172172432847
outer loop
vertex 2.564 26.032 0.01
vertex 1.283 26.126 0.01
vertex 2.578 26.173 0.0
endloop
endfacet
facet normal -0.0051626289093178 -0.0699943793179069 -0.9975340265507968
outer loop
vertex 2.578 26.173 0.0
vertex 1.283 26.126 0.01
vertex 1.29 26.268 0.0
endloop
endfacet
facet normal 0.0 0.0 -0.9999999999999999
outer loop
vertex 1.29 26.268 0.0
vertex 0.0 26.3 0.0
vertex 1.717 34.958 0.0
endloop
endfacet
facet normal -0.0 0.0 -0.9999999999999999
outer loop
vertex 1.717 34.958 0.0
vertex 0.0 26.3 0.0
vertex 0.0 35.0 0.0
endloop
endfacet
facet normal 0.024453954693151987 0.9997009573366754 0.0
outer loop
vertex 1.717 34.958 0.0
vertex 0.0 35.0 0.0
vertex 1.717 34.958 3.0
endloop
endfacet
facet normal 0.024453954693151987 0.9997009573366754 -0.0
outer loop
vertex 1.717 34.958 3.0
vertex 0.0 35.0 0.0
vertex 0.0 35.0 3.0
endloop
endfacet
facet normal 0.0 0.0 1.0
outer loop
vertex 1.717 34.958 3.0
vertex 0.0 35.0 3.0
vertex 1.462 29.764 3.0
endloop
endfacet
facet normal 0.0 0.0 1.0
outer loop
vertex 1.462 29.764 3.0
vertex 0.0 35.0 3.0
vertex 0.0 29.8 3.0
endloop
endfacet
facet normal 0.024616341306747953 0.9996969719573374 0.0
outer loop
vertex 1.462 29.764 3.0
vertex 0.0 29.8 3.0
vertex 1.462 29.764 52.0
endloop
endfacet
facet normal 0.024616341306747953 0.9996969719573374 -0.0
outer loop
vertex 1.462 29.764 52.0
vertex 0.0 29.8 3.0
vertex 0.0 29.8 52.0
endloop
endfacet
facet normal 0.01740722195560548 0.7069266249748402 0.7070726522256892
outer loop
vertex 1.462 29.764 52.0
vertex 0.0 29.8 52.0
vertex 1.413 28.765 53.0
endloop
endfacet
facet normal 0.017512343985854883 0.7069983443432244 0.7069983443432244
outer loop
vertex 1.413 28.765 53.0
vertex 0.0 29.8 52.0
vertex 0.0 28.8 53.0
endloop
endfacet
facet normal 0.0 0.0 1.0
outer loop
vertex 1.413 28.765 53.0
vertex 0.0 28.8 53.0
vertex 1.241 25.27 53.0
endloop
endfacet
facet normal 0.0 0.0 1.0
outer loop
vertex 1.241 25.27 53.0
vertex 0.0 28.8 53.0
vertex 0.0 25.3 53.0
endloop
endfacet
facet normal -0.0241669928020631 -0.9997079355786394 0.0
outer loop
vertex 1.241 25.27 53.0
vertex 0.0 25.3 53.0
vertex 1.241 25.27 1.0
endloop
endfacet
facet normal -0.0241669928020631 -0.9997079355786394 -0.0
outer loop
vertex 1.241 25.27 1.0
vertex 0.0 25.3 53.0
vertex 0.0 25.3 1.0
endloop
endfacet
facet normal -0.024107035667843144 -0.9972277087930737 -0.07039707129295868
outer loop
vertex 1.241 25.27 1.0
vertex 0.0 25.3 1.0
vertex 1.242 25.28 0.858
endloop
endfacet
facet normal -0.024087924616167145 -0.9972400791094002 -0.07022817458515504
outer loop
vertex 1.242 25.28 0.858
vertex 0.0 25.3 1.0
vertex 0.0 25.31 0.858
endloop
endfacet
facet normal -0.02361099656692456 -0.9774952578707554 -0.20963191951919447
outer loop
vertex 1.242 25.28 0.858
vertex 0.0 25.31 0.858
vertex 1.243 25.31 0.718
endloop
endfacet
facet normal -0.02434264538421143 -0.9760615552442745 -0.21612791580410576
outer loop
vertex 1.243 25.31 0.718
vertex 0.0 25.31 0.858
vertex 0.0 25.341 0.718
endloop
endfacet
facet normal -0.02333382958910431 -0.9356112961049825 -0.35225989694749693
outer loop
vertex 1.243 25.31 0.718
vertex 0.0 25.341 0.718
vertex 1.246 25.36 0.585
endloop
endfacet
facet normal -0.022586767241315628 -0.9381037327559402 -0.34561716469955334
outer loop
vertex 1.246 25.36 0.585
vertex 0.0 25.341 0.718
vertex 0.0 25.39 0.585
endloop
endfacet
facet normal -0.02117850611848172 -0.8796139541209074 -0.47521654284586035
outer loop
vertex 1.246 25.36 0.585
vertex 0.0 25.39 0.585
vertex 1.249 25.428 0.459
endloop
endfacet
facet normal -0.021764246462348355 -0.8768885106927141 -0.48020085109362287
outer loop
vertex 1.249 25.428 0.459
vertex 0.0 25.39 0.585
vertex 0.0 25.459 0.459
endloop
endfacet
facet normal -0.019885459726755938 -0.8011915870554557 -0.5980774275317667
outer loop
vertex 1.249 25.428 0.459
vertex 0.0 25.459 0.459
vertex 1.253 25.513 0.345
endloop
endfacet
facet normal -0.019830275682140824 -0.8015269493459164 -0.5976297429333643
outer loop
vertex 1.253 25.513 0.345
vertex 0.0 25.459 0.459
vertex 0.0 25.544 0.345
endloop
endfacet
facet normal -0.017480880360971972 -0.7065659062031846 -0.7074312963200582
outer loop
vertex 1.253 25.513 0.345
vertex 0.0 25.544 0.345
vertex 1.258 25.614 0.244
endloop
endfacet
facet normal -0.017422085245460583 -0.7069994593158145 -0.7069994593158084
outer loop
vertex 1.258 25.614 0.244
vertex 0.0 25.544 0.345
vertex 0.0 25.645 0.244
endloop
endfacet
facet normal -0.01471599703718421 -0.5971846539605952 -0.8019687827497813
outer loop
vertex 1.258 25.614 0.244
vertex 0.0 25.645 0.244
vertex 1.264 25.728 0.159
endloop
endfacet
facet normal -0.014658366230091853 -0.5976830617689294 -0.8015984593136284
outer loop
vertex 1.264 25.728 0.159
vertex 0.0 25.645 0.244
vertex 0.0 25.759 0.159
endloop
endfacet
facet normal -0.011840649339729873 -0.4827929279167462 -0.8756544910961109
outer loop
vertex 1.264 25.728 0.159
vertex 0.0 25.759 0.159
vertex 1.27 25.853 0.09
endloop
endfacet
facet normal -0.012101529480472842 -0.4802794512562654 -0.8770320414244931
outer loop
vertex 1.27 25.853 0.09
vertex 0.0 25.759 0.159
vertex 0.0 25.885 0.09
endloop
endfacet
facet normal -0.008643014888784696 -0.3430196533986423 -0.9392884624416014
outer loop
vertex 1.27 25.853 0.09
vertex 0.0 25.885 0.09
vertex 1.277 25.987 0.041
endloop
endfacet
facet normal -0.008391925413082542 -0.3456931855646966 -0.9383100751041702
outer loop
vertex 1.277 25.987 0.041
vertex 0.0 25.885 0.09
vertex 0.0 26.018 0.041
endloop
endfacet
facet normal -0.005278830707219206 -0.21745376816511008 -0.9760563470707821
outer loop
vertex 1.277 25.987 0.041
vertex 0.0 26.018 0.041
vertex 1.283 26.126 0.01
endloop
endfacet
facet normal -0.005392083211550003 -0.21618883626308277 -0.9763366798977972
outer loop
vertex 1.283 26.126 0.01
vertex 0.0 26.018 0.041
vertex 0.0 26.158 0.01
endloop
endfacet
facet normal -0.0017499637649956864 -0.07016260970279573 -0.9975340324151926
outer loop
vertex 1.283 26.126 0.01
vertex 0.0 26.158 0.01
vertex 1.29 26.268 0.0
endloop
endfacet
facet normal -0.0017425972335193148 -0.07024845097624734 -0.9975280038627085
outer loop
vertex 1.29 26.268 0.0
vertex 0.0 26.158 0.01
vertex 0.0 26.3 0.0
endloop
endfacet
facet normal -0.0 0.0 -1.0
outer loop
vertex 0.0 26.3 0.0
vertex -1.29 26.268 0.0
vertex 0.0 35.0 0.0
endloop
endfacet
facet normal -0.0 0.0 -1.0
outer loop
vertex 0.0 35.0 0.0
vertex -1.29 26.268 0.0
vertex -1.717 34.958 0.0
endloop
endfacet
facet normal -0.024453954693151987 0.9997009573366754 0.0
outer loop
vertex 0.0 35.0 0.0
vertex -1.717 34.958 0.0
vertex 0.0 35.0 3.0
endloop
endfacet
facet normal -0.024453954693151987 0.9997009573366754 0.0
outer loop
vertex 0.0 35.0 3.0
vertex -1.717 34.958 0.0
vertex -1.717 34.958 3.0
endloop
endfacet
facet normal 0.0 0.0 1.0
outer loop
vertex 0.0 35.0 3.0
vertex -1.717 34.958 3.0
vertex 0.0 29.8 3.0
endloop
endfacet
facet normal 0.0 0.0 1.0
outer loop
vertex 0.0 29.8 3.0
vertex -1.717 34.958 3.0
vertex -1.462 29.764 3.0
endloop
endfacet
facet normal -0.024616341306747953 0.9996969719573374 0.0
outer loop
vertex 0.0 29.8 3.0
vertex -1.462 29.764 3.0
vertex 0.0 29.8 52.0
endloop
endfacet
facet normal -0.024616341306747953 0.9996969719573374 0.0
outer loop
vertex 0.0 29.8 52.0
vertex -1.462 29.764 3.0
vertex -1.462 29.764 52.0
endloop
endfacet
facet normal -0.017409019376681847 0.706999620241886 0.706999620241886
outer loop
vertex 0.0 29.8 52.0
vertex -1.462 29.764 52.0
vertex 0.0 28.8 53.0
endloop
endfacet
facet normal -0.01751047320607714 0.7069228182910543 0.7070739086598602
outer loop
vertex 0.0 28.8 53.0
vertex -1.462 29.764 52.0
vertex -1.413 28.765 53.0
endloop
endfacet
facet normal 0.0 0.0 1.0
outer loop
vertex 0.0 28.8 53.0
vertex -1.413 28.765 53.0
vertex 0.0 25.3 53.0
endloop
endfacet
facet normal 0.0 0.0 1.0
outer loop
vertex 0.0 25.3 53.0
vertex -1.413 28.765 53.0
vertex -1.241 25.27 53.0
endloop
endfacet
facet normal 0.0241669928020631 -0.9997079355786394 0.0
outer loop
vertex 0.0 25.3 53.0
vertex -1.241 25.27 53.0
vertex 0.0 25.3 1.0
endloop
endfacet
facet normal 0.0241669928020631 -0.9997079355786394 0.0
outer loop
vertex 0.0 25.3 1.0
vertex -1.241 25.27 53.0
vertex -1.241 25.27 1.0
endloop
endfacet
facet normal 0.024107323432638165 -0.9972396126634278 -0.07022814173684713
outer loop
vertex 0.0 25.3 1.0
vertex -1.241 25.27 1.0
vertex 0.0 25.31 0.858
endloop
endfacet
facet normal 0.024087637314446915 -0.9972281848181827 -0.07039696820773118
outer loop
vertex 0.0 25.31 0.858
vertex -1.241 25.27 1.0
vertex -1.242 25.28 0.858
endloop
endfacet
facet normal 0.023576798935008175 -0.976079475909417 -0.21613188395138735
outer loop
vertex 0.0 25.31 0.858
vertex -1.242 25.28 0.858
vertex 0.0 25.341 0.718
endloop
endfacet
facet normal 0.024377924548608907 -0.9774761359328573 -0.20963330001808544
outer loop
vertex 0.0 25.341 0.718
vertex -1.242 25.28 0.858
vertex -1.243 25.31 0.718
endloop
endfacet
facet normal 0.02339555484325629 -0.9380862796827535 -0.34561073461995817
outer loop
vertex 0.0 25.341 0.718
vertex -1.243 25.31 0.718
vertex 0.0 25.39 0.585
endloop
endfacet
facet normal 0.02252731809373667 -0.9356346114931609 -0.35225047014240535
outer loop
vertex 0.0 25.39 0.585
vertex -1.243 25.31 0.718
vertex -1.246 25.36 0.585
endloop
endfacet
facet normal 0.021113180321879584 -0.8769007560353655 -0.48020755687650335
outer loop
vertex 0.0 25.39 0.585
vertex -1.246 25.36 0.585
vertex 0.0 25.459 0.459
endloop
endfacet
facet normal 0.021831423424109174 -0.8795950921520453 -0.47522190902073536
outer loop
vertex 0.0 25.459 0.459
vertex -1.246 25.36 0.585
vertex -1.249 25.428 0.459
endloop
endfacet
facet normal 0.01989375827667096 -0.8015259383084835 -0.5976289890896647
outer loop
vertex 0.0 25.459 0.459
vertex -1.249 25.428 0.459
vertex 0.0 25.544 0.345
endloop
endfacet
facet normal 0.019822029998909533 -0.8011936641495033 -0.598076750637755
outer loop
vertex 0.0 25.544 0.345
vertex -1.249 25.428 0.459
vertex -1.253 25.513 0.345
endloop
endfacet
facet normal 0.01749158550663894 -0.706998601284498 -0.7069986012844918
outer loop
vertex 0.0 25.544 0.345
vertex -1.253 25.513 0.345
vertex 0.0 25.645 0.244
endloop
endfacet
facet normal 0.017411464975654226 -0.7065684819152858 -0.7074304356269456
outer loop
vertex 0.0 25.645 0.244
vertex -1.253 25.513 0.345
vertex -1.258 25.614 0.244
endloop
endfacet
facet normal 0.01472826381700791 -0.5976824477998924 -0.8015976358728022
outer loop
vertex 0.0 25.645 0.244
vertex -1.258 25.614 0.244
vertex 0.0 25.759 0.159
endloop
endfacet
facet normal 0.014646215558518961 -0.5971876279344737 -0.8019678456221361
outer loop
vertex 0.0 25.759 0.159
vertex -1.258 25.614 0.244
vertex -1.264 25.728 0.159
endloop
endfacet
facet normal 0.01177905089070204 -0.4802813008338048 -0.8770354189139129
outer loop
vertex 0.0 25.759 0.159
vertex -1.264 25.728 0.159
vertex 0.0 25.885 0.09
endloop
endfacet
facet normal 0.012164513536345022 -0.48277913097369274 -0.8756576587381111
outer loop
vertex 0.0 25.885 0.09
vertex -1.264 25.728 0.159
vertex -1.27 25.853 0.09
endloop
endfacet
facet normal 0.008710355759228941 -0.3456922441943983 -0.938307519956218
outer loop
vertex 0.0 25.885 0.09
vertex -1.27 25.853 0.09
vertex 0.0 26.018 0.041
endloop
endfacet
facet normal 0.008327399109769582 -0.34303511816693383 -0.9392856658803351
outer loop
vertex 0.0 26.018 0.041
vertex -1.27 25.853 0.09
vertex -1.277 25.987 0.041
endloop
endfacet
facet normal 0.005248127687529831 -0.21618900183790593 -0.976337427655063
outer loop
vertex 0.0 26.018 0.041
vertex -1.277 25.987 0.041
vertex 0.0 26.158 0.01
endloop
endfacet
facet normal 0.00542348000290441 -0.2174476513664485 -0.9760569167727225
outer loop
vertex 0.0 26.158 0.01
vertex -1.277 25.987 0.041
vertex -1.283 26.126 0.01
endloop
endfacet
facet normal 0.0017521047497230514 -0.07024844980920852 -0.9975279872907572
outer loop
vertex 0.0 26.158 0.01
vertex -1.283 26.126 0.01
vertex 0.0 26.3 0.0
endloop
endfacet
facet normal 0.0017404794071296658 -0.07016307609991455 -0.9975340162037738
outer loop
vertex 0.0 26.3 0.0
vertex -1.283 26.126 0.01
vertex -1.29 26.268 0.0
endloop
endfacet
facet normal -0.0 0.0 -1.0
outer loop
vertex -1.29 26.268 0.0
vertex -2.578 26.173 0.0
vertex -1.717 34.958 0.0
endloop
endfacet
facet normal -0.0 0.0 -1.0
outer loop
vertex -1.717 34.958 0.0
vertex -2.578 26.173 0.0
vertex -3.431 34.831 0.0
endloop
endfacet
facet normal -0.07389311736780745 0.9972661666805244 0.0
outer loop
vertex -1.717 34.958 0.0
vertex -3.431 34.831 0.0
vertex -1.717 34.958 3.0
endloop
endfacet
facet normal -0.07389311736780745 0.9972661666805244 0.0
outer loop
vertex -1.717 34.958 3.0
vertex -3.431 34.831 0.0
vertex -3.431 34.831 3.0
endloop
endfacet
facet normal 0.0 0.0 1.0
outer loop
vertex -1.717 34.958 3.0
vertex -3.431 34.831 3.0
vertex -1.462 29.764 3.0
endloop
endfacet
facet normal 0.0 0.0 1.0
outer loop
vertex -1.462 29.764 3.0
vertex -3.431 34.831 3.0
vertex -2.921 29.657 3.0
endloop
endfacet
facet normal -0.07314147263859078 0.9973215755112581 0.0
outer loop
vertex -1.462 29.764 3.0
vertex -2.921 29.657 3.0
vertex -1.462 29.764 52.0
endloop
endfacet
facet normal -0.07314147263859078 0.9973215755112581 0.0
outer loop
vertex -1.462 29.764 52.0
vertex -2.921 29.657 3.0
vertex -2.921 29.657 52.0
endloop
endfacet
facet normal -0.051721205597143126 0.7052452239834793 0.7070743178337551
outer loop
vertex -1.462 29.764 52.0
vertex -2.921 29.657 52.0
vertex -1.413 28.765 53.0
endloop
endfacet
facet normal -0.052000823174969873 0.7050111603529623 0.7072871963826965
outer loop
vertex -1.413 28.765 53.0
vertex -2.921 29.657 52.0
vertex -2.823 28.661 53.0
endloop
endfacet
facet normal 0.0 0.0 1.0
outer loop
vertex -1.413 28.765 53.0
vertex -2.823 28.661 53.0
vertex -1.241 25.27 53.0
endloop
endfacet
facet normal 0.0 0.0 1.0
outer loop
vertex -1.241 25.27 53.0
vertex -2.823 28.661 53.0
vertex -2.48 25.178 53.0
endloop
endfacet
facet normal 0.07404957197667662 -0.9972545617293866 0.0
outer loop
vertex -1.241 25.27 53.0
vertex -2.48 25.178 53.0
vertex -1.241 25.27 1.0
endloop
endfacet
facet normal 0.07404957197667662 -0.9972545617293866 0.0
outer loop
vertex -1.241 25.27 1.0
vertex -2.48 25.178 53.0
vertex -2.48 25.178 1.0
endloop
endfacet
facet normal 0.07386493148125138 -0.9947679359268663 -0.07057425556867224
outer loop
vertex -1.241 25.27 1.0
vertex -2.48 25.178 1.0
vertex -1.242 25.28 0.858
endloop
endfacet
facet normal 0.07386493148125435 -0.9947679359268679 -0.0705742555686475
outer loop
vertex -1.242 25.28 0.858
vertex -2.48 25.178 1.0
vertex -2.481 25.188 0.858
endloop
endfacet
facet normal 0.07240673103891626 -0.9751297799697282 -0.2094735723580601
outer loop
vertex -1.242 25.28 0.858
vertex -2.481 25.188 0.858
vertex -1.243 25.31 0.718
endloop
endfacet
facet normal 0.07227499098258051 -0.9749267805367785 -0.21046163135037294
outer loop
vertex -1.243 25.31 0.718
vertex -2.481 25.188 0.858
vertex -2.484 25.218 0.718
endloop
endfacet
facet normal 0.0691876705961339 -0.9332815131500362 -0.3524183358593298
outer loop
vertex -1.243 25.31 0.718
vertex -2.484 25.218 0.718
vertex -1.246 25.36 0.585
endloop
endfacet
facet normal 0.06905162894138879 -0.9329475518929067 -0.35332808826581147
outer loop
vertex -1.246 25.36 0.585
vertex -2.484 25.218 0.718
vertex -2.489 25.268 0.585
endloop
endfacet
facet normal 0.06494896130525515 -0.8775169445916658 -0.47512697711230395
outer loop
vertex -1.246 25.36 0.585
vertex -2.489 25.268 0.585
vertex -1.249 25.428 0.459
endloop
endfacet
facet normal 0.06474583823198017 -0.8768838525765792 -0.476322039719027
outer loop
vertex -1.249 25.428 0.459
vertex -2.489 25.268 0.585
vertex -2.495 25.336 0.459
endloop
endfacet
facet normal 0.05901687881740271 -0.7992938152878472 -0.5980354545152391
outer loop
vertex -1.249 25.428 0.459
vertex -2.495 25.336 0.459
vertex -1.253 25.513 0.345
endloop
endfacet
facet normal 0.058691489611775984 -0.7980766685253251 -0.5996907037820989
outer loop
vertex -1.253 25.513 0.345
vertex -2.495 25.336 0.459
vertex -2.504 25.421 0.345
endloop
endfacet
facet normal 0.05183709862696371 -0.7048718519818477 -0.7074380449831763
outer loop
vertex -1.253 25.513 0.345
vertex -2.504 25.421 0.345
vertex -1.258 25.614 0.244
endloop
endfacet
facet normal 0.051538387680351086 -0.703611031809993 -0.7087138424714075
outer loop
vertex -1.258 25.614 0.244
vertex -2.504 25.421 0.345
vertex -2.514 25.522 0.244
endloop
endfacet
facet normal 0.04363414842821653 -0.5957009828895498 -0.8020201992938638
outer loop
vertex -1.258 25.614 0.244
vertex -2.514 25.522 0.244
vertex -1.264 25.728 0.159
endloop
endfacet
facet normal 0.044088486972944194 -0.5978019577729318 -0.8004305245299475
outer loop
vertex -1.264 25.728 0.159
vertex -2.514 25.522 0.244
vertex -2.525 25.635 0.159
endloop
endfacet
facet normal 0.035522171768971905 -0.4816500924803611 -0.8756433998646226
outer loop
vertex -1.264 25.728 0.159
vertex -2.525 25.635 0.159
vertex -1.27 25.853 0.09
endloop
endfacet
facet normal 0.035259658656239715 -0.4803654571769433 -0.8763593920433737
outer loop
vertex -1.27 25.853 0.09
vertex -2.525 25.635 0.159
vertex -2.537 25.76 0.09
endloop
endfacet
facet normal 0.025115498295774655 -0.34216490688974727 -0.9393042043121523
outer loop
vertex -1.27 25.853 0.09
vertex -2.537 25.76 0.09
vertex -1.277 25.987 0.041
endloop
endfacet
facet normal 0.025357913054238648 -0.3434108863621979 -0.938842872568921
outer loop
vertex -1.277 25.987 0.041
vertex -2.537 25.76 0.09
vertex -2.55 25.893 0.041
endloop
endfacet
facet normal 0.016022608481966117 -0.21698702763344016 -0.9760429836109875
outer loop
vertex -1.277 25.987 0.041
vertex -2.55 25.893 0.041
vertex -1.283 26.126 0.01
endloop
endfacet
facet normal 0.01585925893522459 -0.21612458187257916 -0.9762369840445649
outer loop
vertex -1.283 26.126 0.01
vertex -2.55 25.893 0.041
vertex -2.564 26.032 0.01
endloop
endfacet
facet normal 0.00513629506414998 -0.06999568060825577 -0.9975340711821331
outer loop
vertex -1.283 26.126 0.01
vertex -2.564 26.032 0.01
vertex -1.29 26.268 0.0
endloop
endfacet
facet normal 0.005180123328402372 -0.07023156681033774 -0.9975172646855129
outer loop
vertex -1.29 26.268 0.0
vertex -2.564 26.032 0.01
vertex -2.578 26.173 0.0
endloop
endfacet
facet normal -0.0 0.0 -1.0
outer loop
vertex -2.578 26.173 0.0
vertex -3.859 26.015 0.0
vertex -3.431 34.831 0.0
endloop
endfacet
facet normal -0.0 0.0 -1.0
outer loop
vertex -3.431 34.831 0.0
vertex -3.859 26.015 0.0
vertex -5.136 34.621 0.0
endloop
endfacet
facet normal -0.12224342014043581 0.992500149235439 0.0
outer loop
vertex -3.431 34.831 0.0
vertex -5.136 34.621 0.0
vertex -3.431 34.831 3.0
endloop
endfacet
facet normal -0.12224342014043581 0.992500149235439 0.0
outer loop
vertex -3.431 34.831 3.0
vertex -5.136 34.621 0.0
vertex -5.136 34.621 3.0
endloop
endfacet
facet normal 0.0 0.0 1.0
outer loop
vertex -3.431 34.831 3.0
vertex -5.136 34.621 3.0
vertex -2.921 29.657 3.0
endloop
endfacet
facet normal 0.0 0.0 1.0
outer loop
vertex -2.921 29.657 3.0
vertex -5.136 34.621 3.0
vertex -4.373 29.477 3.0
endloop
endfacet
facet normal -0.12302523260231826 0.9924035429920359 0.0
outer loop
vertex -2.921 29.657 3.0
vertex -4.373 29.477 3.0
vertex -2.921 29.657 52.0
endloop
endfacet
facet normal -0.12302523260231826 0.9924035429920359 0.0
outer loop
vertex -2.921 29.657 52.0
vertex -4.373 29.477 3.0
vertex -4.373 29.477 52.0
endloop
endfacet
facet normal -0.08697064834309884 0.7015632299676652 0.7072801005854172
outer loop
vertex -2.921 29.657 52.0
vertex -4.373 29.477 52.0
vertex -2.823 28.661 53.0
endloop
endfacet
facet normal -0.086555181934092 0.7019475159163572 0.7069497049855893
outer loop
vertex -2.823 28.661 53.0
vertex -4.373 29.477 52.0
vertex -4.226 28.488 53.0
endloop
endfacet
facet normal 0.0 0.0 1.0
outer loop
vertex -2.823 28.661 53.0
vertex -4.226 28.488 53.0
vertex -2.48 25.178 53.0
endloop
endfacet
facet normal 0.0 0.0 1.0
outer loop
vertex -2.48 25.178 53.0
vertex -4.226 28.488 53.0
vertex -3.712 25.026 53.0
endloop
endfacet
facet normal 0.12244820260374321 -0.9924749053145437 0.0
outer loop
vertex -2.48 25.178 53.0
vertex -3.712 25.026 53.0
vertex -2.48 25.178 1.0
endloop
endfacet
facet normal 0.12244820260374321 -0.9924749053145437 0.0
outer loop
vertex -2.48 25.178 1.0
vertex -3.712 25.026 53.0
vertex -3.712 25.026 1.0
endloop
endfacet
facet normal 0.12214284504491468 -0.9899999019429861 -0.07057846383431547
outer loop
vertex -2.48 25.178 1.0
vertex -3.712 25.026 1.0
vertex -2.481 25.188 0.858
endloop
endfacet
facet normal 0.12203781793857835 -0.989951509988616 -0.0714337375758087
outer loop
vertex -2.481 25.188 0.858
vertex -3.712 25.026 1.0
vertex -3.714 25.036 0.858
endloop
endfacet
facet normal 0.11960964560882242 -0.9702545594452666 -0.21047475514418276
outer loop
vertex -2.481 25.188 0.858
vertex -3.714 25.036 0.858
vertex -2.484 25.218 0.718
endloop
endfacet
facet normal 0.11949264282651892 -0.9700915871573905 -0.211290844185896
outer loop
vertex -2.484 25.218 0.718
vertex -3.714 25.036 0.858
vertex -3.718 25.066 0.718
endloop
endfacet
facet normal 0.11436634166099528 -0.9284741158530739 -0.3533499060222504
outer loop
vertex -2.484 25.218 0.718
vertex -3.718 25.066 0.718
vertex -2.489 25.268 0.585
endloop
endfacet
facet normal 0.11398902587114748 -0.9276606908066349 -0.3556011033631698
outer loop
vertex -2.489 25.268 0.585
vertex -3.718 25.066 0.718
vertex -3.726 25.116 0.585
endloop
endfacet
facet normal 0.10724822716606017 -0.8728030066079969 -0.4761436016852246
outer loop
vertex -2.489 25.268 0.585
vertex -3.726 25.116 0.585
vertex -2.495 25.336 0.459
endloop
endfacet
facet normal 0.107780497452699 -0.8742195904496771 -0.47341680583059964
outer loop
vertex -2.495 25.336 0.459
vertex -3.726 25.116 0.585
vertex -3.736 25.183 0.459
endloop
endfacet
facet normal 0.09790443783930397 -0.7941137735854724 -0.5998316727659608
outer loop
vertex -2.495 25.336 0.459
vertex -3.736 25.183 0.459
vertex -2.504 25.421 0.345
endloop
endfacet
facet normal 0.09752112123418614 -0.792916828858357 -0.6014752974365897
outer loop
vertex -2.504 25.421 0.345
vertex -3.736 25.183 0.459
vertex -3.748 25.268 0.345
endloop
endfacet
facet normal 0.08611829336339569 -0.7002036401572888 -0.7087302038566285
outer loop
vertex -2.504 25.421 0.345
vertex -3.748 25.268 0.345
vertex -2.514 25.522 0.244
endloop
endfacet
facet normal 0.08649406610943537 -0.7015005751343172 -0.707400678268037
outer loop
vertex -2.514 25.522 0.244
vertex -3.748 25.268 0.345
vertex -3.763 25.368 0.244
endloop
endfacet
facet normal 0.0733554385679987 -0.5949411868274702 -0.8004148698323998
outer loop
vertex -2.514 25.522 0.244
vertex -3.763 25.368 0.244
vertex -2.525 25.635 0.159
endloop
endfacet
facet normal 0.07270898857962373 -0.5925310432949858 -0.802259537625751
outer loop
vertex -2.525 25.635 0.159
vertex -3.763 25.368 0.244
vertex -3.78 25.481 0.159
endloop
endfacet
facet normal 0.05866815903569459 -0.4781073999337452 -0.8763397521760359
outer loop
vertex -2.525 25.635 0.159
vertex -3.78 25.481 0.159
vertex -2.537 25.76 0.09
endloop
endfacet
facet normal 0.05959588991935016 -0.4817334435147398 -0.8742889792878279
outer loop
vertex -2.537 25.76 0.09
vertex -3.78 25.481 0.159
vertex -3.798 25.604 0.09
endloop
endfacet
facet normal 0.0422789690787268 -0.3417550000530365 -0.9388375837770817
outer loop
vertex -2.537 25.76 0.09
vertex -3.798 25.604 0.09
vertex -2.55 25.893 0.041
endloop
endfacet
facet normal 0.04181253407094518 -0.3398608538587032 -0.9395458009107375
outer loop
vertex -2.55 25.893 0.041
vertex -3.798 25.604 0.09
vertex -3.818 25.737 0.041
endloop
endfacet
facet normal 0.026458281125153867 -0.2150583363249654 -0.9762427317716842
outer loop
vertex -2.55 25.893 0.041
vertex -3.818 25.737 0.041
vertex -2.564 26.032 0.01
endloop
endfacet
facet normal 0.02654878503034602 -0.21543408999147023 -0.9761574232074249
outer loop
vertex -2.564 26.032 0.01
vertex -3.818 25.737 0.041
vertex -3.838 25.875 0.01
endloop
endfacet
facet normal 0.008612908770958867 -0.06989073741529679 -0.9975174698350147
outer loop
vertex -2.564 26.032 0.01
vertex -3.838 25.875 0.01
vertex -2.578 26.173 0.0
endloop
endfacet
facet normal 0.008628530320396639 -0.0699566287368877 -0.9975127159892646
outer loop
vertex -2.578 26.173 0.0
vertex -3.838 25.875 0.01
vertex -3.859 26.015 0.0
endloop
endfacet
facet normal -0.0 0.0 -0.9999999999999999
outer loop
vertex -3.859 26.015 0.0
vertex -5.131 25.795 0.0
vertex -5.136 34.621 0.0
endloop
endfacet
facet normal -0.0 -0.0 -0.9999999999999999
outer loop
vertex -5.136 34.621 0.0
vertex -5.131 25.795 0.0
vertex -6.828 34.327 0.0
endloop
endfacet
facet normal -0.17119373018901024 0.985237385985719 0.0
outer loop
vertex -5.136 34.621 0.0
vertex -6.828 34.327 0.0
vertex -5.136 34.621 3.0
endloop
endfacet
facet normal -0.17119373018901024 0.985237385985719 0.0
outer loop
vertex -5.136 34.621 3.0
vertex -6.828 34.327 0.0
vertex -6.828 34.327 3.0
endloop
endfacet
facet normal 0.0 0.0 1.0
outer loop
vertex -5.136 34.621 3.0
vertex -6.828 34.327 3.0
vertex -4.373 29.477 3.0
endloop
endfacet
facet normal 0.0 0.0 1.0
outer loop
vertex -4.373 29.477 3.0
vertex -6.828 34.327 3.0
vertex -5.814 29.227 3.0
endloop
endfacet
facet normal -0.17093718402971814 0.9852819287472953 0.0
outer loop
vertex -4.373 29.477 3.0
vertex -5.814 29.227 3.0
vertex -4.373 29.477 52.0
endloop
endfacet
facet normal -0.17093718402971814 0.9852819287472953 0.0
outer loop
vertex -4.373 29.477 52.0
vertex -5.814 29.227 3.0
vertex -5.814 29.227 52.0
endloop
endfacet
facet normal -0.12089673567885172 0.6968487844529012 0.706955267968711
outer loop
vertex -4.373 29.477 52.0
vertex -5.814 29.227 52.0
vertex -4.226 28.488 53.0
endloop
endfacet
facet normal -0.12061078275961973 0.6971403335441929 0.7067166295114352
outer loop
vertex -4.226 28.488 53.0
vertex -5.814 29.227 52.0
vertex -5.619 28.247 53.0
endloop
endfacet
facet normal 0.0 0.0 1.0
outer loop
vertex -4.226 28.488 53.0
vertex -5.619 28.247 53.0
vertex -3.712 25.026 53.0
endloop
endfacet
facet normal 0.0 0.0 1.0
outer loop
vertex -3.712 25.026 53.0
vertex -5.619 28.247 53.0
vertex -4.936 24.814 53.0
endloop
endfacet
facet normal 0.1706616777832013 -0.985329686823767 0.0
outer loop
vertex -3.712 25.026 53.0
vertex -4.936 24.814 53.0
vertex -3.712 25.026 1.0
endloop
endfacet
facet normal 0.1706616777832013 -0.985329686823767 0.0
outer loop
vertex -3.712 25.026 1.0
vertex -4.936 24.814 53.0
vertex -4.936 24.814 1.0
endloop
endfacet
facet normal 0.17022355429505628 -0.9828001436657976 -0.07160879257218006
outer loop
vertex -3.712 25.026 1.0
vertex -4.936 24.814 1.0
vertex -3.714 25.036 0.858
endloop
endfacet
facet normal 0.17022355429505628 -0.9828001436657976 -0.07160879257218018
outer loop
vertex -3.714 25.036 0.858
vertex -4.936 24.814 1.0
vertex -4.938 24.824 0.858
endloop
endfacet
facet normal 0.16681396405739007 -0.9631145849351211 -0.21114781003057767
outer loop
vertex -3.714 25.036 0.858
vertex -4.938 24.824 0.858
vertex -3.718 25.066 0.718
endloop
endfacet
facet normal 0.16646558499568517 -0.9626736188901427 -0.21342144340482927
outer loop
vertex -3.718 25.066 0.718
vertex -4.938 24.824 0.858
vertex -4.944 24.854 0.718
endloop
endfacet
facet normal 0.1592424612440943 -0.9209021579493388 -0.35578231268737115
outer loop
vertex -3.718 25.066 0.718
vertex -4.944 24.854 0.718
vertex -3.726 25.116 0.585
endloop
endfacet
facet normal 0.16128768328528814 -0.9247662962198592 -0.34466444637686144
outer loop
vertex -3.726 25.116 0.585
vertex -4.944 24.854 0.718
vertex -4.953 24.902 0.585
endloop
endfacet
facet normal 0.1513408961593628 -0.867734951343642 -0.4734257992191894
outer loop
vertex -3.726 25.116 0.585
vertex -4.953 24.902 0.585
vertex -3.736 25.183 0.459
endloop
endfacet
facet normal 0.14934610394637685 -0.8631223190515913 -0.4824060567520282
outer loop
vertex -3.736 25.183 0.459
vertex -4.953 24.902 0.585
vertex -4.967 24.97 0.459
endloop
endfacet
facet normal 0.1362242001443992 -0.7872863398016646 -0.6013511340778501
outer loop
vertex -3.736 25.183 0.459
vertex -4.967 24.97 0.459
vertex -3.748 25.268 0.345
endloop
endfacet
facet normal 0.1377773014622541 -0.7914184525855059 -0.5955453367367948
outer loop
vertex -3.748 25.268 0.345
vertex -4.967 24.97 0.459
vertex -4.983 25.053 0.345
endloop
endfacet
facet normal 0.12122097404214739 -0.6963158276374515 -0.7074247264789689
outer loop
vertex -3.748 25.268 0.345
vertex -4.983 25.053 0.345
vertex -3.763 25.368 0.244
endloop
endfacet
facet normal 0.12136808033910838 -0.6967426834282228 -0.706979081843331
outer loop
vertex -3.763 25.368 0.244
vertex -4.983 25.053 0.345
vertex -5.003 25.152 0.244
endloop
endfacet
facet normal 0.10243980881078397 -0.5880803839137666 -0.8022889427298915
outer loop
vertex -3.763 25.368 0.244
vertex -5.003 25.152 0.244
vertex -3.78 25.481 0.159
endloop
endfacet
facet normal 0.1025722687723813 -0.588490666459048 -0.8019711124282919
outer loop
vertex -3.78 25.481 0.159
vertex -5.003 25.152 0.244
vertex -5.025 25.264 0.159
endloop
endfacet
facet normal 0.08335622540173271 -0.478241938364775 -0.874263340233295
outer loop
vertex -3.78 25.481 0.159
vertex -5.025 25.264 0.159
vertex -3.798 25.604 0.09
endloop
endfacet
facet normal 0.08229640007981881 -0.4748160963130587 -0.8762288383840893
outer loop
vertex -3.798 25.604 0.09
vertex -5.025 25.264 0.159
vertex -5.05 25.387 0.09
endloop
endfacet
facet normal 0.058472162200370284 -0.33736012476895855 -0.9395579558832367
outer loop
vertex -3.798 25.604 0.09
vertex -5.05 25.387 0.09
vertex -3.818 25.737 0.041
endloop
endfacet
facet normal 0.05908795843464966 -0.33941850096251164 -0.9387777662324488
outer loop
vertex -3.818 25.737 0.041
vertex -5.05 25.387 0.09
vertex -5.076 25.518 0.041
endloop
endfacet
facet normal 0.03723411882560394 -0.21388365973794635 -0.9761492716241625
outer loop
vertex -3.818 25.737 0.041
vertex -5.076 25.518 0.041
vertex -3.838 25.875 0.01
endloop
endfacet
facet normal 0.037143689392790676 -0.21357621400854743 -0.9762200300895628
outer loop
vertex -3.838 25.875 0.01
vertex -5.076 25.518 0.041
vertex -5.103 25.655 0.01
endloop
endfacet
facet normal 0.012076429389628761 -0.06943946899036571 -0.9975130675833441
outer loop
vertex -3.838 25.875 0.01
vertex -5.103 25.655 0.01
vertex -3.859 26.015 0.0
endloop
endfacet
facet normal 0.011911744055405446 -0.06887153835670823 -0.997554420349055
outer loop
vertex -3.859 26.015 0.0
vertex -5.103 25.655 0.01
vertex -5.131 25.795 0.0
endloop
endfacet
facet normal -0.0 0.0 -1.0
outer loop
vertex -5.131 25.795 0.0
vertex -6.39 25.512 0.0
vertex -6.828 34.327 0.0
endloop
endfacet
facet normal -0.0 -0.0 -1.0
outer loop
vertex -6.828 34.327 0.0
vertex -6.39 25.512 0.0
vertex -8.504 33.951 0.0
endloop
endfacet
facet normal -0.21890260409966997 0.9757467140187474 0.0
outer loop
vertex -6.828 34.327 0.0
vertex -8.504 33.951 0.0
vertex -6.828 34.327 3.0
endloop
endfacet
facet normal -0.21890260409966997 0.9757467140187474 0.0
outer loop
vertex -6.828 34.327 3.0
vertex -8.504 33.951 0.0
vertex -8.504 33.951 3.0
endloop
endfacet
facet normal 0.0 0.0 1.0
outer loop
vertex -6.828 34.327 3.0
vertex -8.504 33.951 3.0
vertex -5.814 29.227 3.0
endloop
endfacet
facet normal 0.0 0.0 1.0
outer loop
vertex -5.814 29.227 3.0
vertex -8.504 33.951 3.0
vertex -7.241 28.907 3.0
endloop
endfacet
facet normal -0.2188124854272106 0.975766927201966 0.0
outer loop
vertex -5.814 29.227 3.0
vertex -7.241 28.907 3.0
vertex -5.814 29.227 52.0
endloop
endfacet
facet normal -0.2188124854272106 0.975766927201966 0.0
outer loop
vertex -5.814 29.227 52.0
vertex -7.241 28.907 3.0
vertex -7.241 28.907 52.0
endloop
endfacet
facet normal -0.15480736384344485 0.6903440881393611 0.7067246423260459
outer loop
vertex -5.814 29.227 52.0
vertex -7.241 28.907 52.0
vertex -5.619 28.247 53.0
endloop
endfacet
facet normal -0.15511255635297352 0.6900006942282304 0.7069930245951551
outer loop
vertex -5.619 28.247 53.0
vertex -7.241 28.907 52.0
vertex -6.998 27.937 53.0
endloop
endfacet
facet normal 0.0 0.0 1.0
outer loop
vertex -5.619 28.247 53.0
vertex -6.998 27.937 53.0
vertex -4.936 24.814 53.0
endloop
endfacet
facet normal 0.0 0.0 1.0
outer loop
vertex -4.936 24.814 53.0
vertex -6.998 27.937 53.0
vertex -6.147 24.542 53.0
endloop
endfacet
facet normal 0.21914791743989084 -0.9756916471312844 0.0
outer loop
vertex -4.936 24.814 53.0
vertex -6.147 24.542 53.0
vertex -4.936 24.814 1.0
endloop
endfacet
facet normal 0.21914791743989084 -0.9756916471312844 0.0
outer loop
vertex -4.936 24.814 1.0
vertex -6.147 24.542 53.0
vertex -6.147 24.542 1.0
endloop
endfacet
facet normal 0.2185852547423588 -0.9731865569595517 -0.07161293013437821
outer loop
vertex -4.936 24.814 1.0
vertex -6.147 24.542 1.0
vertex -4.938 24.824 0.858
endloop
endfacet
facet normal 0.21838923797492313 -0.9731167515647242 -0.07314320584204295
outer loop
vertex -4.938 24.824 0.858
vertex -6.147 24.542 1.0
vertex -6.15 24.552 0.858
endloop
endfacet
facet normal 0.21392994809421773 -0.95324668047864 -0.21343557216373021
outer loop
vertex -4.938 24.824 0.858
vertex -6.15 24.552 0.858
vertex -4.944 24.854 0.718
endloop
endfacet
facet normal 0.21474919501398498 -0.9541786576995022 -0.2083887531313093
outer loop
vertex -4.944 24.854 0.718
vertex -6.15 24.552 0.858
vertex -6.157 24.581 0.718
endloop
endfacet
facet normal 0.20612961000982216 -0.9158799155381487 -0.3444917476385059
outer loop
vertex -4.944 24.854 0.718
vertex -6.157 24.581 0.718
vertex -4.953 24.902 0.585
endloop
endfacet
facet normal 0.20531500126992278 -0.9145166356931363 -0.3485757784098586
outer loop
vertex -4.953 24.902 0.585
vertex -6.157 24.581 0.718
vertex -6.169 24.629 0.585
endloop
endfacet
facet normal 0.19186440533311364 -0.8546048237548217 -0.48253356896817085
outer loop
vertex -4.953 24.902 0.585
vertex -6.169 24.629 0.585
vertex -4.967 24.97 0.459
endloop
endfacet
facet normal 0.19228707657678956 -0.8554669574711999 -0.480834654383937
outer loop
vertex -4.967 24.97 0.459
vertex -6.169 24.629 0.585
vertex -6.186 24.696 0.459
endloop
endfacet
facet normal 0.17618978499212987 -0.7838516346912716 -0.5954273880636063
outer loop
vertex -4.967 24.97 0.459
vertex -6.186 24.696 0.459
vertex -4.983 25.053 0.345
endloop
endfacet
facet normal 0.17469878793426682 -0.7804062643486933 -0.6003718814698233
outer loop
vertex -4.983 25.053 0.345
vertex -6.186 24.696 0.459
vertex -6.207 24.779 0.345
endloop
endfacet
facet normal 0.15448410085717687 -0.6901041585736638 -0.7070296407518464
outer loop
vertex -4.983 25.053 0.345
vertex -6.207 24.779 0.345
vertex -5.003 25.152 0.244
endloop
endfacet
facet normal 0.15461803140249877 -0.6904397911355162 -0.7066725968805928
outer loop
vertex -5.003 25.152 0.244
vertex -6.207 24.779 0.345
vertex -6.231 24.877 0.244
endloop
endfacet
facet normal 0.13055091583722073 -0.5829691805385664 -0.8019372749263219
outer loop
vertex -5.003 25.152 0.244
vertex -6.231 24.877 0.244
vertex -5.025 25.264 0.159
endloop
endfacet
facet normal 0.1313184945070545 -0.5850073004393668 -0.8003261281709131
outer loop
vertex -5.025 25.264 0.159
vertex -6.231 24.877 0.244
vertex -6.259 24.987 0.159
endloop
endfacet
facet normal 0.10552896557423577 -0.4701182076483988 -0.8762719373928901
outer loop
vertex -5.025 25.264 0.159
vertex -6.259 24.987 0.159
vertex -5.05 25.387 0.09
endloop
endfacet
facet normal 0.10540790088369048 -0.46978557264350035 -0.8764648824495551
outer loop
vertex -5.05 25.387 0.09
vertex -6.259 24.987 0.159
vertex -6.289 25.109 0.09
endloop
endfacet
facet normal 0.07542887879245783 -0.33617403174048804 -0.9387744695226101
outer loop
vertex -5.05 25.387 0.09
vertex -6.289 25.109 0.09
vertex -5.076 25.518 0.041
endloop
endfacet
facet normal 0.07500736234580778 -0.3349791164260808 -0.939235267200038
outer loop
vertex -5.076 25.518 0.041
vertex -6.289 25.109 0.09
vertex -6.322 25.239 0.041
endloop
endfacet
facet normal 0.04737170331323535 -0.21155964992219098 -0.9762163880257299
outer loop
vertex -5.076 25.518 0.041
vertex -6.322 25.239 0.041
vertex -5.103 25.655 0.01
endloop
endfacet
facet normal 0.04757796458588072 -0.21215369973703932 -0.9760774277554781
outer loop
vertex -5.103 25.655 0.01
vertex -6.322 25.239 0.041
vertex -6.356 25.374 0.01
endloop
endfacet
facet normal 0.01529357572345988 -0.06819519708717106 -0.9975547712460869
outer loop
vertex -5.103 25.655 0.01
vertex -6.356 25.374 0.01
vertex -5.131 25.795 0.0
endloop
endfacet
facet normal 0.015395704935893973 -0.06849184634024881 -0.9975328762774843
outer loop
vertex -5.131 25.795 0.0
vertex -6.356 25.374 0.01
vertex -6.39 25.512 0.0
endloop
endfacet
facet normal -0.0 0.0 -1.0
outer loop
vertex -6.39 25.512 0.0
vertex -7.634 25.168 0.0
vertex -8.504 33.951 0.0
endloop
endfacet
facet normal -0.0 -0.0 -1.0
outer loop
vertex -8.504 33.951 0.0
vertex -7.634 25.168 0.0
vertex -10.16 33.493 0.0
endloop
endfacet
facet normal -0.2665630479668493 0.9638174834783934 0.0
outer loop
vertex -8.504 33.951 0.0
vertex -10.16 33.493 0.0
vertex -8.504 33.951 3.0
endloop
endfacet
facet normal -0.2665630479668493 0.9638174834783934 0.0
outer loop
vertex -8.504 33.951 3.0
vertex -10.16 33.493 0.0
vertex -10.16 33.493 3.0
endloop
endfacet
facet normal 0.0 0.0 1.0
outer loop
vertex -8.504 33.951 3.0
vertex -10.16 33.493 3.0
vertex -7.241 28.907 3.0
endloop
endfacet
facet normal 0.0 0.0 0.9999999999999999
outer loop
vertex -7.241 28.907 3.0
vertex -10.16 33.493 3.0
vertex -8.65 28.517 3.0
endloop
endfacet
facet normal -0.2667617972955243 0.963762493306137 0.0
outer loop
vertex -7.241 28.907 3.0
vertex -8.65 28.517 3.0
vertex -7.241 28.907 52.0
endloop
endfacet
facet normal -0.2667617972955243 0.963762493306137 0.0
outer loop
vertex -7.241 28.907 52.0
vertex -8.65 28.517 3.0
vertex -8.65 28.517 52.0
endloop
endfacet
facet normal -0.18865994417778129 0.6815945162730604 0.7069910472200686
outer loop
vertex -7.241 28.907 52.0
vertex -8.65 28.517 52.0
vertex -6.998 27.937 53.0
endloop
endfacet
facet normal -0.18866337965740218 0.6815902469320423 0.7069942464146118
outer loop
vertex -6.998 27.937 53.0
vertex -8.65 28.517 52.0
vertex -8.36 27.56 53.0
endloop
endfacet
facet normal 0.0 0.0 1.0
outer loop
vertex -6.998 27.937 53.0
vertex -8.36 27.56 53.0
vertex -6.147 24.542 53.0
endloop
endfacet
facet normal 0.0 0.0 1.0
outer loop
vertex -6.147 24.542 53.0
vertex -8.36 27.56 53.0
vertex -7.344 24.211 53.0
endloop
endfacet
facet normal 0.2665223961438998 -0.9638287256321604 0.0
outer loop
vertex -6.147 24.542 53.0
vertex -7.344 24.211 53.0
vertex -6.147 24.542 1.0
endloop
endfacet
facet normal 0.2665223961438998 -0.9638287256321604 0.0
outer loop
vertex -6.147 24.542 1.0
vertex -7.344 24.211 53.0
vertex -7.344 24.211 1.0
endloop
endfacet
facet normal 0.2658052726890953 -0.9612353818998313 -0.0733082368807301
outer loop
vertex -6.147 24.542 1.0
vertex -7.344 24.211 1.0
vertex -6.15 24.552 0.858
endloop
endfacet
facet normal 0.26667723563263235 -0.9614838887116272 -0.06657314581199225
outer loop
vertex -6.15 24.552 0.858
vertex -7.344 24.211 1.0
vertex -7.347 24.22 0.858
endloop
endfacet
facet normal 0.26140762273996926 -0.9424847121076584 -0.20829935721644088
outer loop
vertex -6.15 24.552 0.858
vertex -7.347 24.22 0.858
vertex -6.157 24.581 0.718
endloop
endfacet
facet normal 0.26079820373952906 -0.9418585731436584 -0.2118648746772973
outer loop
vertex -6.157 24.581 0.718
vertex -7.347 24.22 0.858
vertex -7.356 24.249 0.718
endloop
endfacet
facet normal 0.25011981946127443 -0.9032941672712872 -0.3485681042297639
outer loop
vertex -6.157 24.581 0.718
vertex -7.356 24.249 0.718
vertex -6.169 24.629 0.585
endloop
endfacet
facet normal 0.24940455076549822 -0.9022134502089242 -0.35186397985524087
outer loop
vertex -6.169 24.629 0.585
vertex -7.356 24.249 0.718
vertex -7.37 24.297 0.585
endloop
endfacet
facet normal 0.23361238270428497 -0.8450857579151979 -0.4808901292562807
outer loop
vertex -6.169 24.629 0.585
vertex -7.37 24.297 0.585
vertex -6.186 24.696 0.459
endloop
endfacet
facet normal 0.2338521319814731 -0.8455194201372128 -0.48001051086257585
outer loop
vertex -6.186 24.696 0.459
vertex -7.37 24.297 0.585
vertex -7.39 24.363 0.459
endloop
endfacet
facet normal 0.21317119186483544 -0.7707450901058867 -0.600424890420604
outer loop
vertex -6.186 24.696 0.459
vertex -7.39 24.363 0.459
vertex -6.207 24.779 0.345
endloop
endfacet
facet normal 0.2144747712696533 -0.7733896229663899 -0.5965476205440227
outer loop
vertex -6.207 24.779 0.345
vertex -7.39 24.363 0.459
vertex -7.415 24.444 0.345
endloop
endfacet
facet normal 0.18910266739043147 -0.6818985737541512 -0.7065794479730346
outer loop
vertex -6.207 24.779 0.345
vertex -7.415 24.444 0.345
vertex -6.231 24.877 0.244
endloop
endfacet
facet normal 0.18855334988674324 -0.6807000399185137 -0.707880703156557
outer loop
vertex -6.231 24.877 0.244
vertex -7.415 24.444 0.345
vertex -7.444 24.541 0.244
endloop
endfacet
facet normal 0.16003325630659368 -0.5777391068449376 -0.8003792109356176
outer loop
vertex -6.231 24.877 0.244
vertex -7.444 24.541 0.244
vertex -6.259 24.987 0.159
endloop
endfacet
facet normal 0.15916968311766497 -0.5757502781021769 -0.801982935754551
outer loop
vertex -6.259 24.987 0.159
vertex -7.444 24.541 0.244
vertex -7.478 24.65 0.159
endloop
endfacet
facet normal 0.1283116837035248 -0.46413039298099934 -0.8764240355766548
outer loop
vertex -6.259 24.987 0.159
vertex -7.478 24.65 0.159
vertex -6.289 25.109 0.09
endloop
endfacet
facet normal 0.1286900637541716 -0.46503046636831646 -0.8758912791209953
outer loop
vertex -6.289 25.109 0.09
vertex -7.478 24.65 0.159
vertex -7.514 24.77 0.09
endloop
endfacet
facet normal 0.09154088365893466 -0.33078932885603035 -0.9392543247352755
outer loop
vertex -6.289 25.109 0.09
vertex -7.514 24.77 0.09
vertex -6.322 25.239 0.041
endloop
endfacet
facet normal 0.0918227957288176 -0.3314775998304226 -0.9389841186064897
outer loop
vertex -6.322 25.239 0.041
vertex -7.514 24.77 0.09
vertex -7.553 24.898 0.041
endloop
endfacet
facet normal 0.05803917169509981 -0.20951970779081416 -0.976080399657835
outer loop
vertex -6.322 25.239 0.041
vertex -7.553 24.898 0.041
vertex -6.356 25.374 0.01
endloop
endfacet
facet normal 0.05822181114332499 -0.20997195447315745 -0.9759723351826697
outer loop
vertex -6.356 25.374 0.01
vertex -7.553 24.898 0.041
vertex -7.593 25.031 0.01
endloop
endfacet
facet normal 0.01876170293373089 -0.06766246801465046 -0.9975318485768726
outer loop
vertex -6.356 25.374 0.01
vertex -7.593 25.031 0.01
vertex -6.39 25.512 0.0
endloop
endfacet
facet normal 0.018596320852322868 -0.06724948587293483 -0.9975628719537347
outer loop
vertex -6.39 25.512 0.0
vertex -7.593 25.031 0.01
vertex -7.634 25.168 0.0
endloop
endfacet
facet normal -0.0 0.0 -1.0
outer loop
vertex -7.634 25.168 0.0
vertex -8.86 24.763 0.0
vertex -10.16 33.493 0.0
endloop
endfacet
facet normal -0.0 -0.0 -1.0
outer loop
vertex -10.16 33.493 0.0
vertex -8.86 24.763 0.0
vertex -11.791 32.954 0.0
endloop
endfacet
facet normal -0.3137816638127325 0.94949516452424 0.0
outer loop
vertex -10.16 33.493 0.0
vertex -11.791 32.954 0.0
vertex -10.16 33.493 3.0
endloop
endfacet
facet normal -0.3137816638127325 0.94949516452424 0.0
outer loop
vertex -10.16 33.493 3.0
vertex -11.791 32.954 0.0
vertex -11.791 32.954 3.0
endloop
endfacet
facet normal 0.0 0.0 1.0
outer loop
vertex -10.16 33.493 3.0
vertex -11.791 32.954 3.0
vertex -8.65 28.517 3.0
endloop
endfacet
facet normal 0.0 0.0 0.9999999999999999
outer loop
vertex -8.65 28.517 3.0
vertex -11.791 32.954 3.0
vertex -10.039 28.058 3.0
endloop
endfacet
facet normal -0.31376579388482473 0.949500408945581 0.0
outer loop
vertex -8.65 28.517 3.0
vertex -10.039 28.058 3.0
vertex -8.65 28.517 52.0
endloop
endfacet
facet normal -0.31376579388482473 0.949500408945581 0.0
outer loop
vertex -8.65 28.517 52.0
vertex -10.039 28.058 3.0
vertex -10.039 28.058 52.0
endloop
endfacet
facet normal -0.22190320031784966 0.6715109918115322 0.7069879472558134
outer loop
vertex -8.65 28.517 52.0
vertex -10.039 28.058 52.0
vertex -8.36 27.56 53.0
endloop
endfacet
facet normal -0.2220858577975992 0.6712595071269795 0.7071693897914056
outer loop
vertex -8.36 27.56 53.0
vertex -10.039 28.058 52.0
vertex -9.702 27.116 53.0
endloop
endfacet
facet normal 0.0 0.0 1.0
outer loop
vertex -8.36 27.56 53.0
vertex -9.702 27.116 53.0
vertex -7.344 24.211 53.0
endloop
endfacet
facet normal 0.0 0.0 1.0
outer loop
vertex -7.344 24.211 53.0
vertex -9.702 27.116 53.0
vertex -8.523 23.821 53.0
endloop
endfacet
facet normal 0.3140527243637051 -0.9494055436533614 0.0
outer loop
vertex -7.344 24.211 53.0
vertex -8.523 23.821 53.0
vertex -7.344 24.211 1.0
endloop
endfacet
facet normal 0.3140527243637051 -0.9494055436533614 0.0
outer loop
vertex -7.344 24.211 1.0
vertex -8.523 23.821 53.0
vertex -8.523 23.821 1.0
endloop
endfacet
facet normal 0.31335419404647014 -0.9472938327712588 -0.06665990899352885
outer loop
vertex -7.344 24.211 1.0
vertex -8.523 23.821 1.0
vertex -7.347 24.22 0.858
endloop
endfacet
facet normal 0.3121938493962567 -0.9470147616647383 -0.07548537333965062
outer loop
vertex -7.347 24.22 0.858
vertex -8.523 23.821 1.0
vertex -8.527 23.831 0.858
endloop
endfacet
facet normal 0.30597531047173065 -0.9281513273949678 -0.2119297592049955
outer loop
vertex -7.347 24.22 0.858
vertex -8.527 23.831 0.858
vertex -7.356 24.249 0.718
endloop
endfacet
facet normal 0.3067362067266431 -0.9288601542158166 -0.20768175989508472
outer loop
vertex -7.356 24.249 0.718
vertex -8.527 23.831 0.858
vertex -8.537 23.859 0.718
endloop
endfacet
facet normal 0.29353941765652475 -0.8888975698778426 -0.3517040240701462
outer loop
vertex -7.356 24.249 0.718
vertex -8.537 23.859 0.718
vertex -7.37 24.297 0.585
endloop
endfacet
facet normal 0.29355214194608636 -0.8889149259953061 -0.3516495333448125
outer loop
vertex -7.37 24.297 0.585
vertex -8.537 23.859 0.718
vertex -8.554 23.906 0.585
endloop
endfacet
facet normal 0.2750925127721405 -0.833016713867552 -0.48000756643412895
outer loop
vertex -7.37 24.297 0.585
vertex -8.554 23.906 0.585
vertex -7.39 24.363 0.459
endloop
endfacet
facet normal 0.2751064926986363 -0.833039303146127 -0.4799603494965706
outer loop
vertex -7.39 24.363 0.459
vertex -8.554 23.906 0.585
vertex -8.577 23.971 0.459
endloop
endfacet
facet normal 0.25165758641163727 -0.7620345792617702 -0.5966336893025791
outer loop
vertex -7.39 24.363 0.459
vertex -8.577 23.971 0.459
vertex -7.415 24.444 0.345
endloop
endfacet
facet normal 0.2511511453734153 -0.761122173383555 -0.598010149881685
outer loop
vertex -7.415 24.444 0.345
vertex -8.577 23.971 0.459
vertex -8.606 24.051 0.345
endloop
endfacet
facet normal 0.22135461548936347 -0.6708227660250162 -0.7078127936001881
outer loop
vertex -7.415 24.444 0.345
vertex -8.606 24.051 0.345
vertex -7.444 24.541 0.244
endloop
endfacet
facet normal 0.2218959057354885 -0.67186709685986 -0.7066518316504465
outer loop
vertex -7.444 24.541 0.244
vertex -8.606 24.051 0.345
vertex -8.64 24.146 0.244
endloop
endfacet
facet normal 0.18728436645238736 -0.5670686133596345 -0.8020958507715328
outer loop
vertex -7.444 24.541 0.244
vertex -8.64 24.146 0.244
vertex -7.478 24.65 0.159
endloop
endfacet
facet normal 0.18682697828017303 -0.5661423584247712 -0.8028564692296734
outer loop
vertex -7.478 24.65 0.159
vertex -8.64 24.146 0.244
vertex -8.678 24.254 0.159
endloop
endfacet
facet normal 0.15122373483470913 -0.45825374192336454 -0.8758623693457072
outer loop
vertex -7.478 24.65 0.159
vertex -8.678 24.254 0.159
vertex -7.514 24.77 0.09
endloop
endfacet
facet normal 0.15247471527472833 -0.46086342511609535 -0.8742747649292824
outer loop
vertex -7.514 24.77 0.09
vertex -8.678 24.254 0.159
vertex -8.72 24.371 0.09
endloop
endfacet
facet normal 0.10803437104130618 -0.3265399786361278 -0.9389889333884754
outer loop
vertex -7.514 24.77 0.09
vertex -8.72 24.371 0.09
vertex -7.553 24.898 0.041
endloop
endfacet
facet normal 0.10804806179775606 -0.3265692042366097 -0.9389771941778008
outer loop
vertex -7.553 24.898 0.041
vertex -8.72 24.371 0.09
vertex -8.765 24.497 0.041
endloop
endfacet
facet normal 0.06845241003258429 -0.2068935684775368 -0.9759658389940509
outer loop
vertex -7.553 24.898 0.041
vertex -8.765 24.497 0.041
vertex -7.593 25.031 0.01
endloop
endfacet
facet normal 0.06767224779884004 -0.20520514941986684 -0.9763766248376814
outer loop
vertex -7.593 25.031 0.01
vertex -8.765 24.497 0.041
vertex -8.812 24.629 0.01
endloop
endfacet
facet normal 0.021855734946527546 -0.06627398233785381 -0.9975620713093643
outer loop
vertex -7.593 25.031 0.01
vertex -8.812 24.629 0.01
vertex -7.634 25.168 0.0
endloop
endfacet
facet normal 0.021989699900683644 -0.06656635081046491 -0.9975396603835137
outer loop
vertex -7.634 25.168 0.0
vertex -8.812 24.629 0.01
vertex -8.86 24.763 0.0
endloop
endfacet
facet normal -0.0 0.0 -1.0
outer loop
vertex -8.86 24.763 0.0
vertex -10.065 24.298 0.0
vertex -11.791 32.954 0.0
endloop
endfacet
facet normal -0.0 -0.0 -1.0
outer loop
vertex -11.791 32.954 0.0
vertex -10.065 24.298 0.0
vertex -13.394 32.336 0.0
endloop
endfacet
facet normal -0.3597200569133035 0.9330602770744716 0.0
outer loop
vertex -11.791 32.954 0.0
vertex -13.394 32.336 0.0
vertex -11.791 32.954 3.0
endloop
endfacet
facet normal -0.3597200569133035 0.9330602770744716 0.0
outer loop
vertex -11.791 32.954 3.0
vertex -13.394 32.336 0.0
vertex -13.394 32.336 3.0
endloop
endfacet
facet normal 0.0 0.0 1.0
outer loop
vertex -11.791 32.954 3.0
vertex -13.394 32.336 3.0
vertex -10.039 28.058 3.0
endloop
endfacet
facet normal 0.0 0.0 1.0
outer loop
vertex -10.039 28.058 3.0
vertex -13.394 32.336 3.0
vertex -11.404 27.532 3.0
endloop
endfacet
facet normal -0.3595745149721447 0.9331163744049007 0.0
outer loop
vertex -10.039 28.058 3.0
vertex -11.404 27.532 3.0
vertex -10.039 28.058 52.0
endloop
endfacet
facet normal -0.3595745149721447 0.9331163744049007 0.0
outer loop
vertex -10.039 28.058 52.0
vertex -11.404 27.532 3.0
vertex -11.404 27.532 52.0
endloop
endfacet
facet normal -0.25423568263760676 0.6597560965785807 0.7071676680258965
outer loop
vertex -10.039 28.058 52.0
vertex -11.404 27.532 52.0
vertex -9.702 27.116 53.0
endloop
endfacet
facet normal -0.2541494068106544 0.6598879283134921 0.7070756685701468
outer loop
vertex -9.702 27.116 53.0
vertex -11.404 27.532 52.0
vertex -11.021 26.608 53.0
endloop
endfacet
facet normal 0.0 0.0 1.0
outer loop
vertex -9.702 27.116 53.0
vertex -11.021 26.608 53.0
vertex -8.523 23.821 53.0
endloop
endfacet
facet normal 0.0 0.0 1.0
outer loop
vertex -8.523 23.821 53.0
vertex -11.021 26.608 53.0
vertex -9.682 23.374 53.0
endloop
endfacet
facet normal 0.35984203547535537 -0.9330132418700997 0.0
outer loop
vertex -8.523 23.821 53.0
vertex -9.682 23.374 53.0
vertex -8.523 23.821 1.0
endloop
endfacet
facet normal 0.35984203547535537 -0.9330132418700997 0.0
outer loop
vertex -8.523 23.821 1.0
vertex -9.682 23.374 53.0
vertex -9.682 23.374 1.0
endloop
endfacet
facet normal 0.35881158356042253 -0.9303414437282493 -0.07562437163043809
outer loop
vertex -8.523 23.821 1.0
vertex -9.682 23.374 1.0
vertex -8.527 23.831 0.858
endloop
endfacet
facet normal 0.3588115835604194 -0.9303414437282486 -0.07562437163046098
outer loop
vertex -8.527 23.831 0.858
vertex -9.682 23.374 1.0
vertex -9.686 23.384 0.858
endloop
endfacet
facet normal 0.35199657493492525 -0.9126712088357481 -0.2076768542625195
outer loop
vertex -8.527 23.831 0.858
vertex -9.686 23.384 0.858
vertex -8.537 23.859 0.718
endloop
endfacet
facet normal 0.35154778135349 -0.9122940187249335 -0.21008041513703615
outer loop
vertex -8.537 23.859 0.718
vertex -9.686 23.384 0.858
vertex -9.697 23.412 0.718
endloop
endfacet
facet normal 0.33659923090190563 -0.8735013598349163 -0.35170489351556894
outer loop
vertex -8.537 23.859 0.718
vertex -9.697 23.412 0.718
vertex -8.554 23.906 0.585
endloop
endfacet
facet normal 0.3369272663193705 -0.8739050970158659 -0.3503853573142659
outer loop
vertex -8.554 23.906 0.585
vertex -9.697 23.412 0.718
vertex -9.716 23.458 0.585
endloop
endfacet
facet normal 0.3156016217286874 -0.8185917063587816 -0.4798991921673142
outer loop
vertex -8.554 23.906 0.585
vertex -9.716 23.458 0.585
vertex -8.577 23.971 0.459
endloop
endfacet
facet normal 0.3163309470618187 -0.8196486317201808 -0.477609518801927
outer loop
vertex -8.577 23.971 0.459
vertex -9.716 23.458 0.585
vertex -9.743 23.521 0.459
endloop
endfacet
facet normal 0.28855514854504677 -0.7476784515633893 -0.5980910125690896
outer loop
vertex -8.577 23.971 0.459
vertex -9.743 23.521 0.459
vertex -8.606 24.051 0.345
endloop
endfacet
facet normal 0.28828894627477963 -0.747250062517117 -0.5987543966635582
outer loop
vertex -8.606 24.051 0.345
vertex -9.743 23.521 0.459
vertex -9.775 23.6 0.345
endloop
endfacet
facet normal 0.25468016850748154 -0.6601355143797074 -0.7066534613398848
outer loop
vertex -8.606 24.051 0.345
vertex -9.775 23.6 0.345
vertex -8.64 24.146 0.244
endloop
endfacet
facet normal 0.25479826783936815 -0.6603381157691357 -0.7064215565570782
outer loop
vertex -8.64 24.146 0.244
vertex -9.775 23.6 0.345
vertex -9.814 23.693 0.244
endloop
endfacet
facet normal 0.21465195902052467 -0.5562944809935897 -0.8027832751775061
outer loop
vertex -8.64 24.146 0.244
vertex -9.814 23.693 0.244
vertex -8.678 24.254 0.159
endloop
endfacet
facet normal 0.21416864270909464 -0.5554263701027045 -0.8035131236480695
outer loop
vertex -8.678 24.254 0.159
vertex -9.814 23.693 0.244
vertex -9.858 23.799 0.159
endloop
endfacet
facet normal 0.1746397677610611 -0.45291192518253015 -0.8742835578597007
outer loop
vertex -8.678 24.254 0.159
vertex -9.858 23.799 0.159
vertex -8.72 24.371 0.09
endloop
endfacet
facet normal 0.17422276626240854 -0.45214048312301486 -0.874765917967293
outer loop
vertex -8.72 24.371 0.09
vertex -9.858 23.799 0.159
vertex -9.906 23.914 0.09
endloop
endfacet
facet normal 0.12368421432126872 -0.32098354088627046 -0.9389737917577052
outer loop
vertex -8.72 24.371 0.09
vertex -9.906 23.914 0.09
vertex -8.765 24.497 0.041
endloop
endfacet
facet normal 0.12337483966921173 -0.32039827643943464 -0.9392143490126393
outer loop
vertex -8.765 24.497 0.041
vertex -9.906 23.914 0.09
vertex -9.957 24.038 0.041
endloop
endfacet
facet normal 0.07764958829751956 -0.2016520898706828 -0.9763744036423792
outer loop
vertex -8.765 24.497 0.041
vertex -9.957 24.038 0.041
vertex -8.812 24.629 0.01
endloop
endfacet
facet normal 0.07809181721700031 -0.20249782906053346 -0.9761640729454848
outer loop
vertex -8.812 24.629 0.01
vertex -9.957 24.038 0.041
vertex -10.01 24.167 0.01
endloop
endfacet
facet normal 0.02522403880767169 -0.06540778894283704 -0.9975397581108426
outer loop
vertex -8.812 24.629 0.01
vertex -10.01 24.167 0.01
vertex -8.86 24.763 0.0
endloop
endfacet
facet normal 0.025287657266783094 -0.0655303806590826 -0.9975301016012665
outer loop
vertex -8.86 24.763 0.0
vertex -10.01 24.167 0.01
vertex -10.065 24.298 0.0
endloop
endfacet
facet normal -0.0 0.0 -1.0
outer loop
vertex -10.065 24.298 0.0
vertex -11.245 23.775 0.0
vertex -13.394 32.336 0.0
endloop
endfacet
facet normal -0.0 -0.0 -1.0
outer loop
vertex -13.394 32.336 0.0
vertex -11.245 23.775 0.0
vertex -14.964 31.64 0.0
endloop
endfacet
facet normal -0.4052738537934065 0.9141953311144401 0.0
outer loop
vertex -13.394 32.336 0.0
vertex -14.964 31.64 0.0
vertex -13.394 32.336 3.0
endloop
endfacet
facet normal -0.4052738537934065 0.9141953311144401 0.0
outer loop
vertex -13.394 32.336 3.0
vertex -14.964 31.64 0.0
vertex -14.964 31.64 3.0
endloop
endfacet
facet normal 0.0 0.0 1.0
outer loop
vertex -13.394 32.336 3.0
vertex -14.964 31.64 3.0
vertex -11.404 27.532 3.0
endloop
endfacet
facet normal 0.0 0.0 0.9999999999999999
outer loop
vertex -11.404 27.532 3.0
vertex -14.964 31.64 3.0
vertex -12.741 26.939 3.0
endloop
endfacet
facet normal -0.4054405396489565 0.9141214190736168 0.0
outer loop
vertex -11.404 27.532 3.0
vertex -12.741 26.939 3.0
vertex -11.404 27.532 52.0
endloop
endfacet
facet normal -0.4054405396489565 0.9141214190736168 0.0
outer loop
vertex -11.404 27.532 52.0
vertex -12.741 26.939 3.0
vertex -12.741 26.939 52.0
endloop
endfacet
facet normal -0.2866995143387226 0.6464034581296325 0.7070827093035107
outer loop
vertex -11.404 27.532 52.0
vertex -12.741 26.939 52.0
vertex -11.021 26.608 53.0
endloop
endfacet
facet normal -0.28656155240778475 0.6466388957474088 0.7069233446337816
outer loop
vertex -11.021 26.608 53.0
vertex -12.741 26.939 52.0
vertex -12.314 26.035 53.0
endloop
endfacet
facet normal 0.0 0.0 0.9999999999999999
outer loop
vertex -11.021 26.608 53.0
vertex -12.314 26.035 53.0
vertex -9.682 23.374 53.0
endloop
endfacet
facet normal 0.0 0.0 1.0
outer loop
vertex -9.682 23.374 53.0
vertex -12.314 26.035 53.0
vertex -10.817 22.871 53.0
endloop
endfacet
facet normal 0.40516665365370896 -0.9142428467136372 0.0
outer loop
vertex -9.682 23.374 53.0
vertex -10.817 22.871 53.0
vertex -9.682 23.374 1.0
endloop
endfacet
facet normal 0.40516665365370896 -0.9142428467136372 0.0
outer loop
vertex -9.682 23.374 1.0
vertex -10.817 22.871 53.0
vertex -10.817 22.871 1.0
endloop
endfacet
facet normal 0.40400778297646617 -0.9116278999568369 -0.07557964881320754
outer loop
vertex -9.682 23.374 1.0
vertex -10.817 22.871 1.0
vertex -9.686 23.384 0.858
endloop
endfacet
facet normal 0.4048669447857899 -0.911753933198155 -0.0691919237882161
outer loop
vertex -9.686 23.384 0.858
vertex -10.817 22.871 1.0
vertex -10.821 22.88 0.858
endloop
endfacet
facet normal 0.3967991568027095 -0.8935854027203849 -0.20989415714999363
outer loop
vertex -9.686 23.384 0.858
vertex -10.821 22.88 0.858
vertex -9.697 23.412 0.718
endloop
endfacet
facet normal 0.3957391732593378 -0.8927687301505342 -0.2153009549756308
outer loop
vertex -9.697 23.412 0.718
vertex -10.821 22.88 0.858
vertex -10.834 22.908 0.718
endloop
endfacet
facet normal 0.37955500404642806 -0.8562580150809341 -0.35037153210980904
outer loop
vertex -9.697 23.412 0.718
vertex -10.834 22.908 0.718
vertex -9.716 23.458 0.585
endloop
endfacet
facet normal 0.3790655946718442 -0.8557124315364424 -0.3522293421196916
outer loop
vertex -9.716 23.458 0.585
vertex -10.834 22.908 0.718
vertex -10.856 22.953 0.585
endloop
endfacet
facet normal 0.3557926765551578 -0.8031755470750116 -0.47782906137077175
outer loop
vertex -9.716 23.458 0.585
vertex -10.856 22.953 0.585
vertex -9.743 23.521 0.459
endloop
endfacet
facet normal 0.35765219868461523 -0.8055992325400971 -0.4723291027523787
outer loop
vertex -9.743 23.521 0.459
vertex -10.856 22.953 0.585
vertex -10.885 23.014 0.459
endloop
endfacet
facet normal 0.3250392721984216 -0.732139741322675 -0.5985990901301863
outer loop
vertex -9.743 23.521 0.459
vertex -10.885 23.014 0.459
vertex -9.775 23.6 0.345
endloop
endfacet
facet normal 0.3228707910372474 -0.7290015695270097 -0.6035819446621465
outer loop
vertex -9.775 23.6 0.345
vertex -10.885 23.014 0.459
vertex -10.922 23.092 0.345
endloop
endfacet
facet normal 0.2865922078833077 -0.6470890992955755 -0.7064988350686872
outer loop
vertex -9.775 23.6 0.345
vertex -10.922 23.092 0.345
vertex -9.814 23.693 0.244
endloop
endfacet
facet normal 0.28699555643505936 -0.6477095793269654 -0.7057661450045732
outer loop
vertex -9.814 23.693 0.244
vertex -10.922 23.092 0.345
vertex -10.965 23.183 0.244
endloop
endfacet
facet normal 0.24114778726245478 -0.5442374571354599 -0.8035255658341869
outer loop
vertex -9.814 23.693 0.244
vertex -10.965 23.183 0.244
vertex -9.858 23.799 0.159
endloop
endfacet
facet normal 0.24243149630019992 -0.5462978747037658 -0.8017391107435105
outer loop
vertex -9.858 23.799 0.159
vertex -10.965 23.183 0.244
vertex -11.014 23.286 0.159
endloop
endfacet
facet normal 0.19652370313344114 -0.4428487345463129 -0.8747933655540879
outer loop
vertex -9.858 23.799 0.159
vertex -11.014 23.286 0.159
vertex -9.906 23.914 0.09
endloop
endfacet
facet normal 0.1962132990312702 -0.44233716538894063 -0.8751218048928631
outer loop
vertex -9.906 23.914 0.09
vertex -11.014 23.286 0.159
vertex -11.067 23.399 0.09
endloop
endfacet
facet normal 0.13922861715912419 -0.31387266897425814 -0.9392014373045506
outer loop
vertex -9.906 23.914 0.09
vertex -11.067 23.399 0.09
vertex -9.957 24.038 0.041
endloop
endfacet
facet normal 0.1395882327458589 -0.31447773670736895 -0.9389456205735764
outer loop
vertex -9.957 24.038 0.041
vertex -11.067 23.399 0.09
vertex -11.124 23.52 0.041
endloop
endfacet
facet normal 0.08806401027122678 -0.19839903472301448 -0.9761570330207764
outer loop
vertex -9.957 24.038 0.041
vertex -11.124 23.52 0.041
vertex -10.01 24.167 0.01
endloop
endfacet
facet normal 0.08799017702010688 -0.1982734507132539 -0.9761892068089205
outer loop
vertex -10.01 24.167 0.01
vertex -11.124 23.52 0.041
vertex -11.184 23.646 0.01
endloop
endfacet
facet normal 0.028485426353953926 -0.06418788971121275 -0.9975312001636112
outer loop
vertex -10.01 24.167 0.01
vertex -11.184 23.646 0.01
vertex -10.065 24.298 0.0
endloop
endfacet
facet normal 0.028335389395862644 -0.06393070647632491 -0.9975519888593392
outer loop
vertex -10.065 24.298 0.0
vertex -11.184 23.646 0.01
vertex -11.245 23.775 0.0
endloop
endfacet
facet normal -0.0 0.0 -1.0
outer loop
vertex -11.245 23.775 0.0
vertex -12.398 23.195 0.0
vertex -14.964 31.64 0.0
endloop
endfacet
facet normal -0.0 -0.0 -1.0
outer loop
vertex -14.964 31.64 0.0
vertex -12.398 23.195 0.0
vertex -16.499 30.867 0.0
endloop
endfacet
facet normal -0.4497719141044609 0.8931434516822083 0.0
outer loop
vertex -14.964 31.64 0.0
vertex -16.499 30.867 0.0
vertex -14.964 31.64 3.0
endloop
endfacet
facet normal -0.4497719141044609 0.8931434516822083 0.0
outer loop
vertex -14.964 31.64 3.0
vertex -16.499 30.867 0.0
vertex -16.499 30.867 3.0
endloop
endfacet
facet normal 0.0 0.0 0.9999999999999999
outer loop
vertex -14.964 31.64 3.0
vertex -16.499 30.867 3.0
vertex -12.741 26.939 3.0
endloop
endfacet
facet normal 0.0 0.0 1.0
outer loop
vertex -12.741 26.939 3.0
vertex -16.499 30.867 3.0
vertex -14.048 26.281 3.0
endloop
endfacet
facet normal -0.44967211591567346 0.8931937013704928 0.0
outer loop
vertex -12.741 26.939 3.0
vertex -14.048 26.281 3.0
vertex -12.741 26.939 52.0
endloop
endfacet
facet normal -0.44967211591567346 0.8931937013704928 0.0
outer loop
vertex -12.741 26.939 52.0
vertex -14.048 26.281 3.0
vertex -14.048 26.281 52.0
endloop
endfacet
facet normal -0.31805252618560126 0.631754789854985 0.706914758710158
outer loop
vertex -12.741 26.939 52.0
vertex -14.048 26.281 52.0
vertex -12.314 26.035 53.0
endloop
endfacet
facet normal -0.3182192867916746 0.6314351256778208 0.7071252842135068
outer loop
vertex -12.314 26.035 53.0
vertex -14.048 26.281 52.0
vertex -13.576 25.399 53.0
endloop
endfacet
facet normal 0.0 0.0 1.0
outer loop
vertex -12.314 26.035 53.0
vertex -13.576 25.399 53.0
vertex -10.817 22.871 53.0
endloop
endfacet
facet normal 0.0 0.0 1.0
outer loop
vertex -10.817 22.871 53.0
vertex -13.576 25.399 53.0
vertex -11.926 22.313 53.0
endloop
endfacet
facet normal 0.44946756650161107 -0.893296650986177 0.0
outer loop
vertex -10.817 22.871 53.0
vertex -11.926 22.313 53.0
vertex -10.817 22.871 1.0
endloop
endfacet
facet normal 0.44946756650161107 -0.893296650986177 0.0
outer loop
vertex -10.817 22.871 1.0
vertex -11.926 22.313 53.0
vertex -11.926 22.313 1.0
endloop
endfacet
facet normal 0.4483928229759738 -0.8911606463805647 -0.06911279654457106
outer loop
vertex -10.817 22.871 1.0
vertex -11.926 22.313 1.0
vertex -10.821 22.88 0.858
endloop
endfacet
facet normal 0.4479704342018832 -0.8911239820144986 -0.0722532958390124
outer loop
vertex -10.821 22.88 0.858
vertex -11.926 22.313 1.0
vertex -11.931 22.322 0.858
endloop
endfacet
facet normal 0.4386176767429798 -0.8725190343811962 -0.2152325911452439
outer loop
vertex -10.821 22.88 0.858
vertex -11.931 22.322 0.858
vertex -10.834 22.908 0.718
endloop
endfacet
facet normal 0.4404212860289531 -0.8737643728181521 -0.20631265498341156
outer loop
vertex -10.834 22.908 0.718
vertex -11.931 22.322 0.858
vertex -11.945 22.348 0.718
endloop
endfacet
facet normal 0.42122591133025095 -0.8356821205141198 -0.35242605618345446
outer loop
vertex -10.834 22.908 0.718
vertex -11.945 22.348 0.718
vertex -10.856 22.953 0.585
endloop
endfacet
facet normal 0.4212135146262752 -0.8356695931890269 -0.3524705748221641
outer loop
vertex -10.856 22.953 0.585
vertex -11.945 22.348 0.718
vertex -11.969 22.392 0.585
endloop
endfacet
facet normal 0.39672158089158316 -0.7870786444426595 -0.4723549456893498
outer loop
vertex -10.856 22.953 0.585
vertex -11.969 22.392 0.585
vertex -10.885 23.014 0.459
endloop
endfacet
facet normal 0.3941001632675869 -0.7839853515269641 -0.47963739418815543
outer loop
vertex -10.885 23.014 0.459
vertex -11.969 22.392 0.585
vertex -12.001 22.453 0.459
endloop
endfacet
facet normal 0.35808500357010214 -0.7123402210057644 -0.6036112488644148
outer loop
vertex -10.885 23.014 0.459
vertex -12.001 22.453 0.459
vertex -10.922 23.092 0.345
endloop
endfacet
facet normal 0.3608599307130959 -0.7159614582765146 -0.5976447947303704
outer loop
vertex -10.922 23.092 0.345
vertex -12.001 22.453 0.459
vertex -12.041 22.528 0.345
endloop
endfacet
facet normal 0.3188641583175598 -0.6326400587896265 -0.7057564768070443
outer loop
vertex -10.922 23.092 0.345
vertex -12.041 22.528 0.345
vertex -10.965 23.183 0.244
endloop
endfacet
facet normal 0.31790052651974615 -0.6313077593784372 -0.7073823352240608
outer loop
vertex -10.965 23.183 0.244
vertex -12.041 22.528 0.345
vertex -12.089 22.617 0.244
endloop
endfacet
facet normal 0.2687900950758115 -0.5337810368643335 -0.8017666053616684
outer loop
vertex -10.965 23.183 0.244
vertex -12.089 22.617 0.244
vertex -11.014 23.286 0.159
endloop
endfacet
facet normal 0.26789739088404196 -0.532493229415639 -0.8029208856319695
outer loop
vertex -11.014 23.286 0.159
vertex -12.089 22.617 0.244
vertex -12.143 22.718 0.159
endloop
endfacet
facet normal 0.21750562067825252 -0.43233071434110343 -0.8750894002390152
outer loop
vertex -11.014 23.286 0.159
vertex -12.143 22.718 0.159
vertex -11.067 23.399 0.09
endloop
endfacet
facet normal 0.21747784343386725 -0.43228958370829895 -0.8751166227610236
outer loop
vertex -11.067 23.399 0.09
vertex -12.143 22.718 0.159
vertex -12.202 22.828 0.09
endloop
endfacet
facet normal 0.15463972304239032 -0.30738368765869095 -0.9389365391860716
outer loop
vertex -11.067 23.399 0.09
vertex -12.202 22.828 0.09
vertex -11.124 23.52 0.041
endloop
endfacet
facet normal 0.15461893773681956 -0.3073522786719716 -0.9389502440961843
outer loop
vertex -11.124 23.52 0.041
vertex -12.202 22.828 0.09
vertex -12.265 22.946 0.041
endloop
endfacet
facet normal 0.09747377233919365 -0.1937588401376661 -0.9761948450870211
outer loop
vertex -11.124 23.52 0.041
vertex -12.265 22.946 0.041
vertex -11.184 23.646 0.01
endloop
endfacet
facet normal 0.09746037797610435 -0.19373839434764537 -0.976200240360732
outer loop
vertex -11.184 23.646 0.01
vertex -12.265 22.946 0.041
vertex -12.331 23.069 0.01
endloop
endfacet
facet normal 0.03142539344594817 -0.062469542950610836 -0.99755200408315
outer loop
vertex -11.184 23.646 0.01
vertex -12.331 23.069 0.01
vertex -11.245 23.775 0.0
endloop
endfacet
facet normal 0.03142102585485658 -0.06246283243215475 -0.9975525618726971
outer loop
vertex -11.245 23.775 0.0
vertex -12.331 23.069 0.01
vertex -12.398 23.195 0.0
endloop
endfacet
facet normal -0.0 0.0 -1.0
outer loop
vertex -12.398 23.195 0.0
vertex -13.521 22.558 0.0
vertex -16.499 30.867 0.0
endloop
endfacet
facet normal -0.0 -0.0 -1.0
outer loop
vertex -16.499 30.867 0.0
vertex -13.521 22.558 0.0
vertex -17.994 30.021 0.0
endloop
endfacet
facet normal -0.4924983926643023 0.8703133534670595 0.0
outer loop
vertex -16.499 30.867 0.0
vertex -17.994 30.021 0.0
vertex -16.499 30.867 3.0
endloop
endfacet
facet normal -0.4924983926643023 0.8703133534670595 0.0
outer loop
vertex -16.499 30.867 3.0
vertex -17.994 30.021 0.0
vertex -17.994 30.021 3.0
endloop
endfacet
facet normal 0.0 0.0 1.0
outer loop
vertex -16.499 30.867 3.0
vertex -17.994 30.021 3.0
vertex -14.048 26.281 3.0
endloop
endfacet
facet normal 0.0 0.0 1.0
outer loop
vertex -14.048 26.281 3.0
vertex -17.994 30.021 3.0
vertex -15.32 25.56 3.0
endloop
endfacet
facet normal -0.4931161076347586 0.8699635075054271 0.0
outer loop
vertex -14.048 26.281 3.0
vertex -15.32 25.56 3.0
vertex -14.048 26.281 52.0
endloop
endfacet
facet normal -0.4931161076347586 0.8699635075054271 0.0
outer loop
vertex -14.048 26.281 52.0
vertex -15.32 25.56 3.0
vertex -15.32 25.56 52.0
endloop
endfacet
facet normal -0.348675524415024 0.6151390666517482 0.7071275043107318
outer loop
vertex -14.048 26.281 52.0
vertex -15.32 25.56 52.0
vertex -13.576 25.399 53.0
endloop
endfacet
facet normal -0.3484075390775314 0.6157202199214975 0.7067537035585745
outer loop
vertex -13.576 25.399 53.0
vertex -15.32 25.56 52.0
vertex -14.806 24.703 53.0
endloop
endfacet
facet normal 0.0 0.0 1.0
outer loop
vertex -13.576 25.399 53.0
vertex -14.806 24.703 53.0
vertex -11.926 22.313 53.0
endloop
endfacet
facet normal 0.0 0.0 1.0
outer loop
vertex -11.926 22.313 53.0
vertex -14.806 24.703 53.0
vertex -13.007 21.701 53.0
endloop
endfacet
facet normal 0.4926672379199338 -0.8702177846265517 0.0
outer loop
vertex -11.926 22.313 53.0
vertex -13.007 21.701 53.0
vertex -11.926 22.313 1.0
endloop
endfacet
facet normal 0.4926672379199338 -0.8702177846265517 0.0
outer loop
vertex -11.926 22.313 1.0
vertex -13.007 21.701 53.0
vertex -13.007 21.701 1.0
endloop
endfacet
facet normal 0.4913774549531591 -0.8679395895496179 -0.07231227873740943
outer loop
vertex -11.926 22.313 1.0
vertex -13.007 21.701 1.0
vertex -11.931 22.322 0.858
endloop
endfacet
facet normal 0.49219344570299806 -0.8679626668922381 -0.06623006030741208
outer loop
vertex -11.931 22.322 0.858
vertex -13.007 21.701 1.0
vertex -13.012 21.709 0.858
endloop
endfacet
facet normal 0.4826616126248433 -0.8511536757707286 -0.20633755819133656
outer loop
vertex -11.931 22.322 0.858
vertex -13.012 21.709 0.858
vertex -11.945 22.348 0.718
endloop
endfacet
facet normal 0.48129163909561623 -0.8503080671134631 -0.21291911407485528
outer loop
vertex -11.945 22.348 0.718
vertex -13.012 21.709 0.858
vertex -13.028 21.735 0.718
endloop
endfacet
facet normal 0.46095081512115976 -0.8143715053445618 -0.35259523156442507
outer loop
vertex -11.945 22.348 0.718
vertex -13.028 21.735 0.718
vertex -11.969 22.392 0.585
endloop
endfacet
facet normal 0.4616285748646854 -0.8149924676764153 -0.35026609384738766
outer loop
vertex -11.969 22.392 0.585
vertex -13.028 21.735 0.718
vertex -13.053 21.778 0.585
endloop
endfacet
facet normal 0.43249673819740875 -0.7635610166221354 -0.47950093362116936
outer loop
vertex -11.969 22.392 0.585
vertex -13.053 21.778 0.585
vertex -12.001 22.453 0.459
endloop
endfacet
facet normal 0.4330341004265576 -0.7641364726682928 -0.4780971857330072
outer loop
vertex -12.001 22.453 0.459
vertex -13.053 21.778 0.585
vertex -13.088 21.837 0.459
endloop
endfacet
facet normal 0.39530310097892474 -0.6975559590326157 -0.597621236549149
outer loop
vertex -12.001 22.453 0.459
vertex -13.088 21.837 0.459
vertex -12.041 22.528 0.345
endloop
endfacet
facet normal 0.39478918246085276 -0.6969498350562963 -0.5986672104156807
outer loop
vertex -12.041 22.528 0.345
vertex -13.088 21.837 0.459
vertex -13.132 21.91 0.345
endloop
endfacet
facet normal 0.3483457502677872 -0.6149598924630363 -0.7074458063570832
outer loop
vertex -12.041 22.528 0.345
vertex -13.132 21.91 0.345
vertex -12.089 22.617 0.244
endloop
endfacet
facet normal 0.34783498159630855 -0.6143214594321886 -0.7082513466693878
outer loop
vertex -12.089 22.617 0.244
vertex -13.132 21.91 0.345
vertex -13.184 21.997 0.244
endloop
endfacet
facet normal 0.2936954175389667 -0.5187040035567221 -0.8029253753686204
outer loop
vertex -12.089 22.617 0.244
vertex -13.184 21.997 0.244
vertex -12.143 22.718 0.159
endloop
endfacet
facet normal 0.2939984732375162 -0.5190984278672025 -0.802559480611754
outer loop
vertex -12.143 22.718 0.159
vertex -13.184 21.997 0.244
vertex -13.243 22.095 0.159
endloop
endfacet
facet normal 0.23846378344675878 -0.42104359838111416 -0.8751327397866797
outer loop
vertex -12.143 22.718 0.159
vertex -13.243 22.095 0.159
vertex -12.202 22.828 0.09
endloop
endfacet
facet normal 0.23872617395045306 -0.4213936457112647 -0.8748926844048629
outer loop
vertex -12.202 22.828 0.09
vertex -13.243 22.095 0.159
vertex -13.307 22.202 0.09
endloop
endfacet
facet normal 0.16959098383013033 -0.2993578867928031 -0.9389482167928517
outer loop
vertex -12.202 22.828 0.09
vertex -13.307 22.202 0.09
vertex -12.265 22.946 0.041
endloop
endfacet
facet normal 0.16912333619334127 -0.2987218227516718 -0.9392350982404528
outer loop
vertex -12.265 22.946 0.041
vertex -13.307 22.202 0.09
vertex -13.376 22.317 0.041
endloop
endfacet
facet normal 0.10683802434571504 -0.18870754379664395 -0.9762044352839941
outer loop
vertex -12.265 22.946 0.041
vertex -13.376 22.317 0.041
vertex -12.331 23.069 0.01
endloop
endfacet
facet normal 0.10729844135454647 -0.1893402195782444 -0.9760314163657577
outer loop
vertex -12.331 23.069 0.01
vertex -13.376 22.317 0.041
vertex -13.448 22.436 0.01
endloop
endfacet
facet normal 0.03447666434206003 -0.06083796851513609 -0.9975520543825251
outer loop
vertex -12.331 23.069 0.01
vertex -13.448 22.436 0.01
vertex -12.398 23.195 0.0
endloop
endfacet
facet normal 0.03462697658393952 -0.06104567457419794 -0.997534158867974
outer loop
vertex -12.398 23.195 0.0
vertex -13.448 22.436 0.01
vertex -13.521 22.558 0.0
endloop
endfacet
facet normal -0.0 0.0 -1.0
outer loop
vertex -13.521 22.558 0.0
vertex -14.611 21.868 0.0
vertex -17.994 30.021 0.0
endloop
endfacet
facet normal -0.0 -0.0 -1.0
outer loop
vertex -17.994 30.021 0.0
vertex -14.611 21.868 0.0
vertex -19.445 29.101 0.0
endloop
endfacet
facet normal -0.535481275972437 0.8445470993869619 0.0
outer loop
vertex -17.994 30.021 0.0
vertex -19.445 29.101 0.0
vertex -17.994 30.021 3.0
endloop
endfacet
facet normal -0.535481275972437 0.8445470993869619 0.0
outer loop
vertex -17.994 30.021 3.0
vertex -19.445 29.101 0.0
vertex -19.445 29.101 3.0
endloop
endfacet
facet normal 0.0 0.0 1.0
outer loop
vertex -17.994 30.021 3.0
vertex -19.445 29.101 3.0
vertex -15.32 25.56 3.0
endloop
endfacet
facet normal 0.0 0.0 1.0
outer loop
vertex -15.32 25.56 3.0
vertex -19.445 29.101 3.0
vertex -16.556 24.778 3.0
endloop
endfacet
facet normal -0.5346616421502853 0.8450662272349784 0.0
outer loop
vertex -15.32 25.56 3.0
vertex -16.556 24.778 3.0
vertex -15.32 25.56 52.0
endloop
endfacet
facet normal -0.5346616421502853 0.8450662272349784 0.0
outer loop
vertex -15.32 25.56 52.0
vertex -16.556 24.778 3.0
vertex -16.556 24.778 52.0
endloop
endfacet
facet normal -0.3782447948672612 0.5978395990485103 0.7067663609463455
outer loop
vertex -15.32 25.56 52.0
vertex -16.556 24.778 52.0
vertex -14.806 24.703 53.0
endloop
endfacet
facet normal -0.37855065867284166 0.5970799028472583 0.7072446453910176
outer loop
vertex -14.806 24.703 53.0
vertex -16.556 24.778 52.0
vertex -16.0 23.946 53.0
endloop
endfacet
facet normal 0.0 0.0 1.0
outer loop
vertex -14.806 24.703 53.0
vertex -16.0 23.946 53.0
vertex -13.007 21.701 53.0
endloop
endfacet
facet normal 0.0 0.0 1.0
outer loop
vertex -13.007 21.701 53.0
vertex -16.0 23.946 53.0
vertex -14.056 21.036 53.0
endloop
endfacet
facet normal 0.5354159712476543 -0.8445885020132177 0.0
outer loop
vertex -13.007 21.701 53.0
vertex -14.056 21.036 53.0
vertex -13.007 21.701 1.0
endloop
endfacet
facet normal 0.5354159712476543 -0.8445885020132177 0.0
outer loop
vertex -13.007 21.701 1.0
vertex -14.056 21.036 53.0
vertex -14.056 21.036 1.0
endloop
endfacet
facet normal 0.534238305238037 -0.8427308002927838 -0.06628899949670546
outer loop
vertex -13.007 21.701 1.0
vertex -14.056 21.036 1.0
vertex -13.012 21.709 0.858
endloop
endfacet
facet normal 0.5329344370405574 -0.8427427091755819 -0.07593162679453515
outer loop
vertex -13.012 21.709 0.858
vertex -14.056 21.036 1.0
vertex -14.062 21.045 0.858
endloop
endfacet
facet normal 0.5222077073777097 -0.8257802601605365 -0.21304007201583675
outer loop
vertex -13.012 21.709 0.858
vertex -14.062 21.045 0.858
vertex -13.028 21.735 0.718
endloop
endfacet
facet normal 0.5234180856848331 -0.8264496089760522 -0.2073994971096962
outer loop
vertex -13.028 21.735 0.718
vertex -14.062 21.045 0.858
vertex -14.078 21.07 0.718
endloop
endfacet
facet normal 0.5011970029372619 -0.7913636888483084 -0.3500643886760034
outer loop
vertex -13.028 21.735 0.718
vertex -14.078 21.07 0.718
vertex -13.053 21.778 0.585
endloop
endfacet
facet normal 0.5013548445147399 -0.7914942297961353 -0.3495428501357503
outer loop
vertex -13.053 21.778 0.585
vertex -14.078 21.07 0.718
vertex -14.106 21.111 0.585
endloop
endfacet
facet normal 0.4700149429687852 -0.7420175936223866 -0.4780123891081613
outer loop
vertex -13.053 21.778 0.585
vertex -14.106 21.111 0.585
vertex -13.088 21.837 0.459
endloop
endfacet
facet normal 0.47019669684793464 -0.7421938891949463 -0.4775597314629569
outer loop
vertex -13.088 21.837 0.459
vertex -14.106 21.111 0.585
vertex -14.144 21.168 0.459
endloop
endfacet
facet normal 0.42864895097552724 -0.676611797055541 -0.5987124125261241
outer loop
vertex -13.088 21.837 0.459
vertex -14.144 21.168 0.459
vertex -13.132 21.91 0.345
endloop
endfacet
facet normal 0.42759435880520197 -0.6754843820171604 -0.6007361433848165
outer loop
vertex -13.132 21.91 0.345
vertex -14.144 21.168 0.459
vertex -14.192 21.239 0.345
endloop
endfacet
facet normal 0.3776014172544725 -0.5965089452902257 -0.7082331874998208
outer loop
vertex -13.132 21.91 0.345
vertex -14.192 21.239 0.345
vertex -13.184 21.997 0.244
endloop
endfacet
facet normal 0.3785274065369018 -0.5975566180345161 -0.7068543631778746
outer loop
vertex -13.184 21.997 0.244
vertex -14.192 21.239 0.345
vertex -14.248 21.323 0.244
endloop
endfacet
facet normal 0.31922264088354096 -0.5039360384274301 -0.8025866773884337
outer loop
vertex -13.184 21.997 0.244
vertex -14.248 21.323 0.244
vertex -13.243 22.095 0.159
endloop
endfacet
facet normal 0.32008780264152487 -0.5049538747727454 -0.8016017608214885
outer loop
vertex -13.243 22.095 0.159
vertex -14.248 21.323 0.244
vertex -14.311 21.418 0.159
endloop
endfacet
facet normal 0.2593101169857191 -0.4090741579627002 -0.8748809041897991
outer loop
vertex -13.243 22.095 0.159
vertex -14.311 21.418 0.159
vertex -13.307 22.202 0.09
endloop
endfacet
facet normal 0.2580188314938086 -0.40751797797698397 -0.8759882306401838
outer loop
vertex -13.307 22.202 0.09
vertex -14.311 21.418 0.159
vertex -14.381 21.522 0.09
endloop
endfacet
facet normal 0.1836262754451513 -0.29002149974719343 -0.9392384791151447
outer loop
vertex -13.307 22.202 0.09
vertex -14.381 21.522 0.09
vertex -13.376 22.317 0.041
endloop
endfacet
facet normal 0.18464024293086634 -0.2912672838046851 -0.9386540097796799
outer loop
vertex -13.376 22.317 0.041
vertex -14.381 21.522 0.09
vertex -14.455 21.633 0.041
endloop
endfacet
facet normal 0.11649914213071151 -0.18377569350736492 -0.9760401858318617
outer loop
vertex -13.376 22.317 0.041
vertex -14.455 21.633 0.041
vertex -13.448 22.436 0.01
endloop
endfacet
facet normal 0.11636469293031239 -0.18360891868480111 -0.9760876104216425
outer loop
vertex -13.448 22.436 0.01
vertex -14.455 21.633 0.041
vertex -14.532 21.749 0.01
endloop
endfacet
facet normal 0.03757179408167652 -0.05928358775041815 -0.9975338673513409
outer loop
vertex -13.448 22.436 0.01
vertex -14.532 21.749 0.01
vertex -13.521 22.558 0.0
endloop
endfacet
facet normal 0.03736371669493727 -0.05902384231519065 -0.9975570854407743
outer loop
vertex -13.521 22.558 0.0
vertex -14.532 21.749 0.01
vertex -14.611 21.868 0.0
endloop
endfacet
facet normal -0.0 0.0 -1.0
outer loop
vertex -14.611 21.868 0.0
vertex -15.667 21.124 0.0
vertex -19.445 29.101 0.0
endloop
endfacet
facet normal -0.0 -0.0 -1.0
outer loop
vertex -19.445 29.101 0.0
vertex -15.667 21.124 0.0
vertex -20.849 28.112 0.0
endloop
endfacet
facet normal -0.5758827793761245 0.8175322772943157 0.0
outer loop
vertex -19.445 29.101 0.0
vertex -20.849 28.112 0.0
vertex -19.445 29.101 3.0
endloop
endfacet
facet normal -0.5758827793761245 0.8175322772943157 0.0
outer loop
vertex -19.445 29.101 3.0
vertex -20.849 28.112 0.0
vertex -20.849 28.112 3.0
endloop
endfacet
facet normal 0.0 0.0 1.0
outer loop
vertex -19.445 29.101 3.0
vertex -20.849 28.112 3.0
vertex -16.556 24.778 3.0
endloop
endfacet
facet normal 0.0 0.0 0.9999999999999999
outer loop
vertex -16.556 24.778 3.0
vertex -20.849 28.112 3.0
vertex -17.752 23.936 3.0
endloop
endfacet
facet normal -0.5756627469935294 0.817687227320975 0.0
outer loop
vertex -16.556 24.778 3.0
vertex -17.752 23.936 3.0
vertex -16.556 24.778 52.0
endloop
endfacet
facet normal -0.5756627469935294 0.817687227320975 0.0
outer loop
vertex -16.556 24.778 52.0
vertex -17.752 23.936 3.0
vertex -17.752 23.936 52.0
endloop
endfacet
facet normal -0.40697683201323903 0.5780811058050283 0.7072425986291433
outer loop
vertex -16.556 24.778 52.0
vertex -17.752 23.936 52.0
vertex -16.0 23.946 53.0
endloop
endfacet
facet normal -0.407003325911272 0.5780047232843118 0.707289779763704
outer loop
vertex -16.0 23.946 53.0
vertex -17.752 23.936 52.0
vertex -17.156 23.132 53.0
endloop
endfacet
facet normal 0.0 0.0 1.0
outer loop
vertex -16.0 23.946 53.0
vertex -17.156 23.132 53.0
vertex -14.056 21.036 53.0
endloop
endfacet
facet normal 0.0 0.0 1.0
outer loop
vertex -14.056 21.036 53.0
vertex -17.156 23.132 53.0
vertex -15.071 20.321 53.0
endloop
endfacet
facet normal 0.5758923649077138 -0.817525525008853 0.0
outer loop
vertex -14.056 21.036 53.0
vertex -15.071 20.321 53.0
vertex -14.056 21.036 1.0
endloop
endfacet
facet normal 0.5758923649077138 -0.817525525008853 0.0
outer loop
vertex -14.056 21.036 1.0
vertex -15.071 20.321 53.0
vertex -15.071 20.321 1.0
endloop
endfacet
facet normal 0.574229909280978 -0.8151655355527174 -0.07592865687085058
outer loop
vertex -14.056 21.036 1.0
vertex -15.071 20.321 1.0
vertex -14.062 21.045 0.858
endloop
endfacet
facet normal 0.5750074518591717 -0.8151292788227077 -0.07021886578687396
outer loop
vertex -14.062 21.045 0.858
vertex -15.071 20.321 1.0
vertex -15.077 20.329 0.858
endloop
endfacet
facet normal 0.5639209127728351 -0.7994130257883059 -0.2072004303505135
outer loop
vertex -14.062 21.045 0.858
vertex -15.077 20.329 0.858
vertex -14.078 21.07 0.718
endloop
endfacet
facet normal 0.5622240268171077 -0.7985779822248581 -0.21488915741663311
outer loop
vertex -14.078 21.07 0.718
vertex -15.077 20.329 0.858
vertex -15.095 20.354 0.718
endloop
endfacet
facet normal 0.5393267897431635 -0.7660549513530686 -0.3496947602878562
outer loop
vertex -14.078 21.07 0.718
vertex -15.095 20.354 0.718
vertex -14.106 21.111 0.585
endloop
endfacet
facet normal 0.5386781147153217 -0.765569036115636 -0.3517526683164217
outer loop
vertex -14.106 21.111 0.585
vertex -15.095 20.354 0.718
vertex -15.125 20.394 0.585
endloop
endfacet
facet normal 0.5055983517911558 -0.7185560955023514 -0.4775431334261676
outer loop
vertex -14.106 21.111 0.585
vertex -15.125 20.394 0.585
vertex -14.144 21.168 0.459
endloop
endfacet
facet normal 0.5053937223496705 -0.718376055968519 -0.4780303626556159
outer loop
vertex -14.144 21.168 0.459
vertex -15.125 20.394 0.585
vertex -15.166 20.449 0.459
endloop
endfacet
facet normal 0.4599508270398427 -0.6537826776560791 -0.6008439457148687
outer loop
vertex -14.144 21.168 0.459
vertex -15.166 20.449 0.459
vertex -14.192 21.239 0.345
endloop
endfacet
facet normal 0.4617384978657494 -0.6555151804880781 -0.5975762777573785
outer loop
vertex -14.192 21.239 0.345
vertex -15.166 20.449 0.459
vertex -15.217 20.517 0.345
endloop
endfacet
facet normal 0.4073575647290774 -0.5783123321984817 -0.7068342527673291
outer loop
vertex -14.192 21.239 0.345
vertex -15.217 20.517 0.345
vertex -14.248 21.323 0.244
endloop
endfacet
facet normal 0.4077264562051783 -0.5786903771519002 -0.7063119596199389
outer loop
vertex -14.248 21.323 0.244
vertex -15.217 20.517 0.345
vertex -15.277 20.598 0.244
endloop
endfacet
facet normal 0.3443869858029334 -0.48879201157409347 -0.8015484847661566
outer loop
vertex -14.248 21.323 0.244
vertex -15.277 20.598 0.244
vertex -14.311 21.418 0.159
endloop
endfacet
facet normal 0.3433953702341614 -0.48773463299742326 -0.8026173107257355
outer loop
vertex -14.311 21.418 0.159
vertex -15.277 20.598 0.244
vertex -15.345 20.69 0.159
endloop
endfacet
facet normal 0.27763722614141034 -0.3943363898766748 -0.8760230489430827
outer loop
vertex -14.311 21.418 0.159
vertex -15.345 20.69 0.159
vertex -14.381 21.522 0.09
endloop
endfacet
facet normal 0.2779390737635922 -0.3946658803920787 -0.8757789185232663
outer loop
vertex -14.381 21.522 0.09
vertex -15.345 20.69 0.159
vertex -15.419 20.791 0.09
endloop
endfacet
facet normal 0.19857659488587043 -0.28197333172576483 -0.9386470988390709
outer loop
vertex -14.381 21.522 0.09
vertex -15.419 20.791 0.09
vertex -14.455 21.633 0.041
endloop
endfacet
facet normal 0.19829512813603886 -0.2816600187401699 -0.9388006582873698
outer loop
vertex -14.455 21.633 0.041
vertex -15.419 20.791 0.09
vertex -15.499 20.898 0.041
endloop
endfacet
facet normal 0.1251554373038993 -0.17777180482349803 -0.9760805816750305
outer loop
vertex -14.455 21.633 0.041
vertex -15.499 20.898 0.041
vertex -14.532 21.749 0.01
endloop
endfacet
facet normal 0.12497368101334674 -0.17756747640597387 -0.9761410606960389
outer loop
vertex -14.532 21.749 0.01
vertex -15.499 20.898 0.041
vertex -15.582 21.01 0.01
endloop
endfacet
facet normal 0.04021110457527494 -0.057133504470959245 -0.9975564293490885
outer loop
vertex -14.532 21.749 0.01
vertex -15.582 21.01 0.01
vertex -14.611 21.868 0.0
endloop
endfacet
facet normal 0.040417690494682613 -0.05736704457309789 -0.9975346773380984
outer loop
vertex -14.611 21.868 0.0
vertex -15.582 21.01 0.01
vertex -15.667 21.124 0.0
endloop
endfacet
facet normal -0.0 0.0 -1.0
outer loop
vertex -15.667 21.124 0.0
vertex -16.685 20.33 0.0
vertex -20.849 28.112 0.0
endloop
endfacet
facet normal -0.0 -0.0 -1.0
outer loop
vertex -20.849 28.112 0.0
vertex -16.685 20.33 0.0
vertex -22.204 27.055 0.0
endloop
endfacet
facet normal -0.6150679768387132 0.788474085729856 0.0
outer loop
vertex -20.849 28.112 0.0
vertex -22.204 27.055 0.0
vertex -20.849 28.112 3.0
endloop
endfacet
facet normal -0.6150679768387132 0.788474085729856 0.0
outer loop
vertex -20.849 28.112 3.0
vertex -22.204 27.055 0.0
vertex -22.204 27.055 3.0
endloop
endfacet
facet normal 0.0 0.0 0.9999999999999999
outer loop
vertex -20.849 28.112 3.0
vertex -22.204 27.055 3.0
vertex -17.752 23.936 3.0
endloop
endfacet
facet normal 0.0 0.0 1.0
outer loop
vertex -17.752 23.936 3.0
vertex -22.204 27.055 3.0
vertex -18.905 23.036 3.0
endloop
endfacet
facet normal -0.6153123050424903 0.7882834307933265 0.0
outer loop
vertex -17.752 23.936 3.0
vertex -18.905 23.036 3.0
vertex -17.752 23.936 52.0
endloop
endfacet
facet normal -0.6153123050424903 0.7882834307933265 0.0
outer loop
vertex -17.752 23.936 52.0
vertex -18.905 23.036 3.0
vertex -18.905 23.036 52.0
endloop
endfacet
facet normal -0.43498143657573185 0.5572595515242451 0.7072856156246284
outer loop
vertex -17.752 23.936 52.0
vertex -18.905 23.036 52.0
vertex -17.156 23.132 53.0
endloop
endfacet
facet normal -0.4347987174111133 0.557883279532097 0.7069061619169569
outer loop
vertex -17.156 23.132 53.0
vertex -18.905 23.036 52.0
vertex -18.271 22.263 53.0
endloop
endfacet
facet normal 0.0 0.0 1.0
outer loop
vertex -17.156 23.132 53.0
vertex -18.271 22.263 53.0
vertex -15.071 20.321 53.0
endloop
endfacet
facet normal 0.0 0.0 1.0
outer loop
vertex -15.071 20.321 53.0
vertex -18.271 22.263 53.0
vertex -16.05 19.557 53.0
endloop
endfacet
facet normal 0.6152220322754539 -0.788353886907942 0.0
outer loop
vertex -15.071 20.321 53.0
vertex -16.05 19.557 53.0
vertex -15.071 20.321 1.0
endloop
endfacet
facet normal 0.6152220322754539 -0.788353886907942 0.0
outer loop
vertex -15.071 20.321 1.0
vertex -16.05 19.557 53.0
vertex -16.05 19.557 1.0
endloop
endfacet
facet normal 0.6137026937904758 -0.7864069858911965 -0.07023571866106941
outer loop
vertex -15.071 20.321 1.0
vertex -16.05 19.557 1.0
vertex -15.077 20.329 0.858
endloop
endfacet
facet normal 0.6131215540873077 -0.7864648206879072 -0.07453217918391002
outer loop
vertex -15.077 20.329 0.858
vertex -16.05 19.557 1.0
vertex -16.057 19.565 0.858
endloop
endfacet
facet normal 0.6004868312107852 -0.7702579772075513 -0.21475151708558726
outer loop
vertex -15.077 20.329 0.858
vertex -16.057 19.565 0.858
vertex -15.095 20.354 0.718
endloop
endfacet
facet normal 0.6019367342925045 -0.7708876453537182 -0.20833724139067147
outer loop
vertex -15.095 20.354 0.718
vertex -16.057 19.565 0.858
vertex -16.076 19.588 0.718
endloop
endfacet
facet normal 0.5760909625926816 -0.7377875121454592 -0.35183631100449486
outer loop
vertex -15.095 20.354 0.718
vertex -16.076 19.588 0.718
vertex -15.125 20.394 0.585
endloop
endfacet
facet normal 0.5764393522282365 -0.7380227430092936 -0.3507707285446283
outer loop
vertex -15.125 20.394 0.585
vertex -16.076 19.588 0.718
vertex -16.107 19.627 0.585
endloop
endfacet
facet normal 0.5406492971488402 -0.6922002735334564 -0.4780764779955956
outer loop
vertex -15.125 20.394 0.585
vertex -16.107 19.627 0.585
vertex -15.166 20.449 0.459
endloop
endfacet
facet normal 0.5400128151317555 -0.6916939179515963 -0.4795265199780373
outer loop
vertex -15.166 20.449 0.459
vertex -16.107 19.627 0.585
vertex -16.151 19.68 0.459
endloop
endfacet
facet normal 0.49337373117402256 -0.6319546491630829 -0.5976752318681006
outer loop
vertex -15.166 20.449 0.459
vertex -16.151 19.68 0.459
vertex -15.217 20.517 0.345
endloop
endfacet
facet normal 0.49267956086927983 -0.6313455332540167 -0.5988903638746033
outer loop
vertex -15.217 20.517 0.345
vertex -16.151 19.68 0.459
vertex -16.205 19.746 0.345
endloop
endfacet
facet normal 0.43551498121700255 -0.5580918306645877 -0.7063003678896133
outer loop
vertex -15.217 20.517 0.345
vertex -16.205 19.746 0.345
vertex -15.277 20.598 0.244
endloop
endfacet
facet normal 0.43526653943013316 -0.5578609911042547 -0.706635800293684
outer loop
vertex -15.277 20.598 0.244
vertex -16.205 19.746 0.345
vertex -16.269 19.824 0.244
endloop
endfacet
facet normal 0.36695116385171805 -0.47030433403217736 -0.8025962102691613
outer loop
vertex -15.277 20.598 0.244
vertex -16.269 19.824 0.244
vertex -15.345 20.69 0.159
endloop
endfacet
facet normal 0.36714074014219783 -0.4704875551693695 -0.8024021045327516
outer loop
vertex -15.345 20.69 0.159
vertex -16.269 19.824 0.244
vertex -16.342 19.912 0.159
endloop
endfacet
facet normal 0.29702881947410903 -0.38063975966026387 -0.8757209908227584
outer loop
vertex -15.345 20.69 0.159
vertex -16.342 19.912 0.159
vertex -15.419 20.791 0.09
endloop
endfacet
facet normal 0.297192850474397 -0.38080209229583806 -0.8755947556547006
outer loop
vertex -15.419 20.791 0.09
vertex -16.342 19.912 0.159
vertex -16.421 20.009 0.09
endloop
endfacet
facet normal 0.2118922404938156 -0.2715038682542238 -0.9388223090348375
outer loop
vertex -15.419 20.791 0.09
vertex -16.421 20.009 0.09
vertex -15.499 20.898 0.041
endloop
endfacet
facet normal 0.21201618432968133 -0.27162887737912045 -0.9387581640422847
outer loop
vertex -15.499 20.898 0.041
vertex -16.421 20.009 0.09
vertex -16.506 20.112 0.041
endloop
endfacet
facet normal 0.13360505355947425 -0.17117085106156527 -0.9761404762687742
outer loop
vertex -15.499 20.898 0.041
vertex -16.506 20.112 0.041
vertex -15.582 21.01 0.01
endloop
endfacet
facet normal 0.13368524459982659 -0.17125249055066347 -0.9761151775566649
outer loop
vertex -15.582 21.01 0.01
vertex -16.506 20.112 0.041
vertex -16.594 20.22 0.01
endloop
endfacet
facet normal 0.0431767195965183 -0.055309924343894167 -0.9975352540907797
outer loop
vertex -15.582 21.01 0.01
vertex -16.594 20.22 0.01
vertex -15.667 21.124 0.0
endloop
endfacet
facet normal 0.042991936731384274 -0.05512064432310972 -0.9975537118097902
outer loop
vertex -15.667 21.124 0.0
vertex -16.594 20.22 0.01
vertex -16.685 20.33 0.0
endloop
endfacet
facet normal -0.0 0.0 -0.9999999999999999
outer loop
vertex -16.685 20.33 0.0
vertex -17.662 19.487 0.0
vertex -22.204 27.055 0.0
endloop
endfacet
facet normal -0.0 -0.0 -1.0
outer loop
vertex -22.204 27.055 0.0
vertex -17.662 19.487 0.0
vertex -23.505 25.933 0.0
endloop
endfacet
facet normal -0.6530892973539667 0.75728090539885 0.0
outer loop
vertex -22.204 27.055 0.0
vertex -23.505 25.933 0.0
vertex -22.204 27.055 3.0
endloop
endfacet
facet normal -0.6530892973539667 0.75728090539885 0.0
outer loop
vertex -22.204 27.055 3.0
vertex -23.505 25.933 0.0
vertex -23.505 25.933 3.0
endloop
endfacet
facet normal 0.0 0.0 1.0
outer loop
vertex -22.204 27.055 3.0
vertex -23.505 25.933 3.0
vertex -18.905 23.036 3.0
endloop
endfacet
facet normal 0.0 0.0 1.0
outer loop
vertex -18.905 23.036 3.0
vertex -23.505 25.933 3.0
vertex -20.012 22.08 3.0
endloop
endfacet
facet normal -0.6536020701039856 0.7568383803400726 0.0
outer loop
vertex -18.905 23.036 3.0
vertex -20.012 22.08 3.0
vertex -18.905 23.036 52.0
endloop
endfacet
facet normal -0.6536020701039856 0.7568383803400726 0.0
outer loop
vertex -18.905 23.036 52.0
vertex -20.012 22.08 3.0
vertex -20.012 22.08 52.0
endloop
endfacet
facet normal -0.46230055441809126 0.5353208302728296 0.7069015533019671
outer loop
vertex -18.905 23.036 52.0
vertex -20.012 22.08 52.0
vertex -18.271 22.263 53.0
endloop
endfacet
facet normal -0.4622954468861041 0.5353421300520886 0.706888763229173
outer loop
vertex -18.271 22.263 53.0
vertex -20.012 22.08 52.0
vertex -19.341 21.339 53.0
endloop
endfacet
facet normal 0.0 0.0 1.0
outer loop
vertex -18.271 22.263 53.0
vertex -19.341 21.339 53.0
vertex -16.05 19.557 53.0
endloop
endfacet
facet normal 0.0 0.0 1.0
outer loop
vertex -16.05 19.557 53.0
vertex -19.341 21.339 53.0
vertex -16.99 18.746 53.0
endloop
endfacet
facet normal 0.6532423107993985 -0.7571489175726673 0.0
outer loop
vertex -16.05 19.557 53.0
vertex -16.99 18.746 53.0
vertex -16.05 19.557 1.0
endloop
endfacet
facet normal 0.6532423107993985 -0.7571489175726673 0.0
outer loop
vertex -16.05 19.557 1.0
vertex -16.99 18.746 53.0
vertex -16.99 18.746 1.0
endloop
endfacet
facet normal 0.6514196562458454 -0.755036346326872 -0.07464949552349616
outer loop
vertex -16.05 19.557 1.0
vertex -16.99 18.746 1.0
vertex -16.057 19.565 0.858
endloop
endfacet
facet normal 0.6514196562458432 -0.7550363463268723 -0.07464949552351297
outer loop
vertex -16.057 19.565 0.858
vertex -16.99 18.746 1.0
vertex -16.997 18.754 0.858
endloop
endfacet
facet normal 0.6389041171151899 -0.7405300494306774 -0.20836692401496568
outer loop
vertex -16.057 19.565 0.858
vertex -16.997 18.754 0.858
vertex -16.076 19.588 0.718
endloop
endfacet
facet normal 0.6380628809186814 -0.7402158052036909 -0.21202905866980626
outer loop
vertex -16.076 19.588 0.718
vertex -16.997 18.754 0.858
vertex -17.018 18.776 0.718
endloop
endfacet
facet normal 0.6114798065113138 -0.7093768198690357 -0.35053812012587166
outer loop
vertex -16.076 19.588 0.718
vertex -17.018 18.776 0.718
vertex -16.107 19.627 0.585
endloop
endfacet
facet normal 0.6119137530052499 -0.7096395366547362 -0.3492467421458375
outer loop
vertex -16.107 19.627 0.585
vertex -17.018 18.776 0.718
vertex -17.051 18.813 0.585
endloop
endfacet
facet normal 0.5730196500984246 -0.6645338448315875 -0.47962824111433083
outer loop
vertex -16.107 19.627 0.585
vertex -17.051 18.813 0.585
vertex -16.151 19.68 0.459
endloop
endfacet
facet normal 0.5735292242473042 -0.6649003016396463 -0.4785099976111186
outer loop
vertex -16.151 19.68 0.459
vertex -17.051 18.813 0.585
vertex -17.097 18.864 0.459
endloop
endfacet
facet normal 0.5230853803500864 -0.6064200610431166 -0.598862583927622
outer loop
vertex -16.151 19.68 0.459
vertex -17.097 18.864 0.459
vertex -16.205 19.746 0.345
endloop
endfacet
facet normal 0.5239225534816422 -0.6070848635580951 -0.597455543443966
outer loop
vertex -16.205 19.746 0.345
vertex -17.097 18.864 0.459
vertex -17.154 18.927 0.345
endloop
endfacet
facet normal 0.462297479404731 -0.5356780316911978 -0.7066329223150282
outer loop
vertex -16.205 19.746 0.345
vertex -17.154 18.927 0.345
vertex -16.269 19.824 0.244
endloop
endfacet
facet normal 0.4613710237603727 -0.5348985226808213 -0.7078279090769031
outer loop
vertex -16.269 19.824 0.244
vertex -17.154 18.927 0.345
vertex -17.222 19.002 0.244
endloop
endfacet
facet normal 0.3897202009978488 -0.45182889483083927 -0.8024766755053623
outer loop
vertex -16.269 19.824 0.244
vertex -17.222 19.002 0.244
vertex -16.342 19.912 0.159
endloop
endfacet
facet normal 0.39078247661284776 -0.4527588742354665 -0.8014352486466775
outer loop
vertex -16.342 19.912 0.159
vertex -17.222 19.002 0.244
vertex -17.299 19.086 0.159
endloop
endfacet
facet normal 0.31566585807330055 -0.3657290873803252 -0.8755554241113472
outer loop
vertex -16.342 19.912 0.159
vertex -17.299 19.086 0.159
vertex -16.421 20.009 0.09
endloop
endfacet
facet normal 0.3151364988964029 -0.3652545926967938 -0.875944101856515
outer loop
vertex -16.421 20.009 0.09
vertex -17.299 19.086 0.159
vertex -17.383 19.179 0.09
endloop
endfacet
facet normal 0.2250694427346346 -0.2608636191695397 -0.9387725593246163
outer loop
vertex -16.421 20.009 0.09
vertex -17.383 19.179 0.09
vertex -16.506 20.112 0.041
endloop
endfacet
facet normal 0.22466931202053708 -0.26049787137153374 -0.9389699458700042
outer loop
vertex -16.506 20.112 0.041
vertex -17.383 19.179 0.09
vertex -17.473 19.278 0.041
endloop
endfacet
facet normal 0.1419139592156643 -0.16454532201624372 -0.9761071996365488
outer loop
vertex -16.506 20.112 0.041
vertex -17.473 19.278 0.041
vertex -16.594 20.22 0.01
endloop
endfacet
facet normal 0.14165486464064195 -0.16430611984570892 -0.9761851250172218
outer loop
vertex -16.594 20.22 0.01
vertex -17.473 19.278 0.041
vertex -17.566 19.382 0.01
endloop
endfacet
facet normal 0.045635985372781615 -0.052933386375111885 -0.9975547170185295
outer loop
vertex -16.594 20.22 0.01
vertex -17.566 19.382 0.01
vertex -16.685 20.33 0.0
endloop
endfacet
facet normal 0.0458236510882548 -0.05310760037155985 -0.9975368543486083
outer loop
vertex -16.685 20.33 0.0
vertex -17.566 19.382 0.01
vertex -17.662 19.487 0.0
endloop
endfacet
facet normal -0.0 0.0 -1.0
outer loop
vertex -17.662 19.487 0.0
vertex -18.597 18.597 0.0
vertex -23.505 25.933 0.0
endloop
endfacet
facet normal -0.0 -0.0 -0.9999999999999999
outer loop
vertex -23.505 25.933 0.0
vertex -18.597 18.597 0.0
vertex -24.749 24.749 0.0
endloop
endfacet
facet normal -0.6894225007656563 0.7243594518179691 0.0
outer loop
vertex -23.505 25.933 0.0
vertex -24.749 24.749 0.0
vertex -23.505 25.933 3.0
endloop
endfacet
facet normal -0.6894225007656563 0.7243594518179691 0.0
outer loop
vertex -23.505 25.933 3.0
vertex -24.749 24.749 0.0
vertex -24.749 24.749 3.0
endloop
endfacet
facet normal 0.0 0.0 1.0
outer loop
vertex -23.505 25.933 3.0
vertex -24.749 24.749 3.0
vertex -20.012 22.08 3.0
endloop
endfacet
facet normal 0.0 0.0 1.0
outer loop
vertex -20.012 22.08 3.0
vertex -24.749 24.749 3.0
vertex -21.072 21.072 3.0
endloop
endfacet
facet normal -0.6891087148187577 0.7246579739165505 0.0
outer loop
vertex -20.012 22.08 3.0
vertex -21.072 21.072 3.0
vertex -20.012 22.08 52.0
endloop
endfacet
facet normal -0.6891087148187577 0.7246579739165505 0.0
outer loop
vertex -20.012 22.08 52.0
vertex -21.072 21.072 3.0
vertex -21.072 21.072 52.0
endloop
endfacet
facet normal -0.4874285431262554 0.5125736663827685 0.7068816392273483
outer loop
vertex -20.012 22.08 52.0
vertex -21.072 21.072 52.0
vertex -19.341 21.339 53.0
endloop
endfacet
facet normal -0.4874479751086399 0.5124709717774598 0.7069426954484732
outer loop
vertex -19.341 21.339 53.0
vertex -21.072 21.072 52.0
vertex -20.365 20.365 53.0
endloop
endfacet
facet normal 0.0 0.0 1.0
outer loop
vertex -19.341 21.339 53.0
vertex -20.365 20.365 53.0
vertex -16.99 18.746 53.0
endloop
endfacet
facet normal 0.0 0.0 1.0
outer loop
vertex -16.99 18.746 53.0
vertex -20.365 20.365 53.0
vertex -17.89 17.89 53.0
endloop
endfacet
facet normal 0.6891725288640091 -0.7245972850205737 0.0
outer loop
vertex -16.99 18.746 53.0
vertex -17.89 17.89 53.0
vertex -16.99 18.746 1.0
endloop
endfacet
facet normal 0.6891725288640091 -0.7245972850205737 0.0
outer loop
vertex -16.99 18.746 1.0
vertex -17.89 17.89 53.0
vertex -17.89 17.89 1.0
endloop
endfacet
facet normal 0.6872528287540525 -0.7225789087367408 -0.0745873314871494
outer loop
vertex -16.99 18.746 1.0
vertex -17.89 17.89 1.0
vertex -16.997 18.754 0.858
endloop
endfacet
facet normal 0.6879262055263551 -0.7224429229564954 -0.06952523872800695
outer loop
vertex -16.997 18.754 0.858
vertex -17.89 17.89 1.0
vertex -17.897 17.897 0.858
endloop
endfacet
facet normal 0.6738767975183706 -0.7076885854918675 -0.21228972591933068
outer loop
vertex -16.997 18.754 0.858
vertex -17.897 17.897 0.858
vertex -17.018 18.776 0.718
endloop
endfacet
facet normal 0.6750045467965834 -0.708046727409002 -0.20745769113084567
outer loop
vertex -17.018 18.776 0.718
vertex -17.897 17.897 0.858
vertex -17.918 17.918 0.718
endloop
endfacet
facet normal 0.6465991657278517 -0.6782508731411017 -0.349120712595772
outer loop
vertex -17.018 18.776 0.718
vertex -17.918 17.918 0.718
vertex -17.051 18.813 0.585
endloop
endfacet
facet normal 0.6437113176485181 -0.6766837250717281 -0.3574001619393283
outer loop
vertex -17.051 18.813 0.585
vertex -17.918 17.918 0.718
vertex -17.954 17.954 0.585
endloop
endfacet
facet normal 0.6052191215311229 -0.6362198681520449 -0.478470578303087
outer loop
vertex -17.051 18.813 0.585
vertex -17.954 17.954 0.585
vertex -17.097 18.864 0.459
endloop
endfacet
facet normal 0.6072244261738171 -0.6375152038135752 -0.47418652570946584
outer loop
vertex -17.097 18.864 0.459
vertex -17.954 17.954 0.585
vertex -18.002 18.002 0.459
endloop
endfacet
facet normal 0.5530785328775278 -0.5806682972786081 -0.5974349044085082
outer loop
vertex -17.097 18.864 0.459
vertex -18.002 18.002 0.459
vertex -17.154 18.927 0.345
endloop
endfacet
facet normal 0.5494355163714122 -0.5780519495157554 -0.6033046966589223
outer loop
vertex -17.154 18.927 0.345
vertex -18.002 18.002 0.459
vertex -18.063 18.063 0.345
endloop
endfacet
facet normal 0.4866482558325277 -0.5119945191571375 -0.7078383201326489
outer loop
vertex -17.154 18.927 0.345
vertex -18.063 18.063 0.345
vertex -17.222 19.002 0.244
endloop
endfacet
facet normal 0.4889937159047121 -0.5137814157892832 -0.7049211321809424
outer loop
vertex -17.222 19.002 0.244
vertex -18.063 18.063 0.345
vertex -18.134 18.134 0.244
endloop
endfacet
facet normal 0.4122558489622372 -0.4331536108911988 -0.8015129845288479
outer loop
vertex -17.222 19.002 0.244
vertex -18.134 18.134 0.244
vertex -17.299 19.086 0.159
endloop
endfacet
facet normal 0.4107035375743429 -0.4319224344639482 -0.8029729851188374
outer loop
vertex -17.299 19.086 0.159
vertex -18.134 18.134 0.244
vertex -18.215 18.215 0.159
endloop
endfacet
facet normal 0.3324397833285113 -0.34961520267384266 -0.8759297920038
outer loop
vertex -17.299 19.086 0.159
vertex -18.215 18.215 0.159
vertex -17.383 19.179 0.09
endloop
endfacet
facet normal 0.3344486372044679 -0.3512474272010409 -0.8745109227200788
outer loop
vertex -17.383 19.179 0.09
vertex -18.215 18.215 0.159
vertex -18.303 18.303 0.09
endloop
endfacet
facet normal 0.23719811114198114 -0.24911217151897677 -0.9389782649623879
outer loop
vertex -17.383 19.179 0.09
vertex -18.303 18.303 0.09
vertex -17.473 19.278 0.041
endloop
endfacet
facet normal 0.23623455535253665 -0.2483147314785191 -0.9394322907948929
outer loop
vertex -17.473 19.278 0.041
vertex -18.303 18.303 0.09
vertex -18.398 18.398 0.041
endloop
endfacet
facet normal 0.14957278804411545 -0.15722139652364442 -0.9761707911794254
outer loop
vertex -17.473 19.278 0.041
vertex -18.398 18.398 0.041
vertex -17.566 19.382 0.01
endloop
endfacet
facet normal 0.15060740048528595 -0.15808677477575106 -0.9758719088897199
outer loop
vertex -17.566 19.382 0.01
vertex -18.398 18.398 0.041
vertex -18.496 18.496 0.01
endloop
endfacet
facet normal 0.04837381006310787 -0.05077612117233653 -0.9975378489153535
outer loop
vertex -17.566 19.382 0.01
vertex -18.496 18.496 0.01
vertex -17.662 19.487 0.0
endloop
endfacet
facet normal 0.04816631007302262 -0.05060168530143417 -0.9975567532820395
outer loop
vertex -17.662 19.487 0.0
vertex -18.496 18.496 0.01
vertex -18.597 18.597 0.0
endloop
endfacet
facet normal -0.0 0.0 -1.0
outer loop
vertex -18.597 18.597 0.0
vertex -19.487 17.662 0.0
vertex -24.749 24.749 0.0
endloop
endfacet
facet normal -0.0 -0.0 -0.9999999999999999
outer loop
vertex -24.749 24.749 0.0
vertex -19.487 17.662 0.0
vertex -25.933 23.505 0.0
endloop
endfacet
facet normal -0.7243594518179691 0.6894225007656563 0.0
outer loop
vertex -24.749 24.749 0.0
vertex -25.933 23.505 0.0
vertex -24.749 24.749 3.0
endloop
endfacet
facet normal -0.7243594518179691 0.6894225007656563 0.0
outer loop
vertex -24.749 24.749 3.0
vertex -25.933 23.505 0.0
vertex -25.933 23.505 3.0
endloop
endfacet
facet normal 0.0 0.0 1.0
outer loop
vertex -24.749 24.749 3.0
vertex -25.933 23.505 3.0
vertex -21.072 21.072 3.0
endloop
endfacet
facet normal 0.0 0.0 0.9999999999999999
outer loop
vertex -21.072 21.072 3.0
vertex -25.933 23.505 3.0
vertex -22.08 20.012 3.0
endloop
endfacet
facet normal -0.7246579739165505 0.6891087148187577 0.0
outer loop
vertex -21.072 21.072 3.0
vertex -22.08 20.012 3.0
vertex -21.072 21.072 52.0
endloop
endfacet
facet normal -0.7246579739165505 0.6891087148187577 0.0
outer loop
vertex -21.072 21.072 52.0
vertex -22.08 20.012 3.0
vertex -22.08 20.012 52.0
endloop
endfacet
facet normal -0.5125302166898554 0.48738722492771175 0.7069416312236207
outer loop
vertex -21.072 21.072 52.0
vertex -22.08 20.012 52.0
vertex -20.365 20.365 53.0
endloop
endfacet
facet normal -0.5125159387355438 0.48749074641447365 0.7068806014471494
outer loop
vertex -20.365 20.365 53.0
vertex -22.08 20.012 52.0
vertex -21.339 19.341 53.0
endloop
endfacet
facet normal 0.0 0.0 1.0
outer loop
vertex -20.365 20.365 53.0
vertex -21.339 19.341 53.0
vertex -17.89 17.89 53.0
endloop
endfacet
facet normal 0.0 0.0 1.0
outer loop
vertex -17.89 17.89 53.0
vertex -21.339 19.341 53.0
vertex -18.746 16.99 53.0
endloop
endfacet
facet normal 0.7245972850205737 -0.6891725288640091 0.0
outer loop
vertex -17.89 17.89 53.0
vertex -18.746 16.99 53.0
vertex -17.89 17.89 1.0
endloop
endfacet
facet normal 0.7245972850205737 -0.6891725288640091 0.0
outer loop
vertex -17.89 17.89 1.0
vertex -18.746 16.99 53.0
vertex -18.746 16.99 1.0
endloop
endfacet
facet normal 0.7228439497858871 -0.687504912240796 -0.06952423967735079
outer loop
vertex -17.89 17.89 1.0
vertex -18.746 16.99 1.0
vertex -17.897 17.897 0.858
endloop
endfacet
facet normal 0.7221781773457965 -0.6876741088726118 -0.07458552240054635
outer loop
vertex -17.897 17.897 0.858
vertex -18.746 16.99 1.0
vertex -18.754 16.997 0.858
endloop
endfacet
facet normal 0.7084401653443825 -0.6745924685557098 -0.20745489508502216
outer loop
vertex -17.897 17.897 0.858
vertex -18.754 16.997 0.858
vertex -17.918 17.918 0.718
endloop
endfacet
facet normal 0.7072959764883238 -0.6742888309188702 -0.21228983522884892
outer loop
vertex -17.918 17.918 0.718
vertex -18.754 16.997 0.858
vertex -18.776 17.018 0.718
endloop
endfacet
facet normal 0.6759857189713301 -0.6444397187526694 -0.3574083891583892
outer loop
vertex -17.918 17.918 0.718
vertex -18.776 17.018 0.718
vertex -17.954 17.954 0.585
endloop
endfacet
facet normal 0.678946009296717 -0.6458633687551243 -0.34913153017214654
outer loop
vertex -17.954 17.954 0.585
vertex -18.776 17.018 0.718
vertex -18.813 17.051 0.585
endloop
endfacet
facet normal 0.6379036438625425 -0.6068208527994701 -0.4741807606331308
outer loop
vertex -17.954 17.954 0.585
vertex -18.813 17.051 0.585
vertex -18.002 18.002 0.459
endloop
endfacet
facet normal 0.6358371831337458 -0.6056261346533608 -0.47846427407840214
outer loop
vertex -18.002 18.002 0.459
vertex -18.813 17.051 0.585
vertex -18.864 17.097 0.459
endloop
endfacet
facet normal 0.5774719951573841 -0.5500340992548812 -0.6033146645539306
outer loop
vertex -18.002 18.002 0.459
vertex -18.864 17.097 0.459
vertex -18.063 18.063 0.345
endloop
endfacet
facet normal 0.58124052153744 -0.5524662382930134 -0.5974449863119213
outer loop
vertex -18.063 18.063 0.345
vertex -18.864 17.097 0.459
vertex -18.927 17.154 0.345
endloop
endfacet
facet normal 0.514108854694886 -0.4886579212941501 -0.7049152583685453
outer loop
vertex -18.063 18.063 0.345
vertex -18.927 17.154 0.345
vertex -18.134 18.134 0.244
endloop
endfacet
facet normal 0.511676684511059 -0.48699052867938486 -0.7078327454309694
outer loop
vertex -18.134 18.134 0.244
vertex -18.927 17.154 0.345
vertex -19.002 17.222 0.244
endloop
endfacet
facet normal 0.4317292340033632 -0.41090019201197264 -0.8029762765557855
outer loop
vertex -18.134 18.134 0.244
vertex -19.002 17.222 0.244
vertex -18.215 18.215 0.159
endloop
endfacet
facet normal 0.43334184178657764 -0.41205321418789126 -0.8015154376769323
outer loop
vertex -18.215 18.215 0.159
vertex -19.002 17.222 0.244
vertex -19.086 17.299 0.159
endloop
endfacet
facet normal 0.3514801846064537 -0.33421314496967314 -0.8745074348217364
outer loop
vertex -18.215 18.215 0.159
vertex -19.086 17.299 0.159
vertex -18.303 18.303 0.09
endloop
endfacet
facet normal 0.34939296329350383 -0.33268286504903044 -0.8759261775422359
outer loop
vertex -18.303 18.303 0.09
vertex -19.086 17.299 0.159
vertex -19.179 17.383 0.09
endloop
endfacet
facet normal 0.2482104133911347 -0.23633948057677498 -0.9394334678969566
outer loop
vertex -18.303 18.303 0.09
vertex -19.179 17.383 0.09
vertex -18.398 18.398 0.041
endloop
endfacet
facet normal 0.24921235297594402 -0.23708850877711382 -0.9389793619297698
outer loop
vertex -18.398 18.398 0.041
vertex -19.179 17.383 0.09
vertex -19.278 17.473 0.041
endloop
endfacet
facet normal 0.1581949459674776 -0.1504989756231135 -0.9758711069637939
outer loop
vertex -18.398 18.398 0.041
vertex -19.278 17.473 0.041
vertex -18.496 18.496 0.01
endloop
endfacet
facet normal 0.1571197473161692 -0.1496861248625015 -0.9761697849385377
outer loop
vertex -18.496 18.496 0.01
vertex -19.278 17.473 0.041
vertex -19.382 17.566 0.01
endloop
endfacet
facet normal 0.050580528849332486 -0.0481874715704395 -0.9975568042397236
outer loop
vertex -18.496 18.496 0.01
vertex -19.382 17.566 0.01
vertex -18.597 18.597 0.0
endloop
endfacet
facet normal 0.050796390743184455 -0.04835164466463519 -0.997537891583919
outer loop
vertex -18.597 18.597 0.0
vertex -19.382 17.566 0.01
vertex -19.487 17.662 0.0
endloop
endfacet
facet normal -0.0 0.0 -1.0
outer loop
vertex -19.487 17.662 0.0
vertex -20.33 16.685 0.0
vertex -25.933 23.505 0.0
endloop
endfacet
facet normal -0.0 -0.0 -0.9999999999999999
outer loop
vertex -25.933 23.505 0.0
vertex -20.33 16.685 0.0
vertex -27.055 22.204 0.0
endloop
endfacet
facet normal -0.75728090539885 0.6530892973539667 0.0
outer loop
vertex -25.933 23.505 0.0
vertex -27.055 22.204 0.0
vertex -25.933 23.505 3.0
endloop
endfacet
facet normal -0.75728090539885 0.6530892973539667 0.0
outer loop
vertex -25.933 23.505 3.0
vertex -27.055 22.204 0.0
vertex -27.055 22.204 3.0
endloop
endfacet
facet normal 0.0 0.0 1.0
outer loop
vertex -25.933 23.505 3.0
vertex -27.055 22.204 3.0
vertex -22.08 20.012 3.0
endloop
endfacet
facet normal 0.0 0.0 1.0
outer loop
vertex -22.08 20.012 3.0
vertex -27.055 22.204 3.0
vertex -23.036 18.905 3.0
endloop
endfacet
facet normal -0.7568383803400726 0.6536020701039856 0.0
outer loop
vertex -22.08 20.012 3.0
vertex -23.036 18.905 3.0
vertex -22.08 20.012 52.0
endloop
endfacet
facet normal -0.7568383803400726 0.6536020701039856 0.0
outer loop
vertex -22.08 20.012 52.0
vertex -23.036 18.905 3.0
vertex -23.036 18.905 52.0
endloop
endfacet
facet normal -0.5353303461055702 0.46230877224654654 0.7068889726416596
outer loop
vertex -22.08 20.012 52.0
vertex -23.036 18.905 52.0
vertex -21.339 19.341 53.0
endloop
endfacet
facet normal -0.5353322847397033 0.4622869449527919 0.7069017792038607
outer loop
vertex -21.339 19.341 53.0
vertex -23.036 18.905 52.0
vertex -22.263 18.271 53.0
endloop
endfacet
facet normal 0.0 0.0 1.0
outer loop
vertex -21.339 19.341 53.0
vertex -22.263 18.271 53.0
vertex -18.746 16.99 53.0
endloop
endfacet
facet normal 0.0 0.0 1.0
outer loop
vertex -18.746 16.99 53.0
vertex -22.263 18.271 53.0
vertex -19.557 16.05 53.0
endloop
endfacet
facet normal 0.7571489175726673 -0.6532423107993985 0.0
outer loop
vertex -18.746 16.99 53.0
vertex -19.557 16.05 53.0
vertex -18.746 16.99 1.0
endloop
endfacet
facet normal 0.7571489175726673 -0.6532423107993985 0.0
outer loop
vertex -18.746 16.99 1.0
vertex -19.557 16.05 53.0
vertex -19.557 16.05 1.0
endloop
endfacet
facet normal 0.755036346326871 -0.6514196562458445 -0.07464949552351302
outer loop
vertex -18.746 16.99 1.0
vertex -19.557 16.05 1.0
vertex -18.754 16.997 0.858
endloop
endfacet
facet normal 0.7550363463268732 -0.6514196562458439 -0.07464949552349674
outer loop
vertex -18.754 16.997 0.858
vertex -19.557 16.05 1.0
vertex -19.565 16.057 0.858
endloop
endfacet
facet normal 0.7399331537746511 -0.6383891358630225 -0.21203358025832222
outer loop
vertex -18.754 16.997 0.858
vertex -19.565 16.057 0.858
vertex -18.776 17.018 0.718
endloop
endfacet
facet normal 0.7408118840941413 -0.6385766983911291 -0.20836879002569778
outer loop
vertex -18.776 17.018 0.718
vertex -19.565 16.057 0.858
vertex -19.588 16.076 0.718
endloop
endfacet
facet normal 0.7097424001529792 -0.6117949351637153 -0.34924587718842687
outer loop
vertex -18.776 17.018 0.718
vertex -19.588 16.076 0.718
vertex -18.813 17.051 0.585
endloop
endfacet
facet normal 0.7092748368380334 -0.6115992766802539 -0.35053606175766144
outer loop
vertex -18.813 17.051 0.585
vertex -19.588 16.076 0.718
vertex -19.627 16.107 0.585
endloop
endfacet
facet normal 0.6649966147074757 -0.5734186910719129 -0.47850862809041494
outer loop
vertex -18.813 17.051 0.585
vertex -19.627 16.107 0.585
vertex -18.864 17.097 0.459
endloop
endfacet
facet normal 0.6644386430643116 -0.5731310071252397 -0.47962708250730085
outer loop
vertex -18.864 17.097 0.459
vertex -19.627 16.107 0.585
vertex -19.68 16.151 0.459
endloop
endfacet
facet normal 0.6072165908153915 -0.5237724504284968 -0.5974532885595836
outer loop
vertex -18.864 17.097 0.459
vertex -19.68 16.151 0.459
vertex -18.927 17.154 0.345
endloop
endfacet
facet normal 0.6062911929071572 -0.523237604837682 -0.5988600823956645
outer loop
vertex -18.927 17.154 0.345
vertex -19.68 16.151 0.459
vertex -19.746 16.205 0.345
endloop
endfacet
facet normal 0.5347712482948088 -0.461514912911957 -0.7078302742586535
outer loop
vertex -18.927 17.154 0.345
vertex -19.746 16.205 0.345
vertex -19.002 17.222 0.244
endloop
endfacet
facet normal 0.5358019238635192 -0.4621502428287648 -0.7066353029940304
outer loop
vertex -19.002 17.222 0.244
vertex -19.746 16.205 0.345
vertex -19.824 16.269 0.244
endloop
endfacet
facet normal 0.4528904356396127 -0.39063582171643413 -0.8014324101869651
outer loop
vertex -19.002 17.222 0.244
vertex -19.824 16.269 0.244
vertex -19.086 17.299 0.159
endloop
endfacet
facet normal 0.45170237272623615 -0.38987059547739916 -0.8024748502324459
outer loop
vertex -19.086 17.299 0.159
vertex -19.824 16.269 0.244
vertex -19.912 16.342 0.159
endloop
endfacet
facet normal 0.3651941418867675 -0.3152041391833542 -0.8759449693749422
outer loop
vertex -19.086 17.299 0.159
vertex -19.912 16.342 0.159
vertex -19.179 17.383 0.09
endloop
endfacet
facet normal 0.3657869301459674 -0.31559579212178135 -0.8755565188663804
outer loop
vertex -19.179 17.383 0.09
vertex -19.912 16.342 0.159
vertex -20.009 16.421 0.09
endloop
endfacet
facet normal 0.26045493473378084 -0.22471683558112127 -0.9389704845090868
outer loop
vertex -19.179 17.383 0.09
vertex -20.009 16.421 0.09
vertex -19.278 17.473 0.041
endloop
endfacet
facet normal 0.26090457349658136 -0.22502007683159156 -0.9387730122618947
outer loop
vertex -19.278 17.473 0.041
vertex -20.009 16.421 0.09
vertex -20.112 16.506 0.041
endloop
endfacet
facet normal 0.16427949288758892 -0.14168469190098165 -0.9761852776484189
outer loop
vertex -19.278 17.473 0.041
vertex -20.112 16.506 0.041
vertex -19.382 17.566 0.01
endloop
endfacet
facet normal 0.1645706651555018 -0.14188293971225352 -0.9761074364991205
outer loop
vertex -19.382 17.566 0.01
vertex -20.112 16.506 0.041
vertex -20.22 16.594 0.01
endloop
endfacet
facet normal 0.05312675425380181 -0.04580269553980029 -0.9975367968469857
outer loop
vertex -19.382 17.566 0.01
vertex -20.22 16.594 0.01
vertex -19.487 17.662 0.0
endloop
endfacet
facet normal 0.05291535695149778 -0.04565777472887677 -0.9975546764992397
outer loop
vertex -19.487 17.662 0.0
vertex -20.22 16.594 0.01
vertex -20.33 16.685 0.0
endloop
endfacet
facet normal -0.0 0.0 -1.0
outer loop
vertex -20.33 16.685 0.0
vertex -21.124 15.667 0.0
vertex -27.055 22.204 0.0
endloop
endfacet
facet normal -0.0 -0.0 -1.0
outer loop
vertex -27.055 22.204 0.0
vertex -21.124 15.667 0.0
vertex -28.112 20.849 0.0
endloop
endfacet
facet normal -0.788474085729856 0.6150679768387132 0.0
outer loop
vertex -27.055 22.204 0.0
vertex -28.112 20.849 0.0
vertex -27.055 22.204 3.0
endloop
endfacet
facet normal -0.788474085729856 0.6150679768387132 0.0
outer loop
vertex -27.055 22.204 3.0
vertex -28.112 20.849 0.0
vertex -28.112 20.849 3.0
endloop
endfacet
facet normal 0.0 0.0 1.0
outer loop
vertex -27.055 22.204 3.0
vertex -28.112 20.849 3.0
vertex -23.036 18.905 3.0
endloop
endfacet
facet normal 0.0 0.0 1.0
outer loop
vertex -23.036 18.905 3.0
vertex -28.112 20.849 3.0
vertex -23.936 17.752 3.0
endloop
endfacet
facet normal -0.7882834307933265 0.6153123050424903 0.0
outer loop
vertex -23.036 18.905 3.0
vertex -23.936 17.752 3.0
vertex -23.036 18.905 52.0
endloop
endfacet
facet normal -0.7882834307933265 0.6153123050424903 0.0
outer loop
vertex -23.036 18.905 52.0
vertex -23.936 17.752 3.0
vertex -23.936 17.752 52.0
endloop
endfacet
facet normal -0.5575535608210839 0.43521093212400147 0.7069126334813147
outer loop
vertex -23.036 18.905 52.0
vertex -23.936 17.752 52.0
vertex -22.263 18.271 53.0
endloop
endfacet
facet normal -0.5575788960637739 0.43456148939858164 0.707292080116828
outer loop
vertex -22.263 18.271 53.0
vertex -23.936 17.752 52.0
vertex -23.132 17.156 53.0
endloop
endfacet
facet normal 0.0 0.0 1.0
outer loop
vertex -22.263 18.271 53.0
vertex -23.132 17.156 53.0
vertex -19.557 16.05 53.0
endloop
endfacet
facet normal 0.0 0.0 1.0
outer loop
vertex -19.557 16.05 53.0
vertex -23.132 17.156 53.0
vertex -20.321 15.071 53.0
endloop
endfacet
facet normal 0.788353886907942 -0.6152220322754539 0.0
outer loop
vertex -19.557 16.05 53.0
vertex -20.321 15.071 53.0
vertex -19.557 16.05 1.0
endloop
endfacet
facet normal 0.788353886907942 -0.6152220322754539 0.0
outer loop
vertex -19.557 16.05 1.0
vertex -20.321 15.071 53.0
vertex -20.321 15.071 1.0
endloop
endfacet
facet normal 0.7861610444515056 -0.6135107640050582 -0.0745342514341423
outer loop
vertex -19.557 16.05 1.0
vertex -20.321 15.071 1.0
vertex -19.565 16.057 0.858
endloop
endfacet
facet normal 0.7867106986169232 -0.6133132385136016 -0.07023637338039748
outer loop
vertex -19.565 16.057 0.858
vertex -20.321 15.071 1.0
vertex -20.329 15.077 0.858
endloop
endfacet
facet normal 0.7713536189119043 -0.6013409845394849 -0.2083329424373207
outer loop
vertex -19.565 16.057 0.858
vertex -20.329 15.077 0.858
vertex -19.588 16.076 0.718
endloop
endfacet
facet normal 0.769794444698133 -0.6010831239946672 -0.2147454096382618
outer loop
vertex -19.588 16.076 0.718
vertex -20.329 15.077 0.858
vertex -20.354 15.095 0.718
endloop
endfacet
facet normal 0.7381027572525742 -0.576337117283864 -0.35077036217028534
outer loop
vertex -19.588 16.076 0.718
vertex -20.354 15.095 0.718
vertex -19.627 16.107 0.585
endloop
endfacet
facet normal 0.7377078872591153 -0.576193431290979 -0.35183547691047357
outer loop
vertex -19.627 16.107 0.585
vertex -20.354 15.095 0.718
vertex -20.394 15.125 0.585
endloop
endfacet
facet normal 0.6915759978348984 -0.5401617009565857 -0.47952891053444596
outer loop
vertex -19.627 16.107 0.585
vertex -20.394 15.125 0.585
vertex -19.68 16.151 0.459
endloop
endfacet
facet normal 0.692316502551139 -0.5404988735653071 -0.47807826552772004
outer loop
vertex -19.68 16.151 0.459
vertex -20.394 15.125 0.585
vertex -20.449 15.166 0.459
endloop
endfacet
facet normal 0.6312383811034727 -0.49281453306454015 -0.5988922626167801
outer loop
vertex -19.68 16.151 0.459
vertex -20.449 15.166 0.459
vertex -19.746 16.205 0.345
endloop
endfacet
facet normal 0.632059866355031 -0.4932370009713872 -0.5976768242252767
outer loop
vertex -19.746 16.205 0.345
vertex -20.449 15.166 0.459
vertex -20.517 15.217 0.345
endloop
endfacet
facet normal 0.5578273455910118 -0.4353085864885339 -0.7066364603105622
outer loop
vertex -19.746 16.205 0.345
vertex -20.517 15.217 0.345
vertex -19.824 16.269 0.244
endloop
endfacet
facet normal 0.558124440989622 -0.4354720940785951 -0.706301043216577
outer loop
vertex -19.824 16.269 0.244
vertex -20.517 15.217 0.345
vertex -20.598 15.277 0.244
endloop
endfacet
facet normal 0.4705107239315962 -0.3671121979063049 -0.802401578272231
outer loop
vertex -19.824 16.269 0.244
vertex -20.598 15.277 0.244
vertex -19.912 16.342 0.159
endloop
endfacet
facet normal 0.47028222008352605 -0.3669805087512387 -0.8025957510914145
outer loop
vertex -19.912 16.342 0.159
vertex -20.598 15.277 0.244
vertex -20.69 15.345 0.159
endloop
endfacet
facet normal 0.3808205814605973 -0.29716992214277443 -0.8755944963906923
outer loop
vertex -19.912 16.342 0.159
vertex -20.69 15.345 0.159
vertex -20.009 16.421 0.09
endloop
endfacet
facet normal 0.3806221898517893 -0.29705244756896165 -0.875720612972949
outer loop
vertex -20.009 16.421 0.09
vertex -20.69 15.345 0.159
vertex -20.791 15.419 0.09
endloop
endfacet
facet normal 0.2716420669192201 -0.21200009613855328 -0.938757980907272
outer loop
vertex -20.009 16.421 0.09
vertex -20.791 15.419 0.09
vertex -20.112 16.506 0.041
endloop
endfacet
facet normal 0.2714913779036807 -0.2119088610052567 -0.9388221697166165
outer loop
vertex -20.112 16.506 0.041
vertex -20.791 15.419 0.09
vertex -20.898 15.499 0.041
endloop
endfacet
facet normal 0.17126068264901337 -0.13367517036953802 -0.9761151199552586
outer loop
vertex -20.112 16.506 0.041
vertex -20.898 15.499 0.041
vertex -20.22 16.594 0.01
endloop
endfacet
facet normal 0.1711631111131818 -0.1336154721140455 -0.9761404074239511
outer loop
vertex -20.22 16.594 0.01
vertex -20.898 15.499 0.041
vertex -21.01 15.582 0.01
endloop
endfacet
facet normal 0.05510203674188609 -0.04301443579653176 -0.9975537699091723
outer loop
vertex -20.22 16.594 0.01
vertex -21.01 15.582 0.01
vertex -20.33 16.685 0.0
endloop
endfacet
facet normal 0.05532744191693468 -0.043153230728925546 -0.997535299048903
outer loop
vertex -20.33 16.685 0.0
vertex -21.01 15.582 0.01
vertex -21.124 15.667 0.0
endloop
endfacet
facet normal -0.0 0.0 -1.0
outer loop
vertex -21.124 15.667 0.0
vertex -21.868 14.611 0.0
vertex -28.112 20.849 0.0
endloop
endfacet
facet normal -0.0 -0.0 -1.0
outer loop
vertex -28.112 20.849 0.0
vertex -21.868 14.611 0.0
vertex -29.101 19.445 0.0
endloop
endfacet
facet normal -0.8175322772943157 0.5758827793761245 0.0
outer loop
vertex -28.112 20.849 0.0
vertex -29.101 19.445 0.0
vertex -28.112 20.849 3.0
endloop
endfacet
facet normal -0.8175322772943157 0.5758827793761245 0.0
outer loop
vertex -28.112 20.849 3.0
vertex -29.101 19.445 0.0
vertex -29.101 19.445 3.0
endloop
endfacet
facet normal 0.0 0.0 1.0
outer loop
vertex -28.112 20.849 3.0
vertex -29.101 19.445 3.0
vertex -23.936 17.752 3.0
endloop
endfacet
facet normal 0.0 0.0 1.0
outer loop
vertex -23.936 17.752 3.0
vertex -29.101 19.445 3.0
vertex -24.778 16.556 3.0
endloop
endfacet
facet normal -0.817687227320975 0.5756627469935294 0.0
outer loop
vertex -23.936 17.752 3.0
vertex -24.778 16.556 3.0
vertex -23.936 17.752 52.0
endloop
endfacet
facet normal -0.817687227320975 0.5756627469935294 0.0
outer loop
vertex -23.936 17.752 52.0
vertex -24.778 16.556 3.0
vertex -24.778 16.556 52.0
endloop
endfacet
facet normal -0.5780431654189494 0.4069501214738758 0.7072889773952644
outer loop
vertex -23.936 17.752 52.0
vertex -24.778 16.556 52.0
vertex -23.132 17.156 53.0
endloop
endfacet
facet normal -0.5780439713547572 0.4070309625283502 0.7072417993329194
outer loop
vertex -23.132 17.156 53.0
vertex -24.778 16.556 52.0
vertex -23.946 16.0 53.0
endloop
endfacet
facet normal 0.0 0.0 1.0
outer loop
vertex -23.132 17.156 53.0
vertex -23.946 16.0 53.0
vertex -20.321 15.071 53.0
endloop
endfacet
facet normal 0.0 0.0 1.0
outer loop
vertex -20.321 15.071 53.0
vertex -23.946 16.0 53.0
vertex -21.036 14.056 53.0
endloop
endfacet
facet normal 0.817525525008853 -0.5758923649077138 0.0
outer loop
vertex -20.321 15.071 53.0
vertex -21.036 14.056 53.0
vertex -20.321 15.071 1.0
endloop
endfacet
facet normal 0.817525525008853 -0.5758923649077138 0.0
outer loop
vertex -20.321 15.071 1.0
vertex -21.036 14.056 53.0
vertex -21.036 14.056 1.0
endloop
endfacet
facet normal 0.8155076303645129 -0.5744708923257402 -0.07021750983711227
outer loop
vertex -20.321 15.071 1.0
vertex -21.036 14.056 1.0
vertex -20.329 15.077 0.858
endloop
endfacet
facet normal 0.8147875011537111 -0.5747663554936528 -0.07592736368553325
outer loop
vertex -20.329 15.077 0.858
vertex -21.036 14.056 1.0
vertex -21.045 14.062 0.858
endloop
endfacet
facet normal 0.7980561597892301 -0.562963754097625 -0.21489108263205223
outer loop
vertex -20.329 15.077 0.858
vertex -21.045 14.062 0.858
vertex -20.354 15.095 0.718
endloop
endfacet
facet normal 0.7999339684680855 -0.5631786837985735 -0.20720862966055845
outer loop
vertex -20.354 15.095 0.718
vertex -21.045 14.062 0.858
vertex -21.07 14.078 0.718
endloop
endfacet
facet normal 0.7654239871850482 -0.5388825711155307 -0.35175516256290873
outer loop
vertex -20.354 15.095 0.718
vertex -21.07 14.078 0.718
vertex -20.394 15.125 0.585
endloop
endfacet
facet normal 0.7661989984527834 -0.5391213757513713 -0.34969592073385747
outer loop
vertex -20.394 15.125 0.585
vertex -21.07 14.078 0.718
vertex -21.111 14.106 0.585
endloop
endfacet
facet normal 0.7183390462303447 -0.5054456291925012 -0.4780310979330481
outer loop
vertex -20.394 15.125 0.585
vertex -21.111 14.106 0.585
vertex -20.449 15.166 0.459
endloop
endfacet
facet normal 0.7185924902068329 -0.5055459887071537 -0.47754380565603544
outer loop
vertex -20.449 15.166 0.459
vertex -21.111 14.106 0.585
vertex -21.168 14.144 0.459
endloop
endfacet
facet normal 0.6557870708120811 -0.46136096273374233 -0.5975695606547453
outer loop
vertex -20.449 15.166 0.459
vertex -21.168 14.144 0.459
vertex -20.517 15.217 0.345
endloop
endfacet
facet normal 0.6535182861949878 -0.46033190500759197 -0.60083973473868
outer loop
vertex -20.517 15.217 0.345
vertex -21.168 14.144 0.459
vertex -21.239 14.192 0.345
endloop
endfacet
facet normal 0.5787395002868634 -0.4076584577630399 -0.7063109602873024
outer loop
vertex -20.517 15.217 0.345
vertex -21.239 14.192 0.345
vertex -20.598 15.277 0.244
endloop
endfacet
facet normal 0.5782649405885616 -0.40742670741176684 -0.7068331744999761
outer loop
vertex -20.598 15.277 0.244
vertex -21.239 14.192 0.345
vertex -21.323 14.248 0.244
endloop
endfacet
facet normal 0.487616111749479 -0.34355848495468705 -0.8026195206808514
outer loop
vertex -20.598 15.277 0.244
vertex -21.323 14.248 0.244
vertex -20.69 15.345 0.159
endloop
endfacet
facet normal 0.4889054029849978 -0.3442196647708677 -0.8015512019310485
outer loop
vertex -20.69 15.345 0.159
vertex -21.323 14.248 0.244
vertex -21.418 14.311 0.159
endloop
endfacet
facet normal 0.3946994447514419 -0.277892839244728 -0.8757784641160158
outer loop
vertex -20.69 15.345 0.159
vertex -21.418 14.311 0.159
vertex -20.791 15.419 0.09
endloop
endfacet
facet normal 0.3943042847803123 -0.2776844240601228 -0.8760225405994323
outer loop
vertex -20.791 15.419 0.09
vertex -21.418 14.311 0.159
vertex -21.522 14.381 0.09
endloop
endfacet
facet normal 0.28163036819958287 -0.198335066622249 -0.938801116880309
outer loop
vertex -20.791 15.419 0.09
vertex -21.522 14.381 0.09
vertex -20.898 15.499 0.041
endloop
endfacet
facet normal 0.2820010806635699 -0.19853524357061647 -0.9386475097526945
outer loop
vertex -20.898 15.499 0.041
vertex -21.522 14.381 0.09
vertex -21.633 14.455 0.041
endloop
endfacet
facet normal 0.17754904643765446 -0.124998610279383 -0.9761412211034337
outer loop
vertex -20.898 15.499 0.041
vertex -21.633 14.455 0.041
vertex -21.01 15.582 0.01
endloop
endfacet
facet normal 0.17778900631312405 -0.1251295958718077 -0.9760807617565005
outer loop
vertex -21.01 15.582 0.01
vertex -21.633 14.455 0.041
vertex -21.749 14.532 0.01
endloop
endfacet
facet normal 0.05738768551924904 -0.04038999961783319 -0.9975346116710012
outer loop
vertex -21.01 15.582 0.01
vertex -21.749 14.532 0.01
vertex -21.124 15.667 0.0
endloop
endfacet
facet normal 0.057114482753218135 -0.04023974921249462 -0.9975563635420045
outer loop
vertex -21.124 15.667 0.0
vertex -21.749 14.532 0.01
vertex -21.868 14.611 0.0
endloop
endfacet
facet normal -0.0 0.0 -1.0
outer loop
vertex -21.868 14.611 0.0
vertex -22.558 13.521 0.0
vertex -29.101 19.445 0.0
endloop
endfacet
facet normal -0.0 -0.0 -0.9999999999999999
outer loop
vertex -29.101 19.445 0.0
vertex -22.558 13.521 0.0
vertex -30.021 17.994 0.0
endloop
endfacet
facet normal -0.8445470993869619 0.535481275972437 0.0
outer loop
vertex -29.101 19.445 0.0
vertex -30.021 17.994 0.0
vertex -29.101 19.445 3.0
endloop
endfacet
facet normal -0.8445470993869619 0.535481275972437 0.0
outer loop
vertex -29.101 19.445 3.0
vertex -30.021 17.994 0.0
vertex -30.021 17.994 3.0
endloop
endfacet
facet normal 0.0 0.0 1.0
outer loop
vertex -29.101 19.445 3.0
vertex -30.021 17.994 3.0
vertex -24.778 16.556 3.0
endloop
endfacet
facet normal 0.0 0.0 1.0
outer loop
vertex -24.778 16.556 3.0
vertex -30.021 17.994 3.0
vertex -25.56 15.32 3.0
endloop
endfacet
facet normal -0.8450662272349784 0.5346616421502853 0.0
outer loop
vertex -24.778 16.556 3.0
vertex -25.56 15.32 3.0
vertex -24.778 16.556 52.0
endloop
endfacet
facet normal -0.8450662272349784 0.5346616421502853 0.0
outer loop
vertex -24.778 16.556 52.0
vertex -25.56 15.32 3.0
vertex -25.56 15.32 52.0
endloop
endfacet
facet normal -0.5974424268272674 0.37799350952987293 0.7072364904188946
outer loop
vertex -24.778 16.556 52.0
vertex -25.56 15.32 52.0
vertex -23.946 16.0 53.0
endloop
endfacet
facet normal -0.5974905565971889 0.37881101452602206 0.7067582684701661
outer loop
vertex -23.946 16.0 53.0
vertex -25.56 15.32 52.0
vertex -24.703 14.806 53.0
endloop
endfacet
facet normal 0.0 0.0 0.9999999999999999
outer loop
vertex -23.946 16.0 53.0
vertex -24.703 14.806 53.0
vertex -21.036 14.056 53.0
endloop
endfacet
facet normal 0.0 0.0 1.0
outer loop
vertex -21.036 14.056 53.0
vertex -24.703 14.806 53.0
vertex -21.701 13.007 53.0
endloop
endfacet
facet normal 0.8445885020132177 -0.5354159712476543 0.0
outer loop
vertex -21.036 14.056 53.0
vertex -21.701 13.007 53.0
vertex -21.036 14.056 1.0
endloop
endfacet
facet normal 0.8445885020132177 -0.5354159712476543 0.0
outer loop
vertex -21.036 14.056 1.0
vertex -21.701 13.007 53.0
vertex -21.701 13.007 1.0
endloop
endfacet
facet normal 0.8421500704865296 -0.5338701590786861 -0.07593360273838952
outer loop
vertex -21.036 14.056 1.0
vertex -21.701 13.007 1.0
vertex -21.045 14.062 0.858
endloop
endfacet
facet normal 0.8433236963259371 -0.53330184224802 -0.06628942804117795
outer loop
vertex -21.045 14.062 0.858
vertex -21.701 13.007 1.0
vertex -21.709 13.012 0.858
endloop
endfacet
facet normal 0.8268054783429518 -0.5228560358283038 -0.20739881094161097
outer loop
vertex -21.045 14.062 0.858
vertex -21.709 13.012 0.858
vertex -21.07 14.078 0.718
endloop
endfacet
facet normal 0.8254252751647392 -0.5227693409376679 -0.21303833292346958
outer loop
vertex -21.07 14.078 0.718
vertex -21.709 13.012 0.858
vertex -21.735 13.028 0.718
endloop
endfacet
facet normal 0.7915284348507461 -0.5013013420721391 -0.34954213087895514
outer loop
vertex -21.07 14.078 0.718
vertex -21.735 13.028 0.718
vertex -21.111 14.106 0.585
endloop
endfacet
facet normal 0.7913299672713344 -0.5012507959828861 -0.3500635976860085
outer loop
vertex -21.111 14.106 0.585
vertex -21.735 13.028 0.718
vertex -21.778 13.053 0.585
endloop
endfacet
facet normal 0.7422258382924477 -0.4701468510361459 -0.47755915176223923
outer loop
vertex -21.111 14.106 0.585
vertex -21.778 13.053 0.585
vertex -21.168 14.144 0.459
endloop
endfacet
facet normal 0.7419862538696284 -0.47006515515036107 -0.47801166197278366
outer loop
vertex -21.168 14.144 0.459
vertex -21.778 13.053 0.585
vertex -21.837 13.088 0.459
endloop
endfacet
facet normal 0.6753279347738449 -0.42783559504138463 -0.6007402800958814
outer loop
vertex -21.168 14.144 0.459
vertex -21.837 13.088 0.459
vertex -21.239 14.192 0.345
endloop
endfacet
facet normal 0.6767639824095514 -0.42840436999698905 -0.5987154648751335
outer loop
vertex -21.239 14.192 0.345
vertex -21.837 13.088 0.459
vertex -21.91 13.132 0.345
endloop
endfacet
facet normal 0.5976776137308469 -0.3783412064277337 -0.7068517535974624
outer loop
vertex -21.239 14.192 0.345
vertex -21.91 13.132 0.345
vertex -21.323 14.248 0.244
endloop
endfacet
facet normal 0.5963928056327931 -0.3777901795079909 -0.7082303309353289
outer loop
vertex -21.323 14.248 0.244
vertex -21.91 13.132 0.345
vertex -21.997 13.184 0.244
endloop
endfacet
facet normal 0.5050556334040919 -0.31993185800221585 -0.8015999085591524
outer loop
vertex -21.323 14.248 0.244
vertex -21.997 13.184 0.244
vertex -21.418 14.311 0.159
endloop
endfacet
facet normal 0.5038389128336616 -0.3193810336969933 -0.8025846405390735
outer loop
vertex -21.418 14.311 0.159
vertex -21.997 13.184 0.244
vertex -22.095 13.243 0.159
endloop
endfacet
facet normal 0.4073755663348415 -0.2582333880231158 -0.8759912472527738
outer loop
vertex -21.418 14.311 0.159
vertex -22.095 13.243 0.159
vertex -21.522 14.381 0.09
endloop
endfacet
facet normal 0.409208224291473 -0.2590890060690903 -0.8748837157624723
outer loop
vertex -21.522 14.381 0.09
vertex -22.095 13.243 0.159
vertex -22.202 13.307 0.09
endloop
endfacet
facet normal 0.2913724115089506 -0.18448160132782812 -0.9386525750153668
outer loop
vertex -21.522 14.381 0.09
vertex -22.202 13.307 0.09
vertex -21.633 14.455 0.041
endloop
endfacet
facet normal 0.2899235711289622 -0.18378843619296603 -0.9392369954519325
outer loop
vertex -21.633 14.455 0.041
vertex -22.202 13.307 0.09
vertex -22.317 13.376 0.041
endloop
endfacet
facet normal 0.18359551774231322 -0.11638492505629505 -0.9760877189497738
outer loop
vertex -21.633 14.455 0.041
vertex -22.317 13.376 0.041
vertex -21.749 14.532 0.01
endloop
endfacet
facet normal 0.18378828876383865 -0.11647837119996071 -0.9760402932030335
outer loop
vertex -21.749 14.532 0.01
vertex -22.317 13.376 0.041
vertex -22.436 13.448 0.01
endloop
endfacet
facet normal 0.05900353797410324 -0.03739430866070941 -0.9975571403114338
outer loop
vertex -21.749 14.532 0.01
vertex -22.436 13.448 0.01
vertex -21.868 14.611 0.0
endloop
endfacet
facet normal 0.05930253541981766 -0.03754013710061859 -0.997533932956292
outer loop
vertex -21.868 14.611 0.0
vertex -22.436 13.448 0.01
vertex -22.558 13.521 0.0
endloop
endfacet
facet normal -0.0 0.0 -1.0
outer loop
vertex -22.558 13.521 0.0
vertex -23.195 12.398 0.0
vertex -30.021 17.994 0.0
endloop
endfacet
facet normal -0.0 -0.0 -1.0
outer loop
vertex -30.021 17.994 0.0
vertex -23.195 12.398 0.0
vertex -30.867 16.499 0.0
endloop
endfacet
facet normal -0.8703133534670595 0.4924983926643023 0.0
outer loop
vertex -30.021 17.994 0.0
vertex -30.867 16.499 0.0
vertex -30.021 17.994 3.0
endloop
endfacet
facet normal -0.8703133534670595 0.4924983926643023 0.0
outer loop
vertex -30.021 17.994 3.0
vertex -30.867 16.499 0.0
vertex -30.867 16.499 3.0
endloop
endfacet
facet normal 0.0 0.0 1.0
outer loop
vertex -30.021 17.994 3.0
vertex -30.867 16.499 3.0
vertex -25.56 15.32 3.0
endloop
endfacet
facet normal 0.0 0.0 1.0
outer loop
vertex -25.56 15.32 3.0
vertex -30.867 16.499 3.0
vertex -26.281 14.048 3.0
endloop
endfacet
facet normal -0.8699635075054271 0.4931161076347586 0.0
outer loop
vertex -25.56 15.32 3.0
vertex -26.281 14.048 3.0
vertex -25.56 15.32 52.0
endloop
endfacet
facet normal -0.8699635075054271 0.4931161076347586 0.0
outer loop
vertex -25.56 15.32 52.0
vertex -26.281 14.048 3.0
vertex -26.281 14.048 52.0
endloop
endfacet
facet normal -0.6154584716229021 0.34885657078625193 0.7067601875649606
outer loop
vertex -25.56 15.32 52.0
vertex -26.281 14.048 52.0
vertex -24.703 14.806 53.0
endloop
endfacet
facet normal -0.6153896334177281 0.3482204754949107 0.7071337211080325
outer loop
vertex -24.703 14.806 53.0
vertex -26.281 14.048 52.0
vertex -25.399 13.576 53.0
endloop
endfacet
facet normal 0.0 0.0 1.0
outer loop
vertex -24.703 14.806 53.0
vertex -25.399 13.576 53.0
vertex -21.701 13.007 53.0
endloop
endfacet
facet normal 0.0 0.0 1.0
outer loop
vertex -21.701 13.007 53.0
vertex -25.399 13.576 53.0
vertex -22.313 11.926 53.0
endloop
endfacet
facet normal 0.8702177846265517 -0.4926672379199338 0.0
outer loop
vertex -21.701 13.007 53.0
vertex -22.313 11.926 53.0
vertex -21.701 13.007 1.0
endloop
endfacet
facet normal 0.8702177846265517 -0.4926672379199338 0.0
outer loop
vertex -21.701 13.007 1.0
vertex -22.313 11.926 53.0
vertex -22.313 11.926 1.0
endloop
endfacet
facet normal 0.8683072313536285 -0.4915855925887322 -0.06622806911107249
outer loop
vertex -21.701 13.007 1.0
vertex -22.313 11.926 1.0
vertex -21.709 13.012 0.858
endloop
endfacet
facet normal 0.8675953125933589 -0.4919851310080739 -0.0723118554111296
outer loop
vertex -21.709 13.012 0.858
vertex -22.313 11.926 1.0
vertex -22.322 11.931 0.858
endloop
endfacet
facet normal 0.8499251440980997 -0.4819649522036393 -0.2129249498700616
outer loop
vertex -21.709 13.012 0.858
vertex -22.322 11.931 0.858
vertex -21.735 13.028 0.718
endloop
endfacet
facet normal 0.8515354254866178 -0.4819863488673096 -0.20634092819139116
outer loop
vertex -21.735 13.028 0.718
vertex -22.322 11.931 0.858
vertex -22.348 11.945 0.718
endloop
endfacet
facet normal 0.8151327220737168 -0.46138167925317447 -0.350265030304502
outer loop
vertex -21.735 13.028 0.718
vertex -22.348 11.945 0.718
vertex -21.778 13.053 0.585
endloop
endfacet
facet normal 0.8142322145485178 -0.46119795178301654 -0.3525937464881742
outer loop
vertex -21.778 13.053 0.585
vertex -22.348 11.945 0.718
vertex -22.392 11.969 0.585
endloop
endfacet
facet normal 0.7642278806109548 -0.4328744637408913 -0.4780956443410925
outer loop
vertex -21.778 13.053 0.585
vertex -22.392 11.969 0.585
vertex -21.837 13.088 0.459
endloop
endfacet
facet normal 0.7634716072240102 -0.43265732295307285 -0.47949843154891236
outer loop
vertex -21.837 13.088 0.459
vertex -22.392 11.969 0.585
vertex -22.453 12.001 0.459
endloop
endfacet
facet normal 0.6968754958316646 -0.394917484298349 -0.5986691272354329
outer loop
vertex -21.837 13.088 0.459
vertex -22.453 12.001 0.459
vertex -21.91 13.132 0.345
endloop
endfacet
facet normal 0.6976279456688994 -0.3951733001130881 -0.5976230520148318
outer loop
vertex -21.91 13.132 0.345
vertex -22.453 12.001 0.459
vertex -22.528 12.041 0.345
endloop
endfacet
facet normal 0.6142561898261718 -0.34794713594186394 -0.7082528671668671
outer loop
vertex -21.91 13.132 0.345
vertex -22.528 12.041 0.345
vertex -21.997 13.184 0.244
endloop
endfacet
facet normal 0.6150227375363907 -0.34823205230371074 -0.707447150013052
outer loop
vertex -21.997 13.184 0.244
vertex -22.528 12.041 0.345
vertex -22.617 12.089 0.244
endloop
endfacet
facet normal 0.5191336522400118 -0.2939386889395509 -0.8025585949053466
outer loop
vertex -21.997 13.184 0.244
vertex -22.617 12.089 0.244
vertex -22.095 13.243 0.159
endloop
endfacet
facet normal 0.5186707885171167 -0.29375627386014946 -0.802924569749135
outer loop
vertex -22.095 13.243 0.159
vertex -22.617 12.089 0.244
vertex -22.718 12.143 0.159
endloop
endfacet
facet normal 0.42142203095124536 -0.23867811389329674 -0.8748921246515287
outer loop
vertex -22.095 13.243 0.159
vertex -22.718 12.143 0.159
vertex -22.202 13.307 0.09
endloop
endfacet
facet normal 0.4210169746963746 -0.23851278385513974 -0.8751321951312179
outer loop
vertex -22.202 13.307 0.09
vertex -22.718 12.143 0.159
vertex -22.828 12.202 0.09
endloop
endfacet
facet normal 0.29867401198616944 -0.16920355792157585 -0.9392358545917877
outer loop
vertex -22.202 13.307 0.09
vertex -22.828 12.202 0.09
vertex -22.317 13.376 0.041
endloop
endfacet
facet normal 0.2994022138770293 -0.16950854413019986 -0.9389489697488325
outer loop
vertex -22.317 13.376 0.041
vertex -22.828 12.202 0.09
vertex -22.946 12.265 0.041
endloop
endfacet
facet normal 0.18938618283626124 -0.10722224032764058 -0.9760308729388798
outer loop
vertex -22.317 13.376 0.041
vertex -22.946 12.265 0.041
vertex -22.436 13.448 0.01
endloop
endfacet
facet normal 0.1886655398579211 -0.10691610271268019 -0.9762040058567937
outer loop
vertex -22.436 13.448 0.01
vertex -22.946 12.265 0.041
vertex -23.069 12.331 0.01
endloop
endfacet
facet normal 0.06106024141690847 -0.0346026256194297 -0.9975341123081207
outer loop
vertex -22.436 13.448 0.01
vertex -23.069 12.331 0.01
vertex -22.558 13.521 0.0
endloop
endfacet
facet normal 0.06082469022499863 -0.03450162749182913 -0.9975520010302461
outer loop
vertex -22.558 13.521 0.0
vertex -23.069 12.331 0.01
vertex -23.195 12.398 0.0
endloop
endfacet
facet normal -0.0 0.0 -1.0
outer loop
vertex -23.195 12.398 0.0
vertex -23.775 11.245 0.0
vertex -30.867 16.499 0.0
endloop
endfacet
facet normal -0.0 -0.0 -1.0
outer loop
vertex -30.867 16.499 0.0
vertex -23.775 11.245 0.0
vertex -31.64 14.964 0.0
endloop
endfacet
facet normal -0.8931434516822083 0.4497719141044609 0.0
outer loop
vertex -30.867 16.499 0.0
vertex -31.64 14.964 0.0
vertex -30.867 16.499 3.0
endloop
endfacet
facet normal -0.8931434516822083 0.4497719141044609 0.0
outer loop
vertex -30.867 16.499 3.0
vertex -31.64 14.964 0.0
vertex -31.64 14.964 3.0
endloop
endfacet
facet normal 0.0 0.0 1.0
outer loop
vertex -30.867 16.499 3.0
vertex -31.64 14.964 3.0
vertex -26.281 14.048 3.0
endloop
endfacet
facet normal 0.0 0.0 0.9999999999999999
outer loop
vertex -26.281 14.048 3.0
vertex -31.64 14.964 3.0
vertex -26.939 12.741 3.0
endloop
endfacet
facet normal -0.8931937013704928 0.44967211591567346 0.0
outer loop
vertex -26.281 14.048 3.0
vertex -26.939 12.741 3.0
vertex -26.281 14.048 52.0
endloop
endfacet
facet normal -0.8931937013704928 0.44967211591567346 0.0
outer loop
vertex -26.281 14.048 52.0
vertex -26.939 12.741 3.0
vertex -26.939 12.741 52.0
endloop
endfacet
facet normal -0.6315700337301539 0.3179595120079892 0.7071216594177651
outer loop
vertex -26.281 14.048 52.0
vertex -26.939 12.741 52.0
vertex -25.399 13.576 53.0
endloop
endfacet
facet normal -0.6316263900140003 0.31831567674239586 0.7069110505416593
outer loop
vertex -25.399 13.576 53.0
vertex -26.939 12.741 52.0
vertex -26.035 12.314 53.0
endloop
endfacet
facet normal 0.0 0.0 1.0
outer loop
vertex -25.399 13.576 53.0
vertex -26.035 12.314 53.0
vertex -22.313 11.926 53.0
endloop
endfacet
facet normal 0.0 0.0 1.0
outer loop
vertex -22.313 11.926 53.0
vertex -26.035 12.314 53.0
vertex -22.871 10.817 53.0
endloop
endfacet
facet normal 0.893296650986177 -0.44946756650161107 0.0
outer loop
vertex -22.313 11.926 53.0
vertex -22.871 10.817 53.0
vertex -22.313 11.926 1.0
endloop
endfacet
facet normal 0.893296650986177 -0.44946756650161107 0.0
outer loop
vertex -22.313 11.926 1.0
vertex -22.871 10.817 53.0
vertex -22.871 10.817 1.0
endloop
endfacet
facet normal 0.8909617856612222 -0.44829276501258963 -0.0722543654648862
outer loop
vertex -22.313 11.926 1.0
vertex -22.871 10.817 1.0
vertex -22.322 11.931 0.858
endloop
endfacet
facet normal 0.8913227360611036 -0.44807034839828447 -0.0691139860432618
outer loop
vertex -22.322 11.931 0.858
vertex -22.871 10.817 1.0
vertex -22.88 10.821 0.858
endloop
endfacet
facet normal 0.874238533955521 -0.439482073826289 -0.20630679226008497
outer loop
vertex -22.322 11.931 0.858
vertex -22.88 10.821 0.858
vertex -22.348 11.945 0.718
endloop
endfacet
facet normal 0.8720482838039234 -0.4395562906662456 -0.21522559803694974
outer loop
vertex -22.348 11.945 0.718
vertex -22.88 10.821 0.858
vertex -22.908 10.834 0.718
endloop
endfacet
facet normal 0.8356671289579966 -0.42121835483031483 -0.35247063300811626
outer loop
vertex -22.348 11.945 0.718
vertex -22.908 10.834 0.718
vertex -22.392 11.969 0.585
endloop
endfacet
facet normal 0.8356845578931471 -0.42122105748252986 -0.3524260779684649
outer loop
vertex -22.392 11.969 0.585
vertex -22.908 10.834 0.718
vertex -22.953 10.856 0.585
endloop
endfacet
facet normal 0.7835555821721507 -0.39494580556925124 -0.4796440975453749
outer loop
vertex -22.392 11.969 0.585
vertex -22.953 10.856 0.585
vertex -22.453 12.001 0.459
endloop
endfacet
facet normal 0.7875027727795509 -0.395868329327355 -0.4723638943654433
outer loop
vertex -22.453 12.001 0.459
vertex -22.953 10.856 0.585
vertex -23.014 10.885 0.459
endloop
endfacet
facet normal 0.7163513525777568 -0.360101351967851 -0.5976351361582952
outer loop
vertex -22.453 12.001 0.459
vertex -23.014 10.885 0.459
vertex -22.528 12.041 0.345
endloop
endfacet
facet normal 0.7119653617331931 -0.3588458123480974 -0.603601695369022
outer loop
vertex -22.528 12.041 0.345
vertex -23.014 10.885 0.459
vertex -23.092 10.922 0.345
endloop
endfacet
facet normal 0.63118713486448 -0.31813185349737877 -0.7073859799090529
outer loop
vertex -22.528 12.041 0.345
vertex -23.092 10.922 0.345
vertex -22.617 12.089 0.244
endloop
endfacet
facet normal 0.6327547584781721 -0.31862917553260195 -0.7057597779150101
outer loop
vertex -22.617 12.089 0.244
vertex -23.092 10.922 0.345
vertex -23.183 10.965 0.244
endloop
endfacet
facet normal 0.5323920631154131 -0.2680906652342732 -0.8029234623212594
outer loop
vertex -22.617 12.089 0.244
vertex -23.183 10.965 0.244
vertex -22.718 12.143 0.159
endloop
endfacet
facet normal 0.5338765618814502 -0.26859334557011877 -0.8017689389026574
outer loop
vertex -22.718 12.143 0.159
vertex -23.183 10.965 0.244
vertex -23.286 11.014 0.159
endloop
endfacet
facet normal 0.43228662604159473 -0.2174834398508646 -0.8751166929822615
outer loop
vertex -22.718 12.143 0.159
vertex -23.286 11.014 0.159
vertex -22.828 12.202 0.09
endloop
endfacet
facet normal 0.4323334395184932 -0.21749990657714566 -0.8750894741185281
outer loop
vertex -22.828 12.202 0.09
vertex -23.286 11.014 0.159
vertex -23.399 11.067 0.09
endloop
endfacet
facet normal 0.3073501925742283 -0.1546228722113523 -0.9389502790423444
outer loop
vertex -22.828 12.202 0.09
vertex -23.399 11.067 0.09
vertex -22.946 12.265 0.041
endloop
endfacet
facet normal 0.3073855980542881 -0.154635699634672 -0.9389365764029556
outer loop
vertex -22.946 12.265 0.041
vertex -23.399 11.067 0.09
vertex -23.52 11.124 0.041
endloop
endfacet
facet normal 0.19373708389197533 -0.0974628274793983 -0.9762002558823444
outer loop
vertex -22.946 12.265 0.041
vertex -23.52 11.124 0.041
vertex -23.069 12.331 0.01
endloop
endfacet
facet normal 0.19376003706565512 -0.09747126537653299 -0.9761948578343431
outer loop
vertex -23.069 12.331 0.01
vertex -23.52 11.124 0.041
vertex -23.646 11.184 0.01
endloop
endfacet
facet normal 0.06246241641181227 -0.031421808430353776 -0.9975525632722133
outer loop
vertex -23.069 12.331 0.01
vertex -23.646 11.184 0.01
vertex -23.195 12.398 0.0
endloop
endfacet
facet normal 0.06246992197598882 -0.031424592147505113 -0.9975520055900229
outer loop
vertex -23.195 12.398 0.0
vertex -23.646 11.184 0.01
vertex -23.775 11.245 0.0
endloop
endfacet
facet normal -0.0 0.0 -1.0
outer loop
vertex -23.775 11.245 0.0
vertex -24.298 10.065 0.0
vertex -31.64 14.964 0.0
endloop
endfacet
facet normal -0.0 -0.0 -0.9999999999999999
outer loop
vertex -31.64 14.964 0.0
vertex -24.298 10.065 0.0
vertex -32.336 13.394 0.0
endloop
endfacet
facet normal -0.9141953311144401 0.4052738537934065 0.0
outer loop
vertex -31.64 14.964 0.0
vertex -32.336 13.394 0.0
vertex -31.64 14.964 3.0
endloop
endfacet
facet normal -0.9141953311144401 0.4052738537934065 0.0
outer loop
vertex -31.64 14.964 3.0
vertex -32.336 13.394 0.0
vertex -32.336 13.394 3.0
endloop
endfacet
facet normal 0.0 0.0 0.9999999999999999
outer loop
vertex -31.64 14.964 3.0
vertex -32.336 13.394 3.0
vertex -26.939 12.741 3.0
endloop
endfacet
facet normal 0.0 0.0 0.9999999999999999
outer loop
vertex -26.939 12.741 3.0
vertex -32.336 13.394 3.0
vertex -27.532 11.404 3.0
endloop
endfacet
facet normal -0.9141214190736168 0.4054405396489565 0.0
outer loop
vertex -26.939 12.741 3.0
vertex -27.532 11.404 3.0
vertex -26.939 12.741 52.0
endloop
endfacet
facet normal -0.9141214190736168 0.4054405396489565 0.0
outer loop
vertex -26.939 12.741 52.0
vertex -27.532 11.404 3.0
vertex -27.532 11.404 52.0
endloop
endfacet
facet normal -0.646546666776528 0.2867630317116538 0.7069260013068572
outer loop
vertex -26.939 12.741 52.0
vertex -27.532 11.404 52.0
vertex -26.035 12.314 53.0
endloop
endfacet
facet normal -0.6464907726641823 0.2864959108558213 0.7070854077994835
outer loop
vertex -26.035 12.314 53.0
vertex -27.532 11.404 52.0
vertex -26.608 11.021 53.0
endloop
endfacet
facet normal 0.0 0.0 1.0
outer loop
vertex -26.035 12.314 53.0
vertex -26.608 11.021 53.0
vertex -22.871 10.817 53.0
endloop
endfacet
facet normal 0.0 0.0 1.0
outer loop
vertex -22.871 10.817 53.0
vertex -26.608 11.021 53.0
vertex -23.374 9.682 53.0
endloop
endfacet
facet normal 0.9142428467136372 -0.40516665365370896 0.0
outer loop
vertex -22.871 10.817 53.0
vertex -23.374 9.682 53.0
vertex -22.871 10.817 1.0
endloop
endfacet
facet normal 0.9142428467136372 -0.40516665365370896 0.0
outer loop
vertex -22.871 10.817 1.0
vertex -23.374 9.682 53.0
vertex -23.374 9.682 1.0
endloop
endfacet
facet normal 0.9120517442950558 -0.40419561883736843 -0.06919188854933138
outer loop
vertex -22.871 10.817 1.0
vertex -23.374 9.682 1.0
vertex -22.88 10.821 0.858
endloop
endfacet
facet normal 0.9113303714373819 -0.4046788609730764 -0.07557759970610824
outer loop
vertex -22.88 10.821 0.858
vertex -23.374 9.682 1.0
vertex -23.384 9.686 0.858
endloop
endfacet
facet normal 0.8925098055967589 -0.39632153482005966 -0.215303246495514
outer loop
vertex -22.88 10.821 0.858
vertex -23.384 9.686 0.858
vertex -22.908 10.834 0.718
endloop
endfacet
facet normal 0.8938430649631972 -0.39621539555096674 -0.209899822643062
outer loop
vertex -22.908 10.834 0.718
vertex -23.384 9.686 0.858
vertex -23.412 9.697 0.718
endloop
endfacet
facet normal 0.8556197729369965 -0.37927208932299394 -0.3522321484757085
outer loop
vertex -22.908 10.834 0.718
vertex -23.412 9.697 0.718
vertex -22.953 10.856 0.585
endloop
endfacet
facet normal 0.8563491299425912 -0.3793476408956207 -0.35037342221334966
outer loop
vertex -22.953 10.856 0.585
vertex -23.412 9.697 0.718
vertex -23.458 9.716 0.585
endloop
endfacet
facet normal 0.8058943860597212 -0.35699707452645457 -0.4723212119913505
outer loop
vertex -22.953 10.856 0.585
vertex -23.458 9.716 0.585
vertex -23.014 10.885 0.459
endloop
endfacet
facet normal 0.802887111756944 -0.35644813105146406 -0.4778252982466612
outer loop
vertex -23.014 10.885 0.459
vertex -23.458 9.716 0.585
vertex -23.521 9.743 0.459
endloop
endfacet
facet normal 0.7287083114619552 -0.32351586156848733 -0.6035906594040907
outer loop
vertex -23.014 10.885 0.459
vertex -23.521 9.743 0.459
vertex -23.092 10.922 0.345
endloop
endfacet
facet normal 0.7324207342985071 -0.32438512033447564 -0.5986101917568923
outer loop
vertex -23.092 10.922 0.345
vertex -23.521 9.743 0.459
vertex -23.6 9.775 0.345
endloop
endfacet
facet normal 0.6477584898302237 -0.2868886772744161 -0.7057647098747599
outer loop
vertex -23.092 10.922 0.345
vertex -23.6 9.775 0.345
vertex -23.183 10.965 0.244
endloop
endfacet
facet normal 0.6470426132462045 -0.28670002845835396 -0.7064976647700271
outer loop
vertex -23.183 10.965 0.244
vertex -23.6 9.775 0.345
vertex -23.693 9.814 0.244
endloop
endfacet
facet normal 0.5464405933241265 -0.2421239814033931 -0.8017347788370827
outer loop
vertex -23.183 10.965 0.244
vertex -23.693 9.814 0.244
vertex -23.286 11.014 0.159
endloop
endfacet
facet normal 0.5441053722244739 -0.2414585259093031 -0.8035217011270901
outer loop
vertex -23.286 11.014 0.159
vertex -23.693 9.814 0.244
vertex -23.799 9.858 0.159
endloop
endfacet
facet normal 0.44230513610150374 -0.1962824695675353 -0.8751224821239025
outer loop
vertex -23.286 11.014 0.159
vertex -23.799 9.858 0.159
vertex -23.399 11.067 0.09
endloop
endfacet
facet normal 0.44287849834236903 -0.19645342519062914 -0.8747940828771524
outer loop
vertex -23.399 11.067 0.09
vertex -23.799 9.858 0.159
vertex -23.914 9.906 0.09
endloop
endfacet
facet normal 0.314513075833692 -0.13951269083062154 -0.9389450112902404
outer loop
vertex -23.399 11.067 0.09
vertex -23.914 9.906 0.09
vertex -23.52 11.124 0.041
endloop
endfacet
facet normal 0.3138407588247101 -0.13930549534807204 -0.939200701163579
outer loop
vertex -23.52 11.124 0.041
vertex -23.914 9.906 0.09
vertex -24.038 9.957 0.041
endloop
endfacet
facet normal 0.19826635855608704 -0.088005118879223 -0.9761893003490476
outer loop
vertex -23.52 11.124 0.041
vertex -24.038 9.957 0.041
vertex -23.646 11.184 0.01
endloop
endfacet
facet normal 0.19840534470832155 -0.0880487091933865 -0.9761571307942951
outer loop
vertex -23.646 11.184 0.01
vertex -24.038 9.957 0.041
vertex -24.167 10.01 0.01
endloop
endfacet
facet normal 0.06391667713622413 -0.028365067110709404 -0.9975520444326041
outer loop
vertex -23.646 11.184 0.01
vertex -24.167 10.01 0.01
vertex -23.775 11.245 0.0
endloop
endfacet
facet normal 0.06420065289561477 -0.028455035139327553 -0.9975312461988328
outer loop
vertex -23.775 11.245 0.0
vertex -24.167 10.01 0.01
vertex -24.298 10.065 0.0
endloop
endfacet
facet normal -0.0 0.0 -0.9999999999999999
outer loop
vertex -24.298 10.065 0.0
vertex -24.763 8.86 0.0
vertex -32.336 13.394 0.0
endloop
endfacet
facet normal -0.0 -0.0 -1.0
outer loop
vertex -32.336 13.394 0.0
vertex -24.763 8.86 0.0
vertex -32.954 11.791 0.0
endloop
endfacet
facet normal -0.9330602770744716 0.3597200569133035 0.0
outer loop
vertex -32.336 13.394 0.0
vertex -32.954 11.791 0.0
vertex -32.336 13.394 3.0
endloop
endfacet
facet normal -0.9330602770744716 0.3597200569133035 0.0
outer loop
vertex -32.336 13.394 3.0
vertex -32.954 11.791 0.0
vertex -32.954 11.791 3.0
endloop
endfacet
facet normal 0.0 0.0 1.0
outer loop
vertex -32.336 13.394 3.0
vertex -32.954 11.791 3.0
vertex -27.532 11.404 3.0
endloop
endfacet
facet normal 0.0 0.0 1.0
outer loop
vertex -27.532 11.404 3.0
vertex -32.954 11.791 3.0
vertex -28.058 10.039 3.0
endloop
endfacet
facet normal -0.9331163744049007 0.3595745149721447 0.0
outer loop
vertex -27.532 11.404 3.0
vertex -28.058 10.039 3.0
vertex -27.532 11.404 52.0
endloop
endfacet
facet normal -0.9331163744049007 0.3595745149721447 0.0
outer loop
vertex -27.532 11.404 52.0
vertex -28.058 10.039 3.0
vertex -28.058 10.039 52.0
endloop
endfacet
facet normal -0.6598404409168241 0.2542681845584244 0.7070772820930215
outer loop
vertex -27.532 11.404 52.0
vertex -28.058 10.039 52.0
vertex -26.608 11.021 53.0
endloop
endfacet
facet normal -0.6598006303046067 0.2541157848330094 0.7071692132356637
outer loop
vertex -26.608 11.021 53.0
vertex -28.058 10.039 52.0
vertex -27.116 9.702 53.0
endloop
endfacet
facet normal 0.0 0.0 1.0
outer loop
vertex -26.608 11.021 53.0
vertex -27.116 9.702 53.0
vertex -23.374 9.682 53.0
endloop
endfacet
facet normal 0.0 0.0 1.0
outer loop
vertex -23.374 9.682 53.0
vertex -27.116 9.702 53.0
vertex -23.821 8.523 53.0
endloop
endfacet
facet normal 0.9330132418700997 -0.35984203547535537 0.0
outer loop
vertex -23.374 9.682 53.0
vertex -23.821 8.523 53.0
vertex -23.374 9.682 1.0
endloop
endfacet
facet normal 0.9330132418700997 -0.35984203547535537 0.0
outer loop
vertex -23.374 9.682 1.0
vertex -23.821 8.523 53.0
vertex -23.821 8.523 1.0
endloop
endfacet
facet normal 0.9303414437282477 -0.3588115835604219 -0.07562437163046055
outer loop
vertex -23.374 9.682 1.0
vertex -23.821 8.523 1.0
vertex -23.384 9.686 0.858
endloop
endfacet
facet normal 0.9303414437282502 -0.35881158356042003 -0.07562437163043784
outer loop
vertex -23.384 9.686 0.858
vertex -23.821 8.523 1.0
vertex -23.831 8.527 0.858
endloop
endfacet
facet normal 0.9121921467591909 -0.3518118115628622 -0.2100807859746237
outer loop
vertex -23.384 9.686 0.858
vertex -23.831 8.527 0.858
vertex -23.412 9.697 0.718
endloop
endfacet
facet normal 0.9127727757618505 -0.3517322679013364 -0.20767828857391266
outer loop
vertex -23.412 9.697 0.718
vertex -23.831 8.527 0.858
vertex -23.859 8.537 0.718
endloop
endfacet
facet normal 0.8739634122329419 -0.33677728040355864 -0.3503840999276873
outer loop
vertex -23.412 9.697 0.718
vertex -23.859 8.537 0.718
vertex -23.458 9.716 0.585
endloop
endfacet
facet normal 0.873443900905251 -0.33674945577069976 -0.35170379015523257
outer loop
vertex -23.458 9.716 0.585
vertex -23.859 8.537 0.718
vertex -23.906 8.554 0.585
endloop
endfacet
facet normal 0.8197590531656238 -0.3160516831481928 -0.47760488725744277
outer loop
vertex -23.458 9.716 0.585
vertex -23.906 8.554 0.585
vertex -23.521 9.743 0.459
endloop
endfacet
facet normal 0.8184855957063163 -0.3158820909672741 -0.4798956493107844
outer loop
vertex -23.521 9.743 0.459
vertex -23.906 8.554 0.585
vertex -23.971 8.577 0.459
endloop
endfacet
facet normal 0.7472156618886344 -0.28837654189527 -0.5987551458758879
outer loop
vertex -23.521 9.743 0.459
vertex -23.971 8.577 0.459
vertex -23.6 9.775 0.345
endloop
endfacet
facet normal 0.7477117063873518 -0.28846704840093523 -0.5980919378474908
outer loop
vertex -23.6 9.775 0.345
vertex -23.971 8.577 0.459
vertex -24.051 8.606 0.345
endloop
endfacet
facet normal 0.6603520283334591 -0.25476369955379635 -0.7064210189862343
outer loop
vertex -23.6 9.775 0.345
vertex -24.051 8.606 0.345
vertex -23.693 9.814 0.244
endloop
endfacet
facet normal 0.6601225327056541 -0.2547150828923859 -0.7066530042116835
outer loop
vertex -23.693 9.814 0.244
vertex -24.051 8.606 0.345
vertex -24.146 8.64 0.244
endloop
endfacet
facet normal 0.5553744516965479 -0.21429695623384667 -0.8035147994602636
outer loop
vertex -23.693 9.814 0.244
vertex -24.146 8.64 0.244
vertex -23.799 9.858 0.159
endloop
endfacet
facet normal 0.5563418850324843 -0.2145216590591368 -0.8027852544441867
outer loop
vertex -23.799 9.858 0.159
vertex -24.146 8.64 0.244
vertex -24.254 8.678 0.159
endloop
endfacet
facet normal 0.4520981776809563 -0.17432599224138642 -0.8747672182738755
outer loop
vertex -23.799 9.858 0.159
vertex -24.254 8.678 0.159
vertex -23.914 9.906 0.09
endloop
endfacet
facet normal 0.4529502580574813 -0.17453479589567258 -0.8742846611643813
outer loop
vertex -23.914 9.906 0.09
vertex -24.254 8.678 0.159
vertex -24.371 8.72 0.09
endloop
endfacet
facet normal 0.320368699518385 -0.1234472982123955 -0.9392149173288075
outer loop
vertex -23.914 9.906 0.09
vertex -24.371 8.72 0.09
vertex -24.038 9.957 0.041
endloop
endfacet
facet normal 0.32101013014295665 -0.12361044440907466 -0.9389744162534958
outer loop
vertex -24.038 9.957 0.041
vertex -24.371 8.72 0.09
vertex -24.497 8.765 0.041
endloop
endfacet
facet normal 0.20253907228046228 -0.07799113605430545 -0.9761635656470327
outer loop
vertex -24.038 9.957 0.041
vertex -24.497 8.765 0.041
vertex -24.167 10.01 0.01
endloop
endfacet
facet normal 0.20161562826152427 -0.07775160288549594 -0.976373815036765
outer loop
vertex -24.167 10.01 0.01
vertex -24.497 8.765 0.041
vertex -24.629 8.812 0.01
endloop
endfacet
facet normal 0.06553628359950638 -0.02527359183887472 -0.9975300702673214
outer loop
vertex -24.167 10.01 0.01
vertex -24.629 8.812 0.01
vertex -24.298 10.065 0.0
endloop
endfacet
facet normal 0.06540265397872061 -0.025238368547805236 -0.9975397323443237
outer loop
vertex -24.298 10.065 0.0
vertex -24.629 8.812 0.01
vertex -24.763 8.86 0.0
endloop
endfacet
facet normal -0.0 0.0 -1.0
outer loop
vertex -24.763 8.86 0.0
vertex -25.168 7.634 0.0
vertex -32.954 11.791 0.0
endloop
endfacet
facet normal -0.0 -0.0 -0.9999999999999999
outer loop
vertex -32.954 11.791 0.0
vertex -25.168 7.634 0.0
vertex -33.493 10.16 0.0
endloop
endfacet
facet normal -0.94949516452424 0.3137816638127325 0.0
outer loop
vertex -32.954 11.791 0.0
vertex -33.493 10.16 0.0
vertex -32.954 11.791 3.0
endloop
endfacet
facet normal -0.94949516452424 0.3137816638127325 0.0
outer loop
vertex -32.954 11.791 3.0
vertex -33.493 10.16 0.0
vertex -33.493 10.16 3.0
endloop
endfacet
facet normal 0.0 0.0 1.0
outer loop
vertex -32.954 11.791 3.0
vertex -33.493 10.16 3.0
vertex -28.058 10.039 3.0
endloop
endfacet
facet normal 0.0 0.0 1.0
outer loop
vertex -28.058 10.039 3.0
vertex -33.493 10.16 3.0
vertex -28.517 8.65 3.0
endloop
endfacet
facet normal -0.949500408945581 0.31376579388482473 0.0
outer loop
vertex -28.058 10.039 3.0
vertex -28.517 8.65 3.0
vertex -28.058 10.039 52.0
endloop
endfacet
facet normal -0.949500408945581 0.31376579388482473 0.0
outer loop
vertex -28.058 10.039 52.0
vertex -28.517 8.65 3.0
vertex -28.517 8.65 52.0
endloop
endfacet
facet normal -0.6713416291680921 0.22184723382876473 0.7071663324766366
outer loop
vertex -28.058 10.039 52.0
vertex -28.517 8.65 52.0
vertex -27.116 9.702 53.0
endloop
endfacet
facet normal -0.6714347598950469 0.2221438400845008 0.7069847788440659
outer loop
vertex -27.116 9.702 53.0
vertex -28.517 8.65 52.0
vertex -27.56 8.36 53.0
endloop
endfacet
facet normal -0.0 0.0 0.9999999999999999
outer loop
vertex -27.116 9.702 53.0
vertex -27.56 8.36 53.0
vertex -23.821 8.523 53.0
endloop
endfacet
facet normal 0.0 0.0 0.9999999999999999
outer loop
vertex -23.821 8.523 53.0
vertex -27.56 8.36 53.0
vertex -24.211 7.344 53.0
endloop
endfacet
facet normal 0.9494055436533614 -0.3140527243637051 0.0
outer loop
vertex -23.821 8.523 53.0
vertex -24.211 7.344 53.0
vertex -23.821 8.523 1.0
endloop
endfacet
facet normal 0.9494055436533614 -0.3140527243637051 0.0
outer loop
vertex -23.821 8.523 1.0
vertex -24.211 7.344 53.0
vertex -24.211 7.344 1.0
endloop
endfacet
facet normal 0.9466964652646965 -0.3131565915633834 -0.07549007759787665
outer loop
vertex -23.821 8.523 1.0
vertex -24.211 7.344 1.0
vertex -23.831 8.527 0.858
endloop
endfacet
facet normal 0.9476120035688196 -0.3123907367697208 -0.0666597200171049
outer loop
vertex -23.831 8.527 0.858
vertex -24.211 7.344 1.0
vertex -24.22 7.347 0.858
endloop
endfacet
facet normal 0.9290175430773664 -0.30626086801448754 -0.20767928490224083
outer loop
vertex -23.831 8.527 0.858
vertex -24.22 7.347 0.858
vertex -23.859 8.537 0.718
endloop
endfacet
facet normal 0.9279949631031852 -0.3064504958596437 -0.2119279170909208
outer loop
vertex -23.859 8.537 0.718
vertex -24.22 7.347 0.858
vertex -24.249 7.356 0.718
endloop
endfacet
facet normal 0.8889170300979206 -0.2935458439781423 -0.3516494718964503
outer loop
vertex -23.859 8.537 0.718
vertex -24.249 7.356 0.718
vertex -23.906 8.554 0.585
endloop
endfacet
facet normal 0.8888955151744595 -0.2935457317848102 -0.35170394716814346
outer loop
vertex -23.906 8.554 0.585
vertex -24.249 7.356 0.718
vertex -24.297 7.37 0.585
endloop
endfacet
facet normal 0.8330412732459201 -0.27510062317496303 -0.47996029439690446
outer loop
vertex -23.906 8.554 0.585
vertex -24.297 7.37 0.585
vertex -23.971 8.577 0.459
endloop
endfacet
facet normal 0.8330148059529215 -0.27509840263988605 -0.48000750194991726
outer loop
vertex -23.971 8.577 0.459
vertex -24.297 7.37 0.585
vertex -24.363 7.39 0.459
endloop
endfacet
facet normal 0.7610592027766194 -0.25133547387399696 -0.5980128505655626
outer loop
vertex -23.971 8.577 0.459
vertex -24.363 7.39 0.459
vertex -24.051 8.606 0.345
endloop
endfacet
facet normal 0.762094430111324 -0.2514719656034852 -0.5966355085886322
outer loop
vertex -24.051 8.606 0.345
vertex -24.363 7.39 0.459
vertex -24.444 7.415 0.345
endloop
endfacet
facet normal 0.6719278493633409 -0.22171926515515827 -0.706649511928659
outer loop
vertex -24.051 8.606 0.345
vertex -24.444 7.415 0.345
vertex -24.146 8.64 0.244
endloop
endfacet
facet normal 0.6707668249533485 -0.22153252161920756 -0.7078101499745811
outer loop
vertex -24.146 8.64 0.244
vertex -24.444 7.415 0.345
vertex -24.541 7.444 0.244
endloop
endfacet
facet normal 0.5660955544078923 -0.1869629966480912 -0.8028578088080023
outer loop
vertex -24.146 8.64 0.244
vertex -24.541 7.444 0.244
vertex -24.254 8.678 0.159
endloop
endfacet
facet normal 0.5671123286753227 -0.187147068462855 -0.802096990039367
outer loop
vertex -24.254 8.678 0.159
vertex -24.541 7.444 0.244
vertex -24.65 7.478 0.159
endloop
endfacet
facet normal 0.4609864138184359 -0.15212551656008266 -0.8742707552504233
outer loop
vertex -24.254 8.678 0.159
vertex -24.65 7.478 0.159
vertex -24.371 8.72 0.09
endloop
endfacet
facet normal 0.4581457153844523 -0.15157557250281659 -0.8758580645831332
outer loop
vertex -24.371 8.72 0.09
vertex -24.65 7.478 0.159
vertex -24.77 7.514 0.09
endloop
endfacet
facet normal 0.3265704786581214 -0.10804446184460256 -0.9389771651822614
outer loop
vertex -24.371 8.72 0.09
vertex -24.77 7.514 0.09
vertex -24.497 8.765 0.041
endloop
endfacet
facet normal 0.32653885542765637 -0.10803802064891917 -0.9389889040826095
outer loop
vertex -24.497 8.765 0.041
vertex -24.77 7.514 0.09
vertex -24.898 7.553 0.041
endloop
endfacet
facet normal 0.20513479736472406 -0.06787050638882365 -0.9763776468522097
outer loop
vertex -24.497 8.765 0.041
vertex -24.898 7.553 0.041
vertex -24.629 8.812 0.01
endloop
endfacet
facet normal 0.2069549397047571 -0.06824929102650686 -0.9759670523158964
outer loop
vertex -24.629 8.812 0.01
vertex -24.898 7.553 0.041
vertex -25.031 7.593 0.01
endloop
endfacet
facet normal 0.06657837570147843 -0.02195611733551614 -0.9975395976102911
outer loop
vertex -24.629 8.812 0.01
vertex -25.031 7.593 0.01
vertex -24.763 8.86 0.0
endloop
endfacet
facet normal 0.06626379659033466 -0.02188975335977602 -0.9975620020626702
outer loop
vertex -24.763 8.86 0.0
vertex -25.031 7.593 0.01
vertex -25.168 7.634 0.0
endloop
endfacet
facet normal -0.0 0.0 -1.0
outer loop
vertex -25.168 7.634 0.0
vertex -25.512 6.39 0.0
vertex -33.493 10.16 0.0
endloop
endfacet
facet normal -0.0 -0.0 -1.0
outer loop
vertex -33.493 10.16 0.0
vertex -25.512 6.39 0.0
vertex -33.951 8.504 0.0
endloop
endfacet
facet normal -0.9638174834783934 0.2665630479668493 0.0
outer loop
vertex -33.493 10.16 0.0
vertex -33.951 8.504 0.0
vertex -33.493 10.16 3.0
endloop
endfacet
facet normal -0.9638174834783934 0.2665630479668493 0.0
outer loop
vertex -33.493 10.16 3.0
vertex -33.951 8.504 0.0
vertex -33.951 8.504 3.0
endloop
endfacet
facet normal -0.0 0.0 1.0
outer loop
vertex -33.493 10.16 3.0
vertex -33.951 8.504 3.0
vertex -28.517 8.65 3.0
endloop
endfacet
facet normal 0.0 0.0 0.9999999999999999
outer loop
vertex -28.517 8.65 3.0
vertex -33.951 8.504 3.0
vertex -28.907 7.241 3.0
endloop
endfacet
facet normal -0.963762493306137 0.2667617972955243 0.0
outer loop
vertex -28.517 8.65 3.0
vertex -28.907 7.241 3.0
vertex -28.517 8.65 52.0
endloop
endfacet
facet normal -0.963762493306137 0.2667617972955243 0.0
outer loop
vertex -28.517 8.65 52.0
vertex -28.907 7.241 3.0
vertex -28.907 7.241 52.0
endloop
endfacet
facet normal -0.6815914858903177 0.18865910539192632 0.7069941925606934
outer loop
vertex -28.517 8.65 52.0
vertex -28.907 7.241 52.0
vertex -27.56 8.36 53.0
endloop
endfacet
facet normal -0.681593381876546 0.18866424740635804 0.7069909925399936
outer loop
vertex -27.56 8.36 53.0
vertex -28.907 7.241 52.0
vertex -27.937 6.998 53.0
endloop
endfacet
facet normal -0.0 0.0 1.0
outer loop
vertex -27.56 8.36 53.0
vertex -27.937 6.998 53.0
vertex -24.211 7.344 53.0
endloop
endfacet
facet normal 0.0 0.0 1.0
outer loop
vertex -24.211 7.344 53.0
vertex -27.937 6.998 53.0
vertex -24.542 6.147 53.0
endloop
endfacet
facet normal 0.9638287256321604 -0.2665223961438998 0.0
outer loop
vertex -24.211 7.344 53.0
vertex -24.542 6.147 53.0
vertex -24.211 7.344 1.0
endloop
endfacet
facet normal 0.9638287256321604 -0.2665223961438998 0.0
outer loop
vertex -24.211 7.344 1.0
vertex -24.542 6.147 53.0
vertex -24.542 6.147 1.0
endloop
endfacet
facet normal 0.9616906879760645 -0.2659311760401673 -0.0665704909852495
outer loop
vertex -24.211 7.344 1.0
vertex -24.542 6.147 1.0
vertex -24.22 7.347 0.858
endloop
endfacet
facet normal 0.9610287658351501 -0.26655100272119503 -0.07330944131347325
outer loop
vertex -24.22 7.347 0.858
vertex -24.542 6.147 1.0
vertex -24.552 6.15 0.858
endloop
endfacet
facet normal 0.941745877528626 -0.2612026995317498 -0.21186753388654075
outer loop
vertex -24.22 7.347 0.858
vertex -24.552 6.15 0.858
vertex -24.249 7.356 0.718
endloop
endfacet
facet normal 0.9425963513123752 -0.2610024926069302 -0.20830222597362302
outer loop
vertex -24.249 7.356 0.718
vertex -24.552 6.15 0.858
vertex -24.581 6.157 0.718
endloop
endfacet
facet normal 0.9021058771375294 -0.24979078499554663 -0.3518658127258703
outer loop
vertex -24.249 7.356 0.718
vertex -24.581 6.157 0.718
vertex -24.297 7.37 0.585
endloop
endfacet
facet normal 0.9034000444642062 -0.24973256849468525 -0.34857137561067403
outer loop
vertex -24.297 7.37 0.585
vertex -24.581 6.157 0.718
vertex -24.629 6.169 0.585
endloop
endfacet
facet normal 0.8455508392117822 -0.23374094805854473 -0.48000932023132986
outer loop
vertex -24.297 7.37 0.585
vertex -24.629 6.169 0.585
vertex -24.363 7.39 0.459
endloop
endfacet
facet normal 0.8450555314382467 -0.23372383053898493 -0.4808890930597263
outer loop
vertex -24.363 7.39 0.459
vertex -24.629 6.169 0.585
vertex -24.696 6.186 0.459
endloop
endfacet
facet normal 0.7735423300511585 -0.21394484709886824 -0.5965399115053965
outer loop
vertex -24.363 7.39 0.459
vertex -24.696 6.186 0.459
vertex -24.444 7.415 0.345
endloop
endfacet
facet normal 0.7706027066279547 -0.21370190953672635 -0.6004189890385108
outer loop
vertex -24.444 7.415 0.345
vertex -24.696 6.186 0.459
vertex -24.779 6.207 0.345
endloop
endfacet
facet normal 0.680642170812663 -0.18875424438927374 -0.7078828084764172
outer loop
vertex -24.444 7.415 0.345
vertex -24.779 6.207 0.345
vertex -24.541 7.444 0.244
endloop
endfacet
facet normal 0.6819514683261464 -0.18889999452397702 -0.7065826115300703
outer loop
vertex -24.541 7.444 0.244
vertex -24.779 6.207 0.345
vertex -24.877 6.231 0.244
endloop
endfacet
facet normal 0.5756638622815139 -0.15945841527336171 -0.8019876130350384
outer loop
vertex -24.541 7.444 0.244
vertex -24.877 6.231 0.244
vertex -24.65 7.478 0.159
endloop
endfacet
facet normal 0.5778158904666364 -0.15974073427994784 -0.8003822177784506
outer loop
vertex -24.65 7.478 0.159
vertex -24.877 6.231 0.244
vertex -24.987 6.259 0.159
endloop
endfacet
facet normal 0.4650657491401708 -0.12857026863021948 -0.8758901386595495
outer loop
vertex -24.65 7.478 0.159
vertex -24.987 6.259 0.159
vertex -24.77 7.514 0.09
endloop
endfacet
facet normal 0.46409982365921576 -0.12843252262895927 -0.8764225241347045
outer loop
vertex -24.77 7.514 0.09
vertex -24.987 6.259 0.159
vertex -25.109 6.289 0.09
endloop
endfacet
facet normal 0.3315030372309277 -0.09173839152757972 -0.9389833884721297
outer loop
vertex -24.77 7.514 0.09
vertex -25.109 6.289 0.09
vertex -24.898 7.553 0.041
endloop
endfacet
facet normal 0.330767471511453 -0.09162608268513878 -0.939253714797922
outer loop
vertex -24.898 7.553 0.041
vertex -25.109 6.289 0.09
vertex -25.239 6.322 0.041
endloop
endfacet
facet normal 0.2099878244510798 -0.058168844953548696 -0.9759720790366251
outer loop
vertex -24.898 7.553 0.041
vertex -25.239 6.322 0.041
vertex -25.031 7.593 0.01
endloop
endfacet
facet normal 0.20950617368812707 -0.05809265770010312 -0.9760801228935558
outer loop
vertex -25.031 7.593 0.01
vertex -25.239 6.322 0.041
vertex -25.374 6.356 0.01
endloop
endfacet
facet normal 0.06723543359044983 -0.018643293226777918 -0.9975629424189557
outer loop
vertex -25.031 7.593 0.01
vertex -25.374 6.356 0.01
vertex -25.168 7.634 0.0
endloop
endfacet
facet normal 0.06767428027061613 -0.018713788113418017 -0.9975319473201348
outer loop
vertex -25.168 7.634 0.0
vertex -25.374 6.356 0.01
vertex -25.512 6.39 0.0
endloop
endfacet
facet normal -0.0 0.0 -1.0
outer loop
vertex -25.512 6.39 0.0
vertex -25.795 5.131 0.0
vertex -33.951 8.504 0.0
endloop
endfacet
facet normal -0.0 -0.0 -1.0
outer loop
vertex -33.951 8.504 0.0
vertex -25.795 5.131 0.0
vertex -34.327 6.828 0.0
endloop
endfacet
facet normal -0.9757467140187474 0.21890260409966997 0.0
outer loop
vertex -33.951 8.504 0.0
vertex -34.327 6.828 0.0
vertex -33.951 8.504 3.0
endloop
endfacet
facet normal -0.9757467140187474 0.21890260409966997 0.0
outer loop
vertex -33.951 8.504 3.0
vertex -34.327 6.828 0.0
vertex -34.327 6.828 3.0
endloop
endfacet
facet normal -0.0 0.0 1.0
outer loop
vertex -33.951 8.504 3.0
vertex -34.327 6.828 3.0
vertex -28.907 7.241 3.0
endloop
endfacet
facet normal 0.0 0.0 1.0
outer loop
vertex -28.907 7.241 3.0
vertex -34.327 6.828 3.0
vertex -29.227 5.814 3.0
endloop
endfacet
facet normal -0.975766927201966 0.2188124854272106 0.0
outer loop
vertex -28.907 7.241 3.0
vertex -29.227 5.814 3.0
vertex -28.907 7.241 52.0
endloop
endfacet
facet normal -0.975766927201966 0.2188124854272106 0.0
outer loop
vertex -28.907 7.241 52.0
vertex -29.227 5.814 3.0
vertex -29.227 5.814 52.0
endloop
endfacet
facet normal -0.6900868690515307 0.15474968331919417 0.7069884360265482
outer loop
vertex -28.907 7.241 52.0
vertex -29.227 5.814 52.0
vertex -27.937 6.998 53.0
endloop
endfacet
facet normal -0.6902668035277488 0.15517237787788338 0.7067200811433815
outer loop
vertex -27.937 6.998 53.0
vertex -29.227 5.814 52.0
vertex -28.247 5.619 53.0
endloop
endfacet
facet normal -0.0 0.0 1.0
outer loop
vertex -27.937 6.998 53.0
vertex -28.247 5.619 53.0
vertex -24.542 6.147 53.0
endloop
endfacet
facet normal 0.0 0.0 1.0
outer loop
vertex -24.542 6.147 53.0
vertex -28.247 5.619 53.0
vertex -24.814 4.936 53.0
endloop
endfacet
facet normal 0.9756916471312844 -0.21914791743989084 0.0
outer loop
vertex -24.542 6.147 53.0
vertex -24.814 4.936 53.0
vertex -24.542 6.147 1.0
endloop
endfacet
facet normal 0.9756916471312844 -0.21914791743989084 0.0
outer loop
vertex -24.542 6.147 1.0
vertex -24.814 4.936 53.0
vertex -24.814 4.936 1.0
endloop
endfacet
facet normal 0.9730781417533251 -0.21856090384550195 -0.07314411358498474
outer loop
vertex -24.542 6.147 1.0
vertex -24.814 4.936 1.0
vertex -24.552 6.15 0.858
endloop
endfacet
facet normal 0.9732250854476613 -0.21841355052950967 -0.0716132250389937
outer loop
vertex -24.552 6.15 0.858
vertex -24.814 4.936 1.0
vertex -24.824 4.938 0.858
endloop
endfacet
facet normal 0.954309585198598 -0.2141684877673436 -0.20838683846521833
outer loop
vertex -24.552 6.15 0.858
vertex -24.824 4.938 0.858
vertex -24.581 6.157 0.718
endloop
endfacet
facet normal 0.953116922076717 -0.21451023885156098 -0.2134326363957759
outer loop
vertex -24.581 6.157 0.718
vertex -24.824 4.938 0.858
vertex -24.854 4.944 0.718
endloop
endfacet
facet normal 0.9144065877518714 -0.20579802016179768 -0.34857964251152623
outer loop
vertex -24.581 6.157 0.718
vertex -24.854 4.944 0.718
vertex -24.629 6.169 0.585
endloop
endfacet
facet normal 0.9159866807937972 -0.20564503606637047 -0.3444974887421153
outer loop
vertex -24.629 6.169 0.585
vertex -24.854 4.944 0.718
vertex -24.902 4.953 0.585
endloop
endfacet
facet normal 0.8555173431540223 -0.19206927194165124 -0.4808320604311728
outer loop
vertex -24.629 6.169 0.585
vertex -24.902 4.953 0.585
vertex -24.696 6.186 0.459
endloop
endfacet
facet normal 0.8545567877378676 -0.19208249371630304 -0.48253187681112136
outer loop
vertex -24.696 6.186 0.459
vertex -24.902 4.953 0.585
vertex -24.97 4.967 0.459
endloop
endfacet
facet normal 0.7802465664499937 -0.17537945792231022 -0.6003809967694448
outer loop
vertex -24.696 6.186 0.459
vertex -24.97 4.967 0.459
vertex -24.779 6.207 0.345
endloop
endfacet
facet normal 0.7839980143423332 -0.17550282347205878 -0.5954375470698957
outer loop
vertex -24.779 6.207 0.345
vertex -24.97 4.967 0.459
vertex -25.053 4.983 0.345
endloop
endfacet
facet normal 0.6904528840471386 -0.1545621652197031 -0.7066720257613047
outer loop
vertex -24.779 6.207 0.345
vertex -25.053 4.983 0.345
vertex -24.877 6.231 0.244
endloop
endfacet
facet normal 0.6900922141901948 -0.15454019454585105 -0.7070290405519458
outer loop
vertex -24.877 6.231 0.244
vertex -25.053 4.983 0.345
vertex -25.152 5.003 0.244
endloop
endfacet
facet normal 0.5850791761951594 -0.13102343115119713 -0.8003219465141269
outer loop
vertex -24.877 6.231 0.244
vertex -25.152 5.003 0.244
vertex -24.987 6.259 0.159
endloop
endfacet
facet normal 0.5829080418233605 -0.13084726708676783 -0.801933418354404
outer loop
vertex -24.987 6.259 0.159
vertex -25.152 5.003 0.244
vertex -25.264 5.025 0.159
endloop
endfacet
facet normal 0.4697749687739839 -0.10545191762592708 -0.8764652712928317
outer loop
vertex -24.987 6.259 0.159
vertex -25.264 5.025 0.159
vertex -25.109 6.289 0.09
endloop
endfacet
facet normal 0.4701274408033155 -0.10548460737959736 -0.8762723246854812
outer loop
vertex -25.109 6.289 0.09
vertex -25.264 5.025 0.159
vertex -25.387 5.05 0.09
endloop
endfacet
facet normal 0.33494275653551525 -0.07515261203944537 -0.9392366234064976
outer loop
vertex -25.109 6.289 0.09
vertex -25.387 5.05 0.09
vertex -25.239 6.322 0.041
endloop
endfacet
facet normal 0.3362037152740348 -0.07528157027404146 -0.9387756638372184
outer loop
vertex -25.239 6.322 0.041
vertex -25.387 5.05 0.09
vertex -25.518 5.076 0.041
endloop
endfacet
facet normal 0.2121710749110886 -0.04750861147688096 -0.9760770291358218
outer loop
vertex -25.239 6.322 0.041
vertex -25.518 5.076 0.041
vertex -25.374 6.356 0.01
endloop
endfacet
facet normal 0.21154578017705375 -0.047441631468278206 -0.9762159978677412
outer loop
vertex -25.374 6.356 0.01
vertex -25.518 5.076 0.041
vertex -25.655 5.103 0.01
endloop
endfacet
facet normal 0.0685001551421861 -0.015361966157186319 -0.9975328258966129
outer loop
vertex -25.374 6.356 0.01
vertex -25.655 5.103 0.01
vertex -25.512 6.39 0.0
endloop
endfacet
facet normal 0.06818840864334794 -0.015327497733175183 -0.9975547146597662
outer loop
vertex -25.512 6.39 0.0
vertex -25.655 5.103 0.01
vertex -25.795 5.131 0.0
endloop
endfacet
facet normal -0.0 0.0 -1.0
outer loop
vertex -25.795 5.131 0.0
vertex -26.015 3.859 0.0
vertex -34.327 6.828 0.0
endloop
endfacet
facet normal -0.0 -0.0 -1.0
outer loop
vertex -34.327 6.828 0.0
vertex -26.015 3.859 0.0
vertex -34.621 5.136 0.0
endloop
endfacet
facet normal -0.985237385985719 0.17119373018901024 0.0
outer loop
vertex -34.327 6.828 0.0
vertex -34.621 5.136 0.0
vertex -34.327 6.828 3.0
endloop
endfacet
facet normal -0.985237385985719 0.17119373018901024 0.0
outer loop
vertex -34.327 6.828 3.0
vertex -34.621 5.136 0.0
vertex -34.621 5.136 3.0
endloop
endfacet
facet normal -0.0 0.0 1.0
outer loop
vertex -34.327 6.828 3.0
vertex -34.621 5.136 3.0
vertex -29.227 5.814 3.0
endloop
endfacet
facet normal 0.0 0.0 1.0
outer loop
vertex -29.227 5.814 3.0
vertex -34.621 5.136 3.0
vertex -29.477 4.373 3.0
endloop
endfacet
facet normal -0.9852819287472953 0.17093718402971814 0.0
outer loop
vertex -29.227 5.814 3.0
vertex -29.477 4.373 3.0
vertex -29.227 5.814 52.0
endloop
endfacet
facet normal -0.9852819287472953 0.17093718402971814 0.0
outer loop
vertex -29.227 5.814 52.0
vertex -29.477 4.373 3.0
vertex -29.477 4.373 52.0
endloop
endfacet
facet normal -0.6970796720846231 0.12093679251988604 0.7067207531843087
outer loop
vertex -29.227 5.814 52.0
vertex -29.477 4.373 52.0
vertex -28.247 5.619 53.0
endloop
endfacet
facet normal -0.6969014511720882 0.12056945422288087 0.7069592449799593
outer loop
vertex -28.247 5.619 53.0
vertex -29.477 4.373 52.0
vertex -28.488 4.226 53.0
endloop
endfacet
facet normal -0.0 0.0 1.0
outer loop
vertex -28.247 5.619 53.0
vertex -28.488 4.226 53.0
vertex -24.814 4.936 53.0
endloop
endfacet
facet normal 0.0 0.0 1.0
outer loop
vertex -24.814 4.936 53.0
vertex -28.488 4.226 53.0
vertex -25.026 3.712 53.0
endloop
endfacet
facet normal 0.985329686823767 -0.1706616777832013 0.0
outer loop
vertex -24.814 4.936 53.0
vertex -25.026 3.712 53.0
vertex -24.814 4.936 1.0
endloop
endfacet
facet normal 0.985329686823767 -0.1706616777832013 0.0
outer loop
vertex -24.814 4.936 1.0
vertex -25.026 3.712 53.0
vertex -25.026 3.712 1.0
endloop
endfacet
facet normal 0.9828001436657976 -0.17022355429505628 -0.07160879257218021
outer loop
vertex -24.814 4.936 1.0
vertex -25.026 3.712 1.0
vertex -24.824 4.938 0.858
endloop
endfacet
facet normal 0.9828001436657976 -0.1702235542950563 -0.0716087925721802
outer loop
vertex -24.824 4.938 0.858
vertex -25.026 3.712 1.0
vertex -25.036 3.714 0.858
endloop
endfacet
facet normal 0.9626276025027071 -0.16672961742693929 -0.21342289842600384
outer loop
vertex -24.824 4.938 0.858
vertex -25.036 3.714 0.858
vertex -24.854 4.944 0.718
endloop
endfacet
facet normal 0.9631598537848278 -0.16654966476540234 -0.21114995909002937
outer loop
vertex -24.854 4.944 0.718
vertex -25.036 3.714 0.858
vertex -25.066 3.718 0.718
endloop
endfacet
facet normal 0.9250005944440784 -0.15995116315019933 -0.34465856392232574
outer loop
vertex -24.854 4.944 0.718
vertex -25.066 3.718 0.718
vertex -24.902 4.953 0.585
endloop
endfacet
facet normal 0.9206732556638437 -0.1605738196512317 -0.3557763409052835
outer loop
vertex -24.902 4.953 0.585
vertex -25.066 3.718 0.718
vertex -25.116 3.726 0.585
endloop
endfacet
facet normal 0.8629132724488036 -0.1504999513480381 -0.48242144321737507
outer loop
vertex -24.902 4.953 0.585
vertex -25.116 3.726 0.585
vertex -24.97 4.967 0.459
endloop
endfacet
facet normal 0.8679305591955303 -0.1501780740119 -0.47343752544618845
outer loop
vertex -24.97 4.967 0.459
vertex -25.116 3.726 0.585
vertex -25.183 3.736 0.459
endloop
endfacet
facet normal 0.7915650407684256 -0.13696454401598335 -0.595537992000321
outer loop
vertex -24.97 4.967 0.459
vertex -25.183 3.736 0.459
vertex -25.053 4.983 0.345
endloop
endfacet
facet normal 0.7871551288676265 -0.13703510340610497 -0.6013386596019488
outer loop
vertex -25.053 4.983 0.345
vertex -25.183 3.736 0.459
vertex -25.268 3.748 0.345
endloop
endfacet
facet normal 0.696755938173176 -0.12129759247549217 -0.7069781161252919
outer loop
vertex -25.053 4.983 0.345
vertex -25.268 3.748 0.345
vertex -25.152 5.003 0.244
endloop
endfacet
facet normal 0.696304363049702 -0.12129172775704346 -0.707423883379449
outer loop
vertex -25.152 5.003 0.244
vertex -25.268 3.748 0.345
vertex -25.368 3.763 0.244
endloop
endfacet
facet normal 0.5885017974648765 -0.10251321633259021 -0.8019704950044966
outer loop
vertex -25.152 5.003 0.244
vertex -25.368 3.763 0.244
vertex -25.264 5.025 0.159
endloop
endfacet
facet normal 0.5880709600095537 -0.10249911511813209 -0.8022882757422308
outer loop
vertex -25.264 5.025 0.159
vertex -25.368 3.763 0.244
vertex -25.481 3.78 0.159
endloop
endfacet
facet normal 0.47472823260951674 -0.08274379636647886 -0.8762343118859858
outer loop
vertex -25.264 5.025 0.159
vertex -25.481 3.78 0.159
vertex -25.387 5.05 0.09
endloop
endfacet
facet normal 0.478311309698826 -0.08290219984396538 -0.8742685607267511
outer loop
vertex -25.387 5.05 0.09
vertex -25.481 3.78 0.159
vertex -25.604 3.798 0.09
endloop
endfacet
facet normal 0.3394674876299047 -0.058837415986971967 -0.9387757896975276
outer loop
vertex -25.387 5.05 0.09
vertex -25.604 3.798 0.09
vertex -25.518 5.076 0.041
endloop
endfacet
facet normal 0.33732173031671 -0.05872294033335351 -0.9395561007916166
outer loop
vertex -25.518 5.076 0.041
vertex -25.604 3.798 0.09
vertex -25.737 3.818 0.041
endloop
endfacet
facet normal 0.21356921911372165 -0.037179379162086294 -0.976220201805042
outer loop
vertex -25.518 5.076 0.041
vertex -25.737 3.818 0.041
vertex -25.655 5.103 0.01
endloop
endfacet
facet normal 0.21388893260351383 -0.03719807523539353 -0.9761494904513917
outer loop
vertex -25.655 5.103 0.01
vertex -25.737 3.818 0.041
vertex -25.875 3.838 0.01
endloop
endfacet
facet normal 0.06885880654787313 -0.011975444617021358 -0.9975545365978881
outer loop
vertex -25.655 5.103 0.01
vertex -25.875 3.838 0.01
vertex -25.795 5.131 0.0
endloop
endfacet
facet normal 0.06944919297894206 -0.012011652873716328 -0.997513172739997
outer loop
vertex -25.795 5.131 0.0
vertex -25.875 3.838 0.01
vertex -26.015 3.859 0.0
endloop
endfacet
facet normal -0.0 0.0 -1.0
outer loop
vertex -26.015 3.859 0.0
vertex -26.173 2.578 0.0
vertex -34.621 5.136 0.0
endloop
endfacet
facet normal -0.0 -0.0 -0.9999999999999999
outer loop
vertex -34.621 5.136 0.0
vertex -26.173 2.578 0.0
vertex -34.831 3.431 0.0
endloop
endfacet
facet normal -0.992500149235439 0.12224342014043581 0.0
outer loop
vertex -34.621 5.136 0.0
vertex -34.831 3.431 0.0
vertex -34.621 5.136 3.0
endloop
endfacet
facet normal -0.992500149235439 0.12224342014043581 0.0
outer loop
vertex -34.621 5.136 3.0
vertex -34.831 3.431 0.0
vertex -34.831 3.431 3.0
endloop
endfacet
facet normal -0.0 0.0 1.0
outer loop
vertex -34.621 5.136 3.0
vertex -34.831 3.431 3.0
vertex -29.477 4.373 3.0
endloop
endfacet
facet normal 0.0 0.0 0.9999999999999999
outer loop
vertex -29.477 4.373 3.0
vertex -34.831 3.431 3.0
vertex -29.657 2.921 3.0
endloop
endfacet
facet normal -0.9924035429920359 0.12302523260231826 0.0
outer loop
vertex -29.477 4.373 3.0
vertex -29.657 2.921 3.0
vertex -29.477 4.373 52.0
endloop
endfacet
facet normal -0.9924035429920359 0.12302523260231826 0.0
outer loop
vertex -29.477 4.373 52.0
vertex -29.657 2.921 3.0
vertex -29.657 2.921 52.0
endloop
endfacet
facet normal -0.7018855278889562 0.08701060263086217 0.706955345668915
outer loop
vertex -29.477 4.373 52.0
vertex -29.657 2.921 52.0
vertex -28.488 4.226 53.0
endloop
endfacet
facet normal -0.7016139081114575 0.08651404569015213 0.7072858289566456
outer loop
vertex -28.488 4.226 53.0
vertex -29.657 2.921 52.0
vertex -28.661 2.823 53.0
endloop
endfacet
facet normal -0.0 0.0 1.0
outer loop
vertex -28.488 4.226 53.0
vertex -28.661 2.823 53.0
vertex -25.026 3.712 53.0
endloop
endfacet
facet normal 0.0 0.0 1.0
outer loop
vertex -25.026 3.712 53.0
vertex -28.661 2.823 53.0
vertex -25.178 2.48 53.0
endloop
endfacet
facet normal 0.9924749053145437 -0.12244820260374321 0.0
outer loop
vertex -25.026 3.712 53.0
vertex -25.178 2.48 53.0
vertex -25.026 3.712 1.0
endloop
endfacet
facet normal 0.9924749053145437 -0.12244820260374321 0.0
outer loop
vertex -25.026 3.712 1.0
vertex -25.178 2.48 53.0
vertex -25.178 2.48 1.0
endloop
endfacet
facet normal 0.989939439504121 -0.12213538539336638 -0.07143426173119333
outer loop
vertex -25.026 3.712 1.0
vertex -25.178 2.48 1.0
vertex -25.036 3.714 0.858
endloop
endfacet
facet normal 0.9900119247057894 -0.12204526565715931 -0.07057862332896528
outer loop
vertex -25.036 3.714 0.858
vertex -25.178 2.48 1.0
vertex -25.188 2.481 0.858
endloop
endfacet
facet normal 0.9700797813272485 -0.11958809956345443 -0.2112910417004924
outer loop
vertex -25.036 3.714 0.858
vertex -25.188 2.481 0.858
vertex -25.066 3.718 0.718
endloop
endfacet
facet normal 0.9702662279717684 -0.11951415449895443 -0.21047520930465022
outer loop
vertex -25.066 3.718 0.718
vertex -25.188 2.481 0.858
vertex -25.218 2.484 0.718
endloop
endfacet
facet normal 0.927625854699483 -0.11426185568421585 -0.35560441789810915
outer loop
vertex -25.066 3.718 0.718
vertex -25.218 2.484 0.718
vertex -25.116 3.726 0.585
endloop
endfacet
facet normal 0.9285069549557273 -0.11409301305842483 -0.3533519760381891
outer loop
vertex -25.116 3.726 0.585
vertex -25.218 2.484 0.718
vertex -25.268 2.489 0.585
endloop
endfacet
facet normal 0.8742650547018597 -0.10742788061009179 -0.47341299580258506
outer loop
vertex -25.116 3.726 0.585
vertex -25.268 2.489 0.585
vertex -25.183 3.736 0.459
endloop
endfacet
facet normal 0.8727624004605288 -0.10760084389239302 -0.47613847852911495
outer loop
vertex -25.183 3.736 0.459
vertex -25.268 2.489 0.585
vertex -25.336 2.495 0.459
endloop
endfacet
facet normal 0.7928867437571842 -0.09775316018924103 -0.6014772907160719
outer loop
vertex -25.183 3.736 0.459
vertex -25.336 2.495 0.459
vertex -25.268 3.748 0.345
endloop
endfacet
facet normal 0.7941409879228716 -0.0976716809905131 -0.5998335886171873
outer loop
vertex -25.268 3.748 0.345
vertex -25.336 2.495 0.459
vertex -25.421 2.504 0.345
endloop
endfacet
facet normal 0.7015296203997217 -0.08628137614240873 -0.7073978483376908
outer loop
vertex -25.268 3.748 0.345
vertex -25.421 2.504 0.345
vertex -25.368 3.763 0.244
endloop
endfacet
facet normal 0.7001800020737065 -0.08633124124847937 -0.7087276497220645
outer loop
vertex -25.368 3.763 0.244
vertex -25.421 2.504 0.345
vertex -25.522 2.514 0.244
endloop
endfacet
facet normal 0.592482756450763 -0.07305231744869292 -0.8022640103007744
outer loop
vertex -25.368 3.763 0.244
vertex -25.522 2.514 0.244
vertex -25.481 3.78 0.159
endloop
endfacet
facet normal 0.5949780709004877 -0.07300926128978093 -0.8004191045405242
outer loop
vertex -25.481 3.78 0.159
vertex -25.522 2.514 0.244
vertex -25.635 2.525 0.159
endloop
endfacet
facet normal 0.4818003018361807 -0.05912131193846358 -0.8742843585614696
outer loop
vertex -25.481 3.78 0.159
vertex -25.635 2.525 0.159
vertex -25.604 3.798 0.09
endloop
endfacet
facet normal 0.4780589967600794 -0.05914131918681484 -0.876334353989155
outer loop
vertex -25.604 3.798 0.09
vertex -25.635 2.525 0.159
vertex -25.76 2.537 0.09
endloop
endfacet
facet normal 0.3398272986066415 -0.042040490549275875 -0.9395477658299703
outer loop
vertex -25.604 3.798 0.09
vertex -25.76 2.537 0.09
vertex -25.737 3.818 0.041
endloop
endfacet
facet normal 0.34177823295911763 -0.04204842613692676 -0.9388394800682119
outer loop
vertex -25.737 3.818 0.041
vertex -25.76 2.537 0.09
vertex -25.893 2.55 0.041
endloop
endfacet
facet normal 0.21544035032133813 -0.026505279692530952 -0.9761572238127626
outer loop
vertex -25.737 3.818 0.041
vertex -25.893 2.55 0.041
vertex -25.875 3.838 0.01
endloop
endfacet
facet normal 0.2150538940224003 -0.026501931994911184 -0.9762425263562019
outer loop
vertex -25.875 3.838 0.01
vertex -25.893 2.55 0.041
vertex -26.032 2.564 0.01
endloop
endfacet
facet normal 0.06995773257726265 -0.008621164846648538 -0.9975127022596428
outer loop
vertex -25.875 3.838 0.01
vertex -26.032 2.564 0.01
vertex -26.015 3.859 0.0
endloop
endfacet
facet normal 0.06989000142161268 -0.008620312431393162 -0.9975174574486766
outer loop
vertex -26.015 3.859 0.0
vertex -26.032 2.564 0.01
vertex -26.173 2.578 0.0
endloop
endfacet
facet normal -0.0 0.0 -1.0
outer loop
vertex -26.173 2.578 0.0
vertex -26.268 1.29 0.0
vertex -34.831 3.431 0.0
endloop
endfacet
facet normal -0.0 -0.0 -0.9999999999999999
outer loop
vertex -34.831 3.431 0.0
vertex -26.268 1.29 0.0
vertex -34.958 1.717 0.0
endloop
endfacet
facet normal -0.9972661666805244 0.07389311736780745 0.0
outer loop
vertex -34.831 3.431 0.0
vertex -34.958 1.717 0.0
vertex -34.831 3.431 3.0
endloop
endfacet
facet normal -0.9972661666805244 0.07389311736780745 0.0
outer loop
vertex -34.831 3.431 3.0
vertex -34.958 1.717 0.0
vertex -34.958 1.717 3.0
endloop
endfacet
facet normal -0.0 0.0 1.0
outer loop
vertex -34.831 3.431 3.0
vertex -34.958 1.717 3.0
vertex -29.657 2.921 3.0
endloop
endfacet
facet normal 0.0 0.0 1.0
outer loop
vertex -29.657 2.921 3.0
vertex -34.958 1.717 3.0
vertex -29.764 1.462 3.0
endloop
endfacet
facet normal -0.9973215755112581 0.07314147263859078 0.0
outer loop
vertex -29.657 2.921 3.0
vertex -29.764 1.462 3.0
vertex -29.657 2.921 52.0
endloop
endfacet
facet normal -0.9973215755112581 0.07314147263859078 0.0
outer loop
vertex -29.657 2.921 52.0
vertex -29.764 1.462 3.0
vertex -29.764 1.462 52.0
endloop
endfacet
facet normal -0.7050365137774561 0.05170589922836692 0.7072835458467254
outer loop
vertex -29.657 2.921 52.0
vertex -29.764 1.462 52.0
vertex -28.661 2.823 53.0
endloop
endfacet
facet normal -0.7052271103018529 0.05201675139815046 0.7070707040100594
outer loop
vertex -28.661 2.823 53.0
vertex -29.764 1.462 52.0
vertex -28.765 1.413 53.0
endloop
endfacet
facet normal -0.0 0.0 0.9999999999999999
outer loop
vertex -28.661 2.823 53.0
vertex -28.765 1.413 53.0
vertex -25.178 2.48 53.0
endloop
endfacet
facet normal 0.0 0.0 1.0
outer loop
vertex -25.178 2.48 53.0
vertex -28.765 1.413 53.0
vertex -25.27 1.241 53.0
endloop
endfacet
facet normal 0.9972545617293866 -0.07404957197667662 0.0
outer loop
vertex -25.178 2.48 53.0
vertex -25.27 1.241 53.0
vertex -25.178 2.48 1.0
endloop
endfacet
facet normal 0.9972545617293866 -0.07404957197667662 0.0
outer loop
vertex -25.178 2.48 1.0
vertex -25.27 1.241 53.0
vertex -25.27 1.241 1.0
endloop
endfacet
facet normal 0.994767935926868 -0.0738649314812515 -0.07057425556864749
outer loop
vertex -25.178 2.48 1.0
vertex -25.27 1.241 1.0
vertex -25.188 2.481 0.858
endloop
endfacet
facet normal 0.9947679359268662 -0.07386493148125421 -0.07057425556867225
outer loop
vertex -25.188 2.481 0.858
vertex -25.27 1.241 1.0
vertex -25.28 1.242 0.858
endloop
endfacet
facet normal 0.9749180403929045 -0.07239100864903106 -0.21046224455525245
outer loop
vertex -25.188 2.481 0.858
vertex -25.28 1.242 0.858
vertex -25.218 2.484 0.718
endloop
endfacet
facet normal 0.975138182770415 -0.07229066302568653 -0.2094745439009699
outer loop
vertex -25.218 2.484 0.718
vertex -25.28 1.242 0.858
vertex -25.31 1.243 0.718
endloop
endfacet
facet normal 0.9329389980789312 -0.06916227866499638 -0.35332903231031726
outer loop
vertex -25.218 2.484 0.718
vertex -25.31 1.243 0.718
vertex -25.268 2.489 0.585
endloop
endfacet
facet normal 0.9332895217143853 -0.06907693966027537 -0.3524188489075244
outer loop
vertex -25.268 2.489 0.585
vertex -25.31 1.243 0.718
vertex -25.36 1.246 0.585
endloop
endfacet
facet normal 0.8768718621751058 -0.06490121586493051 -0.4763229676436105
outer loop
vertex -25.268 2.489 0.585
vertex -25.36 1.246 0.585
vertex -25.336 2.495 0.459
endloop
endfacet
facet normal 0.877527398972909 -0.0647933553013721 -0.4751289142544696
outer loop
vertex -25.336 2.495 0.459
vertex -25.36 1.246 0.585
vertex -25.428 1.249 0.459
endloop
endfacet
facet normal 0.7980567162821294 -0.05892553603367394 -0.5996943044586377
outer loop
vertex -25.336 2.495 0.459
vertex -25.428 1.249 0.459
vertex -25.421 2.504 0.345
endloop
endfacet
facet normal 0.7993088764774998 -0.05878210762264734 -0.5980384467638483
outer loop
vertex -25.421 2.504 0.345
vertex -25.428 1.249 0.459
vertex -25.513 1.253 0.345
endloop
endfacet
facet normal 0.7035933775233801 -0.051743078123223485 -0.7087164545652771
outer loop
vertex -25.421 2.504 0.345
vertex -25.513 1.253 0.345
vertex -25.522 2.514 0.244
endloop
endfacet
facet normal 0.7048844713949858 -0.051631665102181784 -0.70744049441984
outer loop
vertex -25.522 2.514 0.244
vertex -25.513 1.253 0.345
vertex -25.614 1.258 0.244
endloop
endfacet
facet normal 0.5978284553010739 -0.04378998239466575 -0.8004271206513475
outer loop
vertex -25.522 2.514 0.244
vertex -25.614 1.258 0.244
vertex -25.635 2.525 0.159
endloop
endfacet
facet normal 0.5956830780883728 -0.04393221749581178 -0.802017225965292
outer loop
vertex -25.635 2.525 0.159
vertex -25.614 1.258 0.244
vertex -25.728 1.264 0.159
endloop
endfacet
facet normal 0.48035032643271086 -0.03542631273452981 -0.8763609645928001
outer loop
vertex -25.635 2.525 0.159
vertex -25.728 1.264 0.159
vertex -25.76 2.537 0.09
endloop
endfacet
facet normal 0.48165913325546117 -0.035354616726722875 -0.8756452080767099
outer loop
vertex -25.76 2.537 0.09
vertex -25.728 1.264 0.159
vertex -25.853 1.27 0.09
endloop
endfacet
facet normal 0.34342511010068805 -0.025207999399655866 -0.9388417068487089
outer loop
vertex -25.76 2.537 0.09
vertex -25.853 1.27 0.09
vertex -25.893 2.55 0.041
endloop
endfacet
facet normal 0.34215670476423365 -0.025265302629879936 -0.939303174628885
outer loop
vertex -25.893 2.55 0.041
vertex -25.853 1.27 0.09
vertex -25.987 1.277 0.041
endloop
endfacet
facet normal 0.21611474299565464 -0.015958197833142992 -0.9762375498728987
outer loop
vertex -25.893 2.55 0.041
vertex -25.987 1.277 0.041
vertex -26.032 2.564 0.01
endloop
endfacet
facet normal 0.21699147625574125 -0.01592287179394218 -0.9760436267842683
outer loop
vertex -26.032 2.564 0.01
vertex -25.987 1.277 0.041
vertex -26.126 1.283 0.01
endloop
endfacet
facet normal 0.0702341775058764 -0.005153796007457038 -0.9975172172432847
outer loop
vertex -26.032 2.564 0.01
vertex -26.126 1.283 0.01
vertex -26.173 2.578 0.0
endloop
endfacet
facet normal 0.0699943793179069 -0.0051626289093178 -0.9975340265507968
outer loop
vertex -26.173 2.578 0.0
vertex -26.126 1.283 0.01
vertex -26.268 1.29 0.0
endloop
endfacet
facet normal -0.0 0.0 -0.9999999999999999
outer loop
vertex -26.268 1.29 0.0
vertex -26.3 0.0 0.0
vertex -34.958 1.717 0.0
endloop
endfacet
facet normal -0.0 -0.0 -0.9999999999999999
outer loop
vertex -34.958 1.717 0.0
vertex -26.3 0.0 0.0
vertex -35.0 0.0 0.0
endloop
endfacet
facet normal -0.9997009573366754 0.024453954693151987 0.0
outer loop
vertex -34.958 1.717 0.0
vertex -35.0 0.0 0.0
vertex -34.958 1.717 3.0
endloop
endfacet
facet normal -0.9997009573366754 0.024453954693151987 0.0
outer loop
vertex -34.958 1.717 3.0
vertex -35.0 0.0 0.0
vertex -35.0 0.0 3.0
endloop
endfacet
facet normal -0.0 0.0 1.0
outer loop
vertex -34.958 1.717 3.0
vertex -35.0 0.0 3.0
vertex -29.764 1.462 3.0
endloop
endfacet
facet normal -0.0 0.0 1.0
outer loop
vertex -29.764 1.462 3.0
vertex -35.0 0.0 3.0
vertex -29.8 0.0 3.0
endloop
endfacet
facet normal -0.9996969719573374 0.024616341306747953 0.0
outer loop
vertex -29.764 1.462 3.0
vertex -29.8 0.0 3.0
vertex -29.764 1.462 52.0
endloop
endfacet
facet normal -0.9996969719573374 0.024616341306747953 0.0
outer loop
vertex -29.764 1.462 52.0
vertex -29.8 0.0 3.0
vertex -29.8 0.0 52.0
endloop
endfacet
facet normal -0.7069266249748402 0.01740722195560548 0.7070726522256892
outer loop
vertex -29.764 1.462 52.0
vertex -29.8 0.0 52.0
vertex -28.765 1.413 53.0
endloop
endfacet
facet normal -0.7069983443432244 0.017512343985854883 0.7069983443432244
outer loop
vertex -28.765 1.413 53.0
vertex -29.8 0.0 52.0
vertex -28.8 0.0 53.0
endloop
endfacet
facet normal -0.0 0.0 1.0
outer loop
vertex -28.765 1.413 53.0
vertex -28.8 0.0 53.0
vertex -25.27 1.241 53.0
endloop
endfacet
facet normal -0.0 0.0 1.0
outer loop
vertex -25.27 1.241 53.0
vertex -28.8 0.0 53.0
vertex -25.3 0.0 53.0
endloop
endfacet
facet normal 0.9997079355786394 -0.0241669928020631 0.0
outer loop
vertex -25.27 1.241 53.0
vertex -25.3 0.0 53.0
vertex -25.27 1.241 1.0
endloop
endfacet
facet normal 0.9997079355786394 -0.0241669928020631 0.0
outer loop
vertex -25.27 1.241 1.0
vertex -25.3 0.0 53.0
vertex -25.3 0.0 1.0
endloop
endfacet
facet normal 0.9972277087930737 -0.024107035667843144 -0.07039707129295868
outer loop
vertex -25.27 1.241 1.0
vertex -25.3 0.0 1.0
vertex -25.28 1.242 0.858
endloop
endfacet
facet normal 0.9972400791094002 -0.024087924616167145 -0.07022817458515504
outer loop
vertex -25.28 1.242 0.858
vertex -25.3 0.0 1.0
vertex -25.31 0.0 0.858
endloop
endfacet
facet normal 0.9774952578707554 -0.02361099656692456 -0.20963191951919447
outer loop
vertex -25.28 1.242 0.858
vertex -25.31 0.0 0.858
vertex -25.31 1.243 0.718
endloop
endfacet
facet normal 0.9760615552442745 -0.02434264538421143 -0.21612791580410576
outer loop
vertex -25.31 1.243 0.718
vertex -25.31 0.0 0.858
vertex -25.341 0.0 0.718
endloop
endfacet
facet normal 0.9356112961049825 -0.02333382958910431 -0.35225989694749693
outer loop
vertex -25.31 1.243 0.718
vertex -25.341 0.0 0.718
vertex -25.36 1.246 0.585
endloop
endfacet
facet normal 0.9381037327559402 -0.022586767241315628 -0.34561716469955334
outer loop
vertex -25.36 1.246 0.585
vertex -25.341 0.0 0.718
vertex -25.39 0.0 0.585
endloop
endfacet
facet normal 0.8796139541209074 -0.02117850611848172 -0.47521654284586035
outer loop
vertex -25.36 1.246 0.585
vertex -25.39 0.0 0.585
vertex -25.428 1.249 0.459
endloop
endfacet
facet normal 0.8768885106927141 -0.021764246462348355 -0.48020085109362287
outer loop
vertex -25.428 1.249 0.459
vertex -25.39 0.0 0.585
vertex -25.459 0.0 0.459
endloop
endfacet
facet normal 0.8011915870554557 -0.019885459726755938 -0.5980774275317667
outer loop
vertex -25.428 1.249 0.459
vertex -25.459 0.0 0.459
vertex -25.513 1.253 0.345
endloop
endfacet
facet normal 0.8015269493459164 -0.019830275682140824 -0.5976297429333643
outer loop
vertex -25.513 1.253 0.345
vertex -25.459 0.0 0.459
vertex -25.544 0.0 0.345
endloop
endfacet
facet normal 0.7065659062031846 -0.017480880360971972 -0.7074312963200582
outer loop
vertex -25.513 1.253 0.345
vertex -25.544 0.0 0.345
vertex -25.614 1.258 0.244
endloop
endfacet
facet normal 0.7069994593158145 -0.017422085245460583 -0.7069994593158084
outer loop
vertex -25.614 1.258 0.244
vertex -25.544 0.0 0.345
vertex -25.645 0.0 0.244
endloop
endfacet
facet normal 0.5971846539605952 -0.01471599703718421 -0.8019687827497813
outer loop
vertex -25.614 1.258 0.244
vertex -25.645 0.0 0.244
vertex -25.728 1.264 0.159
endloop
endfacet
facet normal 0.5976830617689294 -0.014658366230091853 -0.8015984593136284
outer loop
vertex -25.728 1.264 0.159
vertex -25.645 0.0 0.244
vertex -25.759 0.0 0.159
endloop
endfacet
facet normal 0.4827929279167462 -0.011840649339729873 -0.8756544910961109
outer loop
vertex -25.728 1.264 0.159
vertex -25.759 0.0 0.159
vertex -25.853 1.27 0.09
endloop
endfacet
facet normal 0.4802794512562654 -0.012101529480472842 -0.8770320414244931
outer loop
vertex -25.853 1.27 0.09
vertex -25.759 0.0 0.159
vertex -25.885 0.0 0.09
endloop
endfacet
facet normal 0.3430196533986423 -0.008643014888784696 -0.9392884624416014
outer loop
vertex -25.853 1.27 0.09
vertex -25.885 0.0 0.09
vertex -25.987 1.277 0.041
endloop
endfacet
facet normal 0.3456931855646966 -0.008391925413082542 -0.9383100751041702
outer loop
vertex -25.987 1.277 0.041
vertex -25.885 0.0 0.09
vertex -26.018 0.0 0.041
endloop
endfacet
facet normal 0.21745376816511008 -0.005278830707219206 -0.9760563470707821
outer loop
vertex -25.987 1.277 0.041
vertex -26.018 0.0 0.041
vertex -26.126 1.283 0.01
endloop
endfacet
facet normal 0.21618883626308277 -0.005392083211550003 -0.9763366798977972
outer loop
vertex -26.126 1.283 0.01
vertex -26.018 0.0 0.041
vertex -26.158 0.0 0.01
endloop
endfacet
facet normal 0.07016260970279573 -0.0017499637649956864 -0.9975340324151926
outer loop
vertex -26.126 1.283 0.01
vertex -26.158 0.0 0.01
vertex -26.268 1.29 0.0
endloop
endfacet
facet normal 0.07024845097624734 -0.0017425972335193148 -0.9975280038627085
outer loop
vertex -26.268 1.29 0.0
vertex -26.158 0.0 0.01
vertex -26.3 0.0 0.0
endloop
endfacet
facet normal -0.0 -0.0 -1.0
outer loop
vertex -26.3 0.0 0.0
vertex -26.268 -1.29 0.0
vertex -35.0 0.0 0.0
endloop
endfacet
facet normal 0.0 -0.0 -1.0
outer loop
vertex -35.0 0.0 0.0
vertex -26.268 -1.29 0.0
vertex -34.958 -1.717 0.0
endloop
endfacet
facet normal -0.9997009573366754 -0.024453954693151987 0.0
outer loop
vertex -35.0 0.0 0.0
vertex -34.958 -1.717 0.0
vertex -35.0 0.0 3.0
endloop
endfacet
facet normal -0.9997009573366754 -0.024453954693151987 0.0
outer loop
vertex -35.0 0.0 3.0
vertex -34.958 -1.717 0.0
vertex -34.958 -1.717 3.0
endloop
endfacet
facet normal -0.0 0.0 1.0
outer loop
vertex -35.0 0.0 3.0
vertex -34.958 -1.717 3.0
vertex -29.8 0.0 3.0
endloop
endfacet
facet normal -0.0 0.0 1.0
outer loop
vertex -29.8 0.0 3.0
vertex -34.958 -1.717 3.0
vertex -29.764 -1.462 3.0
endloop
endfacet
facet normal -0.9996969719573374 -0.024616341306747953 0.0
outer loop
vertex -29.8 0.0 3.0
vertex -29.764 -1.462 3.0
vertex -29.8 0.0 52.0
endloop
endfacet
facet normal -0.9996969719573374 -0.024616341306747953 0.0
outer loop
vertex -29.8 0.0 52.0
vertex -29.764 -1.462 3.0
vertex -29.764 -1.462 52.0
endloop
endfacet
facet normal -0.706999620241886 -0.017409019376681847 0.706999620241886
outer loop
vertex -29.8 0.0 52.0
vertex -29.764 -1.462 52.0
vertex -28.8 0.0 53.0
endloop
endfacet
facet normal -0.7069228182910543 -0.01751047320607714 0.7070739086598602
outer loop
vertex -28.8 0.0 53.0
vertex -29.764 -1.462 52.0
vertex -28.765 -1.413 53.0
endloop
endfacet
facet normal -0.0 0.0 1.0
outer loop
vertex -28.8 0.0 53.0
vertex -28.765 -1.413 53.0
vertex -25.3 0.0 53.0
endloop
endfacet
facet normal -0.0 0.0 1.0
outer loop
vertex -25.3 0.0 53.0
vertex -28.765 -1.413 53.0
vertex -25.27 -1.241 53.0
endloop
endfacet
facet normal 0.9997079355786394 0.0241669928020631 0.0
outer loop
vertex -25.3 0.0 53.0
vertex -25.27 -1.241 53.0
vertex -25.3 0.0 1.0
endloop
endfacet
facet normal 0.9997079355786394 0.0241669928020631 0.0
outer loop
vertex -25.3 0.0 1.0
vertex -25.27 -1.241 53.0
vertex -25.27 -1.241 1.0
endloop
endfacet
facet normal 0.9972396126634278 0.024107323432638165 -0.07022814173684713
outer loop
vertex -25.3 0.0 1.0
vertex -25.27 -1.241 1.0
vertex -25.31 0.0 0.858
endloop
endfacet
facet normal 0.9972281848181827 0.024087637314446915 -0.07039696820773118
outer loop
vertex -25.31 0.0 0.858
vertex -25.27 -1.241 1.0
vertex -25.28 -1.242 0.858
endloop
endfacet
facet normal 0.976079475909417 0.023576798935008175 -0.21613188395138735
outer loop
vertex -25.31 0.0 0.858
vertex -25.28 -1.242 0.858
vertex -25.341 0.0 0.718
endloop
endfacet
facet normal 0.9774761359328573 0.024377924548608907 -0.20963330001808544
outer loop
vertex -25.341 0.0 0.718
vertex -25.28 -1.242 0.858
vertex -25.31 -1.243 0.718
endloop
endfacet
facet normal 0.9380862796827535 0.02339555484325629 -0.34561073461995817
outer loop
vertex -25.341 0.0 0.718
vertex -25.31 -1.243 0.718
vertex -25.39 0.0 0.585
endloop
endfacet
facet normal 0.9356346114931609 0.02252731809373667 -0.35225047014240535
outer loop
vertex -25.39 0.0 0.585
vertex -25.31 -1.243 0.718
vertex -25.36 -1.246 0.585
endloop
endfacet
facet normal 0.8769007560353655 0.021113180321879584 -0.48020755687650335
outer loop
vertex -25.39 0.0 0.585
vertex -25.36 -1.246 0.585
vertex -25.459 0.0 0.459
endloop
endfacet
facet normal 0.8795950921520453 0.021831423424109174 -0.47522190902073536
outer loop
vertex -25.459 0.0 0.459
vertex -25.36 -1.246 0.585
vertex -25.428 -1.249 0.459
endloop
endfacet
facet normal 0.8015259383084835 0.01989375827667096 -0.5976289890896647
outer loop
vertex -25.459 0.0 0.459
vertex -25.428 -1.249 0.459
vertex -25.544 0.0 0.345
endloop
endfacet
facet normal 0.8011936641495033 0.019822029998909533 -0.598076750637755
outer loop
vertex -25.544 0.0 0.345
vertex -25.428 -1.249 0.459
vertex -25.513 -1.253 0.345
endloop
endfacet
facet normal 0.706998601284498 0.01749158550663894 -0.7069986012844918
outer loop
vertex -25.544 0.0 0.345
vertex -25.513 -1.253 0.345
vertex -25.645 0.0 0.244
endloop
endfacet
facet normal 0.7065684819152858 0.017411464975654226 -0.7074304356269456
outer loop
vertex -25.645 0.0 0.244
vertex -25.513 -1.253 0.345
vertex -25.614 -1.258 0.244
endloop
endfacet
facet normal 0.5976824477998924 0.01472826381700791 -0.8015976358728022
outer loop
vertex -25.645 0.0 0.244
vertex -25.614 -1.258 0.244
vertex -25.759 0.0 0.159
endloop
endfacet
facet normal 0.5971876279344737 0.014646215558518961 -0.8019678456221361
outer loop
vertex -25.759 0.0 0.159
vertex -25.614 -1.258 0.244
vertex -25.728 -1.264 0.159
endloop
endfacet
facet normal 0.4802813008338048 0.01177905089070204 -0.8770354189139129
outer loop
vertex -25.759 0.0 0.159
vertex -25.728 -1.264 0.159
vertex -25.885 0.0 0.09
endloop
endfacet
facet normal 0.48277913097369274 0.012164513536345022 -0.8756576587381111
outer loop
vertex -25.885 0.0 0.09
vertex -25.728 -1.264 0.159
vertex -25.853 -1.27 0.09
endloop
endfacet
facet normal 0.3456922441943983 0.008710355759228941 -0.938307519956218
outer loop
vertex -25.885 0.0 0.09
vertex -25.853 -1.27 0.09
vertex -26.018 0.0 0.041
endloop
endfacet
facet normal 0.34303511816693383 0.008327399109769582 -0.9392856658803351
outer loop
vertex -26.018 0.0 0.041
vertex -25.853 -1.27 0.09
vertex -25.987 -1.277 0.041
endloop
endfacet
facet normal 0.21618900183790593 0.005248127687529831 -0.976337427655063
outer loop
vertex -26.018 0.0 0.041
vertex -25.987 -1.277 0.041
vertex -26.158 0.0 0.01
endloop
endfacet
facet normal 0.2174476513664485 0.00542348000290441 -0.9760569167727225
outer loop
vertex -26.158 0.0 0.01
vertex -25.987 -1.277 0.041
vertex -26.126 -1.283 0.01
endloop
endfacet
facet normal 0.07024844980920852 0.0017521047497230514 -0.9975279872907572
outer loop
vertex -26.158 0.0 0.01
vertex -26.126 -1.283 0.01
vertex -26.3 0.0 0.0
endloop
endfacet
facet normal 0.07016307609991455 0.0017404794071296658 -0.9975340162037738
outer loop
vertex -26.3 0.0 0.0
vertex -26.126 -1.283 0.01
vertex -26.268 -1.29 0.0
endloop
endfacet
facet normal -0.0 -0.0 -1.0
outer loop
vertex -26.268 -1.29 0.0
vertex -26.173 -2.578 0.0
vertex -34.958 -1.717 0.0
endloop
endfacet
facet normal 0.0 -0.0 -1.0
outer loop
vertex -34.958 -1.717 0.0
vertex -26.173 -2.578 0.0
vertex -34.831 -3.431 0.0
endloop
endfacet
facet normal -0.9972661666805244 -0.07389311736780745 0.0
outer loop
vertex -34.958 -1.717 0.0
vertex -34.831 -3.431 0.0
vertex -34.958 -1.717 3.0
endloop
endfacet
facet normal -0.9972661666805244 -0.07389311736780745 0.0
outer loop
vertex -34.958 -1.717 3.0
vertex -34.831 -3.431 0.0
vertex -34.831 -3.431 3.0
endloop
endfacet
facet normal -0.0 0.0 1.0
outer loop
vertex -34.958 -1.717 3.0
vertex -34.831 -3.431 3.0
vertex -29.764 -1.462 3.0
endloop
endfacet
facet normal -0.0 0.0 1.0
outer loop
vertex -29.764 -1.462 3.0
vertex -34.831 -3.431 3.0
vertex -29.657 -2.921 3.0
endloop
endfacet
facet normal -0.9973215755112581 -0.07314147263859078 0.0
outer loop
vertex -29.764 -1.462 3.0
vertex -29.657 -2.921 3.0
vertex -29.764 -1.462 52.0
endloop
endfacet
facet normal -0.9973215755112581 -0.07314147263859078 0.0
outer loop
vertex -29.764 -1.462 52.0
vertex -29.657 -2.921 3.0
vertex -29.657 -2.921 52.0
endloop
endfacet
facet normal -0.7052452239834793 -0.051721205597143126 0.7070743178337551
outer loop
vertex -29.764 -1.462 52.0
vertex -29.657 -2.921 52.0
vertex -28.765 -1.413 53.0
endloop
endfacet
facet normal -0.7050111603529623 -0.052000823174969873 0.7072871963826965
outer loop
vertex -28.765 -1.413 53.0
vertex -29.657 -2.921 52.0
vertex -28.661 -2.823 53.0
endloop
endfacet
facet normal -0.0 0.0 1.0
outer loop
vertex -28.765 -1.413 53.0
vertex -28.661 -2.823 53.0
vertex -25.27 -1.241 53.0
endloop
endfacet
facet normal -0.0 0.0 1.0
outer loop
vertex -25.27 -1.241 53.0
vertex -28.661 -2.823 53.0
vertex -25.178 -2.48 53.0
endloop
endfacet
facet normal 0.9972545617293866 0.07404957197667662 0.0
outer loop
vertex -25.27 -1.241 53.0
vertex -25.178 -2.48 53.0
vertex -25.27 -1.241 1.0
endloop
endfacet
facet normal 0.9972545617293866 0.07404957197667662 0.0
outer loop
vertex -25.27 -1.241 1.0
vertex -25.178 -2.48 53.0
vertex -25.178 -2.48 1.0
endloop
endfacet
facet normal 0.9947679359268663 0.07386493148125138 -0.07057425556867224
outer loop
vertex -25.27 -1.241 1.0
vertex -25.178 -2.48 1.0
vertex -25.28 -1.242 0.858
endloop
endfacet
facet normal 0.9947679359268679 0.07386493148125435 -0.0705742555686475
outer loop
vertex -25.28 -1.242 0.858
vertex -25.178 -2.48 1.0
vertex -25.188 -2.481 0.858
endloop
endfacet
facet normal 0.9751297799697282 0.07240673103891626 -0.2094735723580601
outer loop
vertex -25.28 -1.242 0.858
vertex -25.188 -2.481 0.858
vertex -25.31 -1.243 0.718
endloop
endfacet
facet normal 0.9749267805367785 0.07227499098258051 -0.21046163135037294
outer loop
vertex -25.31 -1.243 0.718
vertex -25.188 -2.481 0.858
vertex -25.218 -2.484 0.718
endloop
endfacet
facet normal 0.9332815131500362 0.0691876705961339 -0.3524183358593298
outer loop
vertex -25.31 -1.243 0.718
vertex -25.218 -2.484 0.718
vertex -25.36 -1.246 0.585
endloop
endfacet
facet normal 0.9329475518929067 0.06905162894138879 -0.35332808826581147
outer loop
vertex -25.36 -1.246 0.585
vertex -25.218 -2.484 0.718
vertex -25.268 -2.489 0.585
endloop
endfacet
facet normal 0.8775169445916658 0.06494896130525515 -0.47512697711230395
outer loop
vertex -25.36 -1.246 0.585
vertex -25.268 -2.489 0.585
vertex -25.428 -1.249 0.459
endloop
endfacet
facet normal 0.8768838525765792 0.06474583823198017 -0.476322039719027
outer loop
vertex -25.428 -1.249 0.459
vertex -25.268 -2.489 0.585
vertex -25.336 -2.495 0.459
endloop
endfacet
facet normal 0.7992938152878472 0.05901687881740271 -0.5980354545152391
outer loop
vertex -25.428 -1.249 0.459
vertex -25.336 -2.495 0.459
vertex -25.513 -1.253 0.345
endloop
endfacet
facet normal 0.7980766685253251 0.058691489611775984 -0.5996907037820989
outer loop
vertex -25.513 -1.253 0.345
vertex -25.336 -2.495 0.459
vertex -25.421 -2.504 0.345
endloop
endfacet
facet normal 0.7048718519818477 0.05183709862696371 -0.7074380449831763
outer loop
vertex -25.513 -1.253 0.345
vertex -25.421 -2.504 0.345
vertex -25.614 -1.258 0.244
endloop
endfacet
facet normal 0.703611031809993 0.051538387680351086 -0.7087138424714075
outer loop
vertex -25.614 -1.258 0.244
vertex -25.421 -2.504 0.345
vertex -25.522 -2.514 0.244
endloop
endfacet
facet normal 0.5957009828895498 0.04363414842821653 -0.8020201992938638
outer loop
vertex -25.614 -1.258 0.244
vertex -25.522 -2.514 0.244
vertex -25.728 -1.264 0.159
endloop
endfacet
facet normal 0.5978019577729318 0.044088486972944194 -0.8004305245299475
outer loop
vertex -25.728 -1.264 0.159
vertex -25.522 -2.514 0.244
vertex -25.635 -2.525 0.159
endloop
endfacet
facet normal 0.4816500924803611 0.035522171768971905 -0.8756433998646226
outer loop
vertex -25.728 -1.264 0.159
vertex -25.635 -2.525 0.159
vertex -25.853 -1.27 0.09
endloop
endfacet
facet normal 0.4803654571769433 0.035259658656239715 -0.8763593920433737
outer loop
vertex -25.853 -1.27 0.09
vertex -25.635 -2.525 0.159
vertex -25.76 -2.537 0.09
endloop
endfacet
facet normal 0.34216490688974727 0.025115498295774655 -0.9393042043121523
outer loop
vertex -25.853 -1.27 0.09
vertex -25.76 -2.537 0.09
vertex -25.987 -1.277 0.041
endloop
endfacet
facet normal 0.3434108863621979 0.025357913054238648 -0.938842872568921
outer loop
vertex -25.987 -1.277 0.041
vertex -25.76 -2.537 0.09
vertex -25.893 -2.55 0.041
endloop
endfacet
facet normal 0.21698702763344016 0.016022608481966117 -0.9760429836109875
outer loop
vertex -25.987 -1.277 0.041
vertex -25.893 -2.55 0.041
vertex -26.126 -1.283 0.01
endloop
endfacet
facet normal 0.21612458187257916 0.01585925893522459 -0.9762369840445649
outer loop
vertex -26.126 -1.283 0.01
vertex -25.893 -2.55 0.041
vertex -26.032 -2.564 0.01
endloop
endfacet
facet normal 0.06999568060825577 0.00513629506414998 -0.9975340711821331
outer loop
vertex -26.126 -1.283 0.01
vertex -26.032 -2.564 0.01
vertex -26.268 -1.29 0.0
endloop
endfacet
facet normal 0.07023156681033774 0.005180123328402372 -0.9975172646855129
outer loop
vertex -26.268 -1.29 0.0
vertex -26.032 -2.564 0.01
vertex -26.173 -2.578 0.0
endloop
endfacet
facet normal -0.0 -0.0 -1.0
outer loop
vertex -26.173 -2.578 0.0
vertex -26.015 -3.859 0.0
vertex -34.831 -3.431 0.0
endloop
endfacet
facet normal 0.0 -0.0 -1.0
outer loop
vertex -34.831 -3.431 0.0
vertex -26.015 -3.859 0.0
vertex -34.621 -5.136 0.0
endloop
endfacet
facet normal -0.992500149235439 -0.12224342014043581 0.0
outer loop
vertex -34.831 -3.431 0.0
vertex -34.621 -5.136 0.0
vertex -34.831 -3.431 3.0
endloop
endfacet
facet normal -0.992500149235439 -0.12224342014043581 0.0
outer loop
vertex -34.831 -3.431 3.0
vertex -34.621 -5.136 0.0
vertex -34.621 -5.136 3.0
endloop
endfacet
facet normal -0.0 0.0 1.0
outer loop
vertex -34.831 -3.431 3.0
vertex -34.621 -5.136 3.0
vertex -29.657 -2.921 3.0
endloop
endfacet
facet normal -0.0 0.0 1.0
outer loop
vertex -29.657 -2.921 3.0
vertex -34.621 -5.136 3.0
vertex -29.477 -4.373 3.0
endloop
endfacet
facet normal -0.9924035429920359 -0.12302523260231826 0.0
outer loop
vertex -29.657 -2.921 3.0
vertex -29.477 -4.373 3.0
vertex -29.657 -2.921 52.0
endloop
endfacet
facet normal -0.9924035429920359 -0.12302523260231826 0.0
outer loop
vertex -29.657 -2.921 52.0
vertex -29.477 -4.373 3.0
vertex -29.477 -4.373 52.0
endloop
endfacet
facet normal -0.7015632299676652 -0.08697064834309884 0.7072801005854172
outer loop
vertex -29.657 -2.921 52.0
vertex -29.477 -4.373 52.0
vertex -28.661 -2.823 53.0
endloop
endfacet
facet normal -0.7019475159163572 -0.086555181934092 0.7069497049855893
outer loop
vertex -28.661 -2.823 53.0
vertex -29.477 -4.373 52.0
vertex -28.488 -4.226 53.0
endloop
endfacet
facet normal -0.0 0.0 1.0
outer loop
vertex -28.661 -2.823 53.0
vertex -28.488 -4.226 53.0
vertex -25.178 -2.48 53.0
endloop
endfacet
facet normal -0.0 0.0 1.0
outer loop
vertex -25.178 -2.48 53.0
vertex -28.488 -4.226 53.0
vertex -25.026 -3.712 53.0
endloop
endfacet
facet normal 0.9924749053145437 0.12244820260374321 0.0
outer loop
vertex -25.178 -2.48 53.0
vertex -25.026 -3.712 53.0
vertex -25.178 -2.48 1.0
endloop
endfacet
facet normal 0.9924749053145437 0.12244820260374321 0.0
outer loop
vertex -25.178 -2.48 1.0
vertex -25.026 -3.712 53.0
vertex -25.026 -3.712 1.0
endloop
endfacet
facet normal 0.9899999019429861 0.12214284504491468 -0.07057846383431547
outer loop
vertex -25.178 -2.48 1.0
vertex -25.026 -3.712 1.0
vertex -25.188 -2.481 0.858
endloop
endfacet
facet normal 0.989951509988616 0.12203781793857835 -0.0714337375758087
outer loop
vertex -25.188 -2.481 0.858
vertex -25.026 -3.712 1.0
vertex -25.036 -3.714 0.858
endloop
endfacet
facet normal 0.9702545594452666 0.11960964560882242 -0.21047475514418276
outer loop
vertex -25.188 -2.481 0.858
vertex -25.036 -3.714 0.858
vertex -25.218 -2.484 0.718
endloop
endfacet
facet normal 0.9700915871573905 0.11949264282651892 -0.211290844185896
outer loop
vertex -25.218 -2.484 0.718
vertex -25.036 -3.714 0.858
vertex -25.066 -3.718 0.718
endloop
endfacet
facet normal 0.9284741158530739 0.11436634166099528 -0.3533499060222504
outer loop
vertex -25.218 -2.484 0.718
vertex -25.066 -3.718 0.718
vertex -25.268 -2.489 0.585
endloop
endfacet
facet normal 0.9276606908066349 0.11398902587114748 -0.3556011033631698
outer loop
vertex -25.268 -2.489 0.585
vertex -25.066 -3.718 0.718
vertex -25.116 -3.726 0.585
endloop
endfacet
facet normal 0.8728030066079969 0.10724822716606017 -0.4761436016852246
outer loop
vertex -25.268 -2.489 0.585
vertex -25.116 -3.726 0.585
vertex -25.336 -2.495 0.459
endloop
endfacet
facet normal 0.8742195904496771 0.107780497452699 -0.47341680583059964
outer loop
vertex -25.336 -2.495 0.459
vertex -25.116 -3.726 0.585
vertex -25.183 -3.736 0.459
endloop
endfacet
facet normal 0.7941137735854724 0.09790443783930397 -0.5998316727659608
outer loop
vertex -25.336 -2.495 0.459
vertex -25.183 -3.736 0.459
vertex -25.421 -2.504 0.345
endloop
endfacet
facet normal 0.792916828858357 0.09752112123418614 -0.6014752974365897
outer loop
vertex -25.421 -2.504 0.345
vertex -25.183 -3.736 0.459
vertex -25.268 -3.748 0.345
endloop
endfacet
facet normal 0.7002036401572888 0.08611829336339569 -0.7087302038566285
outer loop
vertex -25.421 -2.504 0.345
vertex -25.268 -3.748 0.345
vertex -25.522 -2.514 0.244
endloop
endfacet
facet normal 0.7015005751343172 0.08649406610943537 -0.707400678268037
outer loop
vertex -25.522 -2.514 0.244
vertex -25.268 -3.748 0.345
vertex -25.368 -3.763 0.244
endloop
endfacet
facet normal 0.5949411868274702 0.0733554385679987 -0.8004148698323998
outer loop
vertex -25.522 -2.514 0.244
vertex -25.368 -3.763 0.244
vertex -25.635 -2.525 0.159
endloop
endfacet
facet normal 0.5925310432949858 0.07270898857962373 -0.802259537625751
outer loop
vertex -25.635 -2.525 0.159
vertex -25.368 -3.763 0.244
vertex -25.481 -3.78 0.159
endloop
endfacet
facet normal 0.4781073999337452 0.05866815903569459 -0.8763397521760359
outer loop
vertex -25.635 -2.525 0.159
vertex -25.481 -3.78 0.159
vertex -25.76 -2.537 0.09
endloop
endfacet
facet normal 0.4817334435147398 0.05959588991935016 -0.8742889792878279
outer loop
vertex -25.76 -2.537 0.09
vertex -25.481 -3.78 0.159
vertex -25.604 -3.798 0.09
endloop
endfacet
facet normal 0.3417550000530365 0.0422789690787268 -0.9388375837770817
outer loop
vertex -25.76 -2.537 0.09
vertex -25.604 -3.798 0.09
vertex -25.893 -2.55 0.041
endloop
endfacet
facet normal 0.3398608538587032 0.04181253407094518 -0.9395458009107375
outer loop
vertex -25.893 -2.55 0.041
vertex -25.604 -3.798 0.09
vertex -25.737 -3.818 0.041
endloop
endfacet
facet normal 0.2150583363249654 0.026458281125153867 -0.9762427317716842
outer loop
vertex -25.893 -2.55 0.041
vertex -25.737 -3.818 0.041
vertex -26.032 -2.564 0.01
endloop
endfacet
facet normal 0.21543408999147023 0.02654878503034602 -0.9761574232074249
outer loop
vertex -26.032 -2.564 0.01
vertex -25.737 -3.818 0.041
vertex -25.875 -3.838 0.01
endloop
endfacet
facet normal 0.06989073741529679 0.008612908770958867 -0.9975174698350147
outer loop
vertex -26.032 -2.564 0.01
vertex -25.875 -3.838 0.01
vertex -26.173 -2.578 0.0
endloop
endfacet
facet normal 0.0699566287368877 0.008628530320396639 -0.9975127159892646
outer loop
vertex -26.173 -2.578 0.0
vertex -25.875 -3.838 0.01
vertex -26.015 -3.859 0.0
endloop
endfacet
facet normal 0.0 -0.0 -0.9999999999999999
outer loop
vertex -26.015 -3.859 0.0
vertex -25.795 -5.131 0.0
vertex -34.621 -5.136 0.0
endloop
endfacet
facet normal 0.0 -0.0 -0.9999999999999999
outer loop
vertex -34.621 -5.136 0.0
vertex -25.795 -5.131 0.0
vertex -34.327 -6.828 0.0
endloop
endfacet
facet normal -0.985237385985719 -0.17119373018901024 0.0
outer loop
vertex -34.621 -5.136 0.0
vertex -34.327 -6.828 0.0
vertex -34.621 -5.136 3.0
endloop
endfacet
facet normal -0.985237385985719 -0.17119373018901024 0.0
outer loop
vertex -34.621 -5.136 3.0
vertex -34.327 -6.828 0.0
vertex -34.327 -6.828 3.0
endloop
endfacet
facet normal -0.0 0.0 1.0
outer loop
vertex -34.621 -5.136 3.0
vertex -34.327 -6.828 3.0
vertex -29.477 -4.373 3.0
endloop
endfacet
facet normal -0.0 0.0 1.0
outer loop
vertex -29.477 -4.373 3.0
vertex -34.327 -6.828 3.0
vertex -29.227 -5.814 3.0
endloop
endfacet
facet normal -0.9852819287472953 -0.17093718402971814 0.0
outer loop
vertex -29.477 -4.373 3.0
vertex -29.227 -5.814 3.0
vertex -29.477 -4.373 52.0
endloop
endfacet
facet normal -0.9852819287472953 -0.17093718402971814 0.0
outer loop
vertex -29.477 -4.373 52.0
vertex -29.227 -5.814 3.0
vertex -29.227 -5.814 52.0
endloop
endfacet
facet normal -0.6968487844529012 -0.12089673567885172 0.706955267968711
outer loop
vertex -29.477 -4.373 52.0
vertex -29.227 -5.814 52.0
vertex -28.488 -4.226 53.0
endloop
endfacet
facet normal -0.6971403335441929 -0.12061078275961973 0.7067166295114352
outer loop
vertex -28.488 -4.226 53.0
vertex -29.227 -5.814 52.0
vertex -28.247 -5.619 53.0
endloop
endfacet
facet normal -0.0 0.0 1.0
outer loop
vertex -28.488 -4.226 53.0
vertex -28.247 -5.619 53.0
vertex -25.026 -3.712 53.0
endloop
endfacet
facet normal -0.0 0.0 1.0
outer loop
vertex -25.026 -3.712 53.0
vertex -28.247 -5.619 53.0
vertex -24.814 -4.936 53.0
endloop
endfacet
facet normal 0.985329686823767 0.1706616777832013 0.0
outer loop
vertex -25.026 -3.712 53.0
vertex -24.814 -4.936 53.0
vertex -25.026 -3.712 1.0
endloop
endfacet
facet normal 0.985329686823767 0.1706616777832013 0.0
outer loop
vertex -25.026 -3.712 1.0
vertex -24.814 -4.936 53.0
vertex -24.814 -4.936 1.0
endloop
endfacet
facet normal 0.9828001436657976 0.17022355429505628 -0.07160879257218006
outer loop
vertex -25.026 -3.712 1.0
vertex -24.814 -4.936 1.0
vertex -25.036 -3.714 0.858
endloop
endfacet
facet normal 0.9828001436657976 0.17022355429505628 -0.07160879257218018
outer loop
vertex -25.036 -3.714 0.858
vertex -24.814 -4.936 1.0
vertex -24.824 -4.938 0.858
endloop
endfacet
facet normal 0.9631145849351211 0.16681396405739007 -0.21114781003057767
outer loop
vertex -25.036 -3.714 0.858
vertex -24.824 -4.938 0.858
vertex -25.066 -3.718 0.718
endloop
endfacet
facet normal 0.9626736188901427 0.16646558499568517 -0.21342144340482927
outer loop
vertex -25.066 -3.718 0.718
vertex -24.824 -4.938 0.858
vertex -24.854 -4.944 0.718
endloop
endfacet
facet normal 0.9209021579493388 0.1592424612440943 -0.35578231268737115
outer loop
vertex -25.066 -3.718 0.718
vertex -24.854 -4.944 0.718
vertex -25.116 -3.726 0.585
endloop
endfacet
facet normal 0.9247662962198592 0.16128768328528814 -0.34466444637686144
outer loop
vertex -25.116 -3.726 0.585
vertex -24.854 -4.944 0.718
vertex -24.902 -4.953 0.585
endloop
endfacet
facet normal 0.867734951343642 0.1513408961593628 -0.4734257992191894
outer loop
vertex -25.116 -3.726 0.585
vertex -24.902 -4.953 0.585
vertex -25.183 -3.736 0.459
endloop
endfacet
facet normal 0.8631223190515913 0.14934610394637685 -0.4824060567520282
outer loop
vertex -25.183 -3.736 0.459
vertex -24.902 -4.953 0.585
vertex -24.97 -4.967 0.459
endloop
endfacet
facet normal 0.7872863398016646 0.1362242001443992 -0.6013511340778501
outer loop
vertex -25.183 -3.736 0.459
vertex -24.97 -4.967 0.459
vertex -25.268 -3.748 0.345
endloop
endfacet
facet normal 0.7914184525855059 0.1377773014622541 -0.5955453367367948
outer loop
vertex -25.268 -3.748 0.345
vertex -24.97 -4.967 0.459
vertex -25.053 -4.983 0.345
endloop
endfacet
facet normal 0.6963158276374515 0.12122097404214739 -0.7074247264789689
outer loop
vertex -25.268 -3.748 0.345
vertex -25.053 -4.983 0.345
vertex -25.368 -3.763 0.244
endloop
endfacet
facet normal 0.6967426834282228 0.12136808033910838 -0.706979081843331
outer loop
vertex -25.368 -3.763 0.244
vertex -25.053 -4.983 0.345
vertex -25.152 -5.003 0.244
endloop
endfacet
facet normal 0.5880803839137666 0.10243980881078397 -0.8022889427298915
outer loop
vertex -25.368 -3.763 0.244
vertex -25.152 -5.003 0.244
vertex -25.481 -3.78 0.159
endloop
endfacet
facet normal 0.588490666459048 0.1025722687723813 -0.8019711124282919
outer loop
vertex -25.481 -3.78 0.159
vertex -25.152 -5.003 0.244
vertex -25.264 -5.025 0.159
endloop
endfacet
facet normal 0.478241938364775 0.08335622540173271 -0.874263340233295
outer loop
vertex -25.481 -3.78 0.159
vertex -25.264 -5.025 0.159
vertex -25.604 -3.798 0.09
endloop
endfacet
facet normal 0.4748160963130587 0.08229640007981881 -0.8762288383840893
outer loop
vertex -25.604 -3.798 0.09
vertex -25.264 -5.025 0.159
vertex -25.387 -5.05 0.09
endloop
endfacet
facet normal 0.33736012476895855 0.058472162200370284 -0.9395579558832367
outer loop
vertex -25.604 -3.798 0.09
vertex -25.387 -5.05 0.09
vertex -25.737 -3.818 0.041
endloop
endfacet
facet normal 0.33941850096251164 0.05908795843464966 -0.9387777662324488
outer loop
vertex -25.737 -3.818 0.041
vertex -25.387 -5.05 0.09
vertex -25.518 -5.076 0.041
endloop
endfacet
facet normal 0.21388365973794635 0.03723411882560394 -0.9761492716241625
outer loop
vertex -25.737 -3.818 0.041
vertex -25.518 -5.076 0.041
vertex -25.875 -3.838 0.01
endloop
endfacet
facet normal 0.21357621400854743 0.037143689392790676 -0.9762200300895628
outer loop
vertex -25.875 -3.838 0.01
vertex -25.518 -5.076 0.041
vertex -25.655 -5.103 0.01
endloop
endfacet
facet normal 0.06943946899036571 0.012076429389628761 -0.9975130675833441
outer loop
vertex -25.875 -3.838 0.01
vertex -25.655 -5.103 0.01
vertex -26.015 -3.859 0.0
endloop
endfacet
facet normal 0.06887153835670823 0.011911744055405446 -0.997554420349055
outer loop
vertex -26.015 -3.859 0.0
vertex -25.655 -5.103 0.01
vertex -25.795 -5.131 0.0
endloop
endfacet
facet normal 0.0 -0.0 -1.0
outer loop
vertex -25.795 -5.131 0.0
vertex -25.512 -6.39 0.0
vertex -34.327 -6.828 0.0
endloop
endfacet
facet normal 0.0 -0.0 -1.0
outer loop
vertex -34.327 -6.828 0.0
vertex -25.512 -6.39 0.0
vertex -33.951 -8.504 0.0
endloop
endfacet
facet normal -0.9757467140187474 -0.21890260409966997 0.0
outer loop
vertex -34.327 -6.828 0.0
vertex -33.951 -8.504 0.0
vertex -34.327 -6.828 3.0
endloop
endfacet
facet normal -0.9757467140187474 -0.21890260409966997 0.0
outer loop
vertex -34.327 -6.828 3.0
vertex -33.951 -8.504 0.0
vertex -33.951 -8.504 3.0
endloop
endfacet
facet normal -0.0 0.0 1.0
outer loop
vertex -34.327 -6.828 3.0
vertex -33.951 -8.504 3.0
vertex -29.227 -5.814 3.0
endloop
endfacet
facet normal -0.0 0.0 1.0
outer loop
vertex -29.227 -5.814 3.0
vertex -33.951 -8.504 3.0
vertex -28.907 -7.241 3.0
endloop
endfacet
facet normal -0.975766927201966 -0.2188124854272106 0.0
outer loop
vertex -29.227 -5.814 3.0
vertex -28.907 -7.241 3.0
vertex -29.227 -5.814 52.0
endloop
endfacet
facet normal -0.975766927201966 -0.2188124854272106 0.0
outer loop
vertex -29.227 -5.814 52.0
vertex -28.907 -7.241 3.0
vertex -28.907 -7.241 52.0
endloop
endfacet
facet normal -0.6903440881393611 -0.15480736384344485 0.7067246423260459
outer loop
vertex -29.227 -5.814 52.0
vertex -28.907 -7.241 52.0
vertex -28.247 -5.619 53.0
endloop
endfacet
facet normal -0.6900006942282304 -0.15511255635297352 0.7069930245951551
outer loop
vertex -28.247 -5.619 53.0
vertex -28.907 -7.241 52.0
vertex -27.937 -6.998 53.0
endloop
endfacet
facet normal -0.0 0.0 1.0
outer loop
vertex -28.247 -5.619 53.0
vertex -27.937 -6.998 53.0
vertex -24.814 -4.936 53.0
endloop
endfacet
facet normal -0.0 0.0 1.0
outer loop
vertex -24.814 -4.936 53.0
vertex -27.937 -6.998 53.0
vertex -24.542 -6.147 53.0
endloop
endfacet
facet normal 0.9756916471312844 0.21914791743989084 0.0
outer loop
vertex -24.814 -4.936 53.0
vertex -24.542 -6.147 53.0
vertex -24.814 -4.936 1.0
endloop
endfacet
facet normal 0.9756916471312844 0.21914791743989084 0.0
outer loop
vertex -24.814 -4.936 1.0
vertex -24.542 -6.147 53.0
vertex -24.542 -6.147 1.0
endloop
endfacet
facet normal 0.9731865569595517 0.2185852547423588 -0.07161293013437821
outer loop
vertex -24.814 -4.936 1.0
vertex -24.542 -6.147 1.0
vertex -24.824 -4.938 0.858
endloop
endfacet
facet normal 0.9731167515647242 0.21838923797492313 -0.07314320584204295
outer loop
vertex -24.824 -4.938 0.858
vertex -24.542 -6.147 1.0
vertex -24.552 -6.15 0.858
endloop
endfacet
facet normal 0.95324668047864 0.21392994809421773 -0.21343557216373021
outer loop
vertex -24.824 -4.938 0.858
vertex -24.552 -6.15 0.858
vertex -24.854 -4.944 0.718
endloop
endfacet
facet normal 0.9541786576995022 0.21474919501398498 -0.2083887531313093
outer loop
vertex -24.854 -4.944 0.718
vertex -24.552 -6.15 0.858
vertex -24.581 -6.157 0.718
endloop
endfacet
facet normal 0.9158799155381487 0.20612961000982216 -0.3444917476385059
outer loop
vertex -24.854 -4.944 0.718
vertex -24.581 -6.157 0.718
vertex -24.902 -4.953 0.585
endloop
endfacet
facet normal 0.9145166356931363 0.20531500126992278 -0.3485757784098586
outer loop
vertex -24.902 -4.953 0.585
vertex -24.581 -6.157 0.718
vertex -24.629 -6.169 0.585
endloop
endfacet
facet normal 0.8546048237548217 0.19186440533311364 -0.48253356896817085
outer loop
vertex -24.902 -4.953 0.585
vertex -24.629 -6.169 0.585
vertex -24.97 -4.967 0.459
endloop
endfacet
facet normal 0.8554669574711999 0.19228707657678956 -0.480834654383937
outer loop
vertex -24.97 -4.967 0.459
vertex -24.629 -6.169 0.585
vertex -24.696 -6.186 0.459
endloop
endfacet
facet normal 0.7838516346912716 0.17618978499212987 -0.5954273880636063
outer loop
vertex -24.97 -4.967 0.459
vertex -24.696 -6.186 0.459
vertex -25.053 -4.983 0.345
endloop
endfacet
facet normal 0.7804062643486933 0.17469878793426682 -0.6003718814698233
outer loop
vertex -25.053 -4.983 0.345
vertex -24.696 -6.186 0.459
vertex -24.779 -6.207 0.345
endloop
endfacet
facet normal 0.6901041585736638 0.15448410085717687 -0.7070296407518464
outer loop
vertex -25.053 -4.983 0.345
vertex -24.779 -6.207 0.345
vertex -25.152 -5.003 0.244
endloop
endfacet
facet normal 0.6904397911355162 0.15461803140249877 -0.7066725968805928
outer loop
vertex -25.152 -5.003 0.244
vertex -24.779 -6.207 0.345
vertex -24.877 -6.231 0.244
endloop
endfacet
facet normal 0.5829691805385664 0.13055091583722073 -0.8019372749263219
outer loop
vertex -25.152 -5.003 0.244
vertex -24.877 -6.231 0.244
vertex -25.264 -5.025 0.159
endloop
endfacet
facet normal 0.5850073004393668 0.1313184945070545 -0.8003261281709131
outer loop
vertex -25.264 -5.025 0.159
vertex -24.877 -6.231 0.244
vertex -24.987 -6.259 0.159
endloop
endfacet
facet normal 0.4701182076483988 0.10552896557423577 -0.8762719373928901
outer loop
vertex -25.264 -5.025 0.159
vertex -24.987 -6.259 0.159
vertex -25.387 -5.05 0.09
endloop
endfacet
facet normal 0.46978557264350035 0.10540790088369048 -0.8764648824495551
outer loop
vertex -25.387 -5.05 0.09
vertex -24.987 -6.259 0.159
vertex -25.109 -6.289 0.09
endloop
endfacet
facet normal 0.33617403174048804 0.07542887879245783 -0.9387744695226101
outer loop
vertex -25.387 -5.05 0.09
vertex -25.109 -6.289 0.09
vertex -25.518 -5.076 0.041
endloop
endfacet
facet normal 0.3349791164260808 0.07500736234580778 -0.939235267200038
outer loop
vertex -25.518 -5.076 0.041
vertex -25.109 -6.289 0.09
vertex -25.239 -6.322 0.041
endloop
endfacet
facet normal 0.21155964992219098 0.04737170331323535 -0.9762163880257299
outer loop
vertex -25.518 -5.076 0.041
vertex -25.239 -6.322 0.041
vertex -25.655 -5.103 0.01
endloop
endfacet
facet normal 0.21215369973703932 0.04757796458588072 -0.9760774277554781
outer loop
vertex -25.655 -5.103 0.01
vertex -25.239 -6.322 0.041
vertex -25.374 -6.356 0.01
endloop
endfacet
facet normal 0.06819519708717106 0.01529357572345988 -0.9975547712460869
outer loop
vertex -25.655 -5.103 0.01
vertex -25.374 -6.356 0.01
vertex -25.795 -5.131 0.0
endloop
endfacet
facet normal 0.06849184634024881 0.015395704935893973 -0.9975328762774843
outer loop
vertex -25.795 -5.131 0.0
vertex -25.374 -6.356 0.01
vertex -25.512 -6.39 0.0
endloop
endfacet
facet normal 0.0 -0.0 -1.0
outer loop
vertex -25.512 -6.39 0.0
vertex -25.168 -7.634 0.0
vertex -33.951 -8.504 0.0
endloop
endfacet
facet normal 0.0 -0.0 -1.0
outer loop
vertex -33.951 -8.504 0.0
vertex -25.168 -7.634 0.0
vertex -33.493 -10.16 0.0
endloop
endfacet
facet normal -0.9638174834783934 -0.2665630479668493 0.0
outer loop
vertex -33.951 -8.504 0.0
vertex -33.493 -10.16 0.0
vertex -33.951 -8.504 3.0
endloop
endfacet
facet normal -0.9638174834783934 -0.2665630479668493 0.0
outer loop
vertex -33.951 -8.504 3.0
vertex -33.493 -10.16 0.0
vertex -33.493 -10.16 3.0
endloop
endfacet
facet normal -0.0 0.0 1.0
outer loop
vertex -33.951 -8.504 3.0
vertex -33.493 -10.16 3.0
vertex -28.907 -7.241 3.0
endloop
endfacet
facet normal -0.0 0.0 0.9999999999999999
outer loop
vertex -28.907 -7.241 3.0
vertex -33.493 -10.16 3.0
vertex -28.517 -8.65 3.0
endloop
endfacet
facet normal -0.963762493306137 -0.2667617972955243 0.0
outer loop
vertex -28.907 -7.241 3.0
vertex -28.517 -8.65 3.0
vertex -28.907 -7.241 52.0
endloop
endfacet
facet normal -0.963762493306137 -0.2667617972955243 0.0
outer loop
vertex -28.907 -7.241 52.0
vertex -28.517 -8.65 3.0
vertex -28.517 -8.65 52.0
endloop
endfacet
facet normal -0.6815945162730604 -0.18865994417778129 0.7069910472200686
outer loop
vertex -28.907 -7.241 52.0
vertex -28.517 -8.65 52.0
vertex -27.937 -6.998 53.0
endloop
endfacet
facet normal -0.6815902469320423 -0.18866337965740218 0.7069942464146118
outer loop
vertex -27.937 -6.998 53.0
vertex -28.517 -8.65 52.0
vertex -27.56 -8.36 53.0
endloop
endfacet
facet normal -0.0 0.0 1.0
outer loop
vertex -27.937 -6.998 53.0
vertex -27.56 -8.36 53.0
vertex -24.542 -6.147 53.0
endloop
endfacet
facet normal -0.0 0.0 1.0
outer loop
vertex -24.542 -6.147 53.0
vertex -27.56 -8.36 53.0
vertex -24.211 -7.344 53.0
endloop
endfacet
facet normal 0.9638287256321604 0.2665223961438998 0.0
outer loop
vertex -24.542 -6.147 53.0
vertex -24.211 -7.344 53.0
vertex -24.542 -6.147 1.0
endloop
endfacet
facet normal 0.9638287256321604 0.2665223961438998 0.0
outer loop
vertex -24.542 -6.147 1.0
vertex -24.211 -7.344 53.0
vertex -24.211 -7.344 1.0
endloop
endfacet
facet normal 0.9612353818998313 0.2658052726890953 -0.0733082368807301
outer loop
vertex -24.542 -6.147 1.0
vertex -24.211 -7.344 1.0
vertex -24.552 -6.15 0.858
endloop
endfacet
facet normal 0.9614838887116272 0.26667723563263235 -0.06657314581199225
outer loop
vertex -24.552 -6.15 0.858
vertex -24.211 -7.344 1.0
vertex -24.22 -7.347 0.858
endloop
endfacet
facet normal 0.9424847121076584 0.26140762273996926 -0.20829935721644088
outer loop
vertex -24.552 -6.15 0.858
vertex -24.22 -7.347 0.858
vertex -24.581 -6.157 0.718
endloop
endfacet
facet normal 0.9418585731436584 0.26079820373952906 -0.2118648746772973
outer loop
vertex -24.581 -6.157 0.718
vertex -24.22 -7.347 0.858
vertex -24.249 -7.356 0.718
endloop
endfacet
facet normal 0.9032941672712872 0.25011981946127443 -0.3485681042297639
outer loop
vertex -24.581 -6.157 0.718
vertex -24.249 -7.356 0.718
vertex -24.629 -6.169 0.585
endloop
endfacet
facet normal 0.9022134502089242 0.24940455076549822 -0.35186397985524087
outer loop
vertex -24.629 -6.169 0.585
vertex -24.249 -7.356 0.718
vertex -24.297 -7.37 0.585
endloop
endfacet
facet normal 0.8450857579151979 0.23361238270428497 -0.4808901292562807
outer loop
vertex -24.629 -6.169 0.585
vertex -24.297 -7.37 0.585
vertex -24.696 -6.186 0.459
endloop
endfacet
facet normal 0.8455194201372128 0.2338521319814731 -0.48001051086257585
outer loop
vertex -24.696 -6.186 0.459
vertex -24.297 -7.37 0.585
vertex -24.363 -7.39 0.459
endloop
endfacet
facet normal 0.7707450901058867 0.21317119186483544 -0.600424890420604
outer loop
vertex -24.696 -6.186 0.459
vertex -24.363 -7.39 0.459
vertex -24.779 -6.207 0.345
endloop
endfacet
facet normal 0.7733896229663899 0.2144747712696533 -0.5965476205440227
outer loop
vertex -24.779 -6.207 0.345
vertex -24.363 -7.39 0.459
vertex -24.444 -7.415 0.345
endloop
endfacet
facet normal 0.6818985737541512 0.18910266739043147 -0.7065794479730346
outer loop
vertex -24.779 -6.207 0.345
vertex -24.444 -7.415 0.345
vertex -24.877 -6.231 0.244
endloop
endfacet
facet normal 0.6807000399185137 0.18855334988674324 -0.707880703156557
outer loop
vertex -24.877 -6.231 0.244
vertex -24.444 -7.415 0.345
vertex -24.541 -7.444 0.244
endloop
endfacet
facet normal 0.5777391068449376 0.16003325630659368 -0.8003792109356176
outer loop
vertex -24.877 -6.231 0.244
vertex -24.541 -7.444 0.244
vertex -24.987 -6.259 0.159
endloop
endfacet
facet normal 0.5757502781021769 0.15916968311766497 -0.801982935754551
outer loop
vertex -24.987 -6.259 0.159
vertex -24.541 -7.444 0.244
vertex -24.65 -7.478 0.159
endloop
endfacet
facet normal 0.46413039298099934 0.1283116837035248 -0.8764240355766548
outer loop
vertex -24.987 -6.259 0.159
vertex -24.65 -7.478 0.159
vertex -25.109 -6.289 0.09
endloop
endfacet
facet normal 0.46503046636831646 0.1286900637541716 -0.8758912791209953
outer loop
vertex -25.109 -6.289 0.09
vertex -24.65 -7.478 0.159
vertex -24.77 -7.514 0.09
endloop
endfacet
facet normal 0.33078932885603035 0.09154088365893466 -0.9392543247352755
outer loop
vertex -25.109 -6.289 0.09
vertex -24.77 -7.514 0.09
vertex -25.239 -6.322 0.041
endloop
endfacet
facet normal 0.3314775998304226 0.0918227957288176 -0.9389841186064897
outer loop
vertex -25.239 -6.322 0.041
vertex -24.77 -7.514 0.09
vertex -24.898 -7.553 0.041
endloop
endfacet
facet normal 0.20951970779081416 0.05803917169509981 -0.976080399657835
outer loop
vertex -25.239 -6.322 0.041
vertex -24.898 -7.553 0.041
vertex -25.374 -6.356 0.01
endloop
endfacet
facet normal 0.20997195447315745 0.05822181114332499 -0.9759723351826697
outer loop
vertex -25.374 -6.356 0.01
vertex -24.898 -7.553 0.041
vertex -25.031 -7.593 0.01
endloop
endfacet
facet normal 0.06766246801465046 0.01876170293373089 -0.9975318485768726
outer loop
vertex -25.374 -6.356 0.01
vertex -25.031 -7.593 0.01
vertex -25.512 -6.39 0.0
endloop
endfacet
facet normal 0.06724948587293483 0.018596320852322868 -0.9975628719537347
outer loop
vertex -25.512 -6.39 0.0
vertex -25.031 -7.593 0.01
vertex -25.168 -7.634 0.0
endloop
endfacet
facet normal 0.0 -0.0 -1.0
outer loop
vertex -25.168 -7.634 0.0
vertex -24.763 -8.86 0.0
vertex -33.493 -10.16 0.0
endloop
endfacet
facet normal 0.0 -0.0 -1.0
outer loop
vertex -33.493 -10.16 0.0
vertex -24.763 -8.86 0.0
vertex -32.954 -11.791 0.0
endloop
endfacet
facet normal -0.94949516452424 -0.3137816638127325 0.0
outer loop
vertex -33.493 -10.16 0.0
vertex -32.954 -11.791 0.0
vertex -33.493 -10.16 3.0
endloop
endfacet
facet normal -0.94949516452424 -0.3137816638127325 0.0
outer loop
vertex -33.493 -10.16 3.0
vertex -32.954 -11.791 0.0
vertex -32.954 -11.791 3.0
endloop
endfacet
facet normal -0.0 0.0 1.0
outer loop
vertex -33.493 -10.16 3.0
vertex -32.954 -11.791 3.0
vertex -28.517 -8.65 3.0
endloop
endfacet
facet normal -0.0 0.0 0.9999999999999999
outer loop
vertex -28.517 -8.65 3.0
vertex -32.954 -11.791 3.0
vertex -28.058 -10.039 3.0
endloop
endfacet
facet normal -0.949500408945581 -0.31376579388482473 0.0
outer loop
vertex -28.517 -8.65 3.0
vertex -28.058 -10.039 3.0
vertex -28.517 -8.65 52.0
endloop
endfacet
facet normal -0.949500408945581 -0.31376579388482473 0.0
outer loop
vertex -28.517 -8.65 52.0
vertex -28.058 -10.039 3.0
vertex -28.058 -10.039 52.0
endloop
endfacet
facet normal -0.6715109918115322 -0.22190320031784966 0.7069879472558134
outer loop
vertex -28.517 -8.65 52.0
vertex -28.058 -10.039 52.0
vertex -27.56 -8.36 53.0
endloop
endfacet
facet normal -0.6712595071269795 -0.2220858577975992 0.7071693897914056
outer loop
vertex -27.56 -8.36 53.0
vertex -28.058 -10.039 52.0
vertex -27.116 -9.702 53.0
endloop
endfacet
facet normal -0.0 0.0 1.0
outer loop
vertex -27.56 -8.36 53.0
vertex -27.116 -9.702 53.0
vertex -24.211 -7.344 53.0
endloop
endfacet
facet normal -0.0 0.0 1.0
outer loop
vertex -24.211 -7.344 53.0
vertex -27.116 -9.702 53.0
vertex -23.821 -8.523 53.0
endloop
endfacet
facet normal 0.9494055436533614 0.3140527243637051 0.0
outer loop
vertex -24.211 -7.344 53.0
vertex -23.821 -8.523 53.0
vertex -24.211 -7.344 1.0
endloop
endfacet
facet normal 0.9494055436533614 0.3140527243637051 0.0
outer loop
vertex -24.211 -7.344 1.0
vertex -23.821 -8.523 53.0
vertex -23.821 -8.523 1.0
endloop
endfacet
facet normal 0.9472938327712588 0.31335419404647014 -0.06665990899352885
outer loop
vertex -24.211 -7.344 1.0
vertex -23.821 -8.523 1.0
vertex -24.22 -7.347 0.858
endloop
endfacet
facet normal 0.9470147616647383 0.3121938493962567 -0.07548537333965062
outer loop
vertex -24.22 -7.347 0.858
vertex -23.821 -8.523 1.0
vertex -23.831 -8.527 0.858
endloop
endfacet
facet normal 0.9281513273949678 0.30597531047173065 -0.2119297592049955
outer loop
vertex -24.22 -7.347 0.858
vertex -23.831 -8.527 0.858
vertex -24.249 -7.356 0.718
endloop
endfacet
facet normal 0.9288601542158166 0.3067362067266431 -0.20768175989508472
outer loop
vertex -24.249 -7.356 0.718
vertex -23.831 -8.527 0.858
vertex -23.859 -8.537 0.718
endloop
endfacet
facet normal 0.8888975698778426 0.29353941765652475 -0.3517040240701462
outer loop
vertex -24.249 -7.356 0.718
vertex -23.859 -8.537 0.718
vertex -24.297 -7.37 0.585
endloop
endfacet
facet normal 0.8889149259953061 0.29355214194608636 -0.3516495333448125
outer loop
vertex -24.297 -7.37 0.585
vertex -23.859 -8.537 0.718
vertex -23.906 -8.554 0.585
endloop
endfacet
facet normal 0.833016713867552 0.2750925127721405 -0.48000756643412895
outer loop
vertex -24.297 -7.37 0.585
vertex -23.906 -8.554 0.585
vertex -24.363 -7.39 0.459
endloop
endfacet
facet normal 0.833039303146127 0.2751064926986363 -0.4799603494965706
outer loop
vertex -24.363 -7.39 0.459
vertex -23.906 -8.554 0.585
vertex -23.971 -8.577 0.459
endloop
endfacet
facet normal 0.7620345792617702 0.25165758641163727 -0.5966336893025791
outer loop
vertex -24.363 -7.39 0.459
vertex -23.971 -8.577 0.459
vertex -24.444 -7.415 0.345
endloop
endfacet
facet normal 0.761122173383555 0.2511511453734153 -0.598010149881685
outer loop
vertex -24.444 -7.415 0.345
vertex -23.971 -8.577 0.459
vertex -24.051 -8.606 0.345
endloop
endfacet
facet normal 0.6708227660250162 0.22135461548936347 -0.7078127936001881
outer loop
vertex -24.444 -7.415 0.345
vertex -24.051 -8.606 0.345
vertex -24.541 -7.444 0.244
endloop
endfacet
facet normal 0.67186709685986 0.2218959057354885 -0.7066518316504465
outer loop
vertex -24.541 -7.444 0.244
vertex -24.051 -8.606 0.345
vertex -24.146 -8.64 0.244
endloop
endfacet
facet normal 0.5670686133596345 0.18728436645238736 -0.8020958507715328
outer loop
vertex -24.541 -7.444 0.244
vertex -24.146 -8.64 0.244
vertex -24.65 -7.478 0.159
endloop
endfacet
facet normal 0.5661423584247712 0.18682697828017303 -0.8028564692296734
outer loop
vertex -24.65 -7.478 0.159
vertex -24.146 -8.64 0.244
vertex -24.254 -8.678 0.159
endloop
endfacet
facet normal 0.45825374192336454 0.15122373483470913 -0.8758623693457072
outer loop
vertex -24.65 -7.478 0.159
vertex -24.254 -8.678 0.159
vertex -24.77 -7.514 0.09
endloop
endfacet
facet normal 0.46086342511609535 0.15247471527472833 -0.8742747649292824
outer loop
vertex -24.77 -7.514 0.09
vertex -24.254 -8.678 0.159
vertex -24.371 -8.72 0.09
endloop
endfacet
facet normal 0.3265399786361278 0.10803437104130618 -0.9389889333884754
outer loop
vertex -24.77 -7.514 0.09
vertex -24.371 -8.72 0.09
vertex -24.898 -7.553 0.041
endloop
endfacet
facet normal 0.3265692042366097 0.10804806179775606 -0.9389771941778008
outer loop
vertex -24.898 -7.553 0.041
vertex -24.371 -8.72 0.09
vertex -24.497 -8.765 0.041
endloop
endfacet
facet normal 0.2068935684775368 0.06845241003258429 -0.9759658389940509
outer loop
vertex -24.898 -7.553 0.041
vertex -24.497 -8.765 0.041
vertex -25.031 -7.593 0.01
endloop
endfacet
facet normal 0.20520514941986684 0.06767224779884004 -0.9763766248376814
outer loop
vertex -25.031 -7.593 0.01
vertex -24.497 -8.765 0.041
vertex -24.629 -8.812 0.01
endloop
endfacet
facet normal 0.06627398233785381 0.021855734946527546 -0.9975620713093643
outer loop
vertex -25.031 -7.593 0.01
vertex -24.629 -8.812 0.01
vertex -25.168 -7.634 0.0
endloop
endfacet
facet normal 0.06656635081046491 0.021989699900683644 -0.9975396603835137
outer loop
vertex -25.168 -7.634 0.0
vertex -24.629 -8.812 0.01
vertex -24.763 -8.86 0.0
endloop
endfacet
facet normal 0.0 -0.0 -1.0
outer loop
vertex -24.763 -8.86 0.0
vertex -24.298 -10.065 0.0
vertex -32.954 -11.791 0.0
endloop
endfacet
facet normal 0.0 -0.0 -1.0
outer loop
vertex -32.954 -11.791 0.0
vertex -24.298 -10.065 0.0
vertex -32.336 -13.394 0.0
endloop
endfacet
facet normal -0.9330602770744716 -0.3597200569133035 0.0
outer loop
vertex -32.954 -11.791 0.0
vertex -32.336 -13.394 0.0
vertex -32.954 -11.791 3.0
endloop
endfacet
facet normal -0.9330602770744716 -0.3597200569133035 0.0
outer loop
vertex -32.954 -11.791 3.0
vertex -32.336 -13.394 0.0
vertex -32.336 -13.394 3.0
endloop
endfacet
facet normal -0.0 0.0 1.0
outer loop
vertex -32.954 -11.791 3.0
vertex -32.336 -13.394 3.0
vertex -28.058 -10.039 3.0
endloop
endfacet
facet normal -0.0 0.0 1.0
outer loop
vertex -28.058 -10.039 3.0
vertex -32.336 -13.394 3.0
vertex -27.532 -11.404 3.0
endloop
endfacet
facet normal -0.9331163744049007 -0.3595745149721447 0.0
outer loop
vertex -28.058 -10.039 3.0
vertex -27.532 -11.404 3.0
vertex -28.058 -10.039 52.0
endloop
endfacet
facet normal -0.9331163744049007 -0.3595745149721447 0.0
outer loop
vertex -28.058 -10.039 52.0
vertex -27.532 -11.404 3.0
vertex -27.532 -11.404 52.0
endloop
endfacet
facet normal -0.6597560965785807 -0.25423568263760676 0.7071676680258965
outer loop
vertex -28.058 -10.039 52.0
vertex -27.532 -11.404 52.0
vertex -27.116 -9.702 53.0
endloop
endfacet
facet normal -0.6598879283134921 -0.2541494068106544 0.7070756685701468
outer loop
vertex -27.116 -9.702 53.0
vertex -27.532 -11.404 52.0
vertex -26.608 -11.021 53.0
endloop
endfacet
facet normal -0.0 0.0 1.0
outer loop
vertex -27.116 -9.702 53.0
vertex -26.608 -11.021 53.0
vertex -23.821 -8.523 53.0
endloop
endfacet
facet normal -0.0 0.0 1.0
outer loop
vertex -23.821 -8.523 53.0
vertex -26.608 -11.021 53.0
vertex -23.374 -9.682 53.0
endloop
endfacet
facet normal 0.9330132418700997 0.35984203547535537 0.0
outer loop
vertex -23.821 -8.523 53.0
vertex -23.374 -9.682 53.0
vertex -23.821 -8.523 1.0
endloop
endfacet
facet normal 0.9330132418700997 0.35984203547535537 0.0
outer loop
vertex -23.821 -8.523 1.0
vertex -23.374 -9.682 53.0
vertex -23.374 -9.682 1.0
endloop
endfacet
facet normal 0.9303414437282493 0.35881158356042253 -0.07562437163043809
outer loop
vertex -23.821 -8.523 1.0
vertex -23.374 -9.682 1.0
vertex -23.831 -8.527 0.858
endloop
endfacet
facet normal 0.9303414437282486 0.3588115835604194 -0.07562437163046098
outer loop
vertex -23.831 -8.527 0.858
vertex -23.374 -9.682 1.0
vertex -23.384 -9.686 0.858
endloop
endfacet
facet normal 0.9126712088357481 0.35199657493492525 -0.2076768542625195
outer loop
vertex -23.831 -8.527 0.858
vertex -23.384 -9.686 0.858
vertex -23.859 -8.537 0.718
endloop
endfacet
facet normal 0.9122940187249335 0.35154778135349 -0.21008041513703615
outer loop
vertex -23.859 -8.537 0.718
vertex -23.384 -9.686 0.858
vertex -23.412 -9.697 0.718
endloop
endfacet
facet normal 0.8735013598349163 0.33659923090190563 -0.35170489351556894
outer loop
vertex -23.859 -8.537 0.718
vertex -23.412 -9.697 0.718
vertex -23.906 -8.554 0.585
endloop
endfacet
facet normal 0.8739050970158659 0.3369272663193705 -0.3503853573142659
outer loop
vertex -23.906 -8.554 0.585
vertex -23.412 -9.697 0.718
vertex -23.458 -9.716 0.585
endloop
endfacet
facet normal 0.8185917063587816 0.3156016217286874 -0.4798991921673142
outer loop
vertex -23.906 -8.554 0.585
vertex -23.458 -9.716 0.585
vertex -23.971 -8.577 0.459
endloop
endfacet
facet normal 0.8196486317201808 0.3163309470618187 -0.477609518801927
outer loop
vertex -23.971 -8.577 0.459
vertex -23.458 -9.716 0.585
vertex -23.521 -9.743 0.459
endloop
endfacet
facet normal 0.7476784515633893 0.28855514854504677 -0.5980910125690896
outer loop
vertex -23.971 -8.577 0.459
vertex -23.521 -9.743 0.459
vertex -24.051 -8.606 0.345
endloop
endfacet
facet normal 0.747250062517117 0.28828894627477963 -0.5987543966635582
outer loop
vertex -24.051 -8.606 0.345
vertex -23.521 -9.743 0.459
vertex -23.6 -9.775 0.345
endloop
endfacet
facet normal 0.6601355143797074 0.25468016850748154 -0.7066534613398848
outer loop
vertex -24.051 -8.606 0.345
vertex -23.6 -9.775 0.345
vertex -24.146 -8.64 0.244
endloop
endfacet
facet normal 0.6603381157691357 0.25479826783936815 -0.7064215565570782
outer loop
vertex -24.146 -8.64 0.244
vertex -23.6 -9.775 0.345
vertex -23.693 -9.814 0.244
endloop
endfacet
facet normal 0.5562944809935897 0.21465195902052467 -0.8027832751775061
outer loop
vertex -24.146 -8.64 0.244
vertex -23.693 -9.814 0.244
vertex -24.254 -8.678 0.159
endloop
endfacet
facet normal 0.5554263701027045 0.21416864270909464 -0.8035131236480695
outer loop
vertex -24.254 -8.678 0.159
vertex -23.693 -9.814 0.244
vertex -23.799 -9.858 0.159
endloop
endfacet
facet normal 0.45291192518253015 0.1746397677610611 -0.8742835578597007
outer loop
vertex -24.254 -8.678 0.159
vertex -23.799 -9.858 0.159
vertex -24.371 -8.72 0.09
endloop
endfacet
facet normal 0.45214048312301486 0.17422276626240854 -0.874765917967293
outer loop
vertex -24.371 -8.72 0.09
vertex -23.799 -9.858 0.159
vertex -23.914 -9.906 0.09
endloop
endfacet
facet normal 0.32098354088627046 0.12368421432126872 -0.9389737917577052
outer loop
vertex -24.371 -8.72 0.09
vertex -23.914 -9.906 0.09
vertex -24.497 -8.765 0.041
endloop
endfacet
facet normal 0.32039827643943464 0.12337483966921173 -0.9392143490126393
outer loop
vertex -24.497 -8.765 0.041
vertex -23.914 -9.906 0.09
vertex -24.038 -9.957 0.041
endloop
endfacet
facet normal 0.2016520898706828 0.07764958829751956 -0.9763744036423792
outer loop
vertex -24.497 -8.765 0.041
vertex -24.038 -9.957 0.041
vertex -24.629 -8.812 0.01
endloop
endfacet
facet normal 0.20249782906053346 0.07809181721700031 -0.9761640729454848
outer loop
vertex -24.629 -8.812 0.01
vertex -24.038 -9.957 0.041
vertex -24.167 -10.01 0.01
endloop
endfacet
facet normal 0.06540778894283704 0.02522403880767169 -0.9975397581108426
outer loop
vertex -24.629 -8.812 0.01
vertex -24.167 -10.01 0.01
vertex -24.763 -8.86 0.0
endloop
endfacet
facet normal 0.0655303806590826 0.025287657266783094 -0.9975301016012665
outer loop
vertex -24.763 -8.86 0.0
vertex -24.167 -10.01 0.01
vertex -24.298 -10.065 0.0
endloop
endfacet
facet normal 0.0 -0.0 -1.0
outer loop
vertex -24.298 -10.065 0.0
vertex -23.775 -11.245 0.0
vertex -32.336 -13.394 0.0
endloop
endfacet
facet normal 0.0 -0.0 -1.0
outer loop
vertex -32.336 -13.394 0.0
vertex -23.775 -11.245 0.0
vertex -31.64 -14.964 0.0
endloop
endfacet
facet normal -0.9141953311144401 -0.4052738537934065 0.0
outer loop
vertex -32.336 -13.394 0.0
vertex -31.64 -14.964 0.0
vertex -32.336 -13.394 3.0
endloop
endfacet
facet normal -0.9141953311144401 -0.4052738537934065 0.0
outer loop
vertex -32.336 -13.394 3.0
vertex -31.64 -14.964 0.0
vertex -31.64 -14.964 3.0
endloop
endfacet
facet normal -0.0 0.0 1.0
outer loop
vertex -32.336 -13.394 3.0
vertex -31.64 -14.964 3.0
vertex -27.532 -11.404 3.0
endloop
endfacet
facet normal -0.0 0.0 0.9999999999999999
outer loop
vertex -27.532 -11.404 3.0
vertex -31.64 -14.964 3.0
vertex -26.939 -12.741 3.0
endloop
endfacet
facet normal -0.9141214190736168 -0.4054405396489565 0.0
outer loop
vertex -27.532 -11.404 3.0
vertex -26.939 -12.741 3.0
vertex -27.532 -11.404 52.0
endloop
endfacet
facet normal -0.9141214190736168 -0.4054405396489565 0.0
outer loop
vertex -27.532 -11.404 52.0
vertex -26.939 -12.741 3.0
vertex -26.939 -12.741 52.0
endloop
endfacet
facet normal -0.6464034581296325 -0.2866995143387226 0.7070827093035107
outer loop
vertex -27.532 -11.404 52.0
vertex -26.939 -12.741 52.0
vertex -26.608 -11.021 53.0
endloop
endfacet
facet normal -0.6466388957474088 -0.28656155240778475 0.7069233446337816
outer loop
vertex -26.608 -11.021 53.0
vertex -26.939 -12.741 52.0
vertex -26.035 -12.314 53.0
endloop
endfacet
facet normal -0.0 0.0 0.9999999999999999
outer loop
vertex -26.608 -11.021 53.0
vertex -26.035 -12.314 53.0
vertex -23.374 -9.682 53.0
endloop
endfacet
facet normal -0.0 0.0 1.0
outer loop
vertex -23.374 -9.682 53.0
vertex -26.035 -12.314 53.0
vertex -22.871 -10.817 53.0
endloop
endfacet
facet normal 0.9142428467136372 0.40516665365370896 0.0
outer loop
vertex -23.374 -9.682 53.0
vertex -22.871 -10.817 53.0
vertex -23.374 -9.682 1.0
endloop
endfacet
facet normal 0.9142428467136372 0.40516665365370896 0.0
outer loop
vertex -23.374 -9.682 1.0
vertex -22.871 -10.817 53.0
vertex -22.871 -10.817 1.0
endloop
endfacet
facet normal 0.9116278999568369 0.40400778297646617 -0.07557964881320754
outer loop
vertex -23.374 -9.682 1.0
vertex -22.871 -10.817 1.0
vertex -23.384 -9.686 0.858
endloop
endfacet
facet normal 0.911753933198155 0.4048669447857899 -0.0691919237882161
outer loop
vertex -23.384 -9.686 0.858
vertex -22.871 -10.817 1.0
vertex -22.88 -10.821 0.858
endloop
endfacet
facet normal 0.8935854027203849 0.3967991568027095 -0.20989415714999363
outer loop
vertex -23.384 -9.686 0.858
vertex -22.88 -10.821 0.858
vertex -23.412 -9.697 0.718
endloop
endfacet
facet normal 0.8927687301505342 0.3957391732593378 -0.2153009549756308
outer loop
vertex -23.412 -9.697 0.718
vertex -22.88 -10.821 0.858
vertex -22.908 -10.834 0.718
endloop
endfacet
facet normal 0.8562580150809341 0.37955500404642806 -0.35037153210980904
outer loop
vertex -23.412 -9.697 0.718
vertex -22.908 -10.834 0.718
vertex -23.458 -9.716 0.585
endloop
endfacet
facet normal 0.8557124315364424 0.3790655946718442 -0.3522293421196916
outer loop
vertex -23.458 -9.716 0.585
vertex -22.908 -10.834 0.718
vertex -22.953 -10.856 0.585
endloop
endfacet
facet normal 0.8031755470750116 0.3557926765551578 -0.47782906137077175
outer loop
vertex -23.458 -9.716 0.585
vertex -22.953 -10.856 0.585
vertex -23.521 -9.743 0.459
endloop
endfacet
facet normal 0.8055992325400971 0.35765219868461523 -0.4723291027523787
outer loop
vertex -23.521 -9.743 0.459
vertex -22.953 -10.856 0.585
vertex -23.014 -10.885 0.459
endloop
endfacet
facet normal 0.732139741322675 0.3250392721984216 -0.5985990901301863
outer loop
vertex -23.521 -9.743 0.459
vertex -23.014 -10.885 0.459
vertex -23.6 -9.775 0.345
endloop
endfacet
facet normal 0.7290015695270097 0.3228707910372474 -0.6035819446621465
outer loop
vertex -23.6 -9.775 0.345
vertex -23.014 -10.885 0.459
vertex -23.092 -10.922 0.345
endloop
endfacet
facet normal 0.6470890992955755 0.2865922078833077 -0.7064988350686872
outer loop
vertex -23.6 -9.775 0.345
vertex -23.092 -10.922 0.345
vertex -23.693 -9.814 0.244
endloop
endfacet
facet normal 0.6477095793269654 0.28699555643505936 -0.7057661450045732
outer loop
vertex -23.693 -9.814 0.244
vertex -23.092 -10.922 0.345
vertex -23.183 -10.965 0.244
endloop
endfacet
facet normal 0.5442374571354599 0.24114778726245478 -0.8035255658341869
outer loop
vertex -23.693 -9.814 0.244
vertex -23.183 -10.965 0.244
vertex -23.799 -9.858 0.159
endloop
endfacet
facet normal 0.5462978747037658 0.24243149630019992 -0.8017391107435105
outer loop
vertex -23.799 -9.858 0.159
vertex -23.183 -10.965 0.244
vertex -23.286 -11.014 0.159
endloop
endfacet
facet normal 0.4428487345463129 0.19652370313344114 -0.8747933655540879
outer loop
vertex -23.799 -9.858 0.159
vertex -23.286 -11.014 0.159
vertex -23.914 -9.906 0.09
endloop
endfacet
facet normal 0.44233716538894063 0.1962132990312702 -0.8751218048928631
outer loop
vertex -23.914 -9.906 0.09
vertex -23.286 -11.014 0.159
vertex -23.399 -11.067 0.09
endloop
endfacet
facet normal 0.31387266897425814 0.13922861715912419 -0.9392014373045506
outer loop
vertex -23.914 -9.906 0.09
vertex -23.399 -11.067 0.09
vertex -24.038 -9.957 0.041
endloop
endfacet
facet normal 0.31447773670736895 0.1395882327458589 -0.9389456205735764
outer loop
vertex -24.038 -9.957 0.041
vertex -23.399 -11.067 0.09
vertex -23.52 -11.124 0.041
endloop
endfacet
facet normal 0.19839903472301448 0.08806401027122678 -0.9761570330207764
outer loop
vertex -24.038 -9.957 0.041
vertex -23.52 -11.124 0.041
vertex -24.167 -10.01 0.01
endloop
endfacet
facet normal 0.1982734507132539 0.08799017702010688 -0.9761892068089205
outer loop
vertex -24.167 -10.01 0.01
vertex -23.52 -11.124 0.041
vertex -23.646 -11.184 0.01
endloop
endfacet
facet normal 0.06418788971121275 0.028485426353953926 -0.9975312001636112
outer loop
vertex -24.167 -10.01 0.01
vertex -23.646 -11.184 0.01
vertex -24.298 -10.065 0.0
endloop
endfacet
facet normal 0.06393070647632491 0.028335389395862644 -0.9975519888593392
outer loop
vertex -24.298 -10.065 0.0
vertex -23.646 -11.184 0.01
vertex -23.775 -11.245 0.0
endloop
endfacet
facet normal 0.0 -0.0 -1.0
outer loop
vertex -23.775 -11.245 0.0
vertex -23.195 -12.398 0.0
vertex -31.64 -14.964 0.0
endloop
endfacet
facet normal 0.0 -0.0 -1.0
outer loop
vertex -31.64 -14.964 0.0
vertex -23.195 -12.398 0.0
vertex -30.867 -16.499 0.0
endloop
endfacet
facet normal -0.8931434516822083 -0.4497719141044609 0.0
outer loop
vertex -31.64 -14.964 0.0
vertex -30.867 -16.499 0.0
vertex -31.64 -14.964 3.0
endloop
endfacet
facet normal -0.8931434516822083 -0.4497719141044609 0.0
outer loop
vertex -31.64 -14.964 3.0
vertex -30.867 -16.499 0.0
vertex -30.867 -16.499 3.0
endloop
endfacet
facet normal -0.0 0.0 0.9999999999999999
outer loop
vertex -31.64 -14.964 3.0
vertex -30.867 -16.499 3.0
vertex -26.939 -12.741 3.0
endloop
endfacet
facet normal -0.0 0.0 1.0
outer loop
vertex -26.939 -12.741 3.0
vertex -30.867 -16.499 3.0
vertex -26.281 -14.048 3.0
endloop
endfacet
facet normal -0.8931937013704928 -0.44967211591567346 0.0
outer loop
vertex -26.939 -12.741 3.0
vertex -26.281 -14.048 3.0
vertex -26.939 -12.741 52.0
endloop
endfacet
facet normal -0.8931937013704928 -0.44967211591567346 0.0
outer loop
vertex -26.939 -12.741 52.0
vertex -26.281 -14.048 3.0
vertex -26.281 -14.048 52.0
endloop
endfacet
facet normal -0.631754789854985 -0.31805252618560126 0.706914758710158
outer loop
vertex -26.939 -12.741 52.0
vertex -26.281 -14.048 52.0
vertex -26.035 -12.314 53.0
endloop
endfacet
facet normal -0.6314351256778208 -0.3182192867916746 0.7071252842135068
outer loop
vertex -26.035 -12.314 53.0
vertex -26.281 -14.048 52.0
vertex -25.399 -13.576 53.0
endloop
endfacet
facet normal -0.0 0.0 1.0
outer loop
vertex -26.035 -12.314 53.0
vertex -25.399 -13.576 53.0
vertex -22.871 -10.817 53.0
endloop
endfacet
facet normal -0.0 0.0 1.0
outer loop
vertex -22.871 -10.817 53.0
vertex -25.399 -13.576 53.0
vertex -22.313 -11.926 53.0
endloop
endfacet
facet normal 0.893296650986177 0.44946756650161107 0.0
outer loop
vertex -22.871 -10.817 53.0
vertex -22.313 -11.926 53.0
vertex -22.871 -10.817 1.0
endloop
endfacet
facet normal 0.893296650986177 0.44946756650161107 0.0
outer loop
vertex -22.871 -10.817 1.0
vertex -22.313 -11.926 53.0
vertex -22.313 -11.926 1.0
endloop
endfacet
facet normal 0.8911606463805647 0.4483928229759738 -0.06911279654457106
outer loop
vertex -22.871 -10.817 1.0
vertex -22.313 -11.926 1.0
vertex -22.88 -10.821 0.858
endloop
endfacet
facet normal 0.8911239820144986 0.4479704342018832 -0.0722532958390124
outer loop
vertex -22.88 -10.821 0.858
vertex -22.313 -11.926 1.0
vertex -22.322 -11.931 0.858
endloop
endfacet
facet normal 0.8725190343811962 0.4386176767429798 -0.2152325911452439
outer loop
vertex -22.88 -10.821 0.858
vertex -22.322 -11.931 0.858
vertex -22.908 -10.834 0.718
endloop
endfacet
facet normal 0.8737643728181521 0.4404212860289531 -0.20631265498341156
outer loop
vertex -22.908 -10.834 0.718
vertex -22.322 -11.931 0.858
vertex -22.348 -11.945 0.718
endloop
endfacet
facet normal 0.8356821205141198 0.42122591133025095 -0.35242605618345446
outer loop
vertex -22.908 -10.834 0.718
vertex -22.348 -11.945 0.718
vertex -22.953 -10.856 0.585
endloop
endfacet
facet normal 0.8356695931890269 0.4212135146262752 -0.3524705748221641
outer loop
vertex -22.953 -10.856 0.585
vertex -22.348 -11.945 0.718
vertex -22.392 -11.969 0.585
endloop
endfacet
facet normal 0.7870786444426595 0.39672158089158316 -0.4723549456893498
outer loop
vertex -22.953 -10.856 0.585
vertex -22.392 -11.969 0.585
vertex -23.014 -10.885 0.459
endloop
endfacet
facet normal 0.7839853515269641 0.3941001632675869 -0.47963739418815543
outer loop
vertex -23.014 -10.885 0.459
vertex -22.392 -11.969 0.585
vertex -22.453 -12.001 0.459
endloop
endfacet
facet normal 0.7123402210057644 0.35808500357010214 -0.6036112488644148
outer loop
vertex -23.014 -10.885 0.459
vertex -22.453 -12.001 0.459
vertex -23.092 -10.922 0.345
endloop
endfacet
facet normal 0.7159614582765146 0.3608599307130959 -0.5976447947303704
outer loop
vertex -23.092 -10.922 0.345
vertex -22.453 -12.001 0.459
vertex -22.528 -12.041 0.345
endloop
endfacet
facet normal 0.6326400587896265 0.3188641583175598 -0.7057564768070443
outer loop
vertex -23.092 -10.922 0.345
vertex -22.528 -12.041 0.345
vertex -23.183 -10.965 0.244
endloop
endfacet
facet normal 0.6313077593784372 0.31790052651974615 -0.7073823352240608
outer loop
vertex -23.183 -10.965 0.244
vertex -22.528 -12.041 0.345
vertex -22.617 -12.089 0.244
endloop
endfacet
facet normal 0.5337810368643335 0.2687900950758115 -0.8017666053616684
outer loop
vertex -23.183 -10.965 0.244
vertex -22.617 -12.089 0.244
vertex -23.286 -11.014 0.159
endloop
endfacet
facet normal 0.532493229415639 0.26789739088404196 -0.8029208856319695
outer loop
vertex -23.286 -11.014 0.159
vertex -22.617 -12.089 0.244
vertex -22.718 -12.143 0.159
endloop
endfacet
facet normal 0.43233071434110343 0.21750562067825252 -0.8750894002390152
outer loop
vertex -23.286 -11.014 0.159
vertex -22.718 -12.143 0.159
vertex -23.399 -11.067 0.09
endloop
endfacet
facet normal 0.43228958370829895 0.21747784343386725 -0.8751166227610236
outer loop
vertex -23.399 -11.067 0.09
vertex -22.718 -12.143 0.159
vertex -22.828 -12.202 0.09
endloop
endfacet
facet normal 0.30738368765869095 0.15463972304239032 -0.9389365391860716
outer loop
vertex -23.399 -11.067 0.09
vertex -22.828 -12.202 0.09
vertex -23.52 -11.124 0.041
endloop
endfacet
facet normal 0.3073522786719716 0.15461893773681956 -0.9389502440961843
outer loop
vertex -23.52 -11.124 0.041
vertex -22.828 -12.202 0.09
vertex -22.946 -12.265 0.041
endloop
endfacet
facet normal 0.1937588401376661 0.09747377233919365 -0.9761948450870211
outer loop
vertex -23.52 -11.124 0.041
vertex -22.946 -12.265 0.041
vertex -23.646 -11.184 0.01
endloop
endfacet
facet normal 0.19373839434764537 0.09746037797610435 -0.976200240360732
outer loop
vertex -23.646 -11.184 0.01
vertex -22.946 -12.265 0.041
vertex -23.069 -12.331 0.01
endloop
endfacet
facet normal 0.062469542950610836 0.03142539344594817 -0.99755200408315
outer loop
vertex -23.646 -11.184 0.01
vertex -23.069 -12.331 0.01
vertex -23.775 -11.245 0.0
endloop
endfacet
facet normal 0.06246283243215475 0.03142102585485658 -0.9975525618726971
outer loop
vertex -23.775 -11.245 0.0
vertex -23.069 -12.331 0.01
vertex -23.195 -12.398 0.0
endloop
endfacet
facet normal 0.0 -0.0 -1.0
outer loop
vertex -23.195 -12.398 0.0
vertex -22.558 -13.521 0.0
vertex -30.867 -16.499 0.0
endloop
endfacet
facet normal 0.0 -0.0 -1.0
outer loop
vertex -30.867 -16.499 0.0
vertex -22.558 -13.521 0.0
vertex -30.021 -17.994 0.0
endloop
endfacet
facet normal -0.8703133534670595 -0.4924983926643023 0.0
outer loop
vertex -30.867 -16.499 0.0
vertex -30.021 -17.994 0.0
vertex -30.867 -16.499 3.0
endloop
endfacet
facet normal -0.8703133534670595 -0.4924983926643023 0.0
outer loop
vertex -30.867 -16.499 3.0
vertex -30.021 -17.994 0.0
vertex -30.021 -17.994 3.0
endloop
endfacet
facet normal -0.0 0.0 1.0
outer loop
vertex -30.867 -16.499 3.0
vertex -30.021 -17.994 3.0
vertex -26.281 -14.048 3.0
endloop
endfacet
facet normal -0.0 0.0 1.0
outer loop
vertex -26.281 -14.048 3.0
vertex -30.021 -17.994 3.0
vertex -25.56 -15.32 3.0
endloop
endfacet
facet normal -0.8699635075054271 -0.4931161076347586 0.0
outer loop
vertex -26.281 -14.048 3.0
vertex -25.56 -15.32 3.0
vertex -26.281 -14.048 52.0
endloop
endfacet
facet normal -0.8699635075054271 -0.4931161076347586 0.0
outer loop
vertex -26.281 -14.048 52.0
vertex -25.56 -15.32 3.0
vertex -25.56 -15.32 52.0
endloop
endfacet
facet normal -0.6151390666517482 -0.348675524415024 0.7071275043107318
outer loop
vertex -26.281 -14.048 52.0
vertex -25.56 -15.32 52.0
vertex -25.399 -13.576 53.0
endloop
endfacet
facet normal -0.6157202199214975 -0.3484075390775314 0.7067537035585745
outer loop
vertex -25.399 -13.576 53.0
vertex -25.56 -15.32 52.0
vertex -24.703 -14.806 53.0
endloop
endfacet
facet normal -0.0 0.0 1.0
outer loop
vertex -25.399 -13.576 53.0
vertex -24.703 -14.806 53.0
vertex -22.313 -11.926 53.0
endloop
endfacet
facet normal -0.0 0.0 1.0
outer loop
vertex -22.313 -11.926 53.0
vertex -24.703 -14.806 53.0
vertex -21.701 -13.007 53.0
endloop
endfacet
facet normal 0.8702177846265517 0.4926672379199338 0.0
outer loop
vertex -22.313 -11.926 53.0
vertex -21.701 -13.007 53.0
vertex -22.313 -11.926 1.0
endloop
endfacet
facet normal 0.8702177846265517 0.4926672379199338 0.0
outer loop
vertex -22.313 -11.926 1.0
vertex -21.701 -13.007 53.0
vertex -21.701 -13.007 1.0
endloop
endfacet
facet normal 0.8679395895496179 0.4913774549531591 -0.07231227873740943
outer loop
vertex -22.313 -11.926 1.0
vertex -21.701 -13.007 1.0
vertex -22.322 -11.931 0.858
endloop
endfacet
facet normal 0.8679626668922381 0.49219344570299806 -0.06623006030741208
outer loop
vertex -22.322 -11.931 0.858
vertex -21.701 -13.007 1.0
vertex -21.709 -13.012 0.858
endloop
endfacet
facet normal 0.8511536757707286 0.4826616126248433 -0.20633755819133656
outer loop
vertex -22.322 -11.931 0.858
vertex -21.709 -13.012 0.858
vertex -22.348 -11.945 0.718
endloop
endfacet
facet normal 0.8503080671134631 0.48129163909561623 -0.21291911407485528
outer loop
vertex -22.348 -11.945 0.718
vertex -21.709 -13.012 0.858
vertex -21.735 -13.028 0.718
endloop
endfacet
facet normal 0.8143715053445618 0.46095081512115976 -0.35259523156442507
outer loop
vertex -22.348 -11.945 0.718
vertex -21.735 -13.028 0.718
vertex -22.392 -11.969 0.585
endloop
endfacet
facet normal 0.8149924676764153 0.4616285748646854 -0.35026609384738766
outer loop
vertex -22.392 -11.969 0.585
vertex -21.735 -13.028 0.718
vertex -21.778 -13.053 0.585
endloop
endfacet
facet normal 0.7635610166221354 0.43249673819740875 -0.47950093362116936
outer loop
vertex -22.392 -11.969 0.585
vertex -21.778 -13.053 0.585
vertex -22.453 -12.001 0.459
endloop
endfacet
facet normal 0.7641364726682928 0.4330341004265576 -0.4780971857330072
outer loop
vertex -22.453 -12.001 0.459
vertex -21.778 -13.053 0.585
vertex -21.837 -13.088 0.459
endloop
endfacet
facet normal 0.6975559590326157 0.39530310097892474 -0.597621236549149
outer loop
vertex -22.453 -12.001 0.459
vertex -21.837 -13.088 0.459
vertex -22.528 -12.041 0.345
endloop
endfacet
facet normal 0.6969498350562963 0.39478918246085276 -0.5986672104156807
outer loop
vertex -22.528 -12.041 0.345
vertex -21.837 -13.088 0.459
vertex -21.91 -13.132 0.345
endloop
endfacet
facet normal 0.6149598924630363 0.3483457502677872 -0.7074458063570832
outer loop
vertex -22.528 -12.041 0.345
vertex -21.91 -13.132 0.345
vertex -22.617 -12.089 0.244
endloop
endfacet
facet normal 0.6143214594321886 0.34783498159630855 -0.7082513466693878
outer loop
vertex -22.617 -12.089 0.244
vertex -21.91 -13.132 0.345
vertex -21.997 -13.184 0.244
endloop
endfacet
facet normal 0.5187040035567221 0.2936954175389667 -0.8029253753686204
outer loop
vertex -22.617 -12.089 0.244
vertex -21.997 -13.184 0.244
vertex -22.718 -12.143 0.159
endloop
endfacet
facet normal 0.5190984278672025 0.2939984732375162 -0.802559480611754
outer loop
vertex -22.718 -12.143 0.159
vertex -21.997 -13.184 0.244
vertex -22.095 -13.243 0.159
endloop
endfacet
facet normal 0.42104359838111416 0.23846378344675878 -0.8751327397866797
outer loop
vertex -22.718 -12.143 0.159
vertex -22.095 -13.243 0.159
vertex -22.828 -12.202 0.09
endloop
endfacet
facet normal 0.4213936457112647 0.23872617395045306 -0.8748926844048629
outer loop
vertex -22.828 -12.202 0.09
vertex -22.095 -13.243 0.159
vertex -22.202 -13.307 0.09
endloop
endfacet
facet normal 0.2993578867928031 0.16959098383013033 -0.9389482167928517
outer loop
vertex -22.828 -12.202 0.09
vertex -22.202 -13.307 0.09
vertex -22.946 -12.265 0.041
endloop
endfacet
facet normal 0.2987218227516718 0.16912333619334127 -0.9392350982404528
outer loop
vertex -22.946 -12.265 0.041
vertex -22.202 -13.307 0.09
vertex -22.317 -13.376 0.041
endloop
endfacet
facet normal 0.18870754379664395 0.10683802434571504 -0.9762044352839941
outer loop
vertex -22.946 -12.265 0.041
vertex -22.317 -13.376 0.041
vertex -23.069 -12.331 0.01
endloop
endfacet
facet normal 0.1893402195782444 0.10729844135454647 -0.9760314163657577
outer loop
vertex -23.069 -12.331 0.01
vertex -22.317 -13.376 0.041
vertex -22.436 -13.448 0.01
endloop
endfacet
facet normal 0.06083796851513609 0.03447666434206003 -0.9975520543825251
outer loop
vertex -23.069 -12.331 0.01
vertex -22.436 -13.448 0.01
vertex -23.195 -12.398 0.0
endloop
endfacet
facet normal 0.06104567457419794 0.03462697658393952 -0.997534158867974
outer loop
vertex -23.195 -12.398 0.0
vertex -22.436 -13.448 0.01
vertex -22.558 -13.521 0.0
endloop
endfacet
facet normal 0.0 -0.0 -1.0
outer loop
vertex -22.558 -13.521 0.0
vertex -21.868 -14.611 0.0
vertex -30.021 -17.994 0.0
endloop
endfacet
facet normal 0.0 -0.0 -1.0
outer loop
vertex -30.021 -17.994 0.0
vertex -21.868 -14.611 0.0
vertex -29.101 -19.445 0.0
endloop
endfacet
facet normal -0.8445470993869619 -0.535481275972437 0.0
outer loop
vertex -30.021 -17.994 0.0
vertex -29.101 -19.445 0.0
vertex -30.021 -17.994 3.0
endloop
endfacet
facet normal -0.8445470993869619 -0.535481275972437 0.0
outer loop
vertex -30.021 -17.994 3.0
vertex -29.101 -19.445 0.0
vertex -29.101 -19.445 3.0
endloop
endfacet
facet normal -0.0 0.0 1.0
outer loop
vertex -30.021 -17.994 3.0
vertex -29.101 -19.445 3.0
vertex -25.56 -15.32 3.0
endloop
endfacet
facet normal -0.0 0.0 1.0
outer loop
vertex -25.56 -15.32 3.0
vertex -29.101 -19.445 3.0
vertex -24.778 -16.556 3.0
endloop
endfacet
facet normal -0.8450662272349784 -0.5346616421502853 0.0
outer loop
vertex -25.56 -15.32 3.0
vertex -24.778 -16.556 3.0
vertex -25.56 -15.32 52.0
endloop
endfacet
facet normal -0.8450662272349784 -0.5346616421502853 0.0
outer loop
vertex -25.56 -15.32 52.0
vertex -24.778 -16.556 3.0
vertex -24.778 -16.556 52.0
endloop
endfacet
facet normal -0.5978395990485103 -0.3782447948672612 0.7067663609463455
outer loop
vertex -25.56 -15.32 52.0
vertex -24.778 -16.556 52.0
vertex -24.703 -14.806 53.0
endloop
endfacet
facet normal -0.5970799028472583 -0.37855065867284166 0.7072446453910176
outer loop
vertex -24.703 -14.806 53.0
vertex -24.778 -16.556 52.0
vertex -23.946 -16.0 53.0
endloop
endfacet
facet normal -0.0 0.0 1.0
outer loop
vertex -24.703 -14.806 53.0
vertex -23.946 -16.0 53.0
vertex -21.701 -13.007 53.0
endloop
endfacet
facet normal -0.0 0.0 1.0
outer loop
vertex -21.701 -13.007 53.0
vertex -23.946 -16.0 53.0
vertex -21.036 -14.056 53.0
endloop
endfacet
facet normal 0.8445885020132177 0.5354159712476543 0.0
outer loop
vertex -21.701 -13.007 53.0
vertex -21.036 -14.056 53.0
vertex -21.701 -13.007 1.0
endloop
endfacet
facet normal 0.8445885020132177 0.5354159712476543 0.0
outer loop
vertex -21.701 -13.007 1.0
vertex -21.036 -14.056 53.0
vertex -21.036 -14.056 1.0
endloop
endfacet
facet normal 0.8427308002927838 0.534238305238037 -0.06628899949670546
outer loop
vertex -21.701 -13.007 1.0
vertex -21.036 -14.056 1.0
vertex -21.709 -13.012 0.858
endloop
endfacet
facet normal 0.8427427091755819 0.5329344370405574 -0.07593162679453515
outer loop
vertex -21.709 -13.012 0.858
vertex -21.036 -14.056 1.0
vertex -21.045 -14.062 0.858
endloop
endfacet
facet normal 0.8257802601605365 0.5222077073777097 -0.21304007201583675
outer loop
vertex -21.709 -13.012 0.858
vertex -21.045 -14.062 0.858
vertex -21.735 -13.028 0.718
endloop
endfacet
facet normal 0.8264496089760522 0.5234180856848331 -0.2073994971096962
outer loop
vertex -21.735 -13.028 0.718
vertex -21.045 -14.062 0.858
vertex -21.07 -14.078 0.718
endloop
endfacet
facet normal 0.7913636888483084 0.5011970029372619 -0.3500643886760034
outer loop
vertex -21.735 -13.028 0.718
vertex -21.07 -14.078 0.718
vertex -21.778 -13.053 0.585
endloop
endfacet
facet normal 0.7914942297961353 0.5013548445147399 -0.3495428501357503
outer loop
vertex -21.778 -13.053 0.585
vertex -21.07 -14.078 0.718
vertex -21.111 -14.106 0.585
endloop
endfacet
facet normal 0.7420175936223866 0.4700149429687852 -0.4780123891081613
outer loop
vertex -21.778 -13.053 0.585
vertex -21.111 -14.106 0.585
vertex -21.837 -13.088 0.459
endloop
endfacet
facet normal 0.7421938891949463 0.47019669684793464 -0.4775597314629569
outer loop
vertex -21.837 -13.088 0.459
vertex -21.111 -14.106 0.585
vertex -21.168 -14.144 0.459
endloop
endfacet
facet normal 0.676611797055541 0.42864895097552724 -0.5987124125261241
outer loop
vertex -21.837 -13.088 0.459
vertex -21.168 -14.144 0.459
vertex -21.91 -13.132 0.345
endloop
endfacet
facet normal 0.6754843820171604 0.42759435880520197 -0.6007361433848165
outer loop
vertex -21.91 -13.132 0.345
vertex -21.168 -14.144 0.459
vertex -21.239 -14.192 0.345
endloop
endfacet
facet normal 0.5965089452902257 0.3776014172544725 -0.7082331874998208
outer loop
vertex -21.91 -13.132 0.345
vertex -21.239 -14.192 0.345
vertex -21.997 -13.184 0.244
endloop
endfacet
facet normal 0.5975566180345161 0.3785274065369018 -0.7068543631778746
outer loop
vertex -21.997 -13.184 0.244
vertex -21.239 -14.192 0.345
vertex -21.323 -14.248 0.244
endloop
endfacet
facet normal 0.5039360384274301 0.31922264088354096 -0.8025866773884337
outer loop
vertex -21.997 -13.184 0.244
vertex -21.323 -14.248 0.244
vertex -22.095 -13.243 0.159
endloop
endfacet
facet normal 0.5049538747727454 0.32008780264152487 -0.8016017608214885
outer loop
vertex -22.095 -13.243 0.159
vertex -21.323 -14.248 0.244
vertex -21.418 -14.311 0.159
endloop
endfacet
facet normal 0.4090741579627002 0.2593101169857191 -0.8748809041897991
outer loop
vertex -22.095 -13.243 0.159
vertex -21.418 -14.311 0.159
vertex -22.202 -13.307 0.09
endloop
endfacet
facet normal 0.40751797797698397 0.2580188314938086 -0.8759882306401838
outer loop
vertex -22.202 -13.307 0.09
vertex -21.418 -14.311 0.159
vertex -21.522 -14.381 0.09
endloop
endfacet
facet normal 0.29002149974719343 0.1836262754451513 -0.9392384791151447
outer loop
vertex -22.202 -13.307 0.09
vertex -21.522 -14.381 0.09
vertex -22.317 -13.376 0.041
endloop
endfacet
facet normal 0.2912672838046851 0.18464024293086634 -0.9386540097796799
outer loop
vertex -22.317 -13.376 0.041
vertex -21.522 -14.381 0.09
vertex -21.633 -14.455 0.041
endloop
endfacet
facet normal 0.18377569350736492 0.11649914213071151 -0.9760401858318617
outer loop
vertex -22.317 -13.376 0.041
vertex -21.633 -14.455 0.041
vertex -22.436 -13.448 0.01
endloop
endfacet
facet normal 0.18360891868480111 0.11636469293031239 -0.9760876104216425
outer loop
vertex -22.436 -13.448 0.01
vertex -21.633 -14.455 0.041
vertex -21.749 -14.532 0.01
endloop
endfacet
facet normal 0.05928358775041815 0.03757179408167652 -0.9975338673513409
outer loop
vertex -22.436 -13.448 0.01
vertex -21.749 -14.532 0.01
vertex -22.558 -13.521 0.0
endloop
endfacet
facet normal 0.05902384231519065 0.03736371669493727 -0.9975570854407743
outer loop
vertex -22.558 -13.521 0.0
vertex -21.749 -14.532 0.01
vertex -21.868 -14.611 0.0
endloop
endfacet
facet normal 0.0 -0.0 -1.0
outer loop
vertex -21.868 -14.611 0.0
vertex -21.124 -15.667 0.0
vertex -29.101 -19.445 0.0
endloop
endfacet
facet normal 0.0 -0.0 -1.0
outer loop
vertex -29.101 -19.445 0.0
vertex -21.124 -15.667 0.0
vertex -28.112 -20.849 0.0
endloop
endfacet
facet normal -0.8175322772943157 -0.5758827793761245 0.0
outer loop
vertex -29.101 -19.445 0.0
vertex -28.112 -20.849 0.0
vertex -29.101 -19.445 3.0
endloop
endfacet
facet normal -0.8175322772943157 -0.5758827793761245 0.0
outer loop
vertex -29.101 -19.445 3.0
vertex -28.112 -20.849 0.0
vertex -28.112 -20.849 3.0
endloop
endfacet
facet normal -0.0 0.0 1.0
outer loop
vertex -29.101 -19.445 3.0
vertex -28.112 -20.849 3.0
vertex -24.778 -16.556 3.0
endloop
endfacet
facet normal -0.0 0.0 0.9999999999999999
outer loop
vertex -24.778 -16.556 3.0
vertex -28.112 -20.849 3.0
vertex -23.936 -17.752 3.0
endloop
endfacet
facet normal -0.817687227320975 -0.5756627469935294 0.0
outer loop
vertex -24.778 -16.556 3.0
vertex -23.936 -17.752 3.0
vertex -24.778 -16.556 52.0
endloop
endfacet
facet normal -0.817687227320975 -0.5756627469935294 0.0
outer loop
vertex -24.778 -16.556 52.0
vertex -23.936 -17.752 3.0
vertex -23.936 -17.752 52.0
endloop
endfacet
facet normal -0.5780811058050283 -0.40697683201323903 0.7072425986291433
outer loop
vertex -24.778 -16.556 52.0
vertex -23.936 -17.752 52.0
vertex -23.946 -16.0 53.0
endloop
endfacet
facet normal -0.5780047232843118 -0.407003325911272 0.707289779763704
outer loop
vertex -23.946 -16.0 53.0
vertex -23.936 -17.752 52.0
vertex -23.132 -17.156 53.0
endloop
endfacet
facet normal -0.0 0.0 1.0
outer loop
vertex -23.946 -16.0 53.0
vertex -23.132 -17.156 53.0
vertex -21.036 -14.056 53.0
endloop
endfacet
facet normal -0.0 0.0 1.0
outer loop
vertex -21.036 -14.056 53.0
vertex -23.132 -17.156 53.0
vertex -20.321 -15.071 53.0
endloop
endfacet
facet normal 0.817525525008853 0.5758923649077138 0.0
outer loop
vertex -21.036 -14.056 53.0
vertex -20.321 -15.071 53.0
vertex -21.036 -14.056 1.0
endloop
endfacet
facet normal 0.817525525008853 0.5758923649077138 0.0
outer loop
vertex -21.036 -14.056 1.0
vertex -20.321 -15.071 53.0
vertex -20.321 -15.071 1.0
endloop
endfacet
facet normal 0.8151655355527174 0.574229909280978 -0.07592865687085058
outer loop
vertex -21.036 -14.056 1.0
vertex -20.321 -15.071 1.0
vertex -21.045 -14.062 0.858
endloop
endfacet
facet normal 0.8151292788227077 0.5750074518591717 -0.07021886578687396
outer loop
vertex -21.045 -14.062 0.858
vertex -20.321 -15.071 1.0
vertex -20.329 -15.077 0.858
endloop
endfacet
facet normal 0.7994130257883059 0.5639209127728351 -0.2072004303505135
outer loop
vertex -21.045 -14.062 0.858
vertex -20.329 -15.077 0.858
vertex -21.07 -14.078 0.718
endloop
endfacet
facet normal 0.7985779822248581 0.5622240268171077 -0.21488915741663311
outer loop
vertex -21.07 -14.078 0.718
vertex -20.329 -15.077 0.858
vertex -20.354 -15.095 0.718
endloop
endfacet
facet normal 0.7660549513530686 0.5393267897431635 -0.3496947602878562
outer loop
vertex -21.07 -14.078 0.718
vertex -20.354 -15.095 0.718
vertex -21.111 -14.106 0.585
endloop
endfacet
facet normal 0.765569036115636 0.5386781147153217 -0.3517526683164217
outer loop
vertex -21.111 -14.106 0.585
vertex -20.354 -15.095 0.718
vertex -20.394 -15.125 0.585
endloop
endfacet
facet normal 0.7185560955023514 0.5055983517911558 -0.4775431334261676
outer loop
vertex -21.111 -14.106 0.585
vertex -20.394 -15.125 0.585
vertex -21.168 -14.144 0.459
endloop
endfacet
facet normal 0.718376055968519 0.5053937223496705 -0.4780303626556159
outer loop
vertex -21.168 -14.144 0.459
vertex -20.394 -15.125 0.585
vertex -20.449 -15.166 0.459
endloop
endfacet
facet normal 0.6537826776560791 0.4599508270398427 -0.6008439457148687
outer loop
vertex -21.168 -14.144 0.459
vertex -20.449 -15.166 0.459
vertex -21.239 -14.192 0.345
endloop
endfacet
facet normal 0.6555151804880781 0.4617384978657494 -0.5975762777573785
outer loop
vertex -21.239 -14.192 0.345
vertex -20.449 -15.166 0.459
vertex -20.517 -15.217 0.345
endloop
endfacet
facet normal 0.5783123321984817 0.4073575647290774 -0.7068342527673291
outer loop
vertex -21.239 -14.192 0.345
vertex -20.517 -15.217 0.345
vertex -21.323 -14.248 0.244
endloop
endfacet
facet normal 0.5786903771519002 0.4077264562051783 -0.7063119596199389
outer loop
vertex -21.323 -14.248 0.244
vertex -20.517 -15.217 0.345
vertex -20.598 -15.277 0.244
endloop
endfacet
facet normal 0.48879201157409347 0.3443869858029334 -0.8015484847661566
outer loop
vertex -21.323 -14.248 0.244
vertex -20.598 -15.277 0.244
vertex -21.418 -14.311 0.159
endloop
endfacet
facet normal 0.48773463299742326 0.3433953702341614 -0.8026173107257355
outer loop
vertex -21.418 -14.311 0.159
vertex -20.598 -15.277 0.244
vertex -20.69 -15.345 0.159
endloop
endfacet
facet normal 0.3943363898766748 0.27763722614141034 -0.8760230489430827
outer loop
vertex -21.418 -14.311 0.159
vertex -20.69 -15.345 0.159
vertex -21.522 -14.381 0.09
endloop
endfacet
facet normal 0.3946658803920787 0.2779390737635922 -0.8757789185232663
outer loop
vertex -21.522 -14.381 0.09
vertex -20.69 -15.345 0.159
vertex -20.791 -15.419 0.09
endloop
endfacet
facet normal 0.28197333172576483 0.19857659488587043 -0.9386470988390709
outer loop
vertex -21.522 -14.381 0.09
vertex -20.791 -15.419 0.09
vertex -21.633 -14.455 0.041
endloop
endfacet
facet normal 0.2816600187401699 0.19829512813603886 -0.9388006582873698
outer loop
vertex -21.633 -14.455 0.041
vertex -20.791 -15.419 0.09
vertex -20.898 -15.499 0.041
endloop
endfacet
facet normal 0.17777180482349803 0.1251554373038993 -0.9760805816750305
outer loop
vertex -21.633 -14.455 0.041
vertex -20.898 -15.499 0.041
vertex -21.749 -14.532 0.01
endloop
endfacet
facet normal 0.17756747640597387 0.12497368101334674 -0.9761410606960389
outer loop
vertex -21.749 -14.532 0.01
vertex -20.898 -15.499 0.041
vertex -21.01 -15.582 0.01
endloop
endfacet
facet normal 0.057133504470959245 0.04021110457527494 -0.9975564293490885
outer loop
vertex -21.749 -14.532 0.01
vertex -21.01 -15.582 0.01
vertex -21.868 -14.611 0.0
endloop
endfacet
facet normal 0.05736704457309789 0.040417690494682613 -0.9975346773380984
outer loop
vertex -21.868 -14.611 0.0
vertex -21.01 -15.582 0.01
vertex -21.124 -15.667 0.0
endloop
endfacet
facet normal 0.0 -0.0 -1.0
outer loop
vertex -21.124 -15.667 0.0
vertex -20.33 -16.685 0.0
vertex -28.112 -20.849 0.0
endloop
endfacet
facet normal 0.0 -0.0 -1.0
outer loop
vertex -28.112 -20.849 0.0
vertex -20.33 -16.685 0.0
vertex -27.055 -22.204 0.0
endloop
endfacet
facet normal -0.788474085729856 -0.6150679768387132 0.0
outer loop
vertex -28.112 -20.849 0.0
vertex -27.055 -22.204 0.0
vertex -28.112 -20.849 3.0
endloop
endfacet
facet normal -0.788474085729856 -0.6150679768387132 0.0
outer loop
vertex -28.112 -20.849 3.0
vertex -27.055 -22.204 0.0
vertex -27.055 -22.204 3.0
endloop
endfacet
facet normal -0.0 0.0 0.9999999999999999
outer loop
vertex -28.112 -20.849 3.0
vertex -27.055 -22.204 3.0
vertex -23.936 -17.752 3.0
endloop
endfacet
facet normal -0.0 0.0 1.0
outer loop
vertex -23.936 -17.752 3.0
vertex -27.055 -22.204 3.0
vertex -23.036 -18.905 3.0
endloop
endfacet
facet normal -0.7882834307933265 -0.6153123050424903 0.0
outer loop
vertex -23.936 -17.752 3.0
vertex -23.036 -18.905 3.0
vertex -23.936 -17.752 52.0
endloop
endfacet
facet normal -0.7882834307933265 -0.6153123050424903 0.0
outer loop
vertex -23.936 -17.752 52.0
vertex -23.036 -18.905 3.0
vertex -23.036 -18.905 52.0
endloop
endfacet
facet normal -0.5572595515242451 -0.43498143657573185 0.7072856156246284
outer loop
vertex -23.936 -17.752 52.0
vertex -23.036 -18.905 52.0
vertex -23.132 -17.156 53.0
endloop
endfacet
facet normal -0.557883279532097 -0.4347987174111133 0.7069061619169569
outer loop
vertex -23.132 -17.156 53.0
vertex -23.036 -18.905 52.0
vertex -22.263 -18.271 53.0
endloop
endfacet
facet normal -0.0 0.0 1.0
outer loop
vertex -23.132 -17.156 53.0
vertex -22.263 -18.271 53.0
vertex -20.321 -15.071 53.0
endloop
endfacet
facet normal -0.0 0.0 1.0
outer loop
vertex -20.321 -15.071 53.0
vertex -22.263 -18.271 53.0
vertex -19.557 -16.05 53.0
endloop
endfacet
facet normal 0.788353886907942 0.6152220322754539 0.0
outer loop
vertex -20.321 -15.071 53.0
vertex -19.557 -16.05 53.0
vertex -20.321 -15.071 1.0
endloop
endfacet
facet normal 0.788353886907942 0.6152220322754539 0.0
outer loop
vertex -20.321 -15.071 1.0
vertex -19.557 -16.05 53.0
vertex -19.557 -16.05 1.0
endloop
endfacet
facet normal 0.7864069858911965 0.6137026937904758 -0.07023571866106941
outer loop
vertex -20.321 -15.071 1.0
vertex -19.557 -16.05 1.0
vertex -20.329 -15.077 0.858
endloop
endfacet
facet normal 0.7864648206879072 0.6131215540873077 -0.07453217918391002
outer loop
vertex -20.329 -15.077 0.858
vertex -19.557 -16.05 1.0
vertex -19.565 -16.057 0.858
endloop
endfacet
facet normal 0.7702579772075513 0.6004868312107852 -0.21475151708558726
outer loop
vertex -20.329 -15.077 0.858
vertex -19.565 -16.057 0.858
vertex -20.354 -15.095 0.718
endloop
endfacet
facet normal 0.7708876453537182 0.6019367342925045 -0.20833724139067147
outer loop
vertex -20.354 -15.095 0.718
vertex -19.565 -16.057 0.858
vertex -19.588 -16.076 0.718
endloop
endfacet
facet normal 0.7377875121454592 0.5760909625926816 -0.35183631100449486
outer loop
vertex -20.354 -15.095 0.718
vertex -19.588 -16.076 0.718
vertex -20.394 -15.125 0.585
endloop
endfacet
facet normal 0.7380227430092936 0.5764393522282365 -0.3507707285446283
outer loop
vertex -20.394 -15.125 0.585
vertex -19.588 -16.076 0.718
vertex -19.627 -16.107 0.585
endloop
endfacet
facet normal 0.6922002735334564 0.5406492971488402 -0.4780764779955956
outer loop
vertex -20.394 -15.125 0.585
vertex -19.627 -16.107 0.585
vertex -20.449 -15.166 0.459
endloop
endfacet
facet normal 0.6916939179515963 0.5400128151317555 -0.4795265199780373
outer loop
vertex -20.449 -15.166 0.459
vertex -19.627 -16.107 0.585
vertex -19.68 -16.151 0.459
endloop
endfacet
facet normal 0.6319546491630829 0.49337373117402256 -0.5976752318681006
outer loop
vertex -20.449 -15.166 0.459
vertex -19.68 -16.151 0.459
vertex -20.517 -15.217 0.345
endloop
endfacet
facet normal 0.6313455332540167 0.49267956086927983 -0.5988903638746033
outer loop
vertex -20.517 -15.217 0.345
vertex -19.68 -16.151 0.459
vertex -19.746 -16.205 0.345
endloop
endfacet
facet normal 0.5580918306645877 0.43551498121700255 -0.7063003678896133
outer loop
vertex -20.517 -15.217 0.345
vertex -19.746 -16.205 0.345
vertex -20.598 -15.277 0.244
endloop
endfacet
facet normal 0.5578609911042547 0.43526653943013316 -0.706635800293684
outer loop
vertex -20.598 -15.277 0.244
vertex -19.746 -16.205 0.345
vertex -19.824 -16.269 0.244
endloop
endfacet
facet normal 0.47030433403217736 0.36695116385171805 -0.8025962102691613
outer loop
vertex -20.598 -15.277 0.244
vertex -19.824 -16.269 0.244
vertex -20.69 -15.345 0.159
endloop
endfacet
facet normal 0.4704875551693695 0.36714074014219783 -0.8024021045327516
outer loop
vertex -20.69 -15.345 0.159
vertex -19.824 -16.269 0.244
vertex -19.912 -16.342 0.159
endloop
endfacet
facet normal 0.38063975966026387 0.29702881947410903 -0.8757209908227584
outer loop
vertex -20.69 -15.345 0.159
vertex -19.912 -16.342 0.159
vertex -20.791 -15.419 0.09
endloop
endfacet
facet normal 0.38080209229583806 0.297192850474397 -0.8755947556547006
outer loop
vertex -20.791 -15.419 0.09
vertex -19.912 -16.342 0.159
vertex -20.009 -16.421 0.09
endloop
endfacet
facet normal 0.2715038682542238 0.2118922404938156 -0.9388223090348375
outer loop
vertex -20.791 -15.419 0.09
vertex -20.009 -16.421 0.09
vertex -20.898 -15.499 0.041
endloop
endfacet
facet normal 0.27162887737912045 0.21201618432968133 -0.9387581640422847
outer loop
vertex -20.898 -15.499 0.041
vertex -20.009 -16.421 0.09
vertex -20.112 -16.506 0.041
endloop
endfacet
facet normal 0.17117085106156527 0.13360505355947425 -0.9761404762687742
outer loop
vertex -20.898 -15.499 0.041
vertex -20.112 -16.506 0.041
vertex -21.01 -15.582 0.01
endloop
endfacet
facet normal 0.17125249055066347 0.13368524459982659 -0.9761151775566649
outer loop
vertex -21.01 -15.582 0.01
vertex -20.112 -16.506 0.041
vertex -20.22 -16.594 0.01
endloop
endfacet
facet normal 0.055309924343894167 0.0431767195965183 -0.9975352540907797
outer loop
vertex -21.01 -15.582 0.01
vertex -20.22 -16.594 0.01
vertex -21.124 -15.667 0.0
endloop
endfacet
facet normal 0.05512064432310972 0.042991936731384274 -0.9975537118097902
outer loop
vertex -21.124 -15.667 0.0
vertex -20.22 -16.594 0.01
vertex -20.33 -16.685 0.0
endloop
endfacet
facet normal 0.0 -0.0 -0.9999999999999999
outer loop
vertex -20.33 -16.685 0.0
vertex -19.487 -17.662 0.0
vertex -27.055 -22.204 0.0
endloop
endfacet
facet normal 0.0 -0.0 -1.0
outer loop
vertex -27.055 -22.204 0.0
vertex -19.487 -17.662 0.0
vertex -25.933 -23.505 0.0
endloop
endfacet
facet normal -0.75728090539885 -0.6530892973539667 0.0
outer loop
vertex -27.055 -22.204 0.0
vertex -25.933 -23.505 0.0
vertex -27.055 -22.204 3.0
endloop
endfacet
facet normal -0.75728090539885 -0.6530892973539667 0.0
outer loop
vertex -27.055 -22.204 3.0
vertex -25.933 -23.505 0.0
vertex -25.933 -23.505 3.0
endloop
endfacet
facet normal -0.0 0.0 1.0
outer loop
vertex -27.055 -22.204 3.0
vertex -25.933 -23.505 3.0
vertex -23.036 -18.905 3.0
endloop
endfacet
facet normal -0.0 0.0 1.0
outer loop
vertex -23.036 -18.905 3.0
vertex -25.933 -23.505 3.0
vertex -22.08 -20.012 3.0
endloop
endfacet
facet normal -0.7568383803400726 -0.6536020701039856 0.0
outer loop
vertex -23.036 -18.905 3.0
vertex -22.08 -20.012 3.0
vertex -23.036 -18.905 52.0
endloop
endfacet
facet normal -0.7568383803400726 -0.6536020701039856 0.0
outer loop
vertex -23.036 -18.905 52.0
vertex -22.08 -20.012 3.0
vertex -22.08 -20.012 52.0
endloop
endfacet
facet normal -0.5353208302728296 -0.46230055441809126 0.7069015533019671
outer loop
vertex -23.036 -18.905 52.0
vertex -22.08 -20.012 52.0
vertex -22.263 -18.271 53.0
endloop
endfacet
facet normal -0.5353421300520886 -0.4622954468861041 0.706888763229173
outer loop
vertex -22.263 -18.271 53.0
vertex -22.08 -20.012 52.0
vertex -21.339 -19.341 53.0
endloop
endfacet
facet normal -0.0 0.0 1.0
outer loop
vertex -22.263 -18.271 53.0
vertex -21.339 -19.341 53.0
vertex -19.557 -16.05 53.0
endloop
endfacet
facet normal -0.0 0.0 1.0
outer loop
vertex -19.557 -16.05 53.0
vertex -21.339 -19.341 53.0
vertex -18.746 -16.99 53.0
endloop
endfacet
facet normal 0.7571489175726673 0.6532423107993985 0.0
outer loop
vertex -19.557 -16.05 53.0
vertex -18.746 -16.99 53.0
vertex -19.557 -16.05 1.0
endloop
endfacet
facet normal 0.7571489175726673 0.6532423107993985 0.0
outer loop
vertex -19.557 -16.05 1.0
vertex -18.746 -16.99 53.0
vertex -18.746 -16.99 1.0
endloop
endfacet
facet normal 0.755036346326872 0.6514196562458454 -0.07464949552349616
outer loop
vertex -19.557 -16.05 1.0
vertex -18.746 -16.99 1.0
vertex -19.565 -16.057 0.858
endloop
endfacet
facet normal 0.7550363463268723 0.6514196562458432 -0.07464949552351297
outer loop
vertex -19.565 -16.057 0.858
vertex -18.746 -16.99 1.0
vertex -18.754 -16.997 0.858
endloop
endfacet
facet normal 0.7405300494306774 0.6389041171151899 -0.20836692401496568
outer loop
vertex -19.565 -16.057 0.858
vertex -18.754 -16.997 0.858
vertex -19.588 -16.076 0.718
endloop
endfacet
facet normal 0.7402158052036909 0.6380628809186814 -0.21202905866980626
outer loop
vertex -19.588 -16.076 0.718
vertex -18.754 -16.997 0.858
vertex -18.776 -17.018 0.718
endloop
endfacet
facet normal 0.7093768198690357 0.6114798065113138 -0.35053812012587166
outer loop
vertex -19.588 -16.076 0.718
vertex -18.776 -17.018 0.718
vertex -19.627 -16.107 0.585
endloop
endfacet
facet normal 0.7096395366547362 0.6119137530052499 -0.3492467421458375
outer loop
vertex -19.627 -16.107 0.585
vertex -18.776 -17.018 0.718
vertex -18.813 -17.051 0.585
endloop
endfacet
facet normal 0.6645338448315875 0.5730196500984246 -0.47962824111433083
outer loop
vertex -19.627 -16.107 0.585
vertex -18.813 -17.051 0.585
vertex -19.68 -16.151 0.459
endloop
endfacet
facet normal 0.6649003016396463 0.5735292242473042 -0.4785099976111186
outer loop
vertex -19.68 -16.151 0.459
vertex -18.813 -17.051 0.585
vertex -18.864 -17.097 0.459
endloop
endfacet
facet normal 0.6064200610431166 0.5230853803500864 -0.598862583927622
outer loop
vertex -19.68 -16.151 0.459
vertex -18.864 -17.097 0.459
vertex -19.746 -16.205 0.345
endloop
endfacet
facet normal 0.6070848635580951 0.5239225534816422 -0.597455543443966
outer loop
vertex -19.746 -16.205 0.345
vertex -18.864 -17.097 0.459
vertex -18.927 -17.154 0.345
endloop
endfacet
facet normal 0.5356780316911978 0.462297479404731 -0.7066329223150282
outer loop
vertex -19.746 -16.205 0.345
vertex -18.927 -17.154 0.345
vertex -19.824 -16.269 0.244
endloop
endfacet
facet normal 0.5348985226808213 0.4613710237603727 -0.7078279090769031
outer loop
vertex -19.824 -16.269 0.244
vertex -18.927 -17.154 0.345
vertex -19.002 -17.222 0.244
endloop
endfacet
facet normal 0.45182889483083927 0.3897202009978488 -0.8024766755053623
outer loop
vertex -19.824 -16.269 0.244
vertex -19.002 -17.222 0.244
vertex -19.912 -16.342 0.159
endloop
endfacet
facet normal 0.4527588742354665 0.39078247661284776 -0.8014352486466775
outer loop
vertex -19.912 -16.342 0.159
vertex -19.002 -17.222 0.244
vertex -19.086 -17.299 0.159
endloop
endfacet
facet normal 0.3657290873803252 0.31566585807330055 -0.8755554241113472
outer loop
vertex -19.912 -16.342 0.159
vertex -19.086 -17.299 0.159
vertex -20.009 -16.421 0.09
endloop
endfacet
facet normal 0.3652545926967938 0.3151364988964029 -0.875944101856515
outer loop
vertex -20.009 -16.421 0.09
vertex -19.086 -17.299 0.159
vertex -19.179 -17.383 0.09
endloop
endfacet
facet normal 0.2608636191695397 0.2250694427346346 -0.9387725593246163
outer loop
vertex -20.009 -16.421 0.09
vertex -19.179 -17.383 0.09
vertex -20.112 -16.506 0.041
endloop
endfacet
facet normal 0.26049787137153374 0.22466931202053708 -0.9389699458700042
outer loop
vertex -20.112 -16.506 0.041
vertex -19.179 -17.383 0.09
vertex -19.278 -17.473 0.041
endloop
endfacet
facet normal 0.16454532201624372 0.1419139592156643 -0.9761071996365488
outer loop
vertex -20.112 -16.506 0.041
vertex -19.278 -17.473 0.041
vertex -20.22 -16.594 0.01
endloop
endfacet
facet normal 0.16430611984570892 0.14165486464064195 -0.9761851250172218
outer loop
vertex -20.22 -16.594 0.01
vertex -19.278 -17.473 0.041
vertex -19.382 -17.566 0.01
endloop
endfacet
facet normal 0.052933386375111885 0.045635985372781615 -0.9975547170185295
outer loop
vertex -20.22 -16.594 0.01
vertex -19.382 -17.566 0.01
vertex -20.33 -16.685 0.0
endloop
endfacet
facet normal 0.05310760037155985 0.0458236510882548 -0.9975368543486083
outer loop
vertex -20.33 -16.685 0.0
vertex -19.382 -17.566 0.01
vertex -19.487 -17.662 0.0
endloop
endfacet
facet normal 0.0 -0.0 -1.0
outer loop
vertex -19.487 -17.662 0.0
vertex -18.597 -18.597 0.0
vertex -25.933 -23.505 0.0
endloop
endfacet
facet normal 0.0 -0.0 -0.9999999999999999
outer loop
vertex -25.933 -23.505 0.0
vertex -18.597 -18.597 0.0
vertex -24.749 -24.749 0.0
endloop
endfacet
facet normal -0.7243594518179691 -0.6894225007656563 0.0
outer loop
vertex -25.933 -23.505 0.0
vertex -24.749 -24.749 0.0
vertex -25.933 -23.505 3.0
endloop
endfacet
facet normal -0.7243594518179691 -0.6894225007656563 0.0
outer loop
vertex -25.933 -23.505 3.0
vertex -24.749 -24.749 0.0
vertex -24.749 -24.749 3.0
endloop
endfacet
facet normal -0.0 0.0 1.0
outer loop
vertex -25.933 -23.505 3.0
vertex -24.749 -24.749 3.0
vertex -22.08 -20.012 3.0
endloop
endfacet
facet normal -0.0 0.0 1.0
outer loop
vertex -22.08 -20.012 3.0
vertex -24.749 -24.749 3.0
vertex -21.072 -21.072 3.0
endloop
endfacet
facet normal -0.7246579739165505 -0.6891087148187577 0.0
outer loop
vertex -22.08 -20.012 3.0
vertex -21.072 -21.072 3.0
vertex -22.08 -20.012 52.0
endloop
endfacet
facet normal -0.7246579739165505 -0.6891087148187577 0.0
outer loop
vertex -22.08 -20.012 52.0
vertex -21.072 -21.072 3.0
vertex -21.072 -21.072 52.0
endloop
endfacet
facet normal -0.5125736663827685 -0.4874285431262554 0.7068816392273483
outer loop
vertex -22.08 -20.012 52.0
vertex -21.072 -21.072 52.0
vertex -21.339 -19.341 53.0
endloop
endfacet
facet normal -0.5124709717774598 -0.4874479751086399 0.7069426954484732
outer loop
vertex -21.339 -19.341 53.0
vertex -21.072 -21.072 52.0
vertex -20.365 -20.365 53.0
endloop
endfacet
facet normal -0.0 0.0 1.0
outer loop
vertex -21.339 -19.341 53.0
vertex -20.365 -20.365 53.0
vertex -18.746 -16.99 53.0
endloop
endfacet
facet normal -0.0 0.0 1.0
outer loop
vertex -18.746 -16.99 53.0
vertex -20.365 -20.365 53.0
vertex -17.89 -17.89 53.0
endloop
endfacet
facet normal 0.7245972850205737 0.6891725288640091 0.0
outer loop
vertex -18.746 -16.99 53.0
vertex -17.89 -17.89 53.0
vertex -18.746 -16.99 1.0
endloop
endfacet
facet normal 0.7245972850205737 0.6891725288640091 0.0
outer loop
vertex -18.746 -16.99 1.0
vertex -17.89 -17.89 53.0
vertex -17.89 -17.89 1.0
endloop
endfacet
facet normal 0.7225789087367408 0.6872528287540525 -0.0745873314871494
outer loop
vertex -18.746 -16.99 1.0
vertex -17.89 -17.89 1.0
vertex -18.754 -16.997 0.858
endloop
endfacet
facet normal 0.7224429229564954 0.6879262055263551 -0.06952523872800695
outer loop
vertex -18.754 -16.997 0.858
vertex -17.89 -17.89 1.0
vertex -17.897 -17.897 0.858
endloop
endfacet
facet normal 0.7076885854918675 0.6738767975183706 -0.21228972591933068
outer loop
vertex -18.754 -16.997 0.858
vertex -17.897 -17.897 0.858
vertex -18.776 -17.018 0.718
endloop
endfacet
facet normal 0.708046727409002 0.6750045467965834 -0.20745769113084567
outer loop
vertex -18.776 -17.018 0.718
vertex -17.897 -17.897 0.858
vertex -17.918 -17.918 0.718
endloop
endfacet
facet normal 0.6782508731411017 0.6465991657278517 -0.349120712595772
outer loop
vertex -18.776 -17.018 0.718
vertex -17.918 -17.918 0.718
vertex -18.813 -17.051 0.585
endloop
endfacet
facet normal 0.6766837250717281 0.6437113176485181 -0.3574001619393283
outer loop
vertex -18.813 -17.051 0.585
vertex -17.918 -17.918 0.718
vertex -17.954 -17.954 0.585
endloop
endfacet
facet normal 0.6362198681520449 0.6052191215311229 -0.478470578303087
outer loop
vertex -18.813 -17.051 0.585
vertex -17.954 -17.954 0.585
vertex -18.864 -17.097 0.459
endloop
endfacet
facet normal 0.6375152038135752 0.6072244261738171 -0.47418652570946584
outer loop
vertex -18.864 -17.097 0.459
vertex -17.954 -17.954 0.585
vertex -18.002 -18.002 0.459
endloop
endfacet
facet normal 0.5806682972786081 0.5530785328775278 -0.5974349044085082
outer loop
vertex -18.864 -17.097 0.459
vertex -18.002 -18.002 0.459
vertex -18.927 -17.154 0.345
endloop
endfacet
facet normal 0.5780519495157554 0.5494355163714122 -0.6033046966589223
outer loop
vertex -18.927 -17.154 0.345
vertex -18.002 -18.002 0.459
vertex -18.063 -18.063 0.345
endloop
endfacet
facet normal 0.5119945191571375 0.4866482558325277 -0.7078383201326489
outer loop
vertex -18.927 -17.154 0.345
vertex -18.063 -18.063 0.345
vertex -19.002 -17.222 0.244
endloop
endfacet
facet normal 0.5137814157892832 0.4889937159047121 -0.7049211321809424
outer loop
vertex -19.002 -17.222 0.244
vertex -18.063 -18.063 0.345
vertex -18.134 -18.134 0.244
endloop
endfacet
facet normal 0.4331536108911988 0.4122558489622372 -0.8015129845288479
outer loop
vertex -19.002 -17.222 0.244
vertex -18.134 -18.134 0.244
vertex -19.086 -17.299 0.159
endloop
endfacet
facet normal 0.4319224344639482 0.4107035375743429 -0.8029729851188374
outer loop
vertex -19.086 -17.299 0.159
vertex -18.134 -18.134 0.244
vertex -18.215 -18.215 0.159
endloop
endfacet
facet normal 0.34961520267384266 0.3324397833285113 -0.8759297920038
outer loop
vertex -19.086 -17.299 0.159
vertex -18.215 -18.215 0.159
vertex -19.179 -17.383 0.09
endloop
endfacet
facet normal 0.3512474272010409 0.3344486372044679 -0.8745109227200788
outer loop
vertex -19.179 -17.383 0.09
vertex -18.215 -18.215 0.159
vertex -18.303 -18.303 0.09
endloop
endfacet
facet normal 0.24911217151897677 0.23719811114198114 -0.9389782649623879
outer loop
vertex -19.179 -17.383 0.09
vertex -18.303 -18.303 0.09
vertex -19.278 -17.473 0.041
endloop
endfacet
facet normal 0.2483147314785191 0.23623455535253665 -0.9394322907948929
outer loop
vertex -19.278 -17.473 0.041
vertex -18.303 -18.303 0.09
vertex -18.398 -18.398 0.041
endloop
endfacet
facet normal 0.15722139652364442 0.14957278804411545 -0.9761707911794254
outer loop
vertex -19.278 -17.473 0.041
vertex -18.398 -18.398 0.041
vertex -19.382 -17.566 0.01
endloop
endfacet
facet normal 0.15808677477575106 0.15060740048528595 -0.9758719088897199
outer loop
vertex -19.382 -17.566 0.01
vertex -18.398 -18.398 0.041
vertex -18.496 -18.496 0.01
endloop
endfacet
facet normal 0.05077612117233653 0.04837381006310787 -0.9975378489153535
outer loop
vertex -19.382 -17.566 0.01
vertex -18.496 -18.496 0.01
vertex -19.487 -17.662 0.0
endloop
endfacet
facet normal 0.05060168530143417 0.04816631007302262 -0.9975567532820395
outer loop
vertex -19.487 -17.662 0.0
vertex -18.496 -18.496 0.01
vertex -18.597 -18.597 0.0
endloop
endfacet
facet normal 0.0 -0.0 -1.0
outer loop
vertex -18.597 -18.597 0.0
vertex -17.662 -19.487 0.0
vertex -24.749 -24.749 0.0
endloop
endfacet
facet normal 0.0 -0.0 -0.9999999999999999
outer loop
vertex -24.749 -24.749 0.0
vertex -17.662 -19.487 0.0
vertex -23.505 -25.933 0.0
endloop
endfacet
facet normal -0.6894225007656563 -0.7243594518179691 0.0
outer loop
vertex -24.749 -24.749 0.0
vertex -23.505 -25.933 0.0
vertex -24.749 -24.749 3.0
endloop
endfacet
facet normal -0.6894225007656563 -0.7243594518179691 0.0
outer loop
vertex -24.749 -24.749 3.0
vertex -23.505 -25.933 0.0
vertex -23.505 -25.933 3.0
endloop
endfacet
facet normal -0.0 0.0 1.0
outer loop
vertex -24.749 -24.749 3.0
vertex -23.505 -25.933 3.0
vertex -21.072 -21.072 3.0
endloop
endfacet
facet normal -0.0 0.0 0.9999999999999999
outer loop
vertex -21.072 -21.072 3.0
vertex -23.505 -25.933 3.0
vertex -20.012 -22.08 3.0
endloop
endfacet
facet normal -0.6891087148187577 -0.7246579739165505 0.0
outer loop
vertex -21.072 -21.072 3.0
vertex -20.012 -22.08 3.0
vertex -21.072 -21.072 52.0
endloop
endfacet
facet normal -0.6891087148187577 -0.7246579739165505 0.0
outer loop
vertex -21.072 -21.072 52.0
vertex -20.012 -22.08 3.0
vertex -20.012 -22.08 52.0
endloop
endfacet
facet normal -0.48738722492771175 -0.5125302166898554 0.7069416312236207
outer loop
vertex -21.072 -21.072 52.0
vertex -20.012 -22.08 52.0
vertex -20.365 -20.365 53.0
endloop
endfacet
facet normal -0.48749074641447365 -0.5125159387355438 0.7068806014471494
outer loop
vertex -20.365 -20.365 53.0
vertex -20.012 -22.08 52.0
vertex -19.341 -21.339 53.0
endloop
endfacet
facet normal -0.0 0.0 1.0
outer loop
vertex -20.365 -20.365 53.0
vertex -19.341 -21.339 53.0
vertex -17.89 -17.89 53.0
endloop
endfacet
facet normal -0.0 0.0 1.0
outer loop
vertex -17.89 -17.89 53.0
vertex -19.341 -21.339 53.0
vertex -16.99 -18.746 53.0
endloop
endfacet
facet normal 0.6891725288640091 0.7245972850205737 0.0
outer loop
vertex -17.89 -17.89 53.0
vertex -16.99 -18.746 53.0
vertex -17.89 -17.89 1.0
endloop
endfacet
facet normal 0.6891725288640091 0.7245972850205737 0.0
outer loop
vertex -17.89 -17.89 1.0
vertex -16.99 -18.746 53.0
vertex -16.99 -18.746 1.0
endloop
endfacet
facet normal 0.687504912240796 0.7228439497858871 -0.06952423967735079
outer loop
vertex -17.89 -17.89 1.0
vertex -16.99 -18.746 1.0
vertex -17.897 -17.897 0.858
endloop
endfacet
facet normal 0.6876741088726118 0.7221781773457965 -0.07458552240054635
outer loop
vertex -17.897 -17.897 0.858
vertex -16.99 -18.746 1.0
vertex -16.997 -18.754 0.858
endloop
endfacet
facet normal 0.6745924685557098 0.7084401653443825 -0.20745489508502216
outer loop
vertex -17.897 -17.897 0.858
vertex -16.997 -18.754 0.858
vertex -17.918 -17.918 0.718
endloop
endfacet
facet normal 0.6742888309188702 0.7072959764883238 -0.21228983522884892
outer loop
vertex -17.918 -17.918 0.718
vertex -16.997 -18.754 0.858
vertex -17.018 -18.776 0.718
endloop
endfacet
facet normal 0.6444397187526694 0.6759857189713301 -0.3574083891583892
outer loop
vertex -17.918 -17.918 0.718
vertex -17.018 -18.776 0.718
vertex -17.954 -17.954 0.585
endloop
endfacet
facet normal 0.6458633687551243 0.678946009296717 -0.34913153017214654
outer loop
vertex -17.954 -17.954 0.585
vertex -17.018 -18.776 0.718
vertex -17.051 -18.813 0.585
endloop
endfacet
facet normal 0.6068208527994701 0.6379036438625425 -0.4741807606331308
outer loop
vertex -17.954 -17.954 0.585
vertex -17.051 -18.813 0.585
vertex -18.002 -18.002 0.459
endloop
endfacet
facet normal 0.6056261346533608 0.6358371831337458 -0.47846427407840214
outer loop
vertex -18.002 -18.002 0.459
vertex -17.051 -18.813 0.585
vertex -17.097 -18.864 0.459
endloop
endfacet
facet normal 0.5500340992548812 0.5774719951573841 -0.6033146645539306
outer loop
vertex -18.002 -18.002 0.459
vertex -17.097 -18.864 0.459
vertex -18.063 -18.063 0.345
endloop
endfacet
facet normal 0.5524662382930134 0.58124052153744 -0.5974449863119213
outer loop
vertex -18.063 -18.063 0.345
vertex -17.097 -18.864 0.459
vertex -17.154 -18.927 0.345
endloop
endfacet
facet normal 0.4886579212941501 0.514108854694886 -0.7049152583685453
outer loop
vertex -18.063 -18.063 0.345
vertex -17.154 -18.927 0.345
vertex -18.134 -18.134 0.244
endloop
endfacet
facet normal 0.48699052867938486 0.511676684511059 -0.7078327454309694
outer loop
vertex -18.134 -18.134 0.244
vertex -17.154 -18.927 0.345
vertex -17.222 -19.002 0.244
endloop
endfacet
facet normal 0.41090019201197264 0.4317292340033632 -0.8029762765557855
outer loop
vertex -18.134 -18.134 0.244
vertex -17.222 -19.002 0.244
vertex -18.215 -18.215 0.159
endloop
endfacet
facet normal 0.41205321418789126 0.43334184178657764 -0.8015154376769323
outer loop
vertex -18.215 -18.215 0.159
vertex -17.222 -19.002 0.244
vertex -17.299 -19.086 0.159
endloop
endfacet
facet normal 0.33421314496967314 0.3514801846064537 -0.8745074348217364
outer loop
vertex -18.215 -18.215 0.159
vertex -17.299 -19.086 0.159
vertex -18.303 -18.303 0.09
endloop
endfacet
facet normal 0.33268286504903044 0.34939296329350383 -0.8759261775422359
outer loop
vertex -18.303 -18.303 0.09
vertex -17.299 -19.086 0.159
vertex -17.383 -19.179 0.09
endloop
endfacet
facet normal 0.23633948057677498 0.2482104133911347 -0.9394334678969566
outer loop
vertex -18.303 -18.303 0.09
vertex -17.383 -19.179 0.09
vertex -18.398 -18.398 0.041
endloop
endfacet
facet normal 0.23708850877711382 0.24921235297594402 -0.9389793619297698
outer loop
vertex -18.398 -18.398 0.041
vertex -17.383 -19.179 0.09
vertex -17.473 -19.278 0.041
endloop
endfacet
facet normal 0.1504989756231135 0.1581949459674776 -0.9758711069637939
outer loop
vertex -18.398 -18.398 0.041
vertex -17.473 -19.278 0.041
vertex -18.496 -18.496 0.01
endloop
endfacet
facet normal 0.1496861248625015 0.1571197473161692 -0.9761697849385377
outer loop
vertex -18.496 -18.496 0.01
vertex -17.473 -19.278 0.041
vertex -17.566 -19.382 0.01
endloop
endfacet
facet normal 0.0481874715704395 0.050580528849332486 -0.9975568042397236
outer loop
vertex -18.496 -18.496 0.01
vertex -17.566 -19.382 0.01
vertex -18.597 -18.597 0.0
endloop
endfacet
facet normal 0.04835164466463519 0.050796390743184455 -0.997537891583919
outer loop
vertex -18.597 -18.597 0.0
vertex -17.566 -19.382 0.01
vertex -17.662 -19.487 0.0
endloop
endfacet
facet normal 0.0 -0.0 -1.0
outer loop
vertex -17.662 -19.487 0.0
vertex -16.685 -20.33 0.0
vertex -23.505 -25.933 0.0
endloop
endfacet
facet normal 0.0 -0.0 -0.9999999999999999
outer loop
vertex -23.505 -25.933 0.0
vertex -16.685 -20.33 0.0
vertex -22.204 -27.055 0.0
endloop
endfacet
facet normal -0.6530892973539667 -0.75728090539885 0.0
outer loop
vertex -23.505 -25.933 0.0
vertex -22.204 -27.055 0.0
vertex -23.505 -25.933 3.0
endloop
endfacet
facet normal -0.6530892973539667 -0.75728090539885 0.0
outer loop
vertex -23.505 -25.933 3.0
vertex -22.204 -27.055 0.0
vertex -22.204 -27.055 3.0
endloop
endfacet
facet normal -0.0 0.0 1.0
outer loop
vertex -23.505 -25.933 3.0
vertex -22.204 -27.055 3.0
vertex -20.012 -22.08 3.0
endloop
endfacet
facet normal -0.0 0.0 1.0
outer loop
vertex -20.012 -22.08 3.0
vertex -22.204 -27.055 3.0
vertex -18.905 -23.036 3.0
endloop
endfacet
facet normal -0.6536020701039856 -0.7568383803400726 0.0
outer loop
vertex -20.012 -22.08 3.0
vertex -18.905 -23.036 3.0
vertex -20.012 -22.08 52.0
endloop
endfacet
facet normal -0.6536020701039856 -0.7568383803400726 0.0
outer loop
vertex -20.012 -22.08 52.0
vertex -18.905 -23.036 3.0
vertex -18.905 -23.036 52.0
endloop
endfacet
facet normal -0.46230877224654654 -0.5353303461055702 0.7068889726416596
outer loop
vertex -20.012 -22.08 52.0
vertex -18.905 -23.036 52.0
vertex -19.341 -21.339 53.0
endloop
endfacet
facet normal -0.4622869449527919 -0.5353322847397033 0.7069017792038607
outer loop
vertex -19.341 -21.339 53.0
vertex -18.905 -23.036 52.0
vertex -18.271 -22.263 53.0
endloop
endfacet
facet normal -0.0 0.0 1.0
outer loop
vertex -19.341 -21.339 53.0
vertex -18.271 -22.263 53.0
vertex -16.99 -18.746 53.0
endloop
endfacet
facet normal -0.0 0.0 1.0
outer loop
vertex -16.99 -18.746 53.0
vertex -18.271 -22.263 53.0
vertex -16.05 -19.557 53.0
endloop
endfacet
facet normal 0.6532423107993985 0.7571489175726673 0.0
outer loop
vertex -16.99 -18.746 53.0
vertex -16.05 -19.557 53.0
vertex -16.99 -18.746 1.0
endloop
endfacet
facet normal 0.6532423107993985 0.7571489175726673 0.0
outer loop
vertex -16.99 -18.746 1.0
vertex -16.05 -19.557 53.0
vertex -16.05 -19.557 1.0
endloop
endfacet
facet normal 0.6514196562458445 0.755036346326871 -0.07464949552351302
outer loop
vertex -16.99 -18.746 1.0
vertex -16.05 -19.557 1.0
vertex -16.997 -18.754 0.858
endloop
endfacet
facet normal 0.6514196562458439 0.7550363463268732 -0.07464949552349674
outer loop
vertex -16.997 -18.754 0.858
vertex -16.05 -19.557 1.0
vertex -16.057 -19.565 0.858
endloop
endfacet
facet normal 0.6383891358630225 0.7399331537746511 -0.21203358025832222
outer loop
vertex -16.997 -18.754 0.858
vertex -16.057 -19.565 0.858
vertex -17.018 -18.776 0.718
endloop
endfacet
facet normal 0.6385766983911291 0.7408118840941413 -0.20836879002569778
outer loop
vertex -17.018 -18.776 0.718
vertex -16.057 -19.565 0.858
vertex -16.076 -19.588 0.718
endloop
endfacet
facet normal 0.6117949351637153 0.7097424001529792 -0.34924587718842687
outer loop
vertex -17.018 -18.776 0.718
vertex -16.076 -19.588 0.718
vertex -17.051 -18.813 0.585
endloop
endfacet
facet normal 0.6115992766802539 0.7092748368380334 -0.35053606175766144
outer loop
vertex -17.051 -18.813 0.585
vertex -16.076 -19.588 0.718
vertex -16.107 -19.627 0.585
endloop
endfacet
facet normal 0.5734186910719129 0.6649966147074757 -0.47850862809041494
outer loop
vertex -17.051 -18.813 0.585
vertex -16.107 -19.627 0.585
vertex -17.097 -18.864 0.459
endloop
endfacet
facet normal 0.5731310071252397 0.6644386430643116 -0.47962708250730085
outer loop
vertex -17.097 -18.864 0.459
vertex -16.107 -19.627 0.585
vertex -16.151 -19.68 0.459
endloop
endfacet
facet normal 0.5237724504284968 0.6072165908153915 -0.5974532885595836
outer loop
vertex -17.097 -18.864 0.459
vertex -16.151 -19.68 0.459
vertex -17.154 -18.927 0.345
endloop
endfacet
facet normal 0.523237604837682 0.6062911929071572 -0.5988600823956645
outer loop
vertex -17.154 -18.927 0.345
vertex -16.151 -19.68 0.459
vertex -16.205 -19.746 0.345
endloop
endfacet
facet normal 0.461514912911957 0.5347712482948088 -0.7078302742586535
outer loop
vertex -17.154 -18.927 0.345
vertex -16.205 -19.746 0.345
vertex -17.222 -19.002 0.244
endloop
endfacet
facet normal 0.4621502428287648 0.5358019238635192 -0.7066353029940304
outer loop
vertex -17.222 -19.002 0.244
vertex -16.205 -19.746 0.345
vertex -16.269 -19.824 0.244
endloop
endfacet
facet normal 0.39063582171643413 0.4528904356396127 -0.8014324101869651
outer loop
vertex -17.222 -19.002 0.244
vertex -16.269 -19.824 0.244
vertex -17.299 -19.086 0.159
endloop
endfacet
facet normal 0.38987059547739916 0.45170237272623615 -0.8024748502324459
outer loop
vertex -17.299 -19.086 0.159
vertex -16.269 -19.824 0.244
vertex -16.342 -19.912 0.159
endloop
endfacet
facet normal 0.3152041391833542 0.3651941418867675 -0.8759449693749422
outer loop
vertex -17.299 -19.086 0.159
vertex -16.342 -19.912 0.159
vertex -17.383 -19.179 0.09
endloop
endfacet
facet normal 0.31559579212178135 0.3657869301459674 -0.8755565188663804
outer loop
vertex -17.383 -19.179 0.09
vertex -16.342 -19.912 0.159
vertex -16.421 -20.009 0.09
endloop
endfacet
facet normal 0.22471683558112127 0.26045493473378084 -0.9389704845090868
outer loop
vertex -17.383 -19.179 0.09
vertex -16.421 -20.009 0.09
vertex -17.473 -19.278 0.041
endloop
endfacet
facet normal 0.22502007683159156 0.26090457349658136 -0.9387730122618947
outer loop
vertex -17.473 -19.278 0.041
vertex -16.421 -20.009 0.09
vertex -16.506 -20.112 0.041
endloop
endfacet
facet normal 0.14168469190098165 0.16427949288758892 -0.9761852776484189
outer loop
vertex -17.473 -19.278 0.041
vertex -16.506 -20.112 0.041
vertex -17.566 -19.382 0.01
endloop
endfacet
facet normal 0.14188293971225352 0.1645706651555018 -0.9761074364991205
outer loop
vertex -17.566 -19.382 0.01
vertex -16.506 -20.112 0.041
vertex -16.594 -20.22 0.01
endloop
endfacet
facet normal 0.04580269553980029 0.05312675425380181 -0.9975367968469857
outer loop
vertex -17.566 -19.382 0.01
vertex -16.594 -20.22 0.01
vertex -17.662 -19.487 0.0
endloop
endfacet
facet normal 0.04565777472887677 0.05291535695149778 -0.9975546764992397
outer loop
vertex -17.662 -19.487 0.0
vertex -16.594 -20.22 0.01
vertex -16.685 -20.33 0.0
endloop
endfacet
facet normal 0.0 -0.0 -1.0
outer loop
vertex -16.685 -20.33 0.0
vertex -15.667 -21.124 0.0
vertex -22.204 -27.055 0.0
endloop
endfacet
facet normal 0.0 -0.0 -1.0
outer loop
vertex -22.204 -27.055 0.0
vertex -15.667 -21.124 0.0
vertex -20.849 -28.112 0.0
endloop
endfacet
facet normal -0.6150679768387132 -0.788474085729856 0.0
outer loop
vertex -22.204 -27.055 0.0
vertex -20.849 -28.112 0.0
vertex -22.204 -27.055 3.0
endloop
endfacet
facet normal -0.6150679768387132 -0.788474085729856 0.0
outer loop
vertex -22.204 -27.055 3.0
vertex -20.849 -28.112 0.0
vertex -20.849 -28.112 3.0
endloop
endfacet
facet normal -0.0 0.0 1.0
outer loop
vertex -22.204 -27.055 3.0
vertex -20.849 -28.112 3.0
vertex -18.905 -23.036 3.0
endloop
endfacet
facet normal -0.0 0.0 1.0
outer loop
vertex -18.905 -23.036 3.0
vertex -20.849 -28.112 3.0
vertex -17.752 -23.936 3.0
endloop
endfacet
facet normal -0.6153123050424903 -0.7882834307933265 0.0
outer loop
vertex -18.905 -23.036 3.0
vertex -17.752 -23.936 3.0
vertex -18.905 -23.036 52.0
endloop
endfacet
facet normal -0.6153123050424903 -0.7882834307933265 0.0
outer loop
vertex -18.905 -23.036 52.0
vertex -17.752 -23.936 3.0
vertex -17.752 -23.936 52.0
endloop
endfacet
facet normal -0.43521093212400147 -0.5575535608210839 0.7069126334813147
outer loop
vertex -18.905 -23.036 52.0
vertex -17.752 -23.936 52.0
vertex -18.271 -22.263 53.0
endloop
endfacet
facet normal -0.43456148939858164 -0.5575788960637739 0.707292080116828
outer loop
vertex -18.271 -22.263 53.0
vertex -17.752 -23.936 52.0
vertex -17.156 -23.132 53.0
endloop
endfacet
facet normal -0.0 0.0 1.0
outer loop
vertex -18.271 -22.263 53.0
vertex -17.156 -23.132 53.0
vertex -16.05 -19.557 53.0
endloop
endfacet
facet normal -0.0 0.0 1.0
outer loop
vertex -16.05 -19.557 53.0
vertex -17.156 -23.132 53.0
vertex -15.071 -20.321 53.0
endloop
endfacet
facet normal 0.6152220322754539 0.788353886907942 0.0
outer loop
vertex -16.05 -19.557 53.0
vertex -15.071 -20.321 53.0
vertex -16.05 -19.557 1.0
endloop
endfacet
facet normal 0.6152220322754539 0.788353886907942 0.0
outer loop
vertex -16.05 -19.557 1.0
vertex -15.071 -20.321 53.0
vertex -15.071 -20.321 1.0
endloop
endfacet
facet normal 0.6135107640050582 0.7861610444515056 -0.0745342514341423
outer loop
vertex -16.05 -19.557 1.0
vertex -15.071 -20.321 1.0
vertex -16.057 -19.565 0.858
endloop
endfacet
facet normal 0.6133132385136016 0.7867106986169232 -0.07023637338039748
outer loop
vertex -16.057 -19.565 0.858
vertex -15.071 -20.321 1.0
vertex -15.077 -20.329 0.858
endloop
endfacet
facet normal 0.6013409845394849 0.7713536189119043 -0.2083329424373207
outer loop
vertex -16.057 -19.565 0.858
vertex -15.077 -20.329 0.858
vertex -16.076 -19.588 0.718
endloop
endfacet
facet normal 0.6010831239946672 0.769794444698133 -0.2147454096382618
outer loop
vertex -16.076 -19.588 0.718
vertex -15.077 -20.329 0.858
vertex -15.095 -20.354 0.718
endloop
endfacet
facet normal 0.576337117283864 0.7381027572525742 -0.35077036217028534
outer loop
vertex -16.076 -19.588 0.718
vertex -15.095 -20.354 0.718
vertex -16.107 -19.627 0.585
endloop
endfacet
facet normal 0.576193431290979 0.7377078872591153 -0.35183547691047357
outer loop
vertex -16.107 -19.627 0.585
vertex -15.095 -20.354 0.718
vertex -15.125 -20.394 0.585
endloop
endfacet
facet normal 0.5401617009565857 0.6915759978348984 -0.47952891053444596
outer loop
vertex -16.107 -19.627 0.585
vertex -15.125 -20.394 0.585
vertex -16.151 -19.68 0.459
endloop
endfacet
facet normal 0.5404988735653071 0.692316502551139 -0.47807826552772004
outer loop
vertex -16.151 -19.68 0.459
vertex -15.125 -20.394 0.585
vertex -15.166 -20.449 0.459
endloop
endfacet
facet normal 0.49281453306454015 0.6312383811034727 -0.5988922626167801
outer loop
vertex -16.151 -19.68 0.459
vertex -15.166 -20.449 0.459
vertex -16.205 -19.746 0.345
endloop
endfacet
facet normal 0.4932370009713872 0.632059866355031 -0.5976768242252767
outer loop
vertex -16.205 -19.746 0.345
vertex -15.166 -20.449 0.459
vertex -15.217 -20.517 0.345
endloop
endfacet
facet normal 0.4353085864885339 0.5578273455910118 -0.7066364603105622
outer loop
vertex -16.205 -19.746 0.345
vertex -15.217 -20.517 0.345
vertex -16.269 -19.824 0.244
endloop
endfacet
facet normal 0.4354720940785951 0.558124440989622 -0.706301043216577
outer loop
vertex -16.269 -19.824 0.244
vertex -15.217 -20.517 0.345
vertex -15.277 -20.598 0.244
endloop
endfacet
facet normal 0.3671121979063049 0.4705107239315962 -0.802401578272231
outer loop
vertex -16.269 -19.824 0.244
vertex -15.277 -20.598 0.244
vertex -16.342 -19.912 0.159
endloop
endfacet
facet normal 0.3669805087512387 0.47028222008352605 -0.8025957510914145
outer loop
vertex -16.342 -19.912 0.159
vertex -15.277 -20.598 0.244
vertex -15.345 -20.69 0.159
endloop
endfacet
facet normal 0.29716992214277443 0.3808205814605973 -0.8755944963906923
outer loop
vertex -16.342 -19.912 0.159
vertex -15.345 -20.69 0.159
vertex -16.421 -20.009 0.09
endloop
endfacet
facet normal 0.29705244756896165 0.3806221898517893 -0.875720612972949
outer loop
vertex -16.421 -20.009 0.09
vertex -15.345 -20.69 0.159
vertex -15.419 -20.791 0.09
endloop
endfacet
facet normal 0.21200009613855328 0.2716420669192201 -0.938757980907272
outer loop
vertex -16.421 -20.009 0.09
vertex -15.419 -20.791 0.09
vertex -16.506 -20.112 0.041
endloop
endfacet
facet normal 0.2119088610052567 0.2714913779036807 -0.9388221697166165
outer loop
vertex -16.506 -20.112 0.041
vertex -15.419 -20.791 0.09
vertex -15.499 -20.898 0.041
endloop
endfacet
facet normal 0.13367517036953802 0.17126068264901337 -0.9761151199552586
outer loop
vertex -16.506 -20.112 0.041
vertex -15.499 -20.898 0.041
vertex -16.594 -20.22 0.01
endloop
endfacet
facet normal 0.1336154721140455 0.1711631111131818 -0.9761404074239511
outer loop
vertex -16.594 -20.22 0.01
vertex -15.499 -20.898 0.041
vertex -15.582 -21.01 0.01
endloop
endfacet
facet normal 0.04301443579653176 0.05510203674188609 -0.9975537699091723
outer loop
vertex -16.594 -20.22 0.01
vertex -15.582 -21.01 0.01
vertex -16.685 -20.33 0.0
endloop
endfacet
facet normal 0.043153230728925546 0.05532744191693468 -0.997535299048903
outer loop
vertex -16.685 -20.33 0.0
vertex -15.582 -21.01 0.01
vertex -15.667 -21.124 0.0
endloop
endfacet
facet normal 0.0 -0.0 -1.0
outer loop
vertex -15.667 -21.124 0.0
vertex -14.611 -21.868 0.0
vertex -20.849 -28.112 0.0
endloop
endfacet
facet normal 0.0 -0.0 -1.0
outer loop
vertex -20.849 -28.112 0.0
vertex -14.611 -21.868 0.0
vertex -19.445 -29.101 0.0
endloop
endfacet
facet normal -0.5758827793761245 -0.8175322772943157 0.0
outer loop
vertex -20.849 -28.112 0.0
vertex -19.445 -29.101 0.0
vertex -20.849 -28.112 3.0
endloop
endfacet
facet normal -0.5758827793761245 -0.8175322772943157 0.0
outer loop
vertex -20.849 -28.112 3.0
vertex -19.445 -29.101 0.0
vertex -19.445 -29.101 3.0
endloop
endfacet
facet normal -0.0 0.0 1.0
outer loop
vertex -20.849 -28.112 3.0
vertex -19.445 -29.101 3.0
vertex -17.752 -23.936 3.0
endloop
endfacet
facet normal -0.0 0.0 1.0
outer loop
vertex -17.752 -23.936 3.0
vertex -19.445 -29.101 3.0
vertex -16.556 -24.778 3.0
endloop
endfacet
facet normal -0.5756627469935294 -0.817687227320975 0.0
outer loop
vertex -17.752 -23.936 3.0
vertex -16.556 -24.778 3.0
vertex -17.752 -23.936 52.0
endloop
endfacet
facet normal -0.5756627469935294 -0.817687227320975 0.0
outer loop
vertex -17.752 -23.936 52.0
vertex -16.556 -24.778 3.0
vertex -16.556 -24.778 52.0
endloop
endfacet
facet normal -0.4069501214738758 -0.5780431654189494 0.7072889773952644
outer loop
vertex -17.752 -23.936 52.0
vertex -16.556 -24.778 52.0
vertex -17.156 -23.132 53.0
endloop
endfacet
facet normal -0.4070309625283502 -0.5780439713547572 0.7072417993329194
outer loop
vertex -17.156 -23.132 53.0
vertex -16.556 -24.778 52.0
vertex -16.0 -23.946 53.0
endloop
endfacet
facet normal -0.0 0.0 1.0
outer loop
vertex -17.156 -23.132 53.0
vertex -16.0 -23.946 53.0
vertex -15.071 -20.321 53.0
endloop
endfacet
facet normal -0.0 0.0 1.0
outer loop
vertex -15.071 -20.321 53.0
vertex -16.0 -23.946 53.0
vertex -14.056 -21.036 53.0
endloop
endfacet
facet normal 0.5758923649077138 0.817525525008853 0.0
outer loop
vertex -15.071 -20.321 53.0
vertex -14.056 -21.036 53.0
vertex -15.071 -20.321 1.0
endloop
endfacet
facet normal 0.5758923649077138 0.817525525008853 0.0
outer loop
vertex -15.071 -20.321 1.0
vertex -14.056 -21.036 53.0
vertex -14.056 -21.036 1.0
endloop
endfacet
facet normal 0.5744708923257402 0.8155076303645129 -0.07021750983711227
outer loop
vertex -15.071 -20.321 1.0
vertex -14.056 -21.036 1.0
vertex -15.077 -20.329 0.858
endloop
endfacet
facet normal 0.5747663554936528 0.8147875011537111 -0.07592736368553325
outer loop
vertex -15.077 -20.329 0.858
vertex -14.056 -21.036 1.0
vertex -14.062 -21.045 0.858
endloop
endfacet
facet normal 0.562963754097625 0.7980561597892301 -0.21489108263205223
outer loop
vertex -15.077 -20.329 0.858
vertex -14.062 -21.045 0.858
vertex -15.095 -20.354 0.718
endloop
endfacet
facet normal 0.5631786837985735 0.7999339684680855 -0.20720862966055845
outer loop
vertex -15.095 -20.354 0.718
vertex -14.062 -21.045 0.858
vertex -14.078 -21.07 0.718
endloop
endfacet
facet normal 0.5388825711155307 0.7654239871850482 -0.35175516256290873
outer loop
vertex -15.095 -20.354 0.718
vertex -14.078 -21.07 0.718
vertex -15.125 -20.394 0.585
endloop
endfacet
facet normal 0.5391213757513713 0.7661989984527834 -0.34969592073385747
outer loop
vertex -15.125 -20.394 0.585
vertex -14.078 -21.07 0.718
vertex -14.106 -21.111 0.585
endloop
endfacet
facet normal 0.5054456291925012 0.7183390462303447 -0.4780310979330481
outer loop
vertex -15.125 -20.394 0.585
vertex -14.106 -21.111 0.585
vertex -15.166 -20.449 0.459
endloop
endfacet
facet normal 0.5055459887071537 0.7185924902068329 -0.47754380565603544
outer loop
vertex -15.166 -20.449 0.459
vertex -14.106 -21.111 0.585
vertex -14.144 -21.168 0.459
endloop
endfacet
facet normal 0.46136096273374233 0.6557870708120811 -0.5975695606547453
outer loop
vertex -15.166 -20.449 0.459
vertex -14.144 -21.168 0.459
vertex -15.217 -20.517 0.345
endloop
endfacet
facet normal 0.46033190500759197 0.6535182861949878 -0.60083973473868
outer loop
vertex -15.217 -20.517 0.345
vertex -14.144 -21.168 0.459
vertex -14.192 -21.239 0.345
endloop
endfacet
facet normal 0.4076584577630399 0.5787395002868634 -0.7063109602873024
outer loop
vertex -15.217 -20.517 0.345
vertex -14.192 -21.239 0.345
vertex -15.277 -20.598 0.244
endloop
endfacet
facet normal 0.40742670741176684 0.5782649405885616 -0.7068331744999761
outer loop
vertex -15.277 -20.598 0.244
vertex -14.192 -21.239 0.345
vertex -14.248 -21.323 0.244
endloop
endfacet
facet normal 0.34355848495468705 0.487616111749479 -0.8026195206808514
outer loop
vertex -15.277 -20.598 0.244
vertex -14.248 -21.323 0.244
vertex -15.345 -20.69 0.159
endloop
endfacet
facet normal 0.3442196647708677 0.4889054029849978 -0.8015512019310485
outer loop
vertex -15.345 -20.69 0.159
vertex -14.248 -21.323 0.244
vertex -14.311 -21.418 0.159
endloop
endfacet
facet normal 0.277892839244728 0.3946994447514419 -0.8757784641160158
outer loop
vertex -15.345 -20.69 0.159
vertex -14.311 -21.418 0.159
vertex -15.419 -20.791 0.09
endloop
endfacet
facet normal 0.2776844240601228 0.3943042847803123 -0.8760225405994323
outer loop
vertex -15.419 -20.791 0.09
vertex -14.311 -21.418 0.159
vertex -14.381 -21.522 0.09
endloop
endfacet
facet normal 0.198335066622249 0.28163036819958287 -0.938801116880309
outer loop
vertex -15.419 -20.791 0.09
vertex -14.381 -21.522 0.09
vertex -15.499 -20.898 0.041
endloop
endfacet
facet normal 0.19853524357061647 0.2820010806635699 -0.9386475097526945
outer loop
vertex -15.499 -20.898 0.041
vertex -14.381 -21.522 0.09
vertex -14.455 -21.633 0.041
endloop
endfacet
facet normal 0.124998610279383 0.17754904643765446 -0.9761412211034337
outer loop
vertex -15.499 -20.898 0.041
vertex -14.455 -21.633 0.041
vertex -15.582 -21.01 0.01
endloop
endfacet
facet normal 0.1251295958718077 0.17778900631312405 -0.9760807617565005
outer loop
vertex -15.582 -21.01 0.01
vertex -14.455 -21.633 0.041
vertex -14.532 -21.749 0.01
endloop
endfacet
facet normal 0.04038999961783319 0.05738768551924904 -0.9975346116710012
outer loop
vertex -15.582 -21.01 0.01
vertex -14.532 -21.749 0.01
vertex -15.667 -21.124 0.0
endloop
endfacet
facet normal 0.04023974921249462 0.057114482753218135 -0.9975563635420045
outer loop
vertex -15.667 -21.124 0.0
vertex -14.532 -21.749 0.01
vertex -14.611 -21.868 0.0
endloop
endfacet
facet normal 0.0 -0.0 -1.0
outer loop
vertex -14.611 -21.868 0.0
vertex -13.521 -22.558 0.0
vertex -19.445 -29.101 0.0
endloop
endfacet
facet normal 0.0 -0.0 -0.9999999999999999
outer loop
vertex -19.445 -29.101 0.0
vertex -13.521 -22.558 0.0
vertex -17.994 -30.021 0.0
endloop
endfacet
facet normal -0.535481275972437 -0.8445470993869619 0.0
outer loop
vertex -19.445 -29.101 0.0
vertex -17.994 -30.021 0.0
vertex -19.445 -29.101 3.0
endloop
endfacet
facet normal -0.535481275972437 -0.8445470993869619 0.0
outer loop
vertex -19.445 -29.101 3.0
vertex -17.994 -30.021 0.0
vertex -17.994 -30.021 3.0
endloop
endfacet
facet normal -0.0 0.0 1.0
outer loop
vertex -19.445 -29.101 3.0
vertex -17.994 -30.021 3.0
vertex -16.556 -24.778 3.0
endloop
endfacet
facet normal -0.0 0.0 1.0
outer loop
vertex -16.556 -24.778 3.0
vertex -17.994 -30.021 3.0
vertex -15.32 -25.56 3.0
endloop
endfacet
facet normal -0.5346616421502853 -0.8450662272349784 0.0
outer loop
vertex -16.556 -24.778 3.0
vertex -15.32 -25.56 3.0
vertex -16.556 -24.778 52.0
endloop
endfacet
facet normal -0.5346616421502853 -0.8450662272349784 0.0
outer loop
vertex -16.556 -24.778 52.0
vertex -15.32 -25.56 3.0
vertex -15.32 -25.56 52.0
endloop
endfacet
facet normal -0.37799350952987293 -0.5974424268272674 0.7072364904188946
outer loop
vertex -16.556 -24.778 52.0
vertex -15.32 -25.56 52.0
vertex -16.0 -23.946 53.0
endloop
endfacet
facet normal -0.37881101452602206 -0.5974905565971889 0.7067582684701661
outer loop
vertex -16.0 -23.946 53.0
vertex -15.32 -25.56 52.0
vertex -14.806 -24.703 53.0
endloop
endfacet
facet normal -0.0 0.0 0.9999999999999999
outer loop
vertex -16.0 -23.946 53.0
vertex -14.806 -24.703 53.0
vertex -14.056 -21.036 53.0
endloop
endfacet
facet normal -0.0 0.0 1.0
outer loop
vertex -14.056 -21.036 53.0
vertex -14.806 -24.703 53.0
vertex -13.007 -21.701 53.0
endloop
endfacet
facet normal 0.5354159712476543 0.8445885020132177 0.0
outer loop
vertex -14.056 -21.036 53.0
vertex -13.007 -21.701 53.0
vertex -14.056 -21.036 1.0
endloop
endfacet
facet normal 0.5354159712476543 0.8445885020132177 0.0
outer loop
vertex -14.056 -21.036 1.0
vertex -13.007 -21.701 53.0
vertex -13.007 -21.701 1.0
endloop
endfacet
facet normal 0.5338701590786861 0.8421500704865296 -0.07593360273838952
outer loop
vertex -14.056 -21.036 1.0
vertex -13.007 -21.701 1.0
vertex -14.062 -21.045 0.858
endloop
endfacet
facet normal 0.53330184224802 0.8433236963259371 -0.06628942804117795
outer loop
vertex -14.062 -21.045 0.858
vertex -13.007 -21.701 1.0
vertex -13.012 -21.709 0.858
endloop
endfacet
facet normal 0.5228560358283038 0.8268054783429518 -0.20739881094161097
outer loop
vertex -14.062 -21.045 0.858
vertex -13.012 -21.709 0.858
vertex -14.078 -21.07 0.718
endloop
endfacet
facet normal 0.5227693409376679 0.8254252751647392 -0.21303833292346958
outer loop
vertex -14.078 -21.07 0.718
vertex -13.012 -21.709 0.858
vertex -13.028 -21.735 0.718
endloop
endfacet
facet normal 0.5013013420721391 0.7915284348507461 -0.34954213087895514
outer loop
vertex -14.078 -21.07 0.718
vertex -13.028 -21.735 0.718
vertex -14.106 -21.111 0.585
endloop
endfacet
facet normal 0.5012507959828861 0.7913299672713344 -0.3500635976860085
outer loop
vertex -14.106 -21.111 0.585
vertex -13.028 -21.735 0.718
vertex -13.053 -21.778 0.585
endloop
endfacet
facet normal 0.4701468510361459 0.7422258382924477 -0.47755915176223923
outer loop
vertex -14.106 -21.111 0.585
vertex -13.053 -21.778 0.585
vertex -14.144 -21.168 0.459
endloop
endfacet
facet normal 0.47006515515036107 0.7419862538696284 -0.47801166197278366
outer loop
vertex -14.144 -21.168 0.459
vertex -13.053 -21.778 0.585
vertex -13.088 -21.837 0.459
endloop
endfacet
facet normal 0.42783559504138463 0.6753279347738449 -0.6007402800958814
outer loop
vertex -14.144 -21.168 0.459
vertex -13.088 -21.837 0.459
vertex -14.192 -21.239 0.345
endloop
endfacet
facet normal 0.42840436999698905 0.6767639824095514 -0.5987154648751335
outer loop
vertex -14.192 -21.239 0.345
vertex -13.088 -21.837 0.459
vertex -13.132 -21.91 0.345
endloop
endfacet
facet normal 0.3783412064277337 0.5976776137308469 -0.7068517535974624
outer loop
vertex -14.192 -21.239 0.345
vertex -13.132 -21.91 0.345
vertex -14.248 -21.323 0.244
endloop
endfacet
facet normal 0.3777901795079909 0.5963928056327931 -0.7082303309353289
outer loop
vertex -14.248 -21.323 0.244
vertex -13.132 -21.91 0.345
vertex -13.184 -21.997 0.244
endloop
endfacet
facet normal 0.31993185800221585 0.5050556334040919 -0.8015999085591524
outer loop
vertex -14.248 -21.323 0.244
vertex -13.184 -21.997 0.244
vertex -14.311 -21.418 0.159
endloop
endfacet
facet normal 0.3193810336969933 0.5038389128336616 -0.8025846405390735
outer loop
vertex -14.311 -21.418 0.159
vertex -13.184 -21.997 0.244
vertex -13.243 -22.095 0.159
endloop
endfacet
facet normal 0.2582333880231158 0.4073755663348415 -0.8759912472527738
outer loop
vertex -14.311 -21.418 0.159
vertex -13.243 -22.095 0.159
vertex -14.381 -21.522 0.09
endloop
endfacet
facet normal 0.2590890060690903 0.409208224291473 -0.8748837157624723
outer loop
vertex -14.381 -21.522 0.09
vertex -13.243 -22.095 0.159
vertex -13.307 -22.202 0.09
endloop
endfacet
facet normal 0.18448160132782812 0.2913724115089506 -0.9386525750153668
outer loop
vertex -14.381 -21.522 0.09
vertex -13.307 -22.202 0.09
vertex -14.455 -21.633 0.041
endloop
endfacet
facet normal 0.18378843619296603 0.2899235711289622 -0.9392369954519325
outer loop
vertex -14.455 -21.633 0.041
vertex -13.307 -22.202 0.09
vertex -13.376 -22.317 0.041
endloop
endfacet
facet normal 0.11638492505629505 0.18359551774231322 -0.9760877189497738
outer loop
vertex -14.455 -21.633 0.041
vertex -13.376 -22.317 0.041
vertex -14.532 -21.749 0.01
endloop
endfacet
facet normal 0.11647837119996071 0.18378828876383865 -0.9760402932030335
outer loop
vertex -14.532 -21.749 0.01
vertex -13.376 -22.317 0.041
vertex -13.448 -22.436 0.01
endloop
endfacet
facet normal 0.03739430866070941 0.05900353797410324 -0.9975571403114338
outer loop
vertex -14.532 -21.749 0.01
vertex -13.448 -22.436 0.01
vertex -14.611 -21.868 0.0
endloop
endfacet
facet normal 0.03754013710061859 0.05930253541981766 -0.997533932956292
outer loop
vertex -14.611 -21.868 0.0
vertex -13.448 -22.436 0.01
vertex -13.521 -22.558 0.0
endloop
endfacet
facet normal 0.0 -0.0 -1.0
outer loop
vertex -13.521 -22.558 0.0
vertex -12.398 -23.195 0.0
vertex -17.994 -30.021 0.0
endloop
endfacet
facet normal 0.0 -0.0 -1.0
outer loop
vertex -17.994 -30.021 0.0
vertex -12.398 -23.195 0.0
vertex -16.499 -30.867 0.0
endloop
endfacet
facet normal -0.4924983926643023 -0.8703133534670595 0.0
outer loop
vertex -17.994 -30.021 0.0
vertex -16.499 -30.867 0.0
vertex -17.994 -30.021 3.0
endloop
endfacet
facet normal -0.4924983926643023 -0.8703133534670595 0.0
outer loop
vertex -17.994 -30.021 3.0
vertex -16.499 -30.867 0.0
vertex -16.499 -30.867 3.0
endloop
endfacet
facet normal -0.0 0.0 1.0
outer loop
vertex -17.994 -30.021 3.0
vertex -16.499 -30.867 3.0
vertex -15.32 -25.56 3.0
endloop
endfacet
facet normal -0.0 0.0 1.0
outer loop
vertex -15.32 -25.56 3.0
vertex -16.499 -30.867 3.0
vertex -14.048 -26.281 3.0
endloop
endfacet
facet normal -0.4931161076347586 -0.8699635075054271 0.0
outer loop
vertex -15.32 -25.56 3.0
vertex -14.048 -26.281 3.0
vertex -15.32 -25.56 52.0
endloop
endfacet
facet normal -0.4931161076347586 -0.8699635075054271 0.0
outer loop
vertex -15.32 -25.56 52.0
vertex -14.048 -26.281 3.0
vertex -14.048 -26.281 52.0
endloop
endfacet
facet normal -0.34885657078625193 -0.6154584716229021 0.7067601875649606
outer loop
vertex -15.32 -25.56 52.0
vertex -14.048 -26.281 52.0
vertex -14.806 -24.703 53.0
endloop
endfacet
facet normal -0.3482204754949107 -0.6153896334177281 0.7071337211080325
outer loop
vertex -14.806 -24.703 53.0
vertex -14.048 -26.281 52.0
vertex -13.576 -25.399 53.0
endloop
endfacet
facet normal -0.0 0.0 1.0
outer loop
vertex -14.806 -24.703 53.0
vertex -13.576 -25.399 53.0
vertex -13.007 -21.701 53.0
endloop
endfacet
facet normal -0.0 0.0 1.0
outer loop
vertex -13.007 -21.701 53.0
vertex -13.576 -25.399 53.0
vertex -11.926 -22.313 53.0
endloop
endfacet
facet normal 0.4926672379199338 0.8702177846265517 0.0
outer loop
vertex -13.007 -21.701 53.0
vertex -11.926 -22.313 53.0
vertex -13.007 -21.701 1.0
endloop
endfacet
facet normal 0.4926672379199338 0.8702177846265517 0.0
outer loop
vertex -13.007 -21.701 1.0
vertex -11.926 -22.313 53.0
vertex -11.926 -22.313 1.0
endloop
endfacet
facet normal 0.4915855925887322 0.8683072313536285 -0.06622806911107249
outer loop
vertex -13.007 -21.701 1.0
vertex -11.926 -22.313 1.0
vertex -13.012 -21.709 0.858
endloop
endfacet
facet normal 0.4919851310080739 0.8675953125933589 -0.0723118554111296
outer loop
vertex -13.012 -21.709 0.858
vertex -11.926 -22.313 1.0
vertex -11.931 -22.322 0.858
endloop
endfacet
facet normal 0.4819649522036393 0.8499251440980997 -0.2129249498700616
outer loop
vertex -13.012 -21.709 0.858
vertex -11.931 -22.322 0.858
vertex -13.028 -21.735 0.718
endloop
endfacet
facet normal 0.4819863488673096 0.8515354254866178 -0.20634092819139116
outer loop
vertex -13.028 -21.735 0.718
vertex -11.931 -22.322 0.858
vertex -11.945 -22.348 0.718
endloop
endfacet
facet normal 0.46138167925317447 0.8151327220737168 -0.350265030304502
outer loop
vertex -13.028 -21.735 0.718
vertex -11.945 -22.348 0.718
vertex -13.053 -21.778 0.585
endloop
endfacet
facet normal 0.46119795178301654 0.8142322145485178 -0.3525937464881742
outer loop
vertex -13.053 -21.778 0.585
vertex -11.945 -22.348 0.718
vertex -11.969 -22.392 0.585
endloop
endfacet
facet normal 0.4328744637408913 0.7642278806109548 -0.4780956443410925
outer loop
vertex -13.053 -21.778 0.585
vertex -11.969 -22.392 0.585
vertex -13.088 -21.837 0.459
endloop
endfacet
facet normal 0.43265732295307285 0.7634716072240102 -0.47949843154891236
outer loop
vertex -13.088 -21.837 0.459
vertex -11.969 -22.392 0.585
vertex -12.001 -22.453 0.459
endloop
endfacet
facet normal 0.394917484298349 0.6968754958316646 -0.5986691272354329
outer loop
vertex -13.088 -21.837 0.459
vertex -12.001 -22.453 0.459
vertex -13.132 -21.91 0.345
endloop
endfacet
facet normal 0.3951733001130881 0.6976279456688994 -0.5976230520148318
outer loop
vertex -13.132 -21.91 0.345
vertex -12.001 -22.453 0.459
vertex -12.041 -22.528 0.345
endloop
endfacet
facet normal 0.34794713594186394 0.6142561898261718 -0.7082528671668671
outer loop
vertex -13.132 -21.91 0.345
vertex -12.041 -22.528 0.345
vertex -13.184 -21.997 0.244
endloop
endfacet
facet normal 0.34823205230371074 0.6150227375363907 -0.707447150013052
outer loop
vertex -13.184 -21.997 0.244
vertex -12.041 -22.528 0.345
vertex -12.089 -22.617 0.244
endloop
endfacet
facet normal 0.2939386889395509 0.5191336522400118 -0.8025585949053466
outer loop
vertex -13.184 -21.997 0.244
vertex -12.089 -22.617 0.244
vertex -13.243 -22.095 0.159
endloop
endfacet
facet normal 0.29375627386014946 0.5186707885171167 -0.802924569749135
outer loop
vertex -13.243 -22.095 0.159
vertex -12.089 -22.617 0.244
vertex -12.143 -22.718 0.159
endloop
endfacet
facet normal 0.23867811389329674 0.42142203095124536 -0.8748921246515287
outer loop
vertex -13.243 -22.095 0.159
vertex -12.143 -22.718 0.159
vertex -13.307 -22.202 0.09
endloop
endfacet
facet normal 0.23851278385513974 0.4210169746963746 -0.8751321951312179
outer loop
vertex -13.307 -22.202 0.09
vertex -12.143 -22.718 0.159
vertex -12.202 -22.828 0.09
endloop
endfacet
facet normal 0.16920355792157585 0.29867401198616944 -0.9392358545917877
outer loop
vertex -13.307 -22.202 0.09
vertex -12.202 -22.828 0.09
vertex -13.376 -22.317 0.041
endloop
endfacet
facet normal 0.16950854413019986 0.2994022138770293 -0.9389489697488325
outer loop
vertex -13.376 -22.317 0.041
vertex -12.202 -22.828 0.09
vertex -12.265 -22.946 0.041
endloop
endfacet
facet normal 0.10722224032764058 0.18938618283626124 -0.9760308729388798
outer loop
vertex -13.376 -22.317 0.041
vertex -12.265 -22.946 0.041
vertex -13.448 -22.436 0.01
endloop
endfacet
facet normal 0.10691610271268019 0.1886655398579211 -0.9762040058567937
outer loop
vertex -13.448 -22.436 0.01
vertex -12.265 -22.946 0.041
vertex -12.331 -23.069 0.01
endloop
endfacet
facet normal 0.0346026256194297 0.06106024141690847 -0.9975341123081207
outer loop
vertex -13.448 -22.436 0.01
vertex -12.331 -23.069 0.01
vertex -13.521 -22.558 0.0
endloop
endfacet
facet normal 0.03450162749182913 0.06082469022499863 -0.9975520010302461
outer loop
vertex -13.521 -22.558 0.0
vertex -12.331 -23.069 0.01
vertex -12.398 -23.195 0.0
endloop
endfacet
facet normal 0.0 -0.0 -1.0
outer loop
vertex -12.398 -23.195 0.0
vertex -11.245 -23.775 0.0
vertex -16.499 -30.867 0.0
endloop
endfacet
facet normal 0.0 -0.0 -1.0
outer loop
vertex -16.499 -30.867 0.0
vertex -11.245 -23.775 0.0
vertex -14.964 -31.64 0.0
endloop
endfacet
facet normal -0.4497719141044609 -0.8931434516822083 0.0
outer loop
vertex -16.499 -30.867 0.0
vertex -14.964 -31.64 0.0
vertex -16.499 -30.867 3.0
endloop
endfacet
facet normal -0.4497719141044609 -0.8931434516822083 0.0
outer loop
vertex -16.499 -30.867 3.0
vertex -14.964 -31.64 0.0
vertex -14.964 -31.64 3.0
endloop
endfacet
facet normal -0.0 0.0 1.0
outer loop
vertex -16.499 -30.867 3.0
vertex -14.964 -31.64 3.0
vertex -14.048 -26.281 3.0
endloop
endfacet
facet normal -0.0 0.0 0.9999999999999999
outer loop
vertex -14.048 -26.281 3.0
vertex -14.964 -31.64 3.0
vertex -12.741 -26.939 3.0
endloop
endfacet
facet normal -0.44967211591567346 -0.8931937013704928 0.0
outer loop
vertex -14.048 -26.281 3.0
vertex -12.741 -26.939 3.0
vertex -14.048 -26.281 52.0
endloop
endfacet
facet normal -0.44967211591567346 -0.8931937013704928 0.0
outer loop
vertex -14.048 -26.281 52.0
vertex -12.741 -26.939 3.0
vertex -12.741 -26.939 52.0
endloop
endfacet
facet normal -0.3179595120079892 -0.6315700337301539 0.7071216594177651
outer loop
vertex -14.048 -26.281 52.0
vertex -12.741 -26.939 52.0
vertex -13.576 -25.399 53.0
endloop
endfacet
facet normal -0.31831567674239586 -0.6316263900140003 0.7069110505416593
outer loop
vertex -13.576 -25.399 53.0
vertex -12.741 -26.939 52.0
vertex -12.314 -26.035 53.0
endloop
endfacet
facet normal -0.0 0.0 1.0
outer loop
vertex -13.576 -25.399 53.0
vertex -12.314 -26.035 53.0
vertex -11.926 -22.313 53.0
endloop
endfacet
facet normal -0.0 0.0 1.0
outer loop
vertex -11.926 -22.313 53.0
vertex -12.314 -26.035 53.0
vertex -10.817 -22.871 53.0
endloop
endfacet
facet normal 0.44946756650161107 0.893296650986177 0.0
outer loop
vertex -11.926 -22.313 53.0
vertex -10.817 -22.871 53.0
vertex -11.926 -22.313 1.0
endloop
endfacet
facet normal 0.44946756650161107 0.893296650986177 0.0
outer loop
vertex -11.926 -22.313 1.0
vertex -10.817 -22.871 53.0
vertex -10.817 -22.871 1.0
endloop
endfacet
facet normal 0.44829276501258963 0.8909617856612222 -0.0722543654648862
outer loop
vertex -11.926 -22.313 1.0
vertex -10.817 -22.871 1.0
vertex -11.931 -22.322 0.858
endloop
endfacet
facet normal 0.44807034839828447 0.8913227360611036 -0.0691139860432618
outer loop
vertex -11.931 -22.322 0.858
vertex -10.817 -22.871 1.0
vertex -10.821 -22.88 0.858
endloop
endfacet
facet normal 0.439482073826289 0.874238533955521 -0.20630679226008497
outer loop
vertex -11.931 -22.322 0.858
vertex -10.821 -22.88 0.858
vertex -11.945 -22.348 0.718
endloop
endfacet
facet normal 0.4395562906662456 0.8720482838039234 -0.21522559803694974
outer loop
vertex -11.945 -22.348 0.718
vertex -10.821 -22.88 0.858
vertex -10.834 -22.908 0.718
endloop
endfacet
facet normal 0.42121835483031483 0.8356671289579966 -0.35247063300811626
outer loop
vertex -11.945 -22.348 0.718
vertex -10.834 -22.908 0.718
vertex -11.969 -22.392 0.585
endloop
endfacet
facet normal 0.42122105748252986 0.8356845578931471 -0.3524260779684649
outer loop
vertex -11.969 -22.392 0.585
vertex -10.834 -22.908 0.718
vertex -10.856 -22.953 0.585
endloop
endfacet
facet normal 0.39494580556925124 0.7835555821721507 -0.4796440975453749
outer loop
vertex -11.969 -22.392 0.585
vertex -10.856 -22.953 0.585
vertex -12.001 -22.453 0.459
endloop
endfacet
facet normal 0.395868329327355 0.7875027727795509 -0.4723638943654433
outer loop
vertex -12.001 -22.453 0.459
vertex -10.856 -22.953 0.585
vertex -10.885 -23.014 0.459
endloop
endfacet
facet normal 0.360101351967851 0.7163513525777568 -0.5976351361582952
outer loop
vertex -12.001 -22.453 0.459
vertex -10.885 -23.014 0.459
vertex -12.041 -22.528 0.345
endloop
endfacet
facet normal 0.3588458123480974 0.7119653617331931 -0.603601695369022
outer loop
vertex -12.041 -22.528 0.345
vertex -10.885 -23.014 0.459
vertex -10.922 -23.092 0.345
endloop
endfacet
facet normal 0.31813185349737877 0.63118713486448 -0.7073859799090529
outer loop
vertex -12.041 -22.528 0.345
vertex -10.922 -23.092 0.345
vertex -12.089 -22.617 0.244
endloop
endfacet
facet normal 0.31862917553260195 0.6327547584781721 -0.7057597779150101
outer loop
vertex -12.089 -22.617 0.244
vertex -10.922 -23.092 0.345
vertex -10.965 -23.183 0.244
endloop
endfacet
facet normal 0.2680906652342732 0.5323920631154131 -0.8029234623212594
outer loop
vertex -12.089 -22.617 0.244
vertex -10.965 -23.183 0.244
vertex -12.143 -22.718 0.159
endloop
endfacet
facet normal 0.26859334557011877 0.5338765618814502 -0.8017689389026574
outer loop
vertex -12.143 -22.718 0.159
vertex -10.965 -23.183 0.244
vertex -11.014 -23.286 0.159
endloop
endfacet
facet normal 0.2174834398508646 0.43228662604159473 -0.8751166929822615
outer loop
vertex -12.143 -22.718 0.159
vertex -11.014 -23.286 0.159
vertex -12.202 -22.828 0.09
endloop
endfacet
facet normal 0.21749990657714566 0.4323334395184932 -0.8750894741185281
outer loop
vertex -12.202 -22.828 0.09
vertex -11.014 -23.286 0.159
vertex -11.067 -23.399 0.09
endloop
endfacet
facet normal 0.1546228722113523 0.3073501925742283 -0.9389502790423444
outer loop
vertex -12.202 -22.828 0.09
vertex -11.067 -23.399 0.09
vertex -12.265 -22.946 0.041
endloop
endfacet
facet normal 0.154635699634672 0.3073855980542881 -0.9389365764029556
outer loop
vertex -12.265 -22.946 0.041
vertex -11.067 -23.399 0.09
vertex -11.124 -23.52 0.041
endloop
endfacet
facet normal 0.0974628274793983 0.19373708389197533 -0.9762002558823444
outer loop
vertex -12.265 -22.946 0.041
vertex -11.124 -23.52 0.041
vertex -12.331 -23.069 0.01
endloop
endfacet
facet normal 0.09747126537653299 0.19376003706565512 -0.9761948578343431
outer loop
vertex -12.331 -23.069 0.01
vertex -11.124 -23.52 0.041
vertex -11.184 -23.646 0.01
endloop
endfacet
facet normal 0.031421808430353776 0.06246241641181227 -0.9975525632722133
outer loop
vertex -12.331 -23.069 0.01
vertex -11.184 -23.646 0.01
vertex -12.398 -23.195 0.0
endloop
endfacet
facet normal 0.031424592147505113 0.06246992197598882 -0.9975520055900229
outer loop
vertex -12.398 -23.195 0.0
vertex -11.184 -23.646 0.01
vertex -11.245 -23.775 0.0
endloop
endfacet
facet normal 0.0 -0.0 -1.0
outer loop
vertex -11.245 -23.775 0.0
vertex -10.065 -24.298 0.0
vertex -14.964 -31.64 0.0
endloop
endfacet
facet normal 0.0 -0.0 -0.9999999999999999
outer loop
vertex -14.964 -31.64 0.0
vertex -10.065 -24.298 0.0
vertex -13.394 -32.336 0.0
endloop
endfacet
facet normal -0.4052738537934065 -0.9141953311144401 0.0
outer loop
vertex -14.964 -31.64 0.0
vertex -13.394 -32.336 0.0
vertex -14.964 -31.64 3.0
endloop
endfacet
facet normal -0.4052738537934065 -0.9141953311144401 0.0
outer loop
vertex -14.964 -31.64 3.0
vertex -13.394 -32.336 0.0
vertex -13.394 -32.336 3.0
endloop
endfacet
facet normal -0.0 0.0 0.9999999999999999
outer loop
vertex -14.964 -31.64 3.0
vertex -13.394 -32.336 3.0
vertex -12.741 -26.939 3.0
endloop
endfacet
facet normal -0.0 0.0 0.9999999999999999
outer loop
vertex -12.741 -26.939 3.0
vertex -13.394 -32.336 3.0
vertex -11.404 -27.532 3.0
endloop
endfacet
facet normal -0.4054405396489565 -0.9141214190736168 0.0
outer loop
vertex -12.741 -26.939 3.0
vertex -11.404 -27.532 3.0
vertex -12.741 -26.939 52.0
endloop
endfacet
facet normal -0.4054405396489565 -0.9141214190736168 0.0
outer loop
vertex -12.741 -26.939 52.0
vertex -11.404 -27.532 3.0
vertex -11.404 -27.532 52.0
endloop
endfacet
facet normal -0.2867630317116538 -0.646546666776528 0.7069260013068572
outer loop
vertex -12.741 -26.939 52.0
vertex -11.404 -27.532 52.0
vertex -12.314 -26.035 53.0
endloop
endfacet
facet normal -0.2864959108558213 -0.6464907726641823 0.7070854077994835
outer loop
vertex -12.314 -26.035 53.0
vertex -11.404 -27.532 52.0
vertex -11.021 -26.608 53.0
endloop
endfacet
facet normal -0.0 0.0 1.0
outer loop
vertex -12.314 -26.035 53.0
vertex -11.021 -26.608 53.0
vertex -10.817 -22.871 53.0
endloop
endfacet
facet normal -0.0 0.0 1.0
outer loop
vertex -10.817 -22.871 53.0
vertex -11.021 -26.608 53.0
vertex -9.682 -23.374 53.0
endloop
endfacet
facet normal 0.40516665365370896 0.9142428467136372 0.0
outer loop
vertex -10.817 -22.871 53.0
vertex -9.682 -23.374 53.0
vertex -10.817 -22.871 1.0
endloop
endfacet
facet normal 0.40516665365370896 0.9142428467136372 0.0
outer loop
vertex -10.817 -22.871 1.0
vertex -9.682 -23.374 53.0
vertex -9.682 -23.374 1.0
endloop
endfacet
facet normal 0.40419561883736843 0.9120517442950558 -0.06919188854933138
outer loop
vertex -10.817 -22.871 1.0
vertex -9.682 -23.374 1.0
vertex -10.821 -22.88 0.858
endloop
endfacet
facet normal 0.4046788609730764 0.9113303714373819 -0.07557759970610824
outer loop
vertex -10.821 -22.88 0.858
vertex -9.682 -23.374 1.0
vertex -9.686 -23.384 0.858
endloop
endfacet
facet normal 0.39632153482005966 0.8925098055967589 -0.215303246495514
outer loop
vertex -10.821 -22.88 0.858
vertex -9.686 -23.384 0.858
vertex -10.834 -22.908 0.718
endloop
endfacet
facet normal 0.39621539555096674 0.8938430649631972 -0.209899822643062
outer loop
vertex -10.834 -22.908 0.718
vertex -9.686 -23.384 0.858
vertex -9.697 -23.412 0.718
endloop
endfacet
facet normal 0.37927208932299394 0.8556197729369965 -0.3522321484757085
outer loop
vertex -10.834 -22.908 0.718
vertex -9.697 -23.412 0.718
vertex -10.856 -22.953 0.585
endloop
endfacet
facet normal 0.3793476408956207 0.8563491299425912 -0.35037342221334966
outer loop
vertex -10.856 -22.953 0.585
vertex -9.697 -23.412 0.718
vertex -9.716 -23.458 0.585
endloop
endfacet
facet normal 0.35699707452645457 0.8058943860597212 -0.4723212119913505
outer loop
vertex -10.856 -22.953 0.585
vertex -9.716 -23.458 0.585
vertex -10.885 -23.014 0.459
endloop
endfacet
facet normal 0.35644813105146406 0.802887111756944 -0.4778252982466612
outer loop
vertex -10.885 -23.014 0.459
vertex -9.716 -23.458 0.585
vertex -9.743 -23.521 0.459
endloop
endfacet
facet normal 0.32351586156848733 0.7287083114619552 -0.6035906594040907
outer loop
vertex -10.885 -23.014 0.459
vertex -9.743 -23.521 0.459
vertex -10.922 -23.092 0.345
endloop
endfacet
facet normal 0.32438512033447564 0.7324207342985071 -0.5986101917568923
outer loop
vertex -10.922 -23.092 0.345
vertex -9.743 -23.521 0.459
vertex -9.775 -23.6 0.345
endloop
endfacet
facet normal 0.2868886772744161 0.6477584898302237 -0.7057647098747599
outer loop
vertex -10.922 -23.092 0.345
vertex -9.775 -23.6 0.345
vertex -10.965 -23.183 0.244
endloop
endfacet
facet normal 0.28670002845835396 0.6470426132462045 -0.7064976647700271
outer loop
vertex -10.965 -23.183 0.244
vertex -9.775 -23.6 0.345
vertex -9.814 -23.693 0.244
endloop
endfacet
facet normal 0.2421239814033931 0.5464405933241265 -0.8017347788370827
outer loop
vertex -10.965 -23.183 0.244
vertex -9.814 -23.693 0.244
vertex -11.014 -23.286 0.159
endloop
endfacet
facet normal 0.2414585259093031 0.5441053722244739 -0.8035217011270901
outer loop
vertex -11.014 -23.286 0.159
vertex -9.814 -23.693 0.244
vertex -9.858 -23.799 0.159
endloop
endfacet
facet normal 0.1962824695675353 0.44230513610150374 -0.8751224821239025
outer loop
vertex -11.014 -23.286 0.159
vertex -9.858 -23.799 0.159
vertex -11.067 -23.399 0.09
endloop
endfacet
facet normal 0.19645342519062914 0.44287849834236903 -0.8747940828771524
outer loop
vertex -11.067 -23.399 0.09
vertex -9.858 -23.799 0.159
vertex -9.906 -23.914 0.09
endloop
endfacet
facet normal 0.13951269083062154 0.314513075833692 -0.9389450112902404
outer loop
vertex -11.067 -23.399 0.09
vertex -9.906 -23.914 0.09
vertex -11.124 -23.52 0.041
endloop
endfacet
facet normal 0.13930549534807204 0.3138407588247101 -0.939200701163579
outer loop
vertex -11.124 -23.52 0.041
vertex -9.906 -23.914 0.09
vertex -9.957 -24.038 0.041
endloop
endfacet
facet normal 0.088005118879223 0.19826635855608704 -0.9761893003490476
outer loop
vertex -11.124 -23.52 0.041
vertex -9.957 -24.038 0.041
vertex -11.184 -23.646 0.01
endloop
endfacet
facet normal 0.0880487091933865 0.19840534470832155 -0.9761571307942951
outer loop
vertex -11.184 -23.646 0.01
vertex -9.957 -24.038 0.041
vertex -10.01 -24.167 0.01
endloop
endfacet
facet normal 0.028365067110709404 0.06391667713622413 -0.9975520444326041
outer loop
vertex -11.184 -23.646 0.01
vertex -10.01 -24.167 0.01
vertex -11.245 -23.775 0.0
endloop
endfacet
facet normal 0.028455035139327553 0.06420065289561477 -0.9975312461988328
outer loop
vertex -11.245 -23.775 0.0
vertex -10.01 -24.167 0.01
vertex -10.065 -24.298 0.0
endloop
endfacet
facet normal 0.0 -0.0 -0.9999999999999999
outer loop
vertex -10.065 -24.298 0.0
vertex -8.86 -24.763 0.0
vertex -13.394 -32.336 0.0
endloop
endfacet
facet normal 0.0 -0.0 -1.0
outer loop
vertex -13.394 -32.336 0.0
vertex -8.86 -24.763 0.0
vertex -11.791 -32.954 0.0
endloop
endfacet
facet normal -0.3597200569133035 -0.9330602770744716 0.0
outer loop
vertex -13.394 -32.336 0.0
vertex -11.791 -32.954 0.0
vertex -13.394 -32.336 3.0
endloop
endfacet
facet normal -0.3597200569133035 -0.9330602770744716 0.0
outer loop
vertex -13.394 -32.336 3.0
vertex -11.791 -32.954 0.0
vertex -11.791 -32.954 3.0
endloop
endfacet
facet normal -0.0 0.0 1.0
outer loop
vertex -13.394 -32.336 3.0
vertex -11.791 -32.954 3.0
vertex -11.404 -27.532 3.0
endloop
endfacet
facet normal -0.0 0.0 1.0
outer loop
vertex -11.404 -27.532 3.0
vertex -11.791 -32.954 3.0
vertex -10.039 -28.058 3.0
endloop
endfacet
facet normal -0.3595745149721447 -0.9331163744049007 0.0
outer loop
vertex -11.404 -27.532 3.0
vertex -10.039 -28.058 3.0
vertex -11.404 -27.532 52.0
endloop
endfacet
facet normal -0.3595745149721447 -0.9331163744049007 0.0
outer loop
vertex -11.404 -27.532 52.0
vertex -10.039 -28.058 3.0
vertex -10.039 -28.058 52.0
endloop
endfacet
facet normal -0.2542681845584244 -0.6598404409168241 0.7070772820930215
outer loop
vertex -11.404 -27.532 52.0
vertex -10.039 -28.058 52.0
vertex -11.021 -26.608 53.0
endloop
endfacet
facet normal -0.2541157848330094 -0.6598006303046067 0.7071692132356637
outer loop
vertex -11.021 -26.608 53.0
vertex -10.039 -28.058 52.0
vertex -9.702 -27.116 53.0
endloop
endfacet
facet normal -0.0 0.0 1.0
outer loop
vertex -11.021 -26.608 53.0
vertex -9.702 -27.116 53.0
vertex -9.682 -23.374 53.0
endloop
endfacet
facet normal -0.0 0.0 1.0
outer loop
vertex -9.682 -23.374 53.0
vertex -9.702 -27.116 53.0
vertex -8.523 -23.821 53.0
endloop
endfacet
facet normal 0.35984203547535537 0.9330132418700997 0.0
outer loop
vertex -9.682 -23.374 53.0
vertex -8.523 -23.821 53.0
vertex -9.682 -23.374 1.0
endloop
endfacet
facet normal 0.35984203547535537 0.9330132418700997 0.0
outer loop
vertex -9.682 -23.374 1.0
vertex -8.523 -23.821 53.0
vertex -8.523 -23.821 1.0
endloop
endfacet
facet normal 0.3588115835604219 0.9303414437282477 -0.07562437163046055
outer loop
vertex -9.682 -23.374 1.0
vertex -8.523 -23.821 1.0
vertex -9.686 -23.384 0.858
endloop
endfacet
facet normal 0.35881158356042003 0.9303414437282502 -0.07562437163043784
outer loop
vertex -9.686 -23.384 0.858
vertex -8.523 -23.821 1.0
vertex -8.527 -23.831 0.858
endloop
endfacet
facet normal 0.3518118115628622 0.9121921467591909 -0.2100807859746237
outer loop
vertex -9.686 -23.384 0.858
vertex -8.527 -23.831 0.858
vertex -9.697 -23.412 0.718
endloop
endfacet
facet normal 0.3517322679013364 0.9127727757618505 -0.20767828857391266
outer loop
vertex -9.697 -23.412 0.718
vertex -8.527 -23.831 0.858
vertex -8.537 -23.859 0.718
endloop
endfacet
facet normal 0.33677728040355864 0.8739634122329419 -0.3503840999276873
outer loop
vertex -9.697 -23.412 0.718
vertex -8.537 -23.859 0.718
vertex -9.716 -23.458 0.585
endloop
endfacet
facet normal 0.33674945577069976 0.873443900905251 -0.35170379015523257
outer loop
vertex -9.716 -23.458 0.585
vertex -8.537 -23.859 0.718
vertex -8.554 -23.906 0.585
endloop
endfacet
facet normal 0.3160516831481928 0.8197590531656238 -0.47760488725744277
outer loop
vertex -9.716 -23.458 0.585
vertex -8.554 -23.906 0.585
vertex -9.743 -23.521 0.459
endloop
endfacet
facet normal 0.3158820909672741 0.8184855957063163 -0.4798956493107844
outer loop
vertex -9.743 -23.521 0.459
vertex -8.554 -23.906 0.585
vertex -8.577 -23.971 0.459
endloop
endfacet
facet normal 0.28837654189527 0.7472156618886344 -0.5987551458758879
outer loop
vertex -9.743 -23.521 0.459
vertex -8.577 -23.971 0.459
vertex -9.775 -23.6 0.345
endloop
endfacet
facet normal 0.28846704840093523 0.7477117063873518 -0.5980919378474908
outer loop
vertex -9.775 -23.6 0.345
vertex -8.577 -23.971 0.459
vertex -8.606 -24.051 0.345
endloop
endfacet
facet normal 0.25476369955379635 0.6603520283334591 -0.7064210189862343
outer loop
vertex -9.775 -23.6 0.345
vertex -8.606 -24.051 0.345
vertex -9.814 -23.693 0.244
endloop
endfacet
facet normal 0.2547150828923859 0.6601225327056541 -0.7066530042116835
outer loop
vertex -9.814 -23.693 0.244
vertex -8.606 -24.051 0.345
vertex -8.64 -24.146 0.244
endloop
endfacet
facet normal 0.21429695623384667 0.5553744516965479 -0.8035147994602636
outer loop
vertex -9.814 -23.693 0.244
vertex -8.64 -24.146 0.244
vertex -9.858 -23.799 0.159
endloop
endfacet
facet normal 0.2145216590591368 0.5563418850324843 -0.8027852544441867
outer loop
vertex -9.858 -23.799 0.159
vertex -8.64 -24.146 0.244
vertex -8.678 -24.254 0.159
endloop
endfacet
facet normal 0.17432599224138642 0.4520981776809563 -0.8747672182738755
outer loop
vertex -9.858 -23.799 0.159
vertex -8.678 -24.254 0.159
vertex -9.906 -23.914 0.09
endloop
endfacet
facet normal 0.17453479589567258 0.4529502580574813 -0.8742846611643813
outer loop
vertex -9.906 -23.914 0.09
vertex -8.678 -24.254 0.159
vertex -8.72 -24.371 0.09
endloop
endfacet
facet normal 0.1234472982123955 0.320368699518385 -0.9392149173288075
outer loop
vertex -9.906 -23.914 0.09
vertex -8.72 -24.371 0.09
vertex -9.957 -24.038 0.041
endloop
endfacet
facet normal 0.12361044440907466 0.32101013014295665 -0.9389744162534958
outer loop
vertex -9.957 -24.038 0.041
vertex -8.72 -24.371 0.09
vertex -8.765 -24.497 0.041
endloop
endfacet
facet normal 0.07799113605430545 0.20253907228046228 -0.9761635656470327
outer loop
vertex -9.957 -24.038 0.041
vertex -8.765 -24.497 0.041
vertex -10.01 -24.167 0.01
endloop
endfacet
facet normal 0.07775160288549594 0.20161562826152427 -0.976373815036765
outer loop
vertex -10.01 -24.167 0.01
vertex -8.765 -24.497 0.041
vertex -8.812 -24.629 0.01
endloop
endfacet
facet normal 0.02527359183887472 0.06553628359950638 -0.9975300702673214
outer loop
vertex -10.01 -24.167 0.01
vertex -8.812 -24.629 0.01
vertex -10.065 -24.298 0.0
endloop
endfacet
facet normal 0.025238368547805236 0.06540265397872061 -0.9975397323443237
outer loop
vertex -10.065 -24.298 0.0
vertex -8.812 -24.629 0.01
vertex -8.86 -24.763 0.0
endloop
endfacet
facet normal 0.0 -0.0 -1.0
outer loop
vertex -8.86 -24.763 0.0
vertex -7.634 -25.168 0.0
vertex -11.791 -32.954 0.0
endloop
endfacet
facet normal 0.0 -0.0 -0.9999999999999999
outer loop
vertex -11.791 -32.954 0.0
vertex -7.634 -25.168 0.0
vertex -10.16 -33.493 0.0
endloop
endfacet
facet normal -0.3137816638127325 -0.94949516452424 0.0
outer loop
vertex -11.791 -32.954 0.0
vertex -10.16 -33.493 0.0
vertex -11.791 -32.954 3.0
endloop
endfacet
facet normal -0.3137816638127325 -0.94949516452424 0.0
outer loop
vertex -11.791 -32.954 3.0
vertex -10.16 -33.493 0.0
vertex -10.16 -33.493 3.0
endloop
endfacet
facet normal -0.0 0.0 1.0
outer loop
vertex -11.791 -32.954 3.0
vertex -10.16 -33.493 3.0
vertex -10.039 -28.058 3.0
endloop
endfacet
facet normal -0.0 0.0 1.0
outer loop
vertex -10.039 -28.058 3.0
vertex -10.16 -33.493 3.0
vertex -8.65 -28.517 3.0
endloop
endfacet
facet normal -0.31376579388482473 -0.949500408945581 0.0
outer loop
vertex -10.039 -28.058 3.0
vertex -8.65 -28.517 3.0
vertex -10.039 -28.058 52.0
endloop
endfacet
facet normal -0.31376579388482473 -0.949500408945581 0.0
outer loop
vertex -10.039 -28.058 52.0
vertex -8.65 -28.517 3.0
vertex -8.65 -28.517 52.0
endloop
endfacet
facet normal -0.22184723382876473 -0.6713416291680921 0.7071663324766366
outer loop
vertex -10.039 -28.058 52.0
vertex -8.65 -28.517 52.0
vertex -9.702 -27.116 53.0
endloop
endfacet
facet normal -0.2221438400845008 -0.6714347598950469 0.7069847788440659
outer loop
vertex -9.702 -27.116 53.0
vertex -8.65 -28.517 52.0
vertex -8.36 -27.56 53.0
endloop
endfacet
facet normal -0.0 -0.0 0.9999999999999999
outer loop
vertex -9.702 -27.116 53.0
vertex -8.36 -27.56 53.0
vertex -8.523 -23.821 53.0
endloop
endfacet
facet normal -0.0 0.0 0.9999999999999999
outer loop
vertex -8.523 -23.821 53.0
vertex -8.36 -27.56 53.0
vertex -7.344 -24.211 53.0
endloop
endfacet
facet normal 0.3140527243637051 0.9494055436533614 0.0
outer loop
vertex -8.523 -23.821 53.0
vertex -7.344 -24.211 53.0
vertex -8.523 -23.821 1.0
endloop
endfacet
facet normal 0.3140527243637051 0.9494055436533614 0.0
outer loop
vertex -8.523 -23.821 1.0
vertex -7.344 -24.211 53.0
vertex -7.344 -24.211 1.0
endloop
endfacet
facet normal 0.3131565915633834 0.9466964652646965 -0.07549007759787665
outer loop
vertex -8.523 -23.821 1.0
vertex -7.344 -24.211 1.0
vertex -8.527 -23.831 0.858
endloop
endfacet
facet normal 0.3123907367697208 0.9476120035688196 -0.0666597200171049
outer loop
vertex -8.527 -23.831 0.858
vertex -7.344 -24.211 1.0
vertex -7.347 -24.22 0.858
endloop
endfacet
facet normal 0.30626086801448754 0.9290175430773664 -0.20767928490224083
outer loop
vertex -8.527 -23.831 0.858
vertex -7.347 -24.22 0.858
vertex -8.537 -23.859 0.718
endloop
endfacet
facet normal 0.3064504958596437 0.9279949631031852 -0.2119279170909208
outer loop
vertex -8.537 -23.859 0.718
vertex -7.347 -24.22 0.858
vertex -7.356 -24.249 0.718
endloop
endfacet
facet normal 0.2935458439781423 0.8889170300979206 -0.3516494718964503
outer loop
vertex -8.537 -23.859 0.718
vertex -7.356 -24.249 0.718
vertex -8.554 -23.906 0.585
endloop
endfacet
facet normal 0.2935457317848102 0.8888955151744595 -0.35170394716814346
outer loop
vertex -8.554 -23.906 0.585
vertex -7.356 -24.249 0.718
vertex -7.37 -24.297 0.585
endloop
endfacet
facet normal 0.27510062317496303 0.8330412732459201 -0.47996029439690446
outer loop
vertex -8.554 -23.906 0.585
vertex -7.37 -24.297 0.585
vertex -8.577 -23.971 0.459
endloop
endfacet
facet normal 0.27509840263988605 0.8330148059529215 -0.48000750194991726
outer loop
vertex -8.577 -23.971 0.459
vertex -7.37 -24.297 0.585
vertex -7.39 -24.363 0.459
endloop
endfacet
facet normal 0.25133547387399696 0.7610592027766194 -0.5980128505655626
outer loop
vertex -8.577 -23.971 0.459
vertex -7.39 -24.363 0.459
vertex -8.606 -24.051 0.345
endloop
endfacet
facet normal 0.2514719656034852 0.762094430111324 -0.5966355085886322
outer loop
vertex -8.606 -24.051 0.345
vertex -7.39 -24.363 0.459
vertex -7.415 -24.444 0.345
endloop
endfacet
facet normal 0.22171926515515827 0.6719278493633409 -0.706649511928659
outer loop
vertex -8.606 -24.051 0.345
vertex -7.415 -24.444 0.345
vertex -8.64 -24.146 0.244
endloop
endfacet
facet normal 0.22153252161920756 0.6707668249533485 -0.7078101499745811
outer loop
vertex -8.64 -24.146 0.244
vertex -7.415 -24.444 0.345
vertex -7.444 -24.541 0.244
endloop
endfacet
facet normal 0.1869629966480912 0.5660955544078923 -0.8028578088080023
outer loop
vertex -8.64 -24.146 0.244
vertex -7.444 -24.541 0.244
vertex -8.678 -24.254 0.159
endloop
endfacet
facet normal 0.187147068462855 0.5671123286753227 -0.802096990039367
outer loop
vertex -8.678 -24.254 0.159
vertex -7.444 -24.541 0.244
vertex -7.478 -24.65 0.159
endloop
endfacet
facet normal 0.15212551656008266 0.4609864138184359 -0.8742707552504233
outer loop
vertex -8.678 -24.254 0.159
vertex -7.478 -24.65 0.159
vertex -8.72 -24.371 0.09
endloop
endfacet
facet normal 0.15157557250281659 0.4581457153844523 -0.8758580645831332
outer loop
vertex -8.72 -24.371 0.09
vertex -7.478 -24.65 0.159
vertex -7.514 -24.77 0.09
endloop
endfacet
facet normal 0.10804446184460256 0.3265704786581214 -0.9389771651822614
outer loop
vertex -8.72 -24.371 0.09
vertex -7.514 -24.77 0.09
vertex -8.765 -24.497 0.041
endloop
endfacet
facet normal 0.10803802064891917 0.32653885542765637 -0.9389889040826095
outer loop
vertex -8.765 -24.497 0.041
vertex -7.514 -24.77 0.09
vertex -7.553 -24.898 0.041
endloop
endfacet
facet normal 0.06787050638882365 0.20513479736472406 -0.9763776468522097
outer loop
vertex -8.765 -24.497 0.041
vertex -7.553 -24.898 0.041
vertex -8.812 -24.629 0.01
endloop
endfacet
facet normal 0.06824929102650686 0.2069549397047571 -0.9759670523158964
outer loop
vertex -8.812 -24.629 0.01
vertex -7.553 -24.898 0.041
vertex -7.593 -25.031 0.01
endloop
endfacet
facet normal 0.02195611733551614 0.06657837570147843 -0.9975395976102911
outer loop
vertex -8.812 -24.629 0.01
vertex -7.593 -25.031 0.01
vertex -8.86 -24.763 0.0
endloop
endfacet
facet normal 0.02188975335977602 0.06626379659033466 -0.9975620020626702
outer loop
vertex -8.86 -24.763 0.0
vertex -7.593 -25.031 0.01
vertex -7.634 -25.168 0.0
endloop
endfacet
facet normal 0.0 -0.0 -1.0
outer loop
vertex -7.634 -25.168 0.0
vertex -6.39 -25.512 0.0
vertex -10.16 -33.493 0.0
endloop
endfacet
facet normal 0.0 -0.0 -1.0
outer loop
vertex -10.16 -33.493 0.0
vertex -6.39 -25.512 0.0
vertex -8.504 -33.951 0.0
endloop
endfacet
facet normal -0.2665630479668493 -0.9638174834783934 0.0
outer loop
vertex -10.16 -33.493 0.0
vertex -8.504 -33.951 0.0
vertex -10.16 -33.493 3.0
endloop
endfacet
facet normal -0.2665630479668493 -0.9638174834783934 0.0
outer loop
vertex -10.16 -33.493 3.0
vertex -8.504 -33.951 0.0
vertex -8.504 -33.951 3.0
endloop
endfacet
facet normal -0.0 -0.0 1.0
outer loop
vertex -10.16 -33.493 3.0
vertex -8.504 -33.951 3.0
vertex -8.65 -28.517 3.0
endloop
endfacet
facet normal -0.0 0.0 0.9999999999999999
outer loop
vertex -8.65 -28.517 3.0
vertex -8.504 -33.951 3.0
vertex -7.241 -28.907 3.0
endloop
endfacet
facet normal -0.2667617972955243 -0.963762493306137 0.0
outer loop
vertex -8.65 -28.517 3.0
vertex -7.241 -28.907 3.0
vertex -8.65 -28.517 52.0
endloop
endfacet
facet normal -0.2667617972955243 -0.963762493306137 0.0
outer loop
vertex -8.65 -28.517 52.0
vertex -7.241 -28.907 3.0
vertex -7.241 -28.907 52.0
endloop
endfacet
facet normal -0.18865910539192632 -0.6815914858903177 0.7069941925606934
outer loop
vertex -8.65 -28.517 52.0
vertex -7.241 -28.907 52.0
vertex -8.36 -27.56 53.0
endloop
endfacet
facet normal -0.18866424740635804 -0.681593381876546 0.7069909925399936
outer loop
vertex -8.36 -27.56 53.0
vertex -7.241 -28.907 52.0
vertex -6.998 -27.937 53.0
endloop
endfacet
facet normal -0.0 -0.0 1.0
outer loop
vertex -8.36 -27.56 53.0
vertex -6.998 -27.937 53.0
vertex -7.344 -24.211 53.0
endloop
endfacet
facet normal -0.0 0.0 1.0
outer loop
vertex -7.344 -24.211 53.0
vertex -6.998 -27.937 53.0
vertex -6.147 -24.542 53.0
endloop
endfacet
facet normal 0.2665223961438998 0.9638287256321604 0.0
outer loop
vertex -7.344 -24.211 53.0
vertex -6.147 -24.542 53.0
vertex -7.344 -24.211 1.0
endloop
endfacet
facet normal 0.2665223961438998 0.9638287256321604 0.0
outer loop
vertex -7.344 -24.211 1.0
vertex -6.147 -24.542 53.0
vertex -6.147 -24.542 1.0
endloop
endfacet
facet normal 0.2659311760401673 0.9616906879760645 -0.0665704909852495
outer loop
vertex -7.344 -24.211 1.0
vertex -6.147 -24.542 1.0
vertex -7.347 -24.22 0.858
endloop
endfacet
facet normal 0.26655100272119503 0.9610287658351501 -0.07330944131347325
outer loop
vertex -7.347 -24.22 0.858
vertex -6.147 -24.542 1.0
vertex -6.15 -24.552 0.858
endloop
endfacet
facet normal 0.2612026995317498 0.941745877528626 -0.21186753388654075
outer loop
vertex -7.347 -24.22 0.858
vertex -6.15 -24.552 0.858
vertex -7.356 -24.249 0.718
endloop
endfacet
facet normal 0.2610024926069302 0.9425963513123752 -0.20830222597362302
outer loop
vertex -7.356 -24.249 0.718
vertex -6.15 -24.552 0.858
vertex -6.157 -24.581 0.718
endloop
endfacet
facet normal 0.24979078499554663 0.9021058771375294 -0.3518658127258703
outer loop
vertex -7.356 -24.249 0.718
vertex -6.157 -24.581 0.718
vertex -7.37 -24.297 0.585
endloop
endfacet
facet normal 0.24973256849468525 0.9034000444642062 -0.34857137561067403
outer loop
vertex -7.37 -24.297 0.585
vertex -6.157 -24.581 0.718
vertex -6.169 -24.629 0.585
endloop
endfacet
facet normal 0.23374094805854473 0.8455508392117822 -0.48000932023132986
outer loop
vertex -7.37 -24.297 0.585
vertex -6.169 -24.629 0.585
vertex -7.39 -24.363 0.459
endloop
endfacet
facet normal 0.23372383053898493 0.8450555314382467 -0.4808890930597263
outer loop
vertex -7.39 -24.363 0.459
vertex -6.169 -24.629 0.585
vertex -6.186 -24.696 0.459
endloop
endfacet
facet normal 0.21394484709886824 0.7735423300511585 -0.5965399115053965
outer loop
vertex -7.39 -24.363 0.459
vertex -6.186 -24.696 0.459
vertex -7.415 -24.444 0.345
endloop
endfacet
facet normal 0.21370190953672635 0.7706027066279547 -0.6004189890385108
outer loop
vertex -7.415 -24.444 0.345
vertex -6.186 -24.696 0.459
vertex -6.207 -24.779 0.345
endloop
endfacet
facet normal 0.18875424438927374 0.680642170812663 -0.7078828084764172
outer loop
vertex -7.415 -24.444 0.345
vertex -6.207 -24.779 0.345
vertex -7.444 -24.541 0.244
endloop
endfacet
facet normal 0.18889999452397702 0.6819514683261464 -0.7065826115300703
outer loop
vertex -7.444 -24.541 0.244
vertex -6.207 -24.779 0.345
vertex -6.231 -24.877 0.244
endloop
endfacet
facet normal 0.15945841527336171 0.5756638622815139 -0.8019876130350384
outer loop
vertex -7.444 -24.541 0.244
vertex -6.231 -24.877 0.244
vertex -7.478 -24.65 0.159
endloop
endfacet
facet normal 0.15974073427994784 0.5778158904666364 -0.8003822177784506
outer loop
vertex -7.478 -24.65 0.159
vertex -6.231 -24.877 0.244
vertex -6.259 -24.987 0.159
endloop
endfacet
facet normal 0.12857026863021948 0.4650657491401708 -0.8758901386595495
outer loop
vertex -7.478 -24.65 0.159
vertex -6.259 -24.987 0.159
vertex -7.514 -24.77 0.09
endloop
endfacet
facet normal 0.12843252262895927 0.46409982365921576 -0.8764225241347045
outer loop
vertex -7.514 -24.77 0.09
vertex -6.259 -24.987 0.159
vertex -6.289 -25.109 0.09
endloop
endfacet
facet normal 0.09173839152757972 0.3315030372309277 -0.9389833884721297
outer loop
vertex -7.514 -24.77 0.09
vertex -6.289 -25.109 0.09
vertex -7.553 -24.898 0.041
endloop
endfacet
facet normal 0.09162608268513878 0.330767471511453 -0.939253714797922
outer loop
vertex -7.553 -24.898 0.041
vertex -6.289 -25.109 0.09
vertex -6.322 -25.239 0.041
endloop
endfacet
facet normal 0.058168844953548696 0.2099878244510798 -0.9759720790366251
outer loop
vertex -7.553 -24.898 0.041
vertex -6.322 -25.239 0.041
vertex -7.593 -25.031 0.01
endloop
endfacet
facet normal 0.05809265770010312 0.20950617368812707 -0.9760801228935558
outer loop
vertex -7.593 -25.031 0.01
vertex -6.322 -25.239 0.041
vertex -6.356 -25.374 0.01
endloop
endfacet
facet normal 0.018643293226777918 0.06723543359044983 -0.9975629424189557
outer loop
vertex -7.593 -25.031 0.01
vertex -6.356 -25.374 0.01
vertex -7.634 -25.168 0.0
endloop
endfacet
facet normal 0.018713788113418017 0.06767428027061613 -0.9975319473201348
outer loop
vertex -7.634 -25.168 0.0
vertex -6.356 -25.374 0.01
vertex -6.39 -25.512 0.0
endloop
endfacet
facet normal 0.0 -0.0 -1.0
outer loop
vertex -6.39 -25.512 0.0
vertex -5.131 -25.795 0.0
vertex -8.504 -33.951 0.0
endloop
endfacet
facet normal 0.0 -0.0 -1.0
outer loop
vertex -8.504 -33.951 0.0
vertex -5.131 -25.795 0.0
vertex -6.828 -34.327 0.0
endloop
endfacet
facet normal -0.21890260409966997 -0.9757467140187474 0.0
outer loop
vertex -8.504 -33.951 0.0
vertex -6.828 -34.327 0.0
vertex -8.504 -33.951 3.0
endloop
endfacet
facet normal -0.21890260409966997 -0.9757467140187474 0.0
outer loop
vertex -8.504 -33.951 3.0
vertex -6.828 -34.327 0.0
vertex -6.828 -34.327 3.0
endloop
endfacet
facet normal -0.0 -0.0 1.0
outer loop
vertex -8.504 -33.951 3.0
vertex -6.828 -34.327 3.0
vertex -7.241 -28.907 3.0
endloop
endfacet
facet normal -0.0 0.0 1.0
outer loop
vertex -7.241 -28.907 3.0
vertex -6.828 -34.327 3.0
vertex -5.814 -29.227 3.0
endloop
endfacet
facet normal -0.2188124854272106 -0.975766927201966 0.0
outer loop
vertex -7.241 -28.907 3.0
vertex -5.814 -29.227 3.0
vertex -7.241 -28.907 52.0
endloop
endfacet
facet normal -0.2188124854272106 -0.975766927201966 0.0
outer loop
vertex -7.241 -28.907 52.0
vertex -5.814 -29.227 3.0
vertex -5.814 -29.227 52.0
endloop
endfacet
facet normal -0.15474968331919417 -0.6900868690515307 0.7069884360265482
outer loop
vertex -7.241 -28.907 52.0
vertex -5.814 -29.227 52.0
vertex -6.998 -27.937 53.0
endloop
endfacet
facet normal -0.15517237787788338 -0.6902668035277488 0.7067200811433815
outer loop
vertex -6.998 -27.937 53.0
vertex -5.814 -29.227 52.0
vertex -5.619 -28.247 53.0
endloop
endfacet
facet normal -0.0 -0.0 1.0
outer loop
vertex -6.998 -27.937 53.0
vertex -5.619 -28.247 53.0
vertex -6.147 -24.542 53.0
endloop
endfacet
facet normal -0.0 0.0 1.0
outer loop
vertex -6.147 -24.542 53.0
vertex -5.619 -28.247 53.0
vertex -4.936 -24.814 53.0
endloop
endfacet
facet normal 0.21914791743989084 0.9756916471312844 0.0
outer loop
vertex -6.147 -24.542 53.0
vertex -4.936 -24.814 53.0
vertex -6.147 -24.542 1.0
endloop
endfacet
facet normal 0.21914791743989084 0.9756916471312844 0.0
outer loop
vertex -6.147 -24.542 1.0
vertex -4.936 -24.814 53.0
vertex -4.936 -24.814 1.0
endloop
endfacet
facet normal 0.21856090384550195 0.9730781417533251 -0.07314411358498474
outer loop
vertex -6.147 -24.542 1.0
vertex -4.936 -24.814 1.0
vertex -6.15 -24.552 0.858
endloop
endfacet
facet normal 0.21841355052950967 0.9732250854476613 -0.0716132250389937
outer loop
vertex -6.15 -24.552 0.858
vertex -4.936 -24.814 1.0
vertex -4.938 -24.824 0.858
endloop
endfacet
facet normal 0.2141684877673436 0.954309585198598 -0.20838683846521833
outer loop
vertex -6.15 -24.552 0.858
vertex -4.938 -24.824 0.858
vertex -6.157 -24.581 0.718
endloop
endfacet
facet normal 0.21451023885156098 0.953116922076717 -0.2134326363957759
outer loop
vertex -6.157 -24.581 0.718
vertex -4.938 -24.824 0.858
vertex -4.944 -24.854 0.718
endloop
endfacet
facet normal 0.20579802016179768 0.9144065877518714 -0.34857964251152623
outer loop
vertex -6.157 -24.581 0.718
vertex -4.944 -24.854 0.718
vertex -6.169 -24.629 0.585
endloop
endfacet
facet normal 0.20564503606637047 0.9159866807937972 -0.3444974887421153
outer loop
vertex -6.169 -24.629 0.585
vertex -4.944 -24.854 0.718
vertex -4.953 -24.902 0.585
endloop
endfacet
facet normal 0.19206927194165124 0.8555173431540223 -0.4808320604311728
outer loop
vertex -6.169 -24.629 0.585
vertex -4.953 -24.902 0.585
vertex -6.186 -24.696 0.459
endloop
endfacet
facet normal 0.19208249371630304 0.8545567877378676 -0.48253187681112136
outer loop
vertex -6.186 -24.696 0.459
vertex -4.953 -24.902 0.585
vertex -4.967 -24.97 0.459
endloop
endfacet
facet normal 0.17537945792231022 0.7802465664499937 -0.6003809967694448
outer loop
vertex -6.186 -24.696 0.459
vertex -4.967 -24.97 0.459
vertex -6.207 -24.779 0.345
endloop
endfacet
facet normal 0.17550282347205878 0.7839980143423332 -0.5954375470698957
outer loop
vertex -6.207 -24.779 0.345
vertex -4.967 -24.97 0.459
vertex -4.983 -25.053 0.345
endloop
endfacet
facet normal 0.1545621652197031 0.6904528840471386 -0.7066720257613047
outer loop
vertex -6.207 -24.779 0.345
vertex -4.983 -25.053 0.345
vertex -6.231 -24.877 0.244
endloop
endfacet
facet normal 0.15454019454585105 0.6900922141901948 -0.7070290405519458
outer loop
vertex -6.231 -24.877 0.244
vertex -4.983 -25.053 0.345
vertex -5.003 -25.152 0.244
endloop
endfacet
facet normal 0.13102343115119713 0.5850791761951594 -0.8003219465141269
outer loop
vertex -6.231 -24.877 0.244
vertex -5.003 -25.152 0.244
vertex -6.259 -24.987 0.159
endloop
endfacet
facet normal 0.13084726708676783 0.5829080418233605 -0.801933418354404
outer loop
vertex -6.259 -24.987 0.159
vertex -5.003 -25.152 0.244
vertex -5.025 -25.264 0.159
endloop
endfacet
facet normal 0.10545191762592708 0.4697749687739839 -0.8764652712928317
outer loop
vertex -6.259 -24.987 0.159
vertex -5.025 -25.264 0.159
vertex -6.289 -25.109 0.09
endloop
endfacet
facet normal 0.10548460737959736 0.4701274408033155 -0.8762723246854812
outer loop
vertex -6.289 -25.109 0.09
vertex -5.025 -25.264 0.159
vertex -5.05 -25.387 0.09
endloop
endfacet
facet normal 0.07515261203944537 0.33494275653551525 -0.9392366234064976
outer loop
vertex -6.289 -25.109 0.09
vertex -5.05 -25.387 0.09
vertex -6.322 -25.239 0.041
endloop
endfacet
facet normal 0.07528157027404146 0.3362037152740348 -0.9387756638372184
outer loop
vertex -6.322 -25.239 0.041
vertex -5.05 -25.387 0.09
vertex -5.076 -25.518 0.041
endloop
endfacet
facet normal 0.04750861147688096 0.2121710749110886 -0.9760770291358218
outer loop
vertex -6.322 -25.239 0.041
vertex -5.076 -25.518 0.041
vertex -6.356 -25.374 0.01
endloop
endfacet
facet normal 0.047441631468278206 0.21154578017705375 -0.9762159978677412
outer loop
vertex -6.356 -25.374 0.01
vertex -5.076 -25.518 0.041
vertex -5.103 -25.655 0.01
endloop
endfacet
facet normal 0.015361966157186319 0.0685001551421861 -0.9975328258966129
outer loop
vertex -6.356 -25.374 0.01
vertex -5.103 -25.655 0.01
vertex -6.39 -25.512 0.0
endloop
endfacet
facet normal 0.015327497733175183 0.06818840864334794 -0.9975547146597662
outer loop
vertex -6.39 -25.512 0.0
vertex -5.103 -25.655 0.01
vertex -5.131 -25.795 0.0
endloop
endfacet
facet normal 0.0 -0.0 -1.0
outer loop
vertex -5.131 -25.795 0.0
vertex -3.859 -26.015 0.0
vertex -6.828 -34.327 0.0
endloop
endfacet
facet normal 0.0 -0.0 -1.0
outer loop
vertex -6.828 -34.327 0.0
vertex -3.859 -26.015 0.0
vertex -5.136 -34.621 0.0
endloop
endfacet
facet normal -0.17119373018901024 -0.985237385985719 0.0
outer loop
vertex -6.828 -34.327 0.0
vertex -5.136 -34.621 0.0
vertex -6.828 -34.327 3.0
endloop
endfacet
facet normal -0.17119373018901024 -0.985237385985719 0.0
outer loop
vertex -6.828 -34.327 3.0
vertex -5.136 -34.621 0.0
vertex -5.136 -34.621 3.0
endloop
endfacet
facet normal -0.0 -0.0 1.0
outer loop
vertex -6.828 -34.327 3.0
vertex -5.136 -34.621 3.0
vertex -5.814 -29.227 3.0
endloop
endfacet
facet normal -0.0 0.0 1.0
outer loop
vertex -5.814 -29.227 3.0
vertex -5.136 -34.621 3.0
vertex -4.373 -29.477 3.0
endloop
endfacet
facet normal -0.17093718402971814 -0.9852819287472953 0.0
outer loop
vertex -5.814 -29.227 3.0
vertex -4.373 -29.477 3.0
vertex -5.814 -29.227 52.0
endloop
endfacet
facet normal -0.17093718402971814 -0.9852819287472953 0.0
outer loop
vertex -5.814 -29.227 52.0
vertex -4.373 -29.477 3.0
vertex -4.373 -29.477 52.0
endloop
endfacet
facet normal -0.12093679251988604 -0.6970796720846231 0.7067207531843087
outer loop
vertex -5.814 -29.227 52.0
vertex -4.373 -29.477 52.0
vertex -5.619 -28.247 53.0
endloop
endfacet
facet normal -0.12056945422288087 -0.6969014511720882 0.7069592449799593
outer loop
vertex -5.619 -28.247 53.0
vertex -4.373 -29.477 52.0
vertex -4.226 -28.488 53.0
endloop
endfacet
facet normal -0.0 -0.0 1.0
outer loop
vertex -5.619 -28.247 53.0
vertex -4.226 -28.488 53.0
vertex -4.936 -24.814 53.0
endloop
endfacet
facet normal -0.0 0.0 1.0
outer loop
vertex -4.936 -24.814 53.0
vertex -4.226 -28.488 53.0
vertex -3.712 -25.026 53.0
endloop
endfacet
facet normal 0.1706616777832013 0.985329686823767 0.0
outer loop
vertex -4.936 -24.814 53.0
vertex -3.712 -25.026 53.0
vertex -4.936 -24.814 1.0
endloop
endfacet
facet normal 0.1706616777832013 0.985329686823767 0.0
outer loop
vertex -4.936 -24.814 1.0
vertex -3.712 -25.026 53.0
vertex -3.712 -25.026 1.0
endloop
endfacet
facet normal 0.17022355429505628 0.9828001436657976 -0.07160879257218021
outer loop
vertex -4.936 -24.814 1.0
vertex -3.712 -25.026 1.0
vertex -4.938 -24.824 0.858
endloop
endfacet
facet normal 0.1702235542950563 0.9828001436657976 -0.0716087925721802
outer loop
vertex -4.938 -24.824 0.858
vertex -3.712 -25.026 1.0
vertex -3.714 -25.036 0.858
endloop
endfacet
facet normal 0.16672961742693929 0.9626276025027071 -0.21342289842600384
outer loop
vertex -4.938 -24.824 0.858
vertex -3.714 -25.036 0.858
vertex -4.944 -24.854 0.718
endloop
endfacet
facet normal 0.16654966476540234 0.9631598537848278 -0.21114995909002937
outer loop
vertex -4.944 -24.854 0.718
vertex -3.714 -25.036 0.858
vertex -3.718 -25.066 0.718
endloop
endfacet
facet normal 0.15995116315019933 0.9250005944440784 -0.34465856392232574
outer loop
vertex -4.944 -24.854 0.718
vertex -3.718 -25.066 0.718
vertex -4.953 -24.902 0.585
endloop
endfacet
facet normal 0.1605738196512317 0.9206732556638437 -0.3557763409052835
outer loop
vertex -4.953 -24.902 0.585
vertex -3.718 -25.066 0.718
vertex -3.726 -25.116 0.585
endloop
endfacet
facet normal 0.1504999513480381 0.8629132724488036 -0.48242144321737507
outer loop
vertex -4.953 -24.902 0.585
vertex -3.726 -25.116 0.585
vertex -4.967 -24.97 0.459
endloop
endfacet
facet normal 0.1501780740119 0.8679305591955303 -0.47343752544618845
outer loop
vertex -4.967 -24.97 0.459
vertex -3.726 -25.116 0.585
vertex -3.736 -25.183 0.459
endloop
endfacet
facet normal 0.13696454401598335 0.7915650407684256 -0.595537992000321
outer loop
vertex -4.967 -24.97 0.459
vertex -3.736 -25.183 0.459
vertex -4.983 -25.053 0.345
endloop
endfacet
facet normal 0.13703510340610497 0.7871551288676265 -0.6013386596019488
outer loop
vertex -4.983 -25.053 0.345
vertex -3.736 -25.183 0.459
vertex -3.748 -25.268 0.345
endloop
endfacet
facet normal 0.12129759247549217 0.696755938173176 -0.7069781161252919
outer loop
vertex -4.983 -25.053 0.345
vertex -3.748 -25.268 0.345
vertex -5.003 -25.152 0.244
endloop
endfacet
facet normal 0.12129172775704346 0.696304363049702 -0.707423883379449
outer loop
vertex -5.003 -25.152 0.244
vertex -3.748 -25.268 0.345
vertex -3.763 -25.368 0.244
endloop
endfacet
facet normal 0.10251321633259021 0.5885017974648765 -0.8019704950044966
outer loop
vertex -5.003 -25.152 0.244
vertex -3.763 -25.368 0.244
vertex -5.025 -25.264 0.159
endloop
endfacet
facet normal 0.10249911511813209 0.5880709600095537 -0.8022882757422308
outer loop
vertex -5.025 -25.264 0.159
vertex -3.763 -25.368 0.244
vertex -3.78 -25.481 0.159
endloop
endfacet
facet normal 0.08274379636647886 0.47472823260951674 -0.8762343118859858
outer loop
vertex -5.025 -25.264 0.159
vertex -3.78 -25.481 0.159
vertex -5.05 -25.387 0.09
endloop
endfacet
facet normal 0.08290219984396538 0.478311309698826 -0.8742685607267511
outer loop
vertex -5.05 -25.387 0.09
vertex -3.78 -25.481 0.159
vertex -3.798 -25.604 0.09
endloop
endfacet
facet normal 0.058837415986971967 0.3394674876299047 -0.9387757896975276
outer loop
vertex -5.05 -25.387 0.09
vertex -3.798 -25.604 0.09
vertex -5.076 -25.518 0.041
endloop
endfacet
facet normal 0.05872294033335351 0.33732173031671 -0.9395561007916166
outer loop
vertex -5.076 -25.518 0.041
vertex -3.798 -25.604 0.09
vertex -3.818 -25.737 0.041
endloop
endfacet
facet normal 0.037179379162086294 0.21356921911372165 -0.976220201805042
outer loop
vertex -5.076 -25.518 0.041
vertex -3.818 -25.737 0.041
vertex -5.103 -25.655 0.01
endloop
endfacet
facet normal 0.03719807523539353 0.21388893260351383 -0.9761494904513917
outer loop
vertex -5.103 -25.655 0.01
vertex -3.818 -25.737 0.041
vertex -3.838 -25.875 0.01
endloop
endfacet
facet normal 0.011975444617021358 0.06885880654787313 -0.9975545365978881
outer loop
vertex -5.103 -25.655 0.01
vertex -3.838 -25.875 0.01
vertex -5.131 -25.795 0.0
endloop
endfacet
facet normal 0.012011652873716328 0.06944919297894206 -0.997513172739997
outer loop
vertex -5.131 -25.795 0.0
vertex -3.838 -25.875 0.01
vertex -3.859 -26.015 0.0
endloop
endfacet
facet normal 0.0 -0.0 -1.0
outer loop
vertex -3.859 -26.015 0.0
vertex -2.578 -26.173 0.0
vertex -5.136 -34.621 0.0
endloop
endfacet
facet normal 0.0 -0.0 -0.9999999999999999
outer loop
vertex -5.136 -34.621 0.0
vertex -2.578 -26.173 0.0
vertex -3.431 -34.831 0.0
endloop
endfacet
facet normal -0.12224342014043581 -0.992500149235439 0.0
outer loop
vertex -5.136 -34.621 0.0
vertex -3.431 -34.831 0.0
vertex -5.136 -34.621 3.0
endloop
endfacet
facet normal -0.12224342014043581 -0.992500149235439 0.0
outer loop
vertex -5.136 -34.621 3.0
vertex -3.431 -34.831 0.0
vertex -3.431 -34.831 3.0
endloop
endfacet
facet normal -0.0 -0.0 1.0
outer loop
vertex -5.136 -34.621 3.0
vertex -3.431 -34.831 3.0
vertex -4.373 -29.477 3.0
endloop
endfacet
facet normal -0.0 0.0 0.9999999999999999
outer loop
vertex -4.373 -29.477 3.0
vertex -3.431 -34.831 3.0
vertex -2.921 -29.657 3.0
endloop
endfacet
facet normal -0.12302523260231826 -0.9924035429920359 0.0
outer loop
vertex -4.373 -29.477 3.0
vertex -2.921 -29.657 3.0
vertex -4.373 -29.477 52.0
endloop
endfacet
facet normal -0.12302523260231826 -0.9924035429920359 0.0
outer loop
vertex -4.373 -29.477 52.0
vertex -2.921 -29.657 3.0
vertex -2.921 -29.657 52.0
endloop
endfacet
facet normal -0.08701060263086217 -0.7018855278889562 0.706955345668915
outer loop
vertex -4.373 -29.477 52.0
vertex -2.921 -29.657 52.0
vertex -4.226 -28.488 53.0
endloop
endfacet
facet normal -0.08651404569015213 -0.7016139081114575 0.7072858289566456
outer loop
vertex -4.226 -28.488 53.0
vertex -2.921 -29.657 52.0
vertex -2.823 -28.661 53.0
endloop
endfacet
facet normal -0.0 -0.0 1.0
outer loop
vertex -4.226 -28.488 53.0
vertex -2.823 -28.661 53.0
vertex -3.712 -25.026 53.0
endloop
endfacet
facet normal -0.0 0.0 1.0
outer loop
vertex -3.712 -25.026 53.0
vertex -2.823 -28.661 53.0
vertex -2.48 -25.178 53.0
endloop
endfacet
facet normal 0.12244820260374321 0.9924749053145437 0.0
outer loop
vertex -3.712 -25.026 53.0
vertex -2.48 -25.178 53.0
vertex -3.712 -25.026 1.0
endloop
endfacet
facet normal 0.12244820260374321 0.9924749053145437 0.0
outer loop
vertex -3.712 -25.026 1.0
vertex -2.48 -25.178 53.0
vertex -2.48 -25.178 1.0
endloop
endfacet
facet normal 0.12213538539336638 0.989939439504121 -0.07143426173119333
outer loop
vertex -3.712 -25.026 1.0
vertex -2.48 -25.178 1.0
vertex -3.714 -25.036 0.858
endloop
endfacet
facet normal 0.12204526565715931 0.9900119247057894 -0.07057862332896528
outer loop
vertex -3.714 -25.036 0.858
vertex -2.48 -25.178 1.0
vertex -2.481 -25.188 0.858
endloop
endfacet
facet normal 0.11958809956345443 0.9700797813272485 -0.2112910417004924
outer loop
vertex -3.714 -25.036 0.858
vertex -2.481 -25.188 0.858
vertex -3.718 -25.066 0.718
endloop
endfacet
facet normal 0.11951415449895443 0.9702662279717684 -0.21047520930465022
outer loop
vertex -3.718 -25.066 0.718
vertex -2.481 -25.188 0.858
vertex -2.484 -25.218 0.718
endloop
endfacet
facet normal 0.11426185568421585 0.927625854699483 -0.35560441789810915
outer loop
vertex -3.718 -25.066 0.718
vertex -2.484 -25.218 0.718
vertex -3.726 -25.116 0.585
endloop
endfacet
facet normal 0.11409301305842483 0.9285069549557273 -0.3533519760381891
outer loop
vertex -3.726 -25.116 0.585
vertex -2.484 -25.218 0.718
vertex -2.489 -25.268 0.585
endloop
endfacet
facet normal 0.10742788061009179 0.8742650547018597 -0.47341299580258506
outer loop
vertex -3.726 -25.116 0.585
vertex -2.489 -25.268 0.585
vertex -3.736 -25.183 0.459
endloop
endfacet
facet normal 0.10760084389239302 0.8727624004605288 -0.47613847852911495
outer loop
vertex -3.736 -25.183 0.459
vertex -2.489 -25.268 0.585
vertex -2.495 -25.336 0.459
endloop
endfacet
facet normal 0.09775316018924103 0.7928867437571842 -0.6014772907160719
outer loop
vertex -3.736 -25.183 0.459
vertex -2.495 -25.336 0.459
vertex -3.748 -25.268 0.345
endloop
endfacet
facet normal 0.0976716809905131 0.7941409879228716 -0.5998335886171873
outer loop
vertex -3.748 -25.268 0.345
vertex -2.495 -25.336 0.459
vertex -2.504 -25.421 0.345
endloop
endfacet
facet normal 0.08628137614240873 0.7015296203997217 -0.7073978483376908
outer loop
vertex -3.748 -25.268 0.345
vertex -2.504 -25.421 0.345
vertex -3.763 -25.368 0.244
endloop
endfacet
facet normal 0.08633124124847937 0.7001800020737065 -0.7087276497220645
outer loop
vertex -3.763 -25.368 0.244
vertex -2.504 -25.421 0.345
vertex -2.514 -25.522 0.244
endloop
endfacet
facet normal 0.07305231744869292 0.592482756450763 -0.8022640103007744
outer loop
vertex -3.763 -25.368 0.244
vertex -2.514 -25.522 0.244
vertex -3.78 -25.481 0.159
endloop
endfacet
facet normal 0.07300926128978093 0.5949780709004877 -0.8004191045405242
outer loop
vertex -3.78 -25.481 0.159
vertex -2.514 -25.522 0.244
vertex -2.525 -25.635 0.159
endloop
endfacet
facet normal 0.05912131193846358 0.4818003018361807 -0.8742843585614696
outer loop
vertex -3.78 -25.481 0.159
vertex -2.525 -25.635 0.159
vertex -3.798 -25.604 0.09
endloop
endfacet
facet normal 0.05914131918681484 0.4780589967600794 -0.876334353989155
outer loop
vertex -3.798 -25.604 0.09
vertex -2.525 -25.635 0.159
vertex -2.537 -25.76 0.09
endloop
endfacet
facet normal 0.042040490549275875 0.3398272986066415 -0.9395477658299703
outer loop
vertex -3.798 -25.604 0.09
vertex -2.537 -25.76 0.09
vertex -3.818 -25.737 0.041
endloop
endfacet
facet normal 0.04204842613692676 0.34177823295911763 -0.9388394800682119
outer loop
vertex -3.818 -25.737 0.041
vertex -2.537 -25.76 0.09
vertex -2.55 -25.893 0.041
endloop
endfacet
facet normal 0.026505279692530952 0.21544035032133813 -0.9761572238127626
outer loop
vertex -3.818 -25.737 0.041
vertex -2.55 -25.893 0.041
vertex -3.838 -25.875 0.01
endloop
endfacet
facet normal 0.026501931994911184 0.2150538940224003 -0.9762425263562019
outer loop
vertex -3.838 -25.875 0.01
vertex -2.55 -25.893 0.041
vertex -2.564 -26.032 0.01
endloop
endfacet
facet normal 0.008621164846648538 0.06995773257726265 -0.9975127022596428
outer loop
vertex -3.838 -25.875 0.01
vertex -2.564 -26.032 0.01
vertex -3.859 -26.015 0.0
endloop
endfacet
facet normal 0.008620312431393162 0.06989000142161268 -0.9975174574486766
outer loop
vertex -3.859 -26.015 0.0
vertex -2.564 -26.032 0.01
vertex -2.578 -26.173 0.0
endloop
endfacet
facet normal 0.0 -0.0 -1.0
outer loop
vertex -2.578 -26.173 0.0
vertex -1.29 -26.268 0.0
vertex -3.431 -34.831 0.0
endloop
endfacet
facet normal 0.0 -0.0 -0.9999999999999999
outer loop
vertex -3.431 -34.831 0.0
vertex -1.29 -26.268 0.0
vertex -1.717 -34.958 0.0
endloop
endfacet
facet normal -0.07389311736780745 -0.9972661666805244 0.0
outer loop
vertex -3.431 -34.831 0.0
vertex -1.717 -34.958 0.0
vertex -3.431 -34.831 3.0
endloop
endfacet
facet normal -0.07389311736780745 -0.9972661666805244 0.0
outer loop
vertex -3.431 -34.831 3.0
vertex -1.717 -34.958 0.0
vertex -1.717 -34.958 3.0
endloop
endfacet
facet normal -0.0 -0.0 1.0
outer loop
vertex -3.431 -34.831 3.0
vertex -1.717 -34.958 3.0
vertex -2.921 -29.657 3.0
endloop
endfacet
facet normal -0.0 0.0 1.0
outer loop
vertex -2.921 -29.657 3.0
vertex -1.717 -34.958 3.0
vertex -1.462 -29.764 3.0
endloop
endfacet
facet normal -0.07314147263859078 -0.9973215755112581 0.0
outer loop
vertex -2.921 -29.657 3.0
vertex -1.462 -29.764 3.0
vertex -2.921 -29.657 52.0
endloop
endfacet
facet normal -0.07314147263859078 -0.9973215755112581 0.0
outer loop
vertex -2.921 -29.657 52.0
vertex -1.462 -29.764 3.0
vertex -1.462 -29.764 52.0
endloop
endfacet
facet normal -0.05170589922836692 -0.7050365137774561 0.7072835458467254
outer loop
vertex -2.921 -29.657 52.0
vertex -1.462 -29.764 52.0
vertex -2.823 -28.661 53.0
endloop
endfacet
facet normal -0.05201675139815046 -0.7052271103018529 0.7070707040100594
outer loop
vertex -2.823 -28.661 53.0
vertex -1.462 -29.764 52.0
vertex -1.413 -28.765 53.0
endloop
endfacet
facet normal -0.0 -0.0 0.9999999999999999
outer loop
vertex -2.823 -28.661 53.0
vertex -1.413 -28.765 53.0
vertex -2.48 -25.178 53.0
endloop
endfacet
facet normal -0.0 0.0 1.0
outer loop
vertex -2.48 -25.178 53.0
vertex -1.413 -28.765 53.0
vertex -1.241 -25.27 53.0
endloop
endfacet
facet normal 0.07404957197667662 0.9972545617293866 0.0
outer loop
vertex -2.48 -25.178 53.0
vertex -1.241 -25.27 53.0
vertex -2.48 -25.178 1.0
endloop
endfacet
facet normal 0.07404957197667662 0.9972545617293866 0.0
outer loop
vertex -2.48 -25.178 1.0
vertex -1.241 -25.27 53.0
vertex -1.241 -25.27 1.0
endloop
endfacet
facet normal 0.0738649314812515 0.994767935926868 -0.07057425556864749
outer loop
vertex -2.48 -25.178 1.0
vertex -1.241 -25.27 1.0
vertex -2.481 -25.188 0.858
endloop
endfacet
facet normal 0.07386493148125421 0.9947679359268662 -0.07057425556867225
outer loop
vertex -2.481 -25.188 0.858
vertex -1.241 -25.27 1.0
vertex -1.242 -25.28 0.858
endloop
endfacet
facet normal 0.07239100864903106 0.9749180403929045 -0.21046224455525245
outer loop
vertex -2.481 -25.188 0.858
vertex -1.242 -25.28 0.858
vertex -2.484 -25.218 0.718
endloop
endfacet
facet normal 0.07229066302568653 0.975138182770415 -0.2094745439009699
outer loop
vertex -2.484 -25.218 0.718
vertex -1.242 -25.28 0.858
vertex -1.243 -25.31 0.718
endloop
endfacet
facet normal 0.06916227866499638 0.9329389980789312 -0.35332903231031726
outer loop
vertex -2.484 -25.218 0.718
vertex -1.243 -25.31 0.718
vertex -2.489 -25.268 0.585
endloop
endfacet
facet normal 0.06907693966027537 0.9332895217143853 -0.3524188489075244
outer loop
vertex -2.489 -25.268 0.585
vertex -1.243 -25.31 0.718
vertex -1.246 -25.36 0.585
endloop
endfacet
facet normal 0.06490121586493051 0.8768718621751058 -0.4763229676436105
outer loop
vertex -2.489 -25.268 0.585
vertex -1.246 -25.36 0.585
vertex -2.495 -25.336 0.459
endloop
endfacet
facet normal 0.0647933553013721 0.877527398972909 -0.4751289142544696
outer loop
vertex -2.495 -25.336 0.459
vertex -1.246 -25.36 0.585
vertex -1.249 -25.428 0.459
endloop
endfacet
facet normal 0.05892553603367394 0.7980567162821294 -0.5996943044586377
outer loop
vertex -2.495 -25.336 0.459
vertex -1.249 -25.428 0.459
vertex -2.504 -25.421 0.345
endloop
endfacet
facet normal 0.05878210762264734 0.7993088764774998 -0.5980384467638483
outer loop
vertex -2.504 -25.421 0.345
vertex -1.249 -25.428 0.459
vertex -1.253 -25.513 0.345
endloop
endfacet
facet normal 0.051743078123223485 0.7035933775233801 -0.7087164545652771
outer loop
vertex -2.504 -25.421 0.345
vertex -1.253 -25.513 0.345
vertex -2.514 -25.522 0.244
endloop
endfacet
facet normal 0.051631665102181784 0.7048844713949858 -0.70744049441984
outer loop
vertex -2.514 -25.522 0.244
vertex -1.253 -25.513 0.345
vertex -1.258 -25.614 0.244
endloop
endfacet
facet normal 0.04378998239466575 0.5978284553010739 -0.8004271206513475
outer loop
vertex -2.514 -25.522 0.244
vertex -1.258 -25.614 0.244
vertex -2.525 -25.635 0.159
endloop
endfacet
facet normal 0.04393221749581178 0.5956830780883728 -0.802017225965292
outer loop
vertex -2.525 -25.635 0.159
vertex -1.258 -25.614 0.244
vertex -1.264 -25.728 0.159
endloop
endfacet
facet normal 0.03542631273452981 0.48035032643271086 -0.8763609645928001
outer loop
vertex -2.525 -25.635 0.159
vertex -1.264 -25.728 0.159
vertex -2.537 -25.76 0.09
endloop
endfacet
facet normal 0.035354616726722875 0.48165913325546117 -0.8756452080767099
outer loop
vertex -2.537 -25.76 0.09
vertex -1.264 -25.728 0.159
vertex -1.27 -25.853 0.09
endloop
endfacet
facet normal 0.025207999399655866 0.34342511010068805 -0.9388417068487089
outer loop
vertex -2.537 -25.76 0.09
vertex -1.27 -25.853 0.09
vertex -2.55 -25.893 0.041
endloop
endfacet
facet normal 0.025265302629879936 0.34215670476423365 -0.939303174628885
outer loop
vertex -2.55 -25.893 0.041
vertex -1.27 -25.853 0.09
vertex -1.277 -25.987 0.041
endloop
endfacet
facet normal 0.015958197833142992 0.21611474299565464 -0.9762375498728987
outer loop
vertex -2.55 -25.893 0.041
vertex -1.277 -25.987 0.041
vertex -2.564 -26.032 0.01
endloop
endfacet
facet normal 0.01592287179394218 0.21699147625574125 -0.9760436267842683
outer loop
vertex -2.564 -26.032 0.01
vertex -1.277 -25.987 0.041
vertex -1.283 -26.126 0.01
endloop
endfacet
facet normal 0.005153796007457038 0.0702341775058764 -0.9975172172432847
outer loop
vertex -2.564 -26.032 0.01
vertex -1.283 -26.126 0.01
vertex -2.578 -26.173 0.0
endloop
endfacet
facet normal 0.0051626289093178 0.0699943793179069 -0.9975340265507968
outer loop
vertex -2.578 -26.173 0.0
vertex -1.283 -26.126 0.01
vertex -1.29 -26.268 0.0
endloop
endfacet
facet normal 0.0 -0.0 -0.9999999999999999
outer loop
vertex -1.29 -26.268 0.0
vertex -0.0 -26.3 0.0
vertex -1.717 -34.958 0.0
endloop
endfacet
facet normal 0.0 0.0 -0.9999999999999999
outer loop
vertex -1.717 -34.958 0.0
vertex -0.0 -26.3 0.0
vertex -0.0 -35.0 0.0
endloop
endfacet
facet normal -0.024453954693151987 -0.9997009573366754 0.0
outer loop
vertex -1.717 -34.958 0.0
vertex -0.0 -35.0 0.0
vertex -1.717 -34.958 3.0
endloop
endfacet
facet normal -0.024453954693151987 -0.9997009573366754 0.0
outer loop
vertex -1.717 -34.958 3.0
vertex -0.0 -35.0 0.0
vertex -0.0 -35.0 3.0
endloop
endfacet
facet normal -0.0 -0.0 1.0
outer loop
vertex -1.717 -34.958 3.0
vertex -0.0 -35.0 3.0
vertex -1.462 -29.764 3.0
endloop
endfacet
facet normal -0.0 0.0 1.0
outer loop
vertex -1.462 -29.764 3.0
vertex -0.0 -35.0 3.0
vertex -0.0 -29.8 3.0
endloop
endfacet
facet normal -0.024616341306747953 -0.9996969719573374 0.0
outer loop
vertex -1.462 -29.764 3.0
vertex -0.0 -29.8 3.0
vertex -1.462 -29.764 52.0
endloop
endfacet
facet normal -0.024616341306747953 -0.9996969719573374 0.0
outer loop
vertex -1.462 -29.764 52.0
vertex -0.0 -29.8 3.0
vertex -0.0 -29.8 52.0
endloop
endfacet
facet normal -0.01740722195560548 -0.7069266249748402 0.7070726522256892
outer loop
vertex -1.462 -29.764 52.0
vertex -0.0 -29.8 52.0
vertex -1.413 -28.765 53.0
endloop
endfacet
facet normal -0.017512343985854883 -0.7069983443432244 0.7069983443432244
outer loop
vertex -1.413 -28.765 53.0
vertex -0.0 -29.8 52.0
vertex -0.0 -28.8 53.0
endloop
endfacet
facet normal -0.0 -0.0 1.0
outer loop
vertex -1.413 -28.765 53.0
vertex -0.0 -28.8 53.0
vertex -1.241 -25.27 53.0
endloop
endfacet
facet normal -0.0 0.0 1.0
outer loop
vertex -1.241 -25.27 53.0
vertex -0.0 -28.8 53.0
vertex -0.0 -25.3 53.0
endloop
endfacet
facet normal 0.0241669928020631 0.9997079355786394 0.0
outer loop
vertex -1.241 -25.27 53.0
vertex -0.0 -25.3 53.0
vertex -1.241 -25.27 1.0
endloop
endfacet
facet normal 0.0241669928020631 0.9997079355786394 0.0
outer loop
vertex -1.241 -25.27 1.0
vertex -0.0 -25.3 53.0
vertex -0.0 -25.3 1.0
endloop
endfacet
facet normal 0.024107035667843144 0.9972277087930737 -0.07039707129295868
outer loop
vertex -1.241 -25.27 1.0
vertex -0.0 -25.3 1.0
vertex -1.242 -25.28 0.858
endloop
endfacet
facet normal 0.024087924616167145 0.9972400791094002 -0.07022817458515504
outer loop
vertex -1.242 -25.28 0.858
vertex -0.0 -25.3 1.0
vertex -0.0 -25.31 0.858
endloop
endfacet
facet normal 0.02361099656692456 0.9774952578707554 -0.20963191951919447
outer loop
vertex -1.242 -25.28 0.858
vertex -0.0 -25.31 0.858
vertex -1.243 -25.31 0.718
endloop
endfacet
facet normal 0.02434264538421143 0.9760615552442745 -0.21612791580410576
outer loop
vertex -1.243 -25.31 0.718
vertex -0.0 -25.31 0.858
vertex -0.0 -25.341 0.718
endloop
endfacet
facet normal 0.02333382958910431 0.9356112961049825 -0.35225989694749693
outer loop
vertex -1.243 -25.31 0.718
vertex -0.0 -25.341 0.718
vertex -1.246 -25.36 0.585
endloop
endfacet
facet normal 0.022586767241315628 0.9381037327559402 -0.34561716469955334
outer loop
vertex -1.246 -25.36 0.585
vertex -0.0 -25.341 0.718
vertex -0.0 -25.39 0.585
endloop
endfacet
facet normal 0.02117850611848172 0.8796139541209074 -0.47521654284586035
outer loop
vertex -1.246 -25.36 0.585
vertex -0.0 -25.39 0.585
vertex -1.249 -25.428 0.459
endloop
endfacet
facet normal 0.021764246462348355 0.8768885106927141 -0.48020085109362287
outer loop
vertex -1.249 -25.428 0.459
vertex -0.0 -25.39 0.585
vertex -0.0 -25.459 0.459
endloop
endfacet
facet normal 0.019885459726755938 0.8011915870554557 -0.5980774275317667
outer loop
vertex -1.249 -25.428 0.459
vertex -0.0 -25.459 0.459
vertex -1.253 -25.513 0.345
endloop
endfacet
facet normal 0.019830275682140824 0.8015269493459164 -0.5976297429333643
outer loop
vertex -1.253 -25.513 0.345
vertex -0.0 -25.459 0.459
vertex -0.0 -25.544 0.345
endloop
endfacet
facet normal 0.017480880360971972 0.7065659062031846 -0.7074312963200582
outer loop
vertex -1.253 -25.513 0.345
vertex -0.0 -25.544 0.345
vertex -1.258 -25.614 0.244
endloop
endfacet
facet normal 0.017422085245460583 0.7069994593158145 -0.7069994593158084
outer loop
vertex -1.258 -25.614 0.244
vertex -0.0 -25.544 0.345
vertex -0.0 -25.645 0.244
endloop
endfacet
facet normal 0.01471599703718421 0.5971846539605952 -0.8019687827497813
outer loop
vertex -1.258 -25.614 0.244
vertex -0.0 -25.645 0.244
vertex -1.264 -25.728 0.159
endloop
endfacet
facet normal 0.014658366230091853 0.5976830617689294 -0.8015984593136284
outer loop
vertex -1.264 -25.728 0.159
vertex -0.0 -25.645 0.244
vertex -0.0 -25.759 0.159
endloop
endfacet
facet normal 0.011840649339729873 0.4827929279167462 -0.8756544910961109
outer loop
vertex -1.264 -25.728 0.159
vertex -0.0 -25.759 0.159
vertex -1.27 -25.853 0.09
endloop
endfacet
facet normal 0.012101529480472842 0.4802794512562654 -0.8770320414244931
outer loop
vertex -1.27 -25.853 0.09
vertex -0.0 -25.759 0.159
vertex -0.0 -25.885 0.09
endloop
endfacet
facet normal 0.008643014888784696 0.3430196533986423 -0.9392884624416014
outer loop
vertex -1.27 -25.853 0.09
vertex -0.0 -25.885 0.09
vertex -1.277 -25.987 0.041
endloop
endfacet
facet normal 0.008391925413082542 0.3456931855646966 -0.9383100751041702
outer loop
vertex -1.277 -25.987 0.041
vertex -0.0 -25.885 0.09
vertex -0.0 -26.018 0.041
endloop
endfacet
facet normal 0.005278830707219206 0.21745376816511008 -0.9760563470707821
outer loop
vertex -1.277 -25.987 0.041
vertex -0.0 -26.018 0.041
vertex -1.283 -26.126 0.01
endloop
endfacet
facet normal 0.005392083211550003 0.21618883626308277 -0.9763366798977972
outer loop
vertex -1.283 -26.126 0.01
vertex -0.0 -26.018 0.041
vertex -0.0 -26.158 0.01
endloop
endfacet
facet normal 0.0017499637649956864 0.07016260970279573 -0.9975340324151926
outer loop
vertex -1.283 -26.126 0.01
vertex -0.0 -26.158 0.01
vertex -1.29 -26.268 0.0
endloop
endfacet
facet normal 0.0017425972335193148 0.07024845097624734 -0.9975280038627085
outer loop
vertex -1.29 -26.268 0.0
vertex -0.0 -26.158 0.01
vertex -0.0 -26.3 0.0
endloop
endfacet
facet normal 0.0 -0.0 -1.0
outer loop
vertex -0.0 -26.3 0.0
vertex 1.29 -26.268 0.0
vertex -0.0 -35.0 0.0
endloop
endfacet
facet normal 0.0 0.0 -1.0
outer loop
vertex -0.0 -35.0 0.0
vertex 1.29 -26.268 0.0
vertex 1.717 -34.958 0.0
endloop
endfacet
facet normal 0.024453954693151987 -0.9997009573366754 0.0
outer loop
vertex -0.0 -35.0 0.0
vertex 1.717 -34.958 0.0
vertex -0.0 -35.0 3.0
endloop
endfacet
facet normal 0.024453954693151987 -0.9997009573366754 0.0
outer loop
vertex -0.0 -35.0 3.0
vertex 1.717 -34.958 0.0
vertex 1.717 -34.958 3.0
endloop
endfacet
facet normal 0.0 -0.0 1.0
outer loop
vertex -0.0 -35.0 3.0
vertex 1.717 -34.958 3.0
vertex -0.0 -29.8 3.0
endloop
endfacet
facet normal -0.0 -0.0 1.0
outer loop
vertex -0.0 -29.8 3.0
vertex 1.717 -34.958 3.0
vertex 1.462 -29.764 3.0
endloop
endfacet
facet normal 0.024616341306747953 -0.9996969719573374 0.0
outer loop
vertex -0.0 -29.8 3.0
vertex 1.462 -29.764 3.0
vertex -0.0 -29.8 52.0
endloop
endfacet
facet normal 0.024616341306747953 -0.9996969719573374 0.0
outer loop
vertex -0.0 -29.8 52.0
vertex 1.462 -29.764 3.0
vertex 1.462 -29.764 52.0
endloop
endfacet
facet normal 0.017409019376681847 -0.706999620241886 0.706999620241886
outer loop
vertex -0.0 -29.8 52.0
vertex 1.462 -29.764 52.0
vertex -0.0 -28.8 53.0
endloop
endfacet
facet normal 0.01751047320607714 -0.7069228182910543 0.7070739086598602
outer loop
vertex -0.0 -28.8 53.0
vertex 1.462 -29.764 52.0
vertex 1.413 -28.765 53.0
endloop
endfacet
facet normal 0.0 -0.0 1.0
outer loop
vertex -0.0 -28.8 53.0
vertex 1.413 -28.765 53.0
vertex -0.0 -25.3 53.0
endloop
endfacet
facet normal -0.0 -0.0 1.0
outer loop
vertex -0.0 -25.3 53.0
vertex 1.413 -28.765 53.0
vertex 1.241 -25.27 53.0
endloop
endfacet
facet normal -0.0241669928020631 0.9997079355786394 0.0
outer loop
vertex -0.0 -25.3 53.0
vertex 1.241 -25.27 53.0
vertex -0.0 -25.3 1.0
endloop
endfacet
facet normal -0.0241669928020631 0.9997079355786394 0.0
outer loop
vertex -0.0 -25.3 1.0
vertex 1.241 -25.27 53.0
vertex 1.241 -25.27 1.0
endloop
endfacet
facet normal -0.024107323432638165 0.9972396126634278 -0.07022814173684713
outer loop
vertex -0.0 -25.3 1.0
vertex 1.241 -25.27 1.0
vertex -0.0 -25.31 0.858
endloop
endfacet
facet normal -0.024087637314446915 0.9972281848181827 -0.07039696820773118
outer loop
vertex -0.0 -25.31 0.858
vertex 1.241 -25.27 1.0
vertex 1.242 -25.28 0.858
endloop
endfacet
facet normal -0.023576798935008175 0.976079475909417 -0.21613188395138735
outer loop
vertex -0.0 -25.31 0.858
vertex 1.242 -25.28 0.858
vertex -0.0 -25.341 0.718
endloop
endfacet
facet normal -0.024377924548608907 0.9774761359328573 -0.20963330001808544
outer loop
vertex -0.0 -25.341 0.718
vertex 1.242 -25.28 0.858
vertex 1.243 -25.31 0.718
endloop
endfacet
facet normal -0.02339555484325629 0.9380862796827535 -0.34561073461995817
outer loop
vertex -0.0 -25.341 0.718
vertex 1.243 -25.31 0.718
vertex -0.0 -25.39 0.585
endloop
endfacet
facet normal -0.02252731809373667 0.9356346114931609 -0.35225047014240535
outer loop
vertex -0.0 -25.39 0.585
vertex 1.243 -25.31 0.718
vertex 1.246 -25.36 0.585
endloop
endfacet
facet normal -0.021113180321879584 0.8769007560353655 -0.48020755687650335
outer loop
vertex -0.0 -25.39 0.585
vertex 1.246 -25.36 0.585
vertex -0.0 -25.459 0.459
endloop
endfacet
facet normal -0.021831423424109174 0.8795950921520453 -0.47522190902073536
outer loop
vertex -0.0 -25.459 0.459
vertex 1.246 -25.36 0.585
vertex 1.249 -25.428 0.459
endloop
endfacet
facet normal -0.01989375827667096 0.8015259383084835 -0.5976289890896647
outer loop
vertex -0.0 -25.459 0.459
vertex 1.249 -25.428 0.459
vertex -0.0 -25.544 0.345
endloop
endfacet
facet normal -0.019822029998909533 0.8011936641495033 -0.598076750637755
outer loop
vertex -0.0 -25.544 0.345
vertex 1.249 -25.428 0.459
vertex 1.253 -25.513 0.345
endloop
endfacet
facet normal -0.01749158550663894 0.706998601284498 -0.7069986012844918
outer loop
vertex -0.0 -25.544 0.345
vertex 1.253 -25.513 0.345
vertex -0.0 -25.645 0.244
endloop
endfacet
facet normal -0.017411464975654226 0.7065684819152858 -0.7074304356269456
outer loop
vertex -0.0 -25.645 0.244
vertex 1.253 -25.513 0.345
vertex 1.258 -25.614 0.244
endloop
endfacet
facet normal -0.01472826381700791 0.5976824477998924 -0.8015976358728022
outer loop
vertex -0.0 -25.645 0.244
vertex 1.258 -25.614 0.244
vertex -0.0 -25.759 0.159
endloop
endfacet
facet normal -0.014646215558518961 0.5971876279344737 -0.8019678456221361
outer loop
vertex -0.0 -25.759 0.159
vertex 1.258 -25.614 0.244
vertex 1.264 -25.728 0.159
endloop
endfacet
facet normal -0.01177905089070204 0.4802813008338048 -0.8770354189139129
outer loop
vertex -0.0 -25.759 0.159
vertex 1.264 -25.728 0.159
vertex -0.0 -25.885 0.09
endloop
endfacet
facet normal -0.012164513536345022 0.48277913097369274 -0.8756576587381111
outer loop
vertex -0.0 -25.885 0.09
vertex 1.264 -25.728 0.159
vertex 1.27 -25.853 0.09
endloop
endfacet
facet normal -0.008710355759228941 0.3456922441943983 -0.938307519956218
outer loop
vertex -0.0 -25.885 0.09
vertex 1.27 -25.853 0.09
vertex -0.0 -26.018 0.041
endloop
endfacet
facet normal -0.008327399109769582 0.34303511816693383 -0.9392856658803351
outer loop
vertex -0.0 -26.018 0.041
vertex 1.27 -25.853 0.09
vertex 1.277 -25.987 0.041
endloop
endfacet
facet normal -0.005248127687529831 0.21618900183790593 -0.976337427655063
outer loop
vertex -0.0 -26.018 0.041
vertex 1.277 -25.987 0.041
vertex -0.0 -26.158 0.01
endloop
endfacet
facet normal -0.00542348000290441 0.2174476513664485 -0.9760569167727225
outer loop
vertex -0.0 -26.158 0.01
vertex 1.277 -25.987 0.041
vertex 1.283 -26.126 0.01
endloop
endfacet
facet normal -0.0017521047497230514 0.07024844980920852 -0.9975279872907572
outer loop
vertex -0.0 -26.158 0.01
vertex 1.283 -26.126 0.01
vertex -0.0 -26.3 0.0
endloop
endfacet
facet normal -0.0017404794071296658 0.07016307609991455 -0.9975340162037738
outer loop
vertex -0.0 -26.3 0.0
vertex 1.283 -26.126 0.01
vertex 1.29 -26.268 0.0
endloop
endfacet
facet normal 0.0 -0.0 -1.0
outer loop
vertex 1.29 -26.268 0.0
vertex 2.578 -26.173 0.0
vertex 1.717 -34.958 0.0
endloop
endfacet
facet normal 0.0 0.0 -1.0
outer loop
vertex 1.717 -34.958 0.0
vertex 2.578 -26.173 0.0
vertex 3.431 -34.831 0.0
endloop
endfacet
facet normal 0.07389311736780745 -0.9972661666805244 0.0
outer loop
vertex 1.717 -34.958 0.0
vertex 3.431 -34.831 0.0
vertex 1.717 -34.958 3.0
endloop
endfacet
facet normal 0.07389311736780745 -0.9972661666805244 0.0
outer loop
vertex 1.717 -34.958 3.0
vertex 3.431 -34.831 0.0
vertex 3.431 -34.831 3.0
endloop
endfacet
facet normal 0.0 -0.0 1.0
outer loop
vertex 1.717 -34.958 3.0
vertex 3.431 -34.831 3.0
vertex 1.462 -29.764 3.0
endloop
endfacet
facet normal -0.0 -0.0 1.0
outer loop
vertex 1.462 -29.764 3.0
vertex 3.431 -34.831 3.0
vertex 2.921 -29.657 3.0
endloop
endfacet
facet normal 0.07314147263859078 -0.9973215755112581 0.0
outer loop
vertex 1.462 -29.764 3.0
vertex 2.921 -29.657 3.0
vertex 1.462 -29.764 52.0
endloop
endfacet
facet normal 0.07314147263859078 -0.9973215755112581 0.0
outer loop
vertex 1.462 -29.764 52.0
vertex 2.921 -29.657 3.0
vertex 2.921 -29.657 52.0
endloop
endfacet
facet normal 0.051721205597143126 -0.7052452239834793 0.7070743178337551
outer loop
vertex 1.462 -29.764 52.0
vertex 2.921 -29.657 52.0
vertex 1.413 -28.765 53.0
endloop
endfacet
facet normal 0.052000823174969873 -0.7050111603529623 0.7072871963826965
outer loop
vertex 1.413 -28.765 53.0
vertex 2.921 -29.657 52.0
vertex 2.823 -28.661 53.0
endloop
endfacet
facet normal 0.0 -0.0 1.0
outer loop
vertex 1.413 -28.765 53.0
vertex 2.823 -28.661 53.0
vertex 1.241 -25.27 53.0
endloop
endfacet
facet normal -0.0 -0.0 1.0
outer loop
vertex 1.241 -25.27 53.0
vertex 2.823 -28.661 53.0
vertex 2.48 -25.178 53.0
endloop
endfacet
facet normal -0.07404957197667662 0.9972545617293866 0.0
outer loop
vertex 1.241 -25.27 53.0
vertex 2.48 -25.178 53.0
vertex 1.241 -25.27 1.0
endloop
endfacet
facet normal -0.07404957197667662 0.9972545617293866 0.0
outer loop
vertex 1.241 -25.27 1.0
vertex 2.48 -25.178 53.0
vertex 2.48 -25.178 1.0
endloop
endfacet
facet normal -0.07386493148125138 0.9947679359268663 -0.07057425556867224
outer loop
vertex 1.241 -25.27 1.0
vertex 2.48 -25.178 1.0
vertex 1.242 -25.28 0.858
endloop
endfacet
facet normal -0.07386493148125435 0.9947679359268679 -0.0705742555686475
outer loop
vertex 1.242 -25.28 0.858
vertex 2.48 -25.178 1.0
vertex 2.481 -25.188 0.858
endloop
endfacet
facet normal -0.07240673103891626 0.9751297799697282 -0.2094735723580601
outer loop
vertex 1.242 -25.28 0.858
vertex 2.481 -25.188 0.858
vertex 1.243 -25.31 0.718
endloop
endfacet
facet normal -0.07227499098258051 0.9749267805367785 -0.21046163135037294
outer loop
vertex 1.243 -25.31 0.718
vertex 2.481 -25.188 0.858
vertex 2.484 -25.218 0.718
endloop
endfacet
facet normal -0.0691876705961339 0.9332815131500362 -0.3524183358593298
outer loop
vertex 1.243 -25.31 0.718
vertex 2.484 -25.218 0.718
vertex 1.246 -25.36 0.585
endloop
endfacet
facet normal -0.06905162894138879 0.9329475518929067 -0.35332808826581147
outer loop
vertex 1.246 -25.36 0.585
vertex 2.484 -25.218 0.718
vertex 2.489 -25.268 0.585
endloop
endfacet
facet normal -0.06494896130525515 0.8775169445916658 -0.47512697711230395
outer loop
vertex 1.246 -25.36 0.585
vertex 2.489 -25.268 0.585
vertex 1.249 -25.428 0.459
endloop
endfacet
facet normal -0.06474583823198017 0.8768838525765792 -0.476322039719027
outer loop
vertex 1.249 -25.428 0.459
vertex 2.489 -25.268 0.585
vertex 2.495 -25.336 0.459
endloop
endfacet
facet normal -0.05901687881740271 0.7992938152878472 -0.5980354545152391
outer loop
vertex 1.249 -25.428 0.459
vertex 2.495 -25.336 0.459
vertex 1.253 -25.513 0.345
endloop
endfacet
facet normal -0.058691489611775984 0.7980766685253251 -0.5996907037820989
outer loop
vertex 1.253 -25.513 0.345
vertex 2.495 -25.336 0.459
vertex 2.504 -25.421 0.345
endloop
endfacet
facet normal -0.05183709862696371 0.7048718519818477 -0.7074380449831763
outer loop
vertex 1.253 -25.513 0.345
vertex 2.504 -25.421 0.345
vertex 1.258 -25.614 0.244
endloop
endfacet
facet normal -0.051538387680351086 0.703611031809993 -0.7087138424714075
outer loop
vertex 1.258 -25.614 0.244
vertex 2.504 -25.421 0.345
vertex 2.514 -25.522 0.244
endloop
endfacet
facet normal -0.04363414842821653 0.5957009828895498 -0.8020201992938638
outer loop
vertex 1.258 -25.614 0.244
vertex 2.514 -25.522 0.244
vertex 1.264 -25.728 0.159
endloop
endfacet
facet normal -0.044088486972944194 0.5978019577729318 -0.8004305245299475
outer loop
vertex 1.264 -25.728 0.159
vertex 2.514 -25.522 0.244
vertex 2.525 -25.635 0.159
endloop
endfacet
facet normal -0.035522171768971905 0.4816500924803611 -0.8756433998646226
outer loop
vertex 1.264 -25.728 0.159
vertex 2.525 -25.635 0.159
vertex 1.27 -25.853 0.09
endloop
endfacet
facet normal -0.035259658656239715 0.4803654571769433 -0.8763593920433737
outer loop
vertex 1.27 -25.853 0.09
vertex 2.525 -25.635 0.159
vertex 2.537 -25.76 0.09
endloop
endfacet
facet normal -0.025115498295774655 0.34216490688974727 -0.9393042043121523
outer loop
vertex 1.27 -25.853 0.09
vertex 2.537 -25.76 0.09
vertex 1.277 -25.987 0.041
endloop
endfacet
facet normal -0.025357913054238648 0.3434108863621979 -0.938842872568921
outer loop
vertex 1.277 -25.987 0.041
vertex 2.537 -25.76 0.09
vertex 2.55 -25.893 0.041
endloop
endfacet
facet normal -0.016022608481966117 0.21698702763344016 -0.9760429836109875
outer loop
vertex 1.277 -25.987 0.041
vertex 2.55 -25.893 0.041
vertex 1.283 -26.126 0.01
endloop
endfacet
facet normal -0.01585925893522459 0.21612458187257916 -0.9762369840445649
outer loop
vertex 1.283 -26.126 0.01
vertex 2.55 -25.893 0.041
vertex 2.564 -26.032 0.01
endloop
endfacet
facet normal -0.00513629506414998 0.06999568060825577 -0.9975340711821331
outer loop
vertex 1.283 -26.126 0.01
vertex 2.564 -26.032 0.01
vertex 1.29 -26.268 0.0
endloop
endfacet
facet normal -0.005180123328402372 0.07023156681033774 -0.9975172646855129
outer loop
vertex 1.29 -26.268 0.0
vertex 2.564 -26.032 0.01
vertex 2.578 -26.173 0.0
endloop
endfacet
facet normal 0.0 -0.0 -1.0
outer loop
vertex 2.578 -26.173 0.0
vertex 3.859 -26.015 0.0
vertex 3.431 -34.831 0.0
endloop
endfacet
facet normal 0.0 0.0 -1.0
outer loop
vertex 3.431 -34.831 0.0
vertex 3.859 -26.015 0.0
vertex 5.136 -34.621 0.0
endloop
endfacet
facet normal 0.12224342014043581 -0.992500149235439 0.0
outer loop
vertex 3.431 -34.831 0.0
vertex 5.136 -34.621 0.0
vertex 3.431 -34.831 3.0
endloop
endfacet
facet normal 0.12224342014043581 -0.992500149235439 0.0
outer loop
vertex 3.431 -34.831 3.0
vertex 5.136 -34.621 0.0
vertex 5.136 -34.621 3.0
endloop
endfacet
facet normal 0.0 -0.0 1.0
outer loop
vertex 3.431 -34.831 3.0
vertex 5.136 -34.621 3.0
vertex 2.921 -29.657 3.0
endloop
endfacet
facet normal -0.0 -0.0 1.0
outer loop
vertex 2.921 -29.657 3.0
vertex 5.136 -34.621 3.0
vertex 4.373 -29.477 3.0
endloop
endfacet
facet normal 0.12302523260231826 -0.9924035429920359 0.0
outer loop
vertex 2.921 -29.657 3.0
vertex 4.373 -29.477 3.0
vertex 2.921 -29.657 52.0
endloop
endfacet
facet normal 0.12302523260231826 -0.9924035429920359 0.0
outer loop
vertex 2.921 -29.657 52.0
vertex 4.373 -29.477 3.0
vertex 4.373 -29.477 52.0
endloop
endfacet
facet normal 0.08697064834309884 -0.7015632299676652 0.7072801005854172
outer loop
vertex 2.921 -29.657 52.0
vertex 4.373 -29.477 52.0
vertex 2.823 -28.661 53.0
endloop
endfacet
facet normal 0.086555181934092 -0.7019475159163572 0.7069497049855893
outer loop
vertex 2.823 -28.661 53.0
vertex 4.373 -29.477 52.0
vertex 4.226 -28.488 53.0
endloop
endfacet
facet normal 0.0 -0.0 1.0
outer loop
vertex 2.823 -28.661 53.0
vertex 4.226 -28.488 53.0
vertex 2.48 -25.178 53.0
endloop
endfacet
facet normal -0.0 -0.0 1.0
outer loop
vertex 2.48 -25.178 53.0
vertex 4.226 -28.488 53.0
vertex 3.712 -25.026 53.0
endloop
endfacet
facet normal -0.12244820260374321 0.9924749053145437 0.0
outer loop
vertex 2.48 -25.178 53.0
vertex 3.712 -25.026 53.0
vertex 2.48 -25.178 1.0
endloop
endfacet
facet normal -0.12244820260374321 0.9924749053145437 0.0
outer loop
vertex 2.48 -25.178 1.0
vertex 3.712 -25.026 53.0
vertex 3.712 -25.026 1.0
endloop
endfacet
facet normal -0.12214284504491468 0.9899999019429861 -0.07057846383431547
outer loop
vertex 2.48 -25.178 1.0
vertex 3.712 -25.026 1.0
vertex 2.481 -25.188 0.858
endloop
endfacet
facet normal -0.12203781793857835 0.989951509988616 -0.0714337375758087
outer loop
vertex 2.481 -25.188 0.858
vertex 3.712 -25.026 1.0
vertex 3.714 -25.036 0.858
endloop
endfacet
facet normal -0.11960964560882242 0.9702545594452666 -0.21047475514418276
outer loop
vertex 2.481 -25.188 0.858
vertex 3.714 -25.036 0.858
vertex 2.484 -25.218 0.718
endloop
endfacet
facet normal -0.11949264282651892 0.9700915871573905 -0.211290844185896
outer loop
vertex 2.484 -25.218 0.718
vertex 3.714 -25.036 0.858
vertex 3.718 -25.066 0.718
endloop
endfacet
facet normal -0.11436634166099528 0.9284741158530739 -0.3533499060222504
outer loop
vertex 2.484 -25.218 0.718
vertex 3.718 -25.066 0.718
vertex 2.489 -25.268 0.585
endloop
endfacet
facet normal -0.11398902587114748 0.9276606908066349 -0.3556011033631698
outer loop
vertex 2.489 -25.268 0.585
vertex 3.718 -25.066 0.718
vertex 3.726 -25.116 0.585
endloop
endfacet
facet normal -0.10724822716606017 0.8728030066079969 -0.4761436016852246
outer loop
vertex 2.489 -25.268 0.585
vertex 3.726 -25.116 0.585
vertex 2.495 -25.336 0.459
endloop
endfacet
facet normal -0.107780497452699 0.8742195904496771 -0.47341680583059964
outer loop
vertex 2.495 -25.336 0.459
vertex 3.726 -25.116 0.585
vertex 3.736 -25.183 0.459
endloop
endfacet
facet normal -0.09790443783930397 0.7941137735854724 -0.5998316727659608
outer loop
vertex 2.495 -25.336 0.459
vertex 3.736 -25.183 0.459
vertex 2.504 -25.421 0.345
endloop
endfacet
facet normal -0.09752112123418614 0.792916828858357 -0.6014752974365897
outer loop
vertex 2.504 -25.421 0.345
vertex 3.736 -25.183 0.459
vertex 3.748 -25.268 0.345
endloop
endfacet
facet normal -0.08611829336339569 0.7002036401572888 -0.7087302038566285
outer loop
vertex 2.504 -25.421 0.345
vertex 3.748 -25.268 0.345
vertex 2.514 -25.522 0.244
endloop
endfacet
facet normal -0.08649406610943537 0.7015005751343172 -0.707400678268037
outer loop
vertex 2.514 -25.522 0.244
vertex 3.748 -25.268 0.345
vertex 3.763 -25.368 0.244
endloop
endfacet
facet normal -0.0733554385679987 0.5949411868274702 -0.8004148698323998
outer loop
vertex 2.514 -25.522 0.244
vertex 3.763 -25.368 0.244
vertex 2.525 -25.635 0.159
endloop
endfacet
facet normal -0.07270898857962373 0.5925310432949858 -0.802259537625751
outer loop
vertex 2.525 -25.635 0.159
vertex 3.763 -25.368 0.244
vertex 3.78 -25.481 0.159
endloop
endfacet
facet normal -0.05866815903569459 0.4781073999337452 -0.8763397521760359
outer loop
vertex 2.525 -25.635 0.159
vertex 3.78 -25.481 0.159
vertex 2.537 -25.76 0.09
endloop
endfacet
facet normal -0.05959588991935016 0.4817334435147398 -0.8742889792878279
outer loop
vertex 2.537 -25.76 0.09
vertex 3.78 -25.481 0.159
vertex 3.798 -25.604 0.09
endloop
endfacet
facet normal -0.0422789690787268 0.3417550000530365 -0.9388375837770817
outer loop
vertex 2.537 -25.76 0.09
vertex 3.798 -25.604 0.09
vertex 2.55 -25.893 0.041
endloop
endfacet
facet normal -0.04181253407094518 0.3398608538587032 -0.9395458009107375
outer loop
vertex 2.55 -25.893 0.041
vertex 3.798 -25.604 0.09
vertex 3.818 -25.737 0.041
endloop
endfacet
facet normal -0.026458281125153867 0.2150583363249654 -0.9762427317716842
outer loop
vertex 2.55 -25.893 0.041
vertex 3.818 -25.737 0.041
vertex 2.564 -26.032 0.01
endloop
endfacet
facet normal -0.02654878503034602 0.21543408999147023 -0.9761574232074249
outer loop
vertex 2.564 -26.032 0.01
vertex 3.818 -25.737 0.041
vertex 3.838 -25.875 0.01
endloop
endfacet
facet normal -0.008612908770958867 0.06989073741529679 -0.9975174698350147
outer loop
vertex 2.564 -26.032 0.01
vertex 3.838 -25.875 0.01
vertex 2.578 -26.173 0.0
endloop
endfacet
facet normal -0.008628530320396639 0.0699566287368877 -0.9975127159892646
outer loop
vertex 2.578 -26.173 0.0
vertex 3.838 -25.875 0.01
vertex 3.859 -26.015 0.0
endloop
endfacet
facet normal 0.0 0.0 -0.9999999999999999
outer loop
vertex 3.859 -26.015 0.0
vertex 5.131 -25.795 0.0
vertex 5.136 -34.621 0.0
endloop
endfacet
facet normal 0.0 0.0 -0.9999999999999999
outer loop
vertex 5.136 -34.621 0.0
vertex 5.131 -25.795 0.0
vertex 6.828 -34.327 0.0
endloop
endfacet
facet normal 0.17119373018901024 -0.985237385985719 0.0
outer loop
vertex 5.136 -34.621 0.0
vertex 6.828 -34.327 0.0
vertex 5.136 -34.621 3.0
endloop
endfacet
facet normal 0.17119373018901024 -0.985237385985719 0.0
outer loop
vertex 5.136 -34.621 3.0
vertex 6.828 -34.327 0.0
vertex 6.828 -34.327 3.0
endloop
endfacet
facet normal 0.0 -0.0 1.0
outer loop
vertex 5.136 -34.621 3.0
vertex 6.828 -34.327 3.0
vertex 4.373 -29.477 3.0
endloop
endfacet
facet normal -0.0 -0.0 1.0
outer loop
vertex 4.373 -29.477 3.0
vertex 6.828 -34.327 3.0
vertex 5.814 -29.227 3.0
endloop
endfacet
facet normal 0.17093718402971814 -0.9852819287472953 0.0
outer loop
vertex 4.373 -29.477 3.0
vertex 5.814 -29.227 3.0
vertex 4.373 -29.477 52.0
endloop
endfacet
facet normal 0.17093718402971814 -0.9852819287472953 0.0
outer loop
vertex 4.373 -29.477 52.0
vertex 5.814 -29.227 3.0
vertex 5.814 -29.227 52.0
endloop
endfacet
facet normal 0.12089673567885172 -0.6968487844529012 0.706955267968711
outer loop
vertex 4.373 -29.477 52.0
vertex 5.814 -29.227 52.0
vertex 4.226 -28.488 53.0
endloop
endfacet
facet normal 0.12061078275961973 -0.6971403335441929 0.7067166295114352
outer loop
vertex 4.226 -28.488 53.0
vertex 5.814 -29.227 52.0
vertex 5.619 -28.247 53.0
endloop
endfacet
facet normal 0.0 -0.0 1.0
outer loop
vertex 4.226 -28.488 53.0
vertex 5.619 -28.247 53.0
vertex 3.712 -25.026 53.0
endloop
endfacet
facet normal -0.0 -0.0 1.0
outer loop
vertex 3.712 -25.026 53.0
vertex 5.619 -28.247 53.0
vertex 4.936 -24.814 53.0
endloop
endfacet
facet normal -0.1706616777832013 0.985329686823767 0.0
outer loop
vertex 3.712 -25.026 53.0
vertex 4.936 -24.814 53.0
vertex 3.712 -25.026 1.0
endloop
endfacet
facet normal -0.1706616777832013 0.985329686823767 0.0
outer loop
vertex 3.712 -25.026 1.0
vertex 4.936 -24.814 53.0
vertex 4.936 -24.814 1.0
endloop
endfacet
facet normal -0.17022355429505628 0.9828001436657976 -0.07160879257218006
outer loop
vertex 3.712 -25.026 1.0
vertex 4.936 -24.814 1.0
vertex 3.714 -25.036 0.858
endloop
endfacet
facet normal -0.17022355429505628 0.9828001436657976 -0.07160879257218018
outer loop
vertex 3.714 -25.036 0.858
vertex 4.936 -24.814 1.0
vertex 4.938 -24.824 0.858
endloop
endfacet
facet normal -0.16681396405739007 0.9631145849351211 -0.21114781003057767
outer loop
vertex 3.714 -25.036 0.858
vertex 4.938 -24.824 0.858
vertex 3.718 -25.066 0.718
endloop
endfacet
facet normal -0.16646558499568517 0.9626736188901427 -0.21342144340482927
outer loop
vertex 3.718 -25.066 0.718
vertex 4.938 -24.824 0.858
vertex 4.944 -24.854 0.718
endloop
endfacet
facet normal -0.1592424612440943 0.9209021579493388 -0.35578231268737115
outer loop
vertex 3.718 -25.066 0.718
vertex 4.944 -24.854 0.718
vertex 3.726 -25.116 0.585
endloop
endfacet
facet normal -0.16128768328528814 0.9247662962198592 -0.34466444637686144
outer loop
vertex 3.726 -25.116 0.585
vertex 4.944 -24.854 0.718
vertex 4.953 -24.902 0.585
endloop
endfacet
facet normal -0.1513408961593628 0.867734951343642 -0.4734257992191894
outer loop
vertex 3.726 -25.116 0.585
vertex 4.953 -24.902 0.585
vertex 3.736 -25.183 0.459
endloop
endfacet
facet normal -0.14934610394637685 0.8631223190515913 -0.4824060567520282
outer loop
vertex 3.736 -25.183 0.459
vertex 4.953 -24.902 0.585
vertex 4.967 -24.97 0.459
endloop
endfacet
facet normal -0.1362242001443992 0.7872863398016646 -0.6013511340778501
outer loop
vertex 3.736 -25.183 0.459
vertex 4.967 -24.97 0.459
vertex 3.748 -25.268 0.345
endloop
endfacet
facet normal -0.1377773014622541 0.7914184525855059 -0.5955453367367948
outer loop
vertex 3.748 -25.268 0.345
vertex 4.967 -24.97 0.459
vertex 4.983 -25.053 0.345
endloop
endfacet
facet normal -0.12122097404214739 0.6963158276374515 -0.7074247264789689
outer loop
vertex 3.748 -25.268 0.345
vertex 4.983 -25.053 0.345
vertex 3.763 -25.368 0.244
endloop
endfacet
facet normal -0.12136808033910838 0.6967426834282228 -0.706979081843331
outer loop
vertex 3.763 -25.368 0.244
vertex 4.983 -25.053 0.345
vertex 5.003 -25.152 0.244
endloop
endfacet
facet normal -0.10243980881078397 0.5880803839137666 -0.8022889427298915
outer loop
vertex 3.763 -25.368 0.244
vertex 5.003 -25.152 0.244
vertex 3.78 -25.481 0.159
endloop
endfacet
facet normal -0.1025722687723813 0.588490666459048 -0.8019711124282919
outer loop
vertex 3.78 -25.481 0.159
vertex 5.003 -25.152 0.244
vertex 5.025 -25.264 0.159
endloop
endfacet
facet normal -0.08335622540173271 0.478241938364775 -0.874263340233295
outer loop
vertex 3.78 -25.481 0.159
vertex 5.025 -25.264 0.159
vertex 3.798 -25.604 0.09
endloop
endfacet
facet normal -0.08229640007981881 0.4748160963130587 -0.8762288383840893
outer loop
vertex 3.798 -25.604 0.09
vertex 5.025 -25.264 0.159
vertex 5.05 -25.387 0.09
endloop
endfacet
facet normal -0.058472162200370284 0.33736012476895855 -0.9395579558832367
outer loop
vertex 3.798 -25.604 0.09
vertex 5.05 -25.387 0.09
vertex 3.818 -25.737 0.041
endloop
endfacet
facet normal -0.05908795843464966 0.33941850096251164 -0.9387777662324488
outer loop
vertex 3.818 -25.737 0.041
vertex 5.05 -25.387 0.09
vertex 5.076 -25.518 0.041
endloop
endfacet
facet normal -0.03723411882560394 0.21388365973794635 -0.9761492716241625
outer loop
vertex 3.818 -25.737 0.041
vertex 5.076 -25.518 0.041
vertex 3.838 -25.875 0.01
endloop
endfacet
facet normal -0.037143689392790676 0.21357621400854743 -0.9762200300895628
outer loop
vertex 3.838 -25.875 0.01
vertex 5.076 -25.518 0.041
vertex 5.103 -25.655 0.01
endloop
endfacet
facet normal -0.012076429389628761 0.06943946899036571 -0.9975130675833441
outer loop
vertex 3.838 -25.875 0.01
vertex 5.103 -25.655 0.01
vertex 3.859 -26.015 0.0
endloop
endfacet
facet normal -0.011911744055405446 0.06887153835670823 -0.997554420349055
outer loop
vertex 3.859 -26.015 0.0
vertex 5.103 -25.655 0.01
vertex 5.131 -25.795 0.0
endloop
endfacet
facet normal 0.0 0.0 -1.0
outer loop
vertex 5.131 -25.795 0.0
vertex 6.39 -25.512 0.0
vertex 6.828 -34.327 0.0
endloop
endfacet
facet normal 0.0 0.0 -1.0
outer loop
vertex 6.828 -34.327 0.0
vertex 6.39 -25.512 0.0
vertex 8.504 -33.951 0.0
endloop
endfacet
facet normal 0.21890260409966997 -0.9757467140187474 0.0
outer loop
vertex 6.828 -34.327 0.0
vertex 8.504 -33.951 0.0
vertex 6.828 -34.327 3.0
endloop
endfacet
facet normal 0.21890260409966997 -0.9757467140187474 0.0
outer loop
vertex 6.828 -34.327 3.0
vertex 8.504 -33.951 0.0
vertex 8.504 -33.951 3.0
endloop
endfacet
facet normal 0.0 -0.0 1.0
outer loop
vertex 6.828 -34.327 3.0
vertex 8.504 -33.951 3.0
vertex 5.814 -29.227 3.0
endloop
endfacet
facet normal -0.0 -0.0 1.0
outer loop
vertex 5.814 -29.227 3.0
vertex 8.504 -33.951 3.0
vertex 7.241 -28.907 3.0
endloop
endfacet
facet normal 0.2188124854272106 -0.975766927201966 0.0
outer loop
vertex 5.814 -29.227 3.0
vertex 7.241 -28.907 3.0
vertex 5.814 -29.227 52.0
endloop
endfacet
facet normal 0.2188124854272106 -0.975766927201966 0.0
outer loop
vertex 5.814 -29.227 52.0
vertex 7.241 -28.907 3.0
vertex 7.241 -28.907 52.0
endloop
endfacet
facet normal 0.15480736384344485 -0.6903440881393611 0.7067246423260459
outer loop
vertex 5.814 -29.227 52.0
vertex 7.241 -28.907 52.0
vertex 5.619 -28.247 53.0
endloop
endfacet
facet normal 0.15511255635297352 -0.6900006942282304 0.7069930245951551
outer loop
vertex 5.619 -28.247 53.0
vertex 7.241 -28.907 52.0
vertex 6.998 -27.937 53.0
endloop
endfacet
facet normal 0.0 -0.0 1.0
outer loop
vertex 5.619 -28.247 53.0
vertex 6.998 -27.937 53.0
vertex 4.936 -24.814 53.0
endloop
endfacet
facet normal -0.0 -0.0 1.0
outer loop
vertex 4.936 -24.814 53.0
vertex 6.998 -27.937 53.0
vertex 6.147 -24.542 53.0
endloop
endfacet
facet normal -0.21914791743989084 0.9756916471312844 0.0
outer loop
vertex 4.936 -24.814 53.0
vertex 6.147 -24.542 53.0
vertex 4.936 -24.814 1.0
endloop
endfacet
facet normal -0.21914791743989084 0.9756916471312844 0.0
outer loop
vertex 4.936 -24.814 1.0
vertex 6.147 -24.542 53.0
vertex 6.147 -24.542 1.0
endloop
endfacet
facet normal -0.2185852547423588 0.9731865569595517 -0.07161293013437821
outer loop
vertex 4.936 -24.814 1.0
vertex 6.147 -24.542 1.0
vertex 4.938 -24.824 0.858
endloop
endfacet
facet normal -0.21838923797492313 0.9731167515647242 -0.07314320584204295
outer loop
vertex 4.938 -24.824 0.858
vertex 6.147 -24.542 1.0
vertex 6.15 -24.552 0.858
endloop
endfacet
facet normal -0.21392994809421773 0.95324668047864 -0.21343557216373021
outer loop
vertex 4.938 -24.824 0.858
vertex 6.15 -24.552 0.858
vertex 4.944 -24.854 0.718
endloop
endfacet
facet normal -0.21474919501398498 0.9541786576995022 -0.2083887531313093
outer loop
vertex 4.944 -24.854 0.718
vertex 6.15 -24.552 0.858
vertex 6.157 -24.581 0.718
endloop
endfacet
facet normal -0.20612961000982216 0.9158799155381487 -0.3444917476385059
outer loop
vertex 4.944 -24.854 0.718
vertex 6.157 -24.581 0.718
vertex 4.953 -24.902 0.585
endloop
endfacet
facet normal -0.20531500126992278 0.9145166356931363 -0.3485757784098586
outer loop
vertex 4.953 -24.902 0.585
vertex 6.157 -24.581 0.718
vertex 6.169 -24.629 0.585
endloop
endfacet
facet normal -0.19186440533311364 0.8546048237548217 -0.48253356896817085
outer loop
vertex 4.953 -24.902 0.585
vertex 6.169 -24.629 0.585
vertex 4.967 -24.97 0.459
endloop
endfacet
facet normal -0.19228707657678956 0.8554669574711999 -0.480834654383937
outer loop
vertex 4.967 -24.97 0.459
vertex 6.169 -24.629 0.585
vertex 6.186 -24.696 0.459
endloop
endfacet
facet normal -0.17618978499212987 0.7838516346912716 -0.5954273880636063
outer loop
vertex 4.967 -24.97 0.459
vertex 6.186 -24.696 0.459
vertex 4.983 -25.053 0.345
endloop
endfacet
facet normal -0.17469878793426682 0.7804062643486933 -0.6003718814698233
outer loop
vertex 4.983 -25.053 0.345
vertex 6.186 -24.696 0.459
vertex 6.207 -24.779 0.345
endloop
endfacet
facet normal -0.15448410085717687 0.6901041585736638 -0.7070296407518464
outer loop
vertex 4.983 -25.053 0.345
vertex 6.207 -24.779 0.345
vertex 5.003 -25.152 0.244
endloop
endfacet
facet normal -0.15461803140249877 0.6904397911355162 -0.7066725968805928
outer loop
vertex 5.003 -25.152 0.244
vertex 6.207 -24.779 0.345
vertex 6.231 -24.877 0.244
endloop
endfacet
facet normal -0.13055091583722073 0.5829691805385664 -0.8019372749263219
outer loop
vertex 5.003 -25.152 0.244
vertex 6.231 -24.877 0.244
vertex 5.025 -25.264 0.159
endloop
endfacet
facet normal -0.1313184945070545 0.5850073004393668 -0.8003261281709131
outer loop
vertex 5.025 -25.264 0.159
vertex 6.231 -24.877 0.244
vertex 6.259 -24.987 0.159
endloop
endfacet
facet normal -0.10552896557423577 0.4701182076483988 -0.8762719373928901
outer loop
vertex 5.025 -25.264 0.159
vertex 6.259 -24.987 0.159
vertex 5.05 -25.387 0.09
endloop
endfacet
facet normal -0.10540790088369048 0.46978557264350035 -0.8764648824495551
outer loop
vertex 5.05 -25.387 0.09
vertex 6.259 -24.987 0.159
vertex 6.289 -25.109 0.09
endloop
endfacet
facet normal -0.07542887879245783 0.33617403174048804 -0.9387744695226101
outer loop
vertex 5.05 -25.387 0.09
vertex 6.289 -25.109 0.09
vertex 5.076 -25.518 0.041
endloop
endfacet
facet normal -0.07500736234580778 0.3349791164260808 -0.939235267200038
outer loop
vertex 5.076 -25.518 0.041
vertex 6.289 -25.109 0.09
vertex 6.322 -25.239 0.041
endloop
endfacet
facet normal -0.04737170331323535 0.21155964992219098 -0.9762163880257299
outer loop
vertex 5.076 -25.518 0.041
vertex 6.322 -25.239 0.041
vertex 5.103 -25.655 0.01
endloop
endfacet
facet normal -0.04757796458588072 0.21215369973703932 -0.9760774277554781
outer loop
vertex 5.103 -25.655 0.01
vertex 6.322 -25.239 0.041
vertex 6.356 -25.374 0.01
endloop
endfacet
facet normal -0.01529357572345988 0.06819519708717106 -0.9975547712460869
outer loop
vertex 5.103 -25.655 0.01
vertex 6.356 -25.374 0.01
vertex 5.131 -25.795 0.0
endloop
endfacet
facet normal -0.015395704935893973 0.06849184634024881 -0.9975328762774843
outer loop
vertex 5.131 -25.795 0.0
vertex 6.356 -25.374 0.01
vertex 6.39 -25.512 0.0
endloop
endfacet
facet normal 0.0 0.0 -1.0
outer loop
vertex 6.39 -25.512 0.0
vertex 7.634 -25.168 0.0
vertex 8.504 -33.951 0.0
endloop
endfacet
facet normal 0.0 0.0 -1.0
outer loop
vertex 8.504 -33.951 0.0
vertex 7.634 -25.168 0.0
vertex 10.16 -33.493 0.0
endloop
endfacet
facet normal 0.2665630479668493 -0.9638174834783934 0.0
outer loop
vertex 8.504 -33.951 0.0
vertex 10.16 -33.493 0.0
vertex 8.504 -33.951 3.0
endloop
endfacet
facet normal 0.2665630479668493 -0.9638174834783934 0.0
outer loop
vertex 8.504 -33.951 3.0
vertex 10.16 -33.493 0.0
vertex 10.16 -33.493 3.0
endloop
endfacet
facet normal 0.0 -0.0 1.0
outer loop
vertex 8.504 -33.951 3.0
vertex 10.16 -33.493 3.0
vertex 7.241 -28.907 3.0
endloop
endfacet
facet normal -0.0 -0.0 0.9999999999999999
outer loop
vertex 7.241 -28.907 3.0
vertex 10.16 -33.493 3.0
vertex 8.65 -28.517 3.0
endloop
endfacet
facet normal 0.2667617972955243 -0.963762493306137 0.0
outer loop
vertex 7.241 -28.907 3.0
vertex 8.65 -28.517 3.0
vertex 7.241 -28.907 52.0
endloop
endfacet
facet normal 0.2667617972955243 -0.963762493306137 0.0
outer loop
vertex 7.241 -28.907 52.0
vertex 8.65 -28.517 3.0
vertex 8.65 -28.517 52.0
endloop
endfacet
facet normal 0.18865994417778129 -0.6815945162730604 0.7069910472200686
outer loop
vertex 7.241 -28.907 52.0
vertex 8.65 -28.517 52.0
vertex 6.998 -27.937 53.0
endloop
endfacet
facet normal 0.18866337965740218 -0.6815902469320423 0.7069942464146118
outer loop
vertex 6.998 -27.937 53.0
vertex 8.65 -28.517 52.0
vertex 8.36 -27.56 53.0
endloop
endfacet
facet normal 0.0 -0.0 1.0
outer loop
vertex 6.998 -27.937 53.0
vertex 8.36 -27.56 53.0
vertex 6.147 -24.542 53.0
endloop
endfacet
facet normal -0.0 -0.0 1.0
outer loop
vertex 6.147 -24.542 53.0
vertex 8.36 -27.56 53.0
vertex 7.344 -24.211 53.0
endloop
endfacet
facet normal -0.2665223961438998 0.9638287256321604 0.0
outer loop
vertex 6.147 -24.542 53.0
vertex 7.344 -24.211 53.0
vertex 6.147 -24.542 1.0
endloop
endfacet
facet normal -0.2665223961438998 0.9638287256321604 0.0
outer loop
vertex 6.147 -24.542 1.0
vertex 7.344 -24.211 53.0
vertex 7.344 -24.211 1.0
endloop
endfacet
facet normal -0.2658052726890953 0.9612353818998313 -0.0733082368807301
outer loop
vertex 6.147 -24.542 1.0
vertex 7.344 -24.211 1.0
vertex 6.15 -24.552 0.858
endloop
endfacet
facet normal -0.26667723563263235 0.9614838887116272 -0.06657314581199225
outer loop
vertex 6.15 -24.552 0.858
vertex 7.344 -24.211 1.0
vertex 7.347 -24.22 0.858
endloop
endfacet
facet normal -0.26140762273996926 0.9424847121076584 -0.20829935721644088
outer loop
vertex 6.15 -24.552 0.858
vertex 7.347 -24.22 0.858
vertex 6.157 -24.581 0.718
endloop
endfacet
facet normal -0.26079820373952906 0.9418585731436584 -0.2118648746772973
outer loop
vertex 6.157 -24.581 0.718
vertex 7.347 -24.22 0.858
vertex 7.356 -24.249 0.718
endloop
endfacet
facet normal -0.25011981946127443 0.9032941672712872 -0.3485681042297639
outer loop
vertex 6.157 -24.581 0.718
vertex 7.356 -24.249 0.718
vertex 6.169 -24.629 0.585
endloop
endfacet
facet normal -0.24940455076549822 0.9022134502089242 -0.35186397985524087
outer loop
vertex 6.169 -24.629 0.585
vertex 7.356 -24.249 0.718
vertex 7.37 -24.297 0.585
endloop
endfacet
facet normal -0.23361238270428497 0.8450857579151979 -0.4808901292562807
outer loop
vertex 6.169 -24.629 0.585
vertex 7.37 -24.297 0.585
vertex 6.186 -24.696 0.459
endloop
endfacet
facet normal -0.2338521319814731 0.8455194201372128 -0.48001051086257585
outer loop
vertex 6.186 -24.696 0.459
vertex 7.37 -24.297 0.585
vertex 7.39 -24.363 0.459
endloop
endfacet
facet normal -0.21317119186483544 0.7707450901058867 -0.600424890420604
outer loop
vertex 6.186 -24.696 0.459
vertex 7.39 -24.363 0.459
vertex 6.207 -24.779 0.345
endloop
endfacet
facet normal -0.2144747712696533 0.7733896229663899 -0.5965476205440227
outer loop
vertex 6.207 -24.779 0.345
vertex 7.39 -24.363 0.459
vertex 7.415 -24.444 0.345
endloop
endfacet
facet normal -0.18910266739043147 0.6818985737541512 -0.7065794479730346
outer loop
vertex 6.207 -24.779 0.345
vertex 7.415 -24.444 0.345
vertex 6.231 -24.877 0.244
endloop
endfacet
facet normal -0.18855334988674324 0.6807000399185137 -0.707880703156557
outer loop
vertex 6.231 -24.877 0.244
vertex 7.415 -24.444 0.345
vertex 7.444 -24.541 0.244
endloop
endfacet
facet normal -0.16003325630659368 0.5777391068449376 -0.8003792109356176
outer loop
vertex 6.231 -24.877 0.244
vertex 7.444 -24.541 0.244
vertex 6.259 -24.987 0.159
endloop
endfacet
facet normal -0.15916968311766497 0.5757502781021769 -0.801982935754551
outer loop
vertex 6.259 -24.987 0.159
vertex 7.444 -24.541 0.244
vertex 7.478 -24.65 0.159
endloop
endfacet
facet normal -0.1283116837035248 0.46413039298099934 -0.8764240355766548
outer loop
vertex 6.259 -24.987 0.159
vertex 7.478 -24.65 0.159
vertex 6.289 -25.109 0.09
endloop
endfacet
facet normal -0.1286900637541716 0.46503046636831646 -0.8758912791209953
outer loop
vertex 6.289 -25.109 0.09
vertex 7.478 -24.65 0.159
vertex 7.514 -24.77 0.09
endloop
endfacet
facet normal -0.09154088365893466 0.33078932885603035 -0.9392543247352755
outer loop
vertex 6.289 -25.109 0.09
vertex 7.514 -24.77 0.09
vertex 6.322 -25.239 0.041
endloop
endfacet
facet normal -0.0918227957288176 0.3314775998304226 -0.9389841186064897
outer loop
vertex 6.322 -25.239 0.041
vertex 7.514 -24.77 0.09
vertex 7.553 -24.898 0.041
endloop
endfacet
facet normal -0.05803917169509981 0.20951970779081416 -0.976080399657835
outer loop
vertex 6.322 -25.239 0.041
vertex 7.553 -24.898 0.041
vertex 6.356 -25.374 0.01
endloop
endfacet
facet normal -0.05822181114332499 0.20997195447315745 -0.9759723351826697
outer loop
vertex 6.356 -25.374 0.01
vertex 7.553 -24.898 0.041
vertex 7.593 -25.031 0.01
endloop
endfacet
facet normal -0.01876170293373089 0.06766246801465046 -0.9975318485768726
outer loop
vertex 6.356 -25.374 0.01
vertex 7.593 -25.031 0.01
vertex 6.39 -25.512 0.0
endloop
endfacet
facet normal -0.018596320852322868 0.06724948587293483 -0.9975628719537347
outer loop
vertex 6.39 -25.512 0.0
vertex 7.593 -25.031 0.01
vertex 7.634 -25.168 0.0
endloop
endfacet
facet normal 0.0 0.0 -1.0
outer loop
vertex 7.634 -25.168 0.0
vertex 8.86 -24.763 0.0
vertex 10.16 -33.493 0.0
endloop
endfacet
facet normal 0.0 0.0 -1.0
outer loop
vertex 10.16 -33.493 0.0
vertex 8.86 -24.763 0.0
vertex 11.791 -32.954 0.0
endloop
endfacet
facet normal 0.3137816638127325 -0.94949516452424 0.0
outer loop
vertex 10.16 -33.493 0.0
vertex 11.791 -32.954 0.0
vertex 10.16 -33.493 3.0
endloop
endfacet
facet normal 0.3137816638127325 -0.94949516452424 0.0
outer loop
vertex 10.16 -33.493 3.0
vertex 11.791 -32.954 0.0
vertex 11.791 -32.954 3.0
endloop
endfacet
facet normal 0.0 -0.0 1.0
outer loop
vertex 10.16 -33.493 3.0
vertex 11.791 -32.954 3.0
vertex 8.65 -28.517 3.0
endloop
endfacet
facet normal -0.0 -0.0 0.9999999999999999
outer loop
vertex 8.65 -28.517 3.0
vertex 11.791 -32.954 3.0
vertex 10.039 -28.058 3.0
endloop
endfacet
facet normal 0.31376579388482473 -0.949500408945581 0.0
outer loop
vertex 8.65 -28.517 3.0
vertex 10.039 -28.058 3.0
vertex 8.65 -28.517 52.0
endloop
endfacet
facet normal 0.31376579388482473 -0.949500408945581 0.0
outer loop
vertex 8.65 -28.517 52.0
vertex 10.039 -28.058 3.0
vertex 10.039 -28.058 52.0
endloop
endfacet
facet normal 0.22190320031784966 -0.6715109918115322 0.7069879472558134
outer loop
vertex 8.65 -28.517 52.0
vertex 10.039 -28.058 52.0
vertex 8.36 -27.56 53.0
endloop
endfacet
facet normal 0.2220858577975992 -0.6712595071269795 0.7071693897914056
outer loop
vertex 8.36 -27.56 53.0
vertex 10.039 -28.058 52.0
vertex 9.702 -27.116 53.0
endloop
endfacet
facet normal 0.0 -0.0 1.0
outer loop
vertex 8.36 -27.56 53.0
vertex 9.702 -27.116 53.0
vertex 7.344 -24.211 53.0
endloop
endfacet
facet normal -0.0 -0.0 1.0
outer loop
vertex 7.344 -24.211 53.0
vertex 9.702 -27.116 53.0
vertex 8.523 -23.821 53.0
endloop
endfacet
facet normal -0.3140527243637051 0.9494055436533614 0.0
outer loop
vertex 7.344 -24.211 53.0
vertex 8.523 -23.821 53.0
vertex 7.344 -24.211 1.0
endloop
endfacet
facet normal -0.3140527243637051 0.9494055436533614 0.0
outer loop
vertex 7.344 -24.211 1.0
vertex 8.523 -23.821 53.0
vertex 8.523 -23.821 1.0
endloop
endfacet
facet normal -0.31335419404647014 0.9472938327712588 -0.06665990899352885
outer loop
vertex 7.344 -24.211 1.0
vertex 8.523 -23.821 1.0
vertex 7.347 -24.22 0.858
endloop
endfacet
facet normal -0.3121938493962567 0.9470147616647383 -0.07548537333965062
outer loop
vertex 7.347 -24.22 0.858
vertex 8.523 -23.821 1.0
vertex 8.527 -23.831 0.858
endloop
endfacet
facet normal -0.30597531047173065 0.9281513273949678 -0.2119297592049955
outer loop
vertex 7.347 -24.22 0.858
vertex 8.527 -23.831 0.858
vertex 7.356 -24.249 0.718
endloop
endfacet
facet normal -0.3067362067266431 0.9288601542158166 -0.20768175989508472
outer loop
vertex 7.356 -24.249 0.718
vertex 8.527 -23.831 0.858
vertex 8.537 -23.859 0.718
endloop
endfacet
facet normal -0.29353941765652475 0.8888975698778426 -0.3517040240701462
outer loop
vertex 7.356 -24.249 0.718
vertex 8.537 -23.859 0.718
vertex 7.37 -24.297 0.585
endloop
endfacet
facet normal -0.29355214194608636 0.8889149259953061 -0.3516495333448125
outer loop
vertex 7.37 -24.297 0.585
vertex 8.537 -23.859 0.718
vertex 8.554 -23.906 0.585
endloop
endfacet
facet normal -0.2750925127721405 0.833016713867552 -0.48000756643412895
outer loop
vertex 7.37 -24.297 0.585
vertex 8.554 -23.906 0.585
vertex 7.39 -24.363 0.459
endloop
endfacet
facet normal -0.2751064926986363 0.833039303146127 -0.4799603494965706
outer loop
vertex 7.39 -24.363 0.459
vertex 8.554 -23.906 0.585
vertex 8.577 -23.971 0.459
endloop
endfacet
facet normal -0.25165758641163727 0.7620345792617702 -0.5966336893025791
outer loop
vertex 7.39 -24.363 0.459
vertex 8.577 -23.971 0.459
vertex 7.415 -24.444 0.345
endloop
endfacet
facet normal -0.2511511453734153 0.761122173383555 -0.598010149881685
outer loop
vertex 7.415 -24.444 0.345
vertex 8.577 -23.971 0.459
vertex 8.606 -24.051 0.345
endloop
endfacet
facet normal -0.22135461548936347 0.6708227660250162 -0.7078127936001881
outer loop
vertex 7.415 -24.444 0.345
vertex 8.606 -24.051 0.345
vertex 7.444 -24.541 0.244
endloop
endfacet
facet normal -0.2218959057354885 0.67186709685986 -0.7066518316504465
outer loop
vertex 7.444 -24.541 0.244
vertex 8.606 -24.051 0.345
vertex 8.64 -24.146 0.244
endloop
endfacet
facet normal -0.18728436645238736 0.5670686133596345 -0.8020958507715328
outer loop
vertex 7.444 -24.541 0.244
vertex 8.64 -24.146 0.244
vertex 7.478 -24.65 0.159
endloop
endfacet
facet normal -0.18682697828017303 0.5661423584247712 -0.8028564692296734
outer loop
vertex 7.478 -24.65 0.159
vertex 8.64 -24.146 0.244
vertex 8.678 -24.254 0.159
endloop
endfacet
facet normal -0.15122373483470913 0.45825374192336454 -0.8758623693457072
outer loop
vertex 7.478 -24.65 0.159
vertex 8.678 -24.254 0.159
vertex 7.514 -24.77 0.09
endloop
endfacet
facet normal -0.15247471527472833 0.46086342511609535 -0.8742747649292824
outer loop
vertex 7.514 -24.77 0.09
vertex 8.678 -24.254 0.159
vertex 8.72 -24.371 0.09
endloop
endfacet
facet normal -0.10803437104130618 0.3265399786361278 -0.9389889333884754
outer loop
vertex 7.514 -24.77 0.09
vertex 8.72 -24.371 0.09
vertex 7.553 -24.898 0.041
endloop
endfacet
facet normal -0.10804806179775606 0.3265692042366097 -0.9389771941778008
outer loop
vertex 7.553 -24.898 0.041
vertex 8.72 -24.371 0.09
vertex 8.765 -24.497 0.041
endloop
endfacet
facet normal -0.06845241003258429 0.2068935684775368 -0.9759658389940509
outer loop
vertex 7.553 -24.898 0.041
vertex 8.765 -24.497 0.041
vertex 7.593 -25.031 0.01
endloop
endfacet
facet normal -0.06767224779884004 0.20520514941986684 -0.9763766248376814
outer loop
vertex 7.593 -25.031 0.01
vertex 8.765 -24.497 0.041
vertex 8.812 -24.629 0.01
endloop
endfacet
facet normal -0.021855734946527546 0.06627398233785381 -0.9975620713093643
outer loop
vertex 7.593 -25.031 0.01
vertex 8.812 -24.629 0.01
vertex 7.634 -25.168 0.0
endloop
endfacet
facet normal -0.021989699900683644 0.06656635081046491 -0.9975396603835137
outer loop
vertex 7.634 -25.168 0.0
vertex 8.812 -24.629 0.01
vertex 8.86 -24.763 0.0
endloop
endfacet
facet normal 0.0 0.0 -1.0
outer loop
vertex 8.86 -24.763 0.0
vertex 10.065 -24.298 0.0
vertex 11.791 -32.954 0.0
endloop
endfacet
facet normal 0.0 0.0 -1.0
outer loop
vertex 11.791 -32.954 0.0
vertex 10.065 -24.298 0.0
vertex 13.394 -32.336 0.0
endloop
endfacet
facet normal 0.3597200569133035 -0.9330602770744716 0.0
outer loop
vertex 11.791 -32.954 0.0
vertex 13.394 -32.336 0.0
vertex 11.791 -32.954 3.0
endloop
endfacet
facet normal 0.3597200569133035 -0.9330602770744716 0.0
outer loop
vertex 11.791 -32.954 3.0
vertex 13.394 -32.336 0.0
vertex 13.394 -32.336 3.0
endloop
endfacet
facet normal 0.0 -0.0 1.0
outer loop
vertex 11.791 -32.954 3.0
vertex 13.394 -32.336 3.0
vertex 10.039 -28.058 3.0
endloop
endfacet
facet normal -0.0 -0.0 1.0
outer loop
vertex 10.039 -28.058 3.0
vertex 13.394 -32.336 3.0
vertex 11.404 -27.532 3.0
endloop
endfacet
facet normal 0.3595745149721447 -0.9331163744049007 0.0
outer loop
vertex 10.039 -28.058 3.0
vertex 11.404 -27.532 3.0
vertex 10.039 -28.058 52.0
endloop
endfacet
facet normal 0.3595745149721447 -0.9331163744049007 0.0
outer loop
vertex 10.039 -28.058 52.0
vertex 11.404 -27.532 3.0
vertex 11.404 -27.532 52.0
endloop
endfacet
facet normal 0.25423568263760676 -0.6597560965785807 0.7071676680258965
outer loop
vertex 10.039 -28.058 52.0
vertex 11.404 -27.532 52.0
vertex 9.702 -27.116 53.0
endloop
endfacet
facet normal 0.2541494068106544 -0.6598879283134921 0.7070756685701468
outer loop
vertex 9.702 -27.116 53.0
vertex 11.404 -27.532 52.0
vertex 11.021 -26.608 53.0
endloop
endfacet
facet normal 0.0 -0.0 1.0
outer loop
vertex 9.702 -27.116 53.0
vertex 11.021 -26.608 53.0
vertex 8.523 -23.821 53.0
endloop
endfacet
facet normal -0.0 -0.0 1.0
outer loop
vertex 8.523 -23.821 53.0
vertex 11.021 -26.608 53.0
vertex 9.682 -23.374 53.0
endloop
endfacet
facet normal -0.35984203547535537 0.9330132418700997 0.0
outer loop
vertex 8.523 -23.821 53.0
vertex 9.682 -23.374 53.0
vertex 8.523 -23.821 1.0
endloop
endfacet
facet normal -0.35984203547535537 0.9330132418700997 0.0
outer loop
vertex 8.523 -23.821 1.0
vertex 9.682 -23.374 53.0
vertex 9.682 -23.374 1.0
endloop
endfacet
facet normal -0.35881158356042253 0.9303414437282493 -0.07562437163043809
outer loop
vertex 8.523 -23.821 1.0
vertex 9.682 -23.374 1.0
vertex 8.527 -23.831 0.858
endloop
endfacet
facet normal -0.3588115835604194 0.9303414437282486 -0.07562437163046098
outer loop
vertex 8.527 -23.831 0.858
vertex 9.682 -23.374 1.0
vertex 9.686 -23.384 0.858
endloop
endfacet
facet normal -0.35199657493492525 0.9126712088357481 -0.2076768542625195
outer loop
vertex 8.527 -23.831 0.858
vertex 9.686 -23.384 0.858
vertex 8.537 -23.859 0.718
endloop
endfacet
facet normal -0.35154778135349 0.9122940187249335 -0.21008041513703615
outer loop
vertex 8.537 -23.859 0.718
vertex 9.686 -23.384 0.858
vertex 9.697 -23.412 0.718
endloop
endfacet
facet normal -0.33659923090190563 0.8735013598349163 -0.35170489351556894
outer loop
vertex 8.537 -23.859 0.718
vertex 9.697 -23.412 0.718
vertex 8.554 -23.906 0.585
endloop
endfacet
facet normal -0.3369272663193705 0.8739050970158659 -0.3503853573142659
outer loop
vertex 8.554 -23.906 0.585
vertex 9.697 -23.412 0.718
vertex 9.716 -23.458 0.585
endloop
endfacet
facet normal -0.3156016217286874 0.8185917063587816 -0.4798991921673142
outer loop
vertex 8.554 -23.906 0.585
vertex 9.716 -23.458 0.585
vertex 8.577 -23.971 0.459
endloop
endfacet
facet normal -0.3163309470618187 0.8196486317201808 -0.477609518801927
outer loop
vertex 8.577 -23.971 0.459
vertex 9.716 -23.458 0.585
vertex 9.743 -23.521 0.459
endloop
endfacet
facet normal -0.28855514854504677 0.7476784515633893 -0.5980910125690896
outer loop
vertex 8.577 -23.971 0.459
vertex 9.743 -23.521 0.459
vertex 8.606 -24.051 0.345
endloop
endfacet
facet normal -0.28828894627477963 0.747250062517117 -0.5987543966635582
outer loop
vertex 8.606 -24.051 0.345
vertex 9.743 -23.521 0.459
vertex 9.775 -23.6 0.345
endloop
endfacet
facet normal -0.25468016850748154 0.6601355143797074 -0.7066534613398848
outer loop
vertex 8.606 -24.051 0.345
vertex 9.775 -23.6 0.345
vertex 8.64 -24.146 0.244
endloop
endfacet
facet normal -0.25479826783936815 0.6603381157691357 -0.7064215565570782
outer loop
vertex 8.64 -24.146 0.244
vertex 9.775 -23.6 0.345
vertex 9.814 -23.693 0.244
endloop
endfacet
facet normal -0.21465195902052467 0.5562944809935897 -0.8027832751775061
outer loop
vertex 8.64 -24.146 0.244
vertex 9.814 -23.693 0.244
vertex 8.678 -24.254 0.159
endloop
endfacet
facet normal -0.21416864270909464 0.5554263701027045 -0.8035131236480695
outer loop
vertex 8.678 -24.254 0.159
vertex 9.814 -23.693 0.244
vertex 9.858 -23.799 0.159
endloop
endfacet
facet normal -0.1746397677610611 0.45291192518253015 -0.8742835578597007
outer loop
vertex 8.678 -24.254 0.159
vertex 9.858 -23.799 0.159
vertex 8.72 -24.371 0.09
endloop
endfacet
facet normal -0.17422276626240854 0.45214048312301486 -0.874765917967293
outer loop
vertex 8.72 -24.371 0.09
vertex 9.858 -23.799 0.159
vertex 9.906 -23.914 0.09
endloop
endfacet
facet normal -0.12368421432126872 0.32098354088627046 -0.9389737917577052
outer loop
vertex 8.72 -24.371 0.09
vertex 9.906 -23.914 0.09
vertex 8.765 -24.497 0.041
endloop
endfacet
facet normal -0.12337483966921173 0.32039827643943464 -0.9392143490126393
outer loop
vertex 8.765 -24.497 0.041
vertex 9.906 -23.914 0.09
vertex 9.957 -24.038 0.041
endloop
endfacet
facet normal -0.07764958829751956 0.2016520898706828 -0.9763744036423792
outer loop
vertex 8.765 -24.497 0.041
vertex 9.957 -24.038 0.041
vertex 8.812 -24.629 0.01
endloop
endfacet
facet normal -0.07809181721700031 0.20249782906053346 -0.9761640729454848
outer loop
vertex 8.812 -24.629 0.01
vertex 9.957 -24.038 0.041
vertex 10.01 -24.167 0.01
endloop
endfacet
facet normal -0.02522403880767169 0.06540778894283704 -0.9975397581108426
outer loop
vertex 8.812 -24.629 0.01
vertex 10.01 -24.167 0.01
vertex 8.86 -24.763 0.0
endloop
endfacet
facet normal -0.025287657266783094 0.0655303806590826 -0.9975301016012665
outer loop
vertex 8.86 -24.763 0.0
vertex 10.01 -24.167 0.01
vertex 10.065 -24.298 0.0
endloop
endfacet
facet normal 0.0 0.0 -1.0
outer loop
vertex 10.065 -24.298 0.0
vertex 11.245 -23.775 0.0
vertex 13.394 -32.336 0.0
endloop
endfacet
facet normal 0.0 0.0 -1.0
outer loop
vertex 13.394 -32.336 0.0
vertex 11.245 -23.775 0.0
vertex 14.964 -31.64 0.0
endloop
endfacet
facet normal 0.4052738537934065 -0.9141953311144401 0.0
outer loop
vertex 13.394 -32.336 0.0
vertex 14.964 -31.64 0.0
vertex 13.394 -32.336 3.0
endloop
endfacet
facet normal 0.4052738537934065 -0.9141953311144401 0.0
outer loop
vertex 13.394 -32.336 3.0
vertex 14.964 -31.64 0.0
vertex 14.964 -31.64 3.0
endloop
endfacet
facet normal 0.0 -0.0 1.0
outer loop
vertex 13.394 -32.336 3.0
vertex 14.964 -31.64 3.0
vertex 11.404 -27.532 3.0
endloop
endfacet
facet normal -0.0 -0.0 0.9999999999999999
outer loop
vertex 11.404 -27.532 3.0
vertex 14.964 -31.64 3.0
vertex 12.741 -26.939 3.0
endloop
endfacet
facet normal 0.4054405396489565 -0.9141214190736168 0.0
outer loop
vertex 11.404 -27.532 3.0
vertex 12.741 -26.939 3.0
vertex 11.404 -27.532 52.0
endloop
endfacet
facet normal 0.4054405396489565 -0.9141214190736168 0.0
outer loop
vertex 11.404 -27.532 52.0
vertex 12.741 -26.939 3.0
vertex 12.741 -26.939 52.0
endloop
endfacet
facet normal 0.2866995143387226 -0.6464034581296325 0.7070827093035107
outer loop
vertex 11.404 -27.532 52.0
vertex 12.741 -26.939 52.0
vertex 11.021 -26.608 53.0
endloop
endfacet
facet normal 0.28656155240778475 -0.6466388957474088 0.7069233446337816
outer loop
vertex 11.021 -26.608 53.0
vertex 12.741 -26.939 52.0
vertex 12.314 -26.035 53.0
endloop
endfacet
facet normal 0.0 -0.0 0.9999999999999999
outer loop
vertex 11.021 -26.608 53.0
vertex 12.314 -26.035 53.0
vertex 9.682 -23.374 53.0
endloop
endfacet
facet normal -0.0 -0.0 1.0
outer loop
vertex 9.682 -23.374 53.0
vertex 12.314 -26.035 53.0
vertex 10.817 -22.871 53.0
endloop
endfacet
facet normal -0.40516665365370896 0.9142428467136372 0.0
outer loop
vertex 9.682 -23.374 53.0
vertex 10.817 -22.871 53.0
vertex 9.682 -23.374 1.0
endloop
endfacet
facet normal -0.40516665365370896 0.9142428467136372 0.0
outer loop
vertex 9.682 -23.374 1.0
vertex 10.817 -22.871 53.0
vertex 10.817 -22.871 1.0
endloop
endfacet
facet normal -0.40400778297646617 0.9116278999568369 -0.07557964881320754
outer loop
vertex 9.682 -23.374 1.0
vertex 10.817 -22.871 1.0
vertex 9.686 -23.384 0.858
endloop
endfacet
facet normal -0.4048669447857899 0.911753933198155 -0.0691919237882161
outer loop
vertex 9.686 -23.384 0.858
vertex 10.817 -22.871 1.0
vertex 10.821 -22.88 0.858
endloop
endfacet
facet normal -0.3967991568027095 0.8935854027203849 -0.20989415714999363
outer loop
vertex 9.686 -23.384 0.858
vertex 10.821 -22.88 0.858
vertex 9.697 -23.412 0.718
endloop
endfacet
facet normal -0.3957391732593378 0.8927687301505342 -0.2153009549756308
outer loop
vertex 9.697 -23.412 0.718
vertex 10.821 -22.88 0.858
vertex 10.834 -22.908 0.718
endloop
endfacet
facet normal -0.37955500404642806 0.8562580150809341 -0.35037153210980904
outer loop
vertex 9.697 -23.412 0.718
vertex 10.834 -22.908 0.718
vertex 9.716 -23.458 0.585
endloop
endfacet
facet normal -0.3790655946718442 0.8557124315364424 -0.3522293421196916
outer loop
vertex 9.716 -23.458 0.585
vertex 10.834 -22.908 0.718
vertex 10.856 -22.953 0.585
endloop
endfacet
facet normal -0.3557926765551578 0.8031755470750116 -0.47782906137077175
outer loop
vertex 9.716 -23.458 0.585
vertex 10.856 -22.953 0.585
vertex 9.743 -23.521 0.459
endloop
endfacet
facet normal -0.35765219868461523 0.8055992325400971 -0.4723291027523787
outer loop
vertex 9.743 -23.521 0.459
vertex 10.856 -22.953 0.585
vertex 10.885 -23.014 0.459
endloop
endfacet
facet normal -0.3250392721984216 0.732139741322675 -0.5985990901301863
outer loop
vertex 9.743 -23.521 0.459
vertex 10.885 -23.014 0.459
vertex 9.775 -23.6 0.345
endloop
endfacet
facet normal -0.3228707910372474 0.7290015695270097 -0.6035819446621465
outer loop
vertex 9.775 -23.6 0.345
vertex 10.885 -23.014 0.459
vertex 10.922 -23.092 0.345
endloop
endfacet
facet normal -0.2865922078833077 0.6470890992955755 -0.7064988350686872
outer loop
vertex 9.775 -23.6 0.345
vertex 10.922 -23.092 0.345
vertex 9.814 -23.693 0.244
endloop
endfacet
facet normal -0.28699555643505936 0.6477095793269654 -0.7057661450045732
outer loop
vertex 9.814 -23.693 0.244
vertex 10.922 -23.092 0.345
vertex 10.965 -23.183 0.244
endloop
endfacet
facet normal -0.24114778726245478 0.5442374571354599 -0.8035255658341869
outer loop
vertex 9.814 -23.693 0.244
vertex 10.965 -23.183 0.244
vertex 9.858 -23.799 0.159
endloop
endfacet
facet normal -0.24243149630019992 0.5462978747037658 -0.8017391107435105
outer loop
vertex 9.858 -23.799 0.159
vertex 10.965 -23.183 0.244
vertex 11.014 -23.286 0.159
endloop
endfacet
facet normal -0.19652370313344114 0.4428487345463129 -0.8747933655540879
outer loop
vertex 9.858 -23.799 0.159
vertex 11.014 -23.286 0.159
vertex 9.906 -23.914 0.09
endloop
endfacet
facet normal -0.1962132990312702 0.44233716538894063 -0.8751218048928631
outer loop
vertex 9.906 -23.914 0.09
vertex 11.014 -23.286 0.159
vertex 11.067 -23.399 0.09
endloop
endfacet
facet normal -0.13922861715912419 0.31387266897425814 -0.9392014373045506
outer loop
vertex 9.906 -23.914 0.09
vertex 11.067 -23.399 0.09
vertex 9.957 -24.038 0.041
endloop
endfacet
facet normal -0.1395882327458589 0.31447773670736895 -0.9389456205735764
outer loop
vertex 9.957 -24.038 0.041
vertex 11.067 -23.399 0.09
vertex 11.124 -23.52 0.041
endloop
endfacet
facet normal -0.08806401027122678 0.19839903472301448 -0.9761570330207764
outer loop
vertex 9.957 -24.038 0.041
vertex 11.124 -23.52 0.041
vertex 10.01 -24.167 0.01
endloop
endfacet
facet normal -0.08799017702010688 0.1982734507132539 -0.9761892068089205
outer loop
vertex 10.01 -24.167 0.01
vertex 11.124 -23.52 0.041
vertex 11.184 -23.646 0.01
endloop
endfacet
facet normal -0.028485426353953926 0.06418788971121275 -0.9975312001636112
outer loop
vertex 10.01 -24.167 0.01
vertex 11.184 -23.646 0.01
vertex 10.065 -24.298 0.0
endloop
endfacet
facet normal -0.028335389395862644 0.06393070647632491 -0.9975519888593392
outer loop
vertex 10.065 -24.298 0.0
vertex 11.184 -23.646 0.01
vertex 11.245 -23.775 0.0
endloop
endfacet
facet normal 0.0 0.0 -1.0
outer loop
vertex 11.245 -23.775 0.0
vertex 12.398 -23.195 0.0
vertex 14.964 -31.64 0.0
endloop
endfacet
facet normal 0.0 0.0 -1.0
outer loop
vertex 14.964 -31.64 0.0
vertex 12.398 -23.195 0.0
vertex 16.499 -30.867 0.0
endloop
endfacet
facet normal 0.4497719141044609 -0.8931434516822083 0.0
outer loop
vertex 14.964 -31.64 0.0
vertex 16.499 -30.867 0.0
vertex 14.964 -31.64 3.0
endloop
endfacet
facet normal 0.4497719141044609 -0.8931434516822083 0.0
outer loop
vertex 14.964 -31.64 3.0
vertex 16.499 -30.867 0.0
vertex 16.499 -30.867 3.0
endloop
endfacet
facet normal 0.0 -0.0 0.9999999999999999
outer loop
vertex 14.964 -31.64 3.0
vertex 16.499 -30.867 3.0
vertex 12.741 -26.939 3.0
endloop
endfacet
facet normal -0.0 -0.0 1.0
outer loop
vertex 12.741 -26.939 3.0
vertex 16.499 -30.867 3.0
vertex 14.048 -26.281 3.0
endloop
endfacet
facet normal 0.44967211591567346 -0.8931937013704928 0.0
outer loop
vertex 12.741 -26.939 3.0
vertex 14.048 -26.281 3.0
vertex 12.741 -26.939 52.0
endloop
endfacet
facet normal 0.44967211591567346 -0.8931937013704928 0.0
outer loop
vertex 12.741 -26.939 52.0
vertex 14.048 -26.281 3.0
vertex 14.048 -26.281 52.0
endloop
endfacet
facet normal 0.31805252618560126 -0.631754789854985 0.706914758710158
outer loop
vertex 12.741 -26.939 52.0
vertex 14.048 -26.281 52.0
vertex 12.314 -26.035 53.0
endloop
endfacet
facet normal 0.3182192867916746 -0.6314351256778208 0.7071252842135068
outer loop
vertex 12.314 -26.035 53.0
vertex 14.048 -26.281 52.0
vertex 13.576 -25.399 53.0
endloop
endfacet
facet normal 0.0 -0.0 1.0
outer loop
vertex 12.314 -26.035 53.0
vertex 13.576 -25.399 53.0
vertex 10.817 -22.871 53.0
endloop
endfacet
facet normal -0.0 -0.0 1.0
outer loop
vertex 10.817 -22.871 53.0
vertex 13.576 -25.399 53.0
vertex 11.926 -22.313 53.0
endloop
endfacet
facet normal -0.44946756650161107 0.893296650986177 0.0
outer loop
vertex 10.817 -22.871 53.0
vertex 11.926 -22.313 53.0
vertex 10.817 -22.871 1.0
endloop
endfacet
facet normal -0.44946756650161107 0.893296650986177 0.0
outer loop
vertex 10.817 -22.871 1.0
vertex 11.926 -22.313 53.0
vertex 11.926 -22.313 1.0
endloop
endfacet
facet normal -0.4483928229759738 0.8911606463805647 -0.06911279654457106
outer loop
vertex 10.817 -22.871 1.0
vertex 11.926 -22.313 1.0
vertex 10.821 -22.88 0.858
endloop
endfacet
facet normal -0.4479704342018832 0.8911239820144986 -0.0722532958390124
outer loop
vertex 10.821 -22.88 0.858
vertex 11.926 -22.313 1.0
vertex 11.931 -22.322 0.858
endloop
endfacet
facet normal -0.4386176767429798 0.8725190343811962 -0.2152325911452439
outer loop
vertex 10.821 -22.88 0.858
vertex 11.931 -22.322 0.858
vertex 10.834 -22.908 0.718
endloop
endfacet
facet normal -0.4404212860289531 0.8737643728181521 -0.20631265498341156
outer loop
vertex 10.834 -22.908 0.718
vertex 11.931 -22.322 0.858
vertex 11.945 -22.348 0.718
endloop
endfacet
facet normal -0.42122591133025095 0.8356821205141198 -0.35242605618345446
outer loop
vertex 10.834 -22.908 0.718
vertex 11.945 -22.348 0.718
vertex 10.856 -22.953 0.585
endloop
endfacet
facet normal -0.4212135146262752 0.8356695931890269 -0.3524705748221641
outer loop
vertex 10.856 -22.953 0.585
vertex 11.945 -22.348 0.718
vertex 11.969 -22.392 0.585
endloop
endfacet
facet normal -0.39672158089158316 0.7870786444426595 -0.4723549456893498
outer loop
vertex 10.856 -22.953 0.585
vertex 11.969 -22.392 0.585
vertex 10.885 -23.014 0.459
endloop
endfacet
facet normal -0.3941001632675869 0.7839853515269641 -0.47963739418815543
outer loop
vertex 10.885 -23.014 0.459
vertex 11.969 -22.392 0.585
vertex 12.001 -22.453 0.459
endloop
endfacet
facet normal -0.35808500357010214 0.7123402210057644 -0.6036112488644148
outer loop
vertex 10.885 -23.014 0.459
vertex 12.001 -22.453 0.459
vertex 10.922 -23.092 0.345
endloop
endfacet
facet normal -0.3608599307130959 0.7159614582765146 -0.5976447947303704
outer loop
vertex 10.922 -23.092 0.345
vertex 12.001 -22.453 0.459
vertex 12.041 -22.528 0.345
endloop
endfacet
facet normal -0.3188641583175598 0.6326400587896265 -0.7057564768070443
outer loop
vertex 10.922 -23.092 0.345
vertex 12.041 -22.528 0.345
vertex 10.965 -23.183 0.244
endloop
endfacet
facet normal -0.31790052651974615 0.6313077593784372 -0.7073823352240608
outer loop
vertex 10.965 -23.183 0.244
vertex 12.041 -22.528 0.345
vertex 12.089 -22.617 0.244
endloop
endfacet
facet normal -0.2687900950758115 0.5337810368643335 -0.8017666053616684
outer loop
vertex 10.965 -23.183 0.244
vertex 12.089 -22.617 0.244
vertex 11.014 -23.286 0.159
endloop
endfacet
facet normal -0.26789739088404196 0.532493229415639 -0.8029208856319695
outer loop
vertex 11.014 -23.286 0.159
vertex 12.089 -22.617 0.244
vertex 12.143 -22.718 0.159
endloop
endfacet
facet normal -0.21750562067825252 0.43233071434110343 -0.8750894002390152
outer loop
vertex 11.014 -23.286 0.159
vertex 12.143 -22.718 0.159
vertex 11.067 -23.399 0.09
endloop
endfacet
facet normal -0.21747784343386725 0.43228958370829895 -0.8751166227610236
outer loop
vertex 11.067 -23.399 0.09
vertex 12.143 -22.718 0.159
vertex 12.202 -22.828 0.09
endloop
endfacet
facet normal -0.15463972304239032 0.30738368765869095 -0.9389365391860716
outer loop
vertex 11.067 -23.399 0.09
vertex 12.202 -22.828 0.09
vertex 11.124 -23.52 0.041
endloop
endfacet
facet normal -0.15461893773681956 0.3073522786719716 -0.9389502440961843
outer loop
vertex 11.124 -23.52 0.041
vertex 12.202 -22.828 0.09
vertex 12.265 -22.946 0.041
endloop
endfacet
facet normal -0.09747377233919365 0.1937588401376661 -0.9761948450870211
outer loop
vertex 11.124 -23.52 0.041
vertex 12.265 -22.946 0.041
vertex 11.184 -23.646 0.01
endloop
endfacet
facet normal -0.09746037797610435 0.19373839434764537 -0.976200240360732
outer loop
vertex 11.184 -23.646 0.01
vertex 12.265 -22.946 0.041
vertex 12.331 -23.069 0.01
endloop
endfacet
facet normal -0.03142539344594817 0.062469542950610836 -0.99755200408315
outer loop
vertex 11.184 -23.646 0.01
vertex 12.331 -23.069 0.01
vertex 11.245 -23.775 0.0
endloop
endfacet
facet normal -0.03142102585485658 0.06246283243215475 -0.9975525618726971
outer loop
vertex 11.245 -23.775 0.0
vertex 12.331 -23.069 0.01
vertex 12.398 -23.195 0.0
endloop
endfacet
facet normal 0.0 0.0 -1.0
outer loop
vertex 12.398 -23.195 0.0
vertex 13.521 -22.558 0.0
vertex 16.499 -30.867 0.0
endloop
endfacet
facet normal 0.0 0.0 -1.0
outer loop
vertex 16.499 -30.867 0.0
vertex 13.521 -22.558 0.0
vertex 17.994 -30.021 0.0
endloop
endfacet
facet normal 0.4924983926643023 -0.8703133534670595 0.0
outer loop
vertex 16.499 -30.867 0.0
vertex 17.994 -30.021 0.0
vertex 16.499 -30.867 3.0
endloop
endfacet
facet normal 0.4924983926643023 -0.8703133534670595 0.0
outer loop
vertex 16.499 -30.867 3.0
vertex 17.994 -30.021 0.0
vertex 17.994 -30.021 3.0
endloop
endfacet
facet normal 0.0 -0.0 1.0
outer loop
vertex 16.499 -30.867 3.0
vertex 17.994 -30.021 3.0
vertex 14.048 -26.281 3.0
endloop
endfacet
facet normal -0.0 -0.0 1.0
outer loop
vertex 14.048 -26.281 3.0
vertex 17.994 -30.021 3.0
vertex 15.32 -25.56 3.0
endloop
endfacet
facet normal 0.4931161076347586 -0.8699635075054271 0.0
outer loop
vertex 14.048 -26.281 3.0
vertex 15.32 -25.56 3.0
vertex 14.048 -26.281 52.0
endloop
endfacet
facet normal 0.4931161076347586 -0.8699635075054271 0.0
outer loop
vertex 14.048 -26.281 52.0
vertex 15.32 -25.56 3.0
vertex 15.32 -25.56 52.0
endloop
endfacet
facet normal 0.348675524415024 -0.6151390666517482 0.7071275043107318
outer loop
vertex 14.048 -26.281 52.0
vertex 15.32 -25.56 52.0
vertex 13.576 -25.399 53.0
endloop
endfacet
facet normal 0.3484075390775314 -0.6157202199214975 0.7067537035585745
outer loop
vertex 13.576 -25.399 53.0
vertex 15.32 -25.56 52.0
vertex 14.806 -24.703 53.0
endloop
endfacet
facet normal 0.0 -0.0 1.0
outer loop
vertex 13.576 -25.399 53.0
vertex 14.806 -24.703 53.0
vertex 11.926 -22.313 53.0
endloop
endfacet
facet normal -0.0 -0.0 1.0
outer loop
vertex 11.926 -22.313 53.0
vertex 14.806 -24.703 53.0
vertex 13.007 -21.701 53.0
endloop
endfacet
facet normal -0.4926672379199338 0.8702177846265517 0.0
outer loop
vertex 11.926 -22.313 53.0
vertex 13.007 -21.701 53.0
vertex 11.926 -22.313 1.0
endloop
endfacet
facet normal -0.4926672379199338 0.8702177846265517 0.0
outer loop
vertex 11.926 -22.313 1.0
vertex 13.007 -21.701 53.0
vertex 13.007 -21.701 1.0
endloop
endfacet
facet normal -0.4913774549531591 0.8679395895496179 -0.07231227873740943
outer loop
vertex 11.926 -22.313 1.0
vertex 13.007 -21.701 1.0
vertex 11.931 -22.322 0.858
endloop
endfacet
facet normal -0.49219344570299806 0.8679626668922381 -0.06623006030741208
outer loop
vertex 11.931 -22.322 0.858
vertex 13.007 -21.701 1.0
vertex 13.012 -21.709 0.858
endloop
endfacet
facet normal -0.4826616126248433 0.8511536757707286 -0.20633755819133656
outer loop
vertex 11.931 -22.322 0.858
vertex 13.012 -21.709 0.858
vertex 11.945 -22.348 0.718
endloop
endfacet
facet normal -0.48129163909561623 0.8503080671134631 -0.21291911407485528
outer loop
vertex 11.945 -22.348 0.718
vertex 13.012 -21.709 0.858
vertex 13.028 -21.735 0.718
endloop
endfacet
facet normal -0.46095081512115976 0.8143715053445618 -0.35259523156442507
outer loop
vertex 11.945 -22.348 0.718
vertex 13.028 -21.735 0.718
vertex 11.969 -22.392 0.585
endloop
endfacet
facet normal -0.4616285748646854 0.8149924676764153 -0.35026609384738766
outer loop
vertex 11.969 -22.392 0.585
vertex 13.028 -21.735 0.718
vertex 13.053 -21.778 0.585
endloop
endfacet
facet normal -0.43249673819740875 0.7635610166221354 -0.47950093362116936
outer loop
vertex 11.969 -22.392 0.585
vertex 13.053 -21.778 0.585
vertex 12.001 -22.453 0.459
endloop
endfacet
facet normal -0.4330341004265576 0.7641364726682928 -0.4780971857330072
outer loop
vertex 12.001 -22.453 0.459
vertex 13.053 -21.778 0.585
vertex 13.088 -21.837 0.459
endloop
endfacet
facet normal -0.39530310097892474 0.6975559590326157 -0.597621236549149
outer loop
vertex 12.001 -22.453 0.459
vertex 13.088 -21.837 0.459
vertex 12.041 -22.528 0.345
endloop
endfacet
facet normal -0.39478918246085276 0.6969498350562963 -0.5986672104156807
outer loop
vertex 12.041 -22.528 0.345
vertex 13.088 -21.837 0.459
vertex 13.132 -21.91 0.345
endloop
endfacet
facet normal -0.3483457502677872 0.6149598924630363 -0.7074458063570832
outer loop
vertex 12.041 -22.528 0.345
vertex 13.132 -21.91 0.345
vertex 12.089 -22.617 0.244
endloop
endfacet
facet normal -0.34783498159630855 0.6143214594321886 -0.7082513466693878
outer loop
vertex 12.089 -22.617 0.244
vertex 13.132 -21.91 0.345
vertex 13.184 -21.997 0.244
endloop
endfacet
facet normal -0.2936954175389667 0.5187040035567221 -0.8029253753686204
outer loop
vertex 12.089 -22.617 0.244
vertex 13.184 -21.997 0.244
vertex 12.143 -22.718 0.159
endloop
endfacet
facet normal -0.2939984732375162 0.5190984278672025 -0.802559480611754
outer loop
vertex 12.143 -22.718 0.159
vertex 13.184 -21.997 0.244
vertex 13.243 -22.095 0.159
endloop
endfacet
facet normal -0.23846378344675878 0.42104359838111416 -0.8751327397866797
outer loop
vertex 12.143 -22.718 0.159
vertex 13.243 -22.095 0.159
vertex 12.202 -22.828 0.09
endloop
endfacet
facet normal -0.23872617395045306 0.4213936457112647 -0.8748926844048629
outer loop
vertex 12.202 -22.828 0.09
vertex 13.243 -22.095 0.159
vertex 13.307 -22.202 0.09
endloop
endfacet
facet normal -0.16959098383013033 0.2993578867928031 -0.9389482167928517
outer loop
vertex 12.202 -22.828 0.09
vertex 13.307 -22.202 0.09
vertex 12.265 -22.946 0.041
endloop
endfacet
facet normal -0.16912333619334127 0.2987218227516718 -0.9392350982404528
outer loop
vertex 12.265 -22.946 0.041
vertex 13.307 -22.202 0.09
vertex 13.376 -22.317 0.041
endloop
endfacet
facet normal -0.10683802434571504 0.18870754379664395 -0.9762044352839941
outer loop
vertex 12.265 -22.946 0.041
vertex 13.376 -22.317 0.041
vertex 12.331 -23.069 0.01
endloop
endfacet
facet normal -0.10729844135454647 0.1893402195782444 -0.9760314163657577
outer loop
vertex 12.331 -23.069 0.01
vertex 13.376 -22.317 0.041
vertex 13.448 -22.436 0.01
endloop
endfacet
facet normal -0.03447666434206003 0.06083796851513609 -0.9975520543825251
outer loop
vertex 12.331 -23.069 0.01
vertex 13.448 -22.436 0.01
vertex 12.398 -23.195 0.0
endloop
endfacet
facet normal -0.03462697658393952 0.06104567457419794 -0.997534158867974
outer loop
vertex 12.398 -23.195 0.0
vertex 13.448 -22.436 0.01
vertex 13.521 -22.558 0.0
endloop
endfacet
facet normal 0.0 0.0 -1.0
outer loop
vertex 13.521 -22.558 0.0
vertex 14.611 -21.868 0.0
vertex 17.994 -30.021 0.0
endloop
endfacet
facet normal 0.0 0.0 -1.0
outer loop
vertex 17.994 -30.021 0.0
vertex 14.611 -21.868 0.0
vertex 19.445 -29.101 0.0
endloop
endfacet
facet normal 0.535481275972437 -0.8445470993869619 0.0
outer loop
vertex 17.994 -30.021 0.0
vertex 19.445 -29.101 0.0
vertex 17.994 -30.021 3.0
endloop
endfacet
facet normal 0.535481275972437 -0.8445470993869619 0.0
outer loop
vertex 17.994 -30.021 3.0
vertex 19.445 -29.101 0.0
vertex 19.445 -29.101 3.0
endloop
endfacet
facet normal 0.0 -0.0 1.0
outer loop
vertex 17.994 -30.021 3.0
vertex 19.445 -29.101 3.0
vertex 15.32 -25.56 3.0
endloop
endfacet
facet normal -0.0 -0.0 1.0
outer loop
vertex 15.32 -25.56 3.0
vertex 19.445 -29.101 3.0
vertex 16.556 -24.778 3.0
endloop
endfacet
facet normal 0.5346616421502853 -0.8450662272349784 0.0
outer loop
vertex 15.32 -25.56 3.0
vertex 16.556 -24.778 3.0
vertex 15.32 -25.56 52.0
endloop
endfacet
facet normal 0.5346616421502853 -0.8450662272349784 0.0
outer loop
vertex 15.32 -25.56 52.0
vertex 16.556 -24.778 3.0
vertex 16.556 -24.778 52.0
endloop
endfacet
facet normal 0.3782447948672612 -0.5978395990485103 0.7067663609463455
outer loop
vertex 15.32 -25.56 52.0
vertex 16.556 -24.778 52.0
vertex 14.806 -24.703 53.0
endloop
endfacet
facet normal 0.37855065867284166 -0.5970799028472583 0.7072446453910176
outer loop
vertex 14.806 -24.703 53.0
vertex 16.556 -24.778 52.0
vertex 16.0 -23.946 53.0
endloop
endfacet
facet normal 0.0 -0.0 1.0
outer loop
vertex 14.806 -24.703 53.0
vertex 16.0 -23.946 53.0
vertex 13.007 -21.701 53.0
endloop
endfacet
facet normal -0.0 -0.0 1.0
outer loop
vertex 13.007 -21.701 53.0
vertex 16.0 -23.946 53.0
vertex 14.056 -21.036 53.0
endloop
endfacet
facet normal -0.5354159712476543 0.8445885020132177 0.0
outer loop
vertex 13.007 -21.701 53.0
vertex 14.056 -21.036 53.0
vertex 13.007 -21.701 1.0
endloop
endfacet
facet normal -0.5354159712476543 0.8445885020132177 0.0
outer loop
vertex 13.007 -21.701 1.0
vertex 14.056 -21.036 53.0
vertex 14.056 -21.036 1.0
endloop
endfacet
facet normal -0.534238305238037 0.8427308002927838 -0.06628899949670546
outer loop
vertex 13.007 -21.701 1.0
vertex 14.056 -21.036 1.0
vertex 13.012 -21.709 0.858
endloop
endfacet
facet normal -0.5329344370405574 0.8427427091755819 -0.07593162679453515
outer loop
vertex 13.012 -21.709 0.858
vertex 14.056 -21.036 1.0
vertex 14.062 -21.045 0.858
endloop
endfacet
facet normal -0.5222077073777097 0.8257802601605365 -0.21304007201583675
outer loop
vertex 13.012 -21.709 0.858
vertex 14.062 -21.045 0.858
vertex 13.028 -21.735 0.718
endloop
endfacet
facet normal -0.5234180856848331 0.8264496089760522 -0.2073994971096962
outer loop
vertex 13.028 -21.735 0.718
vertex 14.062 -21.045 0.858
vertex 14.078 -21.07 0.718
endloop
endfacet
facet normal -0.5011970029372619 0.7913636888483084 -0.3500643886760034
outer loop
vertex 13.028 -21.735 0.718
vertex 14.078 -21.07 0.718
vertex 13.053 -21.778 0.585
endloop
endfacet
facet normal -0.5013548445147399 0.7914942297961353 -0.3495428501357503
outer loop
vertex 13.053 -21.778 0.585
vertex 14.078 -21.07 0.718
vertex 14.106 -21.111 0.585
endloop
endfacet
facet normal -0.4700149429687852 0.7420175936223866 -0.4780123891081613
outer loop
vertex 13.053 -21.778 0.585
vertex 14.106 -21.111 0.585
vertex 13.088 -21.837 0.459
endloop
endfacet
facet normal -0.47019669684793464 0.7421938891949463 -0.4775597314629569
outer loop
vertex 13.088 -21.837 0.459
vertex 14.106 -21.111 0.585
vertex 14.144 -21.168 0.459
endloop
endfacet
facet normal -0.42864895097552724 0.676611797055541 -0.5987124125261241
outer loop
vertex 13.088 -21.837 0.459
vertex 14.144 -21.168 0.459
vertex 13.132 -21.91 0.345
endloop
endfacet
facet normal -0.42759435880520197 0.6754843820171604 -0.6007361433848165
outer loop
vertex 13.132 -21.91 0.345
vertex 14.144 -21.168 0.459
vertex 14.192 -21.239 0.345
endloop
endfacet
facet normal -0.3776014172544725 0.5965089452902257 -0.7082331874998208
outer loop
vertex 13.132 -21.91 0.345
vertex 14.192 -21.239 0.345
vertex 13.184 -21.997 0.244
endloop
endfacet
facet normal -0.3785274065369018 0.5975566180345161 -0.7068543631778746
outer loop
vertex 13.184 -21.997 0.244
vertex 14.192 -21.239 0.345
vertex 14.248 -21.323 0.244
endloop
endfacet
facet normal -0.31922264088354096 0.5039360384274301 -0.8025866773884337
outer loop
vertex 13.184 -21.997 0.244
vertex 14.248 -21.323 0.244
vertex 13.243 -22.095 0.159
endloop
endfacet
facet normal -0.32008780264152487 0.5049538747727454 -0.8016017608214885
outer loop
vertex 13.243 -22.095 0.159
vertex 14.248 -21.323 0.244
vertex 14.311 -21.418 0.159
endloop
endfacet
facet normal -0.2593101169857191 0.4090741579627002 -0.8748809041897991
outer loop
vertex 13.243 -22.095 0.159
vertex 14.311 -21.418 0.159
vertex 13.307 -22.202 0.09
endloop
endfacet
facet normal -0.2580188314938086 0.40751797797698397 -0.8759882306401838
outer loop
vertex 13.307 -22.202 0.09
vertex 14.311 -21.418 0.159
vertex 14.381 -21.522 0.09
endloop
endfacet
facet normal -0.1836262754451513 0.29002149974719343 -0.9392384791151447
outer loop
vertex 13.307 -22.202 0.09
vertex 14.381 -21.522 0.09
vertex 13.376 -22.317 0.041
endloop
endfacet
facet normal -0.18464024293086634 0.2912672838046851 -0.9386540097796799
outer loop
vertex 13.376 -22.317 0.041
vertex 14.381 -21.522 0.09
vertex 14.455 -21.633 0.041
endloop
endfacet
facet normal -0.11649914213071151 0.18377569350736492 -0.9760401858318617
outer loop
vertex 13.376 -22.317 0.041
vertex 14.455 -21.633 0.041
vertex 13.448 -22.436 0.01
endloop
endfacet
facet normal -0.11636469293031239 0.18360891868480111 -0.9760876104216425
outer loop
vertex 13.448 -22.436 0.01
vertex 14.455 -21.633 0.041
vertex 14.532 -21.749 0.01
endloop
endfacet
facet normal -0.03757179408167652 0.05928358775041815 -0.9975338673513409
outer loop
vertex 13.448 -22.436 0.01
vertex 14.532 -21.749 0.01
vertex 13.521 -22.558 0.0
endloop
endfacet
facet normal -0.03736371669493727 0.05902384231519065 -0.9975570854407743
outer loop
vertex 13.521 -22.558 0.0
vertex 14.532 -21.749 0.01
vertex 14.611 -21.868 0.0
endloop
endfacet
facet normal 0.0 0.0 -1.0
outer loop
vertex 14.611 -21.868 0.0
vertex 15.667 -21.124 0.0
vertex 19.445 -29.101 0.0
endloop
endfacet
facet normal 0.0 0.0 -1.0
outer loop
vertex 19.445 -29.101 0.0
vertex 15.667 -21.124 0.0
vertex 20.849 -28.112 0.0
endloop
endfacet
facet normal 0.5758827793761245 -0.8175322772943157 0.0
outer loop
vertex 19.445 -29.101 0.0
vertex 20.849 -28.112 0.0
vertex 19.445 -29.101 3.0
endloop
endfacet
facet normal 0.5758827793761245 -0.8175322772943157 0.0
outer loop
vertex 19.445 -29.101 3.0
vertex 20.849 -28.112 0.0
vertex 20.849 -28.112 3.0
endloop
endfacet
facet normal 0.0 -0.0 1.0
outer loop
vertex 19.445 -29.101 3.0
vertex 20.849 -28.112 3.0
vertex 16.556 -24.778 3.0
endloop
endfacet
facet normal -0.0 -0.0 0.9999999999999999
outer loop
vertex 16.556 -24.778 3.0
vertex 20.849 -28.112 3.0
vertex 17.752 -23.936 3.0
endloop
endfacet
facet normal 0.5756627469935294 -0.817687227320975 0.0
outer loop
vertex 16.556 -24.778 3.0
vertex 17.752 -23.936 3.0
vertex 16.556 -24.778 52.0
endloop
endfacet
facet normal 0.5756627469935294 -0.817687227320975 0.0
outer loop
vertex 16.556 -24.778 52.0
vertex 17.752 -23.936 3.0
vertex 17.752 -23.936 52.0
endloop
endfacet
facet normal 0.40697683201323903 -0.5780811058050283 0.7072425986291433
outer loop
vertex 16.556 -24.778 52.0
vertex 17.752 -23.936 52.0
vertex 16.0 -23.946 53.0
endloop
endfacet
facet normal 0.407003325911272 -0.5780047232843118 0.707289779763704
outer loop
vertex 16.0 -23.946 53.0
vertex 17.752 -23.936 52.0
vertex 17.156 -23.132 53.0
endloop
endfacet
facet normal 0.0 -0.0 1.0
outer loop
vertex 16.0 -23.946 53.0
vertex 17.156 -23.132 53.0
vertex 14.056 -21.036 53.0
endloop
endfacet
facet normal -0.0 -0.0 1.0
outer loop
vertex 14.056 -21.036 53.0
vertex 17.156 -23.132 53.0
vertex 15.071 -20.321 53.0
endloop
endfacet
facet normal -0.5758923649077138 0.817525525008853 0.0
outer loop
vertex 14.056 -21.036 53.0
vertex 15.071 -20.321 53.0
vertex 14.056 -21.036 1.0
endloop
endfacet
facet normal -0.5758923649077138 0.817525525008853 0.0
outer loop
vertex 14.056 -21.036 1.0
vertex 15.071 -20.321 53.0
vertex 15.071 -20.321 1.0
endloop
endfacet
facet normal -0.574229909280978 0.8151655355527174 -0.07592865687085058
outer loop
vertex 14.056 -21.036 1.0
vertex 15.071 -20.321 1.0
vertex 14.062 -21.045 0.858
endloop
endfacet
facet normal -0.5750074518591717 0.8151292788227077 -0.07021886578687396
outer loop
vertex 14.062 -21.045 0.858
vertex 15.071 -20.321 1.0
vertex 15.077 -20.329 0.858
endloop
endfacet
facet normal -0.5639209127728351 0.7994130257883059 -0.2072004303505135
outer loop
vertex 14.062 -21.045 0.858
vertex 15.077 -20.329 0.858
vertex 14.078 -21.07 0.718
endloop
endfacet
facet normal -0.5622240268171077 0.7985779822248581 -0.21488915741663311
outer loop
vertex 14.078 -21.07 0.718
vertex 15.077 -20.329 0.858
vertex 15.095 -20.354 0.718
endloop
endfacet
facet normal -0.5393267897431635 0.7660549513530686 -0.3496947602878562
outer loop
vertex 14.078 -21.07 0.718
vertex 15.095 -20.354 0.718
vertex 14.106 -21.111 0.585
endloop
endfacet
facet normal -0.5386781147153217 0.765569036115636 -0.3517526683164217
outer loop
vertex 14.106 -21.111 0.585
vertex 15.095 -20.354 0.718
vertex 15.125 -20.394 0.585
endloop
endfacet
facet normal -0.5055983517911558 0.7185560955023514 -0.4775431334261676
outer loop
vertex 14.106 -21.111 0.585
vertex 15.125 -20.394 0.585
vertex 14.144 -21.168 0.459
endloop
endfacet
facet normal -0.5053937223496705 0.718376055968519 -0.4780303626556159
outer loop
vertex 14.144 -21.168 0.459
vertex 15.125 -20.394 0.585
vertex 15.166 -20.449 0.459
endloop
endfacet
facet normal -0.4599508270398427 0.6537826776560791 -0.6008439457148687
outer loop
vertex 14.144 -21.168 0.459
vertex 15.166 -20.449 0.459
vertex 14.192 -21.239 0.345
endloop
endfacet
facet normal -0.4617384978657494 0.6555151804880781 -0.5975762777573785
outer loop
vertex 14.192 -21.239 0.345
vertex 15.166 -20.449 0.459
vertex 15.217 -20.517 0.345
endloop
endfacet
facet normal -0.4073575647290774 0.5783123321984817 -0.7068342527673291
outer loop
vertex 14.192 -21.239 0.345
vertex 15.217 -20.517 0.345
vertex 14.248 -21.323 0.244
endloop
endfacet
facet normal -0.4077264562051783 0.5786903771519002 -0.7063119596199389
outer loop
vertex 14.248 -21.323 0.244
vertex 15.217 -20.517 0.345
vertex 15.277 -20.598 0.244
endloop
endfacet
facet normal -0.3443869858029334 0.48879201157409347 -0.8015484847661566
outer loop
vertex 14.248 -21.323 0.244
vertex 15.277 -20.598 0.244
vertex 14.311 -21.418 0.159
endloop
endfacet
facet normal -0.3433953702341614 0.48773463299742326 -0.8026173107257355
outer loop
vertex 14.311 -21.418 0.159
vertex 15.277 -20.598 0.244
vertex 15.345 -20.69 0.159
endloop
endfacet
facet normal -0.27763722614141034 0.3943363898766748 -0.8760230489430827
outer loop
vertex 14.311 -21.418 0.159
vertex 15.345 -20.69 0.159
vertex 14.381 -21.522 0.09
endloop
endfacet
facet normal -0.2779390737635922 0.3946658803920787 -0.8757789185232663
outer loop
vertex 14.381 -21.522 0.09
vertex 15.345 -20.69 0.159
vertex 15.419 -20.791 0.09
endloop
endfacet
facet normal -0.19857659488587043 0.28197333172576483 -0.9386470988390709
outer loop
vertex 14.381 -21.522 0.09
vertex 15.419 -20.791 0.09
vertex 14.455 -21.633 0.041
endloop
endfacet
facet normal -0.19829512813603886 0.2816600187401699 -0.9388006582873698
outer loop
vertex 14.455 -21.633 0.041
vertex 15.419 -20.791 0.09
vertex 15.499 -20.898 0.041
endloop
endfacet
facet normal -0.1251554373038993 0.17777180482349803 -0.9760805816750305
outer loop
vertex 14.455 -21.633 0.041
vertex 15.499 -20.898 0.041
vertex 14.532 -21.749 0.01
endloop
endfacet
facet normal -0.12497368101334674 0.17756747640597387 -0.9761410606960389
outer loop
vertex 14.532 -21.749 0.01
vertex 15.499 -20.898 0.041
vertex 15.582 -21.01 0.01
endloop
endfacet
facet normal -0.04021110457527494 0.057133504470959245 -0.9975564293490885
outer loop
vertex 14.532 -21.749 0.01
vertex 15.582 -21.01 0.01
vertex 14.611 -21.868 0.0
endloop
endfacet
facet normal -0.040417690494682613 0.05736704457309789 -0.9975346773380984
outer loop
vertex 14.611 -21.868 0.0
vertex 15.582 -21.01 0.01
vertex 15.667 -21.124 0.0
endloop
endfacet
facet normal 0.0 0.0 -1.0
outer loop
vertex 15.667 -21.124 0.0
vertex 16.685 -20.33 0.0
vertex 20.849 -28.112 0.0
endloop
endfacet
facet normal 0.0 0.0 -1.0
outer loop
vertex 20.849 -28.112 0.0
vertex 16.685 -20.33 0.0
vertex 22.204 -27.055 0.0
endloop
endfacet
facet normal 0.6150679768387132 -0.788474085729856 0.0
outer loop
vertex 20.849 -28.112 0.0
vertex 22.204 -27.055 0.0
vertex 20.849 -28.112 3.0
endloop
endfacet
facet normal 0.6150679768387132 -0.788474085729856 0.0
outer loop
vertex 20.849 -28.112 3.0
vertex 22.204 -27.055 0.0
vertex 22.204 -27.055 3.0
endloop
endfacet
facet normal 0.0 -0.0 0.9999999999999999
outer loop
vertex 20.849 -28.112 3.0
vertex 22.204 -27.055 3.0
vertex 17.752 -23.936 3.0
endloop
endfacet
facet normal -0.0 -0.0 1.0
outer loop
vertex 17.752 -23.936 3.0
vertex 22.204 -27.055 3.0
vertex 18.905 -23.036 3.0
endloop
endfacet
facet normal 0.6153123050424903 -0.7882834307933265 0.0
outer loop
vertex 17.752 -23.936 3.0
vertex 18.905 -23.036 3.0
vertex 17.752 -23.936 52.0
endloop
endfacet
facet normal 0.6153123050424903 -0.7882834307933265 0.0
outer loop
vertex 17.752 -23.936 52.0
vertex 18.905 -23.036 3.0
vertex 18.905 -23.036 52.0
endloop
endfacet
facet normal 0.43498143657573185 -0.5572595515242451 0.7072856156246284
outer loop
vertex 17.752 -23.936 52.0
vertex 18.905 -23.036 52.0
vertex 17.156 -23.132 53.0
endloop
endfacet
facet normal 0.4347987174111133 -0.557883279532097 0.7069061619169569
outer loop
vertex 17.156 -23.132 53.0
vertex 18.905 -23.036 52.0
vertex 18.271 -22.263 53.0
endloop
endfacet
facet normal 0.0 -0.0 1.0
outer loop
vertex 17.156 -23.132 53.0
vertex 18.271 -22.263 53.0
vertex 15.071 -20.321 53.0
endloop
endfacet
facet normal -0.0 -0.0 1.0
outer loop
vertex 15.071 -20.321 53.0
vertex 18.271 -22.263 53.0
vertex 16.05 -19.557 53.0
endloop
endfacet
facet normal -0.6152220322754539 0.788353886907942 0.0
outer loop
vertex 15.071 -20.321 53.0
vertex 16.05 -19.557 53.0
vertex 15.071 -20.321 1.0
endloop
endfacet
facet normal -0.6152220322754539 0.788353886907942 0.0
outer loop
vertex 15.071 -20.321 1.0
vertex 16.05 -19.557 53.0
vertex 16.05 -19.557 1.0
endloop
endfacet
facet normal -0.6137026937904758 0.7864069858911965 -0.07023571866106941
outer loop
vertex 15.071 -20.321 1.0
vertex 16.05 -19.557 1.0
vertex 15.077 -20.329 0.858
endloop
endfacet
facet normal -0.6131215540873077 0.7864648206879072 -0.07453217918391002
outer loop
vertex 15.077 -20.329 0.858
vertex 16.05 -19.557 1.0
vertex 16.057 -19.565 0.858
endloop
endfacet
facet normal -0.6004868312107852 0.7702579772075513 -0.21475151708558726
outer loop
vertex 15.077 -20.329 0.858
vertex 16.057 -19.565 0.858
vertex 15.095 -20.354 0.718
endloop
endfacet
facet normal -0.6019367342925045 0.7708876453537182 -0.20833724139067147
outer loop
vertex 15.095 -20.354 0.718
vertex 16.057 -19.565 0.858
vertex 16.076 -19.588 0.718
endloop
endfacet
facet normal -0.5760909625926816 0.7377875121454592 -0.35183631100449486
outer loop
vertex 15.095 -20.354 0.718
vertex 16.076 -19.588 0.718
vertex 15.125 -20.394 0.585
endloop
endfacet
facet normal -0.5764393522282365 0.7380227430092936 -0.3507707285446283
outer loop
vertex 15.125 -20.394 0.585
vertex 16.076 -19.588 0.718
vertex 16.107 -19.627 0.585
endloop
endfacet
facet normal -0.5406492971488402 0.6922002735334564 -0.4780764779955956
outer loop
vertex 15.125 -20.394 0.585
vertex 16.107 -19.627 0.585
vertex 15.166 -20.449 0.459
endloop
endfacet
facet normal -0.5400128151317555 0.6916939179515963 -0.4795265199780373
outer loop
vertex 15.166 -20.449 0.459
vertex 16.107 -19.627 0.585
vertex 16.151 -19.68 0.459
endloop
endfacet
facet normal -0.49337373117402256 0.6319546491630829 -0.5976752318681006
outer loop
vertex 15.166 -20.449 0.459
vertex 16.151 -19.68 0.459
vertex 15.217 -20.517 0.345
endloop
endfacet
facet normal -0.49267956086927983 0.6313455332540167 -0.5988903638746033
outer loop
vertex 15.217 -20.517 0.345
vertex 16.151 -19.68 0.459
vertex 16.205 -19.746 0.345
endloop
endfacet
facet normal -0.43551498121700255 0.5580918306645877 -0.7063003678896133
outer loop
vertex 15.217 -20.517 0.345
vertex 16.205 -19.746 0.345
vertex 15.277 -20.598 0.244
endloop
endfacet
facet normal -0.43526653943013316 0.5578609911042547 -0.706635800293684
outer loop
vertex 15.277 -20.598 0.244
vertex 16.205 -19.746 0.345
vertex 16.269 -19.824 0.244
endloop
endfacet
facet normal -0.36695116385171805 0.47030433403217736 -0.8025962102691613
outer loop
vertex 15.277 -20.598 0.244
vertex 16.269 -19.824 0.244
vertex 15.345 -20.69 0.159
endloop
endfacet
facet normal -0.36714074014219783 0.4704875551693695 -0.8024021045327516
outer loop
vertex 15.345 -20.69 0.159
vertex 16.269 -19.824 0.244
vertex 16.342 -19.912 0.159
endloop
endfacet
facet normal -0.29702881947410903 0.38063975966026387 -0.8757209908227584
outer loop
vertex 15.345 -20.69 0.159
vertex 16.342 -19.912 0.159
vertex 15.419 -20.791 0.09
endloop
endfacet
facet normal -0.297192850474397 0.38080209229583806 -0.8755947556547006
outer loop
vertex 15.419 -20.791 0.09
vertex 16.342 -19.912 0.159
vertex 16.421 -20.009 0.09
endloop
endfacet
facet normal -0.2118922404938156 0.2715038682542238 -0.9388223090348375
outer loop
vertex 15.419 -20.791 0.09
vertex 16.421 -20.009 0.09
vertex 15.499 -20.898 0.041
endloop
endfacet
facet normal -0.21201618432968133 0.27162887737912045 -0.9387581640422847
outer loop
vertex 15.499 -20.898 0.041
vertex 16.421 -20.009 0.09
vertex 16.506 -20.112 0.041
endloop
endfacet
facet normal -0.13360505355947425 0.17117085106156527 -0.9761404762687742
outer loop
vertex 15.499 -20.898 0.041
vertex 16.506 -20.112 0.041
vertex 15.582 -21.01 0.01
endloop
endfacet
facet normal -0.13368524459982659 0.17125249055066347 -0.9761151775566649
outer loop
vertex 15.582 -21.01 0.01
vertex 16.506 -20.112 0.041
vertex 16.594 -20.22 0.01
endloop
endfacet
facet normal -0.0431767195965183 0.055309924343894167 -0.9975352540907797
outer loop
vertex 15.582 -21.01 0.01
vertex 16.594 -20.22 0.01
vertex 15.667 -21.124 0.0
endloop
endfacet
facet normal -0.042991936731384274 0.05512064432310972 -0.9975537118097902
outer loop
vertex 15.667 -21.124 0.0
vertex 16.594 -20.22 0.01
vertex 16.685 -20.33 0.0
endloop
endfacet
facet normal 0.0 0.0 -0.9999999999999999
outer loop
vertex 16.685 -20.33 0.0
vertex 17.662 -19.487 0.0
vertex 22.204 -27.055 0.0
endloop
endfacet
facet normal 0.0 0.0 -1.0
outer loop
vertex 22.204 -27.055 0.0
vertex 17.662 -19.487 0.0
vertex 23.505 -25.933 0.0
endloop
endfacet
facet normal 0.6530892973539667 -0.75728090539885 0.0
outer loop
vertex 22.204 -27.055 0.0
vertex 23.505 -25.933 0.0
vertex 22.204 -27.055 3.0
endloop
endfacet
facet normal 0.6530892973539667 -0.75728090539885 0.0
outer loop
vertex 22.204 -27.055 3.0
vertex 23.505 -25.933 0.0
vertex 23.505 -25.933 3.0
endloop
endfacet
facet normal 0.0 -0.0 1.0
outer loop
vertex 22.204 -27.055 3.0
vertex 23.505 -25.933 3.0
vertex 18.905 -23.036 3.0
endloop
endfacet
facet normal -0.0 -0.0 1.0
outer loop
vertex 18.905 -23.036 3.0
vertex 23.505 -25.933 3.0
vertex 20.012 -22.08 3.0
endloop
endfacet
facet normal 0.6536020701039856 -0.7568383803400726 0.0
outer loop
vertex 18.905 -23.036 3.0
vertex 20.012 -22.08 3.0
vertex 18.905 -23.036 52.0
endloop
endfacet
facet normal 0.6536020701039856 -0.7568383803400726 0.0
outer loop
vertex 18.905 -23.036 52.0
vertex 20.012 -22.08 3.0
vertex 20.012 -22.08 52.0
endloop
endfacet
facet normal 0.46230055441809126 -0.5353208302728296 0.7069015533019671
outer loop
vertex 18.905 -23.036 52.0
vertex 20.012 -22.08 52.0
vertex 18.271 -22.263 53.0
endloop
endfacet
facet normal 0.4622954468861041 -0.5353421300520886 0.706888763229173
outer loop
vertex 18.271 -22.263 53.0
vertex 20.012 -22.08 52.0
vertex 19.341 -21.339 53.0
endloop
endfacet
facet normal 0.0 -0.0 1.0
outer loop
vertex 18.271 -22.263 53.0
vertex 19.341 -21.339 53.0
vertex 16.05 -19.557 53.0
endloop
endfacet
facet normal -0.0 -0.0 1.0
outer loop
vertex 16.05 -19.557 53.0
vertex 19.341 -21.339 53.0
vertex 16.99 -18.746 53.0
endloop
endfacet
facet normal -0.6532423107993985 0.7571489175726673 0.0
outer loop
vertex 16.05 -19.557 53.0
vertex 16.99 -18.746 53.0
vertex 16.05 -19.557 1.0
endloop
endfacet
facet normal -0.6532423107993985 0.7571489175726673 0.0
outer loop
vertex 16.05 -19.557 1.0
vertex 16.99 -18.746 53.0
vertex 16.99 -18.746 1.0
endloop
endfacet
facet normal -0.6514196562458454 0.755036346326872 -0.07464949552349616
outer loop
vertex 16.05 -19.557 1.0
vertex 16.99 -18.746 1.0
vertex 16.057 -19.565 0.858
endloop
endfacet
facet normal -0.6514196562458432 0.7550363463268723 -0.07464949552351297
outer loop
vertex 16.057 -19.565 0.858
vertex 16.99 -18.746 1.0
vertex 16.997 -18.754 0.858
endloop
endfacet
facet normal -0.6389041171151899 0.7405300494306774 -0.20836692401496568
outer loop
vertex 16.057 -19.565 0.858
vertex 16.997 -18.754 0.858
vertex 16.076 -19.588 0.718
endloop
endfacet
facet normal -0.6380628809186814 0.7402158052036909 -0.21202905866980626
outer loop
vertex 16.076 -19.588 0.718
vertex 16.997 -18.754 0.858
vertex 17.018 -18.776 0.718
endloop
endfacet
facet normal -0.6114798065113138 0.7093768198690357 -0.35053812012587166
outer loop
vertex 16.076 -19.588 0.718
vertex 17.018 -18.776 0.718
vertex 16.107 -19.627 0.585
endloop
endfacet
facet normal -0.6119137530052499 0.7096395366547362 -0.3492467421458375
outer loop
vertex 16.107 -19.627 0.585
vertex 17.018 -18.776 0.718
vertex 17.051 -18.813 0.585
endloop
endfacet
facet normal -0.5730196500984246 0.6645338448315875 -0.47962824111433083
outer loop
vertex 16.107 -19.627 0.585
vertex 17.051 -18.813 0.585
vertex 16.151 -19.68 0.459
endloop
endfacet
facet normal -0.5735292242473042 0.6649003016396463 -0.4785099976111186
outer loop
vertex 16.151 -19.68 0.459
vertex 17.051 -18.813 0.585
vertex 17.097 -18.864 0.459
endloop
endfacet
facet normal -0.5230853803500864 0.6064200610431166 -0.598862583927622
outer loop
vertex 16.151 -19.68 0.459
vertex 17.097 -18.864 0.459
vertex 16.205 -19.746 0.345
endloop
endfacet
facet normal -0.5239225534816422 0.6070848635580951 -0.597455543443966
outer loop
vertex 16.205 -19.746 0.345
vertex 17.097 -18.864 0.459
vertex 17.154 -18.927 0.345
endloop
endfacet
facet normal -0.462297479404731 0.5356780316911978 -0.7066329223150282
outer loop
vertex 16.205 -19.746 0.345
vertex 17.154 -18.927 0.345
vertex 16.269 -19.824 0.244
endloop
endfacet
facet normal -0.4613710237603727 0.5348985226808213 -0.7078279090769031
outer loop
vertex 16.269 -19.824 0.244
vertex 17.154 -18.927 0.345
vertex 17.222 -19.002 0.244
endloop
endfacet
facet normal -0.3897202009978488 0.45182889483083927 -0.8024766755053623
outer loop
vertex 16.269 -19.824 0.244
vertex 17.222 -19.002 0.244
vertex 16.342 -19.912 0.159
endloop
endfacet
facet normal -0.39078247661284776 0.4527588742354665 -0.8014352486466775
outer loop
vertex 16.342 -19.912 0.159
vertex 17.222 -19.002 0.244
vertex 17.299 -19.086 0.159
endloop
endfacet
facet normal -0.31566585807330055 0.3657290873803252 -0.8755554241113472
outer loop
vertex 16.342 -19.912 0.159
vertex 17.299 -19.086 0.159
vertex 16.421 -20.009 0.09
endloop
endfacet
facet normal -0.3151364988964029 0.3652545926967938 -0.875944101856515
outer loop
vertex 16.421 -20.009 0.09
vertex 17.299 -19.086 0.159
vertex 17.383 -19.179 0.09
endloop
endfacet
facet normal -0.2250694427346346 0.2608636191695397 -0.9387725593246163
outer loop
vertex 16.421 -20.009 0.09
vertex 17.383 -19.179 0.09
vertex 16.506 -20.112 0.041
endloop
endfacet
facet normal -0.22466931202053708 0.26049787137153374 -0.9389699458700042
outer loop
vertex 16.506 -20.112 0.041
vertex 17.383 -19.179 0.09
vertex 17.473 -19.278 0.041
endloop
endfacet
facet normal -0.1419139592156643 0.16454532201624372 -0.9761071996365488
outer loop
vertex 16.506 -20.112 0.041
vertex 17.473 -19.278 0.041
vertex 16.594 -20.22 0.01
endloop
endfacet
facet normal -0.14165486464064195 0.16430611984570892 -0.9761851250172218
outer loop
vertex 16.594 -20.22 0.01
vertex 17.473 -19.278 0.041
vertex 17.566 -19.382 0.01
endloop
endfacet
facet normal -0.045635985372781615 0.052933386375111885 -0.9975547170185295
outer loop
vertex 16.594 -20.22 0.01
vertex 17.566 -19.382 0.01
vertex 16.685 -20.33 0.0
endloop
endfacet
facet normal -0.0458236510882548 0.05310760037155985 -0.9975368543486083
outer loop
vertex 16.685 -20.33 0.0
vertex 17.566 -19.382 0.01
vertex 17.662 -19.487 0.0
endloop
endfacet
facet normal 0.0 0.0 -1.0
outer loop
vertex 17.662 -19.487 0.0
vertex 18.597 -18.597 0.0
vertex 23.505 -25.933 0.0
endloop
endfacet
facet normal 0.0 0.0 -0.9999999999999999
outer loop
vertex 23.505 -25.933 0.0
vertex 18.597 -18.597 0.0
vertex 24.749 -24.749 0.0
endloop
endfacet
facet normal 0.6894225007656563 -0.7243594518179691 0.0
outer loop
vertex 23.505 -25.933 0.0
vertex 24.749 -24.749 0.0
vertex 23.505 -25.933 3.0
endloop
endfacet
facet normal 0.6894225007656563 -0.7243594518179691 0.0
outer loop
vertex 23.505 -25.933 3.0
vertex 24.749 -24.749 0.0
vertex 24.749 -24.749 3.0
endloop
endfacet
facet normal 0.0 -0.0 1.0
outer loop
vertex 23.505 -25.933 3.0
vertex 24.749 -24.749 3.0
vertex 20.012 -22.08 3.0
endloop
endfacet
facet normal -0.0 -0.0 1.0
outer loop
vertex 20.012 -22.08 3.0
vertex 24.749 -24.749 3.0
vertex 21.072 -21.072 3.0
endloop
endfacet
facet normal 0.6891087148187577 -0.7246579739165505 0.0
outer loop
vertex 20.012 -22.08 3.0
vertex 21.072 -21.072 3.0
vertex 20.012 -22.08 52.0
endloop
endfacet
facet normal 0.6891087148187577 -0.7246579739165505 0.0
outer loop
vertex 20.012 -22.08 52.0
vertex 21.072 -21.072 3.0
vertex 21.072 -21.072 52.0
endloop
endfacet
facet normal 0.4874285431262554 -0.5125736663827685 0.7068816392273483
outer loop
vertex 20.012 -22.08 52.0
vertex 21.072 -21.072 52.0
vertex 19.341 -21.339 53.0
endloop
endfacet
facet normal 0.4874479751086399 -0.5124709717774598 0.7069426954484732
outer loop
vertex 19.341 -21.339 53.0
vertex 21.072 -21.072 52.0
vertex 20.365 -20.365 53.0
endloop
endfacet
facet normal 0.0 -0.0 1.0
outer loop
vertex 19.341 -21.339 53.0
vertex 20.365 -20.365 53.0
vertex 16.99 -18.746 53.0
endloop
endfacet
facet normal -0.0 -0.0 1.0
outer loop
vertex 16.99 -18.746 53.0
vertex 20.365 -20.365 53.0
vertex 17.89 -17.89 53.0
endloop
endfacet
facet normal -0.6891725288640091 0.7245972850205737 0.0
outer loop
vertex 16.99 -18.746 53.0
vertex 17.89 -17.89 53.0
vertex 16.99 -18.746 1.0
endloop
endfacet
facet normal -0.6891725288640091 0.7245972850205737 0.0
outer loop
vertex 16.99 -18.746 1.0
vertex 17.89 -17.89 53.0
vertex 17.89 -17.89 1.0
endloop
endfacet
facet normal -0.6872528287540525 0.7225789087367408 -0.0745873314871494
outer loop
vertex 16.99 -18.746 1.0
vertex 17.89 -17.89 1.0
vertex 16.997 -18.754 0.858
endloop
endfacet
facet normal -0.6879262055263551 0.7224429229564954 -0.06952523872800695
outer loop
vertex 16.997 -18.754 0.858
vertex 17.89 -17.89 1.0
vertex 17.897 -17.897 0.858
endloop
endfacet
facet normal -0.6738767975183706 0.7076885854918675 -0.21228972591933068
outer loop
vertex 16.997 -18.754 0.858
vertex 17.897 -17.897 0.858
vertex 17.018 -18.776 0.718
endloop
endfacet
facet normal -0.6750045467965834 0.708046727409002 -0.20745769113084567
outer loop
vertex 17.018 -18.776 0.718
vertex 17.897 -17.897 0.858
vertex 17.918 -17.918 0.718
endloop
endfacet
facet normal -0.6465991657278517 0.6782508731411017 -0.349120712595772
outer loop
vertex 17.018 -18.776 0.718
vertex 17.918 -17.918 0.718
vertex 17.051 -18.813 0.585
endloop
endfacet
facet normal -0.6437113176485181 0.6766837250717281 -0.3574001619393283
outer loop
vertex 17.051 -18.813 0.585
vertex 17.918 -17.918 0.718
vertex 17.954 -17.954 0.585
endloop
endfacet
facet normal -0.6052191215311229 0.6362198681520449 -0.478470578303087
outer loop
vertex 17.051 -18.813 0.585
vertex 17.954 -17.954 0.585
vertex 17.097 -18.864 0.459
endloop
endfacet
facet normal -0.6072244261738171 0.6375152038135752 -0.47418652570946584
outer loop
vertex 17.097 -18.864 0.459
vertex 17.954 -17.954 0.585
vertex 18.002 -18.002 0.459
endloop
endfacet
facet normal -0.5530785328775278 0.5806682972786081 -0.5974349044085082
outer loop
vertex 17.097 -18.864 0.459
vertex 18.002 -18.002 0.459
vertex 17.154 -18.927 0.345
endloop
endfacet
facet normal -0.5494355163714122 0.5780519495157554 -0.6033046966589223
outer loop
vertex 17.154 -18.927 0.345
vertex 18.002 -18.002 0.459
vertex 18.063 -18.063 0.345
endloop
endfacet
facet normal -0.4866482558325277 0.5119945191571375 -0.7078383201326489
outer loop
vertex 17.154 -18.927 0.345
vertex 18.063 -18.063 0.345
vertex 17.222 -19.002 0.244
endloop
endfacet
facet normal -0.4889937159047121 0.5137814157892832 -0.7049211321809424
outer loop
vertex 17.222 -19.002 0.244
vertex 18.063 -18.063 0.345
vertex 18.134 -18.134 0.244
endloop
endfacet
facet normal -0.4122558489622372 0.4331536108911988 -0.8015129845288479
outer loop
vertex 17.222 -19.002 0.244
vertex 18.134 -18.134 0.244
vertex 17.299 -19.086 0.159
endloop
endfacet
facet normal -0.4107035375743429 0.4319224344639482 -0.8029729851188374
outer loop
vertex 17.299 -19.086 0.159
vertex 18.134 -18.134 0.244
vertex 18.215 -18.215 0.159
endloop
endfacet
facet normal -0.3324397833285113 0.34961520267384266 -0.8759297920038
outer loop
vertex 17.299 -19.086 0.159
vertex 18.215 -18.215 0.159
vertex 17.383 -19.179 0.09
endloop
endfacet
facet normal -0.3344486372044679 0.3512474272010409 -0.8745109227200788
outer loop
vertex 17.383 -19.179 0.09
vertex 18.215 -18.215 0.159
vertex 18.303 -18.303 0.09
endloop
endfacet
facet normal -0.23719811114198114 0.24911217151897677 -0.9389782649623879
outer loop
vertex 17.383 -19.179 0.09
vertex 18.303 -18.303 0.09
vertex 17.473 -19.278 0.041
endloop
endfacet
facet normal -0.23623455535253665 0.2483147314785191 -0.9394322907948929
outer loop
vertex 17.473 -19.278 0.041
vertex 18.303 -18.303 0.09
vertex 18.398 -18.398 0.041
endloop
endfacet
facet normal -0.14957278804411545 0.15722139652364442 -0.9761707911794254
outer loop
vertex 17.473 -19.278 0.041
vertex 18.398 -18.398 0.041
vertex 17.566 -19.382 0.01
endloop
endfacet
facet normal -0.15060740048528595 0.15808677477575106 -0.9758719088897199
outer loop
vertex 17.566 -19.382 0.01
vertex 18.398 -18.398 0.041
vertex 18.496 -18.496 0.01
endloop
endfacet
facet normal -0.04837381006310787 0.05077612117233653 -0.9975378489153535
outer loop
vertex 17.566 -19.382 0.01
vertex 18.496 -18.496 0.01
vertex 17.662 -19.487 0.0
endloop
endfacet
facet normal -0.04816631007302262 0.05060168530143417 -0.9975567532820395
outer loop
vertex 17.662 -19.487 0.0
vertex 18.496 -18.496 0.01
vertex 18.597 -18.597 0.0
endloop
endfacet
facet normal 0.0 0.0 -1.0
outer loop
vertex 18.597 -18.597 0.0
vertex 19.487 -17.662 0.0
vertex 24.749 -24.749 0.0
endloop
endfacet
facet normal 0.0 0.0 -0.9999999999999999
outer loop
vertex 24.749 -24.749 0.0
vertex 19.487 -17.662 0.0
vertex 25.933 -23.505 0.0
endloop
endfacet
facet normal 0.7243594518179691 -0.6894225007656563 0.0
outer loop
vertex 24.749 -24.749 0.0
vertex 25.933 -23.505 0.0
vertex 24.749 -24.749 3.0
endloop
endfacet
facet normal 0.7243594518179691 -0.6894225007656563 0.0
outer loop
vertex 24.749 -24.749 3.0
vertex 25.933 -23.505 0.0
vertex 25.933 -23.505 3.0
endloop
endfacet
facet normal 0.0 -0.0 1.0
outer loop
vertex 24.749 -24.749 3.0
vertex 25.933 -23.505 3.0
vertex 21.072 -21.072 3.0
endloop
endfacet
facet normal -0.0 -0.0 0.9999999999999999
outer loop
vertex 21.072 -21.072 3.0
vertex 25.933 -23.505 3.0
vertex 22.08 -20.012 3.0
endloop
endfacet
facet normal 0.7246579739165505 -0.6891087148187577 0.0
outer loop
vertex 21.072 -21.072 3.0
vertex 22.08 -20.012 3.0
vertex 21.072 -21.072 52.0
endloop
endfacet
facet normal 0.7246579739165505 -0.6891087148187577 0.0
outer loop
vertex 21.072 -21.072 52.0
vertex 22.08 -20.012 3.0
vertex 22.08 -20.012 52.0
endloop
endfacet
facet normal 0.5125302166898554 -0.48738722492771175 0.7069416312236207
outer loop
vertex 21.072 -21.072 52.0
vertex 22.08 -20.012 52.0
vertex 20.365 -20.365 53.0
endloop
endfacet
facet normal 0.5125159387355438 -0.48749074641447365 0.7068806014471494
outer loop
vertex 20.365 -20.365 53.0
vertex 22.08 -20.012 52.0
vertex 21.339 -19.341 53.0
endloop
endfacet
facet normal 0.0 -0.0 1.0
outer loop
vertex 20.365 -20.365 53.0
vertex 21.339 -19.341 53.0
vertex 17.89 -17.89 53.0
endloop
endfacet
facet normal -0.0 -0.0 1.0
outer loop
vertex 17.89 -17.89 53.0
vertex 21.339 -19.341 53.0
vertex 18.746 -16.99 53.0
endloop
endfacet
facet normal -0.7245972850205737 0.6891725288640091 0.0
outer loop
vertex 17.89 -17.89 53.0
vertex 18.746 -16.99 53.0
vertex 17.89 -17.89 1.0
endloop
endfacet
facet normal -0.7245972850205737 0.6891725288640091 0.0
outer loop
vertex 17.89 -17.89 1.0
vertex 18.746 -16.99 53.0
vertex 18.746 -16.99 1.0
endloop
endfacet
facet normal -0.7228439497858871 0.687504912240796 -0.06952423967735079
outer loop
vertex 17.89 -17.89 1.0
vertex 18.746 -16.99 1.0
vertex 17.897 -17.897 0.858
endloop
endfacet
facet normal -0.7221781773457965 0.6876741088726118 -0.07458552240054635
outer loop
vertex 17.897 -17.897 0.858
vertex 18.746 -16.99 1.0
vertex 18.754 -16.997 0.858
endloop
endfacet
facet normal -0.7084401653443825 0.6745924685557098 -0.20745489508502216
outer loop
vertex 17.897 -17.897 0.858
vertex 18.754 -16.997 0.858
vertex 17.918 -17.918 0.718
endloop
endfacet
facet normal -0.7072959764883238 0.6742888309188702 -0.21228983522884892
outer loop
vertex 17.918 -17.918 0.718
vertex 18.754 -16.997 0.858
vertex 18.776 -17.018 0.718
endloop
endfacet
facet normal -0.6759857189713301 0.6444397187526694 -0.3574083891583892
outer loop
vertex 17.918 -17.918 0.718
vertex 18.776 -17.018 0.718
vertex 17.954 -17.954 0.585
endloop
endfacet
facet normal -0.678946009296717 0.6458633687551243 -0.34913153017214654
outer loop
vertex 17.954 -17.954 0.585
vertex 18.776 -17.018 0.718
vertex 18.813 -17.051 0.585
endloop
endfacet
facet normal -0.6379036438625425 0.6068208527994701 -0.4741807606331308
outer loop
vertex 17.954 -17.954 0.585
vertex 18.813 -17.051 0.585
vertex 18.002 -18.002 0.459
endloop
endfacet
facet normal -0.6358371831337458 0.6056261346533608 -0.47846427407840214
outer loop
vertex 18.002 -18.002 0.459
vertex 18.813 -17.051 0.585
vertex 18.864 -17.097 0.459
endloop
endfacet
facet normal -0.5774719951573841 0.5500340992548812 -0.6033146645539306
outer loop
vertex 18.002 -18.002 0.459
vertex 18.864 -17.097 0.459
vertex 18.063 -18.063 0.345
endloop
endfacet
facet normal -0.58124052153744 0.5524662382930134 -0.5974449863119213
outer loop
vertex 18.063 -18.063 0.345
vertex 18.864 -17.097 0.459
vertex 18.927 -17.154 0.345
endloop
endfacet
facet normal -0.514108854694886 0.4886579212941501 -0.7049152583685453
outer loop
vertex 18.063 -18.063 0.345
vertex 18.927 -17.154 0.345
vertex 18.134 -18.134 0.244
endloop
endfacet
facet normal -0.511676684511059 0.48699052867938486 -0.7078327454309694
outer loop
vertex 18.134 -18.134 0.244
vertex 18.927 -17.154 0.345
vertex 19.002 -17.222 0.244
endloop
endfacet
facet normal -0.4317292340033632 0.41090019201197264 -0.8029762765557855
outer loop
vertex 18.134 -18.134 0.244
vertex 19.002 -17.222 0.244
vertex 18.215 -18.215 0.159
endloop
endfacet
facet normal -0.43334184178657764 0.41205321418789126 -0.8015154376769323
outer loop
vertex 18.215 -18.215 0.159
vertex 19.002 -17.222 0.244
vertex 19.086 -17.299 0.159
endloop
endfacet
facet normal -0.3514801846064537 0.33421314496967314 -0.8745074348217364
outer loop
vertex 18.215 -18.215 0.159
vertex 19.086 -17.299 0.159
vertex 18.303 -18.303 0.09
endloop
endfacet
facet normal -0.34939296329350383 0.33268286504903044 -0.8759261775422359
outer loop
vertex 18.303 -18.303 0.09
vertex 19.086 -17.299 0.159
vertex 19.179 -17.383 0.09
endloop
endfacet
facet normal -0.2482104133911347 0.23633948057677498 -0.9394334678969566
outer loop
vertex 18.303 -18.303 0.09
vertex 19.179 -17.383 0.09
vertex 18.398 -18.398 0.041
endloop
endfacet
facet normal -0.24921235297594402 0.23708850877711382 -0.9389793619297698
outer loop
vertex 18.398 -18.398 0.041
vertex 19.179 -17.383 0.09
vertex 19.278 -17.473 0.041
endloop
endfacet
facet normal -0.1581949459674776 0.1504989756231135 -0.9758711069637939
outer loop
vertex 18.398 -18.398 0.041
vertex 19.278 -17.473 0.041
vertex 18.496 -18.496 0.01
endloop
endfacet
facet normal -0.1571197473161692 0.1496861248625015 -0.9761697849385377
outer loop
vertex 18.496 -18.496 0.01
vertex 19.278 -17.473 0.041
vertex 19.382 -17.566 0.01
endloop
endfacet
facet normal -0.050580528849332486 0.0481874715704395 -0.9975568042397236
outer loop
vertex 18.496 -18.496 0.01
vertex 19.382 -17.566 0.01
vertex 18.597 -18.597 0.0
endloop
endfacet
facet normal -0.050796390743184455 0.04835164466463519 -0.997537891583919
outer loop
vertex 18.597 -18.597 0.0
vertex 19.382 -17.566 0.01
vertex 19.487 -17.662 0.0
endloop
endfacet
facet normal 0.0 0.0 -1.0
outer loop
vertex 19.487 -17.662 0.0
vertex 20.33 -16.685 0.0
vertex 25.933 -23.505 0.0
endloop
endfacet
facet normal 0.0 0.0 -0.9999999999999999
outer loop
vertex 25.933 -23.505 0.0
vertex 20.33 -16.685 0.0
vertex 27.055 -22.204 0.0
endloop
endfacet
facet normal 0.75728090539885 -0.6530892973539667 0.0
outer loop
vertex 25.933 -23.505 0.0
vertex 27.055 -22.204 0.0
vertex 25.933 -23.505 3.0
endloop
endfacet
facet normal 0.75728090539885 -0.6530892973539667 0.0
outer loop
vertex 25.933 -23.505 3.0
vertex 27.055 -22.204 0.0
vertex 27.055 -22.204 3.0
endloop
endfacet
facet normal 0.0 -0.0 1.0
outer loop
vertex 25.933 -23.505 3.0
vertex 27.055 -22.204 3.0
vertex 22.08 -20.012 3.0
endloop
endfacet
facet normal -0.0 -0.0 1.0
outer loop
vertex 22.08 -20.012 3.0
vertex 27.055 -22.204 3.0
vertex 23.036 -18.905 3.0
endloop
endfacet
facet normal 0.7568383803400726 -0.6536020701039856 0.0
outer loop
vertex 22.08 -20.012 3.0
vertex 23.036 -18.905 3.0
vertex 22.08 -20.012 52.0
endloop
endfacet
facet normal 0.7568383803400726 -0.6536020701039856 0.0
outer loop
vertex 22.08 -20.012 52.0
vertex 23.036 -18.905 3.0
vertex 23.036 -18.905 52.0
endloop
endfacet
facet normal 0.5353303461055702 -0.46230877224654654 0.7068889726416596
outer loop
vertex 22.08 -20.012 52.0
vertex 23.036 -18.905 52.0
vertex 21.339 -19.341 53.0
endloop
endfacet
facet normal 0.5353322847397033 -0.4622869449527919 0.7069017792038607
outer loop
vertex 21.339 -19.341 53.0
vertex 23.036 -18.905 52.0
vertex 22.263 -18.271 53.0
endloop
endfacet
facet normal 0.0 -0.0 1.0
outer loop
vertex 21.339 -19.341 53.0
vertex 22.263 -18.271 53.0
vertex 18.746 -16.99 53.0
endloop
endfacet
facet normal -0.0 -0.0 1.0
outer loop
vertex 18.746 -16.99 53.0
vertex 22.263 -18.271 53.0
vertex 19.557 -16.05 53.0
endloop
endfacet
facet normal -0.7571489175726673 0.6532423107993985 0.0
outer loop
vertex 18.746 -16.99 53.0
vertex 19.557 -16.05 53.0
vertex 18.746 -16.99 1.0
endloop
endfacet
facet normal -0.7571489175726673 0.6532423107993985 0.0
outer loop
vertex 18.746 -16.99 1.0
vertex 19.557 -16.05 53.0
vertex 19.557 -16.05 1.0
endloop
endfacet
facet normal -0.755036346326871 0.6514196562458445 -0.07464949552351302
outer loop
vertex 18.746 -16.99 1.0
vertex 19.557 -16.05 1.0
vertex 18.754 -16.997 0.858
endloop
endfacet
facet normal -0.7550363463268732 0.6514196562458439 -0.07464949552349674
outer loop
vertex 18.754 -16.997 0.858
vertex 19.557 -16.05 1.0
vertex 19.565 -16.057 0.858
endloop
endfacet
facet normal -0.7399331537746511 0.6383891358630225 -0.21203358025832222
outer loop
vertex 18.754 -16.997 0.858
vertex 19.565 -16.057 0.858
vertex 18.776 -17.018 0.718
endloop
endfacet
facet normal -0.7408118840941413 0.6385766983911291 -0.20836879002569778
outer loop
vertex 18.776 -17.018 0.718
vertex 19.565 -16.057 0.858
vertex 19.588 -16.076 0.718
endloop
endfacet
facet normal -0.7097424001529792 0.6117949351637153 -0.34924587718842687
outer loop
vertex 18.776 -17.018 0.718
vertex 19.588 -16.076 0.718
vertex 18.813 -17.051 0.585
endloop
endfacet
facet normal -0.7092748368380334 0.6115992766802539 -0.35053606175766144
outer loop
vertex 18.813 -17.051 0.585
vertex 19.588 -16.076 0.718
vertex 19.627 -16.107 0.585
endloop
endfacet
facet normal -0.6649966147074757 0.5734186910719129 -0.47850862809041494
outer loop
vertex 18.813 -17.051 0.585
vertex 19.627 -16.107 0.585
vertex 18.864 -17.097 0.459
endloop
endfacet
facet normal -0.6644386430643116 0.5731310071252397 -0.47962708250730085
outer loop
vertex 18.864 -17.097 0.459
vertex 19.627 -16.107 0.585
vertex 19.68 -16.151 0.459
endloop
endfacet
facet normal -0.6072165908153915 0.5237724504284968 -0.5974532885595836
outer loop
vertex 18.864 -17.097 0.459
vertex 19.68 -16.151 0.459
vertex 18.927 -17.154 0.345
endloop
endfacet
facet normal -0.6062911929071572 0.523237604837682 -0.5988600823956645
outer loop
vertex 18.927 -17.154 0.345
vertex 19.68 -16.151 0.459
vertex 19.746 -16.205 0.345
endloop
endfacet
facet normal -0.5347712482948088 0.461514912911957 -0.7078302742586535
outer loop
vertex 18.927 -17.154 0.345
vertex 19.746 -16.205 0.345
vertex 19.002 -17.222 0.244
endloop
endfacet
facet normal -0.5358019238635192 0.4621502428287648 -0.7066353029940304
outer loop
vertex 19.002 -17.222 0.244
vertex 19.746 -16.205 0.345
vertex 19.824 -16.269 0.244
endloop
endfacet
facet normal -0.4528904356396127 0.39063582171643413 -0.8014324101869651
outer loop
vertex 19.002 -17.222 0.244
vertex 19.824 -16.269 0.244
vertex 19.086 -17.299 0.159
endloop
endfacet
facet normal -0.45170237272623615 0.38987059547739916 -0.8024748502324459
outer loop
vertex 19.086 -17.299 0.159
vertex 19.824 -16.269 0.244
vertex 19.912 -16.342 0.159
endloop
endfacet
facet normal -0.3651941418867675 0.3152041391833542 -0.8759449693749422
outer loop
vertex 19.086 -17.299 0.159
vertex 19.912 -16.342 0.159
vertex 19.179 -17.383 0.09
endloop
endfacet
facet normal -0.3657869301459674 0.31559579212178135 -0.8755565188663804
outer loop
vertex 19.179 -17.383 0.09
vertex 19.912 -16.342 0.159
vertex 20.009 -16.421 0.09
endloop
endfacet
facet normal -0.26045493473378084 0.22471683558112127 -0.9389704845090868
outer loop
vertex 19.179 -17.383 0.09
vertex 20.009 -16.421 0.09
vertex 19.278 -17.473 0.041
endloop
endfacet
facet normal -0.26090457349658136 0.22502007683159156 -0.9387730122618947
outer loop
vertex 19.278 -17.473 0.041
vertex 20.009 -16.421 0.09
vertex 20.112 -16.506 0.041
endloop
endfacet
facet normal -0.16427949288758892 0.14168469190098165 -0.9761852776484189
outer loop
vertex 19.278 -17.473 0.041
vertex 20.112 -16.506 0.041
vertex 19.382 -17.566 0.01
endloop
endfacet
facet normal -0.1645706651555018 0.14188293971225352 -0.9761074364991205
outer loop
vertex 19.382 -17.566 0.01
vertex 20.112 -16.506 0.041
vertex 20.22 -16.594 0.01
endloop
endfacet
facet normal -0.05312675425380181 0.04580269553980029 -0.9975367968469857
outer loop
vertex 19.382 -17.566 0.01
vertex 20.22 -16.594 0.01
vertex 19.487 -17.662 0.0
endloop
endfacet
facet normal -0.05291535695149778 0.04565777472887677 -0.9975546764992397
outer loop
vertex 19.487 -17.662 0.0
vertex 20.22 -16.594 0.01
vertex 20.33 -16.685 0.0
endloop
endfacet
facet normal 0.0 0.0 -1.0
outer loop
vertex 20.33 -16.685 0.0
vertex 21.124 -15.667 0.0
vertex 27.055 -22.204 0.0
endloop
endfacet
facet normal 0.0 0.0 -1.0
outer loop
vertex 27.055 -22.204 0.0
vertex 21.124 -15.667 0.0
vertex 28.112 -20.849 0.0
endloop
endfacet
facet normal 0.788474085729856 -0.6150679768387132 0.0
outer loop
vertex 27.055 -22.204 0.0
vertex 28.112 -20.849 0.0
vertex 27.055 -22.204 3.0
endloop
endfacet
facet normal 0.788474085729856 -0.6150679768387132 0.0
outer loop
vertex 27.055 -22.204 3.0
vertex 28.112 -20.849 0.0
vertex 28.112 -20.849 3.0
endloop
endfacet
facet normal 0.0 -0.0 1.0
outer loop
vertex 27.055 -22.204 3.0
vertex 28.112 -20.849 3.0
vertex 23.036 -18.905 3.0
endloop
endfacet
facet normal -0.0 -0.0 1.0
outer loop
vertex 23.036 -18.905 3.0
vertex 28.112 -20.849 3.0
vertex 23.936 -17.752 3.0
endloop
endfacet
facet normal 0.7882834307933265 -0.6153123050424903 0.0
outer loop
vertex 23.036 -18.905 3.0
vertex 23.936 -17.752 3.0
vertex 23.036 -18.905 52.0
endloop
endfacet
facet normal 0.7882834307933265 -0.6153123050424903 0.0
outer loop
vertex 23.036 -18.905 52.0
vertex 23.936 -17.752 3.0
vertex 23.936 -17.752 52.0
endloop
endfacet
facet normal 0.5575535608210839 -0.43521093212400147 0.7069126334813147
outer loop
vertex 23.036 -18.905 52.0
vertex 23.936 -17.752 52.0
vertex 22.263 -18.271 53.0
endloop
endfacet
facet normal 0.5575788960637739 -0.43456148939858164 0.707292080116828
outer loop
vertex 22.263 -18.271 53.0
vertex 23.936 -17.752 52.0
vertex 23.132 -17.156 53.0
endloop
endfacet
facet normal 0.0 -0.0 1.0
outer loop
vertex 22.263 -18.271 53.0
vertex 23.132 -17.156 53.0
vertex 19.557 -16.05 53.0
endloop
endfacet
facet normal -0.0 -0.0 1.0
outer loop
vertex 19.557 -16.05 53.0
vertex 23.132 -17.156 53.0
vertex 20.321 -15.071 53.0
endloop
endfacet
facet normal -0.788353886907942 0.6152220322754539 0.0
outer loop
vertex 19.557 -16.05 53.0
vertex 20.321 -15.071 53.0
vertex 19.557 -16.05 1.0
endloop
endfacet
facet normal -0.788353886907942 0.6152220322754539 0.0
outer loop
vertex 19.557 -16.05 1.0
vertex 20.321 -15.071 53.0
vertex 20.321 -15.071 1.0
endloop
endfacet
facet normal -0.7861610444515056 0.6135107640050582 -0.0745342514341423
outer loop
vertex 19.557 -16.05 1.0
vertex 20.321 -15.071 1.0
vertex 19.565 -16.057 0.858
endloop
endfacet
facet normal -0.7867106986169232 0.6133132385136016 -0.07023637338039748
outer loop
vertex 19.565 -16.057 0.858
vertex 20.321 -15.071 1.0
vertex 20.329 -15.077 0.858
endloop
endfacet
facet normal -0.7713536189119043 0.6013409845394849 -0.2083329424373207
outer loop
vertex 19.565 -16.057 0.858
vertex 20.329 -15.077 0.858
vertex 19.588 -16.076 0.718
endloop
endfacet
facet normal -0.769794444698133 0.6010831239946672 -0.2147454096382618
outer loop
vertex 19.588 -16.076 0.718
vertex 20.329 -15.077 0.858
vertex 20.354 -15.095 0.718
endloop
endfacet
facet normal -0.7381027572525742 0.576337117283864 -0.35077036217028534
outer loop
vertex 19.588 -16.076 0.718
vertex 20.354 -15.095 0.718
vertex 19.627 -16.107 0.585
endloop
endfacet
facet normal -0.7377078872591153 0.576193431290979 -0.35183547691047357
outer loop
vertex 19.627 -16.107 0.585
vertex 20.354 -15.095 0.718
vertex 20.394 -15.125 0.585
endloop
endfacet
facet normal -0.6915759978348984 0.5401617009565857 -0.47952891053444596
outer loop
vertex 19.627 -16.107 0.585
vertex 20.394 -15.125 0.585
vertex 19.68 -16.151 0.459
endloop
endfacet
facet normal -0.692316502551139 0.5404988735653071 -0.47807826552772004
outer loop
vertex 19.68 -16.151 0.459
vertex 20.394 -15.125 0.585
vertex 20.449 -15.166 0.459
endloop
endfacet
facet normal -0.6312383811034727 0.49281453306454015 -0.5988922626167801
outer loop
vertex 19.68 -16.151 0.459
vertex 20.449 -15.166 0.459
vertex 19.746 -16.205 0.345
endloop
endfacet
facet normal -0.632059866355031 0.4932370009713872 -0.5976768242252767
outer loop
vertex 19.746 -16.205 0.345
vertex 20.449 -15.166 0.459
vertex 20.517 -15.217 0.345
endloop
endfacet
facet normal -0.5578273455910118 0.4353085864885339 -0.7066364603105622
outer loop
vertex 19.746 -16.205 0.345
vertex 20.517 -15.217 0.345
vertex 19.824 -16.269 0.244
endloop
endfacet
facet normal -0.558124440989622 0.4354720940785951 -0.706301043216577
outer loop
vertex 19.824 -16.269 0.244
vertex 20.517 -15.217 0.345
vertex 20.598 -15.277 0.244
endloop
endfacet
facet normal -0.4705107239315962 0.3671121979063049 -0.802401578272231
outer loop
vertex 19.824 -16.269 0.244
vertex 20.598 -15.277 0.244
vertex 19.912 -16.342 0.159
endloop
endfacet
facet normal -0.47028222008352605 0.3669805087512387 -0.8025957510914145
outer loop
vertex 19.912 -16.342 0.159
vertex 20.598 -15.277 0.244
vertex 20.69 -15.345 0.159
endloop
endfacet
facet normal -0.3808205814605973 0.29716992214277443 -0.8755944963906923
outer loop
vertex 19.912 -16.342 0.159
vertex 20.69 -15.345 0.159
vertex 20.009 -16.421 0.09
endloop
endfacet
facet normal -0.3806221898517893 0.29705244756896165 -0.875720612972949
outer loop
vertex 20.009 -16.421 0.09
vertex 20.69 -15.345 0.159
vertex 20.791 -15.419 0.09
endloop
endfacet
facet normal -0.2716420669192201 0.21200009613855328 -0.938757980907272
outer loop
vertex 20.009 -16.421 0.09
vertex 20.791 -15.419 0.09
vertex 20.112 -16.506 0.041
endloop
endfacet
facet normal -0.2714913779036807 0.2119088610052567 -0.9388221697166165
outer loop
vertex 20.112 -16.506 0.041
vertex 20.791 -15.419 0.09
vertex 20.898 -15.499 0.041
endloop
endfacet
facet normal -0.17126068264901337 0.13367517036953802 -0.9761151199552586
outer loop
vertex 20.112 -16.506 0.041
vertex 20.898 -15.499 0.041
vertex 20.22 -16.594 0.01
endloop
endfacet
facet normal -0.1711631111131818 0.1336154721140455 -0.9761404074239511
outer loop
vertex 20.22 -16.594 0.01
vertex 20.898 -15.499 0.041
vertex 21.01 -15.582 0.01
endloop
endfacet
facet normal -0.05510203674188609 0.04301443579653176 -0.9975537699091723
outer loop
vertex 20.22 -16.594 0.01
vertex 21.01 -15.582 0.01
vertex 20.33 -16.685 0.0
endloop
endfacet
facet normal -0.05532744191693468 0.043153230728925546 -0.997535299048903
outer loop
vertex 20.33 -16.685 0.0
vertex 21.01 -15.582 0.01
vertex 21.124 -15.667 0.0
endloop
endfacet
facet normal 0.0 0.0 -1.0
outer loop
vertex 21.124 -15.667 0.0
vertex 21.868 -14.611 0.0
vertex 28.112 -20.849 0.0
endloop
endfacet
facet normal 0.0 0.0 -1.0
outer loop
vertex 28.112 -20.849 0.0
vertex 21.868 -14.611 0.0
vertex 29.101 -19.445 0.0
endloop
endfacet
facet normal 0.8175322772943157 -0.5758827793761245 0.0
outer loop
vertex 28.112 -20.849 0.0
vertex 29.101 -19.445 0.0
vertex 28.112 -20.849 3.0
endloop
endfacet
facet normal 0.8175322772943157 -0.5758827793761245 0.0
outer loop
vertex 28.112 -20.849 3.0
vertex 29.101 -19.445 0.0
vertex 29.101 -19.445 3.0
endloop
endfacet
facet normal 0.0 -0.0 1.0
outer loop
vertex 28.112 -20.849 3.0
vertex 29.101 -19.445 3.0
vertex 23.936 -17.752 3.0
endloop
endfacet
facet normal -0.0 -0.0 1.0
outer loop
vertex 23.936 -17.752 3.0
vertex 29.101 -19.445 3.0
vertex 24.778 -16.556 3.0
endloop
endfacet
facet normal 0.817687227320975 -0.5756627469935294 0.0
outer loop
vertex 23.936 -17.752 3.0
vertex 24.778 -16.556 3.0
vertex 23.936 -17.752 52.0
endloop
endfacet
facet normal 0.817687227320975 -0.5756627469935294 0.0
outer loop
vertex 23.936 -17.752 52.0
vertex 24.778 -16.556 3.0
vertex 24.778 -16.556 52.0
endloop
endfacet
facet normal 0.5780431654189494 -0.4069501214738758 0.7072889773952644
outer loop
vertex 23.936 -17.752 52.0
vertex 24.778 -16.556 52.0
vertex 23.132 -17.156 53.0
endloop
endfacet
facet normal 0.5780439713547572 -0.4070309625283502 0.7072417993329194
outer loop
vertex 23.132 -17.156 53.0
vertex 24.778 -16.556 52.0
vertex 23.946 -16.0 53.0
endloop
endfacet
facet normal 0.0 -0.0 1.0
outer loop
vertex 23.132 -17.156 53.0
vertex 23.946 -16.0 53.0
vertex 20.321 -15.071 53.0
endloop
endfacet
facet normal -0.0 -0.0 1.0
outer loop
vertex 20.321 -15.071 53.0
vertex 23.946 -16.0 53.0
vertex 21.036 -14.056 53.0
endloop
endfacet
facet normal -0.817525525008853 0.5758923649077138 0.0
outer loop
vertex 20.321 -15.071 53.0
vertex 21.036 -14.056 53.0
vertex 20.321 -15.071 1.0
endloop
endfacet
facet normal -0.817525525008853 0.5758923649077138 0.0
outer loop
vertex 20.321 -15.071 1.0
vertex 21.036 -14.056 53.0
vertex 21.036 -14.056 1.0
endloop
endfacet
facet normal -0.8155076303645129 0.5744708923257402 -0.07021750983711227
outer loop
vertex 20.321 -15.071 1.0
vertex 21.036 -14.056 1.0
vertex 20.329 -15.077 0.858
endloop
endfacet
facet normal -0.8147875011537111 0.5747663554936528 -0.07592736368553325
outer loop
vertex 20.329 -15.077 0.858
vertex 21.036 -14.056 1.0
vertex 21.045 -14.062 0.858
endloop
endfacet
facet normal -0.7980561597892301 0.562963754097625 -0.21489108263205223
outer loop
vertex 20.329 -15.077 0.858
vertex 21.045 -14.062 0.858
vertex 20.354 -15.095 0.718
endloop
endfacet
facet normal -0.7999339684680855 0.5631786837985735 -0.20720862966055845
outer loop
vertex 20.354 -15.095 0.718
vertex 21.045 -14.062 0.858
vertex 21.07 -14.078 0.718
endloop
endfacet
facet normal -0.7654239871850482 0.5388825711155307 -0.35175516256290873
outer loop
vertex 20.354 -15.095 0.718
vertex 21.07 -14.078 0.718
vertex 20.394 -15.125 0.585
endloop
endfacet
facet normal -0.7661989984527834 0.5391213757513713 -0.34969592073385747
outer loop
vertex 20.394 -15.125 0.585
vertex 21.07 -14.078 0.718
vertex 21.111 -14.106 0.585
endloop
endfacet
facet normal -0.7183390462303447 0.5054456291925012 -0.4780310979330481
outer loop
vertex 20.394 -15.125 0.585
vertex 21.111 -14.106 0.585
vertex 20.449 -15.166 0.459
endloop
endfacet
facet normal -0.7185924902068329 0.5055459887071537 -0.47754380565603544
outer loop
vertex 20.449 -15.166 0.459
vertex 21.111 -14.106 0.585
vertex 21.168 -14.144 0.459
endloop
endfacet
facet normal -0.6557870708120811 0.46136096273374233 -0.5975695606547453
outer loop
vertex 20.449 -15.166 0.459
vertex 21.168 -14.144 0.459
vertex 20.517 -15.217 0.345
endloop
endfacet
facet normal -0.6535182861949878 0.46033190500759197 -0.60083973473868
outer loop
vertex 20.517 -15.217 0.345
vertex 21.168 -14.144 0.459
vertex 21.239 -14.192 0.345
endloop
endfacet
facet normal -0.5787395002868634 0.4076584577630399 -0.7063109602873024
outer loop
vertex 20.517 -15.217 0.345
vertex 21.239 -14.192 0.345
vertex 20.598 -15.277 0.244
endloop
endfacet
facet normal -0.5782649405885616 0.40742670741176684 -0.7068331744999761
outer loop
vertex 20.598 -15.277 0.244
vertex 21.239 -14.192 0.345
vertex 21.323 -14.248 0.244
endloop
endfacet
facet normal -0.487616111749479 0.34355848495468705 -0.8026195206808514
outer loop
vertex 20.598 -15.277 0.244
vertex 21.323 -14.248 0.244
vertex 20.69 -15.345 0.159
endloop
endfacet
facet normal -0.4889054029849978 0.3442196647708677 -0.8015512019310485
outer loop
vertex 20.69 -15.345 0.159
vertex 21.323 -14.248 0.244
vertex 21.418 -14.311 0.159
endloop
endfacet
facet normal -0.3946994447514419 0.277892839244728 -0.8757784641160158
outer loop
vertex 20.69 -15.345 0.159
vertex 21.418 -14.311 0.159
vertex 20.791 -15.419 0.09
endloop
endfacet
facet normal -0.3943042847803123 0.2776844240601228 -0.8760225405994323
outer loop
vertex 20.791 -15.419 0.09
vertex 21.418 -14.311 0.159
vertex 21.522 -14.381 0.09
endloop
endfacet
facet normal -0.28163036819958287 0.198335066622249 -0.938801116880309
outer loop
vertex 20.791 -15.419 0.09
vertex 21.522 -14.381 0.09
vertex 20.898 -15.499 0.041
endloop
endfacet
facet normal -0.2820010806635699 0.19853524357061647 -0.9386475097526945
outer loop
vertex 20.898 -15.499 0.041
vertex 21.522 -14.381 0.09
vertex 21.633 -14.455 0.041
endloop
endfacet
facet normal -0.17754904643765446 0.124998610279383 -0.9761412211034337
outer loop
vertex 20.898 -15.499 0.041
vertex 21.633 -14.455 0.041
vertex 21.01 -15.582 0.01
endloop
endfacet
facet normal -0.17778900631312405 0.1251295958718077 -0.9760807617565005
outer loop
vertex 21.01 -15.582 0.01
vertex 21.633 -14.455 0.041
vertex 21.749 -14.532 0.01
endloop
endfacet
facet normal -0.05738768551924904 0.04038999961783319 -0.9975346116710012
outer loop
vertex 21.01 -15.582 0.01
vertex 21.749 -14.532 0.01
vertex 21.124 -15.667 0.0
endloop
endfacet
facet normal -0.057114482753218135 0.04023974921249462 -0.9975563635420045
outer loop
vertex 21.124 -15.667 0.0
vertex 21.749 -14.532 0.01
vertex 21.868 -14.611 0.0
endloop
endfacet
facet normal 0.0 0.0 -1.0
outer loop
vertex 21.868 -14.611 0.0
vertex 22.558 -13.521 0.0
vertex 29.101 -19.445 0.0
endloop
endfacet
facet normal 0.0 0.0 -0.9999999999999999
outer loop
vertex 29.101 -19.445 0.0
vertex 22.558 -13.521 0.0
vertex 30.021 -17.994 0.0
endloop
endfacet
facet normal 0.8445470993869619 -0.535481275972437 0.0
outer loop
vertex 29.101 -19.445 0.0
vertex 30.021 -17.994 0.0
vertex 29.101 -19.445 3.0
endloop
endfacet
facet normal 0.8445470993869619 -0.535481275972437 0.0
outer loop
vertex 29.101 -19.445 3.0
vertex 30.021 -17.994 0.0
vertex 30.021 -17.994 3.0
endloop
endfacet
facet normal 0.0 -0.0 1.0
outer loop
vertex 29.101 -19.445 3.0
vertex 30.021 -17.994 3.0
vertex 24.778 -16.556 3.0
endloop
endfacet
facet normal -0.0 -0.0 1.0
outer loop
vertex 24.778 -16.556 3.0
vertex 30.021 -17.994 3.0
vertex 25.56 -15.32 3.0
endloop
endfacet
facet normal 0.8450662272349784 -0.5346616421502853 0.0
outer loop
vertex 24.778 -16.556 3.0
vertex 25.56 -15.32 3.0
vertex 24.778 -16.556 52.0
endloop
endfacet
facet normal 0.8450662272349784 -0.5346616421502853 0.0
outer loop
vertex 24.778 -16.556 52.0
vertex 25.56 -15.32 3.0
vertex 25.56 -15.32 52.0
endloop
endfacet
facet normal 0.5974424268272674 -0.37799350952987293 0.7072364904188946
outer loop
vertex 24.778 -16.556 52.0
vertex 25.56 -15.32 52.0
vertex 23.946 -16.0 53.0
endloop
endfacet
facet normal 0.5974905565971889 -0.37881101452602206 0.7067582684701661
outer loop
vertex 23.946 -16.0 53.0
vertex 25.56 -15.32 52.0
vertex 24.703 -14.806 53.0
endloop
endfacet
facet normal 0.0 -0.0 0.9999999999999999
outer loop
vertex 23.946 -16.0 53.0
vertex 24.703 -14.806 53.0
vertex 21.036 -14.056 53.0
endloop
endfacet
facet normal -0.0 -0.0 1.0
outer loop
vertex 21.036 -14.056 53.0
vertex 24.703 -14.806 53.0
vertex 21.701 -13.007 53.0
endloop
endfacet
facet normal -0.8445885020132177 0.5354159712476543 0.0
outer loop
vertex 21.036 -14.056 53.0
vertex 21.701 -13.007 53.0
vertex 21.036 -14.056 1.0
endloop
endfacet
facet normal -0.8445885020132177 0.5354159712476543 0.0
outer loop
vertex 21.036 -14.056 1.0
vertex 21.701 -13.007 53.0
vertex 21.701 -13.007 1.0
endloop
endfacet
facet normal -0.8421500704865296 0.5338701590786861 -0.07593360273838952
outer loop
vertex 21.036 -14.056 1.0
vertex 21.701 -13.007 1.0
vertex 21.045 -14.062 0.858
endloop
endfacet
facet normal -0.8433236963259371 0.53330184224802 -0.06628942804117795
outer loop
vertex 21.045 -14.062 0.858
vertex 21.701 -13.007 1.0
vertex 21.709 -13.012 0.858
endloop
endfacet
facet normal -0.8268054783429518 0.5228560358283038 -0.20739881094161097
outer loop
vertex 21.045 -14.062 0.858
vertex 21.709 -13.012 0.858
vertex 21.07 -14.078 0.718
endloop
endfacet
facet normal -0.8254252751647392 0.5227693409376679 -0.21303833292346958
outer loop
vertex 21.07 -14.078 0.718
vertex 21.709 -13.012 0.858
vertex 21.735 -13.028 0.718
endloop
endfacet
facet normal -0.7915284348507461 0.5013013420721391 -0.34954213087895514
outer loop
vertex 21.07 -14.078 0.718
vertex 21.735 -13.028 0.718
vertex 21.111 -14.106 0.585
endloop
endfacet
facet normal -0.7913299672713344 0.5012507959828861 -0.3500635976860085
outer loop
vertex 21.111 -14.106 0.585
vertex 21.735 -13.028 0.718
vertex 21.778 -13.053 0.585
endloop
endfacet
facet normal -0.7422258382924477 0.4701468510361459 -0.47755915176223923
outer loop
vertex 21.111 -14.106 0.585
vertex 21.778 -13.053 0.585
vertex 21.168 -14.144 0.459
endloop
endfacet
facet normal -0.7419862538696284 0.47006515515036107 -0.47801166197278366
outer loop
vertex 21.168 -14.144 0.459
vertex 21.778 -13.053 0.585
vertex 21.837 -13.088 0.459
endloop
endfacet
facet normal -0.6753279347738449 0.42783559504138463 -0.6007402800958814
outer loop
vertex 21.168 -14.144 0.459
vertex 21.837 -13.088 0.459
vertex 21.239 -14.192 0.345
endloop
endfacet
facet normal -0.6767639824095514 0.42840436999698905 -0.5987154648751335
outer loop
vertex 21.239 -14.192 0.345
vertex 21.837 -13.088 0.459
vertex 21.91 -13.132 0.345
endloop
endfacet
facet normal -0.5976776137308469 0.3783412064277337 -0.7068517535974624
outer loop
vertex 21.239 -14.192 0.345
vertex 21.91 -13.132 0.345
vertex 21.323 -14.248 0.244
endloop
endfacet
facet normal -0.5963928056327931 0.3777901795079909 -0.7082303309353289
outer loop
vertex 21.323 -14.248 0.244
vertex 21.91 -13.132 0.345
vertex 21.997 -13.184 0.244
endloop
endfacet
facet normal -0.5050556334040919 0.31993185800221585 -0.8015999085591524
outer loop
vertex 21.323 -14.248 0.244
vertex 21.997 -13.184 0.244
vertex 21.418 -14.311 0.159
endloop
endfacet
facet normal -0.5038389128336616 0.3193810336969933 -0.8025846405390735
outer loop
vertex 21.418 -14.311 0.159
vertex 21.997 -13.184 0.244
vertex 22.095 -13.243 0.159
endloop
endfacet
facet normal -0.4073755663348415 0.2582333880231158 -0.8759912472527738
outer loop
vertex 21.418 -14.311 0.159
vertex 22.095 -13.243 0.159
vertex 21.522 -14.381 0.09
endloop
endfacet
facet normal -0.409208224291473 0.2590890060690903 -0.8748837157624723
outer loop
vertex 21.522 -14.381 0.09
vertex 22.095 -13.243 0.159
vertex 22.202 -13.307 0.09
endloop
endfacet
facet normal -0.2913724115089506 0.18448160132782812 -0.9386525750153668
outer loop
vertex 21.522 -14.381 0.09
vertex 22.202 -13.307 0.09
vertex 21.633 -14.455 0.041
endloop
endfacet
facet normal -0.2899235711289622 0.18378843619296603 -0.9392369954519325
outer loop
vertex 21.633 -14.455 0.041
vertex 22.202 -13.307 0.09
vertex 22.317 -13.376 0.041
endloop
endfacet
facet normal -0.18359551774231322 0.11638492505629505 -0.9760877189497738
outer loop
vertex 21.633 -14.455 0.041
vertex 22.317 -13.376 0.041
vertex 21.749 -14.532 0.01
endloop
endfacet
facet normal -0.18378828876383865 0.11647837119996071 -0.9760402932030335
outer loop
vertex 21.749 -14.532 0.01
vertex 22.317 -13.376 0.041
vertex 22.436 -13.448 0.01
endloop
endfacet
facet normal -0.05900353797410324 0.03739430866070941 -0.9975571403114338
outer loop
vertex 21.749 -14.532 0.01
vertex 22.436 -13.448 0.01
vertex 21.868 -14.611 0.0
endloop
endfacet
facet normal -0.05930253541981766 0.03754013710061859 -0.997533932956292
outer loop
vertex 21.868 -14.611 0.0
vertex 22.436 -13.448 0.01
vertex 22.558 -13.521 0.0
endloop
endfacet
facet normal 0.0 0.0 -1.0
outer loop
vertex 22.558 -13.521 0.0
vertex 23.195 -12.398 0.0
vertex 30.021 -17.994 0.0
endloop
endfacet
facet normal 0.0 0.0 -1.0
outer loop
vertex 30.021 -17.994 0.0
vertex 23.195 -12.398 0.0
vertex 30.867 -16.499 0.0
endloop
endfacet
facet normal 0.8703133534670595 -0.4924983926643023 0.0
outer loop
vertex 30.021 -17.994 0.0
vertex 30.867 -16.499 0.0
vertex 30.021 -17.994 3.0
endloop
endfacet
facet normal 0.8703133534670595 -0.4924983926643023 0.0
outer loop
vertex 30.021 -17.994 3.0
vertex 30.867 -16.499 0.0
vertex 30.867 -16.499 3.0
endloop
endfacet
facet normal 0.0 -0.0 1.0
outer loop
vertex 30.021 -17.994 3.0
vertex 30.867 -16.499 3.0
vertex 25.56 -15.32 3.0
endloop
endfacet
facet normal -0.0 -0.0 1.0
outer loop
vertex 25.56 -15.32 3.0
vertex 30.867 -16.499 3.0
vertex 26.281 -14.048 3.0
endloop
endfacet
facet normal 0.8699635075054271 -0.4931161076347586 0.0
outer loop
vertex 25.56 -15.32 3.0
vertex 26.281 -14.048 3.0
vertex 25.56 -15.32 52.0
endloop
endfacet
facet normal 0.8699635075054271 -0.4931161076347586 0.0
outer loop
vertex 25.56 -15.32 52.0
vertex 26.281 -14.048 3.0
vertex 26.281 -14.048 52.0
endloop
endfacet
facet normal 0.6154584716229021 -0.34885657078625193 0.7067601875649606
outer loop
vertex 25.56 -15.32 52.0
vertex 26.281 -14.048 52.0
vertex 24.703 -14.806 53.0
endloop
endfacet
facet normal 0.6153896334177281 -0.3482204754949107 0.7071337211080325
outer loop
vertex 24.703 -14.806 53.0
vertex 26.281 -14.048 52.0
vertex 25.399 -13.576 53.0
endloop
endfacet
facet normal 0.0 -0.0 1.0
outer loop
vertex 24.703 -14.806 53.0
vertex 25.399 -13.576 53.0
vertex 21.701 -13.007 53.0
endloop
endfacet
facet normal -0.0 -0.0 1.0
outer loop
vertex 21.701 -13.007 53.0
vertex 25.399 -13.576 53.0
vertex 22.313 -11.926 53.0
endloop
endfacet
facet normal -0.8702177846265517 0.4926672379199338 0.0
outer loop
vertex 21.701 -13.007 53.0
vertex 22.313 -11.926 53.0
vertex 21.701 -13.007 1.0
endloop
endfacet
facet normal -0.8702177846265517 0.4926672379199338 0.0
outer loop
vertex 21.701 -13.007 1.0
vertex 22.313 -11.926 53.0
vertex 22.313 -11.926 1.0
endloop
endfacet
facet normal -0.8683072313536285 0.4915855925887322 -0.06622806911107249
outer loop
vertex 21.701 -13.007 1.0
vertex 22.313 -11.926 1.0
vertex 21.709 -13.012 0.858
endloop
endfacet
facet normal -0.8675953125933589 0.4919851310080739 -0.0723118554111296
outer loop
vertex 21.709 -13.012 0.858
vertex 22.313 -11.926 1.0
vertex 22.322 -11.931 0.858
endloop
endfacet
facet normal -0.8499251440980997 0.4819649522036393 -0.2129249498700616
outer loop
vertex 21.709 -13.012 0.858
vertex 22.322 -11.931 0.858
vertex 21.735 -13.028 0.718
endloop
endfacet
facet normal -0.8515354254866178 0.4819863488673096 -0.20634092819139116
outer loop
vertex 21.735 -13.028 0.718
vertex 22.322 -11.931 0.858
vertex 22.348 -11.945 0.718
endloop
endfacet
facet normal -0.8151327220737168 0.46138167925317447 -0.350265030304502
outer loop
vertex 21.735 -13.028 0.718
vertex 22.348 -11.945 0.718
vertex 21.778 -13.053 0.585
endloop
endfacet
facet normal -0.8142322145485178 0.46119795178301654 -0.3525937464881742
outer loop
vertex 21.778 -13.053 0.585
vertex 22.348 -11.945 0.718
vertex 22.392 -11.969 0.585
endloop
endfacet
facet normal -0.7642278806109548 0.4328744637408913 -0.4780956443410925
outer loop
vertex 21.778 -13.053 0.585
vertex 22.392 -11.969 0.585
vertex 21.837 -13.088 0.459
endloop
endfacet
facet normal -0.7634716072240102 0.43265732295307285 -0.47949843154891236
outer loop
vertex 21.837 -13.088 0.459
vertex 22.392 -11.969 0.585
vertex 22.453 -12.001 0.459
endloop
endfacet
facet normal -0.6968754958316646 0.394917484298349 -0.5986691272354329
outer loop
vertex 21.837 -13.088 0.459
vertex 22.453 -12.001 0.459
vertex 21.91 -13.132 0.345
endloop
endfacet
facet normal -0.6976279456688994 0.3951733001130881 -0.5976230520148318
outer loop
vertex 21.91 -13.132 0.345
vertex 22.453 -12.001 0.459
vertex 22.528 -12.041 0.345
endloop
endfacet
facet normal -0.6142561898261718 0.34794713594186394 -0.7082528671668671
outer loop
vertex 21.91 -13.132 0.345
vertex 22.528 -12.041 0.345
vertex 21.997 -13.184 0.244
endloop
endfacet
facet normal -0.6150227375363907 0.34823205230371074 -0.707447150013052
outer loop
vertex 21.997 -13.184 0.244
vertex 22.528 -12.041 0.345
vertex 22.617 -12.089 0.244
endloop
endfacet
facet normal -0.5191336522400118 0.2939386889395509 -0.8025585949053466
outer loop
vertex 21.997 -13.184 0.244
vertex 22.617 -12.089 0.244
vertex 22.095 -13.243 0.159
endloop
endfacet
facet normal -0.5186707885171167 0.29375627386014946 -0.802924569749135
outer loop
vertex 22.095 -13.243 0.159
vertex 22.617 -12.089 0.244
vertex 22.718 -12.143 0.159
endloop
endfacet
facet normal -0.42142203095124536 0.23867811389329674 -0.8748921246515287
outer loop
vertex 22.095 -13.243 0.159
vertex 22.718 -12.143 0.159
vertex 22.202 -13.307 0.09
endloop
endfacet
facet normal -0.4210169746963746 0.23851278385513974 -0.8751321951312179
outer loop
vertex 22.202 -13.307 0.09
vertex 22.718 -12.143 0.159
vertex 22.828 -12.202 0.09
endloop
endfacet
facet normal -0.29867401198616944 0.16920355792157585 -0.9392358545917877
outer loop
vertex 22.202 -13.307 0.09
vertex 22.828 -12.202 0.09
vertex 22.317 -13.376 0.041
endloop
endfacet
facet normal -0.2994022138770293 0.16950854413019986 -0.9389489697488325
outer loop
vertex 22.317 -13.376 0.041
vertex 22.828 -12.202 0.09
vertex 22.946 -12.265 0.041
endloop
endfacet
facet normal -0.18938618283626124 0.10722224032764058 -0.9760308729388798
outer loop
vertex 22.317 -13.376 0.041
vertex 22.946 -12.265 0.041
vertex 22.436 -13.448 0.01
endloop
endfacet
facet normal -0.1886655398579211 0.10691610271268019 -0.9762040058567937
outer loop
vertex 22.436 -13.448 0.01
vertex 22.946 -12.265 0.041
vertex 23.069 -12.331 0.01
endloop
endfacet
facet normal -0.06106024141690847 0.0346026256194297 -0.9975341123081207
outer loop
vertex 22.436 -13.448 0.01
vertex 23.069 -12.331 0.01
vertex 22.558 -13.521 0.0
endloop
endfacet
facet normal -0.06082469022499863 0.03450162749182913 -0.9975520010302461
outer loop
vertex 22.558 -13.521 0.0
vertex 23.069 -12.331 0.01
vertex 23.195 -12.398 0.0
endloop
endfacet
facet normal 0.0 0.0 -1.0
outer loop
vertex 23.195 -12.398 0.0
vertex 23.775 -11.245 0.0
vertex 30.867 -16.499 0.0
endloop
endfacet
facet normal 0.0 0.0 -1.0
outer loop
vertex 30.867 -16.499 0.0
vertex 23.775 -11.245 0.0
vertex 31.64 -14.964 0.0
endloop
endfacet
facet normal 0.8931434516822083 -0.4497719141044609 0.0
outer loop
vertex 30.867 -16.499 0.0
vertex 31.64 -14.964 0.0
vertex 30.867 -16.499 3.0
endloop
endfacet
facet normal 0.8931434516822083 -0.4497719141044609 0.0
outer loop
vertex 30.867 -16.499 3.0
vertex 31.64 -14.964 0.0
vertex 31.64 -14.964 3.0
endloop
endfacet
facet normal 0.0 -0.0 1.0
outer loop
vertex 30.867 -16.499 3.0
vertex 31.64 -14.964 3.0
vertex 26.281 -14.048 3.0
endloop
endfacet
facet normal -0.0 -0.0 0.9999999999999999
outer loop
vertex 26.281 -14.048 3.0
vertex 31.64 -14.964 3.0
vertex 26.939 -12.741 3.0
endloop
endfacet
facet normal 0.8931937013704928 -0.44967211591567346 0.0
outer loop
vertex 26.281 -14.048 3.0
vertex 26.939 -12.741 3.0
vertex 26.281 -14.048 52.0
endloop
endfacet
facet normal 0.8931937013704928 -0.44967211591567346 0.0
outer loop
vertex 26.281 -14.048 52.0
vertex 26.939 -12.741 3.0
vertex 26.939 -12.741 52.0
endloop
endfacet
facet normal 0.6315700337301539 -0.3179595120079892 0.7071216594177651
outer loop
vertex 26.281 -14.048 52.0
vertex 26.939 -12.741 52.0
vertex 25.399 -13.576 53.0
endloop
endfacet
facet normal 0.6316263900140003 -0.31831567674239586 0.7069110505416593
outer loop
vertex 25.399 -13.576 53.0
vertex 26.939 -12.741 52.0
vertex 26.035 -12.314 53.0
endloop
endfacet
facet normal 0.0 -0.0 1.0
outer loop
vertex 25.399 -13.576 53.0
vertex 26.035 -12.314 53.0
vertex 22.313 -11.926 53.0
endloop
endfacet
facet normal -0.0 -0.0 1.0
outer loop
vertex 22.313 -11.926 53.0
vertex 26.035 -12.314 53.0
vertex 22.871 -10.817 53.0
endloop
endfacet
facet normal -0.893296650986177 0.44946756650161107 0.0
outer loop
vertex 22.313 -11.926 53.0
vertex 22.871 -10.817 53.0
vertex 22.313 -11.926 1.0
endloop
endfacet
facet normal -0.893296650986177 0.44946756650161107 0.0
outer loop
vertex 22.313 -11.926 1.0
vertex 22.871 -10.817 53.0
vertex 22.871 -10.817 1.0
endloop
endfacet
facet normal -0.8909617856612222 0.44829276501258963 -0.0722543654648862
outer loop
vertex 22.313 -11.926 1.0
vertex 22.871 -10.817 1.0
vertex 22.322 -11.931 0.858
endloop
endfacet
facet normal -0.8913227360611036 0.44807034839828447 -0.0691139860432618
outer loop
vertex 22.322 -11.931 0.858
vertex 22.871 -10.817 1.0
vertex 22.88 -10.821 0.858
endloop
endfacet
facet normal -0.874238533955521 0.439482073826289 -0.20630679226008497
outer loop
vertex 22.322 -11.931 0.858
vertex 22.88 -10.821 0.858
vertex 22.348 -11.945 0.718
endloop
endfacet
facet normal -0.8720482838039234 0.4395562906662456 -0.21522559803694974
outer loop
vertex 22.348 -11.945 0.718
vertex 22.88 -10.821 0.858
vertex 22.908 -10.834 0.718
endloop
endfacet
facet normal -0.8356671289579966 0.42121835483031483 -0.35247063300811626
outer loop
vertex 22.348 -11.945 0.718
vertex 22.908 -10.834 0.718
vertex 22.392 -11.969 0.585
endloop
endfacet
facet normal -0.8356845578931471 0.42122105748252986 -0.3524260779684649
outer loop
vertex 22.392 -11.969 0.585
vertex 22.908 -10.834 0.718
vertex 22.953 -10.856 0.585
endloop
endfacet
facet normal -0.7835555821721507 0.39494580556925124 -0.4796440975453749
outer loop
vertex 22.392 -11.969 0.585
vertex 22.953 -10.856 0.585
vertex 22.453 -12.001 0.459
endloop
endfacet
facet normal -0.7875027727795509 0.395868329327355 -0.4723638943654433
outer loop
vertex 22.453 -12.001 0.459
vertex 22.953 -10.856 0.585
vertex 23.014 -10.885 0.459
endloop
endfacet
facet normal -0.7163513525777568 0.360101351967851 -0.5976351361582952
outer loop
vertex 22.453 -12.001 0.459
vertex 23.014 -10.885 0.459
vertex 22.528 -12.041 0.345
endloop
endfacet
facet normal -0.7119653617331931 0.3588458123480974 -0.603601695369022
outer loop
vertex 22.528 -12.041 0.345
vertex 23.014 -10.885 0.459
vertex 23.092 -10.922 0.345
endloop
endfacet
facet normal -0.63118713486448 0.31813185349737877 -0.7073859799090529
outer loop
vertex 22.528 -12.041 0.345
vertex 23.092 -10.922 0.345
vertex 22.617 -12.089 0.244
endloop
endfacet
facet normal -0.6327547584781721 0.31862917553260195 -0.7057597779150101
outer loop
vertex 22.617 -12.089 0.244
vertex 23.092 -10.922 0.345
vertex 23.183 -10.965 0.244
endloop
endfacet
facet normal -0.5323920631154131 0.2680906652342732 -0.8029234623212594
outer loop
vertex 22.617 -12.089 0.244
vertex 23.183 -10.965 0.244
vertex 22.718 -12.143 0.159
endloop
endfacet
facet normal -0.5338765618814502 0.26859334557011877 -0.8017689389026574
outer loop
vertex 22.718 -12.143 0.159
vertex 23.183 -10.965 0.244
vertex 23.286 -11.014 0.159
endloop
endfacet
facet normal -0.43228662604159473 0.2174834398508646 -0.8751166929822615
outer loop
vertex 22.718 -12.143 0.159
vertex 23.286 -11.014 0.159
vertex 22.828 -12.202 0.09
endloop
endfacet
facet normal -0.4323334395184932 0.21749990657714566 -0.8750894741185281
outer loop
vertex 22.828 -12.202 0.09
vertex 23.286 -11.014 0.159
vertex 23.399 -11.067 0.09
endloop
endfacet
facet normal -0.3073501925742283 0.1546228722113523 -0.9389502790423444
outer loop
vertex 22.828 -12.202 0.09
vertex 23.399 -11.067 0.09
vertex 22.946 -12.265 0.041
endloop
endfacet
facet normal -0.3073855980542881 0.154635699634672 -0.9389365764029556
outer loop
vertex 22.946 -12.265 0.041
vertex 23.399 -11.067 0.09
vertex 23.52 -11.124 0.041
endloop
endfacet
facet normal -0.19373708389197533 0.0974628274793983 -0.9762002558823444
outer loop
vertex 22.946 -12.265 0.041
vertex 23.52 -11.124 0.041
vertex 23.069 -12.331 0.01
endloop
endfacet
facet normal -0.19376003706565512 0.09747126537653299 -0.9761948578343431
outer loop
vertex 23.069 -12.331 0.01
vertex 23.52 -11.124 0.041
vertex 23.646 -11.184 0.01
endloop
endfacet
facet normal -0.06246241641181227 0.031421808430353776 -0.9975525632722133
outer loop
vertex 23.069 -12.331 0.01
vertex 23.646 -11.184 0.01
vertex 23.195 -12.398 0.0
endloop
endfacet
facet normal -0.06246992197598882 0.031424592147505113 -0.9975520055900229
outer loop
vertex 23.195 -12.398 0.0
vertex 23.646 -11.184 0.01
vertex 23.775 -11.245 0.0
endloop
endfacet
facet normal 0.0 0.0 -1.0
outer loop
vertex 23.775 -11.245 0.0
vertex 24.298 -10.065 0.0
vertex 31.64 -14.964 0.0
endloop
endfacet
facet normal 0.0 0.0 -0.9999999999999999
outer loop
vertex 31.64 -14.964 0.0
vertex 24.298 -10.065 0.0
vertex 32.336 -13.394 0.0
endloop
endfacet
facet normal 0.9141953311144401 -0.4052738537934065 0.0
outer loop
vertex 31.64 -14.964 0.0
vertex 32.336 -13.394 0.0
vertex 31.64 -14.964 3.0
endloop
endfacet
facet normal 0.9141953311144401 -0.4052738537934065 0.0
outer loop
vertex 31.64 -14.964 3.0
vertex 32.336 -13.394 0.0
vertex 32.336 -13.394 3.0
endloop
endfacet
facet normal 0.0 -0.0 0.9999999999999999
outer loop
vertex 31.64 -14.964 3.0
vertex 32.336 -13.394 3.0
vertex 26.939 -12.741 3.0
endloop
endfacet
facet normal -0.0 -0.0 0.9999999999999999
outer loop
vertex 26.939 -12.741 3.0
vertex 32.336 -13.394 3.0
vertex 27.532 -11.404 3.0
endloop
endfacet
facet normal 0.9141214190736168 -0.4054405396489565 0.0
outer loop
vertex 26.939 -12.741 3.0
vertex 27.532 -11.404 3.0
vertex 26.939 -12.741 52.0
endloop
endfacet
facet normal 0.9141214190736168 -0.4054405396489565 0.0
outer loop
vertex 26.939 -12.741 52.0
vertex 27.532 -11.404 3.0
vertex 27.532 -11.404 52.0
endloop
endfacet
facet normal 0.646546666776528 -0.2867630317116538 0.7069260013068572
outer loop
vertex 26.939 -12.741 52.0
vertex 27.532 -11.404 52.0
vertex 26.035 -12.314 53.0
endloop
endfacet
facet normal 0.6464907726641823 -0.2864959108558213 0.7070854077994835
outer loop
vertex 26.035 -12.314 53.0
vertex 27.532 -11.404 52.0
vertex 26.608 -11.021 53.0
endloop
endfacet
facet normal 0.0 -0.0 1.0
outer loop
vertex 26.035 -12.314 53.0
vertex 26.608 -11.021 53.0
vertex 22.871 -10.817 53.0
endloop
endfacet
facet normal -0.0 -0.0 1.0
outer loop
vertex 22.871 -10.817 53.0
vertex 26.608 -11.021 53.0
vertex 23.374 -9.682 53.0
endloop
endfacet
facet normal -0.9142428467136372 0.40516665365370896 0.0
outer loop
vertex 22.871 -10.817 53.0
vertex 23.374 -9.682 53.0
vertex 22.871 -10.817 1.0
endloop
endfacet
facet normal -0.9142428467136372 0.40516665365370896 0.0
outer loop
vertex 22.871 -10.817 1.0
vertex 23.374 -9.682 53.0
vertex 23.374 -9.682 1.0
endloop
endfacet
facet normal -0.9120517442950558 0.40419561883736843 -0.06919188854933138
outer loop
vertex 22.871 -10.817 1.0
vertex 23.374 -9.682 1.0
vertex 22.88 -10.821 0.858
endloop
endfacet
facet normal -0.9113303714373819 0.4046788609730764 -0.07557759970610824
outer loop
vertex 22.88 -10.821 0.858
vertex 23.374 -9.682 1.0
vertex 23.384 -9.686 0.858
endloop
endfacet
facet normal -0.8925098055967589 0.39632153482005966 -0.215303246495514
outer loop
vertex 22.88 -10.821 0.858
vertex 23.384 -9.686 0.858
vertex 22.908 -10.834 0.718
endloop
endfacet
facet normal -0.8938430649631972 0.39621539555096674 -0.209899822643062
outer loop
vertex 22.908 -10.834 0.718
vertex 23.384 -9.686 0.858
vertex 23.412 -9.697 0.718
endloop
endfacet
facet normal -0.8556197729369965 0.37927208932299394 -0.3522321484757085
outer loop
vertex 22.908 -10.834 0.718
vertex 23.412 -9.697 0.718
vertex 22.953 -10.856 0.585
endloop
endfacet
facet normal -0.8563491299425912 0.3793476408956207 -0.35037342221334966
outer loop
vertex 22.953 -10.856 0.585
vertex 23.412 -9.697 0.718
vertex 23.458 -9.716 0.585
endloop
endfacet
facet normal -0.8058943860597212 0.35699707452645457 -0.4723212119913505
outer loop
vertex 22.953 -10.856 0.585
vertex 23.458 -9.716 0.585
vertex 23.014 -10.885 0.459
endloop
endfacet
facet normal -0.802887111756944 0.35644813105146406 -0.4778252982466612
outer loop
vertex 23.014 -10.885 0.459
vertex 23.458 -9.716 0.585
vertex 23.521 -9.743 0.459
endloop
endfacet
facet normal -0.7287083114619552 0.32351586156848733 -0.6035906594040907
outer loop
vertex 23.014 -10.885 0.459
vertex 23.521 -9.743 0.459
vertex 23.092 -10.922 0.345
endloop
endfacet
facet normal -0.7324207342985071 0.32438512033447564 -0.5986101917568923
outer loop
vertex 23.092 -10.922 0.345
vertex 23.521 -9.743 0.459
vertex 23.6 -9.775 0.345
endloop
endfacet
facet normal -0.6477584898302237 0.2868886772744161 -0.7057647098747599
outer loop
vertex 23.092 -10.922 0.345
vertex 23.6 -9.775 0.345
vertex 23.183 -10.965 0.244
endloop
endfacet
facet normal -0.6470426132462045 0.28670002845835396 -0.7064976647700271
outer loop
vertex 23.183 -10.965 0.244
vertex 23.6 -9.775 0.345
vertex 23.693 -9.814 0.244
endloop
endfacet
facet normal -0.5464405933241265 0.2421239814033931 -0.8017347788370827
outer loop
vertex 23.183 -10.965 0.244
vertex 23.693 -9.814 0.244
vertex 23.286 -11.014 0.159
endloop
endfacet
facet normal -0.5441053722244739 0.2414585259093031 -0.8035217011270901
outer loop
vertex 23.286 -11.014 0.159
vertex 23.693 -9.814 0.244
vertex 23.799 -9.858 0.159
endloop
endfacet
facet normal -0.44230513610150374 0.1962824695675353 -0.8751224821239025
outer loop
vertex 23.286 -11.014 0.159
vertex 23.799 -9.858 0.159
vertex 23.399 -11.067 0.09
endloop
endfacet
facet normal -0.44287849834236903 0.19645342519062914 -0.8747940828771524
outer loop
vertex 23.399 -11.067 0.09
vertex 23.799 -9.858 0.159
vertex 23.914 -9.906 0.09
endloop
endfacet
facet normal -0.314513075833692 0.13951269083062154 -0.9389450112902404
outer loop
vertex 23.399 -11.067 0.09
vertex 23.914 -9.906 0.09
vertex 23.52 -11.124 0.041
endloop
endfacet
facet normal -0.3138407588247101 0.13930549534807204 -0.939200701163579
outer loop
vertex 23.52 -11.124 0.041
vertex 23.914 -9.906 0.09
vertex 24.038 -9.957 0.041
endloop
endfacet
facet normal -0.19826635855608704 0.088005118879223 -0.9761893003490476
outer loop
vertex 23.52 -11.124 0.041
vertex 24.038 -9.957 0.041
vertex 23.646 -11.184 0.01
endloop
endfacet
facet normal -0.19840534470832155 0.0880487091933865 -0.9761571307942951
outer loop
vertex 23.646 -11.184 0.01
vertex 24.038 -9.957 0.041
vertex 24.167 -10.01 0.01
endloop
endfacet
facet normal -0.06391667713622413 0.028365067110709404 -0.9975520444326041
outer loop
vertex 23.646 -11.184 0.01
vertex 24.167 -10.01 0.01
vertex 23.775 -11.245 0.0
endloop
endfacet
facet normal -0.06420065289561477 0.028455035139327553 -0.9975312461988328
outer loop
vertex 23.775 -11.245 0.0
vertex 24.167 -10.01 0.01
vertex 24.298 -10.065 0.0
endloop
endfacet
facet normal 0.0 0.0 -0.9999999999999999
outer loop
vertex 24.298 -10.065 0.0
vertex 24.763 -8.86 0.0
vertex 32.336 -13.394 0.0
endloop
endfacet
facet normal 0.0 0.0 -1.0
outer loop
vertex 32.336 -13.394 0.0
vertex 24.763 -8.86 0.0
vertex 32.954 -11.791 0.0
endloop
endfacet
facet normal 0.9330602770744716 -0.3597200569133035 0.0
outer loop
vertex 32.336 -13.394 0.0
vertex 32.954 -11.791 0.0
vertex 32.336 -13.394 3.0
endloop
endfacet
facet normal 0.9330602770744716 -0.3597200569133035 0.0
outer loop
vertex 32.336 -13.394 3.0
vertex 32.954 -11.791 0.0
vertex 32.954 -11.791 3.0
endloop
endfacet
facet normal 0.0 -0.0 1.0
outer loop
vertex 32.336 -13.394 3.0
vertex 32.954 -11.791 3.0
vertex 27.532 -11.404 3.0
endloop
endfacet
facet normal -0.0 -0.0 1.0
outer loop
vertex 27.532 -11.404 3.0
vertex 32.954 -11.791 3.0
vertex 28.058 -10.039 3.0
endloop
endfacet
facet normal 0.9331163744049007 -0.3595745149721447 0.0
outer loop
vertex 27.532 -11.404 3.0
vertex 28.058 -10.039 3.0
vertex 27.532 -11.404 52.0
endloop
endfacet
facet normal 0.9331163744049007 -0.3595745149721447 0.0
outer loop
vertex 27.532 -11.404 52.0
vertex 28.058 -10.039 3.0
vertex 28.058 -10.039 52.0
endloop
endfacet
facet normal 0.6598404409168241 -0.2542681845584244 0.7070772820930215
outer loop
vertex 27.532 -11.404 52.0
vertex 28.058 -10.039 52.0
vertex 26.608 -11.021 53.0
endloop
endfacet
facet normal 0.6598006303046067 -0.2541157848330094 0.7071692132356637
outer loop
vertex 26.608 -11.021 53.0
vertex 28.058 -10.039 52.0
vertex 27.116 -9.702 53.0
endloop
endfacet
facet normal 0.0 -0.0 1.0
outer loop
vertex 26.608 -11.021 53.0
vertex 27.116 -9.702 53.0
vertex 23.374 -9.682 53.0
endloop
endfacet
facet normal -0.0 -0.0 1.0
outer loop
vertex 23.374 -9.682 53.0
vertex 27.116 -9.702 53.0
vertex 23.821 -8.523 53.0
endloop
endfacet
facet normal -0.9330132418700997 0.35984203547535537 0.0
outer loop
vertex 23.374 -9.682 53.0
vertex 23.821 -8.523 53.0
vertex 23.374 -9.682 1.0
endloop
endfacet
facet normal -0.9330132418700997 0.35984203547535537 0.0
outer loop
vertex 23.374 -9.682 1.0
vertex 23.821 -8.523 53.0
vertex 23.821 -8.523 1.0
endloop
endfacet
facet normal -0.9303414437282477 0.3588115835604219 -0.07562437163046055
outer loop
vertex 23.374 -9.682 1.0
vertex 23.821 -8.523 1.0
vertex 23.384 -9.686 0.858
endloop
endfacet
facet normal -0.9303414437282502 0.35881158356042003 -0.07562437163043784
outer loop
vertex 23.384 -9.686 0.858
vertex 23.821 -8.523 1.0
vertex 23.831 -8.527 0.858
endloop
endfacet
facet normal -0.9121921467591909 0.3518118115628622 -0.2100807859746237
outer loop
vertex 23.384 -9.686 0.858
vertex 23.831 -8.527 0.858
vertex 23.412 -9.697 0.718
endloop
endfacet
facet normal -0.9127727757618505 0.3517322679013364 -0.20767828857391266
outer loop
vertex 23.412 -9.697 0.718
vertex 23.831 -8.527 0.858
vertex 23.859 -8.537 0.718
endloop
endfacet
facet normal -0.8739634122329419 0.33677728040355864 -0.3503840999276873
outer loop
vertex 23.412 -9.697 0.718
vertex 23.859 -8.537 0.718
vertex 23.458 -9.716 0.585
endloop
endfacet
facet normal -0.873443900905251 0.33674945577069976 -0.35170379015523257
outer loop
vertex 23.458 -9.716 0.585
vertex 23.859 -8.537 0.718
vertex 23.906 -8.554 0.585
endloop
endfacet
facet normal -0.8197590531656238 0.3160516831481928 -0.47760488725744277
outer loop
vertex 23.458 -9.716 0.585
vertex 23.906 -8.554 0.585
vertex 23.521 -9.743 0.459
endloop
endfacet
facet normal -0.8184855957063163 0.3158820909672741 -0.4798956493107844
outer loop
vertex 23.521 -9.743 0.459
vertex 23.906 -8.554 0.585
vertex 23.971 -8.577 0.459
endloop
endfacet
facet normal -0.7472156618886344 0.28837654189527 -0.5987551458758879
outer loop
vertex 23.521 -9.743 0.459
vertex 23.971 -8.577 0.459
vertex 23.6 -9.775 0.345
endloop
endfacet
facet normal -0.7477117063873518 0.28846704840093523 -0.5980919378474908
outer loop
vertex 23.6 -9.775 0.345
vertex 23.971 -8.577 0.459
vertex 24.051 -8.606 0.345
endloop
endfacet
facet normal -0.6603520283334591 0.25476369955379635 -0.7064210189862343
outer loop
vertex 23.6 -9.775 0.345
vertex 24.051 -8.606 0.345
vertex 23.693 -9.814 0.244
endloop
endfacet
facet normal -0.6601225327056541 0.2547150828923859 -0.7066530042116835
outer loop
vertex 23.693 -9.814 0.244
vertex 24.051 -8.606 0.345
vertex 24.146 -8.64 0.244
endloop
endfacet
facet normal -0.5553744516965479 0.21429695623384667 -0.8035147994602636
outer loop
vertex 23.693 -9.814 0.244
vertex 24.146 -8.64 0.244
vertex 23.799 -9.858 0.159
endloop
endfacet
facet normal -0.5563418850324843 0.2145216590591368 -0.8027852544441867
outer loop
vertex 23.799 -9.858 0.159
vertex 24.146 -8.64 0.244
vertex 24.254 -8.678 0.159
endloop
endfacet
facet normal -0.4520981776809563 0.17432599224138642 -0.8747672182738755
outer loop
vertex 23.799 -9.858 0.159
vertex 24.254 -8.678 0.159
vertex 23.914 -9.906 0.09
endloop
endfacet
facet normal -0.4529502580574813 0.17453479589567258 -0.8742846611643813
outer loop
vertex 23.914 -9.906 0.09
vertex 24.254 -8.678 0.159
vertex 24.371 -8.72 0.09
endloop
endfacet
facet normal -0.320368699518385 0.1234472982123955 -0.9392149173288075
outer loop
vertex 23.914 -9.906 0.09
vertex 24.371 -8.72 0.09
vertex 24.038 -9.957 0.041
endloop
endfacet
facet normal -0.32101013014295665 0.12361044440907466 -0.9389744162534958
outer loop
vertex 24.038 -9.957 0.041
vertex 24.371 -8.72 0.09
vertex 24.497 -8.765 0.041
endloop
endfacet
facet normal -0.20253907228046228 0.07799113605430545 -0.9761635656470327
outer loop
vertex 24.038 -9.957 0.041
vertex 24.497 -8.765 0.041
vertex 24.167 -10.01 0.01
endloop
endfacet
facet normal -0.20161562826152427 0.07775160288549594 -0.976373815036765
outer loop
vertex 24.167 -10.01 0.01
vertex 24.497 -8.765 0.041
vertex 24.629 -8.812 0.01
endloop
endfacet
facet normal -0.06553628359950638 0.02527359183887472 -0.9975300702673214
outer loop
vertex 24.167 -10.01 0.01
vertex 24.629 -8.812 0.01
vertex 24.298 -10.065 0.0
endloop
endfacet
facet normal -0.06540265397872061 0.025238368547805236 -0.9975397323443237
outer loop
vertex 24.298 -10.065 0.0
vertex 24.629 -8.812 0.01
vertex 24.763 -8.86 0.0
endloop
endfacet
facet normal 0.0 0.0 -1.0
outer loop
vertex 24.763 -8.86 0.0
vertex 25.168 -7.634 0.0
vertex 32.954 -11.791 0.0
endloop
endfacet
facet normal 0.0 0.0 -0.9999999999999999
outer loop
vertex 32.954 -11.791 0.0
vertex 25.168 -7.634 0.0
vertex 33.493 -10.16 0.0
endloop
endfacet
facet normal 0.94949516452424 -0.3137816638127325 0.0
outer loop
vertex 32.954 -11.791 0.0
vertex 33.493 -10.16 0.0
vertex 32.954 -11.791 3.0
endloop
endfacet
facet normal 0.94949516452424 -0.3137816638127325 0.0
outer loop
vertex 32.954 -11.791 3.0
vertex 33.493 -10.16 0.0
vertex 33.493 -10.16 3.0
endloop
endfacet
facet normal 0.0 -0.0 1.0
outer loop
vertex 32.954 -11.791 3.0
vertex 33.493 -10.16 3.0
vertex 28.058 -10.039 3.0
endloop
endfacet
facet normal -0.0 -0.0 1.0
outer loop
vertex 28.058 -10.039 3.0
vertex 33.493 -10.16 3.0
vertex 28.517 -8.65 3.0
endloop
endfacet
facet normal 0.949500408945581 -0.31376579388482473 0.0
outer loop
vertex 28.058 -10.039 3.0
vertex 28.517 -8.65 3.0
vertex 28.058 -10.039 52.0
endloop
endfacet
facet normal 0.949500408945581 -0.31376579388482473 0.0
outer loop
vertex 28.058 -10.039 52.0
vertex 28.517 -8.65 3.0
vertex 28.517 -8.65 52.0
endloop
endfacet
facet normal 0.6713416291680921 -0.22184723382876473 0.7071663324766366
outer loop
vertex 28.058 -10.039 52.0
vertex 28.517 -8.65 52.0
vertex 27.116 -9.702 53.0
endloop
endfacet
facet normal 0.6714347598950469 -0.2221438400845008 0.7069847788440659
outer loop
vertex 27.116 -9.702 53.0
vertex 28.517 -8.65 52.0
vertex 27.56 -8.36 53.0
endloop
endfacet
facet normal 0.0 -0.0 0.9999999999999999
outer loop
vertex 27.116 -9.702 53.0
vertex 27.56 -8.36 53.0
vertex 23.821 -8.523 53.0
endloop
endfacet
facet normal 0.0 -0.0 0.9999999999999999
outer loop
vertex 23.821 -8.523 53.0
vertex 27.56 -8.36 53.0
vertex 24.211 -7.344 53.0
endloop
endfacet
facet normal -0.9494055436533614 0.3140527243637051 0.0
outer loop
vertex 23.821 -8.523 53.0
vertex 24.211 -7.344 53.0
vertex 23.821 -8.523 1.0
endloop
endfacet
facet normal -0.9494055436533614 0.3140527243637051 0.0
outer loop
vertex 23.821 -8.523 1.0
vertex 24.211 -7.344 53.0
vertex 24.211 -7.344 1.0
endloop
endfacet
facet normal -0.9466964652646965 0.3131565915633834 -0.07549007759787665
outer loop
vertex 23.821 -8.523 1.0
vertex 24.211 -7.344 1.0
vertex 23.831 -8.527 0.858
endloop
endfacet
facet normal -0.9476120035688196 0.3123907367697208 -0.0666597200171049
outer loop
vertex 23.831 -8.527 0.858
vertex 24.211 -7.344 1.0
vertex 24.22 -7.347 0.858
endloop
endfacet
facet normal -0.9290175430773664 0.30626086801448754 -0.20767928490224083
outer loop
vertex 23.831 -8.527 0.858
vertex 24.22 -7.347 0.858
vertex 23.859 -8.537 0.718
endloop
endfacet
facet normal -0.9279949631031852 0.3064504958596437 -0.2119279170909208
outer loop
vertex 23.859 -8.537 0.718
vertex 24.22 -7.347 0.858
vertex 24.249 -7.356 0.718
endloop
endfacet
facet normal -0.8889170300979206 0.2935458439781423 -0.3516494718964503
outer loop
vertex 23.859 -8.537 0.718
vertex 24.249 -7.356 0.718
vertex 23.906 -8.554 0.585
endloop
endfacet
facet normal -0.8888955151744595 0.2935457317848102 -0.35170394716814346
outer loop
vertex 23.906 -8.554 0.585
vertex 24.249 -7.356 0.718
vertex 24.297 -7.37 0.585
endloop
endfacet
facet normal -0.8330412732459201 0.27510062317496303 -0.47996029439690446
outer loop
vertex 23.906 -8.554 0.585
vertex 24.297 -7.37 0.585
vertex 23.971 -8.577 0.459
endloop
endfacet
facet normal -0.8330148059529215 0.27509840263988605 -0.48000750194991726
outer loop
vertex 23.971 -8.577 0.459
vertex 24.297 -7.37 0.585
vertex 24.363 -7.39 0.459
endloop
endfacet
facet normal -0.7610592027766194 0.25133547387399696 -0.5980128505655626
outer loop
vertex 23.971 -8.577 0.459
vertex 24.363 -7.39 0.459
vertex 24.051 -8.606 0.345
endloop
endfacet
facet normal -0.762094430111324 0.2514719656034852 -0.5966355085886322
outer loop
vertex 24.051 -8.606 0.345
vertex 24.363 -7.39 0.459
vertex 24.444 -7.415 0.345
endloop
endfacet
facet normal -0.6719278493633409 0.22171926515515827 -0.706649511928659
outer loop
vertex 24.051 -8.606 0.345
vertex 24.444 -7.415 0.345
vertex 24.146 -8.64 0.244
endloop
endfacet
facet normal -0.6707668249533485 0.22153252161920756 -0.7078101499745811
outer loop
vertex 24.146 -8.64 0.244
vertex 24.444 -7.415 0.345
vertex 24.541 -7.444 0.244
endloop
endfacet
facet normal -0.5660955544078923 0.1869629966480912 -0.8028578088080023
outer loop
vertex 24.146 -8.64 0.244
vertex 24.541 -7.444 0.244
vertex 24.254 -8.678 0.159
endloop
endfacet
facet normal -0.5671123286753227 0.187147068462855 -0.802096990039367
outer loop
vertex 24.254 -8.678 0.159
vertex 24.541 -7.444 0.244
vertex 24.65 -7.478 0.159
endloop
endfacet
facet normal -0.4609864138184359 0.15212551656008266 -0.8742707552504233
outer loop
vertex 24.254 -8.678 0.159
vertex 24.65 -7.478 0.159
vertex 24.371 -8.72 0.09
endloop
endfacet
facet normal -0.4581457153844523 0.15157557250281659 -0.8758580645831332
outer loop
vertex 24.371 -8.72 0.09
vertex 24.65 -7.478 0.159
vertex 24.77 -7.514 0.09
endloop
endfacet
facet normal -0.3265704786581214 0.10804446184460256 -0.9389771651822614
outer loop
vertex 24.371 -8.72 0.09
vertex 24.77 -7.514 0.09
vertex 24.497 -8.765 0.041
endloop
endfacet
facet normal -0.32653885542765637 0.10803802064891917 -0.9389889040826095
outer loop
vertex 24.497 -8.765 0.041
vertex 24.77 -7.514 0.09
vertex 24.898 -7.553 0.041
endloop
endfacet
facet normal -0.20513479736472406 0.06787050638882365 -0.9763776468522097
outer loop
vertex 24.497 -8.765 0.041
vertex 24.898 -7.553 0.041
vertex 24.629 -8.812 0.01
endloop
endfacet
facet normal -0.2069549397047571 0.06824929102650686 -0.9759670523158964
outer loop
vertex 24.629 -8.812 0.01
vertex 24.898 -7.553 0.041
vertex 25.031 -7.593 0.01
endloop
endfacet
facet normal -0.06657837570147843 0.02195611733551614 -0.9975395976102911
outer loop
vertex 24.629 -8.812 0.01
vertex 25.031 -7.593 0.01
vertex 24.763 -8.86 0.0
endloop
endfacet
facet normal -0.06626379659033466 0.02188975335977602 -0.9975620020626702
outer loop
vertex 24.763 -8.86 0.0
vertex 25.031 -7.593 0.01
vertex 25.168 -7.634 0.0
endloop
endfacet
facet normal 0.0 0.0 -1.0
outer loop
vertex 25.168 -7.634 0.0
vertex 25.512 -6.39 0.0
vertex 33.493 -10.16 0.0
endloop
endfacet
facet normal 0.0 0.0 -1.0
outer loop
vertex 33.493 -10.16 0.0
vertex 25.512 -6.39 0.0
vertex 33.951 -8.504 0.0
endloop
endfacet
facet normal 0.9638174834783934 -0.2665630479668493 0.0
outer loop
vertex 33.493 -10.16 0.0
vertex 33.951 -8.504 0.0
vertex 33.493 -10.16 3.0
endloop
endfacet
facet normal 0.9638174834783934 -0.2665630479668493 0.0
outer loop
vertex 33.493 -10.16 3.0
vertex 33.951 -8.504 0.0
vertex 33.951 -8.504 3.0
endloop
endfacet
facet normal 0.0 -0.0 1.0
outer loop
vertex 33.493 -10.16 3.0
vertex 33.951 -8.504 3.0
vertex 28.517 -8.65 3.0
endloop
endfacet
facet normal 0.0 -0.0 0.9999999999999999
outer loop
vertex 28.517 -8.65 3.0
vertex 33.951 -8.504 3.0
vertex 28.907 -7.241 3.0
endloop
endfacet
facet normal 0.963762493306137 -0.2667617972955243 0.0
outer loop
vertex 28.517 -8.65 3.0
vertex 28.907 -7.241 3.0
vertex 28.517 -8.65 52.0
endloop
endfacet
facet normal 0.963762493306137 -0.2667617972955243 0.0
outer loop
vertex 28.517 -8.65 52.0
vertex 28.907 -7.241 3.0
vertex 28.907 -7.241 52.0
endloop
endfacet
facet normal 0.6815914858903177 -0.18865910539192632 0.7069941925606934
outer loop
vertex 28.517 -8.65 52.0
vertex 28.907 -7.241 52.0
vertex 27.56 -8.36 53.0
endloop
endfacet
facet normal 0.681593381876546 -0.18866424740635804 0.7069909925399936
outer loop
vertex 27.56 -8.36 53.0
vertex 28.907 -7.241 52.0
vertex 27.937 -6.998 53.0
endloop
endfacet
facet normal 0.0 -0.0 1.0
outer loop
vertex 27.56 -8.36 53.0
vertex 27.937 -6.998 53.0
vertex 24.211 -7.344 53.0
endloop
endfacet
facet normal 0.0 -0.0 1.0
outer loop
vertex 24.211 -7.344 53.0
vertex 27.937 -6.998 53.0
vertex 24.542 -6.147 53.0
endloop
endfacet
facet normal -0.9638287256321604 0.2665223961438998 0.0
outer loop
vertex 24.211 -7.344 53.0
vertex 24.542 -6.147 53.0
vertex 24.211 -7.344 1.0
endloop
endfacet
facet normal -0.9638287256321604 0.2665223961438998 0.0
outer loop
vertex 24.211 -7.344 1.0
vertex 24.542 -6.147 53.0
vertex 24.542 -6.147 1.0
endloop
endfacet
facet normal -0.9616906879760645 0.2659311760401673 -0.0665704909852495
outer loop
vertex 24.211 -7.344 1.0
vertex 24.542 -6.147 1.0
vertex 24.22 -7.347 0.858
endloop
endfacet
facet normal -0.9610287658351501 0.26655100272119503 -0.07330944131347325
outer loop
vertex 24.22 -7.347 0.858
vertex 24.542 -6.147 1.0
vertex 24.552 -6.15 0.858
endloop
endfacet
facet normal -0.941745877528626 0.2612026995317498 -0.21186753388654075
outer loop
vertex 24.22 -7.347 0.858
vertex 24.552 -6.15 0.858
vertex 24.249 -7.356 0.718
endloop
endfacet
facet normal -0.9425963513123752 0.2610024926069302 -0.20830222597362302
outer loop
vertex 24.249 -7.356 0.718
vertex 24.552 -6.15 0.858
vertex 24.581 -6.157 0.718
endloop
endfacet
facet normal -0.9021058771375294 0.24979078499554663 -0.3518658127258703
outer loop
vertex 24.249 -7.356 0.718
vertex 24.581 -6.157 0.718
vertex 24.297 -7.37 0.585
endloop
endfacet
facet normal -0.9034000444642062 0.24973256849468525 -0.34857137561067403
outer loop
vertex 24.297 -7.37 0.585
vertex 24.581 -6.157 0.718
vertex 24.629 -6.169 0.585
endloop
endfacet
facet normal -0.8455508392117822 0.23374094805854473 -0.48000932023132986
outer loop
vertex 24.297 -7.37 0.585
vertex 24.629 -6.169 0.585
vertex 24.363 -7.39 0.459
endloop
endfacet
facet normal -0.8450555314382467 0.23372383053898493 -0.4808890930597263
outer loop
vertex 24.363 -7.39 0.459
vertex 24.629 -6.169 0.585
vertex 24.696 -6.186 0.459
endloop
endfacet
facet normal -0.7735423300511585 0.21394484709886824 -0.5965399115053965
outer loop
vertex 24.363 -7.39 0.459
vertex 24.696 -6.186 0.459
vertex 24.444 -7.415 0.345
endloop
endfacet
facet normal -0.7706027066279547 0.21370190953672635 -0.6004189890385108
outer loop
vertex 24.444 -7.415 0.345
vertex 24.696 -6.186 0.459
vertex 24.779 -6.207 0.345
endloop
endfacet
facet normal -0.680642170812663 0.18875424438927374 -0.7078828084764172
outer loop
vertex 24.444 -7.415 0.345
vertex 24.779 -6.207 0.345
vertex 24.541 -7.444 0.244
endloop
endfacet
facet normal -0.6819514683261464 0.18889999452397702 -0.7065826115300703
outer loop
vertex 24.541 -7.444 0.244
vertex 24.779 -6.207 0.345
vertex 24.877 -6.231 0.244
endloop
endfacet
facet normal -0.5756638622815139 0.15945841527336171 -0.8019876130350384
outer loop
vertex 24.541 -7.444 0.244
vertex 24.877 -6.231 0.244
vertex 24.65 -7.478 0.159
endloop
endfacet
facet normal -0.5778158904666364 0.15974073427994784 -0.8003822177784506
outer loop
vertex 24.65 -7.478 0.159
vertex 24.877 -6.231 0.244
vertex 24.987 -6.259 0.159
endloop
endfacet
facet normal -0.4650657491401708 0.12857026863021948 -0.8758901386595495
outer loop
vertex 24.65 -7.478 0.159
vertex 24.987 -6.259 0.159
vertex 24.77 -7.514 0.09
endloop
endfacet
facet normal -0.46409982365921576 0.12843252262895927 -0.8764225241347045
outer loop
vertex 24.77 -7.514 0.09
vertex 24.987 -6.259 0.159
vertex 25.109 -6.289 0.09
endloop
endfacet
facet normal -0.3315030372309277 0.09173839152757972 -0.9389833884721297
outer loop
vertex 24.77 -7.514 0.09
vertex 25.109 -6.289 0.09
vertex 24.898 -7.553 0.041
endloop
endfacet
facet normal -0.330767471511453 0.09162608268513878 -0.939253714797922
outer loop
vertex 24.898 -7.553 0.041
vertex 25.109 -6.289 0.09
vertex 25.239 -6.322 0.041
endloop
endfacet
facet normal -0.2099878244510798 0.058168844953548696 -0.9759720790366251
outer loop
vertex 24.898 -7.553 0.041
vertex 25.239 -6.322 0.041
vertex 25.031 -7.593 0.01
endloop
endfacet
facet normal -0.20950617368812707 0.05809265770010312 -0.9760801228935558
outer loop
vertex 25.031 -7.593 0.01
vertex 25.239 -6.322 0.041
vertex 25.374 -6.356 0.01
endloop
endfacet
facet normal -0.06723543359044983 0.018643293226777918 -0.9975629424189557
outer loop
vertex 25.031 -7.593 0.01
vertex 25.374 -6.356 0.01
vertex 25.168 -7.634 0.0
endloop
endfacet
facet normal -0.06767428027061613 0.018713788113418017 -0.9975319473201348
outer loop
vertex 25.168 -7.634 0.0
vertex 25.374 -6.356 0.01
vertex 25.512 -6.39 0.0
endloop
endfacet
facet normal 0.0 0.0 -1.0
outer loop
vertex 25.512 -6.39 0.0
vertex 25.795 -5.131 0.0
vertex 33.951 -8.504 0.0
endloop
endfacet
facet normal 0.0 0.0 -1.0
outer loop
vertex 33.951 -8.504 0.0
vertex 25.795 -5.131 0.0
vertex 34.327 -6.828 0.0
endloop
endfacet
facet normal 0.9757467140187474 -0.21890260409966997 0.0
outer loop
vertex 33.951 -8.504 0.0
vertex 34.327 -6.828 0.0
vertex 33.951 -8.504 3.0
endloop
endfacet
facet normal 0.9757467140187474 -0.21890260409966997 0.0
outer loop
vertex 33.951 -8.504 3.0
vertex 34.327 -6.828 0.0
vertex 34.327 -6.828 3.0
endloop
endfacet
facet normal 0.0 -0.0 1.0
outer loop
vertex 33.951 -8.504 3.0
vertex 34.327 -6.828 3.0
vertex 28.907 -7.241 3.0
endloop
endfacet
facet normal 0.0 -0.0 1.0
outer loop
vertex 28.907 -7.241 3.0
vertex 34.327 -6.828 3.0
vertex 29.227 -5.814 3.0
endloop
endfacet
facet normal 0.975766927201966 -0.2188124854272106 0.0
outer loop
vertex 28.907 -7.241 3.0
vertex 29.227 -5.814 3.0
vertex 28.907 -7.241 52.0
endloop
endfacet
facet normal 0.975766927201966 -0.2188124854272106 0.0
outer loop
vertex 28.907 -7.241 52.0
vertex 29.227 -5.814 3.0
vertex 29.227 -5.814 52.0
endloop
endfacet
facet normal 0.6900868690515307 -0.15474968331919417 0.7069884360265482
outer loop
vertex 28.907 -7.241 52.0
vertex 29.227 -5.814 52.0
vertex 27.937 -6.998 53.0
endloop
endfacet
facet normal 0.6902668035277488 -0.15517237787788338 0.7067200811433815
outer loop
vertex 27.937 -6.998 53.0
vertex 29.227 -5.814 52.0
vertex 28.247 -5.619 53.0
endloop
endfacet
facet normal 0.0 -0.0 1.0
outer loop
vertex 27.937 -6.998 53.0
vertex 28.247 -5.619 53.0
vertex 24.542 -6.147 53.0
endloop
endfacet
facet normal 0.0 -0.0 1.0
outer loop
vertex 24.542 -6.147 53.0
vertex 28.247 -5.619 53.0
vertex 24.814 -4.936 53.0
endloop
endfacet
facet normal -0.9756916471312844 0.21914791743989084 0.0
outer loop
vertex 24.542 -6.147 53.0
vertex 24.814 -4.936 53.0
vertex 24.542 -6.147 1.0
endloop
endfacet
facet normal -0.9756916471312844 0.21914791743989084 0.0
outer loop
vertex 24.542 -6.147 1.0
vertex 24.814 -4.936 53.0
vertex 24.814 -4.936 1.0
endloop
endfacet
facet normal -0.9730781417533251 0.21856090384550195 -0.07314411358498474
outer loop
vertex 24.542 -6.147 1.0
vertex 24.814 -4.936 1.0
vertex 24.552 -6.15 0.858
endloop
endfacet
facet normal -0.9732250854476613 0.21841355052950967 -0.0716132250389937
outer loop
vertex 24.552 -6.15 0.858
vertex 24.814 -4.936 1.0
vertex 24.824 -4.938 0.858
endloop
endfacet
facet normal -0.954309585198598 0.2141684877673436 -0.20838683846521833
outer loop
vertex 24.552 -6.15 0.858
vertex 24.824 -4.938 0.858
vertex 24.581 -6.157 0.718
endloop
endfacet
facet normal -0.953116922076717 0.21451023885156098 -0.2134326363957759
outer loop
vertex 24.581 -6.157 0.718
vertex 24.824 -4.938 0.858
vertex 24.854 -4.944 0.718
endloop
endfacet
facet normal -0.9144065877518714 0.20579802016179768 -0.34857964251152623
outer loop
vertex 24.581 -6.157 0.718
vertex 24.854 -4.944 0.718
vertex 24.629 -6.169 0.585
endloop
endfacet
facet normal -0.9159866807937972 0.20564503606637047 -0.3444974887421153
outer loop
vertex 24.629 -6.169 0.585
vertex 24.854 -4.944 0.718
vertex 24.902 -4.953 0.585
endloop
endfacet
facet normal -0.8555173431540223 0.19206927194165124 -0.4808320604311728
outer loop
vertex 24.629 -6.169 0.585
vertex 24.902 -4.953 0.585
vertex 24.696 -6.186 0.459
endloop
endfacet
facet normal -0.8545567877378676 0.19208249371630304 -0.48253187681112136
outer loop
vertex 24.696 -6.186 0.459
vertex 24.902 -4.953 0.585
vertex 24.97 -4.967 0.459
endloop
endfacet
facet normal -0.7802465664499937 0.17537945792231022 -0.6003809967694448
outer loop
vertex 24.696 -6.186 0.459
vertex 24.97 -4.967 0.459
vertex 24.779 -6.207 0.345
endloop
endfacet
facet normal -0.7839980143423332 0.17550282347205878 -0.5954375470698957
outer loop
vertex 24.779 -6.207 0.345
vertex 24.97 -4.967 0.459
vertex 25.053 -4.983 0.345
endloop
endfacet
facet normal -0.6904528840471386 0.1545621652197031 -0.7066720257613047
outer loop
vertex 24.779 -6.207 0.345
vertex 25.053 -4.983 0.345
vertex 24.877 -6.231 0.244
endloop
endfacet
facet normal -0.6900922141901948 0.15454019454585105 -0.7070290405519458
outer loop
vertex 24.877 -6.231 0.244
vertex 25.053 -4.983 0.345
vertex 25.152 -5.003 0.244
endloop
endfacet
facet normal -0.5850791761951594 0.13102343115119713 -0.8003219465141269
outer loop
vertex 24.877 -6.231 0.244
vertex 25.152 -5.003 0.244
vertex 24.987 -6.259 0.159
endloop
endfacet
facet normal -0.5829080418233605 0.13084726708676783 -0.801933418354404
outer loop
vertex 24.987 -6.259 0.159
vertex 25.152 -5.003 0.244
vertex 25.264 -5.025 0.159
endloop
endfacet
facet normal -0.4697749687739839 0.10545191762592708 -0.8764652712928317
outer loop
vertex 24.987 -6.259 0.159
vertex 25.264 -5.025 0.159
vertex 25.109 -6.289 0.09
endloop
endfacet
facet normal -0.4701274408033155 0.10548460737959736 -0.8762723246854812
outer loop
vertex 25.109 -6.289 0.09
vertex 25.264 -5.025 0.159
vertex 25.387 -5.05 0.09
endloop
endfacet
facet normal -0.33494275653551525 0.07515261203944537 -0.9392366234064976
outer loop
vertex 25.109 -6.289 0.09
vertex 25.387 -5.05 0.09
vertex 25.239 -6.322 0.041
endloop
endfacet
facet normal -0.3362037152740348 0.07528157027404146 -0.9387756638372184
outer loop
vertex 25.239 -6.322 0.041
vertex 25.387 -5.05 0.09
vertex 25.518 -5.076 0.041
endloop
endfacet
facet normal -0.2121710749110886 0.04750861147688096 -0.9760770291358218
outer loop
vertex 25.239 -6.322 0.041
vertex 25.518 -5.076 0.041
vertex 25.374 -6.356 0.01
endloop
endfacet
facet normal -0.21154578017705375 0.047441631468278206 -0.9762159978677412
outer loop
vertex 25.374 -6.356 0.01
vertex 25.518 -5.076 0.041
vertex 25.655 -5.103 0.01
endloop
endfacet
facet normal -0.0685001551421861 0.015361966157186319 -0.9975328258966129
outer loop
vertex 25.374 -6.356 0.01
vertex 25.655 -5.103 0.01
vertex 25.512 -6.39 0.0
endloop
endfacet
facet normal -0.06818840864334794 0.015327497733175183 -0.9975547146597662
outer loop
vertex 25.512 -6.39 0.0
vertex 25.655 -5.103 0.01
vertex 25.795 -5.131 0.0
endloop
endfacet
facet normal 0.0 0.0 -1.0
outer loop
vertex 25.795 -5.131 0.0
vertex 26.015 -3.859 0.0
vertex 34.327 -6.828 0.0
endloop
endfacet
facet normal 0.0 0.0 -1.0
outer loop
vertex 34.327 -6.828 0.0
vertex 26.015 -3.859 0.0
vertex 34.621 -5.136 0.0
endloop
endfacet
facet normal 0.985237385985719 -0.17119373018901024 0.0
outer loop
vertex 34.327 -6.828 0.0
vertex 34.621 -5.136 0.0
vertex 34.327 -6.828 3.0
endloop
endfacet
facet normal 0.985237385985719 -0.17119373018901024 0.0
outer loop
vertex 34.327 -6.828 3.0
vertex 34.621 -5.136 0.0
vertex 34.621 -5.136 3.0
endloop
endfacet
facet normal 0.0 -0.0 1.0
outer loop
vertex 34.327 -6.828 3.0
vertex 34.621 -5.136 3.0
vertex 29.227 -5.814 3.0
endloop
endfacet
facet normal 0.0 -0.0 1.0
outer loop
vertex 29.227 -5.814 3.0
vertex 34.621 -5.136 3.0
vertex 29.477 -4.373 3.0
endloop
endfacet
facet normal 0.9852819287472953 -0.17093718402971814 0.0
outer loop
vertex 29.227 -5.814 3.0
vertex 29.477 -4.373 3.0
vertex 29.227 -5.814 52.0
endloop
endfacet
facet normal 0.9852819287472953 -0.17093718402971814 0.0
outer loop
vertex 29.227 -5.814 52.0
vertex 29.477 -4.373 3.0
vertex 29.477 -4.373 52.0
endloop
endfacet
facet normal 0.6970796720846231 -0.12093679251988604 0.7067207531843087
outer loop
vertex 29.227 -5.814 52.0
vertex 29.477 -4.373 52.0
vertex 28.247 -5.619 53.0
endloop
endfacet
facet normal 0.6969014511720882 -0.12056945422288087 0.7069592449799593
outer loop
vertex 28.247 -5.619 53.0
vertex 29.477 -4.373 52.0
vertex 28.488 -4.226 53.0
endloop
endfacet
facet normal 0.0 -0.0 1.0
outer loop
vertex 28.247 -5.619 53.0
vertex 28.488 -4.226 53.0
vertex 24.814 -4.936 53.0
endloop
endfacet
facet normal 0.0 -0.0 1.0
outer loop
vertex 24.814 -4.936 53.0
vertex 28.488 -4.226 53.0
vertex 25.026 -3.712 53.0
endloop
endfacet
facet normal -0.985329686823767 0.1706616777832013 0.0
outer loop
vertex 24.814 -4.936 53.0
vertex 25.026 -3.712 53.0
vertex 24.814 -4.936 1.0
endloop
endfacet
facet normal -0.985329686823767 0.1706616777832013 0.0
outer loop
vertex 24.814 -4.936 1.0
vertex 25.026 -3.712 53.0
vertex 25.026 -3.712 1.0
endloop
endfacet
facet normal -0.9828001436657976 0.17022355429505628 -0.07160879257218021
outer loop
vertex 24.814 -4.936 1.0
vertex 25.026 -3.712 1.0
vertex 24.824 -4.938 0.858
endloop
endfacet
facet normal -0.9828001436657976 0.1702235542950563 -0.0716087925721802
outer loop
vertex 24.824 -4.938 0.858
vertex 25.026 -3.712 1.0
vertex 25.036 -3.714 0.858
endloop
endfacet
facet normal -0.9626276025027071 0.16672961742693929 -0.21342289842600384
outer loop
vertex 24.824 -4.938 0.858
vertex 25.036 -3.714 0.858
vertex 24.854 -4.944 0.718
endloop
endfacet
facet normal -0.9631598537848278 0.16654966476540234 -0.21114995909002937
outer loop
vertex 24.854 -4.944 0.718
vertex 25.036 -3.714 0.858
vertex 25.066 -3.718 0.718
endloop
endfacet
facet normal -0.9250005944440784 0.15995116315019933 -0.34465856392232574
outer loop
vertex 24.854 -4.944 0.718
vertex 25.066 -3.718 0.718
vertex 24.902 -4.953 0.585
endloop
endfacet
facet normal -0.9206732556638437 0.1605738196512317 -0.3557763409052835
outer loop
vertex 24.902 -4.953 0.585
vertex 25.066 -3.718 0.718
vertex 25.116 -3.726 0.585
endloop
endfacet
facet normal -0.8629132724488036 0.1504999513480381 -0.48242144321737507
outer loop
vertex 24.902 -4.953 0.585
vertex 25.116 -3.726 0.585
vertex 24.97 -4.967 0.459
endloop
endfacet
facet normal -0.8679305591955303 0.1501780740119 -0.47343752544618845
outer loop
vertex 24.97 -4.967 0.459
vertex 25.116 -3.726 0.585
vertex 25.183 -3.736 0.459
endloop
endfacet
facet normal -0.7915650407684256 0.13696454401598335 -0.595537992000321
outer loop
vertex 24.97 -4.967 0.459
vertex 25.183 -3.736 0.459
vertex 25.053 -4.983 0.345
endloop
endfacet
facet normal -0.7871551288676265 0.13703510340610497 -0.6013386596019488
outer loop
vertex 25.053 -4.983 0.345
vertex 25.183 -3.736 0.459
vertex 25.268 -3.748 0.345
endloop
endfacet
facet normal -0.696755938173176 0.12129759247549217 -0.7069781161252919
outer loop
vertex 25.053 -4.983 0.345
vertex 25.268 -3.748 0.345
vertex 25.152 -5.003 0.244
endloop
endfacet
facet normal -0.696304363049702 0.12129172775704346 -0.707423883379449
outer loop
vertex 25.152 -5.003 0.244
vertex 25.268 -3.748 0.345
vertex 25.368 -3.763 0.244
endloop
endfacet
facet normal -0.5885017974648765 0.10251321633259021 -0.8019704950044966
outer loop
vertex 25.152 -5.003 0.244
vertex 25.368 -3.763 0.244
vertex 25.264 -5.025 0.159
endloop
endfacet
facet normal -0.5880709600095537 0.10249911511813209 -0.8022882757422308
outer loop
vertex 25.264 -5.025 0.159
vertex 25.368 -3.763 0.244
vertex 25.481 -3.78 0.159
endloop
endfacet
facet normal -0.47472823260951674 0.08274379636647886 -0.8762343118859858
outer loop
vertex 25.264 -5.025 0.159
vertex 25.481 -3.78 0.159
vertex 25.387 -5.05 0.09
endloop
endfacet
facet normal -0.478311309698826 0.08290219984396538 -0.8742685607267511
outer loop
vertex 25.387 -5.05 0.09
vertex 25.481 -3.78 0.159
vertex 25.604 -3.798 0.09
endloop
endfacet
facet normal -0.3394674876299047 0.058837415986971967 -0.9387757896975276
outer loop
vertex 25.387 -5.05 0.09
vertex 25.604 -3.798 0.09
vertex 25.518 -5.076 0.041
endloop
endfacet
facet normal -0.33732173031671 0.05872294033335351 -0.9395561007916166
outer loop
vertex 25.518 -5.076 0.041
vertex 25.604 -3.798 0.09
vertex 25.737 -3.818 0.041
endloop
endfacet
facet normal -0.21356921911372165 0.037179379162086294 -0.976220201805042
outer loop
vertex 25.518 -5.076 0.041
vertex 25.737 -3.818 0.041
vertex 25.655 -5.103 0.01
endloop
endfacet
facet normal -0.21388893260351383 0.03719807523539353 -0.9761494904513917
outer loop
vertex 25.655 -5.103 0.01
vertex 25.737 -3.818 0.041
vertex 25.875 -3.838 0.01
endloop
endfacet
facet normal -0.06885880654787313 0.011975444617021358 -0.9975545365978881
outer loop
vertex 25.655 -5.103 0.01
vertex 25.875 -3.838 0.01
vertex 25.795 -5.131 0.0
endloop
endfacet
facet normal -0.06944919297894206 0.012011652873716328 -0.997513172739997
outer loop
vertex 25.795 -5.131 0.0
vertex 25.875 -3.838 0.01
vertex 26.015 -3.859 0.0
endloop
endfacet
facet normal 0.0 0.0 -1.0
outer loop
vertex 26.015 -3.859 0.0
vertex 26.173 -2.578 0.0
vertex 34.621 -5.136 0.0
endloop
endfacet
facet normal 0.0 0.0 -0.9999999999999999
outer loop
vertex 34.621 -5.136 0.0
vertex 26.173 -2.578 0.0
vertex 34.831 -3.431 0.0
endloop
endfacet
facet normal 0.992500149235439 -0.12224342014043581 0.0
outer loop
vertex 34.621 -5.136 0.0
vertex 34.831 -3.431 0.0
vertex 34.621 -5.136 3.0
endloop
endfacet
facet normal 0.992500149235439 -0.12224342014043581 0.0
outer loop
vertex 34.621 -5.136 3.0
vertex 34.831 -3.431 0.0
vertex 34.831 -3.431 3.0
endloop
endfacet
facet normal 0.0 -0.0 1.0
outer loop
vertex 34.621 -5.136 3.0
vertex 34.831 -3.431 3.0
vertex 29.477 -4.373 3.0
endloop
endfacet
facet normal 0.0 -0.0 0.9999999999999999
outer loop
vertex 29.477 -4.373 3.0
vertex 34.831 -3.431 3.0
vertex 29.657 -2.921 3.0
endloop
endfacet
facet normal 0.9924035429920359 -0.12302523260231826 0.0
outer loop
vertex 29.477 -4.373 3.0
vertex 29.657 -2.921 3.0
vertex 29.477 -4.373 52.0
endloop
endfacet
facet normal 0.9924035429920359 -0.12302523260231826 0.0
outer loop
vertex 29.477 -4.373 52.0
vertex 29.657 -2.921 3.0
vertex 29.657 -2.921 52.0
endloop
endfacet
facet normal 0.7018855278889562 -0.08701060263086217 0.706955345668915
outer loop
vertex 29.477 -4.373 52.0
vertex 29.657 -2.921 52.0
vertex 28.488 -4.226 53.0
endloop
endfacet
facet normal 0.7016139081114575 -0.08651404569015213 0.7072858289566456
outer loop
vertex 28.488 -4.226 53.0
vertex 29.657 -2.921 52.0
vertex 28.661 -2.823 53.0
endloop
endfacet
facet normal 0.0 -0.0 1.0
outer loop
vertex 28.488 -4.226 53.0
vertex 28.661 -2.823 53.0
vertex 25.026 -3.712 53.0
endloop
endfacet
facet normal 0.0 -0.0 1.0
outer loop
vertex 25.026 -3.712 53.0
vertex 28.661 -2.823 53.0
vertex 25.178 -2.48 53.0
endloop
endfacet
facet normal -0.9924749053145437 0.12244820260374321 0.0
outer loop
vertex 25.026 -3.712 53.0
vertex 25.178 -2.48 53.0
vertex 25.026 -3.712 1.0
endloop
endfacet
facet normal -0.9924749053145437 0.12244820260374321 0.0
outer loop
vertex 25.026 -3.712 1.0
vertex 25.178 -2.48 53.0
vertex 25.178 -2.48 1.0
endloop
endfacet
facet normal -0.989939439504121 0.12213538539336638 -0.07143426173119333
outer loop
vertex 25.026 -3.712 1.0
vertex 25.178 -2.48 1.0
vertex 25.036 -3.714 0.858
endloop
endfacet
facet normal -0.9900119247057894 0.12204526565715931 -0.07057862332896528
outer loop
vertex 25.036 -3.714 0.858
vertex 25.178 -2.48 1.0
vertex 25.188 -2.481 0.858
endloop
endfacet
facet normal -0.9700797813272485 0.11958809956345443 -0.2112910417004924
outer loop
vertex 25.036 -3.714 0.858
vertex 25.188 -2.481 0.858
vertex 25.066 -3.718 0.718
endloop
endfacet
facet normal -0.9702662279717684 0.11951415449895443 -0.21047520930465022
outer loop
vertex 25.066 -3.718 0.718
vertex 25.188 -2.481 0.858
vertex 25.218 -2.484 0.718
endloop
endfacet
facet normal -0.927625854699483 0.11426185568421585 -0.35560441789810915
outer loop
vertex 25.066 -3.718 0.718
vertex 25.218 -2.484 0.718
vertex 25.116 -3.726 0.585
endloop
endfacet
facet normal -0.9285069549557273 0.11409301305842483 -0.3533519760381891
outer loop
vertex 25.116 -3.726 0.585
vertex 25.218 -2.484 0.718
vertex 25.268 -2.489 0.585
endloop
endfacet
facet normal -0.8742650547018597 0.10742788061009179 -0.47341299580258506
outer loop
vertex 25.116 -3.726 0.585
vertex 25.268 -2.489 0.585
vertex 25.183 -3.736 0.459
endloop
endfacet
facet normal -0.8727624004605288 0.10760084389239302 -0.47613847852911495
outer loop
vertex 25.183 -3.736 0.459
vertex 25.268 -2.489 0.585
vertex 25.336 -2.495 0.459
endloop
endfacet
facet normal -0.7928867437571842 0.09775316018924103 -0.6014772907160719
outer loop
vertex 25.183 -3.736 0.459
vertex 25.336 -2.495 0.459
vertex 25.268 -3.748 0.345
endloop
endfacet
facet normal -0.7941409879228716 0.0976716809905131 -0.5998335886171873
outer loop
vertex 25.268 -3.748 0.345
vertex 25.336 -2.495 0.459
vertex 25.421 -2.504 0.345
endloop
endfacet
facet normal -0.7015296203997217 0.08628137614240873 -0.7073978483376908
outer loop
vertex 25.268 -3.748 0.345
vertex 25.421 -2.504 0.345
vertex 25.368 -3.763 0.244
endloop
endfacet
facet normal -0.7001800020737065 0.08633124124847937 -0.7087276497220645
outer loop
vertex 25.368 -3.763 0.244
vertex 25.421 -2.504 0.345
vertex 25.522 -2.514 0.244
endloop
endfacet
facet normal -0.592482756450763 0.07305231744869292 -0.8022640103007744
outer loop
vertex 25.368 -3.763 0.244
vertex 25.522 -2.514 0.244
vertex 25.481 -3.78 0.159
endloop
endfacet
facet normal -0.5949780709004877 0.07300926128978093 -0.8004191045405242
outer loop
vertex 25.481 -3.78 0.159
vertex 25.522 -2.514 0.244
vertex 25.635 -2.525 0.159
endloop
endfacet
facet normal -0.4818003018361807 0.05912131193846358 -0.8742843585614696
outer loop
vertex 25.481 -3.78 0.159
vertex 25.635 -2.525 0.159
vertex 25.604 -3.798 0.09
endloop
endfacet
facet normal -0.4780589967600794 0.05914131918681484 -0.876334353989155
outer loop
vertex 25.604 -3.798 0.09
vertex 25.635 -2.525 0.159
vertex 25.76 -2.537 0.09
endloop
endfacet
facet normal -0.3398272986066415 0.042040490549275875 -0.9395477658299703
outer loop
vertex 25.604 -3.798 0.09
vertex 25.76 -2.537 0.09
vertex 25.737 -3.818 0.041
endloop
endfacet
facet normal -0.34177823295911763 0.04204842613692676 -0.9388394800682119
outer loop
vertex 25.737 -3.818 0.041
vertex 25.76 -2.537 0.09
vertex 25.893 -2.55 0.041
endloop
endfacet
facet normal -0.21544035032133813 0.026505279692530952 -0.9761572238127626
outer loop
vertex 25.737 -3.818 0.041
vertex 25.893 -2.55 0.041
vertex 25.875 -3.838 0.01
endloop
endfacet
facet normal -0.2150538940224003 0.026501931994911184 -0.9762425263562019
outer loop
vertex 25.875 -3.838 0.01
vertex 25.893 -2.55 0.041
vertex 26.032 -2.564 0.01
endloop
endfacet
facet normal -0.06995773257726265 0.008621164846648538 -0.9975127022596428
outer loop
vertex 25.875 -3.838 0.01
vertex 26.032 -2.564 0.01
vertex 26.015 -3.859 0.0
endloop
endfacet
facet normal -0.06989000142161268 0.008620312431393162 -0.9975174574486766
outer loop
vertex 26.015 -3.859 0.0
vertex 26.032 -2.564 0.01
vertex 26.173 -2.578 0.0
endloop
endfacet
facet normal 0.0 0.0 -1.0
outer loop
vertex 26.173 -2.578 0.0
vertex 26.268 -1.29 0.0
vertex 34.831 -3.431 0.0
endloop
endfacet
facet normal 0.0 0.0 -0.9999999999999999
outer loop
vertex 34.831 -3.431 0.0
vertex 26.268 -1.29 0.0
vertex 34.958 -1.717 0.0
endloop
endfacet
facet normal 0.9972661666805244 -0.07389311736780745 0.0
outer loop
vertex 34.831 -3.431 0.0
vertex 34.958 -1.717 0.0
vertex 34.831 -3.431 3.0
endloop
endfacet
facet normal 0.9972661666805244 -0.07389311736780745 0.0
outer loop
vertex 34.831 -3.431 3.0
vertex 34.958 -1.717 0.0
vertex 34.958 -1.717 3.0
endloop
endfacet
facet normal 0.0 -0.0 1.0
outer loop
vertex 34.831 -3.431 3.0
vertex 34.958 -1.717 3.0
vertex 29.657 -2.921 3.0
endloop
endfacet
facet normal 0.0 -0.0 1.0
outer loop
vertex 29.657 -2.921 3.0
vertex 34.958 -1.717 3.0
vertex 29.764 -1.462 3.0
endloop
endfacet
facet normal 0.9973215755112581 -0.07314147263859078 0.0
outer loop
vertex 29.657 -2.921 3.0
vertex 29.764 -1.462 3.0
vertex 29.657 -2.921 52.0
endloop
endfacet
facet normal 0.9973215755112581 -0.07314147263859078 0.0
outer loop
vertex 29.657 -2.921 52.0
vertex 29.764 -1.462 3.0
vertex 29.764 -1.462 52.0
endloop
endfacet
facet normal 0.7050365137774561 -0.05170589922836692 0.7072835458467254
outer loop
vertex 29.657 -2.921 52.0
vertex 29.764 -1.462 52.0
vertex 28.661 -2.823 53.0
endloop
endfacet
facet normal 0.7052271103018529 -0.05201675139815046 0.7070707040100594
outer loop
vertex 28.661 -2.823 53.0
vertex 29.764 -1.462 52.0
vertex 28.765 -1.413 53.0
endloop
endfacet
facet normal 0.0 -0.0 0.9999999999999999
outer loop
vertex 28.661 -2.823 53.0
vertex 28.765 -1.413 53.0
vertex 25.178 -2.48 53.0
endloop
endfacet
facet normal 0.0 -0.0 1.0
outer loop
vertex 25.178 -2.48 53.0
vertex 28.765 -1.413 53.0
vertex 25.27 -1.241 53.0
endloop
endfacet
facet normal -0.9972545617293866 0.07404957197667662 0.0
outer loop
vertex 25.178 -2.48 53.0
vertex 25.27 -1.241 53.0
vertex 25.178 -2.48 1.0
endloop
endfacet
facet normal -0.9972545617293866 0.07404957197667662 0.0
outer loop
vertex 25.178 -2.48 1.0
vertex 25.27 -1.241 53.0
vertex 25.27 -1.241 1.0
endloop
endfacet
facet normal -0.994767935926868 0.0738649314812515 -0.07057425556864749
outer loop
vertex 25.178 -2.48 1.0
vertex 25.27 -1.241 1.0
vertex 25.188 -2.481 0.858
endloop
endfacet
facet normal -0.9947679359268662 0.07386493148125421 -0.07057425556867225
outer loop
vertex 25.188 -2.481 0.858
vertex 25.27 -1.241 1.0
vertex 25.28 -1.242 0.858
endloop
endfacet
facet normal -0.9749180403929045 0.07239100864903106 -0.21046224455525245
outer loop
vertex 25.188 -2.481 0.858
vertex 25.28 -1.242 0.858
vertex 25.218 -2.484 0.718
endloop
endfacet
facet normal -0.975138182770415 0.07229066302568653 -0.2094745439009699
outer loop
vertex 25.218 -2.484 0.718
vertex 25.28 -1.242 0.858
vertex 25.31 -1.243 0.718
endloop
endfacet
facet normal -0.9329389980789312 0.06916227866499638 -0.35332903231031726
outer loop
vertex 25.218 -2.484 0.718
vertex 25.31 -1.243 0.718
vertex 25.268 -2.489 0.585
endloop
endfacet
facet normal -0.9332895217143853 0.06907693966027537 -0.3524188489075244
outer loop
vertex 25.268 -2.489 0.585
vertex 25.31 -1.243 0.718
vertex 25.36 -1.246 0.585
endloop
endfacet
facet normal -0.8768718621751058 0.06490121586493051 -0.4763229676436105
outer loop
vertex 25.268 -2.489 0.585
vertex 25.36 -1.246 0.585
vertex 25.336 -2.495 0.459
endloop
endfacet
facet normal -0.877527398972909 0.0647933553013721 -0.4751289142544696
outer loop
vertex 25.336 -2.495 0.459
vertex 25.36 -1.246 0.585
vertex 25.428 -1.249 0.459
endloop
endfacet
facet normal -0.7980567162821294 0.05892553603367394 -0.5996943044586377
outer loop
vertex 25.336 -2.495 0.459
vertex 25.428 -1.249 0.459
vertex 25.421 -2.504 0.345
endloop
endfacet
facet normal -0.7993088764774998 0.05878210762264734 -0.5980384467638483
outer loop
vertex 25.421 -2.504 0.345
vertex 25.428 -1.249 0.459
vertex 25.513 -1.253 0.345
endloop
endfacet
facet normal -0.7035933775233801 0.051743078123223485 -0.7087164545652771
outer loop
vertex 25.421 -2.504 0.345
vertex 25.513 -1.253 0.345
vertex 25.522 -2.514 0.244
endloop
endfacet
facet normal -0.7048844713949858 0.051631665102181784 -0.70744049441984
outer loop
vertex 25.522 -2.514 0.244
vertex 25.513 -1.253 0.345
vertex 25.614 -1.258 0.244
endloop
endfacet
facet normal -0.5978284553010739 0.04378998239466575 -0.8004271206513475
outer loop
vertex 25.522 -2.514 0.244
vertex 25.614 -1.258 0.244
vertex 25.635 -2.525 0.159
endloop
endfacet
facet normal -0.5956830780883728 0.04393221749581178 -0.802017225965292
outer loop
vertex 25.635 -2.525 0.159
vertex 25.614 -1.258 0.244
vertex 25.728 -1.264 0.159
endloop
endfacet
facet normal -0.48035032643271086 0.03542631273452981 -0.8763609645928001
outer loop
vertex 25.635 -2.525 0.159
vertex 25.728 -1.264 0.159
vertex 25.76 -2.537 0.09
endloop
endfacet
facet normal -0.48165913325546117 0.035354616726722875 -0.8756452080767099
outer loop
vertex 25.76 -2.537 0.09
vertex 25.728 -1.264 0.159
vertex 25.853 -1.27 0.09
endloop
endfacet
facet normal -0.34342511010068805 0.025207999399655866 -0.9388417068487089
outer loop
vertex 25.76 -2.537 0.09
vertex 25.853 -1.27 0.09
vertex 25.893 -2.55 0.041
endloop
endfacet
facet normal -0.34215670476423365 0.025265302629879936 -0.939303174628885
outer loop
vertex 25.893 -2.55 0.041
vertex 25.853 -1.27 0.09
vertex 25.987 -1.277 0.041
endloop
endfacet
facet normal -0.21611474299565464 0.015958197833142992 -0.9762375498728987
outer loop
vertex 25.893 -2.55 0.041
vertex 25.987 -1.277 0.041
vertex 26.032 -2.564 0.01
endloop
endfacet
facet normal -0.21699147625574125 0.01592287179394218 -0.9760436267842683
outer loop
vertex 26.032 -2.564 0.01
vertex 25.987 -1.277 0.041
vertex 26.126 -1.283 0.01
endloop
endfacet
facet normal -0.0702341775058764 0.005153796007457038 -0.9975172172432847
outer loop
vertex 26.032 -2.564 0.01
vertex 26.126 -1.283 0.01
vertex 26.173 -2.578 0.0
endloop
endfacet
facet normal -0.0699943793179069 0.0051626289093178 -0.9975340265507968
outer loop
vertex 26.173 -2.578 0.0
vertex 26.126 -1.283 0.01
vertex 26.268 -1.29 0.0
endloop
endfacet
facet normal 0.0 0.0 -0.9999999999999999
outer loop
vertex 26.268 -1.29 0.0
vertex 26.3 0.0 0.0
vertex 34.958 -1.717 0.0
endloop
endfacet
facet normal 0.0 0.0 -0.9999999999999999
outer loop
vertex 34.958 -1.717 0.0
vertex 26.3 0.0 0.0
vertex 35.0 0.0 0.0
endloop
endfacet
facet normal 0.9997009573366754 -0.024453954693151987 0.0
outer loop
vertex 34.958 -1.717 0.0
vertex 35.0 0.0 0.0
vertex 34.958 -1.717 3.0
endloop
endfacet
facet normal 0.9997009573366754 -0.024453954693151987 0.0
outer loop
vertex 34.958 -1.717 3.0
vertex 35.0 0.0 0.0
vertex 35.0 0.0 3.0
endloop
endfacet
facet normal 0.0 -0.0 1.0
outer loop
vertex 34.958 -1.717 3.0
vertex 35.0 0.0 3.0
vertex 29.764 -1.462 3.0
endloop
endfacet
facet normal 0.0 -0.0 1.0
outer loop
vertex 29.764 -1.462 3.0
vertex 35.0 0.0 3.0
vertex 29.8 0.0 3.0
endloop
endfacet
facet normal 0.9996969719573374 -0.024616341306747953 0.0
outer loop
vertex 29.764 -1.462 3.0
vertex 29.8 0.0 3.0
vertex 29.764 -1.462 52.0
endloop
endfacet
facet normal 0.9996969719573374 -0.024616341306747953 0.0
outer loop
vertex 29.764 -1.462 52.0
vertex 29.8 0.0 3.0
vertex 29.8 0.0 52.0
endloop
endfacet
facet normal 0.7069266249748402 -0.01740722195560548 0.7070726522256892
outer loop
vertex 29.764 -1.462 52.0
vertex 29.8 0.0 52.0
vertex 28.765 -1.413 53.0
endloop
endfacet
facet normal 0.7069983443432244 -0.017512343985854883 0.7069983443432244
outer loop
vertex 28.765 -1.413 53.0
vertex 29.8 0.0 52.0
vertex 28.8 0.0 53.0
endloop
endfacet
facet normal 0.0 -0.0 1.0
outer loop
vertex 28.765 -1.413 53.0
vertex 28.8 0.0 53.0
vertex 25.27 -1.241 53.0
endloop
endfacet
facet normal 0.0 -0.0 1.0
outer loop
vertex 25.27 -1.241 53.0
vertex 28.8 0.0 53.0
vertex 25.3 0.0 53.0
endloop
endfacet
facet normal -0.9997079355786394 0.0241669928020631 0.0
outer loop
vertex 25.27 -1.241 53.0
vertex 25.3 0.0 53.0
vertex 25.27 -1.241 1.0
endloop
endfacet
facet normal -0.9997079355786394 0.0241669928020631 0.0
outer loop
vertex 25.27 -1.241 1.0
vertex 25.3 0.0 53.0
vertex 25.3 0.0 1.0
endloop
endfacet
facet normal -0.9972277087930737 0.024107035667843144 -0.07039707129295868
outer loop
vertex 25.27 -1.241 1.0
vertex 25.3 0.0 1.0
vertex 25.28 -1.242 0.858
endloop
endfacet
facet normal -0.9972400791094002 0.024087924616167145 -0.07022817458515504
outer loop
vertex 25.28 -1.242 0.858
vertex 25.3 0.0 1.0
vertex 25.31 0.0 0.858
endloop
endfacet
facet normal -0.9774952578707554 0.02361099656692456 -0.20963191951919447
outer loop
vertex 25.28 -1.242 0.858
vertex 25.31 0.0 0.858
vertex 25.31 -1.243 0.718
endloop
endfacet
facet normal -0.9760615552442745 0.02434264538421143 -0.21612791580410576
outer loop
vertex 25.31 -1.243 0.718
vertex 25.31 0.0 0.858
vertex 25.341 0.0 0.718
endloop
endfacet
facet normal -0.9356112961049825 0.02333382958910431 -0.35225989694749693
outer loop
vertex 25.31 -1.243 0.718
vertex 25.341 0.0 0.718
vertex 25.36 -1.246 0.585
endloop
endfacet
facet normal -0.9381037327559402 0.022586767241315628 -0.34561716469955334
outer loop
vertex 25.36 -1.246 0.585
vertex 25.341 0.0 0.718
vertex 25.39 0.0 0.585
endloop
endfacet
facet normal -0.8796139541209074 0.02117850611848172 -0.47521654284586035
outer loop
vertex 25.36 -1.246 0.585
vertex 25.39 0.0 0.585
vertex 25.428 -1.249 0.459
endloop
endfacet
facet normal -0.8768885106927141 0.021764246462348355 -0.48020085109362287
outer loop
vertex 25.428 -1.249 0.459
vertex 25.39 0.0 0.585
vertex 25.459 0.0 0.459
endloop
endfacet
facet normal -0.8011915870554557 0.019885459726755938 -0.5980774275317667
outer loop
vertex 25.428 -1.249 0.459
vertex 25.459 0.0 0.459
vertex 25.513 -1.253 0.345
endloop
endfacet
facet normal -0.8015269493459164 0.019830275682140824 -0.5976297429333643
outer loop
vertex 25.513 -1.253 0.345
vertex 25.459 0.0 0.459
vertex 25.544 0.0 0.345
endloop
endfacet
facet normal -0.7065659062031846 0.017480880360971972 -0.7074312963200582
outer loop
vertex 25.513 -1.253 0.345
vertex 25.544 0.0 0.345
vertex 25.614 -1.258 0.244
endloop
endfacet
facet normal -0.7069994593158145 0.017422085245460583 -0.7069994593158084
outer loop
vertex 25.614 -1.258 0.244
vertex 25.544 0.0 0.345
vertex 25.645 0.0 0.244
endloop
endfacet
facet normal -0.5971846539605952 0.01471599703718421 -0.8019687827497813
outer loop
vertex 25.614 -1.258 0.244
vertex 25.645 0.0 0.244
vertex 25.728 -1.264 0.159
endloop
endfacet
facet normal -0.5976830617689294 0.014658366230091853 -0.8015984593136284
outer loop
vertex 25.728 -1.264 0.159
vertex 25.645 0.0 0.244
vertex 25.759 0.0 0.159
endloop
endfacet
facet normal -0.4827929279167462 0.011840649339729873 -0.8756544910961109
outer loop
vertex 25.728 -1.264 0.159
vertex 25.759 0.0 0.159
vertex 25.853 -1.27 0.09
endloop
endfacet
facet normal -0.4802794512562654 0.012101529480472842 -0.8770320414244931
outer loop
vertex 25.853 -1.27 0.09
vertex 25.759 0.0 0.159
vertex 25.885 0.0 0.09
endloop
endfacet
facet normal -0.3430196533986423 0.008643014888784696 -0.9392884624416014
outer loop
vertex 25.853 -1.27 0.09
vertex 25.885 0.0 0.09
vertex 25.987 -1.277 0.041
endloop
endfacet
facet normal -0.3456931855646966 0.008391925413082542 -0.9383100751041702
outer loop
vertex 25.987 -1.277 0.041
vertex 25.885 0.0 0.09
vertex 26.018 0.0 0.041
endloop
endfacet
facet normal -0.21745376816511008 0.005278830707219206 -0.9760563470707821
outer loop
vertex 25.987 -1.277 0.041
vertex 26.018 0.0 0.041
vertex 26.126 -1.283 0.01
endloop
endfacet
facet normal -0.21618883626308277 0.005392083211550003 -0.9763366798977972
outer loop
vertex 26.126 -1.283 0.01
vertex 26.018 0.0 0.041
vertex 26.158 0.0 0.01
endloop
endfacet
facet normal -0.07016260970279573 0.0017499637649956864 -0.9975340324151926
outer loop
vertex 26.126 -1.283 0.01
vertex 26.158 0.0 0.01
vertex 26.268 -1.29 0.0
endloop
endfacet
facet normal -0.07024845097624734 0.0017425972335193148 -0.9975280038627085
outer loop
vertex 26.268 -1.29 0.0
vertex 26.158 0.0 0.01
vertex 26.3 0.0 0.0
endloop
endfacet

endsolid
