solid 
facet normal 0.0 0.0 -1.0
outer loop
vertex 22.72 0.0 0.0
vertex 22.693 1.115 0.0
vertex 35.0 0.0 0.0
endloop
endfacet
facet normal 0.0 0.0 -1.0
outer loop
vertex 35.0 0.0 0.0
vertex 22.693 1.115 0.0
vertex 34.958 1.717 0.0
endloop
endfacet
facet normal 0.9997009573366754 0.024453954693151987 0.0
outer loop
vertex 35.0 0.0 0.0
vertex 34.958 1.717 0.0
vertex 35.0 0.0 3.0
endloop
endfacet
facet normal 0.9997009573366754 0.024453954693151987 -0.0
outer loop
vertex 35.0 0.0 3.0
vertex 34.958 1.717 0.0
vertex 34.958 1.717 3.0
endloop
endfacet
facet normal 0.0 0.0 1.0
outer loop
vertex 35.0 0.0 3.0
vertex 34.958 1.717 3.0
vertex 30.04 0.0 3.0
endloop
endfacet
facet normal 0.0 -0.0 1.0
outer loop
vertex 30.04 0.0 3.0
vertex 34.958 1.717 3.0
vertex 30.004 1.474 3.0
endloop
endfacet
facet normal 0.9997018836470306 0.02441605685976317 0.0
outer loop
vertex 30.04 0.0 3.0
vertex 30.004 1.474 3.0
vertex 30.04 0.0 52.0
endloop
endfacet
facet normal 0.9997018836470306 0.02441605685976317 -0.0
outer loop
vertex 30.04 0.0 52.0
vertex 30.004 1.474 3.0
vertex 30.004 1.474 52.0
endloop
endfacet
facet normal 0.7070013575695426 0.017267333020693342 0.7070013575695426
outer loop
vertex 30.04 0.0 52.0
vertex 30.004 1.474 52.0
vertex 29.04 0.0 53.0
endloop
endfacet
facet normal 0.7069282475285367 0.01736314993929746 0.7070721136280353
outer loop
vertex 29.04 0.0 53.0
vertex 30.004 1.474 52.0
vertex 29.005 1.425 53.0
endloop
endfacet
facet normal 0.0 0.0 1.0
outer loop
vertex 29.04 0.0 53.0
vertex 29.005 1.425 53.0
vertex 21.72 0.0 53.0
endloop
endfacet
facet normal 0.0 -0.0 1.0
outer loop
vertex 21.72 0.0 53.0
vertex 29.005 1.425 53.0
vertex 21.694 1.066 53.0
endloop
endfacet
facet normal -0.99970269064305 -0.024382992454708347 0.0
outer loop
vertex 21.72 0.0 53.0
vertex 21.694 1.066 53.0
vertex 21.72 0.0 1.0
endloop
endfacet
facet normal -0.99970269064305 -0.024382992454708347 -0.0
outer loop
vertex 21.72 0.0 1.0
vertex 21.694 1.066 53.0
vertex 21.694 1.066 1.0
endloop
endfacet
facet normal -0.997234406481722 -0.024322790401993033 -0.0702277751043576
outer loop
vertex 21.72 0.0 1.0
vertex 21.694 1.066 1.0
vertex 21.73 0.0 0.858
endloop
endfacet
facet normal -0.997234406481722 -0.024322790401993033 -0.07022777510435758
outer loop
vertex 21.73 0.0 0.858
vertex 21.694 1.066 1.0
vertex 21.704 1.066 0.858
endloop
endfacet
facet normal -0.9760741567769754 -0.023806686750657755 -0.2161307061434648
outer loop
vertex 21.73 0.0 0.858
vertex 21.704 1.066 0.858
vertex 21.761 0.0 0.718
endloop
endfacet
facet normal -0.9774314636003967 -0.024710345989895348 -0.20980260428566286
outer loop
vertex 21.761 0.0 0.718
vertex 21.704 1.066 0.858
vertex 21.734 1.068 0.718
endloop
endfacet
facet normal -0.9380792062402973 -0.02371548555101653 -0.34560812861484275
outer loop
vertex 21.761 0.0 0.718
vertex 21.734 1.068 0.718
vertex 21.81 0.0 0.585
endloop
endfacet
facet normal -0.9356849978926824 -0.02273627097683137 -0.3521031762149258
outer loop
vertex 21.81 0.0 0.585
vertex 21.734 1.068 0.718
vertex 21.784 1.07 0.585
endloop
endfacet
facet normal -0.8768971349438497 -0.021307780849102727 -0.48020557389784085
outer loop
vertex 21.81 0.0 0.585
vertex 21.784 1.07 0.585
vertex 21.879 0.0 0.459
endloop
endfacet
facet normal -0.8795134940712794 -0.022110674431960384 -0.4753600023379055
outer loop
vertex 21.879 0.0 0.459
vertex 21.784 1.07 0.585
vertex 21.852 1.074 0.459
endloop
endfacet
facet normal -0.8015218246499514 -0.020149990005167137 -0.5976259218881024
outer loop
vertex 21.879 0.0 0.459
vertex 21.852 1.074 0.459
vertex 21.964 0.0 0.345
endloop
endfacet
facet normal -0.7978436441565654 -0.019242982141067292 -0.6025572397019973
outer loop
vertex 21.964 0.0 0.345
vertex 21.852 1.074 0.459
vertex 21.938 1.078 0.345
endloop
endfacet
facet normal -0.7070039702158416 -0.017052043808545213 -0.7070039702158601
outer loop
vertex 21.964 0.0 0.345
vertex 21.938 1.078 0.345
vertex 22.065 0.0 0.244
endloop
endfacet
facet normal -0.706585030741829 -0.01696326020248145 -0.707424796098406
outer loop
vertex 22.065 0.0 0.244
vertex 21.938 1.078 0.345
vertex 22.039 1.083 0.244
endloop
endfacet
facet normal -0.5976857452032069 -0.014348872922699226 -0.8016020582725168
outer loop
vertex 22.065 0.0 0.244
vertex 22.039 1.083 0.244
vertex 22.179 0.0 0.159
endloop
endfacet
facet normal -0.597283972196691 -0.014273330217935521 -0.8019028174295388
outer loop
vertex 22.179 0.0 0.159
vertex 22.039 1.083 0.244
vertex 22.153 1.088 0.159
endloop
endfacet
facet normal -0.4802829860017409 -0.011477350768423867 -0.8770384961771006
outer loop
vertex 22.179 0.0 0.159
vertex 22.153 1.088 0.159
vertex 22.305 0.0 0.09
endloop
endfacet
facet normal -0.4827897528057935 -0.011915286403799744 -0.8756552292629997
outer loop
vertex 22.305 0.0 0.09
vertex 22.153 1.088 0.159
vertex 22.278 1.094 0.09
endloop
endfacet
facet normal -0.3456927766004394 -0.008531723005678444 -0.9383089650583294
outer loop
vertex 22.305 0.0 0.09
vertex 22.278 1.094 0.09
vertex 22.438 0.0 0.041
endloop
endfacet
facet normal -0.34530052099892583 -0.008467860187983766 -0.9384539655953866
outer loop
vertex 22.438 0.0 0.041
vertex 22.278 1.094 0.09
vertex 22.411 1.101 0.041
endloop
endfacet
facet normal -0.21618894081669238 -0.005301636150817572 -0.9763371520753887
outer loop
vertex 22.438 0.0 0.041
vertex 22.411 1.101 0.041
vertex 22.578 0.0 0.01
endloop
endfacet
facet normal -0.21740701115271727 -0.005494039993028702 -0.9760655751670567
outer loop
vertex 22.578 0.0 0.01
vertex 22.411 1.101 0.041
vertex 22.55 1.108 0.01
endloop
endfacet
facet normal -0.07024844694391066 -0.001775231511217876 -0.9975279466035276
outer loop
vertex 22.578 0.0 0.01
vertex 22.55 1.108 0.01
vertex 22.72 0.0 0.0
endloop
endfacet
facet normal -0.06967741743279347 -0.001687255848148204 -0.9975681483826552
outer loop
vertex 22.72 0.0 0.0
vertex 22.55 1.108 0.01
vertex 22.693 1.115 0.0
endloop
endfacet
facet normal 0.0 0.0 -1.0
outer loop
vertex 22.693 1.115 0.0
vertex 22.611 2.227 0.0
vertex 34.958 1.717 0.0
endloop
endfacet
facet normal 0.0 0.0 -0.9999999999999999
outer loop
vertex 34.958 1.717 0.0
vertex 22.611 2.227 0.0
vertex 34.831 3.431 0.0
endloop
endfacet
facet normal 0.9972661666805244 0.07389311736780745 0.0
outer loop
vertex 34.958 1.717 0.0
vertex 34.831 3.431 0.0
vertex 34.958 1.717 3.0
endloop
endfacet
facet normal 0.9972661666805244 0.07389311736780745 -0.0
outer loop
vertex 34.958 1.717 3.0
vertex 34.831 3.431 0.0
vertex 34.831 3.431 3.0
endloop
endfacet
facet normal 0.0 0.0 1.0
outer loop
vertex 34.958 1.717 3.0
vertex 34.831 3.431 3.0
vertex 30.004 1.474 3.0
endloop
endfacet
facet normal 0.0 -0.0 1.0
outer loop
vertex 30.004 1.474 3.0
vertex 34.831 3.431 3.0
vertex 29.895 2.944 3.0
endloop
endfacet
facet normal 0.9972621984903066 0.07394665281322801 0.0
outer loop
vertex 30.004 1.474 3.0
vertex 29.895 2.944 3.0
vertex 30.004 1.474 52.0
endloop
endfacet
facet normal 0.9972621984903066 0.07394665281322801 -0.0
outer loop
vertex 30.004 1.474 52.0
vertex 29.895 2.944 3.0
vertex 29.895 2.944 52.0
endloop
endfacet
facet normal 0.7052102402100152 0.05229109944414483 0.7070672938425699
outer loop
vertex 30.004 1.474 52.0
vertex 29.895 2.944 52.0
vertex 29.005 1.425 53.0
endloop
endfacet
facet normal 0.7053547829443884 0.052119811547615115 0.7069357505613334
outer loop
vertex 29.005 1.425 53.0
vertex 29.895 2.944 52.0
vertex 28.9 2.846 53.0
endloop
endfacet
facet normal 0.0 0.0 1.0
outer loop
vertex 29.005 1.425 53.0
vertex 28.9 2.846 53.0
vertex 21.694 1.066 53.0
endloop
endfacet
facet normal 0.0 -0.0 1.0
outer loop
vertex 21.694 1.066 53.0
vertex 28.9 2.846 53.0
vertex 21.615 2.129 53.0
endloop
endfacet
facet normal -0.997249806904158 -0.07411357925252032 0.0
outer loop
vertex 21.694 1.066 53.0
vertex 21.615 2.129 53.0
vertex 21.694 1.066 1.0
endloop
endfacet
facet normal -0.997249806904158 -0.07411357925252032 -0.0
outer loop
vertex 21.694 1.066 1.0
vertex 21.615 2.129 53.0
vertex 21.615 2.129 1.0
endloop
endfacet
facet normal -0.9947996024054311 -0.07393148503295362 -0.07005631002856247
outer loop
vertex 21.694 1.066 1.0
vertex 21.615 2.129 1.0
vertex 21.704 1.066 0.858
endloop
endfacet
facet normal -0.9943211696643909 -0.07289196544532135 -0.0775382030405379
outer loop
vertex 21.704 1.066 0.858
vertex 21.615 2.129 1.0
vertex 21.626 2.13 0.858
endloop
endfacet
facet normal -0.9750913644152138 -0.07148226167705461 -0.20996932468436877
outer loop
vertex 21.704 1.066 0.858
vertex 21.626 2.13 0.858
vertex 21.734 1.068 0.718
endloop
endfacet
facet normal -0.9749916866020159 -0.07140784183564332 -0.2104569580254647
outer loop
vertex 21.734 1.068 0.718
vertex 21.626 2.13 0.858
vertex 21.656 2.133 0.718
endloop
endfacet
facet normal -0.9335102623664873 -0.06836976569444955 -0.35197182443391434
outer loop
vertex 21.734 1.068 0.718
vertex 21.656 2.133 0.718
vertex 21.784 1.07 0.585
endloop
endfacet
facet normal -0.9352485406060782 -0.06918036957666737 -0.34716601757579457
outer loop
vertex 21.784 1.07 0.585
vertex 21.656 2.133 0.718
vertex 21.705 2.138 0.585
endloop
endfacet
facet normal -0.8773047288049342 -0.06489426364755652 -0.47552617947084924
outer loop
vertex 21.784 1.07 0.585
vertex 21.705 2.138 0.585
vertex 21.852 1.074 0.459
endloop
endfacet
facet normal -0.8768841551102462 -0.06474191425580374 -0.4763220161351811
outer loop
vertex 21.852 1.074 0.459
vertex 21.705 2.138 0.585
vertex 21.773 2.144 0.459
endloop
endfacet
facet normal -0.7959441078428675 -0.05876596684073554 -0.6025110275600731
outer loop
vertex 21.852 1.074 0.459
vertex 21.773 2.144 0.459
vertex 21.938 1.078 0.345
endloop
endfacet
facet normal -0.7980172189458965 -0.05938732792155382 -0.5997013119447003
outer loop
vertex 21.938 1.078 0.345
vertex 21.773 2.144 0.459
vertex 21.858 2.153 0.345
endloop
endfacet
facet normal -0.7048338538338159 -0.052452751913213094 -0.7074305247206272
outer loop
vertex 21.938 1.078 0.345
vertex 21.858 2.153 0.345
vertex 22.039 1.083 0.244
endloop
endfacet
facet normal -0.7035611676461179 -0.052115642047861795 -0.7087211322053056
outer loop
vertex 22.039 1.083 0.244
vertex 21.858 2.153 0.345
vertex 21.959 2.163 0.244
endloop
endfacet
facet normal -0.5959196106532713 -0.04414219338172483 -0.8018299597809401
outer loop
vertex 22.039 1.083 0.244
vertex 21.959 2.163 0.244
vertex 22.153 1.088 0.159
endloop
endfacet
facet normal -0.5944548049165975 -0.04379040920195837 -0.8029357913142838
outer loop
vertex 22.153 1.088 0.159
vertex 21.959 2.163 0.244
vertex 22.073 2.174 0.159
endloop
endfacet
facet normal -0.48165232419906046 -0.03548083419514182 -0.8756438482616434
outer loop
vertex 22.153 1.088 0.159
vertex 22.073 2.174 0.159
vertex 22.278 1.094 0.09
endloop
endfacet
facet normal -0.4832774794130323 -0.03584750534107636 -0.8747330074102656
outer loop
vertex 22.278 1.094 0.09
vertex 22.073 2.174 0.159
vertex 22.197 2.186 0.09
endloop
endfacet
facet normal -0.34440838003778124 -0.025546775442362744 -0.9384722851657626
outer loop
vertex 22.278 1.094 0.09
vertex 22.197 2.186 0.09
vertex 22.411 1.101 0.041
endloop
endfacet
facet normal -0.3434131786103414 -0.025333759077813038 -0.9388426861874832
outer loop
vertex 22.411 1.101 0.041
vertex 22.197 2.186 0.09
vertex 22.33 2.199 0.041
endloop
endfacet
facet normal -0.21687840430950558 -0.01599922654742315 -0.9760675091888096
outer loop
vertex 22.411 1.101 0.041
vertex 22.33 2.199 0.041
vertex 22.55 1.108 0.01
endloop
endfacet
facet normal -0.216126224686401 -0.01584273683221573 -0.9762368886148836
outer loop
vertex 22.55 1.108 0.01
vertex 22.33 2.199 0.041
vertex 22.469 2.213 0.01
endloop
endfacet
facet normal -0.06951059148019156 -0.005095346524792292 -0.9975682007340984
outer loop
vertex 22.55 1.108 0.01
vertex 22.469 2.213 0.01
vertex 22.693 1.115 0.0
endloop
endfacet
facet normal -0.06974307294492905 -0.005142924443780786 -0.9975517300392815
outer loop
vertex 22.693 1.115 0.0
vertex 22.469 2.213 0.01
vertex 22.611 2.227 0.0
endloop
endfacet
facet normal 0.0 0.0 -1.0
outer loop
vertex 22.611 2.227 0.0
vertex 22.474 3.334 0.0
vertex 34.831 3.431 0.0
endloop
endfacet
facet normal -0.0 0.0 -1.0
outer loop
vertex 34.831 3.431 0.0
vertex 22.474 3.334 0.0
vertex 34.621 5.136 0.0
endloop
endfacet
facet normal 0.992500149235439 0.12224342014043581 0.0
outer loop
vertex 34.831 3.431 0.0
vertex 34.621 5.136 0.0
vertex 34.831 3.431 3.0
endloop
endfacet
facet normal 0.992500149235439 0.12224342014043581 -0.0
outer loop
vertex 34.831 3.431 3.0
vertex 34.621 5.136 0.0
vertex 34.621 5.136 3.0
endloop
endfacet
facet normal 0.0 0.0 1.0
outer loop
vertex 34.831 3.431 3.0
vertex 34.621 5.136 3.0
vertex 29.895 2.944 3.0
endloop
endfacet
facet normal 0.0 -0.0 1.0
outer loop
vertex 29.895 2.944 3.0
vertex 34.621 5.136 3.0
vertex 29.715 4.408 3.0
endloop
endfacet
facet normal 0.9925261778147189 0.12203190710836685 0.0
outer loop
vertex 29.895 2.944 3.0
vertex 29.715 4.408 3.0
vertex 29.895 2.944 52.0
endloop
endfacet
facet normal 0.9925261778147189 0.12203190710836685 -0.0
outer loop
vertex 29.895 2.944 52.0
vertex 29.715 4.408 3.0
vertex 29.715 4.408 52.0
endloop
endfacet
facet normal 0.7019895098252616 0.08631018563425331 0.7069379604682928
outer loop
vertex 29.895 2.944 52.0
vertex 29.715 4.408 52.0
vertex 28.9 2.846 53.0
endloop
endfacet
facet normal 0.7019793142656503 0.08632113122418572 0.7069467480986841
outer loop
vertex 28.9 2.846 53.0
vertex 29.715 4.408 52.0
vertex 28.726 4.261 53.0
endloop
endfacet
facet normal 0.0 0.0 1.0
outer loop
vertex 28.9 2.846 53.0
vertex 28.726 4.261 53.0
vertex 21.615 2.129 53.0
endloop
endfacet
facet normal 0.0 -0.0 1.0
outer loop
vertex 21.615 2.129 53.0
vertex 28.726 4.261 53.0
vertex 21.485 3.187 53.0
endloop
endfacet
facet normal -0.9925354884882946 -0.12195615643050788 0.0
outer loop
vertex 21.615 2.129 53.0
vertex 21.485 3.187 53.0
vertex 21.615 2.129 1.0
endloop
endfacet
facet normal -0.9925354884882946 -0.12195615643050788 -0.0
outer loop
vertex 21.615 2.129 1.0
vertex 21.485 3.187 53.0
vertex 21.485 3.187 1.0
endloop
endfacet
facet normal -0.9895494039744658 -0.1215892462350469 -0.07751149781659789
outer loop
vertex 21.615 2.129 1.0
vertex 21.485 3.187 1.0
vertex 21.626 2.13 0.858
endloop
endfacet
facet normal -0.9899466951524389 -0.12257374013702238 -0.07057775134973943
outer loop
vertex 21.626 2.13 0.858
vertex 21.485 3.187 1.0
vertex 21.495 3.188 0.858
endloop
endfacet
facet normal -0.9701911053010085 -0.12012763213084338 -0.2104722575387175
outer loop
vertex 21.626 2.13 0.858
vertex 21.495 3.188 0.858
vertex 21.656 2.133 0.718
endloop
endfacet
facet normal -0.9698674696142033 -0.11986097973534043 -0.2121094927650032
outer loop
vertex 21.656 2.133 0.718
vertex 21.495 3.188 0.858
vertex 21.525 3.193 0.718
endloop
endfacet
facet normal -0.9307049098062408 -0.11502107847605447 -0.34721538325477874
outer loop
vertex 21.656 2.133 0.718
vertex 21.525 3.193 0.718
vertex 21.705 2.138 0.585
endloop
endfacet
facet normal -0.9301719029599975 -0.11473871872670109 -0.3487337915498468
outer loop
vertex 21.705 2.138 0.585
vertex 21.525 3.193 0.718
vertex 21.574 3.2 0.585
endloop
endfacet
facet normal -0.8727559992511834 -0.10765634265715826 -0.4761376667065451
outer loop
vertex 21.705 2.138 0.585
vertex 21.574 3.2 0.585
vertex 21.773 2.144 0.459
endloop
endfacet
facet normal -0.8713852245946051 -0.10708392534886817 -0.4787701152850789
outer loop
vertex 21.773 2.144 0.459
vertex 21.574 3.2 0.585
vertex 21.642 3.21 0.459
endloop
endfacet
facet normal -0.7941502276225453 -0.09759257018626044 -0.5998342322771346
outer loop
vertex 21.773 2.144 0.459
vertex 21.642 3.21 0.459
vertex 21.858 2.153 0.345
endloop
endfacet
facet normal -0.7925672758251218 -0.09703393750756183 -0.6020145581818799
outer loop
vertex 21.858 2.153 0.345
vertex 21.642 3.21 0.459
vertex 21.727 3.223 0.345
endloop
endfacet
facet normal -0.7002465347409372 -0.08573111780473174 -0.7087347642265479
outer loop
vertex 21.858 2.153 0.345
vertex 21.727 3.223 0.345
vertex 21.959 2.163 0.244
endloop
endfacet
facet normal -0.7049154790748978 -0.08721279880647513 -0.7039091525793285
outer loop
vertex 21.959 2.163 0.244
vertex 21.727 3.223 0.345
vertex 21.826 3.238 0.244
endloop
endfacet
facet normal -0.5915953800271234 -0.07319273073823895 -0.8029058042495664
outer loop
vertex 21.959 2.163 0.244
vertex 21.826 3.238 0.244
vertex 22.073 2.174 0.159
endloop
endfacet
facet normal -0.5928303454531465 -0.07355487619511282 -0.8019612594744364
outer loop
vertex 22.073 2.174 0.159
vertex 21.826 3.238 0.244
vertex 21.939 3.254 0.159
endloop
endfacet
facet normal -0.4809588280929282 -0.059674521263381984 -0.8747099846185954
outer loop
vertex 22.073 2.174 0.159
vertex 21.939 3.254 0.159
vertex 22.197 2.186 0.09
endloop
endfacet
facet normal -0.4784782666901917 -0.058984441339913374 -0.8761160790585731
outer loop
vertex 22.197 2.186 0.09
vertex 21.939 3.254 0.159
vertex 22.063 3.273 0.09
endloop
endfacet
facet normal -0.34176984310053676 -0.0421317009893947 -0.9388388009231269
outer loop
vertex 22.197 2.186 0.09
vertex 22.063 3.273 0.09
vertex 22.33 2.199 0.041
endloop
endfacet
facet normal -0.34234209655697495 -0.042283790517100586 -0.9386234441907366
outer loop
vertex 22.33 2.199 0.041
vertex 22.063 3.273 0.09
vertex 22.195 3.292 0.041
endloop
endfacet
facet normal -0.2150478552964451 -0.026561263005507468 -0.9762422441381807
outer loop
vertex 22.33 2.199 0.041
vertex 22.195 3.292 0.041
vertex 22.469 2.213 0.01
endloop
endfacet
facet normal -0.21524130908007516 -0.026611652758991647 -0.9761982374512517
outer loop
vertex 22.469 2.213 0.01
vertex 22.195 3.292 0.041
vertex 22.333 3.313 0.01
endloop
endfacet
facet normal -0.06940411966165126 -0.008580872976349786 -0.9975517213623338
outer loop
vertex 22.469 2.213 0.01
vertex 22.333 3.313 0.01
vertex 22.611 2.227 0.0
endloop
endfacet
facet normal -0.06946759700724375 -0.008597164218602009 -0.9975471626612135
outer loop
vertex 22.611 2.227 0.0
vertex 22.333 3.313 0.01
vertex 22.474 3.334 0.0
endloop
endfacet
facet normal 0.0 0.0 -1.0
outer loop
vertex 22.474 3.334 0.0
vertex 22.283 4.432 0.0
vertex 34.621 5.136 0.0
endloop
endfacet
facet normal -0.0 0.0 -1.0
outer loop
vertex 34.621 5.136 0.0
vertex 22.283 4.432 0.0
vertex 34.327 6.828 0.0
endloop
endfacet
facet normal 0.985237385985719 0.17119373018901024 0.0
outer loop
vertex 34.621 5.136 0.0
vertex 34.327 6.828 0.0
vertex 34.621 5.136 3.0
endloop
endfacet
facet normal 0.985237385985719 0.17119373018901024 -0.0
outer loop
vertex 34.621 5.136 3.0
vertex 34.327 6.828 0.0
vertex 34.327 6.828 3.0
endloop
endfacet
facet normal 0.0 0.0 1.0
outer loop
vertex 34.621 5.136 3.0
vertex 34.327 6.828 3.0
vertex 29.715 4.408 3.0
endloop
endfacet
facet normal 0.0 -0.0 1.0
outer loop
vertex 29.715 4.408 3.0
vertex 34.327 6.828 3.0
vertex 29.463 5.861 3.0
endloop
endfacet
facet normal 0.9852912794797203 0.1708832776523665 0.0
outer loop
vertex 29.715 4.408 3.0
vertex 29.463 5.861 3.0
vertex 29.715 4.408 52.0
endloop
endfacet
facet normal 0.9852912794797203 0.1708832776523665 -0.0
outer loop
vertex 29.715 4.408 52.0
vertex 29.463 5.861 3.0
vertex 29.463 5.861 52.0
endloop
endfacet
facet normal 0.6968549366441004 0.12085852996167419 0.7069557362453819
outer loop
vertex 29.715 4.408 52.0
vertex 29.463 5.861 52.0
vertex 28.726 4.261 53.0
endloop
endfacet
facet normal 0.6966391912032247 0.12106834946836659 0.7071324430661644
outer loop
vertex 28.726 4.261 53.0
vertex 29.463 5.861 52.0
vertex 28.482 5.665 53.0
endloop
endfacet
facet normal 0.0 0.0 1.0
outer loop
vertex 28.726 4.261 53.0
vertex 28.482 5.665 53.0
vertex 21.485 3.187 53.0
endloop
endfacet
facet normal 0.0 -0.0 1.0
outer loop
vertex 21.485 3.187 53.0
vertex 28.482 5.665 53.0
vertex 21.303 4.237 53.0
endloop
endfacet
facet normal -0.9853080203996412 -0.17078672353593644 0.0
outer loop
vertex 21.485 3.187 53.0
vertex 21.303 4.237 53.0
vertex 21.485 3.187 1.0
endloop
endfacet
facet normal -0.9853080203996412 -0.17078672353593644 -0.0
outer loop
vertex 21.485 3.187 1.0
vertex 21.303 4.237 53.0
vertex 21.303 4.237 1.0
endloop
endfacet
facet normal -0.9828622452079367 -0.17036278916937433 -0.07041538902288959
outer loop
vertex 21.485 3.187 1.0
vertex 21.303 4.237 1.0
vertex 21.495 3.188 0.858
endloop
endfacet
facet normal -0.9828058001337568 -0.1701909187672178 -0.07160873125964795
outer loop
vertex 21.495 3.188 0.858
vertex 21.303 4.237 1.0
vertex 21.313 4.239 0.858
endloop
endfacet
facet normal -0.962877212917232 -0.16673991698471777 -0.21228582837455862
outer loop
vertex 21.495 3.188 0.858
vertex 21.313 4.239 0.858
vertex 21.525 3.193 0.718
endloop
endfacet
facet normal -0.9638974229632931 -0.16767417148505936 -0.2068505021060415
outer loop
vertex 21.525 3.193 0.718
vertex 21.313 4.239 0.858
vertex 21.342 4.245 0.718
endloop
endfacet
facet normal -0.9233865533418252 -0.16062712857562153 -0.34864910536677896
outer loop
vertex 21.525 3.193 0.718
vertex 21.342 4.245 0.718
vertex 21.574 3.2 0.585
endloop
endfacet
facet normal -0.9222948178702468 -0.15998099684384676 -0.3518214740156395
outer loop
vertex 21.574 3.2 0.585
vertex 21.342 4.245 0.718
vertex 21.391 4.255 0.585
endloop
endfacet
facet normal -0.8650330430982095 -0.1500483856748581 -0.47875183164623
outer loop
vertex 21.574 3.2 0.585
vertex 21.391 4.255 0.585
vertex 21.642 3.21 0.459
endloop
endfacet
facet normal -0.866327297302406 -0.15066561692215844 -0.47621096777182076
outer loop
vertex 21.642 3.21 0.459
vertex 21.391 4.255 0.585
vertex 21.458 4.268 0.459
endloop
endfacet
facet normal -0.7866085701470552 -0.13680149046035825 -0.6021065599867103
outer loop
vertex 21.642 3.21 0.459
vertex 21.458 4.268 0.459
vertex 21.727 3.223 0.345
endloop
endfacet
facet normal -0.7875630432780013 -0.1371931855051122 -0.6007682437626451
outer loop
vertex 21.727 3.223 0.345
vertex 21.458 4.268 0.459
vertex 21.542 4.285 0.345
endloop
endfacet
facet normal -0.699707857801728 -0.12188884528561088 -0.7039545604124297
outer loop
vertex 21.727 3.223 0.345
vertex 21.542 4.285 0.345
vertex 21.826 3.238 0.244
endloop
endfacet
facet normal -0.696845392196096 -0.12082136603212686 -0.7069714965153828
outer loop
vertex 21.826 3.238 0.244
vertex 21.542 4.285 0.345
vertex 21.641 4.305 0.244
endloop
endfacet
facet normal -0.5887205029586058 -0.10207431400875672 -0.801865951276027
outer loop
vertex 21.826 3.238 0.244
vertex 21.641 4.305 0.244
vertex 21.939 3.254 0.159
endloop
endfacet
facet normal -0.5885927862067013 -0.10203006359221471 -0.8019653347550636
outer loop
vertex 21.939 3.254 0.159
vertex 21.641 4.305 0.244
vertex 21.753 4.327 0.159
endloop
endfacet
facet normal -0.47492877197282257 -0.0823268887110391 -0.8761649073933211
outer loop
vertex 21.939 3.254 0.159
vertex 21.753 4.327 0.159
vertex 22.063 3.273 0.09
endloop
endfacet
facet normal -0.4752999278772817 -0.08244998748891515 -0.8759520409947844
outer loop
vertex 22.063 3.273 0.09
vertex 21.753 4.327 0.159
vertex 21.876 4.351 0.09
endloop
endfacet
facet normal -0.33993176374868855 -0.05896775493599624 -0.9385995950737002
outer loop
vertex 22.063 3.273 0.09
vertex 21.876 4.351 0.09
vertex 22.195 3.292 0.041
endloop
endfacet
facet normal -0.33947074776540703 -0.058820737861655426 -0.9387756559524782
outer loop
vertex 22.195 3.292 0.041
vertex 21.876 4.351 0.09
vertex 22.007 4.377 0.041
endloop
endfacet
facet normal -0.21365912542345444 -0.03702112034987022 -0.9762065430897937
outer loop
vertex 22.195 3.292 0.041
vertex 22.007 4.377 0.041
vertex 22.333 3.313 0.01
endloop
endfacet
facet normal -0.21336164744600847 -0.0369279774425784 -0.976275131241765
outer loop
vertex 22.333 3.313 0.01
vertex 22.007 4.377 0.041
vertex 22.144 4.405 0.01
endloop
endfacet
facet normal -0.0689701631992076 -0.011937143630632087 -0.9975473027331668
outer loop
vertex 22.333 3.313 0.01
vertex 22.144 4.405 0.01
vertex 22.474 3.334 0.0
endloop
endfacet
facet normal -0.06941804665672546 -0.012075452560504997 -0.9975145704418676
outer loop
vertex 22.474 3.334 0.0
vertex 22.144 4.405 0.01
vertex 22.283 4.432 0.0
endloop
endfacet
facet normal 0.0 0.0 -1.0
outer loop
vertex 22.283 4.432 0.0
vertex 22.039 5.521 0.0
vertex 34.327 6.828 0.0
endloop
endfacet
facet normal -0.0 0.0 -1.0
outer loop
vertex 34.327 6.828 0.0
vertex 22.039 5.521 0.0
vertex 33.951 8.504 0.0
endloop
endfacet
facet normal 0.9757467140187474 0.21890260409966997 0.0
outer loop
vertex 34.327 6.828 0.0
vertex 33.951 8.504 0.0
vertex 34.327 6.828 3.0
endloop
endfacet
facet normal 0.9757467140187474 0.21890260409966997 -0.0
outer loop
vertex 34.327 6.828 3.0
vertex 33.951 8.504 0.0
vertex 33.951 8.504 3.0
endloop
endfacet
facet normal 0.0 0.0 1.0
outer loop
vertex 34.327 6.828 3.0
vertex 33.951 8.504 3.0
vertex 29.463 5.861 3.0
endloop
endfacet
facet normal 0.0 -0.0 1.0
outer loop
vertex 29.463 5.861 3.0
vertex 33.951 8.504 3.0
vertex 29.14 7.299 3.0
endloop
endfacet
facet normal 0.9756896104808593 0.2191569848298455 0.0
outer loop
vertex 29.463 5.861 3.0
vertex 29.14 7.299 3.0
vertex 29.463 5.861 52.0
endloop
endfacet
facet normal 0.9756896104808593 0.2191569848298455 -0.0
outer loop
vertex 29.463 5.861 52.0
vertex 29.14 7.299 3.0
vertex 29.14 7.299 52.0
endloop
endfacet
facet normal 0.6898800797693094 0.15495915560882276 0.7071443527530229
outer loop
vertex 29.463 5.861 52.0
vertex 29.14 7.299 52.0
vertex 28.482 5.665 53.0
endloop
endfacet
facet normal 0.6900787209882401 0.15478401218427695 0.7069888743193715
outer loop
vertex 28.482 5.665 53.0
vertex 29.14 7.299 52.0
vertex 28.17 7.056 53.0
endloop
endfacet
facet normal 0.0 0.0 1.0
outer loop
vertex 28.482 5.665 53.0
vertex 28.17 7.056 53.0
vertex 21.303 4.237 53.0
endloop
endfacet
facet normal 0.0 -0.0 0.9999999999999999
outer loop
vertex 21.303 4.237 53.0
vertex 28.17 7.056 53.0
vertex 21.069 5.278 53.0
endloop
endfacet
facet normal -0.9756548963731482 -0.21931147526543562 0.0
outer loop
vertex 21.303 4.237 53.0
vertex 21.069 5.278 53.0
vertex 21.303 4.237 1.0
endloop
endfacet
facet normal -0.9756548963731482 -0.21931147526543562 -0.0
outer loop
vertex 21.303 4.237 1.0
vertex 21.069 5.278 53.0
vertex 21.069 5.278 1.0
endloop
endfacet
facet normal -0.9731499203314922 -0.21874839707739763 -0.07161264786949097
outer loop
vertex 21.303 4.237 1.0
vertex 21.069 5.278 1.0
vertex 21.313 4.239 0.858
endloop
endfacet
facet normal -0.9731499203314911 -0.21874839707739394 -0.07161264786951665
outer loop
vertex 21.313 4.239 0.858
vertex 21.069 5.278 1.0
vertex 21.079 5.28 0.858
endloop
endfacet
facet normal -0.9545393032175189 -0.21456503069442617 -0.20692164269624705
outer loop
vertex 21.313 4.239 0.858
vertex 21.079 5.28 0.858
vertex 21.342 4.245 0.718
endloop
endfacet
facet normal -0.9542797776216082 -0.21430083297836341 -0.20838728129910736
outer loop
vertex 21.342 4.245 0.718
vertex 21.079 5.28 0.858
vertex 21.108 5.287 0.718
endloop
endfacet
facet normal -0.9132928667069117 -0.2050964787038539 -0.35189710718553907
outer loop
vertex 21.342 4.245 0.718
vertex 21.108 5.287 0.718
vertex 21.391 4.255 0.585
endloop
endfacet
facet normal -0.9123836983396839 -0.2044997944554447 -0.35459247182037196
outer loop
vertex 21.391 4.255 0.585
vertex 21.108 5.287 0.718
vertex 21.157 5.299 0.585
endloop
endfacet
facet normal -0.8580862028809141 -0.19232966616296196 -0.47612747026301516
outer loop
vertex 21.391 4.255 0.585
vertex 21.157 5.299 0.585
vertex 21.458 4.268 0.459
endloop
endfacet
facet normal -0.85835530356838 -0.19247471024672594 -0.4755834929341781
outer loop
vertex 21.458 4.268 0.459
vertex 21.157 5.299 0.585
vertex 21.223 5.316 0.459
endloop
endfacet
facet normal -0.7800096690756636 -0.17490674831372185 -0.6008265519622066
outer loop
vertex 21.458 4.268 0.459
vertex 21.223 5.316 0.459
vertex 21.542 4.285 0.345
endloop
endfacet
facet normal -0.7803230991997825 -0.1750534709231457 -0.6003766677453464
outer loop
vertex 21.542 4.285 0.345
vertex 21.223 5.316 0.459
vertex 21.306 5.337 0.345
endloop
endfacet
facet normal -0.6900370353367297 -0.1547991828321946 -0.7070262391581955
outer loop
vertex 21.542 4.285 0.345
vertex 21.306 5.337 0.345
vertex 21.641 4.305 0.244
endloop
endfacet
facet normal -0.6903643514359257 -0.1549397266006754 -0.7066758403874874
outer loop
vertex 21.641 4.305 0.244
vertex 21.306 5.337 0.345
vertex 21.404 5.361 0.244
endloop
endfacet
facet normal -0.5829128065968908 -0.13082418102600582 -0.8019337214285297
outer loop
vertex 21.641 4.305 0.244
vertex 21.404 5.361 0.244
vertex 21.753 4.327 0.159
endloop
endfacet
facet normal -0.5818468909065121 -0.1303950659470335 -0.8027772557310615
outer loop
vertex 21.753 4.327 0.159
vertex 21.404 5.361 0.244
vertex 21.515 5.389 0.159
endloop
endfacet
facet normal -0.4707824059520148 -0.10550490830186374 -0.8759181700194646
outer loop
vertex 21.753 4.327 0.159
vertex 21.515 5.389 0.159
vertex 21.876 4.351 0.09
endloop
endfacet
facet normal -0.47195358872747556 -0.10595777483123955 -0.8752329747216276
outer loop
vertex 21.876 4.351 0.09
vertex 21.515 5.389 0.159
vertex 21.636 5.42 0.09
endloop
endfacet
facet normal -0.336165320525151 -0.07547210189526372 -0.938774115062688
outer loop
vertex 21.876 4.351 0.09
vertex 21.636 5.42 0.09
vertex 22.007 4.377 0.041
endloop
endfacet
facet normal -0.33544050022856897 -0.0752010795861267 -0.9390550933973408
outer loop
vertex 22.007 4.377 0.041
vertex 21.636 5.42 0.09
vertex 21.766 5.452 0.041
endloop
endfacet
facet normal -0.21123333502492897 -0.04735556627070562 -0.9762878307740127
outer loop
vertex 22.007 4.377 0.041
vertex 21.766 5.452 0.041
vertex 22.144 4.405 0.01
endloop
endfacet
facet normal -0.21212702492460495 -0.047684428359554776 -0.9760780299692533
outer loop
vertex 22.144 4.405 0.01
vertex 21.766 5.452 0.041
vertex 21.901 5.486 0.01
endloop
endfacet
facet normal -0.06876112672603708 -0.015456941530459685 -0.9975134036241767
outer loop
vertex 22.144 4.405 0.01
vertex 21.901 5.486 0.01
vertex 22.283 4.432 0.0
endloop
endfacet
facet normal -0.06839867551762747 -0.015325323072820106 -0.9975403528981412
outer loop
vertex 22.283 4.432 0.0
vertex 21.901 5.486 0.01
vertex 22.039 5.521 0.0
endloop
endfacet
facet normal 0.0 0.0 -1.0
outer loop
vertex 22.039 5.521 0.0
vertex 21.742 6.595 0.0
vertex 33.951 8.504 0.0
endloop
endfacet
facet normal -0.0 0.0 -1.0
outer loop
vertex 33.951 8.504 0.0
vertex 21.742 6.595 0.0
vertex 33.493 10.16 0.0
endloop
endfacet
facet normal 0.9638174834783934 0.2665630479668493 0.0
outer loop
vertex 33.951 8.504 0.0
vertex 33.493 10.16 0.0
vertex 33.951 8.504 3.0
endloop
endfacet
facet normal 0.9638174834783934 0.2665630479668493 -0.0
outer loop
vertex 33.951 8.504 3.0
vertex 33.493 10.16 0.0
vertex 33.493 10.16 3.0
endloop
endfacet
facet normal 0.0 0.0 1.0
outer loop
vertex 33.951 8.504 3.0
vertex 33.493 10.16 3.0
vertex 29.14 7.299 3.0
endloop
endfacet
facet normal 0.0 -0.0 1.0
outer loop
vertex 29.14 7.299 3.0
vertex 33.493 10.16 3.0
vertex 28.746 8.72 3.0
endloop
endfacet
facet normal 0.9636441044307671 0.26718914647834197 0.0
outer loop
vertex 29.14 7.299 3.0
vertex 28.746 8.72 3.0
vertex 29.14 7.299 52.0
endloop
endfacet
facet normal 0.9636441044307671 0.26718914647834197 -0.0
outer loop
vertex 29.14 7.299 52.0
vertex 28.746 8.72 3.0
vertex 28.746 8.72 52.0
endloop
endfacet
facet normal 0.6815145343716053 0.1889632136118323 0.7069871592481316
outer loop
vertex 29.14 7.299 52.0
vertex 28.746 8.72 52.0
vertex 28.17 7.056 53.0
endloop
endfacet
facet normal 0.6819616128248301 0.1886065595876545 0.7066512041409573
outer loop
vertex 28.17 7.056 53.0
vertex 28.746 8.72 52.0
vertex 27.79 8.43 53.0
endloop
endfacet
facet normal 0.0 0.0 1.0
outer loop
vertex 28.17 7.056 53.0
vertex 27.79 8.43 53.0
vertex 21.069 5.278 53.0
endloop
endfacet
facet normal 0.0 -0.0 1.0
outer loop
vertex 21.069 5.278 53.0
vertex 27.79 8.43 53.0
vertex 20.785 6.305 53.0
endloop
endfacet
facet normal -0.9638265101561043 -0.2665304078717941 0.0
outer loop
vertex 21.069 5.278 53.0
vertex 20.785 6.305 53.0
vertex 21.069 5.278 1.0
endloop
endfacet
facet normal -0.9638265101561043 -0.2665304078717941 -0.0
outer loop
vertex 21.069 5.278 1.0
vertex 20.785 6.305 53.0
vertex 20.785 6.305 1.0
endloop
endfacet
facet normal -0.9613634214201455 -0.26584928109378797 -0.07144600546754018
outer loop
vertex 21.069 5.278 1.0
vertex 20.785 6.305 1.0
vertex 21.079 5.28 0.858
endloop
endfacet
facet normal -0.9615142953990887 -0.2665676791719266 -0.06657275842329533
outer loop
vertex 21.079 5.28 0.858
vertex 20.785 6.305 1.0
vertex 20.794 6.308 0.858
endloop
endfacet
facet normal -0.9425143366535272 -0.2613001808815715 -0.2083001216365937
outer loop
vertex 21.079 5.28 0.858
vertex 20.794 6.308 0.858
vertex 21.108 5.287 0.718
endloop
endfacet
facet normal -0.9407811618269564 -0.25939985432898494 -0.21827166816979077
outer loop
vertex 21.108 5.287 0.718
vertex 20.794 6.308 0.858
vertex 20.824 6.317 0.718
endloop
endfacet
facet normal -0.9014095288014183 -0.24854398658213767 -0.3545232687989086
outer loop
vertex 21.108 5.287 0.718
vertex 20.824 6.317 0.718
vertex 21.157 5.299 0.585
endloop
endfacet
facet normal -0.9041907230486734 -0.2505799872014746 -0.3459028857451555
outer loop
vertex 21.157 5.299 0.585
vertex 20.824 6.317 0.718
vertex 20.871 6.331 0.585
endloop
endfacet
facet normal -0.8476561640284166 -0.2349124640621398 -0.4757049104359592
outer loop
vertex 21.157 5.299 0.585
vertex 20.871 6.331 0.585
vertex 21.223 5.316 0.459
endloop
endfacet
facet normal -0.8455747240058112 -0.23365639716488906 -0.4800084105371696
outer loop
vertex 21.223 5.316 0.459
vertex 20.871 6.331 0.585
vertex 20.937 6.351 0.459
endloop
endfacet
facet normal -0.7707930818569513 -0.21299209798172597 -0.6004268408047777
outer loop
vertex 21.223 5.316 0.459
vertex 20.937 6.351 0.459
vertex 21.306 5.337 0.345
endloop
endfacet
facet normal -0.7734161134153767 -0.21438290727971948 -0.5965462970933173
outer loop
vertex 21.306 5.337 0.345
vertex 20.937 6.351 0.459
vertex 21.018 6.376 0.345
endloop
endfacet
facet normal -0.6819198658606321 -0.18902109852537258 -0.706580724940101
outer loop
vertex 21.306 5.337 0.345
vertex 21.018 6.376 0.345
vertex 21.404 5.361 0.244
endloop
endfacet
facet normal -0.6807325790064561 -0.18844034035715207 -0.7078795052869518
outer loop
vertex 21.404 5.361 0.244
vertex 21.018 6.376 0.345
vertex 21.115 6.405 0.244
endloop
endfacet
facet normal -0.5746334924863249 -0.1590699993568474 -0.802803266446756
outer loop
vertex 21.404 5.361 0.244
vertex 21.115 6.405 0.244
vertex 21.515 5.389 0.159
endloop
endfacet
facet normal -0.5764670627618546 -0.15991602980333647 -0.801319280288861
outer loop
vertex 21.515 5.389 0.159
vertex 21.115 6.405 0.244
vertex 21.224 6.438 0.159
endloop
endfacet
facet normal -0.4660094431131226 -0.12927430690745367 -0.8752847265335976
outer loop
vertex 21.515 5.389 0.159
vertex 21.224 6.438 0.159
vertex 21.636 5.42 0.09
endloop
endfacet
facet normal -0.46426635431942487 -0.12849836536613385 -0.876324667201136
outer loop
vertex 21.636 5.42 0.09
vertex 21.224 6.438 0.159
vertex 21.344 6.475 0.09
endloop
endfacet
facet normal -0.3313674216674207 -0.09171496410131395 -0.9390335442450288
outer loop
vertex 21.636 5.42 0.09
vertex 21.344 6.475 0.09
vertex 21.766 5.452 0.041
endloop
endfacet
facet normal -0.3320540023195343 -0.09201119385668433 -0.9387619931317238
outer loop
vertex 21.766 5.452 0.041
vertex 21.344 6.475 0.09
vertex 21.472 6.513 0.041
endloop
endfacet
facet normal -0.20951542150552133 -0.0580561111429054 -0.976080312325951
outer loop
vertex 21.766 5.452 0.041
vertex 21.472 6.513 0.041
vertex 21.901 5.486 0.01
endloop
endfacet
facet normal -0.20959547874598322 -0.0580901326861525 -0.9760611004305761
outer loop
vertex 21.901 5.486 0.01
vertex 21.472 6.513 0.041
vertex 21.605 6.554 0.01
endloop
endfacet
facet normal -0.06753815545904283 -0.018718440089772123 -0.997541085649005
outer loop
vertex 21.901 5.486 0.01
vertex 21.605 6.554 0.01
vertex 22.039 5.521 0.0
endloop
endfacet
facet normal -0.0672493189839136 -0.01859687871342866 -0.9975628728046758
outer loop
vertex 22.039 5.521 0.0
vertex 21.605 6.554 0.01
vertex 21.742 6.595 0.0
endloop
endfacet
facet normal 0.0 0.0 -0.9999999999999999
outer loop
vertex 21.742 6.595 0.0
vertex 21.392 7.654 0.0
vertex 33.493 10.16 0.0
endloop
endfacet
facet normal -0.0 0.0 -1.0
outer loop
vertex 33.493 10.16 0.0
vertex 21.392 7.654 0.0
vertex 32.954 11.791 0.0
endloop
endfacet
facet normal 0.94949516452424 0.3137816638127325 0.0
outer loop
vertex 33.493 10.16 0.0
vertex 32.954 11.791 0.0
vertex 33.493 10.16 3.0
endloop
endfacet
facet normal 0.94949516452424 0.3137816638127325 -0.0
outer loop
vertex 33.493 10.16 3.0
vertex 32.954 11.791 0.0
vertex 32.954 11.791 3.0
endloop
endfacet
facet normal 0.0 0.0 1.0
outer loop
vertex 33.493 10.16 3.0
vertex 32.954 11.791 3.0
vertex 28.746 8.72 3.0
endloop
endfacet
facet normal 0.0 -0.0 1.0
outer loop
vertex 28.746 8.72 3.0
vertex 32.954 11.791 3.0
vertex 28.284 10.12 3.0
endloop
endfacet
facet normal 0.9496286491027328 0.31337745420390195 0.0
outer loop
vertex 28.746 8.72 3.0
vertex 28.284 10.12 3.0
vertex 28.746 8.72 52.0
endloop
endfacet
facet normal 0.9496286491027328 0.31337745420390195 -0.0
outer loop
vertex 28.746 8.72 52.0
vertex 28.284 10.12 3.0
vertex 28.284 10.12 52.0
endloop
endfacet
facet normal 0.6719172525868845 0.221732693353672 0.7066553745456263
outer loop
vertex 28.746 8.72 52.0
vertex 28.284 10.12 52.0
vertex 27.79 8.43 53.0
endloop
endfacet
facet normal 0.6712042035287714 0.222246476852099 0.70717142242326
outer loop
vertex 27.79 8.43 53.0
vertex 28.284 10.12 52.0
vertex 27.342 9.783 53.0
endloop
endfacet
facet normal 0.0 0.0 1.0
outer loop
vertex 27.79 8.43 53.0
vertex 27.342 9.783 53.0
vertex 20.785 6.305 53.0
endloop
endfacet
facet normal 0.0 -0.0 0.9999999999999999
outer loop
vertex 20.785 6.305 53.0
vertex 27.342 9.783 53.0
vertex 20.45 7.317 53.0
endloop
endfacet
facet normal -0.9493379093534396 -0.3142571142622559 0.0
outer loop
vertex 20.785 6.305 53.0
vertex 20.45 7.317 53.0
vertex 20.785 6.305 1.0
endloop
endfacet
facet normal -0.9493379093534396 -0.3142571142622559 -0.0
outer loop
vertex 20.785 6.305 1.0
vertex 20.45 7.317 53.0
vertex 20.45 7.317 1.0
endloop
endfacet
facet normal -0.9472263469273907 -0.31355812867655786 -0.0666599401998351
outer loop
vertex 20.785 6.305 1.0
vertex 20.45 7.317 1.0
vertex 20.794 6.308 0.858
endloop
endfacet
facet normal -0.9469999037052337 -0.31223886262344297 -0.07548559498272851
outer loop
vertex 20.794 6.308 0.858
vertex 20.45 7.317 1.0
vertex 20.46 7.321 0.858
endloop
endfacet
facet normal -0.9268152177626935 -0.3055836947016183 -0.21824792703711804
outer loop
vertex 20.794 6.308 0.858
vertex 20.46 7.321 0.858
vertex 20.824 6.317 0.718
endloop
endfacet
facet normal -0.928545639109861 -0.30768376207190834 -0.20768653939852985
outer loop
vertex 20.824 6.317 0.718
vertex 20.46 7.321 0.858
vertex 20.488 7.331 0.718
endloop
endfacet
facet normal -0.8906769045922722 -0.29513554235010375 -0.3458173842762082
outer loop
vertex 20.824 6.317 0.718
vertex 20.488 7.331 0.718
vertex 20.871 6.331 0.585
endloop
endfacet
facet normal -0.8888756039749285 -0.29366981606251213 -0.3516506786457497
outer loop
vertex 20.871 6.331 0.585
vertex 20.488 7.331 0.718
vertex 20.535 7.348 0.585
endloop
endfacet
facet normal -0.8329808781410901 -0.27520312198171604 -0.480006352356732
outer loop
vertex 20.871 6.331 0.585
vertex 20.535 7.348 0.585
vertex 20.937 6.351 0.459
endloop
endfacet
facet normal -0.8330020854341114 -0.2752173556777404 -0.47996138677624217
outer loop
vertex 20.937 6.351 0.459
vertex 20.535 7.348 0.585
vertex 20.6 7.371 0.459
endloop
endfacet
facet normal -0.7620017379897289 -0.2517593977475866 -0.596632681761907
outer loop
vertex 20.937 6.351 0.459
vertex 20.6 7.371 0.459
vertex 21.018 6.376 0.345
endloop
endfacet
facet normal -0.7610980357357053 -0.25122181257682535 -0.5980111879261668
outer loop
vertex 21.018 6.376 0.345
vertex 20.6 7.371 0.459
vertex 20.68 7.4 0.345
endloop
endfacet
facet normal -0.6708030253810929 -0.22141740486211922 -0.7078118633957028
outer loop
vertex 21.018 6.376 0.345
vertex 20.68 7.4 0.345
vertex 21.115 6.405 0.244
endloop
endfacet
facet normal -0.6718358962116242 -0.22198659350043942 -0.7066530130605787
outer loop
vertex 21.115 6.405 0.244
vertex 20.68 7.4 0.345
vertex 20.775 7.434 0.244
endloop
endfacet
facet normal -0.5680478778362024 -0.18769317635015428 -0.8013069823964949
outer loop
vertex 21.115 6.405 0.244
vertex 20.775 7.434 0.244
vertex 21.224 6.438 0.159
endloop
endfacet
facet normal -0.5661795747364715 -0.18671879592373045 -0.8028553919604828
outer loop
vertex 21.224 6.438 0.159
vertex 20.775 7.434 0.244
vertex 20.883 7.472 0.159
endloop
endfacet
facet normal -0.45740315079601174 -0.15084571994336599 -0.8763720251221216
outer loop
vertex 21.224 6.438 0.159
vertex 20.883 7.472 0.159
vertex 21.344 6.475 0.09
endloop
endfacet
facet normal -0.45828907415959613 -0.1512927357427732 -0.8758319659714455
outer loop
vertex 21.344 6.475 0.09
vertex 20.883 7.472 0.159
vertex 21.001 7.514 0.09
endloop
endfacet
facet normal -0.3272818419520161 -0.1080439574490293 -0.9387295133249236
outer loop
vertex 21.344 6.475 0.09
vertex 21.001 7.514 0.09
vertex 21.472 6.513 0.041
endloop
endfacet
facet normal -0.3266758325078355 -0.10774680900115106 -0.9389747204293531
outer loop
vertex 21.472 6.513 0.041
vertex 21.001 7.514 0.09
vertex 21.127 7.559 0.041
endloop
endfacet
facet normal -0.20650832602112348 -0.06811221078134616 -0.9760712258982082
outer loop
vertex 21.472 6.513 0.041
vertex 21.127 7.559 0.041
vertex 21.605 6.554 0.01
endloop
endfacet
facet normal -0.20653525100847978 -0.06812522062732204 -0.976064621019194
outer loop
vertex 21.605 6.554 0.01
vertex 21.127 7.559 0.041
vertex 21.258 7.606 0.01
endloop
endfacet
facet normal -0.06627272894548648 -0.021859921049509415 -0.9975620628561549
outer loop
vertex 21.605 6.554 0.01
vertex 21.258 7.606 0.01
vertex 21.742 6.595 0.0
endloop
endfacet
facet normal -0.06656298556509012 -0.021999098156545452 -0.9975396777236283
outer loop
vertex 21.742 6.595 0.0
vertex 21.258 7.606 0.01
vertex 21.392 7.654 0.0
endloop
endfacet
facet normal 0.0 0.0 -1.0
outer loop
vertex 21.392 7.654 0.0
vertex 20.991 8.695 0.0
vertex 32.954 11.791 0.0
endloop
endfacet
facet normal -0.0 0.0 -1.0
outer loop
vertex 32.954 11.791 0.0
vertex 20.991 8.695 0.0
vertex 32.336 13.394 0.0
endloop
endfacet
facet normal 0.9330602770744716 0.3597200569133035 0.0
outer loop
vertex 32.954 11.791 0.0
vertex 32.336 13.394 0.0
vertex 32.954 11.791 3.0
endloop
endfacet
facet normal 0.9330602770744716 0.3597200569133035 -0.0
outer loop
vertex 32.954 11.791 3.0
vertex 32.336 13.394 0.0
vertex 32.336 13.394 3.0
endloop
endfacet
facet normal 0.0 0.0 1.0
outer loop
vertex 32.954 11.791 3.0
vertex 32.336 13.394 3.0
vertex 28.284 10.12 3.0
endloop
endfacet
facet normal 0.0 -0.0 0.9999999999999999
outer loop
vertex 28.284 10.12 3.0
vertex 32.336 13.394 3.0
vertex 27.753 11.496 3.0
endloop
endfacet
facet normal 0.9329431074995648 0.3600238300016477 0.0
outer loop
vertex 28.284 10.12 3.0
vertex 27.753 11.496 3.0
vertex 28.284 10.12 52.0
endloop
endfacet
facet normal 0.9329431074995648 0.3600238300016477 -0.0
outer loop
vertex 28.284 10.12 52.0
vertex 27.753 11.496 3.0
vertex 27.753 11.496 52.0
endloop
endfacet
facet normal 0.6596374802011241 0.2545548706299388 0.7071634977517484
outer loop
vertex 28.284 10.12 52.0
vertex 27.753 11.496 52.0
vertex 27.342 9.783 53.0
endloop
endfacet
facet normal 0.6597566934658271 0.2544775817653895 0.7070800985785684
outer loop
vertex 27.342 9.783 53.0
vertex 27.753 11.496 52.0
vertex 26.829 11.113 53.0
endloop
endfacet
facet normal 0.0 0.0 1.0
outer loop
vertex 27.342 9.783 53.0
vertex 26.829 11.113 53.0
vertex 20.45 7.317 53.0
endloop
endfacet
facet normal 0.0 -0.0 1.0
outer loop
vertex 20.45 7.317 53.0
vertex 26.829 11.113 53.0
vertex 20.067 8.312 53.0
endloop
endfacet
facet normal -0.933248877645648 -0.3592304725007866 0.0
outer loop
vertex 20.45 7.317 53.0
vertex 20.067 8.312 53.0
vertex 20.45 7.317 1.0
endloop
endfacet
facet normal -0.933248877645648 -0.3592304725007866 -0.0
outer loop
vertex 20.45 7.317 1.0
vertex 20.067 8.312 53.0
vertex 20.067 8.312 1.0
endloop
endfacet
facet normal -0.9305764491549591 -0.35820178897120475 -0.07562374399602612
outer loop
vertex 20.45 7.317 1.0
vertex 20.067 8.312 1.0
vertex 20.46 7.321 0.858
endloop
endfacet
facet normal -0.930703824195093 -0.3591861994883575 -0.06910619165993002
outer loop
vertex 20.46 7.321 0.858
vertex 20.067 8.312 1.0
vertex 20.076 8.316 0.858
endloop
endfacet
facet normal -0.9125940895982706 -0.3521971159856642 -0.20767575477576627
outer loop
vertex 20.46 7.321 0.858
vertex 20.076 8.316 0.858
vertex 20.488 7.331 0.718
endloop
endfacet
facet normal -0.9122335595077057 -0.3517045048704412 -0.21008063728420817
outer loop
vertex 20.488 7.331 0.718
vertex 20.076 8.316 0.858
vertex 20.104 8.327 0.718
endloop
endfacet
facet normal -0.8734439009052436 -0.3367494557706968 -0.351703790155253
outer loop
vertex 20.488 7.331 0.718
vertex 20.104 8.327 0.718
vertex 20.535 7.348 0.585
endloop
endfacet
facet normal -0.8738372971476517 -0.337101562526901 -0.35038680719400445
outer loop
vertex 20.535 7.348 0.585
vertex 20.104 8.327 0.718
vertex 20.15 8.346 0.585
endloop
endfacet
facet normal -0.8185297254748791 -0.31576547525834636 -0.47989712767309806
outer loop
vertex 20.535 7.348 0.585
vertex 20.15 8.346 0.585
vertex 20.6 7.371 0.459
endloop
endfacet
facet normal -0.8195662828097189 -0.3165390733007604 -0.47761294282646477
outer loop
vertex 20.6 7.371 0.459
vertex 20.15 8.346 0.585
vertex 20.213 8.373 0.459
endloop
endfacet
facet normal -0.7476063265902189 -0.2887461560782588 -0.5980889881884711
outer loop
vertex 20.6 7.371 0.459
vertex 20.213 8.373 0.459
vertex 20.68 7.4 0.345
endloop
endfacet
facet normal -0.7471812983711139 -0.2884640236497424 -0.5987558888430721
outer loop
vertex 20.68 7.4 0.345
vertex 20.213 8.373 0.459
vertex 20.292 8.405 0.345
endloop
endfacet
facet normal -0.6600775932032158 -0.25483592653019577 -0.7066514144191225
outer loop
vertex 20.68 7.4 0.345
vertex 20.292 8.405 0.345
vertex 20.775 7.434 0.244
endloop
endfacet
facet normal -0.6574575787930899 -0.25321881005001123 -0.7096687722623735
outer loop
vertex 20.775 7.434 0.244
vertex 20.292 8.405 0.345
vertex 20.386 8.444 0.244
endloop
endfacet
facet normal -0.5564208081420337 -0.2143046478883669 -0.8027885164599761
outer loop
vertex 20.775 7.434 0.244
vertex 20.386 8.444 0.244
vertex 20.883 7.472 0.159
endloop
endfacet
facet normal -0.5583078856071053 -0.21541012909250506 -0.8011808666919559
outer loop
vertex 20.883 7.472 0.159
vertex 20.386 8.444 0.244
vertex 20.491 8.488 0.159
endloop
endfacet
facet normal -0.4502918766252807 -0.17373466106014757 -0.8758159015407282
outer loop
vertex 20.883 7.472 0.159
vertex 20.491 8.488 0.159
vertex 21.001 7.514 0.09
endloop
endfacet
facet normal -0.449531264474596 -0.17330265968981584 -0.8762920919444078
outer loop
vertex 21.001 7.514 0.09
vertex 20.491 8.488 0.159
vertex 20.607 8.536 0.09
endloop
endfacet
facet normal -0.3209642645978079 -0.12373769104847065 -0.938973335438862
outer loop
vertex 21.001 7.514 0.09
vertex 20.607 8.536 0.09
vertex 21.127 7.559 0.041
endloop
endfacet
facet normal -0.32224919939250746 -0.12444837758640566 -0.9384391588201121
outer loop
vertex 21.127 7.559 0.041
vertex 20.607 8.536 0.09
vertex 20.73 8.587 0.041
endloop
endfacet
facet normal -0.2028689878475824 -0.0783453192368579 -0.976066690715021
outer loop
vertex 21.127 7.559 0.041
vertex 20.73 8.587 0.041
vertex 21.258 7.606 0.01
endloop
endfacet
facet normal -0.20248082797280312 -0.07813331756397278 -0.976164278689758
outer loop
vertex 21.258 7.606 0.01
vertex 20.73 8.587 0.041
vertex 20.859 8.64 0.01
endloop
endfacet
facet normal -0.06540290185251235 -0.02523767682703311 -0.9975397335934267
outer loop
vertex 21.258 7.606 0.01
vertex 20.859 8.64 0.01
vertex 21.392 7.654 0.0
endloop
endfacet
facet normal -0.06512081395777977 -0.025084962917454053 -0.997562040288676
outer loop
vertex 21.392 7.654 0.0
vertex 20.859 8.64 0.01
vertex 20.991 8.695 0.0
endloop
endfacet
facet normal 0.0 0.0 -1.0
outer loop
vertex 20.991 8.695 0.0
vertex 20.539 9.714 0.0
vertex 32.336 13.394 0.0
endloop
endfacet
facet normal -0.0 0.0 -1.0
outer loop
vertex 32.336 13.394 0.0
vertex 20.539 9.714 0.0
vertex 31.64 14.964 0.0
endloop
endfacet
facet normal 0.9141953311144401 0.4052738537934065 0.0
outer loop
vertex 32.336 13.394 0.0
vertex 31.64 14.964 0.0
vertex 32.336 13.394 3.0
endloop
endfacet
facet normal 0.9141953311144401 0.4052738537934065 -0.0
outer loop
vertex 32.336 13.394 3.0
vertex 31.64 14.964 0.0
vertex 31.64 14.964 3.0
endloop
endfacet
facet normal 0.0 0.0 1.0
outer loop
vertex 32.336 13.394 3.0
vertex 31.64 14.964 3.0
vertex 27.753 11.496 3.0
endloop
endfacet
facet normal 0.0 -0.0 1.0
outer loop
vertex 27.753 11.496 3.0
vertex 31.64 14.964 3.0
vertex 27.156 12.844 3.0
endloop
endfacet
facet normal 0.91434221422311 0.4049423604534112 0.0
outer loop
vertex 27.753 11.496 3.0
vertex 27.156 12.844 3.0
vertex 27.753 11.496 52.0
endloop
endfacet
facet normal 0.91434221422311 0.4049423604534112 -0.0
outer loop
vertex 27.753 11.496 52.0
vertex 27.156 12.844 3.0
vertex 27.156 12.844 52.0
endloop
endfacet
facet normal 0.646555318005457 0.2863453448436639 0.7070873809121654
outer loop
vertex 27.753 11.496 52.0
vertex 27.156 12.844 52.0
vertex 26.829 11.113 53.0
endloop
endfacet
facet normal 0.6465894673301614 0.28632549704489946 0.7070641912016826
outer loop
vertex 26.829 11.113 53.0
vertex 27.156 12.844 52.0
vertex 26.252 12.416 53.0
endloop
endfacet
facet normal 0.0 0.0 0.9999999999999999
outer loop
vertex 26.829 11.113 53.0
vertex 26.252 12.416 53.0
vertex 20.067 8.312 53.0
endloop
endfacet
facet normal 0.0 -0.0 0.9999999999999999
outer loop
vertex 20.067 8.312 53.0
vertex 26.252 12.416 53.0
vertex 19.635 9.286 53.0
endloop
endfacet
facet normal -0.9141208987483042 -0.40544171279185426 0.0
outer loop
vertex 20.067 8.312 53.0
vertex 19.635 9.286 53.0
vertex 20.067 8.312 1.0
endloop
endfacet
facet normal -0.9141208987483042 -0.40544171279185426 -0.0
outer loop
vertex 20.067 8.312 1.0
vertex 19.635 9.286 53.0
vertex 19.635 9.286 1.0
endloop
endfacet
facet normal -0.9119300873949175 -0.40447001822854517 -0.0691919074610516
outer loop
vertex 20.067 8.312 1.0
vertex 19.635 9.286 1.0
vertex 20.076 8.316 0.858
endloop
endfacet
facet normal -0.9119005563387724 -0.4040420926547198 -0.07202334838253477
outer loop
vertex 20.076 8.316 0.858
vertex 19.635 9.286 1.0
vertex 19.644 9.291 0.858
endloop
endfacet
facet normal -0.8939073053598917 -0.3960696983748465 -0.20990122308713438
outer loop
vertex 20.076 8.316 0.858
vertex 19.644 9.291 0.858
vertex 20.104 8.327 0.718
endloop
endfacet
facet normal -0.8940047850059374 -0.3962170643885062 -0.2092067930872269
outer loop
vertex 20.104 8.327 0.718
vertex 19.644 9.291 0.858
vertex 19.671 9.304 0.718
endloop
endfacet
facet normal -0.8562826828652421 -0.3794988758246157 -0.35037204550728085
outer loop
vertex 20.104 8.327 0.718
vertex 19.671 9.304 0.718
vertex 20.15 8.346 0.585
endloop
endfacet
facet normal -0.8564649709550376 -0.3796790576041721 -0.3497307060350781
outer loop
vertex 20.15 8.346 0.585
vertex 19.671 9.304 0.718
vertex 19.716 9.325 0.585
endloop
endfacet
facet normal -0.8030788711024118 -0.3560124923988202 -0.4778278267795377
outer loop
vertex 20.15 8.346 0.585
vertex 19.716 9.325 0.585
vertex 20.213 8.373 0.459
endloop
endfacet
facet normal -0.8033213501992921 -0.35621283112812835 -0.47727060170690394
outer loop
vertex 20.213 8.373 0.459
vertex 19.716 9.325 0.585
vertex 19.778 9.354 0.459
endloop
endfacet
facet normal -0.7322805641573641 -0.32471156514623356 -0.5986046899395758
outer loop
vertex 20.213 8.373 0.459
vertex 19.778 9.354 0.459
vertex 20.292 8.405 0.345
endloop
endfacet
facet normal -0.7317304347301473 -0.32430649084896046 -0.5994963476810033
outer loop
vertex 20.292 8.405 0.345
vertex 19.778 9.354 0.459
vertex 19.855 9.391 0.345
endloop
endfacet
facet normal -0.64409470649872 -0.285465909472557 -0.709683889904043
outer loop
vertex 20.292 8.405 0.345
vertex 19.855 9.391 0.345
vertex 20.386 8.444 0.244
endloop
endfacet
facet normal -0.6447012345333306 -0.2858826686465986 -0.7089650329591006
outer loop
vertex 20.386 8.444 0.244
vertex 19.855 9.391 0.345
vertex 19.947 9.434 0.244
endloop
endfacet
facet normal -0.5469807841274975 -0.24255006488077963 -0.8012374728016641
outer loop
vertex 20.386 8.444 0.244
vertex 19.947 9.434 0.244
vertex 20.491 8.488 0.159
endloop
endfacet
facet normal -0.5464147015755637 -0.24217978230635456 -0.8017355717093598
outer loop
vertex 20.491 8.488 0.159
vertex 19.947 9.434 0.244
vertex 20.05 9.483 0.159
endloop
endfacet
facet normal -0.4404608686539848 -0.19521933977528305 -0.8762896967112415
outer loop
vertex 20.491 8.488 0.159
vertex 20.05 9.483 0.159
vertex 20.607 8.536 0.09
endloop
endfacet
facet normal -0.44226633608724764 -0.1963662532227375 -0.875123295632807
outer loop
vertex 20.607 8.536 0.09
vertex 20.05 9.483 0.159
vertex 20.163 9.536 0.09
endloop
endfacet
facet normal -0.31572519990299097 -0.1401819887569277 -0.9384383880545217
outer loop
vertex 20.607 8.536 0.09
vertex 20.163 9.536 0.09
vertex 20.73 8.587 0.041
endloop
endfacet
facet normal -0.3137584934428137 -0.1389635432725873 -0.939278841150818
outer loop
vertex 20.73 8.587 0.041
vertex 20.163 9.536 0.09
vertex 20.284 9.594 0.041
endloop
endfacet
facet normal -0.1984663786552131 -0.08790069998036283 -0.9761580627574858
outer loop
vertex 20.73 8.587 0.041
vertex 20.284 9.594 0.041
vertex 20.859 8.64 0.01
endloop
endfacet
facet normal -0.19886617370379311 -0.08814502664659765 -0.9760546599621783
outer loop
vertex 20.859 8.64 0.01
vertex 20.284 9.594 0.041
vertex 20.41 9.653 0.01
endloop
endfacet
facet normal -0.06379171376159304 -0.028274905704793074 -0.9975626030293757
outer loop
vertex 20.859 8.64 0.01
vertex 20.41 9.653 0.01
vertex 20.991 8.695 0.0
endloop
endfacet
facet normal -0.06392191772583054 -0.02835398116984817 -0.9975520237992963
outer loop
vertex 20.991 8.695 0.0
vertex 20.41 9.653 0.01
vertex 20.539 9.714 0.0
endloop
endfacet
facet normal 0.0 0.0 -1.0
outer loop
vertex 20.539 9.714 0.0
vertex 20.037 10.71 0.0
vertex 31.64 14.964 0.0
endloop
endfacet
facet normal -0.0 0.0 -1.0
outer loop
vertex 31.64 14.964 0.0
vertex 20.037 10.71 0.0
vertex 30.867 16.499 0.0
endloop
endfacet
facet normal 0.8931434516822083 0.4497719141044609 0.0
outer loop
vertex 31.64 14.964 0.0
vertex 30.867 16.499 0.0
vertex 31.64 14.964 3.0
endloop
endfacet
facet normal 0.8931434516822083 0.4497719141044609 -0.0
outer loop
vertex 31.64 14.964 3.0
vertex 30.867 16.499 0.0
vertex 30.867 16.499 3.0
endloop
endfacet
facet normal 0.0 0.0 0.9999999999999999
outer loop
vertex 31.64 14.964 3.0
vertex 30.867 16.499 3.0
vertex 27.156 12.844 3.0
endloop
endfacet
facet normal 0.0 -0.0 1.0
outer loop
vertex 27.156 12.844 3.0
vertex 30.867 16.499 3.0
vertex 26.493 14.161 3.0
endloop
endfacet
facet normal 0.8932030798833204 0.44965348668385835 0.0
outer loop
vertex 27.156 12.844 3.0
vertex 26.493 14.161 3.0
vertex 27.156 12.844 52.0
endloop
endfacet
facet normal 0.8932030798833204 0.44965348668385835 -0.0
outer loop
vertex 27.156 12.844 52.0
vertex 26.493 14.161 3.0
vertex 26.493 14.161 52.0
endloop
endfacet
facet normal 0.6316192370517283 0.3179677708164738 0.7070739962042129
outer loop
vertex 27.156 12.844 52.0
vertex 26.493 14.161 52.0
vertex 26.252 12.416 53.0
endloop
endfacet
facet normal 0.6315461285981254 0.3180055525776884 0.7071223062402141
outer loop
vertex 26.252 12.416 53.0
vertex 26.493 14.161 52.0
vertex 25.611 13.689 53.0
endloop
endfacet
facet normal 0.0 0.0 1.0
outer loop
vertex 26.252 12.416 53.0
vertex 25.611 13.689 53.0
vertex 19.635 9.286 53.0
endloop
endfacet
facet normal 0.0 -0.0 1.0
outer loop
vertex 19.635 9.286 53.0
vertex 25.611 13.689 53.0
vertex 19.155 10.239 53.0
endloop
endfacet
facet normal -0.8931113209988969 -0.44983571257027316 0.0
outer loop
vertex 19.635 9.286 53.0
vertex 19.155 10.239 53.0
vertex 19.635 9.286 1.0
endloop
endfacet
facet normal -0.8931113209988969 -0.44983571257027316 -0.0
outer loop
vertex 19.635 9.286 1.0
vertex 19.155 10.239 53.0
vertex 19.155 10.239 1.0
endloop
endfacet
facet normal -0.890776861981625 -0.4486599094975655 -0.07225557257267544
outer loop
vertex 19.635 9.286 1.0
vertex 19.155 10.239 1.0
vertex 19.644 9.291 0.858
endloop
endfacet
facet normal -0.890776861981625 -0.44865990949756296 -0.07225557257269223
outer loop
vertex 19.644 9.291 0.858
vertex 19.155 10.239 1.0
vertex 19.164 10.244 0.858
endloop
endfacet
facet normal -0.8733351082892178 -0.4398749758434649 -0.20927444721267685
outer loop
vertex 19.644 9.291 0.858
vertex 19.164 10.244 0.858
vertex 19.671 9.304 0.718
endloop
endfacet
facet normal -0.8729424055045547 -0.4392163046563807 -0.21227480867007004
outer loop
vertex 19.671 9.304 0.718
vertex 19.164 10.244 0.858
vertex 19.191 10.258 0.718
endloop
endfacet
facet normal -0.8369144968376994 -0.42108905501267985 -0.3496543046087504
outer loop
vertex 19.671 9.304 0.718
vertex 19.191 10.258 0.718
vertex 19.716 9.325 0.585
endloop
endfacet
facet normal -0.8369051341726865 -0.42107883842789023 -0.3496890164469225
outer loop
vertex 19.716 9.325 0.585
vertex 19.191 10.258 0.718
vertex 19.235 10.281 0.585
endloop
endfacet
facet normal -0.7850328883794903 -0.3949799365172967 -0.47719410506768356
outer loop
vertex 19.716 9.325 0.585
vertex 19.235 10.281 0.585
vertex 19.778 9.354 0.459
endloop
endfacet
facet normal -0.7850077801130165 -0.39495703936935866 -0.47725435798390026
outer loop
vertex 19.778 9.354 0.459
vertex 19.235 10.281 0.585
vertex 19.295 10.314 0.459
endloop
endfacet
facet normal -0.7149044586701973 -0.35968630576844046 -0.5996143564126232
outer loop
vertex 19.778 9.354 0.459
vertex 19.295 10.314 0.459
vertex 19.855 9.391 0.345
endloop
endfacet
facet normal -0.7136889705288809 -0.3586972603696572 -0.6016513348682345
outer loop
vertex 19.855 9.391 0.345
vertex 19.295 10.314 0.459
vertex 19.371 10.354 0.345
endloop
endfacet
facet normal -0.6301996770796771 -0.3167358709310126 -0.7088912152610186
outer loop
vertex 19.855 9.391 0.345
vertex 19.371 10.354 0.345
vertex 19.947 9.434 0.244
endloop
endfacet
facet normal -0.6326992051349548 -0.31863962037303184 -0.7058048654905452
outer loop
vertex 19.947 9.434 0.244
vertex 19.371 10.354 0.345
vertex 19.46 10.401 0.244
endloop
endfacet
facet normal -0.5337683899881145 -0.2688161384945303 -0.801766293588341
outer loop
vertex 19.947 9.434 0.244
vertex 19.46 10.401 0.244
vertex 20.05 9.483 0.159
endloop
endfacet
facet normal -0.5349552910441842 -0.2696791076251558 -0.8006847166608914
outer loop
vertex 20.05 9.483 0.159
vertex 19.46 10.401 0.244
vertex 19.56 10.455 0.159
endloop
endfacet
facet normal -0.43216194061854396 -0.21785941450934926 -0.8750847573752256
outer loop
vertex 20.05 9.483 0.159
vertex 19.56 10.455 0.159
vertex 20.163 9.536 0.09
endloop
endfacet
facet normal -0.4299333494142287 -0.21628548866237315 -0.8765716755950657
outer loop
vertex 20.163 9.536 0.09
vertex 19.56 10.455 0.159
vertex 19.671 10.514 0.09
endloop
endfacet
facet normal -0.3064772874494484 -0.1541787581034038 -0.9393085663546992
outer loop
vertex 20.163 9.536 0.09
vertex 19.671 10.514 0.09
vertex 20.284 9.594 0.041
endloop
endfacet
facet normal -0.3072888603400541 -0.15473854106645565 -0.9389512981084457
outer loop
vertex 20.284 9.594 0.041
vertex 19.671 10.514 0.09
vertex 19.789 10.577 0.041
endloop
endfacet
facet normal -0.19431894969133062 -0.09785135309990653 -0.9760457256129835
outer loop
vertex 20.284 9.594 0.041
vertex 19.789 10.577 0.041
vertex 20.41 9.653 0.01
endloop
endfacet
facet normal -0.19374012046756237 -0.0974571515079255 -0.9762002199042855
outer loop
vertex 20.41 9.653 0.01
vertex 19.789 10.577 0.041
vertex 19.912 10.643 0.01
endloop
endfacet
facet normal -0.062470047443687754 -0.03142432689591572 -0.9975520060886661
outer loop
vertex 20.41 9.653 0.01
vertex 19.912 10.643 0.01
vertex 20.539 9.714 0.0
endloop
endfacet
facet normal -0.06282847130478393 -0.03166655883032296 -0.9975218354729634
outer loop
vertex 20.539 9.714 0.0
vertex 19.912 10.643 0.01
vertex 20.037 10.71 0.0
endloop
endfacet
facet normal 0.0 0.0 -1.0
outer loop
vertex 20.037 10.71 0.0
vertex 19.488 11.68 0.0
vertex 30.867 16.499 0.0
endloop
endfacet
facet normal -0.0 0.0 -1.0
outer loop
vertex 30.867 16.499 0.0
vertex 19.488 11.68 0.0
vertex 30.021 17.994 0.0
endloop
endfacet
facet normal 0.8703133534670595 0.4924983926643023 0.0
outer loop
vertex 30.867 16.499 0.0
vertex 30.021 17.994 0.0
vertex 30.867 16.499 3.0
endloop
endfacet
facet normal 0.8703133534670595 0.4924983926643023 -0.0
outer loop
vertex 30.867 16.499 3.0
vertex 30.021 17.994 0.0
vertex 30.021 17.994 3.0
endloop
endfacet
facet normal 0.0 0.0 1.0
outer loop
vertex 30.867 16.499 3.0
vertex 30.021 17.994 3.0
vertex 26.493 14.161 3.0
endloop
endfacet
facet normal 0.0 -0.0 1.0
outer loop
vertex 26.493 14.161 3.0
vertex 30.021 17.994 3.0
vertex 25.766 15.444 3.0
endloop
endfacet
facet normal 0.8700318813001833 0.4929954619682252 0.0
outer loop
vertex 26.493 14.161 3.0
vertex 25.766 15.444 3.0
vertex 26.493 14.161 52.0
endloop
endfacet
facet normal 0.8700318813001833 0.4929954619682252 -0.0
outer loop
vertex 26.493 14.161 52.0
vertex 25.766 15.444 3.0
vertex 25.766 15.444 52.0
endloop
endfacet
facet normal 0.6151863790079412 0.3485896317527459 0.7071286924722987
outer loop
vertex 26.493 14.161 52.0
vertex 25.766 15.444 52.0
vertex 25.611 13.689 53.0
endloop
endfacet
facet normal 0.615283871313927 0.34854517448323163 0.7070657812717289
outer loop
vertex 25.611 13.689 53.0
vertex 25.766 15.444 52.0
vertex 24.908 14.93 53.0
endloop
endfacet
facet normal 0.0 0.0 0.9999999999999999
outer loop
vertex 25.611 13.689 53.0
vertex 24.908 14.93 53.0
vertex 19.155 10.239 53.0
endloop
endfacet
facet normal 0.0 -0.0 0.9999999999999999
outer loop
vertex 19.155 10.239 53.0
vertex 24.908 14.93 53.0
vertex 18.63 11.166 53.0
endloop
endfacet
facet normal -0.8701429468074582 -0.4927994035317342 0.0
outer loop
vertex 19.155 10.239 53.0
vertex 18.63 11.166 53.0
vertex 19.155 10.239 1.0
endloop
endfacet
facet normal -0.8701429468074582 -0.4927994035317342 -0.0
outer loop
vertex 19.155 10.239 1.0
vertex 18.63 11.166 53.0
vertex 18.63 11.166 1.0
endloop
endfacet
facet normal -0.867864953256448 -0.4915092777342365 -0.07231218991534528
outer loop
vertex 19.155 10.239 1.0
vertex 18.63 11.166 1.0
vertex 19.164 10.244 0.858
endloop
endfacet
facet normal -0.8678698072847234 -0.49098238019879453 -0.07575156723067385
outer loop
vertex 19.164 10.244 0.858
vertex 18.63 11.166 1.0
vertex 18.639 11.172 0.858
endloop
endfacet
facet normal -0.8505575462718762 -0.4811882670180349 -0.21215492491136176
outer loop
vertex 19.164 10.244 0.858
vertex 18.639 11.172 0.858
vertex 19.191 10.258 0.718
endloop
endfacet
facet normal -0.8508604501097254 -0.48175737002983343 -0.20963380180928293
outer loop
vertex 19.191 10.258 0.718
vertex 18.639 11.172 0.858
vertex 18.665 11.187 0.718
endloop
endfacet
facet normal -0.8153011757061285 -0.4616237012071295 -0.34955335984086217
outer loop
vertex 19.191 10.258 0.718
vertex 18.665 11.187 0.718
vertex 19.235 10.281 0.585
endloop
endfacet
facet normal -0.8157127737197916 -0.4621205413348171 -0.3479328614356218
outer loop
vertex 19.235 10.281 0.585
vertex 18.665 11.187 0.718
vertex 18.707 11.213 0.585
endloop
endfacet
facet normal -0.7644886126578456 -0.43310084493920825 -0.47747337017830255
outer loop
vertex 19.235 10.281 0.585
vertex 18.707 11.213 0.585
vertex 19.295 10.314 0.459
endloop
endfacet
facet normal -0.7642409332443376 -0.4328516634756505 -0.4780954228814434
outer loop
vertex 19.295 10.314 0.459
vertex 18.707 11.213 0.585
vertex 18.766 11.248 0.459
endloop
endfacet
facet normal -0.695098518300555 -0.39369070254924654 -0.6015361008141189
outer loop
vertex 19.295 10.314 0.459
vertex 18.766 11.248 0.459
vertex 19.371 10.354 0.345
endloop
endfacet
facet normal -0.6967335756050865 -0.3951623264625861 -0.5986727489782943
outer loop
vertex 19.371 10.354 0.345
vertex 18.766 11.248 0.459
vertex 18.839 11.292 0.345
endloop
endfacet
facet normal -0.6162790228550113 -0.34953138609687184 -0.7057109720856494
outer loop
vertex 19.371 10.354 0.345
vertex 18.839 11.292 0.345
vertex 19.46 10.401 0.244
endloop
endfacet
facet normal -0.6143032317040693 -0.34786630512192424 -0.7082517725207307
outer loop
vertex 19.46 10.401 0.244
vertex 18.839 11.292 0.345
vertex 18.926 11.344 0.244
endloop
endfacet
facet normal -0.5212397604798509 -0.2951665239620804 -0.8007408040227812
outer loop
vertex 19.46 10.401 0.244
vertex 18.926 11.344 0.244
vertex 19.56 10.455 0.159
endloop
endfacet
facet normal -0.5206257014080937 -0.2946730474706835 -0.8013218293093423
outer loop
vertex 19.56 10.455 0.159
vertex 18.926 11.344 0.244
vertex 19.024 11.402 0.159
endloop
endfacet
facet normal -0.4188686119781146 -0.2370787497574115 -0.876551625583451
outer loop
vertex 19.56 10.455 0.159
vertex 19.024 11.402 0.159
vertex 19.671 10.514 0.09
endloop
endfacet
facet normal -0.42009963545749135 -0.23804176615639527 -0.8757010984654677
outer loop
vertex 19.671 10.514 0.09
vertex 19.024 11.402 0.159
vertex 19.131 11.467 0.09
endloop
endfacet
facet normal -0.29934359313054 -0.16961756588718901 -0.938947972250967
outer loop
vertex 19.671 10.514 0.09
vertex 19.131 11.467 0.09
vertex 19.789 10.577 0.041
endloop
endfacet
facet normal -0.2987140768709455 -0.16913633341076564 -0.939235221336754
outer loop
vertex 19.789 10.577 0.041
vertex 19.131 11.467 0.09
vertex 19.246 11.536 0.041
endloop
endfacet
facet normal -0.18870301564580738 -0.10684644160132845 -0.9762043893587613
outer loop
vertex 19.789 10.577 0.041
vertex 19.246 11.536 0.041
vertex 19.912 10.643 0.01
endloop
endfacet
facet normal -0.18887797815454896 -0.10697860588421552 -0.9761560773008174
outer loop
vertex 19.912 10.643 0.01
vertex 19.246 11.536 0.041
vertex 19.366 11.607 0.01
endloop
endfacet
facet normal -0.06121715186470633 -0.034672785184781806 -0.9975220590468682
outer loop
vertex 19.912 10.643 0.01
vertex 19.366 11.607 0.01
vertex 20.037 10.71 0.0
endloop
endfacet
facet normal -0.06107981006089617 -0.034569913116940215 -0.9975340484965974
outer loop
vertex 20.037 10.71 0.0
vertex 19.366 11.607 0.01
vertex 19.488 11.68 0.0
endloop
endfacet
facet normal 0.0 0.0 -1.0
outer loop
vertex 19.488 11.68 0.0
vertex 18.891 12.623 0.0
vertex 30.021 17.994 0.0
endloop
endfacet
facet normal -0.0 0.0 -1.0
outer loop
vertex 30.021 17.994 0.0
vertex 18.891 12.623 0.0
vertex 29.101 19.445 0.0
endloop
endfacet
facet normal 0.8445470993869619 0.535481275972437 0.0
outer loop
vertex 30.021 17.994 0.0
vertex 29.101 19.445 0.0
vertex 30.021 17.994 3.0
endloop
endfacet
facet normal 0.8445470993869619 0.535481275972437 -0.0
outer loop
vertex 30.021 17.994 3.0
vertex 29.101 19.445 0.0
vertex 29.101 19.445 3.0
endloop
endfacet
facet normal 0.0 0.0 1.0
outer loop
vertex 30.021 17.994 3.0
vertex 29.101 19.445 3.0
vertex 25.766 15.444 3.0
endloop
endfacet
facet normal 0.0 -0.0 0.9999999999999999
outer loop
vertex 25.766 15.444 3.0
vertex 29.101 19.445 3.0
vertex 24.977 16.689 3.0
endloop
endfacet
facet normal 0.8446657044548227 0.5352941693291999 0.0
outer loop
vertex 25.766 15.444 3.0
vertex 24.977 16.689 3.0
vertex 25.766 15.444 52.0
endloop
endfacet
facet normal 0.8446657044548227 0.5352941693291999 -0.0
outer loop
vertex 25.766 15.444 52.0
vertex 24.977 16.689 3.0
vertex 24.977 16.689 52.0
endloop
endfacet
facet normal 0.5973093503886958 0.37853580518608837 0.7070588264991491
outer loop
vertex 25.766 15.444 52.0
vertex 24.977 16.689 52.0
vertex 24.908 14.93 53.0
endloop
endfacet
facet normal 0.5977984660052281 0.37834088961460455 0.7067497189864497
outer loop
vertex 24.908 14.93 53.0
vertex 24.977 16.689 52.0
vertex 24.146 16.134 53.0
endloop
endfacet
facet normal 0.0 0.0 1.0
outer loop
vertex 24.908 14.93 53.0
vertex 24.146 16.134 53.0
vertex 18.63 11.166 53.0
endloop
endfacet
facet normal 0.0 -0.0 1.0
outer loop
vertex 18.63 11.166 53.0
vertex 24.146 16.134 53.0
vertex 18.06 12.067 53.0
endloop
endfacet
facet normal -0.8450874844431213 -0.5346280423225078 0.0
outer loop
vertex 18.63 11.166 53.0
vertex 18.06 12.067 53.0
vertex 18.63 11.166 1.0
endloop
endfacet
facet normal -0.8450874844431213 -0.5346280423225078 -0.0
outer loop
vertex 18.63 11.166 1.0
vertex 18.06 12.067 53.0
vertex 18.06 12.067 1.0
endloop
endfacet
facet normal -0.8426477186547002 -0.5330845722898774 -0.0759319500114929
outer loop
vertex 18.63 11.166 1.0
vertex 18.06 12.067 1.0
vertex 18.639 11.172 0.858
endloop
endfacet
facet normal -0.8425897669718615 -0.5339830820654067 -0.07003251146598384
outer loop
vertex 18.639 11.172 0.858
vertex 18.06 12.067 1.0
vertex 18.068 12.073 0.858
endloop
endfacet
facet normal -0.8259253870086074 -0.5234221930986829 -0.20946709256216606
outer loop
vertex 18.639 11.172 0.858
vertex 18.068 12.073 0.858
vertex 18.665 11.187 0.718
endloop
endfacet
facet normal -0.8261457714127239 -0.5238973184568481 -0.20740000986161786
outer loop
vertex 18.665 11.187 0.718
vertex 18.068 12.073 0.858
vertex 18.093 12.089 0.718
endloop
endfacet
facet normal -0.7916764032134409 -0.5020386947207173 -0.3481459774263484
outer loop
vertex 18.665 11.187 0.718
vertex 18.093 12.089 0.718
vertex 18.707 11.213 0.585
endloop
endfacet
facet normal -0.7900846718851066 -0.49992083221048617 -0.3547469136922525
outer loop
vertex 18.707 11.213 0.585
vertex 18.093 12.089 0.718
vertex 18.135 12.117 0.585
endloop
endfacet
facet normal -0.7422449211171726 -0.46965054743254564 -0.4780176151273849
outer loop
vertex 18.707 11.213 0.585
vertex 18.135 12.117 0.585
vertex 18.766 11.248 0.459
endloop
endfacet
facet normal -0.742419623365204 -0.4698443922950668 -0.47755559872243997
outer loop
vertex 18.766 11.248 0.459
vertex 18.135 12.117 0.585
vertex 18.192 12.155 0.459
endloop
endfacet
facet normal -0.6768133081064834 -0.42832507040035295 -0.5987164437665723
outer loop
vertex 18.766 11.248 0.459
vertex 18.192 12.155 0.459
vertex 18.839 11.292 0.345
endloop
endfacet
facet normal -0.6757162425058061 -0.4272366143615175 -0.6007299184847902
outer loop
vertex 18.839 11.292 0.345
vertex 18.192 12.155 0.459
vertex 18.263 12.203 0.345
endloop
endfacet
facet normal -0.5967061592325126 -0.377280732950522 -0.7082379600658951
outer loop
vertex 18.839 11.292 0.345
vertex 18.263 12.203 0.345
vertex 18.926 11.344 0.244
endloop
endfacet
facet normal -0.5999440052992082 -0.38029237494375895 -0.7038784696701407
outer loop
vertex 18.926 11.344 0.244
vertex 18.263 12.203 0.345
vertex 18.346 12.259 0.244
endloop
endfacet
facet normal -0.5053650327703391 -0.320340676510159 -0.8012415582245143
outer loop
vertex 18.926 11.344 0.244
vertex 18.346 12.259 0.244
vertex 19.024 11.402 0.159
endloop
endfacet
facet normal -0.5050003768363466 -0.32001654314738154 -0.8016009178557295
outer loop
vertex 19.024 11.402 0.159
vertex 18.346 12.259 0.244
vertex 18.441 12.322 0.159
endloop
endfacet
facet normal -0.40776882976272505 -0.25840133451268427 -0.8757587177961756
outer loop
vertex 19.024 11.402 0.159
vertex 18.441 12.322 0.159
vertex 19.131 11.467 0.09
endloop
endfacet
facet normal -0.40555359151121556 -0.25648524436114783 -0.8773491915066409
outer loop
vertex 19.131 11.467 0.09
vertex 18.441 12.322 0.159
vertex 18.546 12.392 0.09
endloop
endfacet
facet normal -0.29011206831883096 -0.18347628104488278 -0.9392398214033034
outer loop
vertex 19.131 11.467 0.09
vertex 18.546 12.392 0.09
vertex 19.246 11.536 0.041
endloop
endfacet
facet normal -0.29134708571695106 -0.18451982095406866 -0.9386529237792411
outer loop
vertex 19.246 11.536 0.041
vertex 18.546 12.392 0.09
vertex 18.657 12.466 0.041
endloop
endfacet
facet normal -0.18343365820711632 -0.11617465019784012 -0.9761431983516374
outer loop
vertex 19.246 11.536 0.041
vertex 18.657 12.466 0.041
vertex 19.366 11.607 0.01
endloop
endfacet
facet normal -0.1836274934777481 -0.11633664917981262 -0.9760874590407833
outer loop
vertex 19.366 11.607 0.01
vertex 18.657 12.466 0.041
vertex 18.773 12.543 0.01
endloop
endfacet
facet normal -0.05928916618840501 -0.03756247387791044 -0.9975338868072878
outer loop
vertex 19.366 11.607 0.01
vertex 18.773 12.543 0.01
vertex 19.488 11.68 0.0
endloop
endfacet
facet normal -0.05915001432709839 -0.037447039823200245 -0.9975464876453547
outer loop
vertex 19.488 11.68 0.0
vertex 18.773 12.543 0.01
vertex 18.891 12.623 0.0
endloop
endfacet
facet normal 0.0 0.0 -1.0
outer loop
vertex 18.891 12.623 0.0
vertex 18.249 13.534 0.0
vertex 29.101 19.445 0.0
endloop
endfacet
facet normal -0.0 0.0 -1.0
outer loop
vertex 29.101 19.445 0.0
vertex 18.249 13.534 0.0
vertex 28.112 20.849 0.0
endloop
endfacet
facet normal 0.8175322772943157 0.5758827793761245 0.0
outer loop
vertex 29.101 19.445 0.0
vertex 28.112 20.849 0.0
vertex 29.101 19.445 3.0
endloop
endfacet
facet normal 0.8175322772943157 0.5758827793761245 -0.0
outer loop
vertex 29.101 19.445 3.0
vertex 28.112 20.849 0.0
vertex 28.112 20.849 3.0
endloop
endfacet
facet normal 0.0 0.0 1.0
outer loop
vertex 29.101 19.445 3.0
vertex 28.112 20.849 3.0
vertex 24.977 16.689 3.0
endloop
endfacet
facet normal 0.0 -0.0 1.0
outer loop
vertex 24.977 16.689 3.0
vertex 28.112 20.849 3.0
vertex 24.128 17.895 3.0
endloop
endfacet
facet normal 0.8177000360265625 0.5756445527251676 0.0
outer loop
vertex 24.977 16.689 3.0
vertex 24.128 17.895 3.0
vertex 24.977 16.689 52.0
endloop
endfacet
facet normal 0.8177000360265625 0.5756445527251676 -0.0
outer loop
vertex 24.977 16.689 52.0
vertex 24.128 17.895 3.0
vertex 24.128 17.895 52.0
endloop
endfacet
facet normal 0.5784928844224988 0.40724747833723196 0.7067499374322599
outer loop
vertex 24.977 16.689 52.0
vertex 24.128 17.895 52.0
vertex 24.146 16.134 53.0
endloop
endfacet
facet normal 0.5780835202639917 0.4073876138512776 0.7070040846273473
outer loop
vertex 24.146 16.134 53.0
vertex 24.128 17.895 52.0
vertex 23.325 17.299 53.0
endloop
endfacet
facet normal 0.0 0.0 1.0
outer loop
vertex 24.146 16.134 53.0
vertex 23.325 17.299 53.0
vertex 18.06 12.067 53.0
endloop
endfacet
facet normal 0.0 -0.0 1.0
outer loop
vertex 18.06 12.067 53.0
vertex 23.325 17.299 53.0
vertex 17.446 12.939 53.0
endloop
endfacet
facet normal -0.8176429403130797 -0.5757256483397118 0.0
outer loop
vertex 18.06 12.067 53.0
vertex 17.446 12.939 53.0
vertex 18.06 12.067 1.0
endloop
endfacet
facet normal -0.8176429403130797 -0.5757256483397118 -0.0
outer loop
vertex 18.06 12.067 1.0
vertex 17.446 12.939 53.0
vertex 17.446 12.939 1.0
endloop
endfacet
facet normal -0.8156247803853887 -0.5743046045374156 -0.07021708359373173
outer loop
vertex 18.06 12.067 1.0
vertex 17.446 12.939 1.0
vertex 18.068 12.073 0.858
endloop
endfacet
facet normal -0.8156247803853882 -0.5743046045374187 -0.07021708359371147
outer loop
vertex 18.068 12.073 0.858
vertex 17.446 12.939 1.0
vertex 17.454 12.945 0.858
endloop
endfacet
facet normal -0.7998975515678353 -0.5632306154388206 -0.2072080616872562
outer loop
vertex 18.068 12.073 0.858
vertex 17.454 12.945 0.858
vertex 18.093 12.089 0.718
endloop
endfacet
facet normal -0.7996851743921152 -0.5627075311798059 -0.20943699819033845
outer loop
vertex 18.093 12.089 0.718
vertex 17.454 12.945 0.858
vertex 17.478 12.963 0.718
endloop
endfacet
facet normal -0.7646365941602347 -0.5380452006962744 -0.35473686146035377
outer loop
vertex 18.093 12.089 0.718
vertex 17.478 12.963 0.718
vertex 18.135 12.117 0.585
endloop
endfacet
facet normal -0.7661089814188425 -0.5402162760404876 -0.34820023505209097
outer loop
vertex 18.135 12.117 0.585
vertex 17.478 12.963 0.718
vertex 17.518 12.992 0.585
endloop
endfacet
facet normal -0.7180490767110618 -0.5063271775208293 -0.47753357236762123
outer loop
vertex 18.135 12.117 0.585
vertex 17.518 12.992 0.585
vertex 18.192 12.155 0.459
endloop
endfacet
facet normal -0.7178682980150548 -0.5061053262771283 -0.478040275938011
outer loop
vertex 18.192 12.155 0.459
vertex 17.518 12.992 0.585
vertex 17.573 13.033 0.459
endloop
endfacet
facet normal -0.6533290743427048 -0.460604438517237 -0.6008366432207056
outer loop
vertex 18.192 12.155 0.459
vertex 17.573 13.033 0.459
vertex 18.263 12.203 0.345
endloop
endfacet
facet normal -0.6531109201797435 -0.4603653591732371 -0.6012569018441827
outer loop
vertex 18.263 12.203 0.345
vertex 17.573 13.033 0.459
vertex 17.642 13.084 0.345
endloop
endfacet
facet normal -0.5805254133126768 -0.40920122777204704 -0.7039492877246165
outer loop
vertex 18.263 12.203 0.345
vertex 17.642 13.084 0.345
vertex 18.346 12.259 0.244
endloop
endfacet
facet normal -0.5788601645954462 -0.4074913927039137 -0.7063084841036227
outer loop
vertex 18.346 12.259 0.244
vertex 17.642 13.084 0.345
vertex 17.723 13.144 0.244
endloop
endfacet
facet normal -0.48892942291693386 -0.34418421522853154 -0.8015517733706501
outer loop
vertex 18.346 12.259 0.244
vertex 17.723 13.144 0.244
vertex 18.441 12.322 0.159
endloop
endfacet
facet normal -0.4878966871700486 -0.34317227659376304 -0.8026142356237806
outer loop
vertex 18.441 12.322 0.159
vertex 17.723 13.144 0.244
vertex 17.815 13.212 0.159
endloop
endfacet
facet normal -0.39249463257644523 -0.2760692584189367 -0.8773447030413414
outer loop
vertex 18.441 12.322 0.159
vertex 17.815 13.212 0.159
vertex 18.546 12.392 0.09
endloop
endfacet
facet normal -0.39509978305416804 -0.27855638335997734 -0.8753870588031095
outer loop
vertex 18.546 12.392 0.09
vertex 17.815 13.212 0.159
vertex 17.915 13.287 0.09
endloop
endfacet
facet normal -0.2818719782763114 -0.19872761820374557 -0.9386455782805695
outer loop
vertex 18.546 12.392 0.09
vertex 17.915 13.287 0.09
vertex 18.657 12.466 0.041
endloop
endfacet
facet normal -0.2811537751729795 -0.1980572149551878 -0.9390026061253378
outer loop
vertex 18.657 12.466 0.041
vertex 17.915 13.287 0.09
vertex 18.023 13.366 0.041
endloop
endfacet
facet normal -0.17773785217694424 -0.1252064425335363 -0.976080223471218
outer loop
vertex 18.657 12.466 0.041
vertex 18.023 13.366 0.041
vertex 18.773 12.543 0.01
endloop
endfacet
facet normal -0.17690532656568153 -0.12443836642657606 -0.9763296566190003
outer loop
vertex 18.773 12.543 0.01
vertex 18.023 13.366 0.041
vertex 18.135 13.45 0.01
endloop
endfacet
facet normal -0.05724040531440182 -0.04026392347363644 -0.9975481704990251
outer loop
vertex 18.773 12.543 0.01
vertex 18.135 13.45 0.01
vertex 18.891 12.623 0.0
endloop
endfacet
facet normal -0.05759439349565161 -0.040587926041940996 -0.9975146646027223
outer loop
vertex 18.891 12.623 0.0
vertex 18.135 13.45 0.01
vertex 18.249 13.534 0.0
endloop
endfacet
facet normal 0.0 0.0 -0.9999999999999999
outer loop
vertex 18.249 13.534 0.0
vertex 17.563 14.413 0.0
vertex 28.112 20.849 0.0
endloop
endfacet
facet normal -0.0 0.0 -1.0
outer loop
vertex 28.112 20.849 0.0
vertex 17.563 14.413 0.0
vertex 27.055 22.204 0.0
endloop
endfacet
facet normal 0.788474085729856 0.6150679768387132 0.0
outer loop
vertex 28.112 20.849 0.0
vertex 27.055 22.204 0.0
vertex 28.112 20.849 3.0
endloop
endfacet
facet normal 0.788474085729856 0.6150679768387132 -0.0
outer loop
vertex 28.112 20.849 3.0
vertex 27.055 22.204 0.0
vertex 27.055 22.204 3.0
endloop
endfacet
facet normal 0.0 0.0 1.0
outer loop
vertex 28.112 20.849 3.0
vertex 27.055 22.204 3.0
vertex 24.128 17.895 3.0
endloop
endfacet
facet normal 0.0 -0.0 1.0
outer loop
vertex 24.128 17.895 3.0
vertex 27.055 22.204 3.0
vertex 23.221 19.057 3.0
endloop
endfacet
facet normal 0.7882917068561104 0.6153017023394945 0.0
outer loop
vertex 24.128 17.895 3.0
vertex 23.221 19.057 3.0
vertex 24.128 17.895 52.0
endloop
endfacet
facet normal 0.7882917068561104 0.6153017023394945 -0.0
outer loop
vertex 24.128 17.895 52.0
vertex 23.221 19.057 3.0
vertex 23.221 19.057 52.0
endloop
endfacet
facet normal 0.5574849959286793 0.43514534535913296 0.7070070775647732
outer loop
vertex 24.128 17.895 52.0
vertex 23.221 19.057 52.0
vertex 23.325 17.299 53.0
endloop
endfacet
facet normal 0.5576423555987025 0.4350999518327953 0.7069109103397891
outer loop
vertex 23.325 17.299 53.0
vertex 23.221 19.057 52.0
vertex 22.448 18.423 53.0
endloop
endfacet
facet normal 0.0 0.0 1.0
outer loop
vertex 23.325 17.299 53.0
vertex 22.448 18.423 53.0
vertex 17.446 12.939 53.0
endloop
endfacet
facet normal 0.0 -0.0 0.9999999999999999
outer loop
vertex 17.446 12.939 53.0
vertex 22.448 18.423 53.0
vertex 16.79 13.779 53.0
endloop
endfacet
facet normal -0.7881381576804046 -0.6154983707599374 0.0
outer loop
vertex 17.446 12.939 53.0
vertex 16.79 13.779 53.0
vertex 17.446 12.939 1.0
endloop
endfacet
facet normal -0.7881381576804046 -0.6154983707599374 -0.0
outer loop
vertex 17.446 12.939 1.0
vertex 16.79 13.779 53.0
vertex 16.79 13.779 1.0
endloop
endfacet
facet normal -0.7861918157246429 -0.6139783703754377 -0.07023524470457207
outer loop
vertex 17.446 12.939 1.0
vertex 16.79 13.779 1.0
vertex 17.454 12.945 0.858
endloop
endfacet
facet normal -0.7861918157246429 -0.6139783703754377 -0.07023524470457194
outer loop
vertex 17.454 12.945 0.858
vertex 16.79 13.779 1.0
vertex 16.798 13.785 0.858
endloop
endfacet
facet normal -0.7706498362395621 -0.6018408244918507 -0.209490935075734
outer loop
vertex 17.454 12.945 0.858
vertex 16.798 13.785 0.858
vertex 17.478 12.963 0.718
endloop
endfacet
facet normal -0.7703973777996318 -0.601129545385223 -0.21244093283641596
outer loop
vertex 17.478 12.963 0.718
vertex 16.798 13.785 0.858
vertex 16.821 13.805 0.718
endloop
endfacet
facet normal -0.7391038732777608 -0.5767116920944045 -0.3480360451266801
outer loop
vertex 17.478 12.963 0.718
vertex 16.821 13.805 0.718
vertex 17.518 12.992 0.585
endloop
endfacet
facet normal -0.7385384511590729 -0.5757799773254398 -0.35076826234805464
outer loop
vertex 17.518 12.992 0.585
vertex 16.821 13.805 0.718
vertex 16.86 13.836 0.585
endloop
endfacet
facet normal -0.6926801577336559 -0.5400278954842971 -0.4780837491286216
outer loop
vertex 17.518 12.992 0.585
vertex 16.86 13.836 0.585
vertex 17.573 13.033 0.459
endloop
endfacet
facet normal -0.6936166871652136 -0.5412994453556156 -0.47527970895427146
outer loop
vertex 17.573 13.033 0.459
vertex 16.86 13.836 0.585
vertex 16.912 13.88 0.459
endloop
endfacet
facet normal -0.6299549314227736 -0.4916177209804647 -0.6012227547208295
outer loop
vertex 17.573 13.033 0.459
vertex 16.912 13.88 0.459
vertex 17.642 13.084 0.345
endloop
endfacet
facet normal -0.62936433412954 -0.49090418062104163 -0.6024231240369716
outer loop
vertex 17.642 13.084 0.345
vertex 16.912 13.88 0.459
vertex 16.979 13.934 0.345
endloop
endfacet
facet normal -0.5581888854322938 -0.43538733063718954 -0.7063023718638329
outer loop
vertex 17.642 13.084 0.345
vertex 16.979 13.934 0.345
vertex 17.723 13.144 0.244
endloop
endfacet
facet normal -0.5579661037432028 -0.43513515818849363 -0.7066337249112189
outer loop
vertex 17.723 13.144 0.244
vertex 16.979 13.934 0.345
vertex 17.057 13.998 0.244
endloop
endfacet
facet normal -0.47038970131363533 -0.3668378701111025 -0.8025979728048276
outer loop
vertex 17.723 13.144 0.244
vertex 17.057 13.998 0.244
vertex 17.815 13.212 0.159
endloop
endfacet
facet normal -0.4719951878970257 -0.36857433087530056 -0.8008579806818908
outer loop
vertex 17.815 13.212 0.159
vertex 17.057 13.998 0.244
vertex 17.145 14.07 0.159
endloop
endfacet
facet normal -0.38094527913447546 -0.2974747517716772 -0.8754367289322146
outer loop
vertex 17.815 13.212 0.159
vertex 17.145 14.07 0.159
vertex 17.915 13.287 0.09
endloop
endfacet
facet normal -0.3794841633368643 -0.2959360856613084 -0.8765920390808845
outer loop
vertex 17.915 13.287 0.09
vertex 17.145 14.07 0.159
vertex 17.242 14.15 0.09
endloop
endfacet
facet normal -0.2712704358720123 -0.21154693318871834 -0.938967648899714
outer loop
vertex 17.915 13.287 0.09
vertex 17.242 14.15 0.09
vertex 18.023 13.366 0.041
endloop
endfacet
facet normal -0.27167357555066834 -0.21196166193711552 -0.9387575417627126
outer loop
vertex 18.023 13.366 0.041
vertex 17.242 14.15 0.09
vertex 17.345 14.235 0.041
endloop
endfacet
facet normal -0.17048025002980371 -0.1330099073880404 -0.9763425878688283
outer loop
vertex 18.023 13.366 0.041
vertex 17.345 14.235 0.041
vertex 18.135 13.45 0.01
endloop
endfacet
facet normal -0.17120294480355286 -0.13374617222912172 -0.9761155224176336
outer loop
vertex 18.135 13.45 0.01
vertex 17.345 14.235 0.041
vertex 17.453 14.323 0.01
endloop
endfacet
facet normal -0.0555340574282571 -0.04338399446285385 -0.9975138081700935
outer loop
vertex 18.135 13.45 0.01
vertex 17.453 14.323 0.01
vertex 18.249 13.534 0.0
endloop
endfacet
facet normal -0.05534502027327781 -0.04319304198801887 -0.997532600898222
outer loop
vertex 18.249 13.534 0.0
vertex 17.453 14.323 0.01
vertex 17.563 14.413 0.0
endloop
endfacet
facet normal 0.0 0.0 -1.0
outer loop
vertex 17.563 14.413 0.0
vertex 16.834 15.258 0.0
vertex 27.055 22.204 0.0
endloop
endfacet
facet normal -0.0 0.0 -1.0
outer loop
vertex 27.055 22.204 0.0
vertex 16.834 15.258 0.0
vertex 25.933 23.505 0.0
endloop
endfacet
facet normal 0.75728090539885 0.6530892973539667 0.0
outer loop
vertex 27.055 22.204 0.0
vertex 25.933 23.505 0.0
vertex 27.055 22.204 3.0
endloop
endfacet
facet normal 0.75728090539885 0.6530892973539667 -0.0
outer loop
vertex 27.055 22.204 3.0
vertex 25.933 23.505 0.0
vertex 25.933 23.505 3.0
endloop
endfacet
facet normal 0.0 0.0 1.0
outer loop
vertex 27.055 22.204 3.0
vertex 25.933 23.505 3.0
vertex 23.221 19.057 3.0
endloop
endfacet
facet normal 0.0 -0.0 1.0
outer loop
vertex 23.221 19.057 3.0
vertex 25.933 23.505 3.0
vertex 22.258 20.174 3.0
endloop
endfacet
facet normal 0.7573868351206325 0.6529664478255768 0.0
outer loop
vertex 23.221 19.057 3.0
vertex 22.258 20.174 3.0
vertex 23.221 19.057 52.0
endloop
endfacet
facet normal 0.7573868351206325 0.6529664478255768 -0.0
outer loop
vertex 23.221 19.057 52.0
vertex 22.258 20.174 3.0
vertex 22.258 20.174 52.0
endloop
endfacet
facet normal 0.5357031417434756 0.4618461284681889 0.7069089740165384
outer loop
vertex 23.221 19.057 52.0
vertex 22.258 20.174 52.0
vertex 22.448 18.423 53.0
endloop
endfacet
facet normal 0.5353593237877091 0.4619272756685425 0.7071163881759531
outer loop
vertex 22.448 18.423 53.0
vertex 22.258 20.174 52.0
vertex 21.517 19.502 53.0
endloop
endfacet
facet normal 0.0 0.0 1.0
outer loop
vertex 22.448 18.423 53.0
vertex 21.517 19.502 53.0
vertex 16.79 13.779 53.0
endloop
endfacet
facet normal 0.0 -0.0 0.9999999999999999
outer loop
vertex 16.79 13.779 53.0
vertex 21.517 19.502 53.0
vertex 16.093 14.586 53.0
endloop
endfacet
facet normal -0.7568019208227457 -0.6536442860141919 0.0
outer loop
vertex 16.79 13.779 53.0
vertex 16.093 14.586 53.0
vertex 16.79 13.779 1.0
endloop
endfacet
facet normal -0.7568019208227457 -0.6536442860141919 -0.0
outer loop
vertex 16.79 13.779 1.0
vertex 16.093 14.586 53.0
vertex 16.093 14.586 1.0
endloop
endfacet
facet normal -0.7549410817513387 -0.6520370929128652 -0.07008275501047402
outer loop
vertex 16.79 13.779 1.0
vertex 16.093 14.586 1.0
vertex 16.798 13.785 0.858
endloop
endfacet
facet normal -0.7550894516074612 -0.6513581036762376 -0.07464945308867939
outer loop
vertex 16.798 13.785 0.858
vertex 16.093 14.586 1.0
vertex 16.101 14.593 0.858
endloop
endfacet
facet normal -0.7398712337515696 -0.6382305073327271 -0.2127260608781628
outer loop
vertex 16.798 13.785 0.858
vertex 16.101 14.593 0.858
vertex 16.821 13.805 0.718
endloop
endfacet
facet normal -0.7402401645038416 -0.6394648945837647 -0.20767558221972163
outer loop
vertex 16.821 13.805 0.718
vertex 16.101 14.593 0.858
vertex 16.123 14.613 0.718
endloop
endfacet
facet normal -0.708726289056359 -0.6122412744571027 -0.3505248479802033
outer loop
vertex 16.821 13.805 0.718
vertex 16.123 14.613 0.718
vertex 16.86 13.836 0.585
endloop
endfacet
facet normal -0.7081975675384595 -0.6112679374561297 -0.3532813524242943
outer loop
vertex 16.86 13.836 0.585
vertex 16.123 14.613 0.718
vertex 16.16 14.647 0.585
endloop
endfacet
facet normal -0.6659346578544169 -0.5747894704045516 -0.4755503087796034
outer loop
vertex 16.86 13.836 0.585
vertex 16.16 14.647 0.585
vertex 16.912 13.88 0.459
endloop
endfacet
facet normal -0.6650129953882379 -0.5733998890124918 -0.4785083941220107
outer loop
vertex 16.912 13.88 0.459
vertex 16.16 14.647 0.585
vertex 16.211 14.693 0.459
endloop
endfacet
facet normal -0.6045893392617984 -0.5213002789944916 -0.602260533300371
outer loop
vertex 16.912 13.88 0.459
vertex 16.211 14.693 0.459
vertex 16.979 13.934 0.345
endloop
endfacet
facet normal -0.6067948246690061 -0.5242528816074117 -0.5974604228576446
outer loop
vertex 16.979 13.934 0.345
vertex 16.211 14.693 0.459
vertex 16.274 14.75 0.345
endloop
endfacet
facet normal -0.5354282219521656 -0.46259423587778853 -0.7066280436479913
outer loop
vertex 16.979 13.934 0.345
vertex 16.274 14.75 0.345
vertex 17.057 13.998 0.244
endloop
endfacet
facet normal -0.5346637036508944 -0.4616364660790638 -0.7078322521504244
outer loop
vertex 17.057 13.998 0.244
vertex 16.274 14.75 0.345
vertex 16.349 14.818 0.244
endloop
endfacet
facet normal -0.45330328169956424 -0.39138868712596425 -0.8008314619133163
outer loop
vertex 17.057 13.998 0.244
vertex 16.349 14.818 0.244
vertex 17.145 14.07 0.159
endloop
endfacet
facet normal -0.45112630893686584 -0.3887888553383166 -0.8033232720080511
outer loop
vertex 17.145 14.07 0.159
vertex 16.349 14.818 0.244
vertex 16.434 14.895 0.159
endloop
endfacet
facet normal -0.36449802484107885 -0.3141310250448567 -0.8766201509155606
outer loop
vertex 17.145 14.07 0.159
vertex 16.434 14.895 0.159
vertex 17.242 14.15 0.09
endloop
endfacet
facet normal -0.3653100656080309 -0.31507442329281354 -0.8759432993933779
outer loop
vertex 17.242 14.15 0.09
vertex 16.434 14.895 0.159
vertex 16.527 14.979 0.09
endloop
endfacet
facet normal -0.26090158312665757 -0.2250236814662972 -0.9387729793200048
outer loop
vertex 17.242 14.15 0.09
vertex 16.527 14.979 0.09
vertex 17.345 14.235 0.041
endloop
endfacet
facet normal -0.26054429662451584 -0.22461792478780085 -0.9389693591169299
outer loop
vertex 17.345 14.235 0.041
vertex 16.527 14.979 0.09
vertex 16.626 15.069 0.041
endloop
endfacet
facet normal -0.1645730007406729 -0.14188008097427246 -0.9761074582493182
outer loop
vertex 17.345 14.235 0.041
vertex 16.626 15.069 0.041
vertex 17.453 14.323 0.01
endloop
endfacet
facet normal -0.16509423119702302 -0.1424651053476098 -0.9759342132458305
outer loop
vertex 17.453 14.323 0.01
vertex 16.626 15.069 0.041
vertex 16.729 15.162 0.01
endloop
endfacet
facet normal -0.053155257412863664 -0.04586937588428282 -0.9975322145000423
outer loop
vertex 17.453 14.323 0.01
vertex 16.729 15.162 0.01
vertex 17.563 14.413 0.0
endloop
endfacet
facet normal -0.053110953598554674 -0.045819982453664344 -0.9975368443399962
outer loop
vertex 17.563 14.413 0.0
vertex 16.729 15.162 0.01
vertex 16.834 15.258 0.0
endloop
endfacet
facet normal 0.0 0.0 -1.0
outer loop
vertex 16.834 15.258 0.0
vertex 16.065 16.065 0.0
vertex 25.933 23.505 0.0
endloop
endfacet
facet normal -0.0 0.0 -1.0
outer loop
vertex 25.933 23.505 0.0
vertex 16.065 16.065 0.0
vertex 24.749 24.749 0.0
endloop
endfacet
facet normal 0.7243594518179691 0.6894225007656563 0.0
outer loop
vertex 25.933 23.505 0.0
vertex 24.749 24.749 0.0
vertex 25.933 23.505 3.0
endloop
endfacet
facet normal 0.7243594518179691 0.6894225007656563 -0.0
outer loop
vertex 25.933 23.505 3.0
vertex 24.749 24.749 0.0
vertex 24.749 24.749 3.0
endloop
endfacet
facet normal 0.0 0.0 1.0
outer loop
vertex 25.933 23.505 3.0
vertex 24.749 24.749 3.0
vertex 22.258 20.174 3.0
endloop
endfacet
facet normal 0.0 -0.0 1.0
outer loop
vertex 22.258 20.174 3.0
vertex 24.749 24.749 3.0
vertex 21.241 21.241 3.0
endloop
endfacet
facet normal 0.7238636057053067 0.6899430993461072 0.0
outer loop
vertex 22.258 20.174 3.0
vertex 21.241 21.241 3.0
vertex 22.258 20.174 52.0
endloop
endfacet
facet normal 0.7238636057053067 0.6899430993461072 -0.0
outer loop
vertex 22.258 20.174 52.0
vertex 21.241 21.241 3.0
vertex 21.241 21.241 52.0
endloop
endfacet
facet normal 0.5118425443389194 0.4878574204242555 0.7071155118802391
outer loop
vertex 22.258 20.174 52.0
vertex 21.241 21.241 52.0
vertex 21.517 19.502 53.0
endloop
endfacet
facet normal 0.5121217651077377 0.4878059061055295 0.7069488635477806
outer loop
vertex 21.517 19.502 53.0
vertex 21.241 21.241 52.0
vertex 20.534 20.534 53.0
endloop
endfacet
facet normal 0.0 0.0 1.0
outer loop
vertex 21.517 19.502 53.0
vertex 20.534 20.534 53.0
vertex 16.093 14.586 53.0
endloop
endfacet
facet normal 0.0 -0.0 1.0
outer loop
vertex 16.093 14.586 53.0
vertex 20.534 20.534 53.0
vertex 15.358 15.358 53.0
endloop
endfacet
facet normal -0.7242494729274253 -0.6895380344581049 0.0
outer loop
vertex 16.093 14.586 53.0
vertex 15.358 15.358 53.0
vertex 16.093 14.586 1.0
endloop
endfacet
facet normal -0.7242494729274253 -0.6895380344581049 -0.0
outer loop
vertex 16.093 14.586 1.0
vertex 15.358 15.358 53.0
vertex 15.358 15.358 1.0
endloop
endfacet
facet normal -0.7222321502026356 -0.6876173968898144 -0.07458576746372521
outer loop
vertex 16.093 14.586 1.0
vertex 15.358 15.358 1.0
vertex 16.101 14.593 0.858
endloop
endfacet
facet normal -0.7224072488748731 -0.6868943440142711 -0.07939727283881627
outer loop
vertex 16.101 14.593 0.858
vertex 15.358 15.358 1.0
vertex 15.366 15.366 0.858
endloop
endfacet
facet normal -0.7088929502217328 -0.6740443963945323 -0.20768952023407078
outer loop
vertex 16.101 14.593 0.858
vertex 15.366 15.366 0.858
vertex 16.123 14.613 0.718
endloop
endfacet
facet normal -0.7089070693582586 -0.6741028463148298 -0.20745148735097113
outer loop
vertex 16.123 14.613 0.718
vertex 15.366 15.366 0.858
vertex 15.387 15.387 0.718
endloop
endfacet
facet normal -0.6779145353627993 -0.6446319095956332 -0.35338588522311914
outer loop
vertex 16.123 14.613 0.718
vertex 15.387 15.387 0.718
vertex 16.16 14.647 0.585
endloop
endfacet
facet normal -0.6787290367148531 -0.646325198832982 -0.3486984830389053
outer loop
vertex 16.16 14.647 0.585
vertex 15.387 15.387 0.718
vertex 15.422 15.422 0.585
endloop
endfacet
facet normal -0.6359091534019014 -0.6055496196265842 -0.478465470843797
outer loop
vertex 16.16 14.647 0.585
vertex 15.422 15.422 0.585
vertex 16.211 14.693 0.459
endloop
endfacet
facet normal -0.63494287401466 -0.6039302400653562 -0.48178398880889034
outer loop
vertex 16.211 14.693 0.459
vertex 15.422 15.422 0.585
vertex 15.471 15.471 0.459
endloop
endfacet
facet normal -0.5810502607166397 -0.5526699137921751 -0.5974416799237182
outer loop
vertex 16.211 14.693 0.459
vertex 15.471 15.471 0.459
vertex 16.274 14.75 0.345
endloop
endfacet
facet normal -0.5812545656073164 -0.5529732935291114 -0.5969620311244404
outer loop
vertex 16.274 14.75 0.345
vertex 15.471 15.471 0.459
vertex 15.531 15.531 0.345
endloop
endfacet
facet normal -0.5117801191475913 -0.4868791658471961 -0.7078345763730506
outer loop
vertex 16.274 14.75 0.345
vertex 15.531 15.531 0.345
vertex 16.349 14.818 0.244
endloop
endfacet
facet normal -0.513508187789105 -0.4892737452531391 -0.7049259133267236
outer loop
vertex 16.349 14.818 0.244
vertex 15.531 15.531 0.345
vertex 15.602 15.602 0.244
endloop
endfacet
facet normal -0.4311669259444411 -0.4108184868373689 -0.8033201434324148
outer loop
vertex 16.349 14.818 0.244
vertex 15.602 15.602 0.244
vertex 16.434 14.895 0.159
endloop
endfacet
facet normal -0.4314463167375712 -0.4111880505963406 -0.8029809853417231
outer loop
vertex 16.434 14.895 0.159
vertex 15.602 15.602 0.244
vertex 15.683 15.683 0.159
endloop
endfacet
facet normal -0.34924413090929823 -0.3328456120721869 -0.8759237041830188
outer loop
vertex 16.434 14.895 0.159
vertex 15.683 15.683 0.159
vertex 16.527 14.979 0.09
endloop
endfacet
facet normal -0.34823374450956135 -0.3315466293880438 -0.8768181634331469
outer loop
vertex 16.527 14.979 0.09
vertex 15.683 15.683 0.159
vertex 15.772 15.772 0.09
endloop
endfacet
facet normal -0.2491235196014716 -0.23718569646798365 -0.9389783902584621
outer loop
vertex 16.527 14.979 0.09
vertex 15.772 15.772 0.09
vertex 16.626 15.069 0.041
endloop
endfacet
facet normal -0.2503571374464435 -0.23873453508067471 -0.9382574942356905
outer loop
vertex 16.626 15.069 0.041
vertex 15.772 15.772 0.09
vertex 15.866 15.866 0.041
endloop
endfacet
facet normal -0.1578327777367867 -0.1505055346047156 -0.975928736294428
outer loop
vertex 16.626 15.069 0.041
vertex 15.866 15.866 0.041
vertex 16.729 15.162 0.01
endloop
endfacet
facet normal -0.15666562539011178 -0.149056709586607 -0.9763390697643618
outer loop
vertex 16.729 15.162 0.01
vertex 15.866 15.866 0.041
vertex 15.965 15.965 0.01
endloop
endfacet
facet normal -0.05080730850109467 -0.0483397057220876 -0.997537914193529
outer loop
vertex 16.729 15.162 0.01
vertex 15.965 15.965 0.01
vertex 16.834 15.258 0.0
endloop
endfacet
facet normal -0.05107797398882184 -0.04867281536233433 -0.9975078935115759
outer loop
vertex 16.834 15.258 0.0
vertex 15.965 15.965 0.01
vertex 16.065 16.065 0.0
endloop
endfacet
facet normal 0.0 0.0 -1.0
outer loop
vertex 16.065 16.065 0.0
vertex 15.258 16.834 0.0
vertex 24.749 24.749 0.0
endloop
endfacet
facet normal -0.0 0.0 -1.0
outer loop
vertex 24.749 24.749 0.0
vertex 15.258 16.834 0.0
vertex 23.505 25.933 0.0
endloop
endfacet
facet normal 0.6894225007656563 0.7243594518179691 0.0
outer loop
vertex 24.749 24.749 0.0
vertex 23.505 25.933 0.0
vertex 24.749 24.749 3.0
endloop
endfacet
facet normal 0.6894225007656563 0.7243594518179691 -0.0
outer loop
vertex 24.749 24.749 3.0
vertex 23.505 25.933 0.0
vertex 23.505 25.933 3.0
endloop
endfacet
facet normal 0.0 0.0 1.0
outer loop
vertex 24.749 24.749 3.0
vertex 23.505 25.933 3.0
vertex 21.241 21.241 3.0
endloop
endfacet
facet normal 0.0 -0.0 1.0
outer loop
vertex 21.241 21.241 3.0
vertex 23.505 25.933 3.0
vertex 20.174 22.258 3.0
endloop
endfacet
facet normal 0.6899430993461072 0.7238636057053067 0.0
outer loop
vertex 21.241 21.241 3.0
vertex 20.174 22.258 3.0
vertex 21.241 21.241 52.0
endloop
endfacet
facet normal 0.6899430993461072 0.7238636057053067 -0.0
outer loop
vertex 21.241 21.241 52.0
vertex 20.174 22.258 3.0
vertex 20.174 22.258 52.0
endloop
endfacet
facet normal 0.487970458886624 0.5119611402478152 0.7069516405880493
outer loop
vertex 21.241 21.241 52.0
vertex 20.174 22.258 52.0
vertex 20.534 20.534 53.0
endloop
endfacet
facet normal 0.48768903765246036 0.5119990710654515 0.707118344961953
outer loop
vertex 20.534 20.534 53.0
vertex 20.174 22.258 52.0
vertex 19.502 21.517 53.0
endloop
endfacet
facet normal 0.0 0.0 0.9999999999999999
outer loop
vertex 20.534 20.534 53.0
vertex 19.502 21.517 53.0
vertex 15.358 15.358 53.0
endloop
endfacet
facet normal 0.0 -0.0 1.0
outer loop
vertex 15.358 15.358 53.0
vertex 19.502 21.517 53.0
vertex 14.586 16.093 53.0
endloop
endfacet
facet normal -0.6895380344581049 -0.7242494729274253 0.0
outer loop
vertex 15.358 15.358 53.0
vertex 14.586 16.093 53.0
vertex 15.358 15.358 1.0
endloop
endfacet
facet normal -0.6895380344581049 -0.7242494729274253 -0.0
outer loop
vertex 15.358 15.358 1.0
vertex 14.586 16.093 53.0
vertex 14.586 16.093 1.0
endloop
endfacet
facet normal -0.6873611300085433 -0.7219629828116951 -0.07939854156732831
outer loop
vertex 15.358 15.358 1.0
vertex 14.586 16.093 1.0
vertex 15.366 15.366 0.858
endloop
endfacet
facet normal -0.6871502641025725 -0.7226764002058349 -0.07458776796030862
outer loop
vertex 15.366 15.366 0.858
vertex 14.586 16.093 1.0
vertex 14.593 16.101 0.858
endloop
endfacet
facet normal -0.6740792247636174 -0.7089295792411924 -0.20745132060072974
outer loop
vertex 15.366 15.366 0.858
vertex 14.593 16.101 0.858
vertex 15.387 15.387 0.718
endloop
endfacet
facet normal -0.6740680628253096 -0.7088704899820515 -0.20768937168651763
outer loop
vertex 15.387 15.387 0.718
vertex 14.593 16.101 0.858
vertex 14.613 16.123 0.718
endloop
endfacet
facet normal -0.645844250803009 -0.6791894702738168 -0.348693084493903
outer loop
vertex 15.387 15.387 0.718
vertex 14.613 16.123 0.718
vertex 15.422 15.422 0.585
endloop
endfacet
facet normal -0.6451143345654398 -0.6774574651601848 -0.35338205703873365
outer loop
vertex 15.422 15.422 0.585
vertex 14.613 16.123 0.718
vertex 14.647 16.16 0.585
endloop
endfacet
facet normal -0.6042950407665272 -0.634591675601706 -0.48178927858764153
outer loop
vertex 15.422 15.422 0.585
vertex 14.647 16.16 0.585
vertex 15.471 15.471 0.459
endloop
endfacet
facet normal -0.6051799099338813 -0.6362567161196768 -0.47847117761159264
outer loop
vertex 15.471 15.471 0.459
vertex 14.647 16.16 0.585
vertex 14.693 16.211 0.459
endloop
endfacet
facet normal -0.5529165259695513 -0.581309536762584 -0.5969610856484971
outer loop
vertex 15.471 15.471 0.459
vertex 14.693 16.211 0.459
vertex 15.531 15.531 0.345
endloop
endfacet
facet normal -0.5527276262258612 -0.5809963338928636 -0.5974407344747901
outer loop
vertex 15.531 15.531 0.345
vertex 14.693 16.211 0.459
vertex 14.75 16.274 0.345
endloop
endfacet
facet normal -0.4888844624045195 -0.5138879746136338 -0.7049192379038476
outer loop
vertex 15.531 15.531 0.345
vertex 14.75 16.274 0.345
vertex 15.602 15.602 0.244
endloop
endfacet
facet normal -0.48727597147342283 -0.5114114613589879 -0.7078279768526367
outer loop
vertex 15.602 15.602 0.244
vertex 14.75 16.274 0.345
vertex 14.818 16.349 0.244
endloop
endfacet
facet normal -0.4111346804187705 -0.43149878105530975 -0.8029801221105896
outer loop
vertex 15.602 15.602 0.244
vertex 14.818 16.349 0.244
vertex 15.683 15.683 0.159
endloop
endfacet
facet normal -0.4108734582264348 -0.4311162251430495 -0.8033192402422946
outer loop
vertex 15.683 15.683 0.159
vertex 14.818 16.349 0.244
vertex 14.895 16.434 0.159
endloop
endfacet
facet normal -0.33171963057901055 -0.34806267496173104 -0.8768206549728451
outer loop
vertex 15.683 15.683 0.159
vertex 14.895 16.434 0.159
vertex 15.772 15.772 0.09
endloop
endfacet
facet normal -0.3326654555351726 -0.34940888243628077 -0.8759264395873693
outer loop
vertex 15.772 15.772 0.09
vertex 14.895 16.434 0.159
vertex 14.979 16.527 0.09
endloop
endfacet
facet normal -0.23854223267169813 -0.2505483317995453 -0.9382553685774819
outer loop
vertex 15.772 15.772 0.09
vertex 14.979 16.527 0.09
vertex 15.866 15.866 0.041
endloop
endfacet
facet normal -0.2373847054117257 -0.24894159238571673 -0.9389763496579941
outer loop
vertex 15.866 15.866 0.041
vertex 14.979 16.527 0.09
vertex 15.069 16.626 0.041
endloop
endfacet
facet normal -0.14922881930320384 -0.15649390655875398 -0.9763403180752867
outer loop
vertex 15.866 15.866 0.041
vertex 15.069 16.626 0.041
vertex 15.965 15.965 0.01
endloop
endfacet
facet normal -0.15032374356884418 -0.157997337808615 -0.9759301272964366
outer loop
vertex 15.965 15.965 0.01
vertex 15.069 16.626 0.041
vertex 15.162 16.729 0.01
endloop
endfacet
facet normal -0.048634075207311736 -0.05111670470087868 -0.9975077990819183
outer loop
vertex 15.965 15.965 0.01
vertex 15.162 16.729 0.01
vertex 16.065 16.065 0.0
endloop
endfacet
facet normal -0.048379883620874656 -0.05077056707678288 -0.997537837066611
outer loop
vertex 16.065 16.065 0.0
vertex 15.162 16.729 0.01
vertex 15.258 16.834 0.0
endloop
endfacet
facet normal 0.0 0.0 -1.0
outer loop
vertex 15.258 16.834 0.0
vertex 14.413 17.563 0.0
vertex 23.505 25.933 0.0
endloop
endfacet
facet normal -0.0 0.0 -1.0
outer loop
vertex 23.505 25.933 0.0
vertex 14.413 17.563 0.0
vertex 22.204 27.055 0.0
endloop
endfacet
facet normal 0.6530892973539667 0.75728090539885 0.0
outer loop
vertex 23.505 25.933 0.0
vertex 22.204 27.055 0.0
vertex 23.505 25.933 3.0
endloop
endfacet
facet normal 0.6530892973539667 0.75728090539885 -0.0
outer loop
vertex 23.505 25.933 3.0
vertex 22.204 27.055 0.0
vertex 22.204 27.055 3.0
endloop
endfacet
facet normal 0.0 0.0 1.0
outer loop
vertex 23.505 25.933 3.0
vertex 22.204 27.055 3.0
vertex 20.174 22.258 3.0
endloop
endfacet
facet normal 0.0 -0.0 1.0
outer loop
vertex 20.174 22.258 3.0
vertex 22.204 27.055 3.0
vertex 19.057 23.221 3.0
endloop
endfacet
facet normal 0.6529664478255768 0.7573868351206325 0.0
outer loop
vertex 20.174 22.258 3.0
vertex 19.057 23.221 3.0
vertex 20.174 22.258 52.0
endloop
endfacet
facet normal 0.6529664478255768 0.7573868351206325 -0.0
outer loop
vertex 20.174 22.258 52.0
vertex 19.057 23.221 3.0
vertex 19.057 23.221 52.0
endloop
endfacet
facet normal 0.46171305599764223 0.5355487887324676 0.7071128260811741
outer loop
vertex 20.174 22.258 52.0
vertex 19.057 23.221 52.0
vertex 19.502 21.517 53.0
endloop
endfacet
facet normal 0.462065051200949 0.5355190013381566 0.7069054304957968
outer loop
vertex 19.502 21.517 53.0
vertex 19.057 23.221 52.0
vertex 18.423 22.448 53.0
endloop
endfacet
facet normal 0.0 0.0 1.0
outer loop
vertex 19.502 21.517 53.0
vertex 18.423 22.448 53.0
vertex 14.586 16.093 53.0
endloop
endfacet
facet normal 0.0 -0.0 1.0
outer loop
vertex 14.586 16.093 53.0
vertex 18.423 22.448 53.0
vertex 13.779 16.79 53.0
endloop
endfacet
facet normal -0.6536442860141919 -0.7568019208227457 0.0
outer loop
vertex 14.586 16.093 53.0
vertex 13.779 16.79 53.0
vertex 14.586 16.093 1.0
endloop
endfacet
facet normal -0.6536442860141919 -0.7568019208227457 -0.0
outer loop
vertex 14.586 16.093 1.0
vertex 13.779 16.79 53.0
vertex 13.779 16.79 1.0
endloop
endfacet
facet normal -0.6518204969485546 -0.7546903027797481 -0.07464975986533115
outer loop
vertex 14.586 16.093 1.0
vertex 13.779 16.79 1.0
vertex 14.593 16.101 0.858
endloop
endfacet
facet normal -0.6515743963240656 -0.7553401897128342 -0.0700856894059616
outer loop
vertex 14.593 16.101 0.858
vertex 13.779 16.79 1.0
vertex 13.785 16.798 0.858
endloop
endfacet
facet normal -0.6389402843753248 -0.7406940455886126 -0.20767196207469416
outer loop
vertex 14.593 16.101 0.858
vertex 13.785 16.798 0.858
vertex 14.613 16.123 0.718
endloop
endfacet
facet normal -0.6387549626009755 -0.7394183521226186 -0.21272658107744183
outer loop
vertex 14.613 16.123 0.718
vertex 13.785 16.798 0.858
vertex 13.805 16.821 0.718
endloop
endfacet
facet normal -0.6115628351161211 -0.7079409323407241 -0.353285345041764
outer loop
vertex 14.613 16.123 0.718
vertex 13.805 16.821 0.718
vertex 14.647 16.16 0.585
endloop
endfacet
facet normal -0.6119437848096466 -0.7089805849723197 -0.35053007626329624
outer loop
vertex 14.647 16.16 0.585
vertex 13.805 16.821 0.718
vertex 13.836 16.86 0.585
endloop
endfacet
facet normal -0.573738917185257 -0.6647175169103484 -0.4785125678805411
outer loop
vertex 14.647 16.16 0.585
vertex 13.836 16.86 0.585
vertex 14.693 16.211 0.459
endloop
endfacet
facet normal -0.5744476976629288 -0.6662282142652783 -0.4755521098330427
outer loop
vertex 14.693 16.211 0.459
vertex 13.836 16.86 0.585
vertex 13.88 16.912 0.459
endloop
endfacet
facet normal -0.5236546833442572 -0.6073199109256493 -0.5974515029731594
outer loop
vertex 14.693 16.211 0.459
vertex 13.88 16.912 0.459
vertex 14.75 16.274 0.345
endloop
endfacet
facet normal -0.5219064438672516 -0.6040789477952889 -0.6022476971150459
outer loop
vertex 14.75 16.274 0.345
vertex 13.88 16.912 0.459
vertex 13.934 16.979 0.345
endloop
endfacet
facet normal -0.4618049158329598 -0.534514625985385 -0.7078349626291547
outer loop
vertex 14.75 16.274 0.345
vertex 13.934 16.979 0.345
vertex 14.818 16.349 0.244
endloop
endfacet
facet normal -0.46242186215595593 -0.5355733431749786 -0.7066308905507845
outer loop
vertex 14.818 16.349 0.244
vertex 13.934 16.979 0.345
vertex 13.998 17.057 0.244
endloop
endfacet
facet normal -0.38919604308558875 -0.45076377871494855 -0.8033296059807215
outer loop
vertex 14.818 16.349 0.244
vertex 13.998 17.057 0.244
vertex 14.895 16.434 0.159
endloop
endfacet
facet normal -0.3909676174765335 -0.45365440846433264 -0.800838310625559
outer loop
vertex 14.895 16.434 0.159
vertex 13.998 17.057 0.244
vertex 14.07 17.145 0.159
endloop
endfacet
facet normal -0.3149368188847227 -0.36543301769324404 -0.8759414990114239
outer loop
vertex 14.895 16.434 0.159
vertex 14.07 17.145 0.159
vertex 14.979 16.527 0.09
endloop
endfacet
facet normal -0.3142724263995304 -0.3643801978814132 -0.8766184537168117
outer loop
vertex 14.979 16.527 0.09
vertex 14.07 17.145 0.159
vertex 14.15 17.242 0.09
endloop
endfacet
facet normal -0.22467278215606307 -0.2604947362340924 -0.938969985331046
outer loop
vertex 14.979 16.527 0.09
vertex 14.15 17.242 0.09
vertex 15.069 16.626 0.041
endloop
endfacet
facet normal -0.22496669838199815 -0.2609488545905249 -0.9387734976590444
outer loop
vertex 15.069 16.626 0.041
vertex 14.15 17.242 0.09
vertex 14.235 17.345 0.041
endloop
endfacet
facet normal -0.14238874779036884 -0.16516302594877358 -0.975933716684763
outer loop
vertex 15.069 16.626 0.041
vertex 14.235 17.345 0.041
vertex 15.162 16.729 0.01
endloop
endfacet
facet normal -0.14195939800536875 -0.1645081974122989 -0.9761068498387405
outer loop
vertex 15.162 16.729 0.01
vertex 14.235 17.345 0.041
vertex 14.323 17.453 0.01
endloop
endfacet
facet normal -0.045826222730933175 -0.05310524982217257 -0.9975368613497647
outer loop
vertex 15.162 16.729 0.01
vertex 14.323 17.453 0.01
vertex 15.258 16.834 0.0
endloop
endfacet
facet normal -0.045862827678659485 -0.05316061644508539 -0.997532230003871
outer loop
vertex 15.258 16.834 0.0
vertex 14.323 17.453 0.01
vertex 14.413 17.563 0.0
endloop
endfacet
facet normal 0.0 0.0 -1.0
outer loop
vertex 14.413 17.563 0.0
vertex 13.534 18.249 0.0
vertex 22.204 27.055 0.0
endloop
endfacet
facet normal -0.0 0.0 -0.9999999999999999
outer loop
vertex 22.204 27.055 0.0
vertex 13.534 18.249 0.0
vertex 20.849 28.112 0.0
endloop
endfacet
facet normal 0.6150679768387132 0.788474085729856 0.0
outer loop
vertex 22.204 27.055 0.0
vertex 20.849 28.112 0.0
vertex 22.204 27.055 3.0
endloop
endfacet
facet normal 0.6150679768387132 0.788474085729856 -0.0
outer loop
vertex 22.204 27.055 3.0
vertex 20.849 28.112 0.0
vertex 20.849 28.112 3.0
endloop
endfacet
facet normal 0.0 0.0 1.0
outer loop
vertex 22.204 27.055 3.0
vertex 20.849 28.112 3.0
vertex 19.057 23.221 3.0
endloop
endfacet
facet normal 0.0 -0.0 1.0
outer loop
vertex 19.057 23.221 3.0
vertex 20.849 28.112 3.0
vertex 17.895 24.128 3.0
endloop
endfacet
facet normal 0.6153017023394945 0.7882917068561104 0.0
outer loop
vertex 19.057 23.221 3.0
vertex 17.895 24.128 3.0
vertex 19.057 23.221 52.0
endloop
endfacet
facet normal 0.6153017023394945 0.7882917068561104 -0.0
outer loop
vertex 19.057 23.221 52.0
vertex 17.895 24.128 3.0
vertex 17.895 24.128 52.0
endloop
endfacet
facet normal 0.4352035034818969 0.557559505012088 0.7069125185818667
outer loop
vertex 19.057 23.221 52.0
vertex 17.895 24.128 52.0
vertex 18.423 22.448 53.0
endloop
endfacet
facet normal 0.4350398331570407 0.5575653049812016 0.7070086804615017
outer loop
vertex 18.423 22.448 53.0
vertex 17.895 24.128 52.0
vertex 17.299 23.325 53.0
endloop
endfacet
facet normal 0.0 0.0 1.0
outer loop
vertex 18.423 22.448 53.0
vertex 17.299 23.325 53.0
vertex 13.779 16.79 53.0
endloop
endfacet
facet normal 0.0 -0.0 1.0
outer loop
vertex 13.779 16.79 53.0
vertex 17.299 23.325 53.0
vertex 12.939 17.446 53.0
endloop
endfacet
facet normal -0.6154983707599374 -0.7881381576804046 0.0
outer loop
vertex 13.779 16.79 53.0
vertex 12.939 17.446 53.0
vertex 13.779 16.79 1.0
endloop
endfacet
facet normal -0.6154983707599374 -0.7881381576804046 -0.0
outer loop
vertex 13.779 16.79 1.0
vertex 12.939 17.446 53.0
vertex 12.939 17.446 1.0
endloop
endfacet
facet normal -0.6139783703754377 -0.7861918157246429 -0.07023524470457207
outer loop
vertex 13.779 16.79 1.0
vertex 12.939 17.446 1.0
vertex 13.785 16.798 0.858
endloop
endfacet
facet normal -0.6139783703754377 -0.7861918157246429 -0.07023524470457194
outer loop
vertex 13.785 16.798 0.858
vertex 12.939 17.446 1.0
vertex 12.945 17.454 0.858
endloop
endfacet
facet normal -0.6014483530877265 -0.7701472813928176 -0.21244538952708253
outer loop
vertex 13.785 16.798 0.858
vertex 12.945 17.454 0.858
vertex 13.805 16.821 0.718
endloop
endfacet
facet normal -0.601521000915769 -0.7708990605343651 -0.20949253906649032
outer loop
vertex 13.805 16.821 0.718
vertex 12.945 17.454 0.858
vertex 12.963 17.478 0.718
endloop
endfacet
facet normal -0.5760846491637628 -0.7383002657471666 -0.35076943224221735
outer loop
vertex 13.805 16.821 0.718
vertex 12.963 17.478 0.718
vertex 13.836 16.86 0.585
endloop
endfacet
facet normal -0.5764054067676246 -0.7393406737262523 -0.34804047928805676
outer loop
vertex 13.836 16.86 0.585
vertex 12.963 17.478 0.718
vertex 12.992 17.518 0.585
endloop
endfacet
facet normal -0.540965132870018 -0.6938823284837295 -0.4752725946621806
outer loop
vertex 13.836 16.86 0.585
vertex 12.992 17.518 0.585
vertex 13.88 16.912 0.459
endloop
endfacet
facet normal -0.5403652987199191 -0.6924196792976872 -0.47807983816578214
outer loop
vertex 13.88 16.912 0.459
vertex 12.992 17.518 0.585
vertex 13.033 17.573 0.459
endloop
endfacet
facet normal -0.4910605049561641 -0.6292409193613778 -0.6024246391653025
outer loop
vertex 13.88 16.912 0.459
vertex 13.033 17.573 0.459
vertex 13.934 16.979 0.345
endloop
endfacet
facet normal -0.4914593604604455 -0.6300761031544168 -0.6012252500099732
outer loop
vertex 13.934 16.979 0.345
vertex 13.033 17.573 0.459
vertex 13.084 17.642 0.345
endloop
endfacet
facet normal -0.43518343581498103 -0.5579274818140778 -0.7066344898381837
outer loop
vertex 13.934 16.979 0.345
vertex 13.084 17.642 0.345
vertex 13.998 17.057 0.244
endloop
endfacet
facet normal -0.43533808909474814 -0.5582263184488203 -0.7063031400003891
outer loop
vertex 13.998 17.057 0.244
vertex 13.084 17.642 0.345
vertex 13.144 17.723 0.244
endloop
endfacet
facet normal -0.3682766682682994 -0.47223464669838927 -0.8008537532326663
outer loop
vertex 13.998 17.057 0.244
vertex 13.144 17.723 0.244
vertex 14.07 17.145 0.159
endloop
endfacet
facet normal -0.3671417812611571 -0.47016066913742116 -0.8025932080753221
outer loop
vertex 14.07 17.145 0.159
vertex 13.144 17.723 0.244
vertex 13.212 17.815 0.159
endloop
endfacet
facet normal -0.2961791986010392 -0.3792861976114793 -0.8765956095130022
outer loop
vertex 14.07 17.145 0.159
vertex 13.212 17.815 0.159
vertex 14.15 17.242 0.09
endloop
endfacet
facet normal -0.297223716715071 -0.38113531578767723 -0.8754392801796747
outer loop
vertex 14.15 17.242 0.09
vertex 13.212 17.815 0.159
vertex 13.287 17.915 0.09
endloop
endfacet
facet normal -0.21190044925072934 -0.2717237558742642 -0.9387568375787855
outer loop
vertex 14.15 17.242 0.09
vertex 13.287 17.915 0.09
vertex 14.235 17.345 0.041
endloop
endfacet
facet normal -0.21161054602328244 -0.2712235464516699 -0.9389668602575423
outer loop
vertex 14.235 17.345 0.041
vertex 13.287 17.915 0.09
vertex 13.366 18.023 0.041
endloop
endfacet
facet normal -0.13364068514556424 -0.17128872476621704 -0.9761149215342358
outer loop
vertex 14.235 17.345 0.041
vertex 13.366 18.023 0.041
vertex 14.323 17.453 0.01
endloop
endfacet
facet normal -0.13311808863494934 -0.17039896096526472 -0.9763420346272795
outer loop
vertex 14.323 17.453 0.01
vertex 13.366 18.023 0.041
vertex 13.45 18.135 0.01
endloop
endfacet
facet normal -0.043219444186535484 -0.055323423423527 -0.9975326553376125
outer loop
vertex 14.323 17.453 0.01
vertex 13.45 18.135 0.01
vertex 14.413 17.563 0.0
endloop
endfacet
facet normal -0.043356428973558944 -0.055554374734341536 -0.9975138753493793
outer loop
vertex 14.413 17.563 0.0
vertex 13.45 18.135 0.01
vertex 13.534 18.249 0.0
endloop
endfacet
facet normal 0.0 0.0 -0.9999999999999999
outer loop
vertex 13.534 18.249 0.0
vertex 12.623 18.891 0.0
vertex 20.849 28.112 0.0
endloop
endfacet
facet normal -0.0 0.0 -1.0
outer loop
vertex 20.849 28.112 0.0
vertex 12.623 18.891 0.0
vertex 19.445 29.101 0.0
endloop
endfacet
facet normal 0.5758827793761245 0.8175322772943157 0.0
outer loop
vertex 20.849 28.112 0.0
vertex 19.445 29.101 0.0
vertex 20.849 28.112 3.0
endloop
endfacet
facet normal 0.5758827793761245 0.8175322772943157 -0.0
outer loop
vertex 20.849 28.112 3.0
vertex 19.445 29.101 0.0
vertex 19.445 29.101 3.0
endloop
endfacet
facet normal 0.0 0.0 1.0
outer loop
vertex 20.849 28.112 3.0
vertex 19.445 29.101 3.0
vertex 17.895 24.128 3.0
endloop
endfacet
facet normal 0.0 -0.0 1.0
outer loop
vertex 17.895 24.128 3.0
vertex 19.445 29.101 3.0
vertex 16.689 24.977 3.0
endloop
endfacet
facet normal 0.5756445527251676 0.8177000360265625 0.0
outer loop
vertex 17.895 24.128 3.0
vertex 16.689 24.977 3.0
vertex 17.895 24.128 52.0
endloop
endfacet
facet normal 0.5756445527251676 0.8177000360265625 -0.0
outer loop
vertex 17.895 24.128 52.0
vertex 16.689 24.977 3.0
vertex 16.689 24.977 52.0
endloop
endfacet
facet normal 0.4071037808702934 0.5782887629323599 0.7069997300333805
outer loop
vertex 17.895 24.128 52.0
vertex 16.689 24.977 52.0
vertex 17.299 23.325 53.0
endloop
endfacet
facet normal 0.4075364211926617 0.5782946780626671 0.7067455912320032
outer loop
vertex 17.299 23.325 53.0
vertex 16.689 24.977 52.0
vertex 16.134 24.146 53.0
endloop
endfacet
facet normal 0.0 0.0 1.0
outer loop
vertex 17.299 23.325 53.0
vertex 16.134 24.146 53.0
vertex 12.939 17.446 53.0
endloop
endfacet
facet normal 0.0 -0.0 1.0
outer loop
vertex 12.939 17.446 53.0
vertex 16.134 24.146 53.0
vertex 12.067 18.06 53.0
endloop
endfacet
facet normal -0.5757256483397118 -0.8176429403130797 0.0
outer loop
vertex 12.939 17.446 53.0
vertex 12.067 18.06 53.0
vertex 12.939 17.446 1.0
endloop
endfacet
facet normal -0.5757256483397118 -0.8176429403130797 -0.0
outer loop
vertex 12.939 17.446 1.0
vertex 12.067 18.06 53.0
vertex 12.067 18.06 1.0
endloop
endfacet
facet normal -0.5743046045374165 -0.8156247803853899 -0.07021708359371136
outer loop
vertex 12.939 17.446 1.0
vertex 12.067 18.06 1.0
vertex 12.945 17.454 0.858
endloop
endfacet
facet normal -0.5743046045374178 -0.8156247803853871 -0.07021708359373179
outer loop
vertex 12.945 17.454 0.858
vertex 12.067 18.06 1.0
vertex 12.073 18.068 0.858
endloop
endfacet
facet normal -0.5629570546269465 -0.7995090417503202 -0.20943888560923443
outer loop
vertex 12.945 17.454 0.858
vertex 12.073 18.068 0.858
vertex 12.963 17.478 0.718
endloop
endfacet
facet normal -0.5629804053961792 -0.8000729663679044 -0.2072107903252525
outer loop
vertex 12.963 17.478 0.718
vertex 12.073 18.068 0.858
vertex 12.089 18.093 0.718
endloop
endfacet
facet normal -0.5394582880170816 -0.7666447865478534 -0.3481961038677422
outer loop
vertex 12.963 17.478 0.718
vertex 12.089 18.093 0.718
vertex 12.992 17.518 0.585
endloop
endfacet
facet normal -0.538803809061868 -0.7641058880537016 -0.35472897708262585
outer loop
vertex 12.992 17.518 0.585
vertex 12.089 18.093 0.718
vertex 12.117 18.135 0.585
endloop
endfacet
facet normal -0.5061680935746539 -0.7178234714389328 -0.47804113306112056
outer loop
vertex 12.992 17.518 0.585
vertex 12.117 18.135 0.585
vertex 13.033 17.573 0.459
endloop
endfacet
facet normal -0.5062638567266935 -0.7180931602682344 -0.4775344181817617
outer loop
vertex 13.033 17.573 0.459
vertex 12.117 18.135 0.585
vertex 12.155 18.192 0.459
endloop
endfacet
facet normal -0.46042199911957904 -0.6530702992358491 -0.6012576544067683
outer loop
vertex 13.033 17.573 0.459
vertex 12.155 18.192 0.459
vertex 13.084 17.642 0.345
endloop
endfacet
facet normal -0.46054716600958806 -0.6533688458203636 -0.6008372984360265
outer loop
vertex 13.084 17.642 0.345
vertex 12.155 18.192 0.459
vertex 12.203 18.263 0.345
endloop
endfacet
facet normal -0.40784657094360904 -0.5786035893741037 -0.7063137128308803
outer loop
vertex 13.084 17.642 0.345
vertex 12.203 18.263 0.345
vertex 13.144 17.723 0.244
endloop
endfacet
facet normal -0.40883933081498414 -0.580774972345522 -0.7039537151516526
outer loop
vertex 13.144 17.723 0.244
vertex 12.203 18.263 0.345
vertex 12.259 18.346 0.244
endloop
endfacet
facet normal -0.3433608113677853 -0.4877597400649909 -0.8026168383410536
outer loop
vertex 13.144 17.723 0.244
vertex 12.259 18.346 0.244
vertex 13.212 17.815 0.159
endloop
endfacet
facet normal -0.3439908245335443 -0.48906043743587174 -0.801554864729649
outer loop
vertex 13.212 17.815 0.159
vertex 12.259 18.346 0.244
vertex 12.322 18.441 0.159
endloop
endfacet
facet normal -0.2781255992739625 -0.3954181842712902 -0.875380266270662
outer loop
vertex 13.212 17.815 0.159
vertex 12.322 18.441 0.159
vertex 13.287 17.915 0.09
endloop
endfacet
facet normal -0.2765099145396235 -0.39219710540881664 -0.87733898674927
outer loop
vertex 13.287 17.915 0.09
vertex 12.322 18.441 0.159
vertex 12.392 18.546 0.09
endloop
endfacet
facet normal -0.19816560896844848 -0.28107483363987573 -0.939003370237019
outer loop
vertex 13.287 17.915 0.09
vertex 12.392 18.546 0.09
vertex 13.366 18.023 0.041
endloop
endfacet
facet normal -0.19861594484000084 -0.28194692485173617 -0.9386467056469987
outer loop
vertex 13.366 18.023 0.041
vertex 12.392 18.546 0.09
vertex 12.466 18.657 0.041
endloop
endfacet
facet normal -0.12455731454442322 -0.1768163771135345 -0.9763306018854093
outer loop
vertex 13.366 18.023 0.041
vertex 12.466 18.657 0.041
vertex 13.45 18.135 0.01
endloop
endfacet
facet normal -0.12508216896867927 -0.17782057563415743 -0.9760810898113065
outer loop
vertex 13.45 18.135 0.01
vertex 12.466 18.657 0.041
vertex 12.543 18.773 0.01
endloop
endfacet
facet normal -0.04053852453390436 -0.05763078644553505 -0.997514571563886
outer loop
vertex 13.45 18.135 0.01
vertex 12.543 18.773 0.01
vertex 13.534 18.249 0.0
endloop
endfacet
facet normal -0.04031436107777069 -0.05720620395926664 -0.9975480953415038
outer loop
vertex 13.534 18.249 0.0
vertex 12.543 18.773 0.01
vertex 12.623 18.891 0.0
endloop
endfacet
facet normal 0.0 0.0 -1.0
outer loop
vertex 12.623 18.891 0.0
vertex 11.68 19.488 0.0
vertex 19.445 29.101 0.0
endloop
endfacet
facet normal -0.0 0.0 -1.0
outer loop
vertex 19.445 29.101 0.0
vertex 11.68 19.488 0.0
vertex 17.994 30.021 0.0
endloop
endfacet
facet normal 0.535481275972437 0.8445470993869619 0.0
outer loop
vertex 19.445 29.101 0.0
vertex 17.994 30.021 0.0
vertex 19.445 29.101 3.0
endloop
endfacet
facet normal 0.535481275972437 0.8445470993869619 -0.0
outer loop
vertex 19.445 29.101 3.0
vertex 17.994 30.021 0.0
vertex 17.994 30.021 3.0
endloop
endfacet
facet normal 0.0 0.0 1.0
outer loop
vertex 19.445 29.101 3.0
vertex 17.994 30.021 3.0
vertex 16.689 24.977 3.0
endloop
endfacet
facet normal 0.0 -0.0 0.9999999999999999
outer loop
vertex 16.689 24.977 3.0
vertex 17.994 30.021 3.0
vertex 15.444 25.766 3.0
endloop
endfacet
facet normal 0.5352941693291999 0.8446657044548227 0.0
outer loop
vertex 16.689 24.977 3.0
vertex 15.444 25.766 3.0
vertex 16.689 24.977 52.0
endloop
endfacet
facet normal 0.5352941693291999 0.8446657044548227 -0.0
outer loop
vertex 16.689 24.977 52.0
vertex 15.444 25.766 3.0
vertex 15.444 25.766 52.0
endloop
endfacet
facet normal 0.378698404744071 0.5975659238357026 0.706754897340428
outer loop
vertex 16.689 24.977 52.0
vertex 15.444 25.766 52.0
vertex 16.134 24.146 53.0
endloop
endfacet
facet normal 0.378172848863622 0.597532952797639 0.7070641178162745
outer loop
vertex 16.134 24.146 53.0
vertex 15.444 25.766 52.0
vertex 14.93 24.908 53.0
endloop
endfacet
facet normal 0.0 0.0 1.0
outer loop
vertex 16.134 24.146 53.0
vertex 14.93 24.908 53.0
vertex 12.067 18.06 53.0
endloop
endfacet
facet normal 0.0 -0.0 1.0
outer loop
vertex 12.067 18.06 53.0
vertex 14.93 24.908 53.0
vertex 11.166 18.63 53.0
endloop
endfacet
facet normal -0.5346280423225078 -0.8450874844431213 0.0
outer loop
vertex 12.067 18.06 53.0
vertex 11.166 18.63 53.0
vertex 12.067 18.06 1.0
endloop
endfacet
facet normal -0.5346280423225078 -0.8450874844431213 -0.0
outer loop
vertex 12.067 18.06 1.0
vertex 11.166 18.63 53.0
vertex 11.166 18.63 1.0
endloop
endfacet
facet normal -0.5333155392565173 -0.843012808544073 -0.07002813875981724
outer loop
vertex 12.067 18.06 1.0
vertex 11.166 18.63 1.0
vertex 12.073 18.068 0.858
endloop
endfacet
facet normal -0.5337519328514583 -0.8422250288952112 -0.07593335814905675
outer loop
vertex 12.073 18.068 0.858
vertex 11.166 18.63 1.0
vertex 11.172 18.639 0.858
endloop
endfacet
facet normal -0.5236580331463245 -0.8262975269086514 -0.20739976216468814
outer loop
vertex 12.073 18.068 0.858
vertex 11.172 18.639 0.858
vertex 12.089 18.093 0.718
endloop
endfacet
facet normal -0.523661676602645 -0.8257741823349422 -0.20946467064105262
outer loop
vertex 12.089 18.093 0.718
vertex 11.172 18.639 0.858
vertex 11.187 18.665 0.718
endloop
endfacet
facet normal -0.5007101658364705 -0.7895814153575134 -0.3547541660784829
outer loop
vertex 12.089 18.093 0.718
vertex 11.187 18.665 0.718
vertex 12.117 18.135 0.585
endloop
endfacet
facet normal -0.5012451624280968 -0.7921776692919598 -0.3481491453638646
outer loop
vertex 12.117 18.135 0.585
vertex 11.187 18.665 0.718
vertex 11.213 18.707 0.585
endloop
endfacet
facet normal -0.46978511147250157 -0.7424575887607392 -0.47755489520091654
outer loop
vertex 12.117 18.135 0.585
vertex 11.213 18.707 0.585
vertex 12.155 18.192 0.459
endloop
endfacet
facet normal -0.4697102631666856 -0.7422076806484065 -0.47801676483403355
outer loop
vertex 12.155 18.192 0.459
vertex 11.213 18.707 0.585
vertex 11.248 18.766 0.459
endloop
endfacet
facet normal -0.4275161429021364 -0.6755350899167928 -0.6007347916087353
outer loop
vertex 12.155 18.192 0.459
vertex 11.248 18.766 0.459
vertex 12.203 18.263 0.345
endloop
endfacet
facet normal -0.4280416720320016 -0.6769895194811725 -0.5987198990485448
outer loop
vertex 12.203 18.263 0.345
vertex 11.248 18.766 0.459
vertex 11.292 18.839 0.345
endloop
endfacet
facet normal -0.37960991863021054 -0.6003899928335478 -0.7038665826581749
outer loop
vertex 12.203 18.263 0.345
vertex 11.292 18.839 0.345
vertex 12.259 18.346 0.244
endloop
endfacet
facet normal -0.377970853135646 -0.5962816045157198 -0.7082275639200092
outer loop
vertex 12.259 18.346 0.244
vertex 11.292 18.839 0.345
vertex 11.344 18.926 0.244
endloop
endfacet
facet normal -0.3200823198564638 -0.5049574528770095 -0.8016016961679081
outer loop
vertex 12.259 18.346 0.244
vertex 11.344 18.926 0.244
vertex 12.322 18.441 0.159
endloop
endfacet
facet normal -0.3202734636728396 -0.5054058088833815 -0.8012427078070272
outer loop
vertex 12.322 18.441 0.159
vertex 11.344 18.926 0.244
vertex 11.402 19.024 0.159
endloop
endfacet
facet normal -0.2568466567025236 -0.4053154788444612 -0.8773534963455845
outer loop
vertex 12.322 18.441 0.159
vertex 11.402 19.024 0.159
vertex 12.392 18.546 0.09
endloop
endfacet
facet normal -0.25803020391654774 -0.40799647627830093 -0.875762119077592
outer loop
vertex 12.392 18.546 0.09
vertex 11.402 19.024 0.159
vertex 11.467 19.131 0.09
endloop
endfacet
facet normal -0.18433485529469168 -0.29146964298733224 -0.9386512176204332
outer loop
vertex 12.392 18.546 0.09
vertex 11.467 19.131 0.09
vertex 12.466 18.657 0.041
endloop
endfacet
facet normal -0.1836653421884076 -0.2899979087185389 -0.9392381247679894
outer loop
vertex 12.466 18.657 0.041
vertex 11.467 19.131 0.09
vertex 11.536 19.246 0.041
endloop
endfacet
facet normal -0.11630900765818003 -0.18364580156554777 -0.9760873087510753
outer loop
vertex 12.466 18.657 0.041
vertex 11.536 19.246 0.041
vertex 12.543 18.773 0.01
endloop
endfacet
facet normal -0.11620313357117358 -0.1834167504597276 -0.9761429851200253
outer loop
vertex 12.543 18.773 0.01
vertex 11.536 19.246 0.041
vertex 11.607 19.366 0.01
endloop
endfacet
facet normal -0.03746612136314017 -0.0591370819492398 -0.9975465379061428
outer loop
vertex 12.543 18.773 0.01
vertex 11.607 19.366 0.01
vertex 12.623 18.891 0.0
endloop
endfacet
facet normal -0.037542647525238046 -0.05930103285812292 -0.9975339278033382
outer loop
vertex 12.623 18.891 0.0
vertex 11.607 19.366 0.01
vertex 11.68 19.488 0.0
endloop
endfacet
facet normal 0.0 0.0 -1.0
outer loop
vertex 11.68 19.488 0.0
vertex 10.71 20.037 0.0
vertex 17.994 30.021 0.0
endloop
endfacet
facet normal -0.0 0.0 -1.0
outer loop
vertex 17.994 30.021 0.0
vertex 10.71 20.037 0.0
vertex 16.499 30.867 0.0
endloop
endfacet
facet normal 0.4924983926643023 0.8703133534670595 0.0
outer loop
vertex 17.994 30.021 0.0
vertex 16.499 30.867 0.0
vertex 17.994 30.021 3.0
endloop
endfacet
facet normal 0.4924983926643023 0.8703133534670595 -0.0
outer loop
vertex 17.994 30.021 3.0
vertex 16.499 30.867 0.0
vertex 16.499 30.867 3.0
endloop
endfacet
facet normal 0.0 0.0 1.0
outer loop
vertex 17.994 30.021 3.0
vertex 16.499 30.867 3.0
vertex 15.444 25.766 3.0
endloop
endfacet
facet normal 0.0 -0.0 0.9999999999999999
outer loop
vertex 15.444 25.766 3.0
vertex 16.499 30.867 3.0
vertex 14.161 26.493 3.0
endloop
endfacet
facet normal 0.4929954619682252 0.8700318813001833 0.0
outer loop
vertex 15.444 25.766 3.0
vertex 14.161 26.493 3.0
vertex 15.444 25.766 52.0
endloop
endfacet
facet normal 0.4929954619682252 0.8700318813001833 -0.0
outer loop
vertex 15.444 25.766 52.0
vertex 14.161 26.493 3.0
vertex 14.161 26.493 52.0
endloop
endfacet
facet normal 0.348620126966484 0.6152401965584583 0.7070668339079285
outer loop
vertex 15.444 25.766 52.0
vertex 14.161 26.493 52.0
vertex 14.93 24.908 53.0
endloop
endfacet
facet normal 0.34851365183379707 0.6152282246454372 0.7071297378028264
outer loop
vertex 14.93 24.908 53.0
vertex 14.161 26.493 52.0
vertex 13.689 25.611 53.0
endloop
endfacet
facet normal 0.0 0.0 1.0
outer loop
vertex 14.93 24.908 53.0
vertex 13.689 25.611 53.0
vertex 11.166 18.63 53.0
endloop
endfacet
facet normal 0.0 -0.0 1.0
outer loop
vertex 11.166 18.63 53.0
vertex 13.689 25.611 53.0
vertex 10.239 19.155 53.0
endloop
endfacet
facet normal -0.4927994035317342 -0.8701429468074582 0.0
outer loop
vertex 11.166 18.63 53.0
vertex 10.239 19.155 53.0
vertex 11.166 18.63 1.0
endloop
endfacet
facet normal -0.4927994035317342 -0.8701429468074582 -0.0
outer loop
vertex 11.166 18.63 1.0
vertex 10.239 19.155 53.0
vertex 10.239 19.155 1.0
endloop
endfacet
facet normal -0.4913833587118705 -0.8676426162398131 -0.07575411055232341
outer loop
vertex 11.166 18.63 1.0
vertex 10.239 19.155 1.0
vertex 11.172 18.639 0.858
endloop
endfacet
facet normal -0.49110809183854204 -0.8680920175736487 -0.07231245505179827
outer loop
vertex 11.172 18.639 0.858
vertex 10.239 19.155 1.0
vertex 10.244 19.164 0.858
endloop
endfacet
facet normal -0.4814561558271772 -0.8510310716335601 -0.20963321571342472
outer loop
vertex 11.172 18.639 0.858
vertex 10.244 19.164 0.858
vertex 11.187 18.665 0.718
endloop
endfacet
facet normal -0.48148965695655604 -0.8503876260696596 -0.21215229358050086
outer loop
vertex 11.187 18.665 0.718
vertex 10.244 19.164 0.858
vertex 10.258 19.191 0.718
endloop
endfacet
facet normal -0.4619213340892133 -0.8158268429066149 -0.34792994051427484
outer loop
vertex 11.187 18.665 0.718
vertex 10.258 19.191 0.718
vertex 11.213 18.707 0.585
endloop
endfacet
facet normal -0.46182377924705875 -0.8151889436709454 -0.3495508304075565
outer loop
vertex 11.213 18.707 0.585
vertex 10.258 19.191 0.718
vertex 10.281 19.235 0.585
endloop
endfacet
facet normal -0.4329338665805057 -0.7641938705549843 -0.4780962197861899
outer loop
vertex 11.213 18.707 0.585
vertex 10.281 19.235 0.585
vertex 11.248 18.766 0.459
endloop
endfacet
facet normal -0.43301826271554517 -0.7645350801064579 -0.47747386885715876
outer loop
vertex 11.248 18.766 0.459
vertex 10.281 19.235 0.585
vertex 10.314 19.295 0.459
endloop
endfacet
facet normal -0.3947515883946563 -0.6969716135361177 -0.5986666462938759
outer loop
vertex 11.248 18.766 0.459
vertex 10.314 19.295 0.459
vertex 11.292 18.839 0.345
endloop
endfacet
facet normal -0.3941052144818065 -0.6948697202705539 -0.6015290115774726
outer loop
vertex 11.292 18.839 0.345
vertex 10.314 19.295 0.459
vertex 10.354 19.371 0.345
endloop
endfacet
facet normal -0.34827563550707846 -0.6140649362887967 -0.7082572525098327
outer loop
vertex 11.292 18.839 0.345
vertex 10.354 19.371 0.345
vertex 11.344 18.926 0.244
endloop
endfacet
facet normal -0.3491143927690317 -0.6165072516501784 -0.705718038188237
outer loop
vertex 11.344 18.926 0.244
vertex 10.354 19.371 0.345
vertex 10.401 19.46 0.244
endloop
endfacet
facet normal -0.2947826410791808 -0.5205618549394496 -0.8013229996077624
outer loop
vertex 11.344 18.926 0.244
vertex 10.401 19.46 0.244
vertex 11.402 19.024 0.159
endloop
endfacet
facet normal -0.2950552116041488 -0.5213009055767347 -0.8007420233446645
outer loop
vertex 11.402 19.024 0.159
vertex 10.401 19.46 0.244
vertex 10.455 19.56 0.159
endloop
endfacet
facet normal -0.2378428162597547 -0.42021855783206796 -0.8756980977523964
outer loop
vertex 11.402 19.024 0.159
vertex 10.455 19.56 0.159
vertex 11.467 19.131 0.09
endloop
endfacet
facet normal -0.23728207388202424 -0.418758919276981 -0.8765490202722379
outer loop
vertex 11.467 19.131 0.09
vertex 10.455 19.56 0.159
vertex 10.514 19.671 0.09
endloop
endfacet
facet normal -0.16922942439357003 -0.29865859527235683 -0.9392360967240152
outer loop
vertex 11.467 19.131 0.09
vertex 10.514 19.671 0.09
vertex 11.536 19.246 0.041
endloop
endfacet
facet normal -0.16952190055850658 -0.29939503247809746 -0.9389488483184113
outer loop
vertex 11.536 19.246 0.041
vertex 10.514 19.671 0.09
vertex 10.577 19.789 0.041
endloop
endfacet
facet normal -0.10695380092484974 -0.18889262446948496 -0.976155961354925
outer loop
vertex 11.536 19.246 0.041
vertex 10.577 19.789 0.041
vertex 11.607 19.366 0.01
endloop
endfacet
facet normal -0.10687178635379131 -0.18868938103489885 -0.9762042505368517
outer loop
vertex 11.607 19.366 0.01
vertex 10.577 19.789 0.041
vertex 10.643 19.912 0.01
endloop
endfacet
facet normal -0.034588648376813004 -0.061068602628658854 -0.9975340852203738
outer loop
vertex 11.607 19.366 0.01
vertex 10.643 19.912 0.01
vertex 11.68 19.488 0.0
endloop
endfacet
facet normal -0.03465349831597091 -0.06122749247084111 -0.9975220946025196
outer loop
vertex 11.68 19.488 0.0
vertex 10.643 19.912 0.01
vertex 10.71 20.037 0.0
endloop
endfacet
facet normal 0.0 0.0 -0.9999999999999999
outer loop
vertex 10.71 20.037 0.0
vertex 9.714 20.539 0.0
vertex 16.499 30.867 0.0
endloop
endfacet
facet normal -0.0 0.0 -1.0
outer loop
vertex 16.499 30.867 0.0
vertex 9.714 20.539 0.0
vertex 14.964 31.64 0.0
endloop
endfacet
facet normal 0.4497719141044609 0.8931434516822083 0.0
outer loop
vertex 16.499 30.867 0.0
vertex 14.964 31.64 0.0
vertex 16.499 30.867 3.0
endloop
endfacet
facet normal 0.4497719141044609 0.8931434516822083 -0.0
outer loop
vertex 16.499 30.867 3.0
vertex 14.964 31.64 0.0
vertex 14.964 31.64 3.0
endloop
endfacet
facet normal 0.0 0.0 1.0
outer loop
vertex 16.499 30.867 3.0
vertex 14.964 31.64 3.0
vertex 14.161 26.493 3.0
endloop
endfacet
facet normal 0.0 -0.0 1.0
outer loop
vertex 14.161 26.493 3.0
vertex 14.964 31.64 3.0
vertex 12.844 27.156 3.0
endloop
endfacet
facet normal 0.44965348668385835 0.8932030798833204 0.0
outer loop
vertex 14.161 26.493 3.0
vertex 12.844 27.156 3.0
vertex 14.161 26.493 52.0
endloop
endfacet
facet normal 0.44965348668385835 0.8932030798833204 -0.0
outer loop
vertex 14.161 26.493 52.0
vertex 12.844 27.156 3.0
vertex 12.844 27.156 52.0
endloop
endfacet
facet normal 0.3179464222777558 0.6315768297734605 0.7071214751752916
outer loop
vertex 14.161 26.493 52.0
vertex 12.844 27.156 52.0
vertex 13.689 25.611 53.0
endloop
endfacet
facet normal 0.318027642093036 0.6315899974796192 0.7070731885373949
outer loop
vertex 13.689 25.611 53.0
vertex 12.844 27.156 52.0
vertex 12.416 26.252 53.0
endloop
endfacet
facet normal 0.0 0.0 1.0
outer loop
vertex 13.689 25.611 53.0
vertex 12.416 26.252 53.0
vertex 10.239 19.155 53.0
endloop
endfacet
facet normal 0.0 -0.0 0.9999999999999999
outer loop
vertex 10.239 19.155 53.0
vertex 12.416 26.252 53.0
vertex 9.286 19.635 53.0
endloop
endfacet
facet normal -0.44983571257027316 -0.8931113209988969 0.0
outer loop
vertex 10.239 19.155 53.0
vertex 9.286 19.635 53.0
vertex 10.239 19.155 1.0
endloop
endfacet
facet normal -0.44983571257027316 -0.8931113209988969 -0.0
outer loop
vertex 10.239 19.155 1.0
vertex 9.286 19.635 53.0
vertex 9.286 19.635 1.0
endloop
endfacet
facet normal -0.448659909497565 -0.8907768619816241 -0.07225557257269216
outer loop
vertex 10.239 19.155 1.0
vertex 9.286 19.635 1.0
vertex 10.244 19.164 0.858
endloop
endfacet
facet normal -0.4486599094975635 -0.8907768619816262 -0.07225557257267565
outer loop
vertex 10.244 19.164 0.858
vertex 9.286 19.635 1.0
vertex 9.291 19.644 0.858
endloop
endfacet
facet normal -0.4395838616574705 -0.8727571253324413 -0.21227583176555692
outer loop
vertex 10.244 19.164 0.858
vertex 9.291 19.644 0.858
vertex 10.258 19.191 0.718
endloop
endfacet
facet normal -0.4395069323754396 -0.8735200280961843 -0.20927593485341814
outer loop
vertex 10.258 19.191 0.718
vertex 9.291 19.644 0.858
vertex 9.304 19.671 0.718
endloop
endfacet
facet normal -0.4210832278019966 -0.8369029152564664 -0.3496890414340711
outer loop
vertex 10.258 19.191 0.718
vertex 9.304 19.671 0.718
vertex 10.281 19.235 0.585
endloop
endfacet
facet normal -0.42108465340257767 -0.8369166915859946 -0.34965435220169094
outer loop
vertex 10.281 19.235 0.585
vertex 9.304 19.671 0.718
vertex 9.325 19.716 0.585
endloop
endfacet
facet normal -0.39496519568383337 -0.7850035905899042 -0.4772544991504949
outer loop
vertex 10.281 19.235 0.585
vertex 9.325 19.716 0.585
vertex 10.314 19.295 0.459
endloop
endfacet
facet normal -0.39497171855512686 -0.7850369561344193 -0.4771942152256412
outer loop
vertex 10.314 19.295 0.459
vertex 9.325 19.716 0.585
vertex 9.354 19.778 0.459
endloop
endfacet
facet normal -0.35899752168581767 -0.7135354468289594 -0.6016543405827289
outer loop
vertex 10.314 19.295 0.459
vertex 9.354 19.778 0.459
vertex 10.354 19.371 0.345
endloop
endfacet
facet normal -0.3593834681480017 -0.7150542971622399 -0.5996172737102635
outer loop
vertex 10.354 19.371 0.345
vertex 9.354 19.778 0.459
vertex 9.391 19.855 0.345
endloop
endfacet
facet normal -0.31812536016729404 -0.6329643013245925 -0.7057991558985459
outer loop
vertex 10.354 19.371 0.345
vertex 9.391 19.855 0.345
vertex 10.401 19.46 0.244
endloop
endfacet
facet normal -0.31725419743094574 -0.6299482729275683 -0.7088828871174845
outer loop
vertex 10.401 19.46 0.244
vertex 9.391 19.855 0.345
vertex 9.434 19.947 0.244
endloop
endfacet
facet normal -0.2694695055632845 -0.5350657328125197 -0.8006814891960974
outer loop
vertex 10.401 19.46 0.244
vertex 9.434 19.947 0.244
vertex 10.455 19.56 0.159
endloop
endfacet
facet normal -0.2690287214769505 -0.533665137297132 -0.8017637234585452
outer loop
vertex 10.455 19.56 0.159
vertex 9.434 19.947 0.244
vertex 9.483 20.05 0.159
endloop
endfacet
facet normal -0.21664167777835297 -0.42974634857256766 -0.8765754156591009
outer loop
vertex 10.455 19.56 0.159
vertex 9.483 20.05 0.159
vertex 10.514 19.671 0.09
endloop
endfacet
facet normal -0.21749425249227064 -0.43233613605170784 -0.8750895471874336
outer loop
vertex 10.514 19.671 0.09
vertex 9.483 20.05 0.159
vertex 9.536 20.163 0.09
endloop
endfacet
facet normal -0.15461893773682026 -0.30735227867197135 -0.9389502440961843
outer loop
vertex 10.514 19.671 0.09
vertex 9.536 20.163 0.09
vertex 10.577 19.789 0.041
endloop
endfacet
facet normal -0.15430034541423301 -0.3064186657418019 -0.9393077263016962
outer loop
vertex 10.577 19.789 0.041
vertex 9.536 20.163 0.09
vertex 9.594 20.284 0.041
endloop
endfacet
facet normal -0.0975380760851001 -0.19369682584172515 -0.9762007290370447
outer loop
vertex 10.577 19.789 0.041
vertex 9.594 20.284 0.041
vertex 10.643 19.912 0.01
endloop
endfacet
facet normal -0.09776801799204159 -0.19435810805646783 -0.9760462798917979
outer loop
vertex 10.643 19.912 0.01
vertex 9.594 20.284 0.041
vertex 9.653 20.41 0.01
endloop
endfacet
facet normal -0.03161777442199995 -0.06285461180277087 -0.9975217361620361
outer loop
vertex 10.643 19.912 0.01
vertex 9.653 20.41 0.01
vertex 10.71 20.037 0.0
endloop
endfacet
facet normal -0.03147405247926903 -0.06244652643297176 -0.997551911108885
outer loop
vertex 10.71 20.037 0.0
vertex 9.653 20.41 0.01
vertex 9.714 20.539 0.0
endloop
endfacet
facet normal 0.0 0.0 -1.0
outer loop
vertex 9.714 20.539 0.0
vertex 8.695 20.991 0.0
vertex 14.964 31.64 0.0
endloop
endfacet
facet normal -0.0 0.0 -0.9999999999999999
outer loop
vertex 14.964 31.64 0.0
vertex 8.695 20.991 0.0
vertex 13.394 32.336 0.0
endloop
endfacet
facet normal 0.4052738537934065 0.9141953311144401 0.0
outer loop
vertex 14.964 31.64 0.0
vertex 13.394 32.336 0.0
vertex 14.964 31.64 3.0
endloop
endfacet
facet normal 0.4052738537934065 0.9141953311144401 -0.0
outer loop
vertex 14.964 31.64 3.0
vertex 13.394 32.336 0.0
vertex 13.394 32.336 3.0
endloop
endfacet
facet normal 0.0 0.0 1.0
outer loop
vertex 14.964 31.64 3.0
vertex 13.394 32.336 3.0
vertex 12.844 27.156 3.0
endloop
endfacet
facet normal 0.0 -0.0 1.0
outer loop
vertex 12.844 27.156 3.0
vertex 13.394 32.336 3.0
vertex 11.496 27.753 3.0
endloop
endfacet
facet normal 0.4049423604534112 0.91434221422311 0.0
outer loop
vertex 12.844 27.156 3.0
vertex 11.496 27.753 3.0
vertex 12.844 27.156 52.0
endloop
endfacet
facet normal 0.4049423604534112 0.91434221422311 -0.0
outer loop
vertex 12.844 27.156 52.0
vertex 11.496 27.753 3.0
vertex 11.496 27.753 52.0
endloop
endfacet
facet normal 0.28635457076208864 0.6465761497274611 0.7070645956397985
outer loop
vertex 12.844 27.156 52.0
vertex 11.496 27.753 52.0
vertex 12.416 26.252 53.0
endloop
endfacet
facet normal 0.28631595328630743 0.6465679153068591 0.7070877638521935
outer loop
vertex 12.416 26.252 53.0
vertex 11.496 27.753 52.0
vertex 11.113 26.829 53.0
endloop
endfacet
facet normal 0.0 0.0 1.0
outer loop
vertex 12.416 26.252 53.0
vertex 11.113 26.829 53.0
vertex 9.286 19.635 53.0
endloop
endfacet
facet normal 0.0 -0.0 0.9999999999999999
outer loop
vertex 9.286 19.635 53.0
vertex 11.113 26.829 53.0
vertex 8.312 20.067 53.0
endloop
endfacet
facet normal -0.40544171279185426 -0.9141208987483042 0.0
outer loop
vertex 9.286 19.635 53.0
vertex 8.312 20.067 53.0
vertex 9.286 19.635 1.0
endloop
endfacet
facet normal -0.40544171279185426 -0.9141208987483042 -0.0
outer loop
vertex 9.286 19.635 1.0
vertex 8.312 20.067 53.0
vertex 8.312 20.067 1.0
endloop
endfacet
facet normal -0.40438868705643194 -0.9117467157244585 -0.07202580194929355
outer loop
vertex 9.286 19.635 1.0
vertex 8.312 20.067 1.0
vertex 9.291 19.644 0.858
endloop
endfacet
facet normal -0.40412328303200157 -0.9120837985097208 -0.06919188252617142
outer loop
vertex 9.291 19.644 0.858
vertex 8.312 20.067 1.0
vertex 8.316 20.076 0.858
endloop
endfacet
facet normal -0.39613003985794104 -0.8940434927349314 -0.20920617729998017
outer loop
vertex 9.291 19.644 0.858
vertex 8.316 20.076 0.858
vertex 9.304 19.671 0.718
endloop
endfacet
facet normal -0.39615683582068584 -0.8938688882143424 -0.20990038617162612
outer loop
vertex 9.304 19.671 0.718
vertex 8.316 20.076 0.858
vertex 8.327 20.104 0.718
endloop
endfacet
facet normal -0.3795960715411918 -0.8565019905213502 -0.3497301283896755
outer loop
vertex 9.304 19.671 0.718
vertex 8.327 20.104 0.718
vertex 9.325 19.716 0.585
endloop
endfacet
facet normal -0.3795820434105781 -0.8562461301819303 -0.35037128430954356
outer loop
vertex 9.325 19.716 0.585
vertex 8.327 20.104 0.718
vertex 8.346 20.15 0.585
endloop
endfacet
facet normal -0.3561353949597031 -0.8033561098284587 -0.47726988304122153
outer loop
vertex 9.325 19.716 0.585
vertex 8.346 20.15 0.585
vertex 9.354 19.778 0.459
endloop
endfacet
facet normal -0.35609015764888696 -0.8030447003530029 -0.47782738395841906
outer loop
vertex 9.354 19.778 0.459
vertex 8.346 20.15 0.585
vertex 8.373 20.213 0.459
endloop
endfacet
facet normal -0.32444049438436945 -0.7316692528530223 -0.5994985154553146
outer loop
vertex 9.354 19.778 0.459
vertex 8.373 20.213 0.459
vertex 9.391 19.855 0.345
endloop
endfacet
facet normal -0.3245760970663982 -0.7323387453260137 -0.5986069823410548
outer loop
vertex 9.391 19.855 0.345
vertex 8.373 20.213 0.459
vertex 8.405 20.292 0.345
endloop
endfacet
facet normal -0.2857595695304201 -0.6447572896041045 -0.7089636844889573
outer loop
vertex 9.391 19.855 0.345
vertex 8.405 20.292 0.345
vertex 9.434 19.947 0.244
endloop
endfacet
facet normal -0.2855900933573538 -0.6440414406008651 -0.7096822678952182
outer loop
vertex 9.434 19.947 0.244
vertex 8.405 20.292 0.345
vertex 8.444 20.386 0.244
endloop
endfacet
facet normal -0.24227869083739012 -0.5463688016606283 -0.8017369696715059
outer loop
vertex 9.434 19.947 0.244
vertex 8.444 20.386 0.244
vertex 9.483 20.05 0.159
endloop
endfacet
facet normal -0.24244970355581585 -0.5470237075692462 -0.8012385441320786
outer loop
vertex 9.483 20.05 0.159
vertex 8.444 20.386 0.244
vertex 8.488 20.491 0.159
endloop
endfacet
facet normal -0.19607858759699065 -0.4423995343741641 -0.8751204714046473
outer loop
vertex 9.483 20.05 0.159
vertex 8.488 20.491 0.159
vertex 9.536 20.163 0.09
endloop
endfacet
facet normal -0.1955102855273114 -0.44033848091736894 -0.8762863404597913
outer loop
vertex 9.536 20.163 0.09
vertex 8.488 20.491 0.159
vertex 8.536 20.607 0.09
endloop
endfacet
facet normal -0.13924863684167854 -0.31362305594972706 -0.9392818511578347
outer loop
vertex 9.536 20.163 0.09
vertex 8.536 20.607 0.09
vertex 9.594 20.284 0.041
endloop
endfacet
facet normal -0.13988886822950525 -0.3158477361145992 -0.9384408943224664
outer loop
vertex 9.594 20.284 0.041
vertex 8.536 20.607 0.09
vertex 8.587 20.73 0.041
endloop
endfacet
facet normal -0.08808929713142526 -0.19889220226758947 -0.9760543876280868
outer loop
vertex 9.594 20.284 0.041
vertex 8.587 20.73 0.041
vertex 9.653 20.41 0.01
endloop
endfacet
facet normal -0.0879574500754472 -0.1984429775644269 -0.9761577083809714
outer loop
vertex 9.653 20.41 0.01
vertex 8.587 20.73 0.041
vertex 8.64 20.859 0.01
endloop
endfacet
facet normal -0.028336317980203796 -0.0639302675143571 -0.9975519906144579
outer loop
vertex 9.653 20.41 0.01
vertex 8.64 20.859 0.01
vertex 9.714 20.539 0.0
endloop
endfacet
facet normal -0.028292899624170465 -0.0637842139757297 -0.9975625724125554
outer loop
vertex 9.714 20.539 0.0
vertex 8.64 20.859 0.01
vertex 8.695 20.991 0.0
endloop
endfacet
facet normal 0.0 0.0 -1.0
outer loop
vertex 8.695 20.991 0.0
vertex 7.654 21.392 0.0
vertex 13.394 32.336 0.0
endloop
endfacet
facet normal -0.0 0.0 -0.9999999999999999
outer loop
vertex 13.394 32.336 0.0
vertex 7.654 21.392 0.0
vertex 11.791 32.954 0.0
endloop
endfacet
facet normal 0.3597200569133035 0.9330602770744716 0.0
outer loop
vertex 13.394 32.336 0.0
vertex 11.791 32.954 0.0
vertex 13.394 32.336 3.0
endloop
endfacet
facet normal 0.3597200569133035 0.9330602770744716 -0.0
outer loop
vertex 13.394 32.336 3.0
vertex 11.791 32.954 0.0
vertex 11.791 32.954 3.0
endloop
endfacet
facet normal 0.0 0.0 0.9999999999999999
outer loop
vertex 13.394 32.336 3.0
vertex 11.791 32.954 3.0
vertex 11.496 27.753 3.0
endloop
endfacet
facet normal 0.0 -0.0 1.0
outer loop
vertex 11.496 27.753 3.0
vertex 11.791 32.954 3.0
vertex 10.12 28.284 3.0
endloop
endfacet
facet normal 0.3600238300016477 0.9329431074995648 0.0
outer loop
vertex 11.496 27.753 3.0
vertex 10.12 28.284 3.0
vertex 11.496 27.753 52.0
endloop
endfacet
facet normal 0.3600238300016477 0.9329431074995648 -0.0
outer loop
vertex 11.496 27.753 52.0
vertex 10.12 28.284 3.0
vertex 10.12 28.284 52.0
endloop
endfacet
facet normal 0.2545843854012871 0.6597139629231114 0.7070815213496479
outer loop
vertex 11.496 27.753 52.0
vertex 10.12 28.284 52.0
vertex 11.113 26.829 53.0
endloop
endfacet
facet normal 0.25444705713846727 0.6596775555441768 0.7071649155782781
outer loop
vertex 11.113 26.829 53.0
vertex 10.12 28.284 52.0
vertex 9.783 27.342 53.0
endloop
endfacet
facet normal 0.0 0.0 1.0
outer loop
vertex 11.113 26.829 53.0
vertex 9.783 27.342 53.0
vertex 8.312 20.067 53.0
endloop
endfacet
facet normal 0.0 -0.0 0.9999999999999999
outer loop
vertex 8.312 20.067 53.0
vertex 9.783 27.342 53.0
vertex 7.317 20.45 53.0
endloop
endfacet
facet normal -0.3592304725007866 -0.933248877645648 0.0
outer loop
vertex 8.312 20.067 53.0
vertex 7.317 20.45 53.0
vertex 8.312 20.067 1.0
endloop
endfacet
facet normal -0.3592304725007866 -0.933248877645648 -0.0
outer loop
vertex 8.312 20.067 1.0
vertex 7.317 20.45 53.0
vertex 7.317 20.45 1.0
endloop
endfacet
facet normal -0.3583717390546166 -0.9310179643847104 -0.06910315940620858
outer loop
vertex 8.312 20.067 1.0
vertex 7.317 20.45 1.0
vertex 8.316 20.076 0.858
endloop
endfacet
facet normal -0.3590159160698879 -0.9302625950248401 -0.07562457475020597
outer loop
vertex 8.316 20.076 0.858
vertex 7.317 20.45 1.0
vertex 7.321 20.46 0.858
endloop
endfacet
facet normal -0.35201214244722007 -0.9121147961848542 -0.21008105614352776
outer loop
vertex 8.316 20.076 0.858
vertex 7.321 20.46 0.858
vertex 8.327 20.104 0.718
endloop
endfacet
facet normal -0.3518891557129268 -0.9127124976304025 -0.20767743921985413
outer loop
vertex 8.327 20.104 0.718
vertex 7.321 20.46 0.858
vertex 7.331 20.488 0.718
endloop
endfacet
facet normal -0.33692726631937053 -0.873905097015866 -0.3503853573142658
outer loop
vertex 8.327 20.104 0.718
vertex 7.331 20.488 0.718
vertex 8.346 20.15 0.585
endloop
endfacet
facet normal -0.3369240300533352 -0.8733770960863046 -0.3517024964433335
outer loop
vertex 8.346 20.15 0.585
vertex 7.331 20.488 0.718
vertex 7.348 20.535 0.585
endloop
endfacet
facet normal -0.31621483288665225 -0.8196945538204615 -0.4776075982430986
outer loop
vertex 8.346 20.15 0.585
vertex 7.348 20.535 0.585
vertex 8.373 20.213 0.459
endloop
endfacet
facet normal -0.3160911175081381 -0.8184064592846348 -0.4798929806046801
outer loop
vertex 8.373 20.213 0.459
vertex 7.348 20.535 0.585
vertex 7.371 20.6 0.459
endloop
endfacet
facet normal -0.28856645461179214 -0.7471410530258787 -0.5987567520756335
outer loop
vertex 8.373 20.213 0.459
vertex 7.371 20.6 0.459
vertex 8.405 20.292 0.345
endloop
endfacet
facet normal -0.2886431344516194 -0.7476452322780376 -0.5980900831696372
outer loop
vertex 8.405 20.292 0.345
vertex 7.371 20.6 0.459
vertex 7.4 20.68 0.345
endloop
endfacet
facet normal -0.2537433560205444 -0.6572476103109486 -0.70967590350524
outer loop
vertex 8.405 20.292 0.345
vertex 7.4 20.68 0.345
vertex 8.444 20.386 0.244
endloop
endfacet
facet normal -0.25430404910977933 -0.6602752946037986 -0.7066583233375503
outer loop
vertex 8.444 20.386 0.244
vertex 7.4 20.68 0.345
vertex 7.434 20.775 0.244
endloop
endfacet
facet normal -0.21508276228827616 -0.5584411051700757 -0.8011759715710833
outer loop
vertex 8.444 20.386 0.244
vertex 7.434 20.775 0.244
vertex 8.488 20.491 0.159
endloop
endfacet
facet normal -0.21463560018149735 -0.556300433123473 -0.8027835245203807
outer loop
vertex 8.488 20.491 0.159
vertex 7.434 20.775 0.244
vertex 7.472 20.883 0.159
endloop
endfacet
facet normal -0.1734223856712235 -0.44948250980092647 -0.8762934152047255
outer loop
vertex 8.488 20.491 0.159
vertex 7.472 20.883 0.159
vertex 8.536 20.607 0.09
endloop
endfacet
facet normal -0.17361291788746955 -0.450336045890845 -0.8758173328462947
outer loop
vertex 8.536 20.607 0.09
vertex 7.472 20.883 0.159
vertex 7.514 21.001 0.09
endloop
endfacet
facet normal -0.12426251852795875 -0.3223256191258202 -0.9384375428041257
outer loop
vertex 8.536 20.607 0.09
vertex 7.514 21.001 0.09
vertex 8.587 20.73 0.041
endloop
endfacet
facet normal -0.12392594339972285 -0.32089639751867893 -0.9389717049049044
outer loop
vertex 8.587 20.73 0.041
vertex 7.514 21.001 0.09
vertex 7.559 21.127 0.041
endloop
endfacet
facet normal -0.07818693428331208 -0.20245886257744358 -0.9761645415969711
outer loop
vertex 8.587 20.73 0.041
vertex 7.559 21.127 0.041
vertex 8.64 20.859 0.01
endloop
endfacet
facet normal -0.07829069073286533 -0.2028886571874269 -0.9760669856773424
outer loop
vertex 8.64 20.859 0.01
vertex 7.559 21.127 0.041
vertex 7.606 21.258 0.01
endloop
endfacet
facet normal -0.025122751229498873 -0.06510507461479205 -0.9975621166774844
outer loop
vertex 8.64 20.859 0.01
vertex 7.606 21.258 0.01
vertex 8.695 20.991 0.0
endloop
endfacet
facet normal -0.025198968190933802 -0.06541677278494291 -0.9975398026347198
outer loop
vertex 8.695 20.991 0.0
vertex 7.606 21.258 0.01
vertex 7.654 21.392 0.0
endloop
endfacet
facet normal 0.0 0.0 -1.0
outer loop
vertex 7.654 21.392 0.0
vertex 6.595 21.742 0.0
vertex 11.791 32.954 0.0
endloop
endfacet
facet normal -0.0 0.0 -1.0
outer loop
vertex 11.791 32.954 0.0
vertex 6.595 21.742 0.0
vertex 10.16 33.493 0.0
endloop
endfacet
facet normal 0.3137816638127325 0.94949516452424 0.0
outer loop
vertex 11.791 32.954 0.0
vertex 10.16 33.493 0.0
vertex 11.791 32.954 3.0
endloop
endfacet
facet normal 0.3137816638127325 0.94949516452424 -0.0
outer loop
vertex 11.791 32.954 3.0
vertex 10.16 33.493 0.0
vertex 10.16 33.493 3.0
endloop
endfacet
facet normal 0.0 0.0 1.0
outer loop
vertex 11.791 32.954 3.0
vertex 10.16 33.493 3.0
vertex 10.12 28.284 3.0
endloop
endfacet
facet normal 0.0 -0.0 1.0
outer loop
vertex 10.12 28.284 3.0
vertex 10.16 33.493 3.0
vertex 8.72 28.746 3.0
endloop
endfacet
facet normal 0.31337745420390195 0.9496286491027328 0.0
outer loop
vertex 10.12 28.284 3.0
vertex 8.72 28.746 3.0
vertex 10.12 28.284 52.0
endloop
endfacet
facet normal 0.31337745420390195 0.9496286491027328 -0.0
outer loop
vertex 10.12 28.284 52.0
vertex 8.72 28.746 3.0
vertex 8.72 28.746 52.0
endloop
endfacet
facet normal 0.22157377476169696 0.6714356810960511 0.7071627736871721
outer loop
vertex 10.12 28.284 52.0
vertex 8.72 28.746 52.0
vertex 9.783 27.342 53.0
endloop
endfacet
facet normal 0.22241136232465158 0.6717021723777975 0.7066465718673233
outer loop
vertex 9.783 27.342 53.0
vertex 8.72 28.746 52.0
vertex 8.43 27.79 53.0
endloop
endfacet
facet normal 0.0 0.0 1.0
outer loop
vertex 9.783 27.342 53.0
vertex 8.43 27.79 53.0
vertex 7.317 20.45 53.0
endloop
endfacet
facet normal 0.0 -0.0 1.0
outer loop
vertex 7.317 20.45 53.0
vertex 8.43 27.79 53.0
vertex 6.305 20.785 53.0
endloop
endfacet
facet normal -0.3142571142622559 -0.9493379093534396 0.0
outer loop
vertex 7.317 20.45 53.0
vertex 6.305 20.785 53.0
vertex 7.317 20.45 1.0
endloop
endfacet
facet normal -0.3142571142622559 -0.9493379093534396 -0.0
outer loop
vertex 7.317 20.45 1.0
vertex 6.305 20.785 53.0
vertex 6.305 20.785 1.0
endloop
endfacet
facet normal -0.3133603747880751 -0.9466289530911384 -0.0754910635920074
outer loop
vertex 7.317 20.45 1.0
vertex 6.305 20.785 1.0
vertex 7.321 20.46 0.858
endloop
endfacet
facet normal -0.31243578342530326 -0.9475971515264446 -0.06665973038038217
outer loop
vertex 7.321 20.46 0.858
vertex 6.305 20.785 1.0
vertex 6.308 20.794 0.858
endloop
endfacet
facet normal -0.30630501553087697 -0.9290029363256846 -0.20767951694590667
outer loop
vertex 7.321 20.46 0.858
vertex 6.308 20.794 0.858
vertex 7.331 20.488 0.718
endloop
endfacet
facet normal -0.30696026547045946 -0.9263622297233454 -0.2182393520066832
outer loop
vertex 7.331 20.488 0.718
vertex 6.308 20.794 0.858
vertex 6.317 20.824 0.718
endloop
endfacet
facet normal -0.29445193183021773 -0.8886138657019019 -0.35165815435416137
outer loop
vertex 7.331 20.488 0.718
vertex 6.317 20.824 0.718
vertex 7.348 20.535 0.585
endloop
endfacet
facet normal -0.294349796167816 -0.8909337580436606 -0.34582544191277376
outer loop
vertex 7.348 20.535 0.585
vertex 6.317 20.824 0.718
vertex 6.331 20.871 0.585
endloop
endfacet
facet normal -0.27521085017918867 -0.8330042697387974 -0.47996132608844777
outer loop
vertex 7.348 20.535 0.585
vertex 6.331 20.871 0.585
vertex 7.371 20.6 0.459
endloop
endfacet
facet normal -0.27520965004777515 -0.8329787627558783 -0.4800062804987736
outer loop
vertex 7.371 20.6 0.459
vertex 6.331 20.871 0.585
vertex 6.351 20.937 0.459
endloop
endfacet
facet normal -0.25143657572006683 -0.7610246505473842 -0.5980143222778186
outer loop
vertex 7.371 20.6 0.459
vertex 6.351 20.937 0.459
vertex 7.4 20.68 0.345
endloop
endfacet
facet normal -0.25154312805913037 -0.7620714885578365 -0.5966348138128307
outer loop
vertex 7.4 20.68 0.345
vertex 6.351 20.937 0.459
vertex 6.376 21.018 0.345
endloop
endfacet
facet normal -0.2217816081645476 -0.671906410534012 -0.7066503334487622
outer loop
vertex 7.4 20.68 0.345
vertex 6.376 21.018 0.345
vertex 7.434 20.775 0.244
endloop
endfacet
facet normal -0.2216238601278007 -0.6707380943279617 -0.7078087831041286
outer loop
vertex 7.434 20.775 0.244
vertex 6.376 21.018 0.345
vertex 6.405 21.115 0.244
endloop
endfacet
facet normal -0.18703940453822282 -0.5660692566759745 -0.8028585540406832
outer loop
vertex 7.434 20.775 0.244
vertex 6.405 21.115 0.244
vertex 7.472 20.883 0.159
endloop
endfacet
facet normal -0.18736840752648606 -0.5681493647577306 -0.8013110377290305
outer loop
vertex 7.472 20.883 0.159
vertex 6.405 21.115 0.244
vertex 6.438 21.224 0.159
endloop
endfacet
facet normal -0.1511539038555921 -0.45833764394921356 -0.8758305209846813
outer loop
vertex 7.472 20.883 0.159
vertex 6.438 21.224 0.159
vertex 7.514 21.001 0.09
endloop
endfacet
facet normal -0.15098578262523454 -0.45735926573649793 -0.8763708093552735
outer loop
vertex 7.514 21.001 0.09
vertex 6.438 21.224 0.159
vertex 6.475 21.344 0.09
endloop
endfacet
facet normal -0.10783374187223967 -0.32664506648763003 -0.938975444116151
outer loop
vertex 7.514 21.001 0.09
vertex 6.475 21.344 0.09
vertex 7.559 21.127 0.041
endloop
endfacet
facet normal -0.10795546643183068 -0.32730845764549027 -0.9387304143475997
outer loop
vertex 7.559 21.127 0.041
vertex 6.475 21.344 0.09
vertex 6.513 21.472 0.041
endloop
endfacet
facet normal -0.06812152681992029 -0.20653657116995985 -0.9760645994774522
outer loop
vertex 7.559 21.127 0.041
vertex 6.513 21.472 0.041
vertex 7.606 21.258 0.01
endloop
endfacet
facet normal -0.06811595727173056 -0.20650716729066354 -0.9760712096064208
outer loop
vertex 7.606 21.258 0.01
vertex 6.513 21.472 0.041
vertex 6.554 21.605 0.01
endloop
endfacet
facet normal -0.021960249903250722 -0.06657689596028722 -0.9975396054034544
outer loop
vertex 7.606 21.258 0.01
vertex 6.554 21.605 0.01
vertex 7.654 21.392 0.0
endloop
endfacet
facet normal -0.021899273918208895 -0.06626094594109465 -0.997561982457655
outer loop
vertex 7.654 21.392 0.0
vertex 6.554 21.605 0.01
vertex 6.595 21.742 0.0
endloop
endfacet
facet normal 0.0 0.0 -1.0
outer loop
vertex 6.595 21.742 0.0
vertex 5.521 22.039 0.0
vertex 10.16 33.493 0.0
endloop
endfacet
facet normal -0.0 0.0 -0.9999999999999999
outer loop
vertex 10.16 33.493 0.0
vertex 5.521 22.039 0.0
vertex 8.504 33.951 0.0
endloop
endfacet
facet normal 0.2665630479668493 0.9638174834783934 0.0
outer loop
vertex 10.16 33.493 0.0
vertex 8.504 33.951 0.0
vertex 10.16 33.493 3.0
endloop
endfacet
facet normal 0.2665630479668493 0.9638174834783934 -0.0
outer loop
vertex 10.16 33.493 3.0
vertex 8.504 33.951 0.0
vertex 8.504 33.951 3.0
endloop
endfacet
facet normal 0.0 0.0 1.0
outer loop
vertex 10.16 33.493 3.0
vertex 8.504 33.951 3.0
vertex 8.72 28.746 3.0
endloop
endfacet
facet normal 0.0 0.0 1.0
outer loop
vertex 8.72 28.746 3.0
vertex 8.504 33.951 3.0
vertex 7.299 29.14 3.0
endloop
endfacet
facet normal 0.26718914647834197 0.9636441044307671 0.0
outer loop
vertex 8.72 28.746 3.0
vertex 7.299 29.14 3.0
vertex 8.72 28.746 52.0
endloop
endfacet
facet normal 0.26718914647834197 0.9636441044307671 -0.0
outer loop
vertex 8.72 28.746 52.0
vertex 7.299 29.14 3.0
vertex 7.299 29.14 52.0
endloop
endfacet
facet normal 0.18905139754303882 0.6818325784483678 0.7066568502841207
outer loop
vertex 8.72 28.746 52.0
vertex 7.299 29.14 52.0
vertex 8.43 27.79 53.0
endloop
endfacet
facet normal 0.18851555800695036 0.6816325702672315 0.7069928737549027
outer loop
vertex 8.43 27.79 53.0
vertex 7.299 29.14 52.0
vertex 7.056 28.17 53.0
endloop
endfacet
facet normal 0.0 0.0 1.0
outer loop
vertex 8.43 27.79 53.0
vertex 7.056 28.17 53.0
vertex 6.305 20.785 53.0
endloop
endfacet
facet normal 0.0 -0.0 1.0
outer loop
vertex 6.305 20.785 53.0
vertex 7.056 28.17 53.0
vertex 5.278 21.069 53.0
endloop
endfacet
facet normal -0.2665304078717941 -0.9638265101561043 0.0
outer loop
vertex 6.305 20.785 53.0
vertex 5.278 21.069 53.0
vertex 6.305 20.785 1.0
endloop
endfacet
facet normal -0.2665304078717941 -0.9638265101561043 -0.0
outer loop
vertex 6.305 20.785 1.0
vertex 5.278 21.069 53.0
vertex 5.278 21.069 1.0
endloop
endfacet
facet normal -0.2659391694863226 -0.9616884755720227 -0.06657051963808101
outer loop
vertex 6.305 20.785 1.0
vertex 5.278 21.069 1.0
vertex 6.308 20.794 0.858
endloop
endfacet
facet normal -0.2664776830038392 -0.9611896776419178 -0.07144262072132772
outer loop
vertex 6.308 20.794 0.858
vertex 5.278 21.069 1.0
vertex 5.28 21.079 0.858
endloop
endfacet
facet normal -0.2607182185522601 -0.9404151883218353 -0.21827799726161815
outer loop
vertex 6.308 20.794 0.858
vertex 5.28 21.079 0.858
vertex 6.317 20.824 0.718
endloop
endfacet
facet normal -0.2599779762947813 -0.9428778717733305 -0.20830931511064202
outer loop
vertex 6.317 20.824 0.718
vertex 5.28 21.079 0.858
vertex 5.287 21.108 0.718
endloop
endfacet
facet normal -0.2494014939238746 -0.9045195026112388 -0.3458950190801491
outer loop
vertex 6.317 20.824 0.718
vertex 5.287 21.108 0.718
vertex 6.331 20.871 0.585
endloop
endfacet
facet normal -0.24972040839970547 -0.9010890261136181 -0.35451133218318354
outer loop
vertex 6.331 20.871 0.585
vertex 5.287 21.108 0.718
vertex 5.299 21.157 0.585
endloop
endfacet
facet normal -0.23428627293367177 -0.8453966212152032 -0.4800150988799911
outer loop
vertex 6.331 20.871 0.585
vertex 5.299 21.157 0.585
vertex 6.351 20.937 0.459
endloop
endfacet
facet normal -0.2342792201476315 -0.8478286463384633 -0.47570982064164546
outer loop
vertex 6.351 20.937 0.459
vertex 5.299 21.157 0.585
vertex 5.316 21.223 0.459
endloop
endfacet
facet normal -0.21376601777273135 -0.7735938055761492 -0.5965372692630355
outer loop
vertex 6.351 20.937 0.459
vertex 5.316 21.223 0.459
vertex 6.376 21.018 0.345
endloop
endfacet
facet normal -0.21360990696858043 -0.7706274074317881 -0.6004200251156148
outer loop
vertex 6.376 21.018 0.345
vertex 5.316 21.223 0.459
vertex 5.337 21.306 0.345
endloop
endfacet
facet normal -0.18867339161758773 -0.6806654648981721 -0.7078819648715962
outer loop
vertex 6.376 21.018 0.345
vertex 5.337 21.306 0.345
vertex 6.405 21.115 0.244
endloop
endfacet
facet normal -0.18878598594675344 -0.6819812087488225 -0.706584377426792
outer loop
vertex 6.405 21.115 0.244
vertex 5.337 21.306 0.345
vertex 5.361 21.404 0.244
endloop
endfacet
facet normal -0.15960300371971933 -0.5765589476933778 -0.80131558142741
outer loop
vertex 6.405 21.115 0.244
vertex 5.361 21.404 0.244
vertex 6.438 21.224 0.159
endloop
endfacet
facet normal -0.15938460153297113 -0.5745513642889568 -0.8027996503411511
outer loop
vertex 6.438 21.224 0.159
vertex 5.361 21.404 0.244
vertex 5.389 21.515 0.159
endloop
endfacet
facet normal -0.12876822564972118 -0.4641851158300938 -0.876328090560165
outer loop
vertex 6.438 21.224 0.159
vertex 5.389 21.515 0.159
vertex 6.475 21.344 0.09
endloop
endfacet
facet normal -0.12900059055210966 -0.46608090079615255 -0.8752870623688288
outer loop
vertex 6.475 21.344 0.09
vertex 5.389 21.515 0.159
vertex 5.42 21.636 0.09
endloop
endfacet
facet normal -0.09191299796522916 -0.332082920730539 -0.9387613831875053
outer loop
vertex 6.475 21.344 0.09
vertex 5.42 21.636 0.09
vertex 6.513 21.472 0.041
endloop
endfacet
facet normal -0.0918140842718127 -0.3313426646680078 -0.9390325939497693
outer loop
vertex 6.513 21.472 0.041
vertex 5.42 21.636 0.09
vertex 5.452 21.766 0.041
endloop
endfacet
facet normal -0.05807922226052049 -0.20959882591296894 -0.9760610309389048
outer loop
vertex 6.513 21.472 0.041
vertex 5.452 21.766 0.041
vertex 6.554 21.605 0.01
endloop
endfacet
facet normal -0.05806716903937467 -0.20951262342585245 -0.9760802551557785
outer loop
vertex 6.554 21.605 0.01
vertex 5.452 21.766 0.041
vertex 5.486 21.901 0.01
endloop
endfacet
facet normal -0.018635209869059585 -0.0672378518248503 -0.9975629304635951
outer loop
vertex 6.554 21.605 0.01
vertex 5.486 21.901 0.01
vertex 6.595 21.742 0.0
endloop
endfacet
facet normal -0.01867948580705277 -0.06754803958509978 -0.9975411465990733
outer loop
vertex 6.595 21.742 0.0
vertex 5.486 21.901 0.01
vertex 5.521 22.039 0.0
endloop
endfacet
facet normal 0.0 0.0 -1.0
outer loop
vertex 5.521 22.039 0.0
vertex 4.432 22.283 0.0
vertex 8.504 33.951 0.0
endloop
endfacet
facet normal -0.0 0.0 -1.0
outer loop
vertex 8.504 33.951 0.0
vertex 4.432 22.283 0.0
vertex 6.828 34.327 0.0
endloop
endfacet
facet normal 0.21890260409966997 0.9757467140187474 0.0
outer loop
vertex 8.504 33.951 0.0
vertex 6.828 34.327 0.0
vertex 8.504 33.951 3.0
endloop
endfacet
facet normal 0.21890260409966997 0.9757467140187474 -0.0
outer loop
vertex 8.504 33.951 3.0
vertex 6.828 34.327 0.0
vertex 6.828 34.327 3.0
endloop
endfacet
facet normal 0.0 0.0 1.0
outer loop
vertex 8.504 33.951 3.0
vertex 6.828 34.327 3.0
vertex 7.299 29.14 3.0
endloop
endfacet
facet normal 0.0 0.0 1.0
outer loop
vertex 7.299 29.14 3.0
vertex 6.828 34.327 3.0
vertex 5.861 29.463 3.0
endloop
endfacet
facet normal 0.2191569848298455 0.9756896104808593 0.0
outer loop
vertex 7.299 29.14 3.0
vertex 5.861 29.463 3.0
vertex 7.299 29.14 52.0
endloop
endfacet
facet normal 0.2191569848298455 0.9756896104808593 -0.0
outer loop
vertex 7.299 29.14 52.0
vertex 5.861 29.463 3.0
vertex 5.861 29.463 52.0
endloop
endfacet
facet normal 0.15499264647604782 0.690029181524943 0.7069915191728737
outer loop
vertex 7.299 29.14 52.0
vertex 5.861 29.463 52.0
vertex 7.056 28.17 53.0
endloop
endfacet
facet normal 0.15474943408465516 0.6899245602940929 0.7071468827290986
outer loop
vertex 7.056 28.17 53.0
vertex 5.861 29.463 52.0
vertex 5.665 28.482 53.0
endloop
endfacet
facet normal 0.0 0.0 0.9999999999999999
outer loop
vertex 7.056 28.17 53.0
vertex 5.665 28.482 53.0
vertex 5.278 21.069 53.0
endloop
endfacet
facet normal 0.0 -0.0 1.0
outer loop
vertex 5.278 21.069 53.0
vertex 5.665 28.482 53.0
vertex 4.237 21.303 53.0
endloop
endfacet
facet normal -0.21931147526543562 -0.9756548963731482 0.0
outer loop
vertex 5.278 21.069 53.0
vertex 4.237 21.303 53.0
vertex 5.278 21.069 1.0
endloop
endfacet
facet normal -0.21931147526543562 -0.9756548963731482 -0.0
outer loop
vertex 5.278 21.069 1.0
vertex 4.237 21.303 53.0
vertex 4.237 21.303 1.0
endloop
endfacet
facet normal -0.21874839707739724 -0.9731499203314903 -0.0716126478695166
outer loop
vertex 5.278 21.069 1.0
vertex 4.237 21.303 1.0
vertex 5.28 21.079 0.858
endloop
endfacet
facet normal -0.21874839707739435 -0.9731499203314928 -0.07161264786949108
outer loop
vertex 5.28 21.079 0.858
vertex 4.237 21.303 1.0
vertex 4.239 21.313 0.858
endloop
endfacet
facet normal -0.21449676636216103 -0.9542356144573136 -0.20838792988426494
outer loop
vertex 5.28 21.079 0.858
vertex 4.239 21.313 0.858
vertex 5.287 21.108 0.718
endloop
endfacet
facet normal -0.21436897264173171 -0.954583202960197 -0.2069223337264005
outer loop
vertex 5.287 21.108 0.718
vertex 4.239 21.313 0.858
vertex 4.245 21.342 0.718
endloop
endfacet
facet normal -0.20487327568835398 -0.9122989455866087 -0.3545949446767194
outer loop
vertex 5.287 21.108 0.718
vertex 4.245 21.342 0.718
vertex 5.299 21.157 0.585
endloop
endfacet
facet normal -0.2047221839692719 -0.9133758977090667 -0.3518995550935073
outer loop
vertex 5.299 21.157 0.585
vertex 4.245 21.342 0.718
vertex 4.255 21.391 0.585
endloop
endfacet
facet normal -0.1923941647419652 -0.8583739657718517 -0.4755824011234495
outer loop
vertex 5.299 21.157 0.585
vertex 4.255 21.391 0.585
vertex 5.316 21.223 0.459
endloop
endfacet
facet normal -0.19241043225500118 -0.8580686510776244 -0.476126470170762
outer loop
vertex 5.316 21.223 0.459
vertex 4.255 21.391 0.585
vertex 4.268 21.458 0.459
endloop
endfacet
facet normal -0.17498085106057568 -0.7803401357935479 -0.6003756942380529
outer loop
vertex 5.316 21.223 0.459
vertex 4.268 21.458 0.459
vertex 5.337 21.306 0.345
endloop
endfacet
facet normal -0.17497962077797183 -0.7799939027899397 -0.6008258016454646
outer loop
vertex 5.337 21.306 0.345
vertex 4.268 21.458 0.459
vertex 4.285 21.542 0.345
endloop
endfacet
facet normal -0.15487596684506025 -0.6903793098347579 -0.7066752036444259
outer loop
vertex 5.337 21.306 0.345
vertex 4.285 21.542 0.345
vertex 5.361 21.404 0.244
endloop
endfacet
facet normal -0.1548632034624266 -0.6900233875794247 -0.7070255390060318
outer loop
vertex 5.361 21.404 0.244
vertex 4.285 21.542 0.345
vertex 4.305 21.641 0.244
endloop
endfacet
facet normal -0.13057516339459677 -0.5818032596822581 -0.8027796047032919
outer loop
vertex 5.361 21.404 0.244
vertex 4.305 21.641 0.244
vertex 5.389 21.515 0.159
endloop
endfacet
facet normal -0.13064235109527175 -0.5829503229545333 -0.8019360928824099
outer loop
vertex 5.389 21.515 0.159
vertex 4.305 21.641 0.244
vertex 4.327 21.753 0.159
endloop
endfacet
facet normal -0.1057774282935355 -0.47199844053670137 -0.8752306026382578
outer loop
vertex 5.389 21.515 0.159
vertex 4.327 21.753 0.159
vertex 5.42 21.636 0.09
endloop
endfacet
facet normal -0.10568659885801714 -0.4707457257467474 -0.8759159802817806
outer loop
vertex 5.42 21.636 0.09
vertex 4.327 21.753 0.159
vertex 4.351 21.876 0.09
endloop
endfacet
facet normal -0.07530375852553031 -0.3354154910991301 -0.9390557982796646
outer loop
vertex 5.42 21.636 0.09
vertex 4.351 21.876 0.09
vertex 5.452 21.766 0.041
endloop
endfacet
facet normal -0.07536826552393115 -0.33618624663163865 -0.9387749635176926
outer loop
vertex 5.452 21.766 0.041
vertex 4.351 21.876 0.09
vertex 4.377 22.007 0.041
endloop
endfacet
facet normal -0.047562753558110245 -0.21215751068451388 -0.9760773407543691
outer loop
vertex 5.452 21.766 0.041
vertex 4.377 22.007 0.041
vertex 5.486 21.901 0.01
endloop
endfacet
facet normal -0.04747788850536468 -0.21120822005884574 -0.9762873234261757
outer loop
vertex 5.486 21.901 0.01
vertex 4.377 22.007 0.041
vertex 4.405 22.144 0.01
endloop
endfacet
facet normal -0.01537276235973046 -0.06838665066201119 -0.9975404473948228
outer loop
vertex 5.486 21.901 0.01
vertex 4.405 22.144 0.01
vertex 5.521 22.039 0.0
endloop
endfacet
facet normal -0.015408637360667202 -0.06877051674494505 -0.9975135036285576
outer loop
vertex 5.521 22.039 0.0
vertex 4.405 22.144 0.01
vertex 4.432 22.283 0.0
endloop
endfacet
facet normal 0.0 0.0 -0.9999999999999999
outer loop
vertex 4.432 22.283 0.0
vertex 3.334 22.474 0.0
vertex 6.828 34.327 0.0
endloop
endfacet
facet normal -0.0 0.0 -1.0
outer loop
vertex 6.828 34.327 0.0
vertex 3.334 22.474 0.0
vertex 5.136 34.621 0.0
endloop
endfacet
facet normal 0.17119373018901024 0.985237385985719 0.0
outer loop
vertex 6.828 34.327 0.0
vertex 5.136 34.621 0.0
vertex 6.828 34.327 3.0
endloop
endfacet
facet normal 0.17119373018901024 0.985237385985719 -0.0
outer loop
vertex 6.828 34.327 3.0
vertex 5.136 34.621 0.0
vertex 5.136 34.621 3.0
endloop
endfacet
facet normal 0.0 0.0 1.0
outer loop
vertex 6.828 34.327 3.0
vertex 5.136 34.621 3.0
vertex 5.861 29.463 3.0
endloop
endfacet
facet normal 0.0 0.0 1.0
outer loop
vertex 5.861 29.463 3.0
vertex 5.136 34.621 3.0
vertex 4.408 29.715 3.0
endloop
endfacet
facet normal 0.1708832776523665 0.9852912794797203 0.0
outer loop
vertex 5.861 29.463 3.0
vertex 4.408 29.715 3.0
vertex 5.861 29.463 52.0
endloop
endfacet
facet normal 0.1708832776523665 0.9852912794797203 -0.0
outer loop
vertex 5.861 29.463 52.0
vertex 4.408 29.715 3.0
vertex 4.408 29.715 52.0
endloop
endfacet
facet normal 0.12082886583356563 0.6966838970482998 0.7071293607077621
outer loop
vertex 5.861 29.463 52.0
vertex 4.408 29.715 52.0
vertex 5.665 28.482 53.0
endloop
endfacet
facet normal 0.12109910802117627 0.696816178941523 0.7069527698522797
outer loop
vertex 5.665 28.482 53.0
vertex 4.408 29.715 52.0
vertex 4.261 28.726 53.0
endloop
endfacet
facet normal 0.0 0.0 1.0
outer loop
vertex 5.665 28.482 53.0
vertex 4.261 28.726 53.0
vertex 4.237 21.303 53.0
endloop
endfacet
facet normal 0.0 -0.0 1.0
outer loop
vertex 4.237 21.303 53.0
vertex 4.261 28.726 53.0
vertex 3.187 21.485 53.0
endloop
endfacet
facet normal -0.17078672353593644 -0.9853080203996412 0.0
outer loop
vertex 4.237 21.303 53.0
vertex 3.187 21.485 53.0
vertex 4.237 21.303 1.0
endloop
endfacet
facet normal -0.17078672353593644 -0.9853080203996412 -0.0
outer loop
vertex 4.237 21.303 1.0
vertex 3.187 21.485 53.0
vertex 3.187 21.485 1.0
endloop
endfacet
facet normal -0.17034827616554377 -0.9827785163396834 -0.07160902616708402
outer loop
vertex 4.237 21.303 1.0
vertex 3.187 21.485 1.0
vertex 4.239 21.313 0.858
endloop
endfacet
facet normal -0.17020540502213616 -0.9828894542761698 -0.07041619681539033
outer loop
vertex 4.239 21.313 0.858
vertex 3.187 21.485 1.0
vertex 3.188 21.495 0.858
endloop
endfacet
facet normal -0.16693886564859814 -0.9640260867949149 -0.2068456407924577
outer loop
vertex 4.239 21.313 0.858
vertex 3.188 21.495 0.858
vertex 4.245 21.342 0.718
endloop
endfacet
facet normal -0.1674745610417361 -0.9627499356060468 -0.21228479195276953
outer loop
vertex 4.245 21.342 0.718
vertex 3.188 21.495 0.858
vertex 3.193 21.525 0.718
endloop
endfacet
facet normal -0.16042355542815764 -0.9222162858493006 -0.3518258162473444
outer loop
vertex 4.245 21.342 0.718
vertex 3.193 21.525 0.718
vertex 4.255 21.391 0.585
endloop
endfacet
facet normal -0.1601834476634455 -0.9234619523766767 -0.34865353233160973
outer loop
vertex 4.255 21.391 0.585
vertex 3.193 21.525 0.718
vertex 3.2 21.574 0.585
endloop
endfacet
facet normal -0.15028466776459132 -0.8663952158013163 -0.4762077788859367
outer loop
vertex 4.255 21.391 0.585
vertex 3.2 21.574 0.585
vertex 4.268 21.458 0.459
endloop
endfacet
facet normal -0.15042942526952652 -0.8649691952997722 -0.47874761534188814
outer loop
vertex 4.268 21.458 0.459
vertex 3.2 21.574 0.585
vertex 3.21 21.642 0.459
endloop
endfacet
facet normal -0.13697449337206108 -0.7876033368893465 -0.6007653218073041
outer loop
vertex 4.268 21.458 0.459
vertex 3.21 21.642 0.459
vertex 4.285 21.542 0.345
endloop
endfacet
facet normal -0.13702056692683184 -0.7865721193313322 -0.6021043641509884
outer loop
vertex 4.285 21.542 0.345
vertex 3.21 21.642 0.459
vertex 3.223 21.727 0.345
endloop
endfacet
facet normal -0.12137217875489287 -0.6967419126362008 -0.7069791378819739
outer loop
vertex 4.285 21.542 0.345
vertex 3.223 21.727 0.345
vertex 4.305 21.641 0.244
endloop
endfacet
facet normal -0.12133334324791951 -0.6997982553812351 -0.7039606676382301
outer loop
vertex 4.305 21.641 0.244
vertex 3.223 21.727 0.345
vertex 3.238 21.826 0.244
endloop
endfacet
facet normal -0.10205147157919164 -0.5885887577026817 -0.8019655674993378
outer loop
vertex 4.305 21.641 0.244
vertex 3.238 21.826 0.244
vertex 4.327 21.753 0.159
endloop
endfacet
facet normal -0.10205277365483593 -0.5887237964066613 -0.8018662749697627
outer loop
vertex 4.327 21.753 0.159
vertex 3.238 21.826 0.244
vertex 3.254 21.939 0.159
endloop
endfacet
facet normal -0.0823931011435941 -0.4753107393928845 -0.8759515271416171
outer loop
vertex 4.327 21.753 0.159
vertex 3.254 21.939 0.159
vertex 4.351 21.876 0.09
endloop
endfacet
facet normal -0.08238403791324579 -0.47491974797048175 -0.8761644270824757
outer loop
vertex 4.351 21.876 0.09
vertex 3.254 21.939 0.159
vertex 3.273 22.063 0.09
endloop
endfacet
facet normal -0.05888558383366902 -0.33945807151174334 -0.9387761744431397
outer loop
vertex 4.351 21.876 0.09
vertex 3.273 22.063 0.09
vertex 4.377 22.007 0.041
endloop
endfacet
facet normal -0.05890229124266485 -0.33994141488453056 -0.9386002101707989
outer loop
vertex 4.377 22.007 0.041
vertex 3.273 22.063 0.09
vertex 3.292 22.195 0.041
endloop
endfacet
facet normal -0.03696816291955441 -0.21335349344530202 -0.9762753923791374
outer loop
vertex 4.377 22.007 0.041
vertex 3.292 22.195 0.041
vertex 4.405 22.144 0.01
endloop
endfacet
facet normal -0.036980539731630416 -0.21366534067164236 -0.976206720872597
outer loop
vertex 4.405 22.144 0.01
vertex 3.292 22.195 0.041
vertex 3.313 22.333 0.01
endloop
endfacet
facet normal -0.01201663816637856 -0.06942946496129833 -0.997514486011289
outer loop
vertex 4.405 22.144 0.01
vertex 3.313 22.333 0.01
vertex 4.432 22.283 0.0
endloop
endfacet
facet normal -0.011996015577003303 -0.06896138797670001 -0.9975472031831893
outer loop
vertex 4.432 22.283 0.0
vertex 3.313 22.333 0.01
vertex 3.334 22.474 0.0
endloop
endfacet
facet normal 0.0 0.0 -1.0
outer loop
vertex 3.334 22.474 0.0
vertex 2.227 22.611 0.0
vertex 5.136 34.621 0.0
endloop
endfacet
facet normal -0.0 0.0 -0.9999999999999999
outer loop
vertex 5.136 34.621 0.0
vertex 2.227 22.611 0.0
vertex 3.431 34.831 0.0
endloop
endfacet
facet normal 0.12224342014043581 0.992500149235439 0.0
outer loop
vertex 5.136 34.621 0.0
vertex 3.431 34.831 0.0
vertex 5.136 34.621 3.0
endloop
endfacet
facet normal 0.12224342014043581 0.992500149235439 -0.0
outer loop
vertex 5.136 34.621 3.0
vertex 3.431 34.831 0.0
vertex 3.431 34.831 3.0
endloop
endfacet
facet normal 0.0 0.0 1.0
outer loop
vertex 5.136 34.621 3.0
vertex 3.431 34.831 3.0
vertex 4.408 29.715 3.0
endloop
endfacet
facet normal 0.0 0.0 1.0
outer loop
vertex 4.408 29.715 3.0
vertex 3.431 34.831 3.0
vertex 2.944 29.895 3.0
endloop
endfacet
facet normal 0.12203190710836685 0.9925261778147189 0.0
outer loop
vertex 4.408 29.715 3.0
vertex 2.944 29.895 3.0
vertex 4.408 29.715 52.0
endloop
endfacet
facet normal 0.12203190710836685 0.9925261778147189 -0.0
outer loop
vertex 4.408 29.715 52.0
vertex 2.944 29.895 3.0
vertex 2.944 29.895 52.0
endloop
endfacet
facet normal 0.0863091323811383 0.7019809433665928 0.7069465954495882
outer loop
vertex 4.408 29.715 52.0
vertex 2.944 29.895 52.0
vertex 4.261 28.726 53.0
endloop
endfacet
facet normal 0.0863222210998085 0.7019881773346517 0.7069378141157603
outer loop
vertex 4.261 28.726 53.0
vertex 2.944 29.895 52.0
vertex 2.846 28.9 53.0
endloop
endfacet
facet normal 0.0 0.0 1.0
outer loop
vertex 4.261 28.726 53.0
vertex 2.846 28.9 53.0
vertex 3.187 21.485 53.0
endloop
endfacet
facet normal 0.0 0.0 0.9999999999999999
outer loop
vertex 3.187 21.485 53.0
vertex 2.846 28.9 53.0
vertex 2.129 21.615 53.0
endloop
endfacet
facet normal -0.12195615643050788 -0.9925354884882946 0.0
outer loop
vertex 3.187 21.485 53.0
vertex 2.129 21.615 53.0
vertex 3.187 21.485 1.0
endloop
endfacet
facet normal -0.12195615643050788 -0.9925354884882946 -0.0
outer loop
vertex 3.187 21.485 1.0
vertex 2.129 21.615 53.0
vertex 2.129 21.615 1.0
endloop
endfacet
facet normal -0.1216520190583696 -0.9900602781827383 -0.07057925916117844
outer loop
vertex 3.187 21.485 1.0
vertex 2.129 21.615 1.0
vertex 3.188 21.495 0.858
endloop
endfacet
facet normal -0.12251050058087526 -0.9894359512562277 -0.07750919693240932
outer loop
vertex 3.188 21.495 0.858
vertex 2.129 21.615 1.0
vertex 2.13 21.626 0.858
endloop
endfacet
facet normal -0.12008408962583529 -0.9698394414055997 -0.2121114549306772
outer loop
vertex 3.188 21.495 0.858
vertex 2.13 21.626 0.858
vertex 3.193 21.525 0.718
endloop
endfacet
facet normal -0.11990436047175038 -0.9702184893133985 -0.2104733411486776
outer loop
vertex 3.193 21.525 0.718
vertex 2.13 21.626 0.858
vertex 2.133 21.656 0.718
endloop
endfacet
facet normal -0.11495189210320136 -0.9301450811404064 -0.3487351294782342
outer loop
vertex 3.193 21.525 0.718
vertex 2.133 21.656 0.718
vertex 3.2 21.574 0.585
endloop
endfacet
facet normal -0.11480764866824288 -0.93073070905097 -0.3472168645626937
outer loop
vertex 3.2 21.574 0.585
vertex 2.133 21.656 0.718
vertex 2.138 21.705 0.585
endloop
endfacet
facet normal -0.10748095670489237 -0.8713341680961728 -0.47877407140941897
outer loop
vertex 3.2 21.574 0.585
vertex 2.138 21.705 0.585
vertex 3.21 21.642 0.459
endloop
endfacet
facet normal -0.10725801723694364 -0.8728018807219977 -0.47614346025808557
outer loop
vertex 3.21 21.642 0.459
vertex 2.138 21.705 0.585
vertex 2.144 21.773 0.459
endloop
endfacet
facet normal -0.09739216063801867 -0.7925194140467764 -0.602019721774306
outer loop
vertex 3.21 21.642 0.459
vertex 2.144 21.773 0.459
vertex 3.223 21.727 0.345
endloop
endfacet
facet normal -0.09723287360625624 -0.7941921737304884 -0.5998371107855127
outer loop
vertex 3.223 21.727 0.345
vertex 2.144 21.773 0.459
vertex 2.153 21.858 0.345
endloop
endfacet
facet normal -0.08631776413199778 -0.7050382261163163 -0.7038965430445094
outer loop
vertex 3.223 21.727 0.345
vertex 2.153 21.858 0.345
vertex 3.238 21.826 0.244
endloop
endfacet
facet normal -0.08662290901649194 -0.7001475728776652 -0.7087240985228561
outer loop
vertex 3.238 21.826 0.244
vertex 2.153 21.858 0.345
vertex 2.163 21.959 0.244
endloop
endfacet
facet normal -0.07334896782070649 -0.5928581985508272 -0.8019595284867589
outer loop
vertex 3.238 21.826 0.244
vertex 2.163 21.959 0.244
vertex 3.254 21.939 0.159
endloop
endfacet
facet normal -0.0733989317345587 -0.5915734796516657 -0.8029031168161236
outer loop
vertex 3.254 21.939 0.159
vertex 2.163 21.959 0.244
vertex 2.174 22.073 0.159
endloop
endfacet
facet normal -0.05935993021577653 -0.4784233181570037 -0.8761207264575016
outer loop
vertex 3.254 21.939 0.159
vertex 2.174 22.073 0.159
vertex 3.273 22.063 0.09
endloop
endfacet
facet normal -0.05929505451938299 -0.48099794225797887 -0.8747142825249474
outer loop
vertex 3.273 22.063 0.09
vertex 2.174 22.073 0.159
vertex 2.186 22.197 0.09
endloop
endfacet
facet normal -0.04220364350724674 -0.3423534365102768 -0.9386229152243819
outer loop
vertex 3.273 22.063 0.09
vertex 2.186 22.197 0.09
vertex 3.292 22.195 0.041
endloop
endfacet
facet normal -0.042212108758153864 -0.34176173979750263 -0.9388381389168071
outer loop
vertex 3.292 22.195 0.041
vertex 2.186 22.197 0.09
vertex 2.199 22.33 0.041
endloop
endfacet
facet normal -0.026585641669404567 -0.21524523218266386 -0.9761980811698295
outer loop
vertex 3.292 22.195 0.041
vertex 2.199 22.33 0.041
vertex 3.313 22.333 0.01
endloop
endfacet
facet normal -0.02658740583168639 -0.21504519422687085 -0.9762421186832028
outer loop
vertex 3.313 22.333 0.01
vertex 2.199 22.33 0.041
vertex 2.213 22.469 0.01
endloop
endfacet
facet normal -0.008588873619863083 -0.06946883074889117 -0.9975471481610902
outer loop
vertex 3.313 22.333 0.01
vertex 2.213 22.469 0.01
vertex 3.334 22.474 0.0
endloop
endfacet
facet normal -0.008589206586690616 -0.06940329701800352 -0.997551706877013
outer loop
vertex 3.334 22.474 0.0
vertex 2.213 22.469 0.01
vertex 2.227 22.611 0.0
endloop
endfacet
facet normal 0.0 0.0 -1.0
outer loop
vertex 2.227 22.611 0.0
vertex 1.115 22.693 0.0
vertex 3.431 34.831 0.0
endloop
endfacet
facet normal -0.0 0.0 -1.0
outer loop
vertex 3.431 34.831 0.0
vertex 1.115 22.693 0.0
vertex 1.717 34.958 0.0
endloop
endfacet
facet normal 0.07389311736780745 0.9972661666805244 0.0
outer loop
vertex 3.431 34.831 0.0
vertex 1.717 34.958 0.0
vertex 3.431 34.831 3.0
endloop
endfacet
facet normal 0.07389311736780745 0.9972661666805244 -0.0
outer loop
vertex 3.431 34.831 3.0
vertex 1.717 34.958 0.0
vertex 1.717 34.958 3.0
endloop
endfacet
facet normal 0.0 0.0 1.0
outer loop
vertex 3.431 34.831 3.0
vertex 1.717 34.958 3.0
vertex 2.944 29.895 3.0
endloop
endfacet
facet normal 0.0 0.0 1.0
outer loop
vertex 2.944 29.895 3.0
vertex 1.717 34.958 3.0
vertex 1.474 30.004 3.0
endloop
endfacet
facet normal 0.07394665281322801 0.9972621984903066 0.0
outer loop
vertex 2.944 29.895 3.0
vertex 1.474 30.004 3.0
vertex 2.944 29.895 52.0
endloop
endfacet
facet normal 0.07394665281322801 0.9972621984903066 -0.0
outer loop
vertex 2.944 29.895 52.0
vertex 1.474 30.004 3.0
vertex 1.474 30.004 52.0
endloop
endfacet
facet normal 0.05230066077278444 0.7053391865687328 0.7069379553916229
outer loop
vertex 2.944 29.895 52.0
vertex 1.474 30.004 52.0
vertex 2.846 28.9 53.0
endloop
endfacet
facet normal 0.052109954563799056 0.7052213850967444 0.7070695514852754
outer loop
vertex 2.846 28.9 53.0
vertex 1.474 30.004 52.0
vertex 1.425 29.005 53.0
endloop
endfacet
facet normal 0.0 0.0 1.0
outer loop
vertex 2.846 28.9 53.0
vertex 1.425 29.005 53.0
vertex 2.129 21.615 53.0
endloop
endfacet
facet normal 0.0 0.0 1.0
outer loop
vertex 2.129 21.615 53.0
vertex 1.425 29.005 53.0
vertex 1.066 21.694 53.0
endloop
endfacet
facet normal -0.07411357925252032 -0.997249806904158 0.0
outer loop
vertex 2.129 21.615 53.0
vertex 1.066 21.694 53.0
vertex 2.129 21.615 1.0
endloop
endfacet
facet normal -0.07411357925252032 -0.997249806904158 -0.0
outer loop
vertex 2.129 21.615 1.0
vertex 1.066 21.694 53.0
vertex 1.066 21.694 1.0
endloop
endfacet
facet normal -0.07389044397270042 -0.9942473663668343 -0.07753951742261019
outer loop
vertex 2.129 21.615 1.0
vertex 1.066 21.694 1.0
vertex 2.13 21.626 0.858
endloop
endfacet
facet normal -0.07293241790692263 -0.9948729827303368 -0.07006147765707692
outer loop
vertex 2.13 21.626 0.858
vertex 1.066 21.694 1.0
vertex 1.066 21.704 0.858
endloop
endfacet
facet normal -0.07147459014348763 -0.9749867168291205 -0.21045732339501233
outer loop
vertex 2.13 21.626 0.858
vertex 1.066 21.704 0.858
vertex 2.133 21.656 0.718
endloop
endfacet
facet normal -0.07141549904162159 -0.9750962369144116 -0.209969415039405
outer loop
vertex 2.133 21.656 0.718
vertex 1.066 21.704 0.858
vertex 1.068 21.734 0.718
endloop
endfacet
facet normal -0.06850090926273132 -0.9353008764718729 -0.3471597555897365
outer loop
vertex 2.133 21.656 0.718
vertex 1.068 21.734 0.718
vertex 2.138 21.705 0.585
endloop
endfacet
facet normal -0.06904830413632985 -0.9334631495898695 -0.3519643164493495
outer loop
vertex 2.138 21.705 0.585
vertex 1.068 21.734 0.718
vertex 1.07 21.784 0.585
endloop
endfacet
facet normal -0.06486246582893597 -0.876874854497507 -0.476322737307979
outer loop
vertex 2.138 21.705 0.585
vertex 1.07 21.784 0.585
vertex 2.144 21.773 0.459
endloop
endfacet
facet normal -0.06477359395957558 -0.8773132346423458 -0.4755269391390402
outer loop
vertex 2.144 21.773 0.459
vertex 1.07 21.784 0.585
vertex 1.074 21.852 0.459
endloop
endfacet
facet normal -0.058921966961801193 -0.7980570208750226 -0.5996942497985419
outer loop
vertex 2.144 21.773 0.459
vertex 1.074 21.852 0.459
vertex 2.153 21.858 0.345
endloop
endfacet
facet normal -0.059230832782088995 -0.7959143155093379 -0.602504863727458
outer loop
vertex 2.153 21.858 0.345
vertex 1.074 21.852 0.459
vertex 1.078 21.938 0.345
endloop
endfacet
facet normal -0.0523564869051875 -0.703540292788472 -0.7087241033731377
outer loop
vertex 2.153 21.858 0.345
vertex 1.078 21.938 0.345
vertex 2.163 21.959 0.244
endloop
endfacet
facet normal -0.05221102262987953 -0.7048488055033572 -0.7074335095939639
outer loop
vertex 2.163 21.959 0.244
vertex 1.078 21.938 0.345
vertex 1.083 22.039 0.244
endloop
endfacet
facet normal -0.04403210577738358 -0.5944334279946645 -0.8029383994699227
outer loop
vertex 2.163 21.959 0.244
vertex 1.083 22.039 0.244
vertex 2.174 22.073 0.159
endloop
endfacet
facet normal -0.04389929012423074 -0.5959328634364448 -0.8018334456749907
outer loop
vertex 2.174 22.073 0.159
vertex 1.083 22.039 0.244
vertex 1.088 22.153 0.159
endloop
endfacet
facet normal -0.03560220258804172 -0.4832999001326766 -0.8747306383696782
outer loop
vertex 2.174 22.073 0.159
vertex 1.088 22.153 0.159
vertex 2.186 22.197 0.09
endloop
endfacet
facet normal -0.03572597552712718 -0.48163907747682855 -0.8756411672140046
outer loop
vertex 2.186 22.197 0.09
vertex 1.088 22.153 0.159
vertex 1.094 22.278 0.09
endloop
endfacet
facet normal -0.02547198234395431 -0.34340005826664527 -0.9388437453047944
outer loop
vertex 2.186 22.197 0.09
vertex 1.094 22.278 0.09
vertex 2.199 22.33 0.041
endloop
endfacet
facet normal -0.025407741468759314 -0.3444160510209465 -0.9384732444095536
outer loop
vertex 2.199 22.33 0.041
vertex 1.094 22.278 0.09
vertex 1.101 22.411 0.041
endloop
endfacet
facet normal -0.015943002361494592 -0.2161162542335852 -0.9762374635977384
outer loop
vertex 2.199 22.33 0.041
vertex 1.101 22.411 0.041
vertex 2.213 22.469 0.01
endloop
endfacet
facet normal -0.015898254820484233 -0.2168835997115455 -0.9760680046338088
outer loop
vertex 2.213 22.469 0.01
vertex 1.101 22.411 0.041
vertex 1.108 22.55 0.01
endloop
endfacet
facet normal -0.00511260698603027 -0.06974605826621583 -0.9975516771607033
outer loop
vertex 2.213 22.469 0.01
vertex 1.108 22.55 0.01
vertex 2.227 22.611 0.0
endloop
endfacet
facet normal -0.0051256712966663166 -0.06950910343771821 -0.9975681490670415
outer loop
vertex 2.227 22.611 0.0
vertex 1.108 22.55 0.01
vertex 1.115 22.693 0.0
endloop
endfacet
facet normal 0.0 0.0 -0.9999999999999999
outer loop
vertex 1.115 22.693 0.0
vertex 0.0 22.72 0.0
vertex 1.717 34.958 0.0
endloop
endfacet
facet normal -0.0 0.0 -1.0
outer loop
vertex 1.717 34.958 0.0
vertex 0.0 22.72 0.0
vertex 0.0 35.0 0.0
endloop
endfacet
facet normal 0.024453954693151987 0.9997009573366754 0.0
outer loop
vertex 1.717 34.958 0.0
vertex 0.0 35.0 0.0
vertex 1.717 34.958 3.0
endloop
endfacet
facet normal 0.024453954693151987 0.9997009573366754 -0.0
outer loop
vertex 1.717 34.958 3.0
vertex 0.0 35.0 0.0
vertex 0.0 35.0 3.0
endloop
endfacet
facet normal 0.0 0.0 1.0
outer loop
vertex 1.717 34.958 3.0
vertex 0.0 35.0 3.0
vertex 1.474 30.004 3.0
endloop
endfacet
facet normal 0.0 0.0 1.0
outer loop
vertex 1.474 30.004 3.0
vertex 0.0 35.0 3.0
vertex 0.0 30.04 3.0
endloop
endfacet
facet normal 0.02441605685976317 0.9997018836470306 0.0
outer loop
vertex 1.474 30.004 3.0
vertex 0.0 30.04 3.0
vertex 1.474 30.004 52.0
endloop
endfacet
facet normal 0.02441605685976317 0.9997018836470306 -0.0
outer loop
vertex 1.474 30.004 52.0
vertex 0.0 30.04 3.0
vertex 0.0 30.04 52.0
endloop
endfacet
facet normal 0.017265634992369806 0.7069318327431845 0.7070709170250691
outer loop
vertex 1.474 30.004 52.0
vertex 0.0 30.04 52.0
vertex 1.425 29.005 53.0
endloop
endfacet
facet normal 0.017364916273083064 0.7070001625469504 0.7070001625469504
outer loop
vertex 1.425 29.005 53.0
vertex 0.0 30.04 52.0
vertex 0.0 29.04 53.0
endloop
endfacet
facet normal 0.0 0.0 1.0
outer loop
vertex 1.425 29.005 53.0
vertex 0.0 29.04 53.0
vertex 1.066 21.694 53.0
endloop
endfacet
facet normal 0.0 0.0 1.0
outer loop
vertex 1.066 21.694 53.0
vertex 0.0 29.04 53.0
vertex 0.0 21.72 53.0
endloop
endfacet
facet normal -0.024382992454708347 -0.99970269064305 0.0
outer loop
vertex 1.066 21.694 53.0
vertex 0.0 21.72 53.0
vertex 1.066 21.694 1.0
endloop
endfacet
facet normal -0.024382992454708347 -0.99970269064305 -0.0
outer loop
vertex 1.066 21.694 1.0
vertex 0.0 21.72 53.0
vertex 0.0 21.72 1.0
endloop
endfacet
facet normal -0.024322790401993033 -0.997234406481722 -0.0702277751043576
outer loop
vertex 1.066 21.694 1.0
vertex 0.0 21.72 1.0
vertex 1.066 21.704 0.858
endloop
endfacet
facet normal -0.024322790401993033 -0.997234406481722 -0.07022777510435758
outer loop
vertex 1.066 21.704 0.858
vertex 0.0 21.72 1.0
vertex 0.0 21.73 0.858
endloop
endfacet
facet normal -0.02384035781708451 -0.9774546705004723 -0.20979514879035321
outer loop
vertex 1.066 21.704 0.858
vertex 0.0 21.73 0.858
vertex 1.068 21.734 0.718
endloop
endfacet
facet normal -0.024675512044324818 -0.976053587531162 -0.21612615152474898
outer loop
vertex 1.068 21.734 0.718
vertex 0.0 21.73 0.858
vertex 0.0 21.761 0.718
endloop
endfacet
facet normal -0.023654338694882933 -0.9356605083754569 -0.3521077751590974
outer loop
vertex 1.068 21.734 0.718
vertex 0.0 21.761 0.718
vertex 1.07 21.784 0.585
endloop
endfacet
facet normal -0.022794936245175573 -0.9380992993206942 -0.3456155313286732
outer loop
vertex 1.07 21.784 0.585
vertex 0.0 21.761 0.718
vertex 0.0 21.81 0.585
endloop
endfacet
facet normal -0.021371937899965783 -0.8795374443447525 -0.4753494759289229
outer loop
vertex 1.07 21.784 0.585
vertex 0.0 21.81 0.585
vertex 1.074 21.852 0.459
endloop
endfacet
facet normal -0.022044547814491645 -0.8768831241764121 -0.4801979013347203
outer loop
vertex 1.074 21.852 0.459
vertex 0.0 21.81 0.585
vertex 0.0 21.879 0.459
endloop
endfacet
facet normal -0.02005685535023209 -0.7978171350425352 -0.6025657985531381
outer loop
vertex 1.074 21.852 0.459
vertex 0.0 21.879 0.459
vertex 1.078 21.938 0.345
endloop
endfacet
facet normal -0.01933200750265115 -0.8015347726099272 -0.5976355760687861
outer loop
vertex 1.078 21.938 0.345
vertex 0.0 21.879 0.459
vertex 0.0 21.964 0.345
endloop
endfacet
facet normal -0.01704186976147765 -0.7065821385720403 -0.707425795490944
outer loop
vertex 1.078 21.938 0.345
vertex 0.0 21.964 0.345
vertex 1.083 22.039 0.244
endloop
endfacet
facet normal -0.016973340577600925 -0.7070049171362284 -0.707004917136247
outer loop
vertex 1.083 22.039 0.244
vertex 0.0 21.964 0.345
vertex 0.0 22.065 0.244
endloop
endfacet
facet normal -0.014339169312382754 -0.5972815525119477 -0.8019034450932035
outer loop
vertex 1.083 22.039 0.244
vertex 0.0 22.065 0.244
vertex 1.088 22.153 0.159
endloop
endfacet
facet normal -0.01428294489438695 -0.5976863094266583 -0.801602814995734
outer loop
vertex 1.088 22.153 0.159
vertex 0.0 22.065 0.244
vertex 0.0 22.179 0.159
endloop
endfacet
facet normal -0.011537638375974574 -0.4828057905023244 -0.8756514441021216
outer loop
vertex 1.088 22.153 0.159
vertex 0.0 22.179 0.159
vertex 1.094 22.278 0.09
endloop
endfacet
facet normal -0.011853367215356507 -0.4802808790222046 -0.8770346486492517
outer loop
vertex 1.094 22.278 0.09
vertex 0.0 22.179 0.159
vertex 0.0 22.305 0.09
endloop
endfacet
facet normal -0.008521976283605716 -0.3452978538616408 -0.9384544570935591
outer loop
vertex 1.094 22.278 0.09
vertex 0.0 22.305 0.09
vertex 1.101 22.411 0.041
endloop
endfacet
facet normal -0.008477483445985678 -0.3456929360752262 -0.9383093979184651
outer loop
vertex 1.101 22.411 0.041
vertex 0.0 22.305 0.09
vertex 0.0 22.438 0.041
endloop
endfacet
facet normal -0.005331702771329296 -0.21741499078644835 -0.97606469802308
outer loop
vertex 1.101 22.411 0.041
vertex 0.0 22.438 0.041
vertex 1.108 22.55 0.01
endloop
endfacet
facet normal -0.0054632536795803195 -0.21618875274911703 -0.9763363027379519
outer loop
vertex 1.108 22.55 0.01
vertex 0.0 22.438 0.041
vertex 0.0 22.578 0.01
endloop
endfacet
facet normal -0.0017607105153415524 -0.0696738303928047 -0.997568271977851
outer loop
vertex 1.108 22.55 0.01
vertex 0.0 22.578 0.01
vertex 1.115 22.693 0.0
endloop
endfacet
facet normal -0.0017010836878341197 -0.0702484559976008 -0.9975280751659273
outer loop
vertex 1.115 22.693 0.0
vertex 0.0 22.578 0.01
vertex 0.0 22.72 0.0
endloop
endfacet
facet normal -0.0 0.0 -1.0
outer loop
vertex 0.0 22.72 0.0
vertex -1.115 22.693 0.0
vertex 0.0 35.0 0.0
endloop
endfacet
facet normal -0.0 0.0 -1.0
outer loop
vertex 0.0 35.0 0.0
vertex -1.115 22.693 0.0
vertex -1.717 34.958 0.0
endloop
endfacet
facet normal -0.024453954693151987 0.9997009573366754 0.0
outer loop
vertex 0.0 35.0 0.0
vertex -1.717 34.958 0.0
vertex 0.0 35.0 3.0
endloop
endfacet
facet normal -0.024453954693151987 0.9997009573366754 0.0
outer loop
vertex 0.0 35.0 3.0
vertex -1.717 34.958 0.0
vertex -1.717 34.958 3.0
endloop
endfacet
facet normal 0.0 0.0 1.0
outer loop
vertex 0.0 35.0 3.0
vertex -1.717 34.958 3.0
vertex 0.0 30.04 3.0
endloop
endfacet
facet normal 0.0 0.0 1.0
outer loop
vertex 0.0 30.04 3.0
vertex -1.717 34.958 3.0
vertex -1.474 30.004 3.0
endloop
endfacet
facet normal -0.02441605685976317 0.9997018836470306 0.0
outer loop
vertex 0.0 30.04 3.0
vertex -1.474 30.004 3.0
vertex 0.0 30.04 52.0
endloop
endfacet
facet normal -0.02441605685976317 0.9997018836470306 0.0
outer loop
vertex 0.0 30.04 52.0
vertex -1.474 30.004 3.0
vertex -1.474 30.004 52.0
endloop
endfacet
facet normal -0.017267333020693342 0.7070013575695426 0.7070013575695426
outer loop
vertex 0.0 30.04 52.0
vertex -1.474 30.004 52.0
vertex 0.0 29.04 53.0
endloop
endfacet
facet normal -0.01736314993929746 0.7069282475285367 0.7070721136280353
outer loop
vertex 0.0 29.04 53.0
vertex -1.474 30.004 52.0
vertex -1.425 29.005 53.0
endloop
endfacet
facet normal 0.0 0.0 1.0
outer loop
vertex 0.0 29.04 53.0
vertex -1.425 29.005 53.0
vertex 0.0 21.72 53.0
endloop
endfacet
facet normal 0.0 0.0 1.0
outer loop
vertex 0.0 21.72 53.0
vertex -1.425 29.005 53.0
vertex -1.066 21.694 53.0
endloop
endfacet
facet normal 0.024382992454708347 -0.99970269064305 0.0
outer loop
vertex 0.0 21.72 53.0
vertex -1.066 21.694 53.0
vertex 0.0 21.72 1.0
endloop
endfacet
facet normal 0.024382992454708347 -0.99970269064305 0.0
outer loop
vertex 0.0 21.72 1.0
vertex -1.066 21.694 53.0
vertex -1.066 21.694 1.0
endloop
endfacet
facet normal 0.024322790401993033 -0.997234406481722 -0.0702277751043576
outer loop
vertex 0.0 21.72 1.0
vertex -1.066 21.694 1.0
vertex 0.0 21.73 0.858
endloop
endfacet
facet normal 0.024322790401993033 -0.997234406481722 -0.07022777510435758
outer loop
vertex 0.0 21.73 0.858
vertex -1.066 21.694 1.0
vertex -1.066 21.704 0.858
endloop
endfacet
facet normal 0.023806686750657755 -0.9760741567769754 -0.2161307061434648
outer loop
vertex 0.0 21.73 0.858
vertex -1.066 21.704 0.858
vertex 0.0 21.761 0.718
endloop
endfacet
facet normal 0.024710345989895348 -0.9774314636003967 -0.20980260428566286
outer loop
vertex 0.0 21.761 0.718
vertex -1.066 21.704 0.858
vertex -1.068 21.734 0.718
endloop
endfacet
facet normal 0.02371548555101653 -0.9380792062402973 -0.34560812861484275
outer loop
vertex 0.0 21.761 0.718
vertex -1.068 21.734 0.718
vertex 0.0 21.81 0.585
endloop
endfacet
facet normal 0.02273627097683137 -0.9356849978926824 -0.3521031762149258
outer loop
vertex 0.0 21.81 0.585
vertex -1.068 21.734 0.718
vertex -1.07 21.784 0.585
endloop
endfacet
facet normal 0.021307780849102727 -0.8768971349438497 -0.48020557389784085
outer loop
vertex 0.0 21.81 0.585
vertex -1.07 21.784 0.585
vertex 0.0 21.879 0.459
endloop
endfacet
facet normal 0.022110674431960384 -0.8795134940712794 -0.4753600023379055
outer loop
vertex 0.0 21.879 0.459
vertex -1.07 21.784 0.585
vertex -1.074 21.852 0.459
endloop
endfacet
facet normal 0.020149990005167137 -0.8015218246499514 -0.5976259218881024
outer loop
vertex 0.0 21.879 0.459
vertex -1.074 21.852 0.459
vertex 0.0 21.964 0.345
endloop
endfacet
facet normal 0.019242982141067292 -0.7978436441565654 -0.6025572397019973
outer loop
vertex 0.0 21.964 0.345
vertex -1.074 21.852 0.459
vertex -1.078 21.938 0.345
endloop
endfacet
facet normal 0.017052043808545213 -0.7070039702158416 -0.7070039702158601
outer loop
vertex 0.0 21.964 0.345
vertex -1.078 21.938 0.345
vertex 0.0 22.065 0.244
endloop
endfacet
facet normal 0.01696326020248145 -0.706585030741829 -0.707424796098406
outer loop
vertex 0.0 22.065 0.244
vertex -1.078 21.938 0.345
vertex -1.083 22.039 0.244
endloop
endfacet
facet normal 0.014348872922699226 -0.5976857452032069 -0.8016020582725168
outer loop
vertex 0.0 22.065 0.244
vertex -1.083 22.039 0.244
vertex 0.0 22.179 0.159
endloop
endfacet
facet normal 0.014273330217935521 -0.597283972196691 -0.8019028174295388
outer loop
vertex 0.0 22.179 0.159
vertex -1.083 22.039 0.244
vertex -1.088 22.153 0.159
endloop
endfacet
facet normal 0.011477350768423867 -0.4802829860017409 -0.8770384961771006
outer loop
vertex 0.0 22.179 0.159
vertex -1.088 22.153 0.159
vertex 0.0 22.305 0.09
endloop
endfacet
facet normal 0.011915286403799744 -0.4827897528057935 -0.8756552292629997
outer loop
vertex 0.0 22.305 0.09
vertex -1.088 22.153 0.159
vertex -1.094 22.278 0.09
endloop
endfacet
facet normal 0.008531723005678444 -0.3456927766004394 -0.9383089650583294
outer loop
vertex 0.0 22.305 0.09
vertex -1.094 22.278 0.09
vertex 0.0 22.438 0.041
endloop
endfacet
facet normal 0.008467860187983766 -0.34530052099892583 -0.9384539655953866
outer loop
vertex 0.0 22.438 0.041
vertex -1.094 22.278 0.09
vertex -1.101 22.411 0.041
endloop
endfacet
facet normal 0.005301636150817572 -0.21618894081669238 -0.9763371520753887
outer loop
vertex 0.0 22.438 0.041
vertex -1.101 22.411 0.041
vertex 0.0 22.578 0.01
endloop
endfacet
facet normal 0.005494039993028702 -0.21740701115271727 -0.9760655751670567
outer loop
vertex 0.0 22.578 0.01
vertex -1.101 22.411 0.041
vertex -1.108 22.55 0.01
endloop
endfacet
facet normal 0.001775231511217876 -0.07024844694391066 -0.9975279466035276
outer loop
vertex 0.0 22.578 0.01
vertex -1.108 22.55 0.01
vertex 0.0 22.72 0.0
endloop
endfacet
facet normal 0.001687255848148204 -0.06967741743279347 -0.9975681483826552
outer loop
vertex 0.0 22.72 0.0
vertex -1.108 22.55 0.01
vertex -1.115 22.693 0.0
endloop
endfacet
facet normal -0.0 0.0 -1.0
outer loop
vertex -1.115 22.693 0.0
vertex -2.227 22.611 0.0
vertex -1.717 34.958 0.0
endloop
endfacet
facet normal -0.0 0.0 -0.9999999999999999
outer loop
vertex -1.717 34.958 0.0
vertex -2.227 22.611 0.0
vertex -3.431 34.831 0.0
endloop
endfacet
facet normal -0.07389311736780745 0.9972661666805244 0.0
outer loop
vertex -1.717 34.958 0.0
vertex -3.431 34.831 0.0
vertex -1.717 34.958 3.0
endloop
endfacet
facet normal -0.07389311736780745 0.9972661666805244 0.0
outer loop
vertex -1.717 34.958 3.0
vertex -3.431 34.831 0.0
vertex -3.431 34.831 3.0
endloop
endfacet
facet normal 0.0 0.0 1.0
outer loop
vertex -1.717 34.958 3.0
vertex -3.431 34.831 3.0
vertex -1.474 30.004 3.0
endloop
endfacet
facet normal 0.0 0.0 1.0
outer loop
vertex -1.474 30.004 3.0
vertex -3.431 34.831 3.0
vertex -2.944 29.895 3.0
endloop
endfacet
facet normal -0.07394665281322801 0.9972621984903066 0.0
outer loop
vertex -1.474 30.004 3.0
vertex -2.944 29.895 3.0
vertex -1.474 30.004 52.0
endloop
endfacet
facet normal -0.07394665281322801 0.9972621984903066 0.0
outer loop
vertex -1.474 30.004 52.0
vertex -2.944 29.895 3.0
vertex -2.944 29.895 52.0
endloop
endfacet
facet normal -0.05229109944414483 0.7052102402100152 0.7070672938425699
outer loop
vertex -1.474 30.004 52.0
vertex -2.944 29.895 52.0
vertex -1.425 29.005 53.0
endloop
endfacet
facet normal -0.052119811547615115 0.7053547829443884 0.7069357505613334
outer loop
vertex -1.425 29.005 53.0
vertex -2.944 29.895 52.0
vertex -2.846 28.9 53.0
endloop
endfacet
facet normal 0.0 0.0 1.0
outer loop
vertex -1.425 29.005 53.0
vertex -2.846 28.9 53.0
vertex -1.066 21.694 53.0
endloop
endfacet
facet normal 0.0 0.0 1.0
outer loop
vertex -1.066 21.694 53.0
vertex -2.846 28.9 53.0
vertex -2.129 21.615 53.0
endloop
endfacet
facet normal 0.07411357925252032 -0.997249806904158 0.0
outer loop
vertex -1.066 21.694 53.0
vertex -2.129 21.615 53.0
vertex -1.066 21.694 1.0
endloop
endfacet
facet normal 0.07411357925252032 -0.997249806904158 0.0
outer loop
vertex -1.066 21.694 1.0
vertex -2.129 21.615 53.0
vertex -2.129 21.615 1.0
endloop
endfacet
facet normal 0.07393148503295362 -0.9947996024054311 -0.07005631002856247
outer loop
vertex -1.066 21.694 1.0
vertex -2.129 21.615 1.0
vertex -1.066 21.704 0.858
endloop
endfacet
facet normal 0.07289196544532135 -0.9943211696643909 -0.0775382030405379
outer loop
vertex -1.066 21.704 0.858
vertex -2.129 21.615 1.0
vertex -2.13 21.626 0.858
endloop
endfacet
facet normal 0.07148226167705461 -0.9750913644152138 -0.20996932468436877
outer loop
vertex -1.066 21.704 0.858
vertex -2.13 21.626 0.858
vertex -1.068 21.734 0.718
endloop
endfacet
facet normal 0.07140784183564332 -0.9749916866020159 -0.2104569580254647
outer loop
vertex -1.068 21.734 0.718
vertex -2.13 21.626 0.858
vertex -2.133 21.656 0.718
endloop
endfacet
facet normal 0.06836976569444955 -0.9335102623664873 -0.35197182443391434
outer loop
vertex -1.068 21.734 0.718
vertex -2.133 21.656 0.718
vertex -1.07 21.784 0.585
endloop
endfacet
facet normal 0.06918036957666737 -0.9352485406060782 -0.34716601757579457
outer loop
vertex -1.07 21.784 0.585
vertex -2.133 21.656 0.718
vertex -2.138 21.705 0.585
endloop
endfacet
facet normal 0.06489426364755652 -0.8773047288049342 -0.47552617947084924
outer loop
vertex -1.07 21.784 0.585
vertex -2.138 21.705 0.585
vertex -1.074 21.852 0.459
endloop
endfacet
facet normal 0.06474191425580374 -0.8768841551102462 -0.4763220161351811
outer loop
vertex -1.074 21.852 0.459
vertex -2.138 21.705 0.585
vertex -2.144 21.773 0.459
endloop
endfacet
facet normal 0.05876596684073554 -0.7959441078428675 -0.6025110275600731
outer loop
vertex -1.074 21.852 0.459
vertex -2.144 21.773 0.459
vertex -1.078 21.938 0.345
endloop
endfacet
facet normal 0.05938732792155382 -0.7980172189458965 -0.5997013119447003
outer loop
vertex -1.078 21.938 0.345
vertex -2.144 21.773 0.459
vertex -2.153 21.858 0.345
endloop
endfacet
facet normal 0.052452751913213094 -0.7048338538338159 -0.7074305247206272
outer loop
vertex -1.078 21.938 0.345
vertex -2.153 21.858 0.345
vertex -1.083 22.039 0.244
endloop
endfacet
facet normal 0.052115642047861795 -0.7035611676461179 -0.7087211322053056
outer loop
vertex -1.083 22.039 0.244
vertex -2.153 21.858 0.345
vertex -2.163 21.959 0.244
endloop
endfacet
facet normal 0.04414219338172483 -0.5959196106532713 -0.8018299597809401
outer loop
vertex -1.083 22.039 0.244
vertex -2.163 21.959 0.244
vertex -1.088 22.153 0.159
endloop
endfacet
facet normal 0.04379040920195837 -0.5944548049165975 -0.8029357913142838
outer loop
vertex -1.088 22.153 0.159
vertex -2.163 21.959 0.244
vertex -2.174 22.073 0.159
endloop
endfacet
facet normal 0.03548083419514182 -0.48165232419906046 -0.8756438482616434
outer loop
vertex -1.088 22.153 0.159
vertex -2.174 22.073 0.159
vertex -1.094 22.278 0.09
endloop
endfacet
facet normal 0.03584750534107636 -0.4832774794130323 -0.8747330074102656
outer loop
vertex -1.094 22.278 0.09
vertex -2.174 22.073 0.159
vertex -2.186 22.197 0.09
endloop
endfacet
facet normal 0.025546775442362744 -0.34440838003778124 -0.9384722851657626
outer loop
vertex -1.094 22.278 0.09
vertex -2.186 22.197 0.09
vertex -1.101 22.411 0.041
endloop
endfacet
facet normal 0.025333759077813038 -0.3434131786103414 -0.9388426861874832
outer loop
vertex -1.101 22.411 0.041
vertex -2.186 22.197 0.09
vertex -2.199 22.33 0.041
endloop
endfacet
facet normal 0.01599922654742315 -0.21687840430950558 -0.9760675091888096
outer loop
vertex -1.101 22.411 0.041
vertex -2.199 22.33 0.041
vertex -1.108 22.55 0.01
endloop
endfacet
facet normal 0.01584273683221573 -0.216126224686401 -0.9762368886148836
outer loop
vertex -1.108 22.55 0.01
vertex -2.199 22.33 0.041
vertex -2.213 22.469 0.01
endloop
endfacet
facet normal 0.005095346524792292 -0.06951059148019156 -0.9975682007340984
outer loop
vertex -1.108 22.55 0.01
vertex -2.213 22.469 0.01
vertex -1.115 22.693 0.0
endloop
endfacet
facet normal 0.005142924443780786 -0.06974307294492905 -0.9975517300392815
outer loop
vertex -1.115 22.693 0.0
vertex -2.213 22.469 0.01
vertex -2.227 22.611 0.0
endloop
endfacet
facet normal -0.0 0.0 -1.0
outer loop
vertex -2.227 22.611 0.0
vertex -3.334 22.474 0.0
vertex -3.431 34.831 0.0
endloop
endfacet
facet normal -0.0 -0.0 -1.0
outer loop
vertex -3.431 34.831 0.0
vertex -3.334 22.474 0.0
vertex -5.136 34.621 0.0
endloop
endfacet
facet normal -0.12224342014043581 0.992500149235439 0.0
outer loop
vertex -3.431 34.831 0.0
vertex -5.136 34.621 0.0
vertex -3.431 34.831 3.0
endloop
endfacet
facet normal -0.12224342014043581 0.992500149235439 0.0
outer loop
vertex -3.431 34.831 3.0
vertex -5.136 34.621 0.0
vertex -5.136 34.621 3.0
endloop
endfacet
facet normal 0.0 0.0 1.0
outer loop
vertex -3.431 34.831 3.0
vertex -5.136 34.621 3.0
vertex -2.944 29.895 3.0
endloop
endfacet
facet normal 0.0 0.0 1.0
outer loop
vertex -2.944 29.895 3.0
vertex -5.136 34.621 3.0
vertex -4.408 29.715 3.0
endloop
endfacet
facet normal -0.12203190710836685 0.9925261778147189 0.0
outer loop
vertex -2.944 29.895 3.0
vertex -4.408 29.715 3.0
vertex -2.944 29.895 52.0
endloop
endfacet
facet normal -0.12203190710836685 0.9925261778147189 0.0
outer loop
vertex -2.944 29.895 52.0
vertex -4.408 29.715 3.0
vertex -4.408 29.715 52.0
endloop
endfacet
facet normal -0.08631018563425331 0.7019895098252616 0.7069379604682928
outer loop
vertex -2.944 29.895 52.0
vertex -4.408 29.715 52.0
vertex -2.846 28.9 53.0
endloop
endfacet
facet normal -0.08632113122418572 0.7019793142656503 0.7069467480986841
outer loop
vertex -2.846 28.9 53.0
vertex -4.408 29.715 52.0
vertex -4.261 28.726 53.0
endloop
endfacet
facet normal 0.0 0.0 1.0
outer loop
vertex -2.846 28.9 53.0
vertex -4.261 28.726 53.0
vertex -2.129 21.615 53.0
endloop
endfacet
facet normal 0.0 0.0 1.0
outer loop
vertex -2.129 21.615 53.0
vertex -4.261 28.726 53.0
vertex -3.187 21.485 53.0
endloop
endfacet
facet normal 0.12195615643050788 -0.9925354884882946 0.0
outer loop
vertex -2.129 21.615 53.0
vertex -3.187 21.485 53.0
vertex -2.129 21.615 1.0
endloop
endfacet
facet normal 0.12195615643050788 -0.9925354884882946 0.0
outer loop
vertex -2.129 21.615 1.0
vertex -3.187 21.485 53.0
vertex -3.187 21.485 1.0
endloop
endfacet
facet normal 0.1215892462350469 -0.9895494039744658 -0.07751149781659789
outer loop
vertex -2.129 21.615 1.0
vertex -3.187 21.485 1.0
vertex -2.13 21.626 0.858
endloop
endfacet
facet normal 0.12257374013702238 -0.9899466951524389 -0.07057775134973943
outer loop
vertex -2.13 21.626 0.858
vertex -3.187 21.485 1.0
vertex -3.188 21.495 0.858
endloop
endfacet
facet normal 0.12012763213084338 -0.9701911053010085 -0.2104722575387175
outer loop
vertex -2.13 21.626 0.858
vertex -3.188 21.495 0.858
vertex -2.133 21.656 0.718
endloop
endfacet
facet normal 0.11986097973534043 -0.9698674696142033 -0.2121094927650032
outer loop
vertex -2.133 21.656 0.718
vertex -3.188 21.495 0.858
vertex -3.193 21.525 0.718
endloop
endfacet
facet normal 0.11502107847605447 -0.9307049098062408 -0.34721538325477874
outer loop
vertex -2.133 21.656 0.718
vertex -3.193 21.525 0.718
vertex -2.138 21.705 0.585
endloop
endfacet
facet normal 0.11473871872670109 -0.9301719029599975 -0.3487337915498468
outer loop
vertex -2.138 21.705 0.585
vertex -3.193 21.525 0.718
vertex -3.2 21.574 0.585
endloop
endfacet
facet normal 0.10765634265715826 -0.8727559992511834 -0.4761376667065451
outer loop
vertex -2.138 21.705 0.585
vertex -3.2 21.574 0.585
vertex -2.144 21.773 0.459
endloop
endfacet
facet normal 0.10708392534886817 -0.8713852245946051 -0.4787701152850789
outer loop
vertex -2.144 21.773 0.459
vertex -3.2 21.574 0.585
vertex -3.21 21.642 0.459
endloop
endfacet
facet normal 0.09759257018626044 -0.7941502276225453 -0.5998342322771346
outer loop
vertex -2.144 21.773 0.459
vertex -3.21 21.642 0.459
vertex -2.153 21.858 0.345
endloop
endfacet
facet normal 0.09703393750756183 -0.7925672758251218 -0.6020145581818799
outer loop
vertex -2.153 21.858 0.345
vertex -3.21 21.642 0.459
vertex -3.223 21.727 0.345
endloop
endfacet
facet normal 0.08573111780473174 -0.7002465347409372 -0.7087347642265479
outer loop
vertex -2.153 21.858 0.345
vertex -3.223 21.727 0.345
vertex -2.163 21.959 0.244
endloop
endfacet
facet normal 0.08721279880647513 -0.7049154790748978 -0.7039091525793285
outer loop
vertex -2.163 21.959 0.244
vertex -3.223 21.727 0.345
vertex -3.238 21.826 0.244
endloop
endfacet
facet normal 0.07319273073823895 -0.5915953800271234 -0.8029058042495664
outer loop
vertex -2.163 21.959 0.244
vertex -3.238 21.826 0.244
vertex -2.174 22.073 0.159
endloop
endfacet
facet normal 0.07355487619511282 -0.5928303454531465 -0.8019612594744364
outer loop
vertex -2.174 22.073 0.159
vertex -3.238 21.826 0.244
vertex -3.254 21.939 0.159
endloop
endfacet
facet normal 0.059674521263381984 -0.4809588280929282 -0.8747099846185954
outer loop
vertex -2.174 22.073 0.159
vertex -3.254 21.939 0.159
vertex -2.186 22.197 0.09
endloop
endfacet
facet normal 0.058984441339913374 -0.4784782666901917 -0.8761160790585731
outer loop
vertex -2.186 22.197 0.09
vertex -3.254 21.939 0.159
vertex -3.273 22.063 0.09
endloop
endfacet
facet normal 0.0421317009893947 -0.34176984310053676 -0.9388388009231269
outer loop
vertex -2.186 22.197 0.09
vertex -3.273 22.063 0.09
vertex -2.199 22.33 0.041
endloop
endfacet
facet normal 0.042283790517100586 -0.34234209655697495 -0.9386234441907366
outer loop
vertex -2.199 22.33 0.041
vertex -3.273 22.063 0.09
vertex -3.292 22.195 0.041
endloop
endfacet
facet normal 0.026561263005507468 -0.2150478552964451 -0.9762422441381807
outer loop
vertex -2.199 22.33 0.041
vertex -3.292 22.195 0.041
vertex -2.213 22.469 0.01
endloop
endfacet
facet normal 0.026611652758991647 -0.21524130908007516 -0.9761982374512517
outer loop
vertex -2.213 22.469 0.01
vertex -3.292 22.195 0.041
vertex -3.313 22.333 0.01
endloop
endfacet
facet normal 0.008580872976349786 -0.06940411966165126 -0.9975517213623338
outer loop
vertex -2.213 22.469 0.01
vertex -3.313 22.333 0.01
vertex -2.227 22.611 0.0
endloop
endfacet
facet normal 0.008597164218602009 -0.06946759700724375 -0.9975471626612135
outer loop
vertex -2.227 22.611 0.0
vertex -3.313 22.333 0.01
vertex -3.334 22.474 0.0
endloop
endfacet
facet normal -0.0 0.0 -1.0
outer loop
vertex -3.334 22.474 0.0
vertex -4.432 22.283 0.0
vertex -5.136 34.621 0.0
endloop
endfacet
facet normal -0.0 -0.0 -1.0
outer loop
vertex -5.136 34.621 0.0
vertex -4.432 22.283 0.0
vertex -6.828 34.327 0.0
endloop
endfacet
facet normal -0.17119373018901024 0.985237385985719 0.0
outer loop
vertex -5.136 34.621 0.0
vertex -6.828 34.327 0.0
vertex -5.136 34.621 3.0
endloop
endfacet
facet normal -0.17119373018901024 0.985237385985719 0.0
outer loop
vertex -5.136 34.621 3.0
vertex -6.828 34.327 0.0
vertex -6.828 34.327 3.0
endloop
endfacet
facet normal 0.0 0.0 1.0
outer loop
vertex -5.136 34.621 3.0
vertex -6.828 34.327 3.0
vertex -4.408 29.715 3.0
endloop
endfacet
facet normal 0.0 0.0 1.0
outer loop
vertex -4.408 29.715 3.0
vertex -6.828 34.327 3.0
vertex -5.861 29.463 3.0
endloop
endfacet
facet normal -0.1708832776523665 0.9852912794797203 0.0
outer loop
vertex -4.408 29.715 3.0
vertex -5.861 29.463 3.0
vertex -4.408 29.715 52.0
endloop
endfacet
facet normal -0.1708832776523665 0.9852912794797203 0.0
outer loop
vertex -4.408 29.715 52.0
vertex -5.861 29.463 3.0
vertex -5.861 29.463 52.0
endloop
endfacet
facet normal -0.12085852996167419 0.6968549366441004 0.7069557362453819
outer loop
vertex -4.408 29.715 52.0
vertex -5.861 29.463 52.0
vertex -4.261 28.726 53.0
endloop
endfacet
facet normal -0.12106834946836659 0.6966391912032247 0.7071324430661644
outer loop
vertex -4.261 28.726 53.0
vertex -5.861 29.463 52.0
vertex -5.665 28.482 53.0
endloop
endfacet
facet normal 0.0 0.0 1.0
outer loop
vertex -4.261 28.726 53.0
vertex -5.665 28.482 53.0
vertex -3.187 21.485 53.0
endloop
endfacet
facet normal 0.0 0.0 1.0
outer loop
vertex -3.187 21.485 53.0
vertex -5.665 28.482 53.0
vertex -4.237 21.303 53.0
endloop
endfacet
facet normal 0.17078672353593644 -0.9853080203996412 0.0
outer loop
vertex -3.187 21.485 53.0
vertex -4.237 21.303 53.0
vertex -3.187 21.485 1.0
endloop
endfacet
facet normal 0.17078672353593644 -0.9853080203996412 0.0
outer loop
vertex -3.187 21.485 1.0
vertex -4.237 21.303 53.0
vertex -4.237 21.303 1.0
endloop
endfacet
facet normal 0.17036278916937433 -0.9828622452079367 -0.07041538902288959
outer loop
vertex -3.187 21.485 1.0
vertex -4.237 21.303 1.0
vertex -3.188 21.495 0.858
endloop
endfacet
facet normal 0.1701909187672178 -0.9828058001337568 -0.07160873125964795
outer loop
vertex -3.188 21.495 0.858
vertex -4.237 21.303 1.0
vertex -4.239 21.313 0.858
endloop
endfacet
facet normal 0.16673991698471777 -0.962877212917232 -0.21228582837455862
outer loop
vertex -3.188 21.495 0.858
vertex -4.239 21.313 0.858
vertex -3.193 21.525 0.718
endloop
endfacet
facet normal 0.16767417148505936 -0.9638974229632931 -0.2068505021060415
outer loop
vertex -3.193 21.525 0.718
vertex -4.239 21.313 0.858
vertex -4.245 21.342 0.718
endloop
endfacet
facet normal 0.16062712857562153 -0.9233865533418252 -0.34864910536677896
outer loop
vertex -3.193 21.525 0.718
vertex -4.245 21.342 0.718
vertex -3.2 21.574 0.585
endloop
endfacet
facet normal 0.15998099684384676 -0.9222948178702468 -0.3518214740156395
outer loop
vertex -3.2 21.574 0.585
vertex -4.245 21.342 0.718
vertex -4.255 21.391 0.585
endloop
endfacet
facet normal 0.1500483856748581 -0.8650330430982095 -0.47875183164623
outer loop
vertex -3.2 21.574 0.585
vertex -4.255 21.391 0.585
vertex -3.21 21.642 0.459
endloop
endfacet
facet normal 0.15066561692215844 -0.866327297302406 -0.47621096777182076
outer loop
vertex -3.21 21.642 0.459
vertex -4.255 21.391 0.585
vertex -4.268 21.458 0.459
endloop
endfacet
facet normal 0.13680149046035825 -0.7866085701470552 -0.6021065599867103
outer loop
vertex -3.21 21.642 0.459
vertex -4.268 21.458 0.459
vertex -3.223 21.727 0.345
endloop
endfacet
facet normal 0.1371931855051122 -0.7875630432780013 -0.6007682437626451
outer loop
vertex -3.223 21.727 0.345
vertex -4.268 21.458 0.459
vertex -4.285 21.542 0.345
endloop
endfacet
facet normal 0.12188884528561088 -0.699707857801728 -0.7039545604124297
outer loop
vertex -3.223 21.727 0.345
vertex -4.285 21.542 0.345
vertex -3.238 21.826 0.244
endloop
endfacet
facet normal 0.12082136603212686 -0.696845392196096 -0.7069714965153828
outer loop
vertex -3.238 21.826 0.244
vertex -4.285 21.542 0.345
vertex -4.305 21.641 0.244
endloop
endfacet
facet normal 0.10207431400875672 -0.5887205029586058 -0.801865951276027
outer loop
vertex -3.238 21.826 0.244
vertex -4.305 21.641 0.244
vertex -3.254 21.939 0.159
endloop
endfacet
facet normal 0.10203006359221471 -0.5885927862067013 -0.8019653347550636
outer loop
vertex -3.254 21.939 0.159
vertex -4.305 21.641 0.244
vertex -4.327 21.753 0.159
endloop
endfacet
facet normal 0.0823268887110391 -0.47492877197282257 -0.8761649073933211
outer loop
vertex -3.254 21.939 0.159
vertex -4.327 21.753 0.159
vertex -3.273 22.063 0.09
endloop
endfacet
facet normal 0.08244998748891515 -0.4752999278772817 -0.8759520409947844
outer loop
vertex -3.273 22.063 0.09
vertex -4.327 21.753 0.159
vertex -4.351 21.876 0.09
endloop
endfacet
facet normal 0.05896775493599624 -0.33993176374868855 -0.9385995950737002
outer loop
vertex -3.273 22.063 0.09
vertex -4.351 21.876 0.09
vertex -3.292 22.195 0.041
endloop
endfacet
facet normal 0.058820737861655426 -0.33947074776540703 -0.9387756559524782
outer loop
vertex -3.292 22.195 0.041
vertex -4.351 21.876 0.09
vertex -4.377 22.007 0.041
endloop
endfacet
facet normal 0.03702112034987022 -0.21365912542345444 -0.9762065430897937
outer loop
vertex -3.292 22.195 0.041
vertex -4.377 22.007 0.041
vertex -3.313 22.333 0.01
endloop
endfacet
facet normal 0.0369279774425784 -0.21336164744600847 -0.976275131241765
outer loop
vertex -3.313 22.333 0.01
vertex -4.377 22.007 0.041
vertex -4.405 22.144 0.01
endloop
endfacet
facet normal 0.011937143630632087 -0.0689701631992076 -0.9975473027331668
outer loop
vertex -3.313 22.333 0.01
vertex -4.405 22.144 0.01
vertex -3.334 22.474 0.0
endloop
endfacet
facet normal 0.012075452560504997 -0.06941804665672546 -0.9975145704418676
outer loop
vertex -3.334 22.474 0.0
vertex -4.405 22.144 0.01
vertex -4.432 22.283 0.0
endloop
endfacet
facet normal -0.0 0.0 -1.0
outer loop
vertex -4.432 22.283 0.0
vertex -5.521 22.039 0.0
vertex -6.828 34.327 0.0
endloop
endfacet
facet normal -0.0 -0.0 -1.0
outer loop
vertex -6.828 34.327 0.0
vertex -5.521 22.039 0.0
vertex -8.504 33.951 0.0
endloop
endfacet
facet normal -0.21890260409966997 0.9757467140187474 0.0
outer loop
vertex -6.828 34.327 0.0
vertex -8.504 33.951 0.0
vertex -6.828 34.327 3.0
endloop
endfacet
facet normal -0.21890260409966997 0.9757467140187474 0.0
outer loop
vertex -6.828 34.327 3.0
vertex -8.504 33.951 0.0
vertex -8.504 33.951 3.0
endloop
endfacet
facet normal 0.0 0.0 1.0
outer loop
vertex -6.828 34.327 3.0
vertex -8.504 33.951 3.0
vertex -5.861 29.463 3.0
endloop
endfacet
facet normal 0.0 0.0 1.0
outer loop
vertex -5.861 29.463 3.0
vertex -8.504 33.951 3.0
vertex -7.299 29.14 3.0
endloop
endfacet
facet normal -0.2191569848298455 0.9756896104808593 0.0
outer loop
vertex -5.861 29.463 3.0
vertex -7.299 29.14 3.0
vertex -5.861 29.463 52.0
endloop
endfacet
facet normal -0.2191569848298455 0.9756896104808593 0.0
outer loop
vertex -5.861 29.463 52.0
vertex -7.299 29.14 3.0
vertex -7.299 29.14 52.0
endloop
endfacet
facet normal -0.15495915560882276 0.6898800797693094 0.7071443527530229
outer loop
vertex -5.861 29.463 52.0
vertex -7.299 29.14 52.0
vertex -5.665 28.482 53.0
endloop
endfacet
facet normal -0.15478401218427695 0.6900787209882401 0.7069888743193715
outer loop
vertex -5.665 28.482 53.0
vertex -7.299 29.14 52.0
vertex -7.056 28.17 53.0
endloop
endfacet
facet normal 0.0 0.0 1.0
outer loop
vertex -5.665 28.482 53.0
vertex -7.056 28.17 53.0
vertex -4.237 21.303 53.0
endloop
endfacet
facet normal 0.0 0.0 0.9999999999999999
outer loop
vertex -4.237 21.303 53.0
vertex -7.056 28.17 53.0
vertex -5.278 21.069 53.0
endloop
endfacet
facet normal 0.21931147526543562 -0.9756548963731482 0.0
outer loop
vertex -4.237 21.303 53.0
vertex -5.278 21.069 53.0
vertex -4.237 21.303 1.0
endloop
endfacet
facet normal 0.21931147526543562 -0.9756548963731482 0.0
outer loop
vertex -4.237 21.303 1.0
vertex -5.278 21.069 53.0
vertex -5.278 21.069 1.0
endloop
endfacet
facet normal 0.21874839707739763 -0.9731499203314922 -0.07161264786949097
outer loop
vertex -4.237 21.303 1.0
vertex -5.278 21.069 1.0
vertex -4.239 21.313 0.858
endloop
endfacet
facet normal 0.21874839707739394 -0.9731499203314911 -0.07161264786951665
outer loop
vertex -4.239 21.313 0.858
vertex -5.278 21.069 1.0
vertex -5.28 21.079 0.858
endloop
endfacet
facet normal 0.21456503069442617 -0.9545393032175189 -0.20692164269624705
outer loop
vertex -4.239 21.313 0.858
vertex -5.28 21.079 0.858
vertex -4.245 21.342 0.718
endloop
endfacet
facet normal 0.21430083297836341 -0.9542797776216082 -0.20838728129910736
outer loop
vertex -4.245 21.342 0.718
vertex -5.28 21.079 0.858
vertex -5.287 21.108 0.718
endloop
endfacet
facet normal 0.2050964787038539 -0.9132928667069117 -0.35189710718553907
outer loop
vertex -4.245 21.342 0.718
vertex -5.287 21.108 0.718
vertex -4.255 21.391 0.585
endloop
endfacet
facet normal 0.2044997944554447 -0.9123836983396839 -0.35459247182037196
outer loop
vertex -4.255 21.391 0.585
vertex -5.287 21.108 0.718
vertex -5.299 21.157 0.585
endloop
endfacet
facet normal 0.19232966616296196 -0.8580862028809141 -0.47612747026301516
outer loop
vertex -4.255 21.391 0.585
vertex -5.299 21.157 0.585
vertex -4.268 21.458 0.459
endloop
endfacet
facet normal 0.19247471024672594 -0.85835530356838 -0.4755834929341781
outer loop
vertex -4.268 21.458 0.459
vertex -5.299 21.157 0.585
vertex -5.316 21.223 0.459
endloop
endfacet
facet normal 0.17490674831372185 -0.7800096690756636 -0.6008265519622066
outer loop
vertex -4.268 21.458 0.459
vertex -5.316 21.223 0.459
vertex -4.285 21.542 0.345
endloop
endfacet
facet normal 0.1750534709231457 -0.7803230991997825 -0.6003766677453464
outer loop
vertex -4.285 21.542 0.345
vertex -5.316 21.223 0.459
vertex -5.337 21.306 0.345
endloop
endfacet
facet normal 0.1547991828321946 -0.6900370353367297 -0.7070262391581955
outer loop
vertex -4.285 21.542 0.345
vertex -5.337 21.306 0.345
vertex -4.305 21.641 0.244
endloop
endfacet
facet normal 0.1549397266006754 -0.6903643514359257 -0.7066758403874874
outer loop
vertex -4.305 21.641 0.244
vertex -5.337 21.306 0.345
vertex -5.361 21.404 0.244
endloop
endfacet
facet normal 0.13082418102600582 -0.5829128065968908 -0.8019337214285297
outer loop
vertex -4.305 21.641 0.244
vertex -5.361 21.404 0.244
vertex -4.327 21.753 0.159
endloop
endfacet
facet normal 0.1303950659470335 -0.5818468909065121 -0.8027772557310615
outer loop
vertex -4.327 21.753 0.159
vertex -5.361 21.404 0.244
vertex -5.389 21.515 0.159
endloop
endfacet
facet normal 0.10550490830186374 -0.4707824059520148 -0.8759181700194646
outer loop
vertex -4.327 21.753 0.159
vertex -5.389 21.515 0.159
vertex -4.351 21.876 0.09
endloop
endfacet
facet normal 0.10595777483123955 -0.47195358872747556 -0.8752329747216276
outer loop
vertex -4.351 21.876 0.09
vertex -5.389 21.515 0.159
vertex -5.42 21.636 0.09
endloop
endfacet
facet normal 0.07547210189526372 -0.336165320525151 -0.938774115062688
outer loop
vertex -4.351 21.876 0.09
vertex -5.42 21.636 0.09
vertex -4.377 22.007 0.041
endloop
endfacet
facet normal 0.0752010795861267 -0.33544050022856897 -0.9390550933973408
outer loop
vertex -4.377 22.007 0.041
vertex -5.42 21.636 0.09
vertex -5.452 21.766 0.041
endloop
endfacet
facet normal 0.04735556627070562 -0.21123333502492897 -0.9762878307740127
outer loop
vertex -4.377 22.007 0.041
vertex -5.452 21.766 0.041
vertex -4.405 22.144 0.01
endloop
endfacet
facet normal 0.047684428359554776 -0.21212702492460495 -0.9760780299692533
outer loop
vertex -4.405 22.144 0.01
vertex -5.452 21.766 0.041
vertex -5.486 21.901 0.01
endloop
endfacet
facet normal 0.015456941530459685 -0.06876112672603708 -0.9975134036241767
outer loop
vertex -4.405 22.144 0.01
vertex -5.486 21.901 0.01
vertex -4.432 22.283 0.0
endloop
endfacet
facet normal 0.015325323072820106 -0.06839867551762747 -0.9975403528981412
outer loop
vertex -4.432 22.283 0.0
vertex -5.486 21.901 0.01
vertex -5.521 22.039 0.0
endloop
endfacet
facet normal -0.0 0.0 -1.0
outer loop
vertex -5.521 22.039 0.0
vertex -6.595 21.742 0.0
vertex -8.504 33.951 0.0
endloop
endfacet
facet normal -0.0 -0.0 -1.0
outer loop
vertex -8.504 33.951 0.0
vertex -6.595 21.742 0.0
vertex -10.16 33.493 0.0
endloop
endfacet
facet normal -0.2665630479668493 0.9638174834783934 0.0
outer loop
vertex -8.504 33.951 0.0
vertex -10.16 33.493 0.0
vertex -8.504 33.951 3.0
endloop
endfacet
facet normal -0.2665630479668493 0.9638174834783934 0.0
outer loop
vertex -8.504 33.951 3.0
vertex -10.16 33.493 0.0
vertex -10.16 33.493 3.0
endloop
endfacet
facet normal 0.0 0.0 1.0
outer loop
vertex -8.504 33.951 3.0
vertex -10.16 33.493 3.0
vertex -7.299 29.14 3.0
endloop
endfacet
facet normal 0.0 0.0 1.0
outer loop
vertex -7.299 29.14 3.0
vertex -10.16 33.493 3.0
vertex -8.72 28.746 3.0
endloop
endfacet
facet normal -0.26718914647834197 0.9636441044307671 0.0
outer loop
vertex -7.299 29.14 3.0
vertex -8.72 28.746 3.0
vertex -7.299 29.14 52.0
endloop
endfacet
facet normal -0.26718914647834197 0.9636441044307671 0.0
outer loop
vertex -7.299 29.14 52.0
vertex -8.72 28.746 3.0
vertex -8.72 28.746 52.0
endloop
endfacet
facet normal -0.1889632136118323 0.6815145343716053 0.7069871592481316
outer loop
vertex -7.299 29.14 52.0
vertex -8.72 28.746 52.0
vertex -7.056 28.17 53.0
endloop
endfacet
facet normal -0.1886065595876545 0.6819616128248301 0.7066512041409573
outer loop
vertex -7.056 28.17 53.0
vertex -8.72 28.746 52.0
vertex -8.43 27.79 53.0
endloop
endfacet
facet normal 0.0 0.0 1.0
outer loop
vertex -7.056 28.17 53.0
vertex -8.43 27.79 53.0
vertex -5.278 21.069 53.0
endloop
endfacet
facet normal 0.0 0.0 1.0
outer loop
vertex -5.278 21.069 53.0
vertex -8.43 27.79 53.0
vertex -6.305 20.785 53.0
endloop
endfacet
facet normal 0.2665304078717941 -0.9638265101561043 0.0
outer loop
vertex -5.278 21.069 53.0
vertex -6.305 20.785 53.0
vertex -5.278 21.069 1.0
endloop
endfacet
facet normal 0.2665304078717941 -0.9638265101561043 0.0
outer loop
vertex -5.278 21.069 1.0
vertex -6.305 20.785 53.0
vertex -6.305 20.785 1.0
endloop
endfacet
facet normal 0.26584928109378797 -0.9613634214201455 -0.07144600546754018
outer loop
vertex -5.278 21.069 1.0
vertex -6.305 20.785 1.0
vertex -5.28 21.079 0.858
endloop
endfacet
facet normal 0.2665676791719266 -0.9615142953990887 -0.06657275842329533
outer loop
vertex -5.28 21.079 0.858
vertex -6.305 20.785 1.0
vertex -6.308 20.794 0.858
endloop
endfacet
facet normal 0.2613001808815715 -0.9425143366535272 -0.2083001216365937
outer loop
vertex -5.28 21.079 0.858
vertex -6.308 20.794 0.858
vertex -5.287 21.108 0.718
endloop
endfacet
facet normal 0.25939985432898494 -0.9407811618269564 -0.21827166816979077
outer loop
vertex -5.287 21.108 0.718
vertex -6.308 20.794 0.858
vertex -6.317 20.824 0.718
endloop
endfacet
facet normal 0.24854398658213767 -0.9014095288014183 -0.3545232687989086
outer loop
vertex -5.287 21.108 0.718
vertex -6.317 20.824 0.718
vertex -5.299 21.157 0.585
endloop
endfacet
facet normal 0.2505799872014746 -0.9041907230486734 -0.3459028857451555
outer loop
vertex -5.299 21.157 0.585
vertex -6.317 20.824 0.718
vertex -6.331 20.871 0.585
endloop
endfacet
facet normal 0.2349124640621398 -0.8476561640284166 -0.4757049104359592
outer loop
vertex -5.299 21.157 0.585
vertex -6.331 20.871 0.585
vertex -5.316 21.223 0.459
endloop
endfacet
facet normal 0.23365639716488906 -0.8455747240058112 -0.4800084105371696
outer loop
vertex -5.316 21.223 0.459
vertex -6.331 20.871 0.585
vertex -6.351 20.937 0.459
endloop
endfacet
facet normal 0.21299209798172597 -0.7707930818569513 -0.6004268408047777
outer loop
vertex -5.316 21.223 0.459
vertex -6.351 20.937 0.459
vertex -5.337 21.306 0.345
endloop
endfacet
facet normal 0.21438290727971948 -0.7734161134153767 -0.5965462970933173
outer loop
vertex -5.337 21.306 0.345
vertex -6.351 20.937 0.459
vertex -6.376 21.018 0.345
endloop
endfacet
facet normal 0.18902109852537258 -0.6819198658606321 -0.706580724940101
outer loop
vertex -5.337 21.306 0.345
vertex -6.376 21.018 0.345
vertex -5.361 21.404 0.244
endloop
endfacet
facet normal 0.18844034035715207 -0.6807325790064561 -0.7078795052869518
outer loop
vertex -5.361 21.404 0.244
vertex -6.376 21.018 0.345
vertex -6.405 21.115 0.244
endloop
endfacet
facet normal 0.1590699993568474 -0.5746334924863249 -0.802803266446756
outer loop
vertex -5.361 21.404 0.244
vertex -6.405 21.115 0.244
vertex -5.389 21.515 0.159
endloop
endfacet
facet normal 0.15991602980333647 -0.5764670627618546 -0.801319280288861
outer loop
vertex -5.389 21.515 0.159
vertex -6.405 21.115 0.244
vertex -6.438 21.224 0.159
endloop
endfacet
facet normal 0.12927430690745367 -0.4660094431131226 -0.8752847265335976
outer loop
vertex -5.389 21.515 0.159
vertex -6.438 21.224 0.159
vertex -5.42 21.636 0.09
endloop
endfacet
facet normal 0.12849836536613385 -0.46426635431942487 -0.876324667201136
outer loop
vertex -5.42 21.636 0.09
vertex -6.438 21.224 0.159
vertex -6.475 21.344 0.09
endloop
endfacet
facet normal 0.09171496410131395 -0.3313674216674207 -0.9390335442450288
outer loop
vertex -5.42 21.636 0.09
vertex -6.475 21.344 0.09
vertex -5.452 21.766 0.041
endloop
endfacet
facet normal 0.09201119385668433 -0.3320540023195343 -0.9387619931317238
outer loop
vertex -5.452 21.766 0.041
vertex -6.475 21.344 0.09
vertex -6.513 21.472 0.041
endloop
endfacet
facet normal 0.0580561111429054 -0.20951542150552133 -0.976080312325951
outer loop
vertex -5.452 21.766 0.041
vertex -6.513 21.472 0.041
vertex -5.486 21.901 0.01
endloop
endfacet
facet normal 0.0580901326861525 -0.20959547874598322 -0.9760611004305761
outer loop
vertex -5.486 21.901 0.01
vertex -6.513 21.472 0.041
vertex -6.554 21.605 0.01
endloop
endfacet
facet normal 0.018718440089772123 -0.06753815545904283 -0.997541085649005
outer loop
vertex -5.486 21.901 0.01
vertex -6.554 21.605 0.01
vertex -5.521 22.039 0.0
endloop
endfacet
facet normal 0.01859687871342866 -0.0672493189839136 -0.9975628728046758
outer loop
vertex -5.521 22.039 0.0
vertex -6.554 21.605 0.01
vertex -6.595 21.742 0.0
endloop
endfacet
facet normal -0.0 0.0 -0.9999999999999999
outer loop
vertex -6.595 21.742 0.0
vertex -7.654 21.392 0.0
vertex -10.16 33.493 0.0
endloop
endfacet
facet normal -0.0 -0.0 -1.0
outer loop
vertex -10.16 33.493 0.0
vertex -7.654 21.392 0.0
vertex -11.791 32.954 0.0
endloop
endfacet
facet normal -0.3137816638127325 0.94949516452424 0.0
outer loop
vertex -10.16 33.493 0.0
vertex -11.791 32.954 0.0
vertex -10.16 33.493 3.0
endloop
endfacet
facet normal -0.3137816638127325 0.94949516452424 0.0
outer loop
vertex -10.16 33.493 3.0
vertex -11.791 32.954 0.0
vertex -11.791 32.954 3.0
endloop
endfacet
facet normal 0.0 0.0 1.0
outer loop
vertex -10.16 33.493 3.0
vertex -11.791 32.954 3.0
vertex -8.72 28.746 3.0
endloop
endfacet
facet normal 0.0 0.0 1.0
outer loop
vertex -8.72 28.746 3.0
vertex -11.791 32.954 3.0
vertex -10.12 28.284 3.0
endloop
endfacet
facet normal -0.31337745420390195 0.9496286491027328 0.0
outer loop
vertex -8.72 28.746 3.0
vertex -10.12 28.284 3.0
vertex -8.72 28.746 52.0
endloop
endfacet
facet normal -0.31337745420390195 0.9496286491027328 0.0
outer loop
vertex -8.72 28.746 52.0
vertex -10.12 28.284 3.0
vertex -10.12 28.284 52.0
endloop
endfacet
facet normal -0.221732693353672 0.6719172525868845 0.7066553745456263
outer loop
vertex -8.72 28.746 52.0
vertex -10.12 28.284 52.0
vertex -8.43 27.79 53.0
endloop
endfacet
facet normal -0.222246476852099 0.6712042035287714 0.70717142242326
outer loop
vertex -8.43 27.79 53.0
vertex -10.12 28.284 52.0
vertex -9.783 27.342 53.0
endloop
endfacet
facet normal 0.0 0.0 1.0
outer loop
vertex -8.43 27.79 53.0
vertex -9.783 27.342 53.0
vertex -6.305 20.785 53.0
endloop
endfacet
facet normal 0.0 0.0 0.9999999999999999
outer loop
vertex -6.305 20.785 53.0
vertex -9.783 27.342 53.0
vertex -7.317 20.45 53.0
endloop
endfacet
facet normal 0.3142571142622559 -0.9493379093534396 0.0
outer loop
vertex -6.305 20.785 53.0
vertex -7.317 20.45 53.0
vertex -6.305 20.785 1.0
endloop
endfacet
facet normal 0.3142571142622559 -0.9493379093534396 0.0
outer loop
vertex -6.305 20.785 1.0
vertex -7.317 20.45 53.0
vertex -7.317 20.45 1.0
endloop
endfacet
facet normal 0.31355812867655786 -0.9472263469273907 -0.0666599401998351
outer loop
vertex -6.305 20.785 1.0
vertex -7.317 20.45 1.0
vertex -6.308 20.794 0.858
endloop
endfacet
facet normal 0.31223886262344297 -0.9469999037052337 -0.07548559498272851
outer loop
vertex -6.308 20.794 0.858
vertex -7.317 20.45 1.0
vertex -7.321 20.46 0.858
endloop
endfacet
facet normal 0.3055836947016183 -0.9268152177626935 -0.21824792703711804
outer loop
vertex -6.308 20.794 0.858
vertex -7.321 20.46 0.858
vertex -6.317 20.824 0.718
endloop
endfacet
facet normal 0.30768376207190834 -0.928545639109861 -0.20768653939852985
outer loop
vertex -6.317 20.824 0.718
vertex -7.321 20.46 0.858
vertex -7.331 20.488 0.718
endloop
endfacet
facet normal 0.29513554235010375 -0.8906769045922722 -0.3458173842762082
outer loop
vertex -6.317 20.824 0.718
vertex -7.331 20.488 0.718
vertex -6.331 20.871 0.585
endloop
endfacet
facet normal 0.29366981606251213 -0.8888756039749285 -0.3516506786457497
outer loop
vertex -6.331 20.871 0.585
vertex -7.331 20.488 0.718
vertex -7.348 20.535 0.585
endloop
endfacet
facet normal 0.27520312198171604 -0.8329808781410901 -0.480006352356732
outer loop
vertex -6.331 20.871 0.585
vertex -7.348 20.535 0.585
vertex -6.351 20.937 0.459
endloop
endfacet
facet normal 0.2752173556777404 -0.8330020854341114 -0.47996138677624217
outer loop
vertex -6.351 20.937 0.459
vertex -7.348 20.535 0.585
vertex -7.371 20.6 0.459
endloop
endfacet
facet normal 0.2517593977475866 -0.7620017379897289 -0.596632681761907
outer loop
vertex -6.351 20.937 0.459
vertex -7.371 20.6 0.459
vertex -6.376 21.018 0.345
endloop
endfacet
facet normal 0.25122181257682535 -0.7610980357357053 -0.5980111879261668
outer loop
vertex -6.376 21.018 0.345
vertex -7.371 20.6 0.459
vertex -7.4 20.68 0.345
endloop
endfacet
facet normal 0.22141740486211922 -0.6708030253810929 -0.7078118633957028
outer loop
vertex -6.376 21.018 0.345
vertex -7.4 20.68 0.345
vertex -6.405 21.115 0.244
endloop
endfacet
facet normal 0.22198659350043942 -0.6718358962116242 -0.7066530130605787
outer loop
vertex -6.405 21.115 0.244
vertex -7.4 20.68 0.345
vertex -7.434 20.775 0.244
endloop
endfacet
facet normal 0.18769317635015428 -0.5680478778362024 -0.8013069823964949
outer loop
vertex -6.405 21.115 0.244
vertex -7.434 20.775 0.244
vertex -6.438 21.224 0.159
endloop
endfacet
facet normal 0.18671879592373045 -0.5661795747364715 -0.8028553919604828
outer loop
vertex -6.438 21.224 0.159
vertex -7.434 20.775 0.244
vertex -7.472 20.883 0.159
endloop
endfacet
facet normal 0.15084571994336599 -0.45740315079601174 -0.8763720251221216
outer loop
vertex -6.438 21.224 0.159
vertex -7.472 20.883 0.159
vertex -6.475 21.344 0.09
endloop
endfacet
facet normal 0.1512927357427732 -0.45828907415959613 -0.8758319659714455
outer loop
vertex -6.475 21.344 0.09
vertex -7.472 20.883 0.159
vertex -7.514 21.001 0.09
endloop
endfacet
facet normal 0.1080439574490293 -0.3272818419520161 -0.9387295133249236
outer loop
vertex -6.475 21.344 0.09
vertex -7.514 21.001 0.09
vertex -6.513 21.472 0.041
endloop
endfacet
facet normal 0.10774680900115106 -0.3266758325078355 -0.9389747204293531
outer loop
vertex -6.513 21.472 0.041
vertex -7.514 21.001 0.09
vertex -7.559 21.127 0.041
endloop
endfacet
facet normal 0.06811221078134616 -0.20650832602112348 -0.9760712258982082
outer loop
vertex -6.513 21.472 0.041
vertex -7.559 21.127 0.041
vertex -6.554 21.605 0.01
endloop
endfacet
facet normal 0.06812522062732204 -0.20653525100847978 -0.976064621019194
outer loop
vertex -6.554 21.605 0.01
vertex -7.559 21.127 0.041
vertex -7.606 21.258 0.01
endloop
endfacet
facet normal 0.021859921049509415 -0.06627272894548648 -0.9975620628561549
outer loop
vertex -6.554 21.605 0.01
vertex -7.606 21.258 0.01
vertex -6.595 21.742 0.0
endloop
endfacet
facet normal 0.021999098156545452 -0.06656298556509012 -0.9975396777236283
outer loop
vertex -6.595 21.742 0.0
vertex -7.606 21.258 0.01
vertex -7.654 21.392 0.0
endloop
endfacet
facet normal -0.0 0.0 -1.0
outer loop
vertex -7.654 21.392 0.0
vertex -8.695 20.991 0.0
vertex -11.791 32.954 0.0
endloop
endfacet
facet normal -0.0 -0.0 -1.0
outer loop
vertex -11.791 32.954 0.0
vertex -8.695 20.991 0.0
vertex -13.394 32.336 0.0
endloop
endfacet
facet normal -0.3597200569133035 0.9330602770744716 0.0
outer loop
vertex -11.791 32.954 0.0
vertex -13.394 32.336 0.0
vertex -11.791 32.954 3.0
endloop
endfacet
facet normal -0.3597200569133035 0.9330602770744716 0.0
outer loop
vertex -11.791 32.954 3.0
vertex -13.394 32.336 0.0
vertex -13.394 32.336 3.0
endloop
endfacet
facet normal 0.0 0.0 1.0
outer loop
vertex -11.791 32.954 3.0
vertex -13.394 32.336 3.0
vertex -10.12 28.284 3.0
endloop
endfacet
facet normal 0.0 0.0 0.9999999999999999
outer loop
vertex -10.12 28.284 3.0
vertex -13.394 32.336 3.0
vertex -11.496 27.753 3.0
endloop
endfacet
facet normal -0.3600238300016477 0.9329431074995648 0.0
outer loop
vertex -10.12 28.284 3.0
vertex -11.496 27.753 3.0
vertex -10.12 28.284 52.0
endloop
endfacet
facet normal -0.3600238300016477 0.9329431074995648 0.0
outer loop
vertex -10.12 28.284 52.0
vertex -11.496 27.753 3.0
vertex -11.496 27.753 52.0
endloop
endfacet
facet normal -0.2545548706299388 0.6596374802011241 0.7071634977517484
outer loop
vertex -10.12 28.284 52.0
vertex -11.496 27.753 52.0
vertex -9.783 27.342 53.0
endloop
endfacet
facet normal -0.2544775817653895 0.6597566934658271 0.7070800985785684
outer loop
vertex -9.783 27.342 53.0
vertex -11.496 27.753 52.0
vertex -11.113 26.829 53.0
endloop
endfacet
facet normal 0.0 0.0 1.0
outer loop
vertex -9.783 27.342 53.0
vertex -11.113 26.829 53.0
vertex -7.317 20.45 53.0
endloop
endfacet
facet normal 0.0 0.0 1.0
outer loop
vertex -7.317 20.45 53.0
vertex -11.113 26.829 53.0
vertex -8.312 20.067 53.0
endloop
endfacet
facet normal 0.3592304725007866 -0.933248877645648 0.0
outer loop
vertex -7.317 20.45 53.0
vertex -8.312 20.067 53.0
vertex -7.317 20.45 1.0
endloop
endfacet
facet normal 0.3592304725007866 -0.933248877645648 0.0
outer loop
vertex -7.317 20.45 1.0
vertex -8.312 20.067 53.0
vertex -8.312 20.067 1.0
endloop
endfacet
facet normal 0.35820178897120475 -0.9305764491549591 -0.07562374399602612
outer loop
vertex -7.317 20.45 1.0
vertex -8.312 20.067 1.0
vertex -7.321 20.46 0.858
endloop
endfacet
facet normal 0.3591861994883575 -0.930703824195093 -0.06910619165993002
outer loop
vertex -7.321 20.46 0.858
vertex -8.312 20.067 1.0
vertex -8.316 20.076 0.858
endloop
endfacet
facet normal 0.3521971159856642 -0.9125940895982706 -0.20767575477576627
outer loop
vertex -7.321 20.46 0.858
vertex -8.316 20.076 0.858
vertex -7.331 20.488 0.718
endloop
endfacet
facet normal 0.3517045048704412 -0.9122335595077057 -0.21008063728420817
outer loop
vertex -7.331 20.488 0.718
vertex -8.316 20.076 0.858
vertex -8.327 20.104 0.718
endloop
endfacet
facet normal 0.3367494557706968 -0.8734439009052436 -0.351703790155253
outer loop
vertex -7.331 20.488 0.718
vertex -8.327 20.104 0.718
vertex -7.348 20.535 0.585
endloop
endfacet
facet normal 0.337101562526901 -0.8738372971476517 -0.35038680719400445
outer loop
vertex -7.348 20.535 0.585
vertex -8.327 20.104 0.718
vertex -8.346 20.15 0.585
endloop
endfacet
facet normal 0.31576547525834636 -0.8185297254748791 -0.47989712767309806
outer loop
vertex -7.348 20.535 0.585
vertex -8.346 20.15 0.585
vertex -7.371 20.6 0.459
endloop
endfacet
facet normal 0.3165390733007604 -0.8195662828097189 -0.47761294282646477
outer loop
vertex -7.371 20.6 0.459
vertex -8.346 20.15 0.585
vertex -8.373 20.213 0.459
endloop
endfacet
facet normal 0.2887461560782588 -0.7476063265902189 -0.5980889881884711
outer loop
vertex -7.371 20.6 0.459
vertex -8.373 20.213 0.459
vertex -7.4 20.68 0.345
endloop
endfacet
facet normal 0.2884640236497424 -0.7471812983711139 -0.5987558888430721
outer loop
vertex -7.4 20.68 0.345
vertex -8.373 20.213 0.459
vertex -8.405 20.292 0.345
endloop
endfacet
facet normal 0.25483592653019577 -0.6600775932032158 -0.7066514144191225
outer loop
vertex -7.4 20.68 0.345
vertex -8.405 20.292 0.345
vertex -7.434 20.775 0.244
endloop
endfacet
facet normal 0.25321881005001123 -0.6574575787930899 -0.7096687722623735
outer loop
vertex -7.434 20.775 0.244
vertex -8.405 20.292 0.345
vertex -8.444 20.386 0.244
endloop
endfacet
facet normal 0.2143046478883669 -0.5564208081420337 -0.8027885164599761
outer loop
vertex -7.434 20.775 0.244
vertex -8.444 20.386 0.244
vertex -7.472 20.883 0.159
endloop
endfacet
facet normal 0.21541012909250506 -0.5583078856071053 -0.8011808666919559
outer loop
vertex -7.472 20.883 0.159
vertex -8.444 20.386 0.244
vertex -8.488 20.491 0.159
endloop
endfacet
facet normal 0.17373466106014757 -0.4502918766252807 -0.8758159015407282
outer loop
vertex -7.472 20.883 0.159
vertex -8.488 20.491 0.159
vertex -7.514 21.001 0.09
endloop
endfacet
facet normal 0.17330265968981584 -0.449531264474596 -0.8762920919444078
outer loop
vertex -7.514 21.001 0.09
vertex -8.488 20.491 0.159
vertex -8.536 20.607 0.09
endloop
endfacet
facet normal 0.12373769104847065 -0.3209642645978079 -0.938973335438862
outer loop
vertex -7.514 21.001 0.09
vertex -8.536 20.607 0.09
vertex -7.559 21.127 0.041
endloop
endfacet
facet normal 0.12444837758640566 -0.32224919939250746 -0.9384391588201121
outer loop
vertex -7.559 21.127 0.041
vertex -8.536 20.607 0.09
vertex -8.587 20.73 0.041
endloop
endfacet
facet normal 0.0783453192368579 -0.2028689878475824 -0.976066690715021
outer loop
vertex -7.559 21.127 0.041
vertex -8.587 20.73 0.041
vertex -7.606 21.258 0.01
endloop
endfacet
facet normal 0.07813331756397278 -0.20248082797280312 -0.976164278689758
outer loop
vertex -7.606 21.258 0.01
vertex -8.587 20.73 0.041
vertex -8.64 20.859 0.01
endloop
endfacet
facet normal 0.02523767682703311 -0.06540290185251235 -0.9975397335934267
outer loop
vertex -7.606 21.258 0.01
vertex -8.64 20.859 0.01
vertex -7.654 21.392 0.0
endloop
endfacet
facet normal 0.025084962917454053 -0.06512081395777977 -0.997562040288676
outer loop
vertex -7.654 21.392 0.0
vertex -8.64 20.859 0.01
vertex -8.695 20.991 0.0
endloop
endfacet
facet normal -0.0 0.0 -1.0
outer loop
vertex -8.695 20.991 0.0
vertex -9.714 20.539 0.0
vertex -13.394 32.336 0.0
endloop
endfacet
facet normal -0.0 -0.0 -1.0
outer loop
vertex -13.394 32.336 0.0
vertex -9.714 20.539 0.0
vertex -14.964 31.64 0.0
endloop
endfacet
facet normal -0.4052738537934065 0.9141953311144401 0.0
outer loop
vertex -13.394 32.336 0.0
vertex -14.964 31.64 0.0
vertex -13.394 32.336 3.0
endloop
endfacet
facet normal -0.4052738537934065 0.9141953311144401 0.0
outer loop
vertex -13.394 32.336 3.0
vertex -14.964 31.64 0.0
vertex -14.964 31.64 3.0
endloop
endfacet
facet normal 0.0 0.0 1.0
outer loop
vertex -13.394 32.336 3.0
vertex -14.964 31.64 3.0
vertex -11.496 27.753 3.0
endloop
endfacet
facet normal 0.0 0.0 1.0
outer loop
vertex -11.496 27.753 3.0
vertex -14.964 31.64 3.0
vertex -12.844 27.156 3.0
endloop
endfacet
facet normal -0.4049423604534112 0.91434221422311 0.0
outer loop
vertex -11.496 27.753 3.0
vertex -12.844 27.156 3.0
vertex -11.496 27.753 52.0
endloop
endfacet
facet normal -0.4049423604534112 0.91434221422311 0.0
outer loop
vertex -11.496 27.753 52.0
vertex -12.844 27.156 3.0
vertex -12.844 27.156 52.0
endloop
endfacet
facet normal -0.2863453448436639 0.646555318005457 0.7070873809121654
outer loop
vertex -11.496 27.753 52.0
vertex -12.844 27.156 52.0
vertex -11.113 26.829 53.0
endloop
endfacet
facet normal -0.28632549704489946 0.6465894673301614 0.7070641912016826
outer loop
vertex -11.113 26.829 53.0
vertex -12.844 27.156 52.0
vertex -12.416 26.252 53.0
endloop
endfacet
facet normal 0.0 0.0 0.9999999999999999
outer loop
vertex -11.113 26.829 53.0
vertex -12.416 26.252 53.0
vertex -8.312 20.067 53.0
endloop
endfacet
facet normal 0.0 0.0 0.9999999999999999
outer loop
vertex -8.312 20.067 53.0
vertex -12.416 26.252 53.0
vertex -9.286 19.635 53.0
endloop
endfacet
facet normal 0.40544171279185426 -0.9141208987483042 0.0
outer loop
vertex -8.312 20.067 53.0
vertex -9.286 19.635 53.0
vertex -8.312 20.067 1.0
endloop
endfacet
facet normal 0.40544171279185426 -0.9141208987483042 0.0
outer loop
vertex -8.312 20.067 1.0
vertex -9.286 19.635 53.0
vertex -9.286 19.635 1.0
endloop
endfacet
facet normal 0.40447001822854517 -0.9119300873949175 -0.0691919074610516
outer loop
vertex -8.312 20.067 1.0
vertex -9.286 19.635 1.0
vertex -8.316 20.076 0.858
endloop
endfacet
facet normal 0.4040420926547198 -0.9119005563387724 -0.07202334838253477
outer loop
vertex -8.316 20.076 0.858
vertex -9.286 19.635 1.0
vertex -9.291 19.644 0.858
endloop
endfacet
facet normal 0.3960696983748465 -0.8939073053598917 -0.20990122308713438
outer loop
vertex -8.316 20.076 0.858
vertex -9.291 19.644 0.858
vertex -8.327 20.104 0.718
endloop
endfacet
facet normal 0.3962170643885062 -0.8940047850059374 -0.2092067930872269
outer loop
vertex -8.327 20.104 0.718
vertex -9.291 19.644 0.858
vertex -9.304 19.671 0.718
endloop
endfacet
facet normal 0.3794988758246157 -0.8562826828652421 -0.35037204550728085
outer loop
vertex -8.327 20.104 0.718
vertex -9.304 19.671 0.718
vertex -8.346 20.15 0.585
endloop
endfacet
facet normal 0.3796790576041721 -0.8564649709550376 -0.3497307060350781
outer loop
vertex -8.346 20.15 0.585
vertex -9.304 19.671 0.718
vertex -9.325 19.716 0.585
endloop
endfacet
facet normal 0.3560124923988202 -0.8030788711024118 -0.4778278267795377
outer loop
vertex -8.346 20.15 0.585
vertex -9.325 19.716 0.585
vertex -8.373 20.213 0.459
endloop
endfacet
facet normal 0.35621283112812835 -0.8033213501992921 -0.47727060170690394
outer loop
vertex -8.373 20.213 0.459
vertex -9.325 19.716 0.585
vertex -9.354 19.778 0.459
endloop
endfacet
facet normal 0.32471156514623356 -0.7322805641573641 -0.5986046899395758
outer loop
vertex -8.373 20.213 0.459
vertex -9.354 19.778 0.459
vertex -8.405 20.292 0.345
endloop
endfacet
facet normal 0.32430649084896046 -0.7317304347301473 -0.5994963476810033
outer loop
vertex -8.405 20.292 0.345
vertex -9.354 19.778 0.459
vertex -9.391 19.855 0.345
endloop
endfacet
facet normal 0.285465909472557 -0.64409470649872 -0.709683889904043
outer loop
vertex -8.405 20.292 0.345
vertex -9.391 19.855 0.345
vertex -8.444 20.386 0.244
endloop
endfacet
facet normal 0.2858826686465986 -0.6447012345333306 -0.7089650329591006
outer loop
vertex -8.444 20.386 0.244
vertex -9.391 19.855 0.345
vertex -9.434 19.947 0.244
endloop
endfacet
facet normal 0.24255006488077963 -0.5469807841274975 -0.8012374728016641
outer loop
vertex -8.444 20.386 0.244
vertex -9.434 19.947 0.244
vertex -8.488 20.491 0.159
endloop
endfacet
facet normal 0.24217978230635456 -0.5464147015755637 -0.8017355717093598
outer loop
vertex -8.488 20.491 0.159
vertex -9.434 19.947 0.244
vertex -9.483 20.05 0.159
endloop
endfacet
facet normal 0.19521933977528305 -0.4404608686539848 -0.8762896967112415
outer loop
vertex -8.488 20.491 0.159
vertex -9.483 20.05 0.159
vertex -8.536 20.607 0.09
endloop
endfacet
facet normal 0.1963662532227375 -0.44226633608724764 -0.875123295632807
outer loop
vertex -8.536 20.607 0.09
vertex -9.483 20.05 0.159
vertex -9.536 20.163 0.09
endloop
endfacet
facet normal 0.1401819887569277 -0.31572519990299097 -0.9384383880545217
outer loop
vertex -8.536 20.607 0.09
vertex -9.536 20.163 0.09
vertex -8.587 20.73 0.041
endloop
endfacet
facet normal 0.1389635432725873 -0.3137584934428137 -0.939278841150818
outer loop
vertex -8.587 20.73 0.041
vertex -9.536 20.163 0.09
vertex -9.594 20.284 0.041
endloop
endfacet
facet normal 0.08790069998036283 -0.1984663786552131 -0.9761580627574858
outer loop
vertex -8.587 20.73 0.041
vertex -9.594 20.284 0.041
vertex -8.64 20.859 0.01
endloop
endfacet
facet normal 0.08814502664659765 -0.19886617370379311 -0.9760546599621783
outer loop
vertex -8.64 20.859 0.01
vertex -9.594 20.284 0.041
vertex -9.653 20.41 0.01
endloop
endfacet
facet normal 0.028274905704793074 -0.06379171376159304 -0.9975626030293757
outer loop
vertex -8.64 20.859 0.01
vertex -9.653 20.41 0.01
vertex -8.695 20.991 0.0
endloop
endfacet
facet normal 0.02835398116984817 -0.06392191772583054 -0.9975520237992963
outer loop
vertex -8.695 20.991 0.0
vertex -9.653 20.41 0.01
vertex -9.714 20.539 0.0
endloop
endfacet
facet normal -0.0 0.0 -1.0
outer loop
vertex -9.714 20.539 0.0
vertex -10.71 20.037 0.0
vertex -14.964 31.64 0.0
endloop
endfacet
facet normal -0.0 -0.0 -1.0
outer loop
vertex -14.964 31.64 0.0
vertex -10.71 20.037 0.0
vertex -16.499 30.867 0.0
endloop
endfacet
facet normal -0.4497719141044609 0.8931434516822083 0.0
outer loop
vertex -14.964 31.64 0.0
vertex -16.499 30.867 0.0
vertex -14.964 31.64 3.0
endloop
endfacet
facet normal -0.4497719141044609 0.8931434516822083 0.0
outer loop
vertex -14.964 31.64 3.0
vertex -16.499 30.867 0.0
vertex -16.499 30.867 3.0
endloop
endfacet
facet normal 0.0 0.0 0.9999999999999999
outer loop
vertex -14.964 31.64 3.0
vertex -16.499 30.867 3.0
vertex -12.844 27.156 3.0
endloop
endfacet
facet normal 0.0 0.0 1.0
outer loop
vertex -12.844 27.156 3.0
vertex -16.499 30.867 3.0
vertex -14.161 26.493 3.0
endloop
endfacet
facet normal -0.44965348668385835 0.8932030798833204 0.0
outer loop
vertex -12.844 27.156 3.0
vertex -14.161 26.493 3.0
vertex -12.844 27.156 52.0
endloop
endfacet
facet normal -0.44965348668385835 0.8932030798833204 0.0
outer loop
vertex -12.844 27.156 52.0
vertex -14.161 26.493 3.0
vertex -14.161 26.493 52.0
endloop
endfacet
facet normal -0.3179677708164738 0.6316192370517283 0.7070739962042129
outer loop
vertex -12.844 27.156 52.0
vertex -14.161 26.493 52.0
vertex -12.416 26.252 53.0
endloop
endfacet
facet normal -0.3180055525776884 0.6315461285981254 0.7071223062402141
outer loop
vertex -12.416 26.252 53.0
vertex -14.161 26.493 52.0
vertex -13.689 25.611 53.0
endloop
endfacet
facet normal 0.0 0.0 1.0
outer loop
vertex -12.416 26.252 53.0
vertex -13.689 25.611 53.0
vertex -9.286 19.635 53.0
endloop
endfacet
facet normal 0.0 0.0 1.0
outer loop
vertex -9.286 19.635 53.0
vertex -13.689 25.611 53.0
vertex -10.239 19.155 53.0
endloop
endfacet
facet normal 0.44983571257027316 -0.8931113209988969 0.0
outer loop
vertex -9.286 19.635 53.0
vertex -10.239 19.155 53.0
vertex -9.286 19.635 1.0
endloop
endfacet
facet normal 0.44983571257027316 -0.8931113209988969 0.0
outer loop
vertex -9.286 19.635 1.0
vertex -10.239 19.155 53.0
vertex -10.239 19.155 1.0
endloop
endfacet
facet normal 0.4486599094975655 -0.890776861981625 -0.07225557257267544
outer loop
vertex -9.286 19.635 1.0
vertex -10.239 19.155 1.0
vertex -9.291 19.644 0.858
endloop
endfacet
facet normal 0.44865990949756296 -0.890776861981625 -0.07225557257269223
outer loop
vertex -9.291 19.644 0.858
vertex -10.239 19.155 1.0
vertex -10.244 19.164 0.858
endloop
endfacet
facet normal 0.4398749758434649 -0.8733351082892178 -0.20927444721267685
outer loop
vertex -9.291 19.644 0.858
vertex -10.244 19.164 0.858
vertex -9.304 19.671 0.718
endloop
endfacet
facet normal 0.4392163046563807 -0.8729424055045547 -0.21227480867007004
outer loop
vertex -9.304 19.671 0.718
vertex -10.244 19.164 0.858
vertex -10.258 19.191 0.718
endloop
endfacet
facet normal 0.42108905501267985 -0.8369144968376994 -0.3496543046087504
outer loop
vertex -9.304 19.671 0.718
vertex -10.258 19.191 0.718
vertex -9.325 19.716 0.585
endloop
endfacet
facet normal 0.42107883842789023 -0.8369051341726865 -0.3496890164469225
outer loop
vertex -9.325 19.716 0.585
vertex -10.258 19.191 0.718
vertex -10.281 19.235 0.585
endloop
endfacet
facet normal 0.3949799365172967 -0.7850328883794903 -0.47719410506768356
outer loop
vertex -9.325 19.716 0.585
vertex -10.281 19.235 0.585
vertex -9.354 19.778 0.459
endloop
endfacet
facet normal 0.39495703936935866 -0.7850077801130165 -0.47725435798390026
outer loop
vertex -9.354 19.778 0.459
vertex -10.281 19.235 0.585
vertex -10.314 19.295 0.459
endloop
endfacet
facet normal 0.35968630576844046 -0.7149044586701973 -0.5996143564126232
outer loop
vertex -9.354 19.778 0.459
vertex -10.314 19.295 0.459
vertex -9.391 19.855 0.345
endloop
endfacet
facet normal 0.3586972603696572 -0.7136889705288809 -0.6016513348682345
outer loop
vertex -9.391 19.855 0.345
vertex -10.314 19.295 0.459
vertex -10.354 19.371 0.345
endloop
endfacet
facet normal 0.3167358709310126 -0.6301996770796771 -0.7088912152610186
outer loop
vertex -9.391 19.855 0.345
vertex -10.354 19.371 0.345
vertex -9.434 19.947 0.244
endloop
endfacet
facet normal 0.31863962037303184 -0.6326992051349548 -0.7058048654905452
outer loop
vertex -9.434 19.947 0.244
vertex -10.354 19.371 0.345
vertex -10.401 19.46 0.244
endloop
endfacet
facet normal 0.2688161384945303 -0.5337683899881145 -0.801766293588341
outer loop
vertex -9.434 19.947 0.244
vertex -10.401 19.46 0.244
vertex -9.483 20.05 0.159
endloop
endfacet
facet normal 0.2696791076251558 -0.5349552910441842 -0.8006847166608914
outer loop
vertex -9.483 20.05 0.159
vertex -10.401 19.46 0.244
vertex -10.455 19.56 0.159
endloop
endfacet
facet normal 0.21785941450934926 -0.43216194061854396 -0.8750847573752256
outer loop
vertex -9.483 20.05 0.159
vertex -10.455 19.56 0.159
vertex -9.536 20.163 0.09
endloop
endfacet
facet normal 0.21628548866237315 -0.4299333494142287 -0.8765716755950657
outer loop
vertex -9.536 20.163 0.09
vertex -10.455 19.56 0.159
vertex -10.514 19.671 0.09
endloop
endfacet
facet normal 0.1541787581034038 -0.3064772874494484 -0.9393085663546992
outer loop
vertex -9.536 20.163 0.09
vertex -10.514 19.671 0.09
vertex -9.594 20.284 0.041
endloop
endfacet
facet normal 0.15473854106645565 -0.3072888603400541 -0.9389512981084457
outer loop
vertex -9.594 20.284 0.041
vertex -10.514 19.671 0.09
vertex -10.577 19.789 0.041
endloop
endfacet
facet normal 0.09785135309990653 -0.19431894969133062 -0.9760457256129835
outer loop
vertex -9.594 20.284 0.041
vertex -10.577 19.789 0.041
vertex -9.653 20.41 0.01
endloop
endfacet
facet normal 0.0974571515079255 -0.19374012046756237 -0.9762002199042855
outer loop
vertex -9.653 20.41 0.01
vertex -10.577 19.789 0.041
vertex -10.643 19.912 0.01
endloop
endfacet
facet normal 0.03142432689591572 -0.062470047443687754 -0.9975520060886661
outer loop
vertex -9.653 20.41 0.01
vertex -10.643 19.912 0.01
vertex -9.714 20.539 0.0
endloop
endfacet
facet normal 0.03166655883032296 -0.06282847130478393 -0.9975218354729634
outer loop
vertex -9.714 20.539 0.0
vertex -10.643 19.912 0.01
vertex -10.71 20.037 0.0
endloop
endfacet
facet normal -0.0 0.0 -1.0
outer loop
vertex -10.71 20.037 0.0
vertex -11.68 19.488 0.0
vertex -16.499 30.867 0.0
endloop
endfacet
facet normal -0.0 -0.0 -1.0
outer loop
vertex -16.499 30.867 0.0
vertex -11.68 19.488 0.0
vertex -17.994 30.021 0.0
endloop
endfacet
facet normal -0.4924983926643023 0.8703133534670595 0.0
outer loop
vertex -16.499 30.867 0.0
vertex -17.994 30.021 0.0
vertex -16.499 30.867 3.0
endloop
endfacet
facet normal -0.4924983926643023 0.8703133534670595 0.0
outer loop
vertex -16.499 30.867 3.0
vertex -17.994 30.021 0.0
vertex -17.994 30.021 3.0
endloop
endfacet
facet normal 0.0 0.0 1.0
outer loop
vertex -16.499 30.867 3.0
vertex -17.994 30.021 3.0
vertex -14.161 26.493 3.0
endloop
endfacet
facet normal 0.0 0.0 1.0
outer loop
vertex -14.161 26.493 3.0
vertex -17.994 30.021 3.0
vertex -15.444 25.766 3.0
endloop
endfacet
facet normal -0.4929954619682252 0.8700318813001833 0.0
outer loop
vertex -14.161 26.493 3.0
vertex -15.444 25.766 3.0
vertex -14.161 26.493 52.0
endloop
endfacet
facet normal -0.4929954619682252 0.8700318813001833 0.0
outer loop
vertex -14.161 26.493 52.0
vertex -15.444 25.766 3.0
vertex -15.444 25.766 52.0
endloop
endfacet
facet normal -0.3485896317527459 0.6151863790079412 0.7071286924722987
outer loop
vertex -14.161 26.493 52.0
vertex -15.444 25.766 52.0
vertex -13.689 25.611 53.0
endloop
endfacet
facet normal -0.34854517448323163 0.615283871313927 0.7070657812717289
outer loop
vertex -13.689 25.611 53.0
vertex -15.444 25.766 52.0
vertex -14.93 24.908 53.0
endloop
endfacet
facet normal 0.0 0.0 0.9999999999999999
outer loop
vertex -13.689 25.611 53.0
vertex -14.93 24.908 53.0
vertex -10.239 19.155 53.0
endloop
endfacet
facet normal 0.0 0.0 0.9999999999999999
outer loop
vertex -10.239 19.155 53.0
vertex -14.93 24.908 53.0
vertex -11.166 18.63 53.0
endloop
endfacet
facet normal 0.4927994035317342 -0.8701429468074582 0.0
outer loop
vertex -10.239 19.155 53.0
vertex -11.166 18.63 53.0
vertex -10.239 19.155 1.0
endloop
endfacet
facet normal 0.4927994035317342 -0.8701429468074582 0.0
outer loop
vertex -10.239 19.155 1.0
vertex -11.166 18.63 53.0
vertex -11.166 18.63 1.0
endloop
endfacet
facet normal 0.4915092777342365 -0.867864953256448 -0.07231218991534528
outer loop
vertex -10.239 19.155 1.0
vertex -11.166 18.63 1.0
vertex -10.244 19.164 0.858
endloop
endfacet
facet normal 0.49098238019879453 -0.8678698072847234 -0.07575156723067385
outer loop
vertex -10.244 19.164 0.858
vertex -11.166 18.63 1.0
vertex -11.172 18.639 0.858
endloop
endfacet
facet normal 0.4811882670180349 -0.8505575462718762 -0.21215492491136176
outer loop
vertex -10.244 19.164 0.858
vertex -11.172 18.639 0.858
vertex -10.258 19.191 0.718
endloop
endfacet
facet normal 0.48175737002983343 -0.8508604501097254 -0.20963380180928293
outer loop
vertex -10.258 19.191 0.718
vertex -11.172 18.639 0.858
vertex -11.187 18.665 0.718
endloop
endfacet
facet normal 0.4616237012071295 -0.8153011757061285 -0.34955335984086217
outer loop
vertex -10.258 19.191 0.718
vertex -11.187 18.665 0.718
vertex -10.281 19.235 0.585
endloop
endfacet
facet normal 0.4621205413348171 -0.8157127737197916 -0.3479328614356218
outer loop
vertex -10.281 19.235 0.585
vertex -11.187 18.665 0.718
vertex -11.213 18.707 0.585
endloop
endfacet
facet normal 0.43310084493920825 -0.7644886126578456 -0.47747337017830255
outer loop
vertex -10.281 19.235 0.585
vertex -11.213 18.707 0.585
vertex -10.314 19.295 0.459
endloop
endfacet
facet normal 0.4328516634756505 -0.7642409332443376 -0.4780954228814434
outer loop
vertex -10.314 19.295 0.459
vertex -11.213 18.707 0.585
vertex -11.248 18.766 0.459
endloop
endfacet
facet normal 0.39369070254924654 -0.695098518300555 -0.6015361008141189
outer loop
vertex -10.314 19.295 0.459
vertex -11.248 18.766 0.459
vertex -10.354 19.371 0.345
endloop
endfacet
facet normal 0.3951623264625861 -0.6967335756050865 -0.5986727489782943
outer loop
vertex -10.354 19.371 0.345
vertex -11.248 18.766 0.459
vertex -11.292 18.839 0.345
endloop
endfacet
facet normal 0.34953138609687184 -0.6162790228550113 -0.7057109720856494
outer loop
vertex -10.354 19.371 0.345
vertex -11.292 18.839 0.345
vertex -10.401 19.46 0.244
endloop
endfacet
facet normal 0.34786630512192424 -0.6143032317040693 -0.7082517725207307
outer loop
vertex -10.401 19.46 0.244
vertex -11.292 18.839 0.345
vertex -11.344 18.926 0.244
endloop
endfacet
facet normal 0.2951665239620804 -0.5212397604798509 -0.8007408040227812
outer loop
vertex -10.401 19.46 0.244
vertex -11.344 18.926 0.244
vertex -10.455 19.56 0.159
endloop
endfacet
facet normal 0.2946730474706835 -0.5206257014080937 -0.8013218293093423
outer loop
vertex -10.455 19.56 0.159
vertex -11.344 18.926 0.244
vertex -11.402 19.024 0.159
endloop
endfacet
facet normal 0.2370787497574115 -0.4188686119781146 -0.876551625583451
outer loop
vertex -10.455 19.56 0.159
vertex -11.402 19.024 0.159
vertex -10.514 19.671 0.09
endloop
endfacet
facet normal 0.23804176615639527 -0.42009963545749135 -0.8757010984654677
outer loop
vertex -10.514 19.671 0.09
vertex -11.402 19.024 0.159
vertex -11.467 19.131 0.09
endloop
endfacet
facet normal 0.16961756588718901 -0.29934359313054 -0.938947972250967
outer loop
vertex -10.514 19.671 0.09
vertex -11.467 19.131 0.09
vertex -10.577 19.789 0.041
endloop
endfacet
facet normal 0.16913633341076564 -0.2987140768709455 -0.939235221336754
outer loop
vertex -10.577 19.789 0.041
vertex -11.467 19.131 0.09
vertex -11.536 19.246 0.041
endloop
endfacet
facet normal 0.10684644160132845 -0.18870301564580738 -0.9762043893587613
outer loop
vertex -10.577 19.789 0.041
vertex -11.536 19.246 0.041
vertex -10.643 19.912 0.01
endloop
endfacet
facet normal 0.10697860588421552 -0.18887797815454896 -0.9761560773008174
outer loop
vertex -10.643 19.912 0.01
vertex -11.536 19.246 0.041
vertex -11.607 19.366 0.01
endloop
endfacet
facet normal 0.034672785184781806 -0.06121715186470633 -0.9975220590468682
outer loop
vertex -10.643 19.912 0.01
vertex -11.607 19.366 0.01
vertex -10.71 20.037 0.0
endloop
endfacet
facet normal 0.034569913116940215 -0.06107981006089617 -0.9975340484965974
outer loop
vertex -10.71 20.037 0.0
vertex -11.607 19.366 0.01
vertex -11.68 19.488 0.0
endloop
endfacet
facet normal -0.0 0.0 -1.0
outer loop
vertex -11.68 19.488 0.0
vertex -12.623 18.891 0.0
vertex -17.994 30.021 0.0
endloop
endfacet
facet normal -0.0 -0.0 -1.0
outer loop
vertex -17.994 30.021 0.0
vertex -12.623 18.891 0.0
vertex -19.445 29.101 0.0
endloop
endfacet
facet normal -0.535481275972437 0.8445470993869619 0.0
outer loop
vertex -17.994 30.021 0.0
vertex -19.445 29.101 0.0
vertex -17.994 30.021 3.0
endloop
endfacet
facet normal -0.535481275972437 0.8445470993869619 0.0
outer loop
vertex -17.994 30.021 3.0
vertex -19.445 29.101 0.0
vertex -19.445 29.101 3.0
endloop
endfacet
facet normal 0.0 0.0 1.0
outer loop
vertex -17.994 30.021 3.0
vertex -19.445 29.101 3.0
vertex -15.444 25.766 3.0
endloop
endfacet
facet normal 0.0 0.0 0.9999999999999999
outer loop
vertex -15.444 25.766 3.0
vertex -19.445 29.101 3.0
vertex -16.689 24.977 3.0
endloop
endfacet
facet normal -0.5352941693291999 0.8446657044548227 0.0
outer loop
vertex -15.444 25.766 3.0
vertex -16.689 24.977 3.0
vertex -15.444 25.766 52.0
endloop
endfacet
facet normal -0.5352941693291999 0.8446657044548227 0.0
outer loop
vertex -15.444 25.766 52.0
vertex -16.689 24.977 3.0
vertex -16.689 24.977 52.0
endloop
endfacet
facet normal -0.37853580518608837 0.5973093503886958 0.7070588264991491
outer loop
vertex -15.444 25.766 52.0
vertex -16.689 24.977 52.0
vertex -14.93 24.908 53.0
endloop
endfacet
facet normal -0.37834088961460455 0.5977984660052281 0.7067497189864497
outer loop
vertex -14.93 24.908 53.0
vertex -16.689 24.977 52.0
vertex -16.134 24.146 53.0
endloop
endfacet
facet normal 0.0 0.0 1.0
outer loop
vertex -14.93 24.908 53.0
vertex -16.134 24.146 53.0
vertex -11.166 18.63 53.0
endloop
endfacet
facet normal 0.0 0.0 1.0
outer loop
vertex -11.166 18.63 53.0
vertex -16.134 24.146 53.0
vertex -12.067 18.06 53.0
endloop
endfacet
facet normal 0.5346280423225078 -0.8450874844431213 0.0
outer loop
vertex -11.166 18.63 53.0
vertex -12.067 18.06 53.0
vertex -11.166 18.63 1.0
endloop
endfacet
facet normal 0.5346280423225078 -0.8450874844431213 0.0
outer loop
vertex -11.166 18.63 1.0
vertex -12.067 18.06 53.0
vertex -12.067 18.06 1.0
endloop
endfacet
facet normal 0.5330845722898774 -0.8426477186547002 -0.0759319500114929
outer loop
vertex -11.166 18.63 1.0
vertex -12.067 18.06 1.0
vertex -11.172 18.639 0.858
endloop
endfacet
facet normal 0.5339830820654067 -0.8425897669718615 -0.07003251146598384
outer loop
vertex -11.172 18.639 0.858
vertex -12.067 18.06 1.0
vertex -12.073 18.068 0.858
endloop
endfacet
facet normal 0.5234221930986829 -0.8259253870086074 -0.20946709256216606
outer loop
vertex -11.172 18.639 0.858
vertex -12.073 18.068 0.858
vertex -11.187 18.665 0.718
endloop
endfacet
facet normal 0.5238973184568481 -0.8261457714127239 -0.20740000986161786
outer loop
vertex -11.187 18.665 0.718
vertex -12.073 18.068 0.858
vertex -12.089 18.093 0.718
endloop
endfacet
facet normal 0.5020386947207173 -0.7916764032134409 -0.3481459774263484
outer loop
vertex -11.187 18.665 0.718
vertex -12.089 18.093 0.718
vertex -11.213 18.707 0.585
endloop
endfacet
facet normal 0.49992083221048617 -0.7900846718851066 -0.3547469136922525
outer loop
vertex -11.213 18.707 0.585
vertex -12.089 18.093 0.718
vertex -12.117 18.135 0.585
endloop
endfacet
facet normal 0.46965054743254564 -0.7422449211171726 -0.4780176151273849
outer loop
vertex -11.213 18.707 0.585
vertex -12.117 18.135 0.585
vertex -11.248 18.766 0.459
endloop
endfacet
facet normal 0.4698443922950668 -0.742419623365204 -0.47755559872243997
outer loop
vertex -11.248 18.766 0.459
vertex -12.117 18.135 0.585
vertex -12.155 18.192 0.459
endloop
endfacet
facet normal 0.42832507040035295 -0.6768133081064834 -0.5987164437665723
outer loop
vertex -11.248 18.766 0.459
vertex -12.155 18.192 0.459
vertex -11.292 18.839 0.345
endloop
endfacet
facet normal 0.4272366143615175 -0.6757162425058061 -0.6007299184847902
outer loop
vertex -11.292 18.839 0.345
vertex -12.155 18.192 0.459
vertex -12.203 18.263 0.345
endloop
endfacet
facet normal 0.377280732950522 -0.5967061592325126 -0.7082379600658951
outer loop
vertex -11.292 18.839 0.345
vertex -12.203 18.263 0.345
vertex -11.344 18.926 0.244
endloop
endfacet
facet normal 0.38029237494375895 -0.5999440052992082 -0.7038784696701407
outer loop
vertex -11.344 18.926 0.244
vertex -12.203 18.263 0.345
vertex -12.259 18.346 0.244
endloop
endfacet
facet normal 0.320340676510159 -0.5053650327703391 -0.8012415582245143
outer loop
vertex -11.344 18.926 0.244
vertex -12.259 18.346 0.244
vertex -11.402 19.024 0.159
endloop
endfacet
facet normal 0.32001654314738154 -0.5050003768363466 -0.8016009178557295
outer loop
vertex -11.402 19.024 0.159
vertex -12.259 18.346 0.244
vertex -12.322 18.441 0.159
endloop
endfacet
facet normal 0.25840133451268427 -0.40776882976272505 -0.8757587177961756
outer loop
vertex -11.402 19.024 0.159
vertex -12.322 18.441 0.159
vertex -11.467 19.131 0.09
endloop
endfacet
facet normal 0.25648524436114783 -0.40555359151121556 -0.8773491915066409
outer loop
vertex -11.467 19.131 0.09
vertex -12.322 18.441 0.159
vertex -12.392 18.546 0.09
endloop
endfacet
facet normal 0.18347628104488278 -0.29011206831883096 -0.9392398214033034
outer loop
vertex -11.467 19.131 0.09
vertex -12.392 18.546 0.09
vertex -11.536 19.246 0.041
endloop
endfacet
facet normal 0.18451982095406866 -0.29134708571695106 -0.9386529237792411
outer loop
vertex -11.536 19.246 0.041
vertex -12.392 18.546 0.09
vertex -12.466 18.657 0.041
endloop
endfacet
facet normal 0.11617465019784012 -0.18343365820711632 -0.9761431983516374
outer loop
vertex -11.536 19.246 0.041
vertex -12.466 18.657 0.041
vertex -11.607 19.366 0.01
endloop
endfacet
facet normal 0.11633664917981262 -0.1836274934777481 -0.9760874590407833
outer loop
vertex -11.607 19.366 0.01
vertex -12.466 18.657 0.041
vertex -12.543 18.773 0.01
endloop
endfacet
facet normal 0.03756247387791044 -0.05928916618840501 -0.9975338868072878
outer loop
vertex -11.607 19.366 0.01
vertex -12.543 18.773 0.01
vertex -11.68 19.488 0.0
endloop
endfacet
facet normal 0.037447039823200245 -0.05915001432709839 -0.9975464876453547
outer loop
vertex -11.68 19.488 0.0
vertex -12.543 18.773 0.01
vertex -12.623 18.891 0.0
endloop
endfacet
facet normal -0.0 0.0 -1.0
outer loop
vertex -12.623 18.891 0.0
vertex -13.534 18.249 0.0
vertex -19.445 29.101 0.0
endloop
endfacet
facet normal -0.0 -0.0 -1.0
outer loop
vertex -19.445 29.101 0.0
vertex -13.534 18.249 0.0
vertex -20.849 28.112 0.0
endloop
endfacet
facet normal -0.5758827793761245 0.8175322772943157 0.0
outer loop
vertex -19.445 29.101 0.0
vertex -20.849 28.112 0.0
vertex -19.445 29.101 3.0
endloop
endfacet
facet normal -0.5758827793761245 0.8175322772943157 0.0
outer loop
vertex -19.445 29.101 3.0
vertex -20.849 28.112 0.0
vertex -20.849 28.112 3.0
endloop
endfacet
facet normal 0.0 0.0 1.0
outer loop
vertex -19.445 29.101 3.0
vertex -20.849 28.112 3.0
vertex -16.689 24.977 3.0
endloop
endfacet
facet normal 0.0 0.0 1.0
outer loop
vertex -16.689 24.977 3.0
vertex -20.849 28.112 3.0
vertex -17.895 24.128 3.0
endloop
endfacet
facet normal -0.5756445527251676 0.8177000360265625 0.0
outer loop
vertex -16.689 24.977 3.0
vertex -17.895 24.128 3.0
vertex -16.689 24.977 52.0
endloop
endfacet
facet normal -0.5756445527251676 0.8177000360265625 0.0
outer loop
vertex -16.689 24.977 52.0
vertex -17.895 24.128 3.0
vertex -17.895 24.128 52.0
endloop
endfacet
facet normal -0.40724747833723196 0.5784928844224988 0.7067499374322599
outer loop
vertex -16.689 24.977 52.0
vertex -17.895 24.128 52.0
vertex -16.134 24.146 53.0
endloop
endfacet
facet normal -0.4073876138512776 0.5780835202639917 0.7070040846273473
outer loop
vertex -16.134 24.146 53.0
vertex -17.895 24.128 52.0
vertex -17.299 23.325 53.0
endloop
endfacet
facet normal 0.0 0.0 1.0
outer loop
vertex -16.134 24.146 53.0
vertex -17.299 23.325 53.0
vertex -12.067 18.06 53.0
endloop
endfacet
facet normal 0.0 0.0 1.0
outer loop
vertex -12.067 18.06 53.0
vertex -17.299 23.325 53.0
vertex -12.939 17.446 53.0
endloop
endfacet
facet normal 0.5757256483397118 -0.8176429403130797 0.0
outer loop
vertex -12.067 18.06 53.0
vertex -12.939 17.446 53.0
vertex -12.067 18.06 1.0
endloop
endfacet
facet normal 0.5757256483397118 -0.8176429403130797 0.0
outer loop
vertex -12.067 18.06 1.0
vertex -12.939 17.446 53.0
vertex -12.939 17.446 1.0
endloop
endfacet
facet normal 0.5743046045374156 -0.8156247803853887 -0.07021708359373173
outer loop
vertex -12.067 18.06 1.0
vertex -12.939 17.446 1.0
vertex -12.073 18.068 0.858
endloop
endfacet
facet normal 0.5743046045374187 -0.8156247803853882 -0.07021708359371147
outer loop
vertex -12.073 18.068 0.858
vertex -12.939 17.446 1.0
vertex -12.945 17.454 0.858
endloop
endfacet
facet normal 0.5632306154388206 -0.7998975515678353 -0.2072080616872562
outer loop
vertex -12.073 18.068 0.858
vertex -12.945 17.454 0.858
vertex -12.089 18.093 0.718
endloop
endfacet
facet normal 0.5627075311798059 -0.7996851743921152 -0.20943699819033845
outer loop
vertex -12.089 18.093 0.718
vertex -12.945 17.454 0.858
vertex -12.963 17.478 0.718
endloop
endfacet
facet normal 0.5380452006962744 -0.7646365941602347 -0.35473686146035377
outer loop
vertex -12.089 18.093 0.718
vertex -12.963 17.478 0.718
vertex -12.117 18.135 0.585
endloop
endfacet
facet normal 0.5402162760404876 -0.7661089814188425 -0.34820023505209097
outer loop
vertex -12.117 18.135 0.585
vertex -12.963 17.478 0.718
vertex -12.992 17.518 0.585
endloop
endfacet
facet normal 0.5063271775208293 -0.7180490767110618 -0.47753357236762123
outer loop
vertex -12.117 18.135 0.585
vertex -12.992 17.518 0.585
vertex -12.155 18.192 0.459
endloop
endfacet
facet normal 0.5061053262771283 -0.7178682980150548 -0.478040275938011
outer loop
vertex -12.155 18.192 0.459
vertex -12.992 17.518 0.585
vertex -13.033 17.573 0.459
endloop
endfacet
facet normal 0.460604438517237 -0.6533290743427048 -0.6008366432207056
outer loop
vertex -12.155 18.192 0.459
vertex -13.033 17.573 0.459
vertex -12.203 18.263 0.345
endloop
endfacet
facet normal 0.4603653591732371 -0.6531109201797435 -0.6012569018441827
outer loop
vertex -12.203 18.263 0.345
vertex -13.033 17.573 0.459
vertex -13.084 17.642 0.345
endloop
endfacet
facet normal 0.40920122777204704 -0.5805254133126768 -0.7039492877246165
outer loop
vertex -12.203 18.263 0.345
vertex -13.084 17.642 0.345
vertex -12.259 18.346 0.244
endloop
endfacet
facet normal 0.4074913927039137 -0.5788601645954462 -0.7063084841036227
outer loop
vertex -12.259 18.346 0.244
vertex -13.084 17.642 0.345
vertex -13.144 17.723 0.244
endloop
endfacet
facet normal 0.34418421522853154 -0.48892942291693386 -0.8015517733706501
outer loop
vertex -12.259 18.346 0.244
vertex -13.144 17.723 0.244
vertex -12.322 18.441 0.159
endloop
endfacet
facet normal 0.34317227659376304 -0.4878966871700486 -0.8026142356237806
outer loop
vertex -12.322 18.441 0.159
vertex -13.144 17.723 0.244
vertex -13.212 17.815 0.159
endloop
endfacet
facet normal 0.2760692584189367 -0.39249463257644523 -0.8773447030413414
outer loop
vertex -12.322 18.441 0.159
vertex -13.212 17.815 0.159
vertex -12.392 18.546 0.09
endloop
endfacet
facet normal 0.27855638335997734 -0.39509978305416804 -0.8753870588031095
outer loop
vertex -12.392 18.546 0.09
vertex -13.212 17.815 0.159
vertex -13.287 17.915 0.09
endloop
endfacet
facet normal 0.19872761820374557 -0.2818719782763114 -0.9386455782805695
outer loop
vertex -12.392 18.546 0.09
vertex -13.287 17.915 0.09
vertex -12.466 18.657 0.041
endloop
endfacet
facet normal 0.1980572149551878 -0.2811537751729795 -0.9390026061253378
outer loop
vertex -12.466 18.657 0.041
vertex -13.287 17.915 0.09
vertex -13.366 18.023 0.041
endloop
endfacet
facet normal 0.1252064425335363 -0.17773785217694424 -0.976080223471218
outer loop
vertex -12.466 18.657 0.041
vertex -13.366 18.023 0.041
vertex -12.543 18.773 0.01
endloop
endfacet
facet normal 0.12443836642657606 -0.17690532656568153 -0.9763296566190003
outer loop
vertex -12.543 18.773 0.01
vertex -13.366 18.023 0.041
vertex -13.45 18.135 0.01
endloop
endfacet
facet normal 0.04026392347363644 -0.05724040531440182 -0.9975481704990251
outer loop
vertex -12.543 18.773 0.01
vertex -13.45 18.135 0.01
vertex -12.623 18.891 0.0
endloop
endfacet
facet normal 0.040587926041940996 -0.05759439349565161 -0.9975146646027223
outer loop
vertex -12.623 18.891 0.0
vertex -13.45 18.135 0.01
vertex -13.534 18.249 0.0
endloop
endfacet
facet normal -0.0 0.0 -0.9999999999999999
outer loop
vertex -13.534 18.249 0.0
vertex -14.413 17.563 0.0
vertex -20.849 28.112 0.0
endloop
endfacet
facet normal -0.0 -0.0 -1.0
outer loop
vertex -20.849 28.112 0.0
vertex -14.413 17.563 0.0
vertex -22.204 27.055 0.0
endloop
endfacet
facet normal -0.6150679768387132 0.788474085729856 0.0
outer loop
vertex -20.849 28.112 0.0
vertex -22.204 27.055 0.0
vertex -20.849 28.112 3.0
endloop
endfacet
facet normal -0.6150679768387132 0.788474085729856 0.0
outer loop
vertex -20.849 28.112 3.0
vertex -22.204 27.055 0.0
vertex -22.204 27.055 3.0
endloop
endfacet
facet normal 0.0 0.0 1.0
outer loop
vertex -20.849 28.112 3.0
vertex -22.204 27.055 3.0
vertex -17.895 24.128 3.0
endloop
endfacet
facet normal 0.0 0.0 1.0
outer loop
vertex -17.895 24.128 3.0
vertex -22.204 27.055 3.0
vertex -19.057 23.221 3.0
endloop
endfacet
facet normal -0.6153017023394945 0.7882917068561104 0.0
outer loop
vertex -17.895 24.128 3.0
vertex -19.057 23.221 3.0
vertex -17.895 24.128 52.0
endloop
endfacet
facet normal -0.6153017023394945 0.7882917068561104 0.0
outer loop
vertex -17.895 24.128 52.0
vertex -19.057 23.221 3.0
vertex -19.057 23.221 52.0
endloop
endfacet
facet normal -0.43514534535913296 0.5574849959286793 0.7070070775647732
outer loop
vertex -17.895 24.128 52.0
vertex -19.057 23.221 52.0
vertex -17.299 23.325 53.0
endloop
endfacet
facet normal -0.4350999518327953 0.5576423555987025 0.7069109103397891
outer loop
vertex -17.299 23.325 53.0
vertex -19.057 23.221 52.0
vertex -18.423 22.448 53.0
endloop
endfacet
facet normal 0.0 0.0 1.0
outer loop
vertex -17.299 23.325 53.0
vertex -18.423 22.448 53.0
vertex -12.939 17.446 53.0
endloop
endfacet
facet normal 0.0 0.0 0.9999999999999999
outer loop
vertex -12.939 17.446 53.0
vertex -18.423 22.448 53.0
vertex -13.779 16.79 53.0
endloop
endfacet
facet normal 0.6154983707599374 -0.7881381576804046 0.0
outer loop
vertex -12.939 17.446 53.0
vertex -13.779 16.79 53.0
vertex -12.939 17.446 1.0
endloop
endfacet
facet normal 0.6154983707599374 -0.7881381576804046 0.0
outer loop
vertex -12.939 17.446 1.0
vertex -13.779 16.79 53.0
vertex -13.779 16.79 1.0
endloop
endfacet
facet normal 0.6139783703754377 -0.7861918157246429 -0.07023524470457207
outer loop
vertex -12.939 17.446 1.0
vertex -13.779 16.79 1.0
vertex -12.945 17.454 0.858
endloop
endfacet
facet normal 0.6139783703754377 -0.7861918157246429 -0.07023524470457194
outer loop
vertex -12.945 17.454 0.858
vertex -13.779 16.79 1.0
vertex -13.785 16.798 0.858
endloop
endfacet
facet normal 0.6018408244918507 -0.7706498362395621 -0.209490935075734
outer loop
vertex -12.945 17.454 0.858
vertex -13.785 16.798 0.858
vertex -12.963 17.478 0.718
endloop
endfacet
facet normal 0.601129545385223 -0.7703973777996318 -0.21244093283641596
outer loop
vertex -12.963 17.478 0.718
vertex -13.785 16.798 0.858
vertex -13.805 16.821 0.718
endloop
endfacet
facet normal 0.5767116920944045 -0.7391038732777608 -0.3480360451266801
outer loop
vertex -12.963 17.478 0.718
vertex -13.805 16.821 0.718
vertex -12.992 17.518 0.585
endloop
endfacet
facet normal 0.5757799773254398 -0.7385384511590729 -0.35076826234805464
outer loop
vertex -12.992 17.518 0.585
vertex -13.805 16.821 0.718
vertex -13.836 16.86 0.585
endloop
endfacet
facet normal 0.5400278954842971 -0.6926801577336559 -0.4780837491286216
outer loop
vertex -12.992 17.518 0.585
vertex -13.836 16.86 0.585
vertex -13.033 17.573 0.459
endloop
endfacet
facet normal 0.5412994453556156 -0.6936166871652136 -0.47527970895427146
outer loop
vertex -13.033 17.573 0.459
vertex -13.836 16.86 0.585
vertex -13.88 16.912 0.459
endloop
endfacet
facet normal 0.4916177209804647 -0.6299549314227736 -0.6012227547208295
outer loop
vertex -13.033 17.573 0.459
vertex -13.88 16.912 0.459
vertex -13.084 17.642 0.345
endloop
endfacet
facet normal 0.49090418062104163 -0.62936433412954 -0.6024231240369716
outer loop
vertex -13.084 17.642 0.345
vertex -13.88 16.912 0.459
vertex -13.934 16.979 0.345
endloop
endfacet
facet normal 0.43538733063718954 -0.5581888854322938 -0.7063023718638329
outer loop
vertex -13.084 17.642 0.345
vertex -13.934 16.979 0.345
vertex -13.144 17.723 0.244
endloop
endfacet
facet normal 0.43513515818849363 -0.5579661037432028 -0.7066337249112189
outer loop
vertex -13.144 17.723 0.244
vertex -13.934 16.979 0.345
vertex -13.998 17.057 0.244
endloop
endfacet
facet normal 0.3668378701111025 -0.47038970131363533 -0.8025979728048276
outer loop
vertex -13.144 17.723 0.244
vertex -13.998 17.057 0.244
vertex -13.212 17.815 0.159
endloop
endfacet
facet normal 0.36857433087530056 -0.4719951878970257 -0.8008579806818908
outer loop
vertex -13.212 17.815 0.159
vertex -13.998 17.057 0.244
vertex -14.07 17.145 0.159
endloop
endfacet
facet normal 0.2974747517716772 -0.38094527913447546 -0.8754367289322146
outer loop
vertex -13.212 17.815 0.159
vertex -14.07 17.145 0.159
vertex -13.287 17.915 0.09
endloop
endfacet
facet normal 0.2959360856613084 -0.3794841633368643 -0.8765920390808845
outer loop
vertex -13.287 17.915 0.09
vertex -14.07 17.145 0.159
vertex -14.15 17.242 0.09
endloop
endfacet
facet normal 0.21154693318871834 -0.2712704358720123 -0.938967648899714
outer loop
vertex -13.287 17.915 0.09
vertex -14.15 17.242 0.09
vertex -13.366 18.023 0.041
endloop
endfacet
facet normal 0.21196166193711552 -0.27167357555066834 -0.9387575417627126
outer loop
vertex -13.366 18.023 0.041
vertex -14.15 17.242 0.09
vertex -14.235 17.345 0.041
endloop
endfacet
facet normal 0.1330099073880404 -0.17048025002980371 -0.9763425878688283
outer loop
vertex -13.366 18.023 0.041
vertex -14.235 17.345 0.041
vertex -13.45 18.135 0.01
endloop
endfacet
facet normal 0.13374617222912172 -0.17120294480355286 -0.9761155224176336
outer loop
vertex -13.45 18.135 0.01
vertex -14.235 17.345 0.041
vertex -14.323 17.453 0.01
endloop
endfacet
facet normal 0.04338399446285385 -0.0555340574282571 -0.9975138081700935
outer loop
vertex -13.45 18.135 0.01
vertex -14.323 17.453 0.01
vertex -13.534 18.249 0.0
endloop
endfacet
facet normal 0.04319304198801887 -0.05534502027327781 -0.997532600898222
outer loop
vertex -13.534 18.249 0.0
vertex -14.323 17.453 0.01
vertex -14.413 17.563 0.0
endloop
endfacet
facet normal -0.0 0.0 -1.0
outer loop
vertex -14.413 17.563 0.0
vertex -15.258 16.834 0.0
vertex -22.204 27.055 0.0
endloop
endfacet
facet normal -0.0 -0.0 -1.0
outer loop
vertex -22.204 27.055 0.0
vertex -15.258 16.834 0.0
vertex -23.505 25.933 0.0
endloop
endfacet
facet normal -0.6530892973539667 0.75728090539885 0.0
outer loop
vertex -22.204 27.055 0.0
vertex -23.505 25.933 0.0
vertex -22.204 27.055 3.0
endloop
endfacet
facet normal -0.6530892973539667 0.75728090539885 0.0
outer loop
vertex -22.204 27.055 3.0
vertex -23.505 25.933 0.0
vertex -23.505 25.933 3.0
endloop
endfacet
facet normal 0.0 0.0 1.0
outer loop
vertex -22.204 27.055 3.0
vertex -23.505 25.933 3.0
vertex -19.057 23.221 3.0
endloop
endfacet
facet normal 0.0 0.0 1.0
outer loop
vertex -19.057 23.221 3.0
vertex -23.505 25.933 3.0
vertex -20.174 22.258 3.0
endloop
endfacet
facet normal -0.6529664478255768 0.7573868351206325 0.0
outer loop
vertex -19.057 23.221 3.0
vertex -20.174 22.258 3.0
vertex -19.057 23.221 52.0
endloop
endfacet
facet normal -0.6529664478255768 0.7573868351206325 0.0
outer loop
vertex -19.057 23.221 52.0
vertex -20.174 22.258 3.0
vertex -20.174 22.258 52.0
endloop
endfacet
facet normal -0.4618461284681889 0.5357031417434756 0.7069089740165384
outer loop
vertex -19.057 23.221 52.0
vertex -20.174 22.258 52.0
vertex -18.423 22.448 53.0
endloop
endfacet
facet normal -0.4619272756685425 0.5353593237877091 0.7071163881759531
outer loop
vertex -18.423 22.448 53.0
vertex -20.174 22.258 52.0
vertex -19.502 21.517 53.0
endloop
endfacet
facet normal 0.0 0.0 1.0
outer loop
vertex -18.423 22.448 53.0
vertex -19.502 21.517 53.0
vertex -13.779 16.79 53.0
endloop
endfacet
facet normal 0.0 0.0 0.9999999999999999
outer loop
vertex -13.779 16.79 53.0
vertex -19.502 21.517 53.0
vertex -14.586 16.093 53.0
endloop
endfacet
facet normal 0.6536442860141919 -0.7568019208227457 0.0
outer loop
vertex -13.779 16.79 53.0
vertex -14.586 16.093 53.0
vertex -13.779 16.79 1.0
endloop
endfacet
facet normal 0.6536442860141919 -0.7568019208227457 0.0
outer loop
vertex -13.779 16.79 1.0
vertex -14.586 16.093 53.0
vertex -14.586 16.093 1.0
endloop
endfacet
facet normal 0.6520370929128652 -0.7549410817513387 -0.07008275501047402
outer loop
vertex -13.779 16.79 1.0
vertex -14.586 16.093 1.0
vertex -13.785 16.798 0.858
endloop
endfacet
facet normal 0.6513581036762376 -0.7550894516074612 -0.07464945308867939
outer loop
vertex -13.785 16.798 0.858
vertex -14.586 16.093 1.0
vertex -14.593 16.101 0.858
endloop
endfacet
facet normal 0.6382305073327271 -0.7398712337515696 -0.2127260608781628
outer loop
vertex -13.785 16.798 0.858
vertex -14.593 16.101 0.858
vertex -13.805 16.821 0.718
endloop
endfacet
facet normal 0.6394648945837647 -0.7402401645038416 -0.20767558221972163
outer loop
vertex -13.805 16.821 0.718
vertex -14.593 16.101 0.858
vertex -14.613 16.123 0.718
endloop
endfacet
facet normal 0.6122412744571027 -0.708726289056359 -0.3505248479802033
outer loop
vertex -13.805 16.821 0.718
vertex -14.613 16.123 0.718
vertex -13.836 16.86 0.585
endloop
endfacet
facet normal 0.6112679374561297 -0.7081975675384595 -0.3532813524242943
outer loop
vertex -13.836 16.86 0.585
vertex -14.613 16.123 0.718
vertex -14.647 16.16 0.585
endloop
endfacet
facet normal 0.5747894704045516 -0.6659346578544169 -0.4755503087796034
outer loop
vertex -13.836 16.86 0.585
vertex -14.647 16.16 0.585
vertex -13.88 16.912 0.459
endloop
endfacet
facet normal 0.5733998890124918 -0.6650129953882379 -0.4785083941220107
outer loop
vertex -13.88 16.912 0.459
vertex -14.647 16.16 0.585
vertex -14.693 16.211 0.459
endloop
endfacet
facet normal 0.5213002789944916 -0.6045893392617984 -0.602260533300371
outer loop
vertex -13.88 16.912 0.459
vertex -14.693 16.211 0.459
vertex -13.934 16.979 0.345
endloop
endfacet
facet normal 0.5242528816074117 -0.6067948246690061 -0.5974604228576446
outer loop
vertex -13.934 16.979 0.345
vertex -14.693 16.211 0.459
vertex -14.75 16.274 0.345
endloop
endfacet
facet normal 0.46259423587778853 -0.5354282219521656 -0.7066280436479913
outer loop
vertex -13.934 16.979 0.345
vertex -14.75 16.274 0.345
vertex -13.998 17.057 0.244
endloop
endfacet
facet normal 0.4616364660790638 -0.5346637036508944 -0.7078322521504244
outer loop
vertex -13.998 17.057 0.244
vertex -14.75 16.274 0.345
vertex -14.818 16.349 0.244
endloop
endfacet
facet normal 0.39138868712596425 -0.45330328169956424 -0.8008314619133163
outer loop
vertex -13.998 17.057 0.244
vertex -14.818 16.349 0.244
vertex -14.07 17.145 0.159
endloop
endfacet
facet normal 0.3887888553383166 -0.45112630893686584 -0.8033232720080511
outer loop
vertex -14.07 17.145 0.159
vertex -14.818 16.349 0.244
vertex -14.895 16.434 0.159
endloop
endfacet
facet normal 0.3141310250448567 -0.36449802484107885 -0.8766201509155606
outer loop
vertex -14.07 17.145 0.159
vertex -14.895 16.434 0.159
vertex -14.15 17.242 0.09
endloop
endfacet
facet normal 0.31507442329281354 -0.3653100656080309 -0.8759432993933779
outer loop
vertex -14.15 17.242 0.09
vertex -14.895 16.434 0.159
vertex -14.979 16.527 0.09
endloop
endfacet
facet normal 0.2250236814662972 -0.26090158312665757 -0.9387729793200048
outer loop
vertex -14.15 17.242 0.09
vertex -14.979 16.527 0.09
vertex -14.235 17.345 0.041
endloop
endfacet
facet normal 0.22461792478780085 -0.26054429662451584 -0.9389693591169299
outer loop
vertex -14.235 17.345 0.041
vertex -14.979 16.527 0.09
vertex -15.069 16.626 0.041
endloop
endfacet
facet normal 0.14188008097427246 -0.1645730007406729 -0.9761074582493182
outer loop
vertex -14.235 17.345 0.041
vertex -15.069 16.626 0.041
vertex -14.323 17.453 0.01
endloop
endfacet
facet normal 0.1424651053476098 -0.16509423119702302 -0.9759342132458305
outer loop
vertex -14.323 17.453 0.01
vertex -15.069 16.626 0.041
vertex -15.162 16.729 0.01
endloop
endfacet
facet normal 0.04586937588428282 -0.053155257412863664 -0.9975322145000423
outer loop
vertex -14.323 17.453 0.01
vertex -15.162 16.729 0.01
vertex -14.413 17.563 0.0
endloop
endfacet
facet normal 0.045819982453664344 -0.053110953598554674 -0.9975368443399962
outer loop
vertex -14.413 17.563 0.0
vertex -15.162 16.729 0.01
vertex -15.258 16.834 0.0
endloop
endfacet
facet normal -0.0 0.0 -1.0
outer loop
vertex -15.258 16.834 0.0
vertex -16.065 16.065 0.0
vertex -23.505 25.933 0.0
endloop
endfacet
facet normal -0.0 -0.0 -1.0
outer loop
vertex -23.505 25.933 0.0
vertex -16.065 16.065 0.0
vertex -24.749 24.749 0.0
endloop
endfacet
facet normal -0.6894225007656563 0.7243594518179691 0.0
outer loop
vertex -23.505 25.933 0.0
vertex -24.749 24.749 0.0
vertex -23.505 25.933 3.0
endloop
endfacet
facet normal -0.6894225007656563 0.7243594518179691 0.0
outer loop
vertex -23.505 25.933 3.0
vertex -24.749 24.749 0.0
vertex -24.749 24.749 3.0
endloop
endfacet
facet normal 0.0 0.0 1.0
outer loop
vertex -23.505 25.933 3.0
vertex -24.749 24.749 3.0
vertex -20.174 22.258 3.0
endloop
endfacet
facet normal 0.0 0.0 1.0
outer loop
vertex -20.174 22.258 3.0
vertex -24.749 24.749 3.0
vertex -21.241 21.241 3.0
endloop
endfacet
facet normal -0.6899430993461072 0.7238636057053067 0.0
outer loop
vertex -20.174 22.258 3.0
vertex -21.241 21.241 3.0
vertex -20.174 22.258 52.0
endloop
endfacet
facet normal -0.6899430993461072 0.7238636057053067 0.0
outer loop
vertex -20.174 22.258 52.0
vertex -21.241 21.241 3.0
vertex -21.241 21.241 52.0
endloop
endfacet
facet normal -0.4878574204242555 0.5118425443389194 0.7071155118802391
outer loop
vertex -20.174 22.258 52.0
vertex -21.241 21.241 52.0
vertex -19.502 21.517 53.0
endloop
endfacet
facet normal -0.4878059061055295 0.5121217651077377 0.7069488635477806
outer loop
vertex -19.502 21.517 53.0
vertex -21.241 21.241 52.0
vertex -20.534 20.534 53.0
endloop
endfacet
facet normal 0.0 0.0 1.0
outer loop
vertex -19.502 21.517 53.0
vertex -20.534 20.534 53.0
vertex -14.586 16.093 53.0
endloop
endfacet
facet normal 0.0 0.0 1.0
outer loop
vertex -14.586 16.093 53.0
vertex -20.534 20.534 53.0
vertex -15.358 15.358 53.0
endloop
endfacet
facet normal 0.6895380344581049 -0.7242494729274253 0.0
outer loop
vertex -14.586 16.093 53.0
vertex -15.358 15.358 53.0
vertex -14.586 16.093 1.0
endloop
endfacet
facet normal 0.6895380344581049 -0.7242494729274253 0.0
outer loop
vertex -14.586 16.093 1.0
vertex -15.358 15.358 53.0
vertex -15.358 15.358 1.0
endloop
endfacet
facet normal 0.6876173968898144 -0.7222321502026356 -0.07458576746372521
outer loop
vertex -14.586 16.093 1.0
vertex -15.358 15.358 1.0
vertex -14.593 16.101 0.858
endloop
endfacet
facet normal 0.6868943440142711 -0.7224072488748731 -0.07939727283881627
outer loop
vertex -14.593 16.101 0.858
vertex -15.358 15.358 1.0
vertex -15.366 15.366 0.858
endloop
endfacet
facet normal 0.6740443963945323 -0.7088929502217328 -0.20768952023407078
outer loop
vertex -14.593 16.101 0.858
vertex -15.366 15.366 0.858
vertex -14.613 16.123 0.718
endloop
endfacet
facet normal 0.6741028463148298 -0.7089070693582586 -0.20745148735097113
outer loop
vertex -14.613 16.123 0.718
vertex -15.366 15.366 0.858
vertex -15.387 15.387 0.718
endloop
endfacet
facet normal 0.6446319095956332 -0.6779145353627993 -0.35338588522311914
outer loop
vertex -14.613 16.123 0.718
vertex -15.387 15.387 0.718
vertex -14.647 16.16 0.585
endloop
endfacet
facet normal 0.646325198832982 -0.6787290367148531 -0.3486984830389053
outer loop
vertex -14.647 16.16 0.585
vertex -15.387 15.387 0.718
vertex -15.422 15.422 0.585
endloop
endfacet
facet normal 0.6055496196265842 -0.6359091534019014 -0.478465470843797
outer loop
vertex -14.647 16.16 0.585
vertex -15.422 15.422 0.585
vertex -14.693 16.211 0.459
endloop
endfacet
facet normal 0.6039302400653562 -0.63494287401466 -0.48178398880889034
outer loop
vertex -14.693 16.211 0.459
vertex -15.422 15.422 0.585
vertex -15.471 15.471 0.459
endloop
endfacet
facet normal 0.5526699137921751 -0.5810502607166397 -0.5974416799237182
outer loop
vertex -14.693 16.211 0.459
vertex -15.471 15.471 0.459
vertex -14.75 16.274 0.345
endloop
endfacet
facet normal 0.5529732935291114 -0.5812545656073164 -0.5969620311244404
outer loop
vertex -14.75 16.274 0.345
vertex -15.471 15.471 0.459
vertex -15.531 15.531 0.345
endloop
endfacet
facet normal 0.4868791658471961 -0.5117801191475913 -0.7078345763730506
outer loop
vertex -14.75 16.274 0.345
vertex -15.531 15.531 0.345
vertex -14.818 16.349 0.244
endloop
endfacet
facet normal 0.4892737452531391 -0.513508187789105 -0.7049259133267236
outer loop
vertex -14.818 16.349 0.244
vertex -15.531 15.531 0.345
vertex -15.602 15.602 0.244
endloop
endfacet
facet normal 0.4108184868373689 -0.4311669259444411 -0.8033201434324148
outer loop
vertex -14.818 16.349 0.244
vertex -15.602 15.602 0.244
vertex -14.895 16.434 0.159
endloop
endfacet
facet normal 0.4111880505963406 -0.4314463167375712 -0.8029809853417231
outer loop
vertex -14.895 16.434 0.159
vertex -15.602 15.602 0.244
vertex -15.683 15.683 0.159
endloop
endfacet
facet normal 0.3328456120721869 -0.34924413090929823 -0.8759237041830188
outer loop
vertex -14.895 16.434 0.159
vertex -15.683 15.683 0.159
vertex -14.979 16.527 0.09
endloop
endfacet
facet normal 0.3315466293880438 -0.34823374450956135 -0.8768181634331469
outer loop
vertex -14.979 16.527 0.09
vertex -15.683 15.683 0.159
vertex -15.772 15.772 0.09
endloop
endfacet
facet normal 0.23718569646798365 -0.2491235196014716 -0.9389783902584621
outer loop
vertex -14.979 16.527 0.09
vertex -15.772 15.772 0.09
vertex -15.069 16.626 0.041
endloop
endfacet
facet normal 0.23873453508067471 -0.2503571374464435 -0.9382574942356905
outer loop
vertex -15.069 16.626 0.041
vertex -15.772 15.772 0.09
vertex -15.866 15.866 0.041
endloop
endfacet
facet normal 0.1505055346047156 -0.1578327777367867 -0.975928736294428
outer loop
vertex -15.069 16.626 0.041
vertex -15.866 15.866 0.041
vertex -15.162 16.729 0.01
endloop
endfacet
facet normal 0.149056709586607 -0.15666562539011178 -0.9763390697643618
outer loop
vertex -15.162 16.729 0.01
vertex -15.866 15.866 0.041
vertex -15.965 15.965 0.01
endloop
endfacet
facet normal 0.0483397057220876 -0.05080730850109467 -0.997537914193529
outer loop
vertex -15.162 16.729 0.01
vertex -15.965 15.965 0.01
vertex -15.258 16.834 0.0
endloop
endfacet
facet normal 0.04867281536233433 -0.05107797398882184 -0.9975078935115759
outer loop
vertex -15.258 16.834 0.0
vertex -15.965 15.965 0.01
vertex -16.065 16.065 0.0
endloop
endfacet
facet normal -0.0 0.0 -1.0
outer loop
vertex -16.065 16.065 0.0
vertex -16.834 15.258 0.0
vertex -24.749 24.749 0.0
endloop
endfacet
facet normal -0.0 -0.0 -1.0
outer loop
vertex -24.749 24.749 0.0
vertex -16.834 15.258 0.0
vertex -25.933 23.505 0.0
endloop
endfacet
facet normal -0.7243594518179691 0.6894225007656563 0.0
outer loop
vertex -24.749 24.749 0.0
vertex -25.933 23.505 0.0
vertex -24.749 24.749 3.0
endloop
endfacet
facet normal -0.7243594518179691 0.6894225007656563 0.0
outer loop
vertex -24.749 24.749 3.0
vertex -25.933 23.505 0.0
vertex -25.933 23.505 3.0
endloop
endfacet
facet normal 0.0 0.0 1.0
outer loop
vertex -24.749 24.749 3.0
vertex -25.933 23.505 3.0
vertex -21.241 21.241 3.0
endloop
endfacet
facet normal 0.0 0.0 1.0
outer loop
vertex -21.241 21.241 3.0
vertex -25.933 23.505 3.0
vertex -22.258 20.174 3.0
endloop
endfacet
facet normal -0.7238636057053067 0.6899430993461072 0.0
outer loop
vertex -21.241 21.241 3.0
vertex -22.258 20.174 3.0
vertex -21.241 21.241 52.0
endloop
endfacet
facet normal -0.7238636057053067 0.6899430993461072 0.0
outer loop
vertex -21.241 21.241 52.0
vertex -22.258 20.174 3.0
vertex -22.258 20.174 52.0
endloop
endfacet
facet normal -0.5119611402478152 0.487970458886624 0.7069516405880493
outer loop
vertex -21.241 21.241 52.0
vertex -22.258 20.174 52.0
vertex -20.534 20.534 53.0
endloop
endfacet
facet normal -0.5119990710654515 0.48768903765246036 0.707118344961953
outer loop
vertex -20.534 20.534 53.0
vertex -22.258 20.174 52.0
vertex -21.517 19.502 53.0
endloop
endfacet
facet normal 0.0 0.0 0.9999999999999999
outer loop
vertex -20.534 20.534 53.0
vertex -21.517 19.502 53.0
vertex -15.358 15.358 53.0
endloop
endfacet
facet normal 0.0 0.0 1.0
outer loop
vertex -15.358 15.358 53.0
vertex -21.517 19.502 53.0
vertex -16.093 14.586 53.0
endloop
endfacet
facet normal 0.7242494729274253 -0.6895380344581049 0.0
outer loop
vertex -15.358 15.358 53.0
vertex -16.093 14.586 53.0
vertex -15.358 15.358 1.0
endloop
endfacet
facet normal 0.7242494729274253 -0.6895380344581049 0.0
outer loop
vertex -15.358 15.358 1.0
vertex -16.093 14.586 53.0
vertex -16.093 14.586 1.0
endloop
endfacet
facet normal 0.7219629828116951 -0.6873611300085433 -0.07939854156732831
outer loop
vertex -15.358 15.358 1.0
vertex -16.093 14.586 1.0
vertex -15.366 15.366 0.858
endloop
endfacet
facet normal 0.7226764002058349 -0.6871502641025725 -0.07458776796030862
outer loop
vertex -15.366 15.366 0.858
vertex -16.093 14.586 1.0
vertex -16.101 14.593 0.858
endloop
endfacet
facet normal 0.7089295792411924 -0.6740792247636174 -0.20745132060072974
outer loop
vertex -15.366 15.366 0.858
vertex -16.101 14.593 0.858
vertex -15.387 15.387 0.718
endloop
endfacet
facet normal 0.7088704899820515 -0.6740680628253096 -0.20768937168651763
outer loop
vertex -15.387 15.387 0.718
vertex -16.101 14.593 0.858
vertex -16.123 14.613 0.718
endloop
endfacet
facet normal 0.6791894702738168 -0.645844250803009 -0.348693084493903
outer loop
vertex -15.387 15.387 0.718
vertex -16.123 14.613 0.718
vertex -15.422 15.422 0.585
endloop
endfacet
facet normal 0.6774574651601848 -0.6451143345654398 -0.35338205703873365
outer loop
vertex -15.422 15.422 0.585
vertex -16.123 14.613 0.718
vertex -16.16 14.647 0.585
endloop
endfacet
facet normal 0.634591675601706 -0.6042950407665272 -0.48178927858764153
outer loop
vertex -15.422 15.422 0.585
vertex -16.16 14.647 0.585
vertex -15.471 15.471 0.459
endloop
endfacet
facet normal 0.6362567161196768 -0.6051799099338813 -0.47847117761159264
outer loop
vertex -15.471 15.471 0.459
vertex -16.16 14.647 0.585
vertex -16.211 14.693 0.459
endloop
endfacet
facet normal 0.581309536762584 -0.5529165259695513 -0.5969610856484971
outer loop
vertex -15.471 15.471 0.459
vertex -16.211 14.693 0.459
vertex -15.531 15.531 0.345
endloop
endfacet
facet normal 0.5809963338928636 -0.5527276262258612 -0.5974407344747901
outer loop
vertex -15.531 15.531 0.345
vertex -16.211 14.693 0.459
vertex -16.274 14.75 0.345
endloop
endfacet
facet normal 0.5138879746136338 -0.4888844624045195 -0.7049192379038476
outer loop
vertex -15.531 15.531 0.345
vertex -16.274 14.75 0.345
vertex -15.602 15.602 0.244
endloop
endfacet
facet normal 0.5114114613589879 -0.48727597147342283 -0.7078279768526367
outer loop
vertex -15.602 15.602 0.244
vertex -16.274 14.75 0.345
vertex -16.349 14.818 0.244
endloop
endfacet
facet normal 0.43149878105530975 -0.4111346804187705 -0.8029801221105896
outer loop
vertex -15.602 15.602 0.244
vertex -16.349 14.818 0.244
vertex -15.683 15.683 0.159
endloop
endfacet
facet normal 0.4311162251430495 -0.4108734582264348 -0.8033192402422946
outer loop
vertex -15.683 15.683 0.159
vertex -16.349 14.818 0.244
vertex -16.434 14.895 0.159
endloop
endfacet
facet normal 0.34806267496173104 -0.33171963057901055 -0.8768206549728451
outer loop
vertex -15.683 15.683 0.159
vertex -16.434 14.895 0.159
vertex -15.772 15.772 0.09
endloop
endfacet
facet normal 0.34940888243628077 -0.3326654555351726 -0.8759264395873693
outer loop
vertex -15.772 15.772 0.09
vertex -16.434 14.895 0.159
vertex -16.527 14.979 0.09
endloop
endfacet
facet normal 0.2505483317995453 -0.23854223267169813 -0.9382553685774819
outer loop
vertex -15.772 15.772 0.09
vertex -16.527 14.979 0.09
vertex -15.866 15.866 0.041
endloop
endfacet
facet normal 0.24894159238571673 -0.2373847054117257 -0.9389763496579941
outer loop
vertex -15.866 15.866 0.041
vertex -16.527 14.979 0.09
vertex -16.626 15.069 0.041
endloop
endfacet
facet normal 0.15649390655875398 -0.14922881930320384 -0.9763403180752867
outer loop
vertex -15.866 15.866 0.041
vertex -16.626 15.069 0.041
vertex -15.965 15.965 0.01
endloop
endfacet
facet normal 0.157997337808615 -0.15032374356884418 -0.9759301272964366
outer loop
vertex -15.965 15.965 0.01
vertex -16.626 15.069 0.041
vertex -16.729 15.162 0.01
endloop
endfacet
facet normal 0.05111670470087868 -0.048634075207311736 -0.9975077990819183
outer loop
vertex -15.965 15.965 0.01
vertex -16.729 15.162 0.01
vertex -16.065 16.065 0.0
endloop
endfacet
facet normal 0.05077056707678288 -0.048379883620874656 -0.997537837066611
outer loop
vertex -16.065 16.065 0.0
vertex -16.729 15.162 0.01
vertex -16.834 15.258 0.0
endloop
endfacet
facet normal -0.0 0.0 -1.0
outer loop
vertex -16.834 15.258 0.0
vertex -17.563 14.413 0.0
vertex -25.933 23.505 0.0
endloop
endfacet
facet normal -0.0 -0.0 -1.0
outer loop
vertex -25.933 23.505 0.0
vertex -17.563 14.413 0.0
vertex -27.055 22.204 0.0
endloop
endfacet
facet normal -0.75728090539885 0.6530892973539667 0.0
outer loop
vertex -25.933 23.505 0.0
vertex -27.055 22.204 0.0
vertex -25.933 23.505 3.0
endloop
endfacet
facet normal -0.75728090539885 0.6530892973539667 0.0
outer loop
vertex -25.933 23.505 3.0
vertex -27.055 22.204 0.0
vertex -27.055 22.204 3.0
endloop
endfacet
facet normal 0.0 0.0 1.0
outer loop
vertex -25.933 23.505 3.0
vertex -27.055 22.204 3.0
vertex -22.258 20.174 3.0
endloop
endfacet
facet normal 0.0 0.0 1.0
outer loop
vertex -22.258 20.174 3.0
vertex -27.055 22.204 3.0
vertex -23.221 19.057 3.0
endloop
endfacet
facet normal -0.7573868351206325 0.6529664478255768 0.0
outer loop
vertex -22.258 20.174 3.0
vertex -23.221 19.057 3.0
vertex -22.258 20.174 52.0
endloop
endfacet
facet normal -0.7573868351206325 0.6529664478255768 0.0
outer loop
vertex -22.258 20.174 52.0
vertex -23.221 19.057 3.0
vertex -23.221 19.057 52.0
endloop
endfacet
facet normal -0.5355487887324676 0.46171305599764223 0.7071128260811741
outer loop
vertex -22.258 20.174 52.0
vertex -23.221 19.057 52.0
vertex -21.517 19.502 53.0
endloop
endfacet
facet normal -0.5355190013381566 0.462065051200949 0.7069054304957968
outer loop
vertex -21.517 19.502 53.0
vertex -23.221 19.057 52.0
vertex -22.448 18.423 53.0
endloop
endfacet
facet normal 0.0 0.0 1.0
outer loop
vertex -21.517 19.502 53.0
vertex -22.448 18.423 53.0
vertex -16.093 14.586 53.0
endloop
endfacet
facet normal 0.0 0.0 1.0
outer loop
vertex -16.093 14.586 53.0
vertex -22.448 18.423 53.0
vertex -16.79 13.779 53.0
endloop
endfacet
facet normal 0.7568019208227457 -0.6536442860141919 0.0
outer loop
vertex -16.093 14.586 53.0
vertex -16.79 13.779 53.0
vertex -16.093 14.586 1.0
endloop
endfacet
facet normal 0.7568019208227457 -0.6536442860141919 0.0
outer loop
vertex -16.093 14.586 1.0
vertex -16.79 13.779 53.0
vertex -16.79 13.779 1.0
endloop
endfacet
facet normal 0.7546903027797481 -0.6518204969485546 -0.07464975986533115
outer loop
vertex -16.093 14.586 1.0
vertex -16.79 13.779 1.0
vertex -16.101 14.593 0.858
endloop
endfacet
facet normal 0.7553401897128342 -0.6515743963240656 -0.0700856894059616
outer loop
vertex -16.101 14.593 0.858
vertex -16.79 13.779 1.0
vertex -16.798 13.785 0.858
endloop
endfacet
facet normal 0.7406940455886126 -0.6389402843753248 -0.20767196207469416
outer loop
vertex -16.101 14.593 0.858
vertex -16.798 13.785 0.858
vertex -16.123 14.613 0.718
endloop
endfacet
facet normal 0.7394183521226186 -0.6387549626009755 -0.21272658107744183
outer loop
vertex -16.123 14.613 0.718
vertex -16.798 13.785 0.858
vertex -16.821 13.805 0.718
endloop
endfacet
facet normal 0.7079409323407241 -0.6115628351161211 -0.353285345041764
outer loop
vertex -16.123 14.613 0.718
vertex -16.821 13.805 0.718
vertex -16.16 14.647 0.585
endloop
endfacet
facet normal 0.7089805849723197 -0.6119437848096466 -0.35053007626329624
outer loop
vertex -16.16 14.647 0.585
vertex -16.821 13.805 0.718
vertex -16.86 13.836 0.585
endloop
endfacet
facet normal 0.6647175169103484 -0.573738917185257 -0.4785125678805411
outer loop
vertex -16.16 14.647 0.585
vertex -16.86 13.836 0.585
vertex -16.211 14.693 0.459
endloop
endfacet
facet normal 0.6662282142652783 -0.5744476976629288 -0.4755521098330427
outer loop
vertex -16.211 14.693 0.459
vertex -16.86 13.836 0.585
vertex -16.912 13.88 0.459
endloop
endfacet
facet normal 0.6073199109256493 -0.5236546833442572 -0.5974515029731594
outer loop
vertex -16.211 14.693 0.459
vertex -16.912 13.88 0.459
vertex -16.274 14.75 0.345
endloop
endfacet
facet normal 0.6040789477952889 -0.5219064438672516 -0.6022476971150459
outer loop
vertex -16.274 14.75 0.345
vertex -16.912 13.88 0.459
vertex -16.979 13.934 0.345
endloop
endfacet
facet normal 0.534514625985385 -0.4618049158329598 -0.7078349626291547
outer loop
vertex -16.274 14.75 0.345
vertex -16.979 13.934 0.345
vertex -16.349 14.818 0.244
endloop
endfacet
facet normal 0.5355733431749786 -0.46242186215595593 -0.7066308905507845
outer loop
vertex -16.349 14.818 0.244
vertex -16.979 13.934 0.345
vertex -17.057 13.998 0.244
endloop
endfacet
facet normal 0.45076377871494855 -0.38919604308558875 -0.8033296059807215
outer loop
vertex -16.349 14.818 0.244
vertex -17.057 13.998 0.244
vertex -16.434 14.895 0.159
endloop
endfacet
facet normal 0.45365440846433264 -0.3909676174765335 -0.800838310625559
outer loop
vertex -16.434 14.895 0.159
vertex -17.057 13.998 0.244
vertex -17.145 14.07 0.159
endloop
endfacet
facet normal 0.36543301769324404 -0.3149368188847227 -0.8759414990114239
outer loop
vertex -16.434 14.895 0.159
vertex -17.145 14.07 0.159
vertex -16.527 14.979 0.09
endloop
endfacet
facet normal 0.3643801978814132 -0.3142724263995304 -0.8766184537168117
outer loop
vertex -16.527 14.979 0.09
vertex -17.145 14.07 0.159
vertex -17.242 14.15 0.09
endloop
endfacet
facet normal 0.2604947362340924 -0.22467278215606307 -0.938969985331046
outer loop
vertex -16.527 14.979 0.09
vertex -17.242 14.15 0.09
vertex -16.626 15.069 0.041
endloop
endfacet
facet normal 0.2609488545905249 -0.22496669838199815 -0.9387734976590444
outer loop
vertex -16.626 15.069 0.041
vertex -17.242 14.15 0.09
vertex -17.345 14.235 0.041
endloop
endfacet
facet normal 0.16516302594877358 -0.14238874779036884 -0.975933716684763
outer loop
vertex -16.626 15.069 0.041
vertex -17.345 14.235 0.041
vertex -16.729 15.162 0.01
endloop
endfacet
facet normal 0.1645081974122989 -0.14195939800536875 -0.9761068498387405
outer loop
vertex -16.729 15.162 0.01
vertex -17.345 14.235 0.041
vertex -17.453 14.323 0.01
endloop
endfacet
facet normal 0.05310524982217257 -0.045826222730933175 -0.9975368613497647
outer loop
vertex -16.729 15.162 0.01
vertex -17.453 14.323 0.01
vertex -16.834 15.258 0.0
endloop
endfacet
facet normal 0.05316061644508539 -0.045862827678659485 -0.997532230003871
outer loop
vertex -16.834 15.258 0.0
vertex -17.453 14.323 0.01
vertex -17.563 14.413 0.0
endloop
endfacet
facet normal -0.0 0.0 -1.0
outer loop
vertex -17.563 14.413 0.0
vertex -18.249 13.534 0.0
vertex -27.055 22.204 0.0
endloop
endfacet
facet normal -0.0 -0.0 -0.9999999999999999
outer loop
vertex -27.055 22.204 0.0
vertex -18.249 13.534 0.0
vertex -28.112 20.849 0.0
endloop
endfacet
facet normal -0.788474085729856 0.6150679768387132 0.0
outer loop
vertex -27.055 22.204 0.0
vertex -28.112 20.849 0.0
vertex -27.055 22.204 3.0
endloop
endfacet
facet normal -0.788474085729856 0.6150679768387132 0.0
outer loop
vertex -27.055 22.204 3.0
vertex -28.112 20.849 0.0
vertex -28.112 20.849 3.0
endloop
endfacet
facet normal 0.0 0.0 1.0
outer loop
vertex -27.055 22.204 3.0
vertex -28.112 20.849 3.0
vertex -23.221 19.057 3.0
endloop
endfacet
facet normal 0.0 0.0 1.0
outer loop
vertex -23.221 19.057 3.0
vertex -28.112 20.849 3.0
vertex -24.128 17.895 3.0
endloop
endfacet
facet normal -0.7882917068561104 0.6153017023394945 0.0
outer loop
vertex -23.221 19.057 3.0
vertex -24.128 17.895 3.0
vertex -23.221 19.057 52.0
endloop
endfacet
facet normal -0.7882917068561104 0.6153017023394945 0.0
outer loop
vertex -23.221 19.057 52.0
vertex -24.128 17.895 3.0
vertex -24.128 17.895 52.0
endloop
endfacet
facet normal -0.557559505012088 0.4352035034818969 0.7069125185818667
outer loop
vertex -23.221 19.057 52.0
vertex -24.128 17.895 52.0
vertex -22.448 18.423 53.0
endloop
endfacet
facet normal -0.5575653049812016 0.4350398331570407 0.7070086804615017
outer loop
vertex -22.448 18.423 53.0
vertex -24.128 17.895 52.0
vertex -23.325 17.299 53.0
endloop
endfacet
facet normal 0.0 0.0 1.0
outer loop
vertex -22.448 18.423 53.0
vertex -23.325 17.299 53.0
vertex -16.79 13.779 53.0
endloop
endfacet
facet normal 0.0 0.0 1.0
outer loop
vertex -16.79 13.779 53.0
vertex -23.325 17.299 53.0
vertex -17.446 12.939 53.0
endloop
endfacet
facet normal 0.7881381576804046 -0.6154983707599374 0.0
outer loop
vertex -16.79 13.779 53.0
vertex -17.446 12.939 53.0
vertex -16.79 13.779 1.0
endloop
endfacet
facet normal 0.7881381576804046 -0.6154983707599374 0.0
outer loop
vertex -16.79 13.779 1.0
vertex -17.446 12.939 53.0
vertex -17.446 12.939 1.0
endloop
endfacet
facet normal 0.7861918157246429 -0.6139783703754377 -0.07023524470457207
outer loop
vertex -16.79 13.779 1.0
vertex -17.446 12.939 1.0
vertex -16.798 13.785 0.858
endloop
endfacet
facet normal 0.7861918157246429 -0.6139783703754377 -0.07023524470457194
outer loop
vertex -16.798 13.785 0.858
vertex -17.446 12.939 1.0
vertex -17.454 12.945 0.858
endloop
endfacet
facet normal 0.7701472813928176 -0.6014483530877265 -0.21244538952708253
outer loop
vertex -16.798 13.785 0.858
vertex -17.454 12.945 0.858
vertex -16.821 13.805 0.718
endloop
endfacet
facet normal 0.7708990605343651 -0.601521000915769 -0.20949253906649032
outer loop
vertex -16.821 13.805 0.718
vertex -17.454 12.945 0.858
vertex -17.478 12.963 0.718
endloop
endfacet
facet normal 0.7383002657471666 -0.5760846491637628 -0.35076943224221735
outer loop
vertex -16.821 13.805 0.718
vertex -17.478 12.963 0.718
vertex -16.86 13.836 0.585
endloop
endfacet
facet normal 0.7393406737262523 -0.5764054067676246 -0.34804047928805676
outer loop
vertex -16.86 13.836 0.585
vertex -17.478 12.963 0.718
vertex -17.518 12.992 0.585
endloop
endfacet
facet normal 0.6938823284837295 -0.540965132870018 -0.4752725946621806
outer loop
vertex -16.86 13.836 0.585
vertex -17.518 12.992 0.585
vertex -16.912 13.88 0.459
endloop
endfacet
facet normal 0.6924196792976872 -0.5403652987199191 -0.47807983816578214
outer loop
vertex -16.912 13.88 0.459
vertex -17.518 12.992 0.585
vertex -17.573 13.033 0.459
endloop
endfacet
facet normal 0.6292409193613778 -0.4910605049561641 -0.6024246391653025
outer loop
vertex -16.912 13.88 0.459
vertex -17.573 13.033 0.459
vertex -16.979 13.934 0.345
endloop
endfacet
facet normal 0.6300761031544168 -0.4914593604604455 -0.6012252500099732
outer loop
vertex -16.979 13.934 0.345
vertex -17.573 13.033 0.459
vertex -17.642 13.084 0.345
endloop
endfacet
facet normal 0.5579274818140778 -0.43518343581498103 -0.7066344898381837
outer loop
vertex -16.979 13.934 0.345
vertex -17.642 13.084 0.345
vertex -17.057 13.998 0.244
endloop
endfacet
facet normal 0.5582263184488203 -0.43533808909474814 -0.7063031400003891
outer loop
vertex -17.057 13.998 0.244
vertex -17.642 13.084 0.345
vertex -17.723 13.144 0.244
endloop
endfacet
facet normal 0.47223464669838927 -0.3682766682682994 -0.8008537532326663
outer loop
vertex -17.057 13.998 0.244
vertex -17.723 13.144 0.244
vertex -17.145 14.07 0.159
endloop
endfacet
facet normal 0.47016066913742116 -0.3671417812611571 -0.8025932080753221
outer loop
vertex -17.145 14.07 0.159
vertex -17.723 13.144 0.244
vertex -17.815 13.212 0.159
endloop
endfacet
facet normal 0.3792861976114793 -0.2961791986010392 -0.8765956095130022
outer loop
vertex -17.145 14.07 0.159
vertex -17.815 13.212 0.159
vertex -17.242 14.15 0.09
endloop
endfacet
facet normal 0.38113531578767723 -0.297223716715071 -0.8754392801796747
outer loop
vertex -17.242 14.15 0.09
vertex -17.815 13.212 0.159
vertex -17.915 13.287 0.09
endloop
endfacet
facet normal 0.2717237558742642 -0.21190044925072934 -0.9387568375787855
outer loop
vertex -17.242 14.15 0.09
vertex -17.915 13.287 0.09
vertex -17.345 14.235 0.041
endloop
endfacet
facet normal 0.2712235464516699 -0.21161054602328244 -0.9389668602575423
outer loop
vertex -17.345 14.235 0.041
vertex -17.915 13.287 0.09
vertex -18.023 13.366 0.041
endloop
endfacet
facet normal 0.17128872476621704 -0.13364068514556424 -0.9761149215342358
outer loop
vertex -17.345 14.235 0.041
vertex -18.023 13.366 0.041
vertex -17.453 14.323 0.01
endloop
endfacet
facet normal 0.17039896096526472 -0.13311808863494934 -0.9763420346272795
outer loop
vertex -17.453 14.323 0.01
vertex -18.023 13.366 0.041
vertex -18.135 13.45 0.01
endloop
endfacet
facet normal 0.055323423423527 -0.043219444186535484 -0.9975326553376125
outer loop
vertex -17.453 14.323 0.01
vertex -18.135 13.45 0.01
vertex -17.563 14.413 0.0
endloop
endfacet
facet normal 0.055554374734341536 -0.043356428973558944 -0.9975138753493793
outer loop
vertex -17.563 14.413 0.0
vertex -18.135 13.45 0.01
vertex -18.249 13.534 0.0
endloop
endfacet
facet normal -0.0 0.0 -0.9999999999999999
outer loop
vertex -18.249 13.534 0.0
vertex -18.891 12.623 0.0
vertex -28.112 20.849 0.0
endloop
endfacet
facet normal -0.0 -0.0 -1.0
outer loop
vertex -28.112 20.849 0.0
vertex -18.891 12.623 0.0
vertex -29.101 19.445 0.0
endloop
endfacet
facet normal -0.8175322772943157 0.5758827793761245 0.0
outer loop
vertex -28.112 20.849 0.0
vertex -29.101 19.445 0.0
vertex -28.112 20.849 3.0
endloop
endfacet
facet normal -0.8175322772943157 0.5758827793761245 0.0
outer loop
vertex -28.112 20.849 3.0
vertex -29.101 19.445 0.0
vertex -29.101 19.445 3.0
endloop
endfacet
facet normal 0.0 0.0 1.0
outer loop
vertex -28.112 20.849 3.0
vertex -29.101 19.445 3.0
vertex -24.128 17.895 3.0
endloop
endfacet
facet normal 0.0 0.0 1.0
outer loop
vertex -24.128 17.895 3.0
vertex -29.101 19.445 3.0
vertex -24.977 16.689 3.0
endloop
endfacet
facet normal -0.8177000360265625 0.5756445527251676 0.0
outer loop
vertex -24.128 17.895 3.0
vertex -24.977 16.689 3.0
vertex -24.128 17.895 52.0
endloop
endfacet
facet normal -0.8177000360265625 0.5756445527251676 0.0
outer loop
vertex -24.128 17.895 52.0
vertex -24.977 16.689 3.0
vertex -24.977 16.689 52.0
endloop
endfacet
facet normal -0.5782887629323599 0.4071037808702934 0.7069997300333805
outer loop
vertex -24.128 17.895 52.0
vertex -24.977 16.689 52.0
vertex -23.325 17.299 53.0
endloop
endfacet
facet normal -0.5782946780626671 0.4075364211926617 0.7067455912320032
outer loop
vertex -23.325 17.299 53.0
vertex -24.977 16.689 52.0
vertex -24.146 16.134 53.0
endloop
endfacet
facet normal 0.0 0.0 1.0
outer loop
vertex -23.325 17.299 53.0
vertex -24.146 16.134 53.0
vertex -17.446 12.939 53.0
endloop
endfacet
facet normal 0.0 0.0 1.0
outer loop
vertex -17.446 12.939 53.0
vertex -24.146 16.134 53.0
vertex -18.06 12.067 53.0
endloop
endfacet
facet normal 0.8176429403130797 -0.5757256483397118 0.0
outer loop
vertex -17.446 12.939 53.0
vertex -18.06 12.067 53.0
vertex -17.446 12.939 1.0
endloop
endfacet
facet normal 0.8176429403130797 -0.5757256483397118 0.0
outer loop
vertex -17.446 12.939 1.0
vertex -18.06 12.067 53.0
vertex -18.06 12.067 1.0
endloop
endfacet
facet normal 0.8156247803853899 -0.5743046045374165 -0.07021708359371136
outer loop
vertex -17.446 12.939 1.0
vertex -18.06 12.067 1.0
vertex -17.454 12.945 0.858
endloop
endfacet
facet normal 0.8156247803853871 -0.5743046045374178 -0.07021708359373179
outer loop
vertex -17.454 12.945 0.858
vertex -18.06 12.067 1.0
vertex -18.068 12.073 0.858
endloop
endfacet
facet normal 0.7995090417503202 -0.5629570546269465 -0.20943888560923443
outer loop
vertex -17.454 12.945 0.858
vertex -18.068 12.073 0.858
vertex -17.478 12.963 0.718
endloop
endfacet
facet normal 0.8000729663679044 -0.5629804053961792 -0.2072107903252525
outer loop
vertex -17.478 12.963 0.718
vertex -18.068 12.073 0.858
vertex -18.093 12.089 0.718
endloop
endfacet
facet normal 0.7666447865478534 -0.5394582880170816 -0.3481961038677422
outer loop
vertex -17.478 12.963 0.718
vertex -18.093 12.089 0.718
vertex -17.518 12.992 0.585
endloop
endfacet
facet normal 0.7641058880537016 -0.538803809061868 -0.35472897708262585
outer loop
vertex -17.518 12.992 0.585
vertex -18.093 12.089 0.718
vertex -18.135 12.117 0.585
endloop
endfacet
facet normal 0.7178234714389328 -0.5061680935746539 -0.47804113306112056
outer loop
vertex -17.518 12.992 0.585
vertex -18.135 12.117 0.585
vertex -17.573 13.033 0.459
endloop
endfacet
facet normal 0.7180931602682344 -0.5062638567266935 -0.4775344181817617
outer loop
vertex -17.573 13.033 0.459
vertex -18.135 12.117 0.585
vertex -18.192 12.155 0.459
endloop
endfacet
facet normal 0.6530702992358491 -0.46042199911957904 -0.6012576544067683
outer loop
vertex -17.573 13.033 0.459
vertex -18.192 12.155 0.459
vertex -17.642 13.084 0.345
endloop
endfacet
facet normal 0.6533688458203636 -0.46054716600958806 -0.6008372984360265
outer loop
vertex -17.642 13.084 0.345
vertex -18.192 12.155 0.459
vertex -18.263 12.203 0.345
endloop
endfacet
facet normal 0.5786035893741037 -0.40784657094360904 -0.7063137128308803
outer loop
vertex -17.642 13.084 0.345
vertex -18.263 12.203 0.345
vertex -17.723 13.144 0.244
endloop
endfacet
facet normal 0.580774972345522 -0.40883933081498414 -0.7039537151516526
outer loop
vertex -17.723 13.144 0.244
vertex -18.263 12.203 0.345
vertex -18.346 12.259 0.244
endloop
endfacet
facet normal 0.4877597400649909 -0.3433608113677853 -0.8026168383410536
outer loop
vertex -17.723 13.144 0.244
vertex -18.346 12.259 0.244
vertex -17.815 13.212 0.159
endloop
endfacet
facet normal 0.48906043743587174 -0.3439908245335443 -0.801554864729649
outer loop
vertex -17.815 13.212 0.159
vertex -18.346 12.259 0.244
vertex -18.441 12.322 0.159
endloop
endfacet
facet normal 0.3954181842712902 -0.2781255992739625 -0.875380266270662
outer loop
vertex -17.815 13.212 0.159
vertex -18.441 12.322 0.159
vertex -17.915 13.287 0.09
endloop
endfacet
facet normal 0.39219710540881664 -0.2765099145396235 -0.87733898674927
outer loop
vertex -17.915 13.287 0.09
vertex -18.441 12.322 0.159
vertex -18.546 12.392 0.09
endloop
endfacet
facet normal 0.28107483363987573 -0.19816560896844848 -0.939003370237019
outer loop
vertex -17.915 13.287 0.09
vertex -18.546 12.392 0.09
vertex -18.023 13.366 0.041
endloop
endfacet
facet normal 0.28194692485173617 -0.19861594484000084 -0.9386467056469987
outer loop
vertex -18.023 13.366 0.041
vertex -18.546 12.392 0.09
vertex -18.657 12.466 0.041
endloop
endfacet
facet normal 0.1768163771135345 -0.12455731454442322 -0.9763306018854093
outer loop
vertex -18.023 13.366 0.041
vertex -18.657 12.466 0.041
vertex -18.135 13.45 0.01
endloop
endfacet
facet normal 0.17782057563415743 -0.12508216896867927 -0.9760810898113065
outer loop
vertex -18.135 13.45 0.01
vertex -18.657 12.466 0.041
vertex -18.773 12.543 0.01
endloop
endfacet
facet normal 0.05763078644553505 -0.04053852453390436 -0.997514571563886
outer loop
vertex -18.135 13.45 0.01
vertex -18.773 12.543 0.01
vertex -18.249 13.534 0.0
endloop
endfacet
facet normal 0.05720620395926664 -0.04031436107777069 -0.9975480953415038
outer loop
vertex -18.249 13.534 0.0
vertex -18.773 12.543 0.01
vertex -18.891 12.623 0.0
endloop
endfacet
facet normal -0.0 0.0 -1.0
outer loop
vertex -18.891 12.623 0.0
vertex -19.488 11.68 0.0
vertex -29.101 19.445 0.0
endloop
endfacet
facet normal -0.0 -0.0 -1.0
outer loop
vertex -29.101 19.445 0.0
vertex -19.488 11.68 0.0
vertex -30.021 17.994 0.0
endloop
endfacet
facet normal -0.8445470993869619 0.535481275972437 0.0
outer loop
vertex -29.101 19.445 0.0
vertex -30.021 17.994 0.0
vertex -29.101 19.445 3.0
endloop
endfacet
facet normal -0.8445470993869619 0.535481275972437 0.0
outer loop
vertex -29.101 19.445 3.0
vertex -30.021 17.994 0.0
vertex -30.021 17.994 3.0
endloop
endfacet
facet normal 0.0 0.0 1.0
outer loop
vertex -29.101 19.445 3.0
vertex -30.021 17.994 3.0
vertex -24.977 16.689 3.0
endloop
endfacet
facet normal 0.0 0.0 0.9999999999999999
outer loop
vertex -24.977 16.689 3.0
vertex -30.021 17.994 3.0
vertex -25.766 15.444 3.0
endloop
endfacet
facet normal -0.8446657044548227 0.5352941693291999 0.0
outer loop
vertex -24.977 16.689 3.0
vertex -25.766 15.444 3.0
vertex -24.977 16.689 52.0
endloop
endfacet
facet normal -0.8446657044548227 0.5352941693291999 0.0
outer loop
vertex -24.977 16.689 52.0
vertex -25.766 15.444 3.0
vertex -25.766 15.444 52.0
endloop
endfacet
facet normal -0.5975659238357026 0.378698404744071 0.706754897340428
outer loop
vertex -24.977 16.689 52.0
vertex -25.766 15.444 52.0
vertex -24.146 16.134 53.0
endloop
endfacet
facet normal -0.597532952797639 0.378172848863622 0.7070641178162745
outer loop
vertex -24.146 16.134 53.0
vertex -25.766 15.444 52.0
vertex -24.908 14.93 53.0
endloop
endfacet
facet normal 0.0 0.0 1.0
outer loop
vertex -24.146 16.134 53.0
vertex -24.908 14.93 53.0
vertex -18.06 12.067 53.0
endloop
endfacet
facet normal 0.0 0.0 1.0
outer loop
vertex -18.06 12.067 53.0
vertex -24.908 14.93 53.0
vertex -18.63 11.166 53.0
endloop
endfacet
facet normal 0.8450874844431213 -0.5346280423225078 0.0
outer loop
vertex -18.06 12.067 53.0
vertex -18.63 11.166 53.0
vertex -18.06 12.067 1.0
endloop
endfacet
facet normal 0.8450874844431213 -0.5346280423225078 0.0
outer loop
vertex -18.06 12.067 1.0
vertex -18.63 11.166 53.0
vertex -18.63 11.166 1.0
endloop
endfacet
facet normal 0.843012808544073 -0.5333155392565173 -0.07002813875981724
outer loop
vertex -18.06 12.067 1.0
vertex -18.63 11.166 1.0
vertex -18.068 12.073 0.858
endloop
endfacet
facet normal 0.8422250288952112 -0.5337519328514583 -0.07593335814905675
outer loop
vertex -18.068 12.073 0.858
vertex -18.63 11.166 1.0
vertex -18.639 11.172 0.858
endloop
endfacet
facet normal 0.8262975269086514 -0.5236580331463245 -0.20739976216468814
outer loop
vertex -18.068 12.073 0.858
vertex -18.639 11.172 0.858
vertex -18.093 12.089 0.718
endloop
endfacet
facet normal 0.8257741823349422 -0.523661676602645 -0.20946467064105262
outer loop
vertex -18.093 12.089 0.718
vertex -18.639 11.172 0.858
vertex -18.665 11.187 0.718
endloop
endfacet
facet normal 0.7895814153575134 -0.5007101658364705 -0.3547541660784829
outer loop
vertex -18.093 12.089 0.718
vertex -18.665 11.187 0.718
vertex -18.135 12.117 0.585
endloop
endfacet
facet normal 0.7921776692919598 -0.5012451624280968 -0.3481491453638646
outer loop
vertex -18.135 12.117 0.585
vertex -18.665 11.187 0.718
vertex -18.707 11.213 0.585
endloop
endfacet
facet normal 0.7424575887607392 -0.46978511147250157 -0.47755489520091654
outer loop
vertex -18.135 12.117 0.585
vertex -18.707 11.213 0.585
vertex -18.192 12.155 0.459
endloop
endfacet
facet normal 0.7422076806484065 -0.4697102631666856 -0.47801676483403355
outer loop
vertex -18.192 12.155 0.459
vertex -18.707 11.213 0.585
vertex -18.766 11.248 0.459
endloop
endfacet
facet normal 0.6755350899167928 -0.4275161429021364 -0.6007347916087353
outer loop
vertex -18.192 12.155 0.459
vertex -18.766 11.248 0.459
vertex -18.263 12.203 0.345
endloop
endfacet
facet normal 0.6769895194811725 -0.4280416720320016 -0.5987198990485448
outer loop
vertex -18.263 12.203 0.345
vertex -18.766 11.248 0.459
vertex -18.839 11.292 0.345
endloop
endfacet
facet normal 0.6003899928335478 -0.37960991863021054 -0.7038665826581749
outer loop
vertex -18.263 12.203 0.345
vertex -18.839 11.292 0.345
vertex -18.346 12.259 0.244
endloop
endfacet
facet normal 0.5962816045157198 -0.377970853135646 -0.7082275639200092
outer loop
vertex -18.346 12.259 0.244
vertex -18.839 11.292 0.345
vertex -18.926 11.344 0.244
endloop
endfacet
facet normal 0.5049574528770095 -0.3200823198564638 -0.8016016961679081
outer loop
vertex -18.346 12.259 0.244
vertex -18.926 11.344 0.244
vertex -18.441 12.322 0.159
endloop
endfacet
facet normal 0.5054058088833815 -0.3202734636728396 -0.8012427078070272
outer loop
vertex -18.441 12.322 0.159
vertex -18.926 11.344 0.244
vertex -19.024 11.402 0.159
endloop
endfacet
facet normal 0.4053154788444612 -0.2568466567025236 -0.8773534963455845
outer loop
vertex -18.441 12.322 0.159
vertex -19.024 11.402 0.159
vertex -18.546 12.392 0.09
endloop
endfacet
facet normal 0.40799647627830093 -0.25803020391654774 -0.875762119077592
outer loop
vertex -18.546 12.392 0.09
vertex -19.024 11.402 0.159
vertex -19.131 11.467 0.09
endloop
endfacet
facet normal 0.29146964298733224 -0.18433485529469168 -0.9386512176204332
outer loop
vertex -18.546 12.392 0.09
vertex -19.131 11.467 0.09
vertex -18.657 12.466 0.041
endloop
endfacet
facet normal 0.2899979087185389 -0.1836653421884076 -0.9392381247679894
outer loop
vertex -18.657 12.466 0.041
vertex -19.131 11.467 0.09
vertex -19.246 11.536 0.041
endloop
endfacet
facet normal 0.18364580156554777 -0.11630900765818003 -0.9760873087510753
outer loop
vertex -18.657 12.466 0.041
vertex -19.246 11.536 0.041
vertex -18.773 12.543 0.01
endloop
endfacet
facet normal 0.1834167504597276 -0.11620313357117358 -0.9761429851200253
outer loop
vertex -18.773 12.543 0.01
vertex -19.246 11.536 0.041
vertex -19.366 11.607 0.01
endloop
endfacet
facet normal 0.0591370819492398 -0.03746612136314017 -0.9975465379061428
outer loop
vertex -18.773 12.543 0.01
vertex -19.366 11.607 0.01
vertex -18.891 12.623 0.0
endloop
endfacet
facet normal 0.05930103285812292 -0.037542647525238046 -0.9975339278033382
outer loop
vertex -18.891 12.623 0.0
vertex -19.366 11.607 0.01
vertex -19.488 11.68 0.0
endloop
endfacet
facet normal -0.0 0.0 -1.0
outer loop
vertex -19.488 11.68 0.0
vertex -20.037 10.71 0.0
vertex -30.021 17.994 0.0
endloop
endfacet
facet normal -0.0 -0.0 -1.0
outer loop
vertex -30.021 17.994 0.0
vertex -20.037 10.71 0.0
vertex -30.867 16.499 0.0
endloop
endfacet
facet normal -0.8703133534670595 0.4924983926643023 0.0
outer loop
vertex -30.021 17.994 0.0
vertex -30.867 16.499 0.0
vertex -30.021 17.994 3.0
endloop
endfacet
facet normal -0.8703133534670595 0.4924983926643023 0.0
outer loop
vertex -30.021 17.994 3.0
vertex -30.867 16.499 0.0
vertex -30.867 16.499 3.0
endloop
endfacet
facet normal 0.0 0.0 1.0
outer loop
vertex -30.021 17.994 3.0
vertex -30.867 16.499 3.0
vertex -25.766 15.444 3.0
endloop
endfacet
facet normal 0.0 0.0 0.9999999999999999
outer loop
vertex -25.766 15.444 3.0
vertex -30.867 16.499 3.0
vertex -26.493 14.161 3.0
endloop
endfacet
facet normal -0.8700318813001833 0.4929954619682252 0.0
outer loop
vertex -25.766 15.444 3.0
vertex -26.493 14.161 3.0
vertex -25.766 15.444 52.0
endloop
endfacet
facet normal -0.8700318813001833 0.4929954619682252 0.0
outer loop
vertex -25.766 15.444 52.0
vertex -26.493 14.161 3.0
vertex -26.493 14.161 52.0
endloop
endfacet
facet normal -0.6152401965584583 0.348620126966484 0.7070668339079285
outer loop
vertex -25.766 15.444 52.0
vertex -26.493 14.161 52.0
vertex -24.908 14.93 53.0
endloop
endfacet
facet normal -0.6152282246454372 0.34851365183379707 0.7071297378028264
outer loop
vertex -24.908 14.93 53.0
vertex -26.493 14.161 52.0
vertex -25.611 13.689 53.0
endloop
endfacet
facet normal 0.0 0.0 1.0
outer loop
vertex -24.908 14.93 53.0
vertex -25.611 13.689 53.0
vertex -18.63 11.166 53.0
endloop
endfacet
facet normal 0.0 0.0 1.0
outer loop
vertex -18.63 11.166 53.0
vertex -25.611 13.689 53.0
vertex -19.155 10.239 53.0
endloop
endfacet
facet normal 0.8701429468074582 -0.4927994035317342 0.0
outer loop
vertex -18.63 11.166 53.0
vertex -19.155 10.239 53.0
vertex -18.63 11.166 1.0
endloop
endfacet
facet normal 0.8701429468074582 -0.4927994035317342 0.0
outer loop
vertex -18.63 11.166 1.0
vertex -19.155 10.239 53.0
vertex -19.155 10.239 1.0
endloop
endfacet
facet normal 0.8676426162398131 -0.4913833587118705 -0.07575411055232341
outer loop
vertex -18.63 11.166 1.0
vertex -19.155 10.239 1.0
vertex -18.639 11.172 0.858
endloop
endfacet
facet normal 0.8680920175736487 -0.49110809183854204 -0.07231245505179827
outer loop
vertex -18.639 11.172 0.858
vertex -19.155 10.239 1.0
vertex -19.164 10.244 0.858
endloop
endfacet
facet normal 0.8510310716335601 -0.4814561558271772 -0.20963321571342472
outer loop
vertex -18.639 11.172 0.858
vertex -19.164 10.244 0.858
vertex -18.665 11.187 0.718
endloop
endfacet
facet normal 0.8503876260696596 -0.48148965695655604 -0.21215229358050086
outer loop
vertex -18.665 11.187 0.718
vertex -19.164 10.244 0.858
vertex -19.191 10.258 0.718
endloop
endfacet
facet normal 0.8158268429066149 -0.4619213340892133 -0.34792994051427484
outer loop
vertex -18.665 11.187 0.718
vertex -19.191 10.258 0.718
vertex -18.707 11.213 0.585
endloop
endfacet
facet normal 0.8151889436709454 -0.46182377924705875 -0.3495508304075565
outer loop
vertex -18.707 11.213 0.585
vertex -19.191 10.258 0.718
vertex -19.235 10.281 0.585
endloop
endfacet
facet normal 0.7641938705549843 -0.4329338665805057 -0.4780962197861899
outer loop
vertex -18.707 11.213 0.585
vertex -19.235 10.281 0.585
vertex -18.766 11.248 0.459
endloop
endfacet
facet normal 0.7645350801064579 -0.43301826271554517 -0.47747386885715876
outer loop
vertex -18.766 11.248 0.459
vertex -19.235 10.281 0.585
vertex -19.295 10.314 0.459
endloop
endfacet
facet normal 0.6969716135361177 -0.3947515883946563 -0.5986666462938759
outer loop
vertex -18.766 11.248 0.459
vertex -19.295 10.314 0.459
vertex -18.839 11.292 0.345
endloop
endfacet
facet normal 0.6948697202705539 -0.3941052144818065 -0.6015290115774726
outer loop
vertex -18.839 11.292 0.345
vertex -19.295 10.314 0.459
vertex -19.371 10.354 0.345
endloop
endfacet
facet normal 0.6140649362887967 -0.34827563550707846 -0.7082572525098327
outer loop
vertex -18.839 11.292 0.345
vertex -19.371 10.354 0.345
vertex -18.926 11.344 0.244
endloop
endfacet
facet normal 0.6165072516501784 -0.3491143927690317 -0.705718038188237
outer loop
vertex -18.926 11.344 0.244
vertex -19.371 10.354 0.345
vertex -19.46 10.401 0.244
endloop
endfacet
facet normal 0.5205618549394496 -0.2947826410791808 -0.8013229996077624
outer loop
vertex -18.926 11.344 0.244
vertex -19.46 10.401 0.244
vertex -19.024 11.402 0.159
endloop
endfacet
facet normal 0.5213009055767347 -0.2950552116041488 -0.8007420233446645
outer loop
vertex -19.024 11.402 0.159
vertex -19.46 10.401 0.244
vertex -19.56 10.455 0.159
endloop
endfacet
facet normal 0.42021855783206796 -0.2378428162597547 -0.8756980977523964
outer loop
vertex -19.024 11.402 0.159
vertex -19.56 10.455 0.159
vertex -19.131 11.467 0.09
endloop
endfacet
facet normal 0.418758919276981 -0.23728207388202424 -0.8765490202722379
outer loop
vertex -19.131 11.467 0.09
vertex -19.56 10.455 0.159
vertex -19.671 10.514 0.09
endloop
endfacet
facet normal 0.29865859527235683 -0.16922942439357003 -0.9392360967240152
outer loop
vertex -19.131 11.467 0.09
vertex -19.671 10.514 0.09
vertex -19.246 11.536 0.041
endloop
endfacet
facet normal 0.29939503247809746 -0.16952190055850658 -0.9389488483184113
outer loop
vertex -19.246 11.536 0.041
vertex -19.671 10.514 0.09
vertex -19.789 10.577 0.041
endloop
endfacet
facet normal 0.18889262446948496 -0.10695380092484974 -0.976155961354925
outer loop
vertex -19.246 11.536 0.041
vertex -19.789 10.577 0.041
vertex -19.366 11.607 0.01
endloop
endfacet
facet normal 0.18868938103489885 -0.10687178635379131 -0.9762042505368517
outer loop
vertex -19.366 11.607 0.01
vertex -19.789 10.577 0.041
vertex -19.912 10.643 0.01
endloop
endfacet
facet normal 0.061068602628658854 -0.034588648376813004 -0.9975340852203738
outer loop
vertex -19.366 11.607 0.01
vertex -19.912 10.643 0.01
vertex -19.488 11.68 0.0
endloop
endfacet
facet normal 0.06122749247084111 -0.03465349831597091 -0.9975220946025196
outer loop
vertex -19.488 11.68 0.0
vertex -19.912 10.643 0.01
vertex -20.037 10.71 0.0
endloop
endfacet
facet normal -0.0 0.0 -0.9999999999999999
outer loop
vertex -20.037 10.71 0.0
vertex -20.539 9.714 0.0
vertex -30.867 16.499 0.0
endloop
endfacet
facet normal -0.0 -0.0 -1.0
outer loop
vertex -30.867 16.499 0.0
vertex -20.539 9.714 0.0
vertex -31.64 14.964 0.0
endloop
endfacet
facet normal -0.8931434516822083 0.4497719141044609 0.0
outer loop
vertex -30.867 16.499 0.0
vertex -31.64 14.964 0.0
vertex -30.867 16.499 3.0
endloop
endfacet
facet normal -0.8931434516822083 0.4497719141044609 0.0
outer loop
vertex -30.867 16.499 3.0
vertex -31.64 14.964 0.0
vertex -31.64 14.964 3.0
endloop
endfacet
facet normal 0.0 0.0 1.0
outer loop
vertex -30.867 16.499 3.0
vertex -31.64 14.964 3.0
vertex -26.493 14.161 3.0
endloop
endfacet
facet normal 0.0 0.0 1.0
outer loop
vertex -26.493 14.161 3.0
vertex -31.64 14.964 3.0
vertex -27.156 12.844 3.0
endloop
endfacet
facet normal -0.8932030798833204 0.44965348668385835 0.0
outer loop
vertex -26.493 14.161 3.0
vertex -27.156 12.844 3.0
vertex -26.493 14.161 52.0
endloop
endfacet
facet normal -0.8932030798833204 0.44965348668385835 0.0
outer loop
vertex -26.493 14.161 52.0
vertex -27.156 12.844 3.0
vertex -27.156 12.844 52.0
endloop
endfacet
facet normal -0.6315768297734605 0.3179464222777558 0.7071214751752916
outer loop
vertex -26.493 14.161 52.0
vertex -27.156 12.844 52.0
vertex -25.611 13.689 53.0
endloop
endfacet
facet normal -0.6315899974796192 0.318027642093036 0.7070731885373949
outer loop
vertex -25.611 13.689 53.0
vertex -27.156 12.844 52.0
vertex -26.252 12.416 53.0
endloop
endfacet
facet normal 0.0 0.0 1.0
outer loop
vertex -25.611 13.689 53.0
vertex -26.252 12.416 53.0
vertex -19.155 10.239 53.0
endloop
endfacet
facet normal 0.0 0.0 0.9999999999999999
outer loop
vertex -19.155 10.239 53.0
vertex -26.252 12.416 53.0
vertex -19.635 9.286 53.0
endloop
endfacet
facet normal 0.8931113209988969 -0.44983571257027316 0.0
outer loop
vertex -19.155 10.239 53.0
vertex -19.635 9.286 53.0
vertex -19.155 10.239 1.0
endloop
endfacet
facet normal 0.8931113209988969 -0.44983571257027316 0.0
outer loop
vertex -19.155 10.239 1.0
vertex -19.635 9.286 53.0
vertex -19.635 9.286 1.0
endloop
endfacet
facet normal 0.8907768619816241 -0.448659909497565 -0.07225557257269216
outer loop
vertex -19.155 10.239 1.0
vertex -19.635 9.286 1.0
vertex -19.164 10.244 0.858
endloop
endfacet
facet normal 0.8907768619816262 -0.4486599094975635 -0.07225557257267565
outer loop
vertex -19.164 10.244 0.858
vertex -19.635 9.286 1.0
vertex -19.644 9.291 0.858
endloop
endfacet
facet normal 0.8727571253324413 -0.4395838616574705 -0.21227583176555692
outer loop
vertex -19.164 10.244 0.858
vertex -19.644 9.291 0.858
vertex -19.191 10.258 0.718
endloop
endfacet
facet normal 0.8735200280961843 -0.4395069323754396 -0.20927593485341814
outer loop
vertex -19.191 10.258 0.718
vertex -19.644 9.291 0.858
vertex -19.671 9.304 0.718
endloop
endfacet
facet normal 0.8369029152564664 -0.4210832278019966 -0.3496890414340711
outer loop
vertex -19.191 10.258 0.718
vertex -19.671 9.304 0.718
vertex -19.235 10.281 0.585
endloop
endfacet
facet normal 0.8369166915859946 -0.42108465340257767 -0.34965435220169094
outer loop
vertex -19.235 10.281 0.585
vertex -19.671 9.304 0.718
vertex -19.716 9.325 0.585
endloop
endfacet
facet normal 0.7850035905899042 -0.39496519568383337 -0.4772544991504949
outer loop
vertex -19.235 10.281 0.585
vertex -19.716 9.325 0.585
vertex -19.295 10.314 0.459
endloop
endfacet
facet normal 0.7850369561344193 -0.39497171855512686 -0.4771942152256412
outer loop
vertex -19.295 10.314 0.459
vertex -19.716 9.325 0.585
vertex -19.778 9.354 0.459
endloop
endfacet
facet normal 0.7135354468289594 -0.35899752168581767 -0.6016543405827289
outer loop
vertex -19.295 10.314 0.459
vertex -19.778 9.354 0.459
vertex -19.371 10.354 0.345
endloop
endfacet
facet normal 0.7150542971622399 -0.3593834681480017 -0.5996172737102635
outer loop
vertex -19.371 10.354 0.345
vertex -19.778 9.354 0.459
vertex -19.855 9.391 0.345
endloop
endfacet
facet normal 0.6329643013245925 -0.31812536016729404 -0.7057991558985459
outer loop
vertex -19.371 10.354 0.345
vertex -19.855 9.391 0.345
vertex -19.46 10.401 0.244
endloop
endfacet
facet normal 0.6299482729275683 -0.31725419743094574 -0.7088828871174845
outer loop
vertex -19.46 10.401 0.244
vertex -19.855 9.391 0.345
vertex -19.947 9.434 0.244
endloop
endfacet
facet normal 0.5350657328125197 -0.2694695055632845 -0.8006814891960974
outer loop
vertex -19.46 10.401 0.244
vertex -19.947 9.434 0.244
vertex -19.56 10.455 0.159
endloop
endfacet
facet normal 0.533665137297132 -0.2690287214769505 -0.8017637234585452
outer loop
vertex -19.56 10.455 0.159
vertex -19.947 9.434 0.244
vertex -20.05 9.483 0.159
endloop
endfacet
facet normal 0.42974634857256766 -0.21664167777835297 -0.8765754156591009
outer loop
vertex -19.56 10.455 0.159
vertex -20.05 9.483 0.159
vertex -19.671 10.514 0.09
endloop
endfacet
facet normal 0.43233613605170784 -0.21749425249227064 -0.8750895471874336
outer loop
vertex -19.671 10.514 0.09
vertex -20.05 9.483 0.159
vertex -20.163 9.536 0.09
endloop
endfacet
facet normal 0.30735227867197135 -0.15461893773682026 -0.9389502440961843
outer loop
vertex -19.671 10.514 0.09
vertex -20.163 9.536 0.09
vertex -19.789 10.577 0.041
endloop
endfacet
facet normal 0.3064186657418019 -0.15430034541423301 -0.9393077263016962
outer loop
vertex -19.789 10.577 0.041
vertex -20.163 9.536 0.09
vertex -20.284 9.594 0.041
endloop
endfacet
facet normal 0.19369682584172515 -0.0975380760851001 -0.9762007290370447
outer loop
vertex -19.789 10.577 0.041
vertex -20.284 9.594 0.041
vertex -19.912 10.643 0.01
endloop
endfacet
facet normal 0.19435810805646783 -0.09776801799204159 -0.9760462798917979
outer loop
vertex -19.912 10.643 0.01
vertex -20.284 9.594 0.041
vertex -20.41 9.653 0.01
endloop
endfacet
facet normal 0.06285461180277087 -0.03161777442199995 -0.9975217361620361
outer loop
vertex -19.912 10.643 0.01
vertex -20.41 9.653 0.01
vertex -20.037 10.71 0.0
endloop
endfacet
facet normal 0.06244652643297176 -0.03147405247926903 -0.997551911108885
outer loop
vertex -20.037 10.71 0.0
vertex -20.41 9.653 0.01
vertex -20.539 9.714 0.0
endloop
endfacet
facet normal -0.0 0.0 -1.0
outer loop
vertex -20.539 9.714 0.0
vertex -20.991 8.695 0.0
vertex -31.64 14.964 0.0
endloop
endfacet
facet normal -0.0 -0.0 -0.9999999999999999
outer loop
vertex -31.64 14.964 0.0
vertex -20.991 8.695 0.0
vertex -32.336 13.394 0.0
endloop
endfacet
facet normal -0.9141953311144401 0.4052738537934065 0.0
outer loop
vertex -31.64 14.964 0.0
vertex -32.336 13.394 0.0
vertex -31.64 14.964 3.0
endloop
endfacet
facet normal -0.9141953311144401 0.4052738537934065 0.0
outer loop
vertex -31.64 14.964 3.0
vertex -32.336 13.394 0.0
vertex -32.336 13.394 3.0
endloop
endfacet
facet normal 0.0 0.0 1.0
outer loop
vertex -31.64 14.964 3.0
vertex -32.336 13.394 3.0
vertex -27.156 12.844 3.0
endloop
endfacet
facet normal 0.0 0.0 1.0
outer loop
vertex -27.156 12.844 3.0
vertex -32.336 13.394 3.0
vertex -27.753 11.496 3.0
endloop
endfacet
facet normal -0.91434221422311 0.4049423604534112 0.0
outer loop
vertex -27.156 12.844 3.0
vertex -27.753 11.496 3.0
vertex -27.156 12.844 52.0
endloop
endfacet
facet normal -0.91434221422311 0.4049423604534112 0.0
outer loop
vertex -27.156 12.844 52.0
vertex -27.753 11.496 3.0
vertex -27.753 11.496 52.0
endloop
endfacet
facet normal -0.6465761497274611 0.28635457076208864 0.7070645956397985
outer loop
vertex -27.156 12.844 52.0
vertex -27.753 11.496 52.0
vertex -26.252 12.416 53.0
endloop
endfacet
facet normal -0.6465679153068591 0.28631595328630743 0.7070877638521935
outer loop
vertex -26.252 12.416 53.0
vertex -27.753 11.496 52.0
vertex -26.829 11.113 53.0
endloop
endfacet
facet normal 0.0 0.0 1.0
outer loop
vertex -26.252 12.416 53.0
vertex -26.829 11.113 53.0
vertex -19.635 9.286 53.0
endloop
endfacet
facet normal 0.0 0.0 0.9999999999999999
outer loop
vertex -19.635 9.286 53.0
vertex -26.829 11.113 53.0
vertex -20.067 8.312 53.0
endloop
endfacet
facet normal 0.9141208987483042 -0.40544171279185426 0.0
outer loop
vertex -19.635 9.286 53.0
vertex -20.067 8.312 53.0
vertex -19.635 9.286 1.0
endloop
endfacet
facet normal 0.9141208987483042 -0.40544171279185426 0.0
outer loop
vertex -19.635 9.286 1.0
vertex -20.067 8.312 53.0
vertex -20.067 8.312 1.0
endloop
endfacet
facet normal 0.9117467157244585 -0.40438868705643194 -0.07202580194929355
outer loop
vertex -19.635 9.286 1.0
vertex -20.067 8.312 1.0
vertex -19.644 9.291 0.858
endloop
endfacet
facet normal 0.9120837985097208 -0.40412328303200157 -0.06919188252617142
outer loop
vertex -19.644 9.291 0.858
vertex -20.067 8.312 1.0
vertex -20.076 8.316 0.858
endloop
endfacet
facet normal 0.8940434927349314 -0.39613003985794104 -0.20920617729998017
outer loop
vertex -19.644 9.291 0.858
vertex -20.076 8.316 0.858
vertex -19.671 9.304 0.718
endloop
endfacet
facet normal 0.8938688882143424 -0.39615683582068584 -0.20990038617162612
outer loop
vertex -19.671 9.304 0.718
vertex -20.076 8.316 0.858
vertex -20.104 8.327 0.718
endloop
endfacet
facet normal 0.8565019905213502 -0.3795960715411918 -0.3497301283896755
outer loop
vertex -19.671 9.304 0.718
vertex -20.104 8.327 0.718
vertex -19.716 9.325 0.585
endloop
endfacet
facet normal 0.8562461301819303 -0.3795820434105781 -0.35037128430954356
outer loop
vertex -19.716 9.325 0.585
vertex -20.104 8.327 0.718
vertex -20.15 8.346 0.585
endloop
endfacet
facet normal 0.8033561098284587 -0.3561353949597031 -0.47726988304122153
outer loop
vertex -19.716 9.325 0.585
vertex -20.15 8.346 0.585
vertex -19.778 9.354 0.459
endloop
endfacet
facet normal 0.8030447003530029 -0.35609015764888696 -0.47782738395841906
outer loop
vertex -19.778 9.354 0.459
vertex -20.15 8.346 0.585
vertex -20.213 8.373 0.459
endloop
endfacet
facet normal 0.7316692528530223 -0.32444049438436945 -0.5994985154553146
outer loop
vertex -19.778 9.354 0.459
vertex -20.213 8.373 0.459
vertex -19.855 9.391 0.345
endloop
endfacet
facet normal 0.7323387453260137 -0.3245760970663982 -0.5986069823410548
outer loop
vertex -19.855 9.391 0.345
vertex -20.213 8.373 0.459
vertex -20.292 8.405 0.345
endloop
endfacet
facet normal 0.6447572896041045 -0.2857595695304201 -0.7089636844889573
outer loop
vertex -19.855 9.391 0.345
vertex -20.292 8.405 0.345
vertex -19.947 9.434 0.244
endloop
endfacet
facet normal 0.6440414406008651 -0.2855900933573538 -0.7096822678952182
outer loop
vertex -19.947 9.434 0.244
vertex -20.292 8.405 0.345
vertex -20.386 8.444 0.244
endloop
endfacet
facet normal 0.5463688016606283 -0.24227869083739012 -0.8017369696715059
outer loop
vertex -19.947 9.434 0.244
vertex -20.386 8.444 0.244
vertex -20.05 9.483 0.159
endloop
endfacet
facet normal 0.5470237075692462 -0.24244970355581585 -0.8012385441320786
outer loop
vertex -20.05 9.483 0.159
vertex -20.386 8.444 0.244
vertex -20.491 8.488 0.159
endloop
endfacet
facet normal 0.4423995343741641 -0.19607858759699065 -0.8751204714046473
outer loop
vertex -20.05 9.483 0.159
vertex -20.491 8.488 0.159
vertex -20.163 9.536 0.09
endloop
endfacet
facet normal 0.44033848091736894 -0.1955102855273114 -0.8762863404597913
outer loop
vertex -20.163 9.536 0.09
vertex -20.491 8.488 0.159
vertex -20.607 8.536 0.09
endloop
endfacet
facet normal 0.31362305594972706 -0.13924863684167854 -0.9392818511578347
outer loop
vertex -20.163 9.536 0.09
vertex -20.607 8.536 0.09
vertex -20.284 9.594 0.041
endloop
endfacet
facet normal 0.3158477361145992 -0.13988886822950525 -0.9384408943224664
outer loop
vertex -20.284 9.594 0.041
vertex -20.607 8.536 0.09
vertex -20.73 8.587 0.041
endloop
endfacet
facet normal 0.19889220226758947 -0.08808929713142526 -0.9760543876280868
outer loop
vertex -20.284 9.594 0.041
vertex -20.73 8.587 0.041
vertex -20.41 9.653 0.01
endloop
endfacet
facet normal 0.1984429775644269 -0.0879574500754472 -0.9761577083809714
outer loop
vertex -20.41 9.653 0.01
vertex -20.73 8.587 0.041
vertex -20.859 8.64 0.01
endloop
endfacet
facet normal 0.0639302675143571 -0.028336317980203796 -0.9975519906144579
outer loop
vertex -20.41 9.653 0.01
vertex -20.859 8.64 0.01
vertex -20.539 9.714 0.0
endloop
endfacet
facet normal 0.0637842139757297 -0.028292899624170465 -0.9975625724125554
outer loop
vertex -20.539 9.714 0.0
vertex -20.859 8.64 0.01
vertex -20.991 8.695 0.0
endloop
endfacet
facet normal -0.0 0.0 -1.0
outer loop
vertex -20.991 8.695 0.0
vertex -21.392 7.654 0.0
vertex -32.336 13.394 0.0
endloop
endfacet
facet normal -0.0 -0.0 -0.9999999999999999
outer loop
vertex -32.336 13.394 0.0
vertex -21.392 7.654 0.0
vertex -32.954 11.791 0.0
endloop
endfacet
facet normal -0.9330602770744716 0.3597200569133035 0.0
outer loop
vertex -32.336 13.394 0.0
vertex -32.954 11.791 0.0
vertex -32.336 13.394 3.0
endloop
endfacet
facet normal -0.9330602770744716 0.3597200569133035 0.0
outer loop
vertex -32.336 13.394 3.0
vertex -32.954 11.791 0.0
vertex -32.954 11.791 3.0
endloop
endfacet
facet normal 0.0 0.0 0.9999999999999999
outer loop
vertex -32.336 13.394 3.0
vertex -32.954 11.791 3.0
vertex -27.753 11.496 3.0
endloop
endfacet
facet normal 0.0 0.0 1.0
outer loop
vertex -27.753 11.496 3.0
vertex -32.954 11.791 3.0
vertex -28.284 10.12 3.0
endloop
endfacet
facet normal -0.9329431074995648 0.3600238300016477 0.0
outer loop
vertex -27.753 11.496 3.0
vertex -28.284 10.12 3.0
vertex -27.753 11.496 52.0
endloop
endfacet
facet normal -0.9329431074995648 0.3600238300016477 0.0
outer loop
vertex -27.753 11.496 52.0
vertex -28.284 10.12 3.0
vertex -28.284 10.12 52.0
endloop
endfacet
facet normal -0.6597139629231114 0.2545843854012871 0.7070815213496479
outer loop
vertex -27.753 11.496 52.0
vertex -28.284 10.12 52.0
vertex -26.829 11.113 53.0
endloop
endfacet
facet normal -0.6596775555441768 0.25444705713846727 0.7071649155782781
outer loop
vertex -26.829 11.113 53.0
vertex -28.284 10.12 52.0
vertex -27.342 9.783 53.0
endloop
endfacet
facet normal 0.0 0.0 1.0
outer loop
vertex -26.829 11.113 53.0
vertex -27.342 9.783 53.0
vertex -20.067 8.312 53.0
endloop
endfacet
facet normal 0.0 0.0 0.9999999999999999
outer loop
vertex -20.067 8.312 53.0
vertex -27.342 9.783 53.0
vertex -20.45 7.317 53.0
endloop
endfacet
facet normal 0.933248877645648 -0.3592304725007866 0.0
outer loop
vertex -20.067 8.312 53.0
vertex -20.45 7.317 53.0
vertex -20.067 8.312 1.0
endloop
endfacet
facet normal 0.933248877645648 -0.3592304725007866 0.0
outer loop
vertex -20.067 8.312 1.0
vertex -20.45 7.317 53.0
vertex -20.45 7.317 1.0
endloop
endfacet
facet normal 0.9310179643847104 -0.3583717390546166 -0.06910315940620858
outer loop
vertex -20.067 8.312 1.0
vertex -20.45 7.317 1.0
vertex -20.076 8.316 0.858
endloop
endfacet
facet normal 0.9302625950248401 -0.3590159160698879 -0.07562457475020597
outer loop
vertex -20.076 8.316 0.858
vertex -20.45 7.317 1.0
vertex -20.46 7.321 0.858
endloop
endfacet
facet normal 0.9121147961848542 -0.35201214244722007 -0.21008105614352776
outer loop
vertex -20.076 8.316 0.858
vertex -20.46 7.321 0.858
vertex -20.104 8.327 0.718
endloop
endfacet
facet normal 0.9127124976304025 -0.3518891557129268 -0.20767743921985413
outer loop
vertex -20.104 8.327 0.718
vertex -20.46 7.321 0.858
vertex -20.488 7.331 0.718
endloop
endfacet
facet normal 0.873905097015866 -0.33692726631937053 -0.3503853573142658
outer loop
vertex -20.104 8.327 0.718
vertex -20.488 7.331 0.718
vertex -20.15 8.346 0.585
endloop
endfacet
facet normal 0.8733770960863046 -0.3369240300533352 -0.3517024964433335
outer loop
vertex -20.15 8.346 0.585
vertex -20.488 7.331 0.718
vertex -20.535 7.348 0.585
endloop
endfacet
facet normal 0.8196945538204615 -0.31621483288665225 -0.4776075982430986
outer loop
vertex -20.15 8.346 0.585
vertex -20.535 7.348 0.585
vertex -20.213 8.373 0.459
endloop
endfacet
facet normal 0.8184064592846348 -0.3160911175081381 -0.4798929806046801
outer loop
vertex -20.213 8.373 0.459
vertex -20.535 7.348 0.585
vertex -20.6 7.371 0.459
endloop
endfacet
facet normal 0.7471410530258787 -0.28856645461179214 -0.5987567520756335
outer loop
vertex -20.213 8.373 0.459
vertex -20.6 7.371 0.459
vertex -20.292 8.405 0.345
endloop
endfacet
facet normal 0.7476452322780376 -0.2886431344516194 -0.5980900831696372
outer loop
vertex -20.292 8.405 0.345
vertex -20.6 7.371 0.459
vertex -20.68 7.4 0.345
endloop
endfacet
facet normal 0.6572476103109486 -0.2537433560205444 -0.70967590350524
outer loop
vertex -20.292 8.405 0.345
vertex -20.68 7.4 0.345
vertex -20.386 8.444 0.244
endloop
endfacet
facet normal 0.6602752946037986 -0.25430404910977933 -0.7066583233375503
outer loop
vertex -20.386 8.444 0.244
vertex -20.68 7.4 0.345
vertex -20.775 7.434 0.244
endloop
endfacet
facet normal 0.5584411051700757 -0.21508276228827616 -0.8011759715710833
outer loop
vertex -20.386 8.444 0.244
vertex -20.775 7.434 0.244
vertex -20.491 8.488 0.159
endloop
endfacet
facet normal 0.556300433123473 -0.21463560018149735 -0.8027835245203807
outer loop
vertex -20.491 8.488 0.159
vertex -20.775 7.434 0.244
vertex -20.883 7.472 0.159
endloop
endfacet
facet normal 0.44948250980092647 -0.1734223856712235 -0.8762934152047255
outer loop
vertex -20.491 8.488 0.159
vertex -20.883 7.472 0.159
vertex -20.607 8.536 0.09
endloop
endfacet
facet normal 0.450336045890845 -0.17361291788746955 -0.8758173328462947
outer loop
vertex -20.607 8.536 0.09
vertex -20.883 7.472 0.159
vertex -21.001 7.514 0.09
endloop
endfacet
facet normal 0.3223256191258202 -0.12426251852795875 -0.9384375428041257
outer loop
vertex -20.607 8.536 0.09
vertex -21.001 7.514 0.09
vertex -20.73 8.587 0.041
endloop
endfacet
facet normal 0.32089639751867893 -0.12392594339972285 -0.9389717049049044
outer loop
vertex -20.73 8.587 0.041
vertex -21.001 7.514 0.09
vertex -21.127 7.559 0.041
endloop
endfacet
facet normal 0.20245886257744358 -0.07818693428331208 -0.9761645415969711
outer loop
vertex -20.73 8.587 0.041
vertex -21.127 7.559 0.041
vertex -20.859 8.64 0.01
endloop
endfacet
facet normal 0.2028886571874269 -0.07829069073286533 -0.9760669856773424
outer loop
vertex -20.859 8.64 0.01
vertex -21.127 7.559 0.041
vertex -21.258 7.606 0.01
endloop
endfacet
facet normal 0.06510507461479205 -0.025122751229498873 -0.9975621166774844
outer loop
vertex -20.859 8.64 0.01
vertex -21.258 7.606 0.01
vertex -20.991 8.695 0.0
endloop
endfacet
facet normal 0.06541677278494291 -0.025198968190933802 -0.9975398026347198
outer loop
vertex -20.991 8.695 0.0
vertex -21.258 7.606 0.01
vertex -21.392 7.654 0.0
endloop
endfacet
facet normal -0.0 0.0 -1.0
outer loop
vertex -21.392 7.654 0.0
vertex -21.742 6.595 0.0
vertex -32.954 11.791 0.0
endloop
endfacet
facet normal -0.0 -0.0 -1.0
outer loop
vertex -32.954 11.791 0.0
vertex -21.742 6.595 0.0
vertex -33.493 10.16 0.0
endloop
endfacet
facet normal -0.94949516452424 0.3137816638127325 0.0
outer loop
vertex -32.954 11.791 0.0
vertex -33.493 10.16 0.0
vertex -32.954 11.791 3.0
endloop
endfacet
facet normal -0.94949516452424 0.3137816638127325 0.0
outer loop
vertex -32.954 11.791 3.0
vertex -33.493 10.16 0.0
vertex -33.493 10.16 3.0
endloop
endfacet
facet normal 0.0 0.0 1.0
outer loop
vertex -32.954 11.791 3.0
vertex -33.493 10.16 3.0
vertex -28.284 10.12 3.0
endloop
endfacet
facet normal 0.0 0.0 1.0
outer loop
vertex -28.284 10.12 3.0
vertex -33.493 10.16 3.0
vertex -28.746 8.72 3.0
endloop
endfacet
facet normal -0.9496286491027328 0.31337745420390195 0.0
outer loop
vertex -28.284 10.12 3.0
vertex -28.746 8.72 3.0
vertex -28.284 10.12 52.0
endloop
endfacet
facet normal -0.9496286491027328 0.31337745420390195 0.0
outer loop
vertex -28.284 10.12 52.0
vertex -28.746 8.72 3.0
vertex -28.746 8.72 52.0
endloop
endfacet
facet normal -0.6714356810960511 0.22157377476169696 0.7071627736871721
outer loop
vertex -28.284 10.12 52.0
vertex -28.746 8.72 52.0
vertex -27.342 9.783 53.0
endloop
endfacet
facet normal -0.6717021723777975 0.22241136232465158 0.7066465718673233
outer loop
vertex -27.342 9.783 53.0
vertex -28.746 8.72 52.0
vertex -27.79 8.43 53.0
endloop
endfacet
facet normal 0.0 0.0 1.0
outer loop
vertex -27.342 9.783 53.0
vertex -27.79 8.43 53.0
vertex -20.45 7.317 53.0
endloop
endfacet
facet normal 0.0 0.0 1.0
outer loop
vertex -20.45 7.317 53.0
vertex -27.79 8.43 53.0
vertex -20.785 6.305 53.0
endloop
endfacet
facet normal 0.9493379093534396 -0.3142571142622559 0.0
outer loop
vertex -20.45 7.317 53.0
vertex -20.785 6.305 53.0
vertex -20.45 7.317 1.0
endloop
endfacet
facet normal 0.9493379093534396 -0.3142571142622559 0.0
outer loop
vertex -20.45 7.317 1.0
vertex -20.785 6.305 53.0
vertex -20.785 6.305 1.0
endloop
endfacet
facet normal 0.9466289530911384 -0.3133603747880751 -0.0754910635920074
outer loop
vertex -20.45 7.317 1.0
vertex -20.785 6.305 1.0
vertex -20.46 7.321 0.858
endloop
endfacet
facet normal 0.9475971515264446 -0.31243578342530326 -0.06665973038038217
outer loop
vertex -20.46 7.321 0.858
vertex -20.785 6.305 1.0
vertex -20.794 6.308 0.858
endloop
endfacet
facet normal 0.9290029363256846 -0.30630501553087697 -0.20767951694590667
outer loop
vertex -20.46 7.321 0.858
vertex -20.794 6.308 0.858
vertex -20.488 7.331 0.718
endloop
endfacet
facet normal 0.9263622297233454 -0.30696026547045946 -0.2182393520066832
outer loop
vertex -20.488 7.331 0.718
vertex -20.794 6.308 0.858
vertex -20.824 6.317 0.718
endloop
endfacet
facet normal 0.8886138657019019 -0.29445193183021773 -0.35165815435416137
outer loop
vertex -20.488 7.331 0.718
vertex -20.824 6.317 0.718
vertex -20.535 7.348 0.585
endloop
endfacet
facet normal 0.8909337580436606 -0.294349796167816 -0.34582544191277376
outer loop
vertex -20.535 7.348 0.585
vertex -20.824 6.317 0.718
vertex -20.871 6.331 0.585
endloop
endfacet
facet normal 0.8330042697387974 -0.27521085017918867 -0.47996132608844777
outer loop
vertex -20.535 7.348 0.585
vertex -20.871 6.331 0.585
vertex -20.6 7.371 0.459
endloop
endfacet
facet normal 0.8329787627558783 -0.27520965004777515 -0.4800062804987736
outer loop
vertex -20.6 7.371 0.459
vertex -20.871 6.331 0.585
vertex -20.937 6.351 0.459
endloop
endfacet
facet normal 0.7610246505473842 -0.25143657572006683 -0.5980143222778186
outer loop
vertex -20.6 7.371 0.459
vertex -20.937 6.351 0.459
vertex -20.68 7.4 0.345
endloop
endfacet
facet normal 0.7620714885578365 -0.25154312805913037 -0.5966348138128307
outer loop
vertex -20.68 7.4 0.345
vertex -20.937 6.351 0.459
vertex -21.018 6.376 0.345
endloop
endfacet
facet normal 0.671906410534012 -0.2217816081645476 -0.7066503334487622
outer loop
vertex -20.68 7.4 0.345
vertex -21.018 6.376 0.345
vertex -20.775 7.434 0.244
endloop
endfacet
facet normal 0.6707380943279617 -0.2216238601278007 -0.7078087831041286
outer loop
vertex -20.775 7.434 0.244
vertex -21.018 6.376 0.345
vertex -21.115 6.405 0.244
endloop
endfacet
facet normal 0.5660692566759745 -0.18703940453822282 -0.8028585540406832
outer loop
vertex -20.775 7.434 0.244
vertex -21.115 6.405 0.244
vertex -20.883 7.472 0.159
endloop
endfacet
facet normal 0.5681493647577306 -0.18736840752648606 -0.8013110377290305
outer loop
vertex -20.883 7.472 0.159
vertex -21.115 6.405 0.244
vertex -21.224 6.438 0.159
endloop
endfacet
facet normal 0.45833764394921356 -0.1511539038555921 -0.8758305209846813
outer loop
vertex -20.883 7.472 0.159
vertex -21.224 6.438 0.159
vertex -21.001 7.514 0.09
endloop
endfacet
facet normal 0.45735926573649793 -0.15098578262523454 -0.8763708093552735
outer loop
vertex -21.001 7.514 0.09
vertex -21.224 6.438 0.159
vertex -21.344 6.475 0.09
endloop
endfacet
facet normal 0.32664506648763003 -0.10783374187223967 -0.938975444116151
outer loop
vertex -21.001 7.514 0.09
vertex -21.344 6.475 0.09
vertex -21.127 7.559 0.041
endloop
endfacet
facet normal 0.32730845764549027 -0.10795546643183068 -0.9387304143475997
outer loop
vertex -21.127 7.559 0.041
vertex -21.344 6.475 0.09
vertex -21.472 6.513 0.041
endloop
endfacet
facet normal 0.20653657116995985 -0.06812152681992029 -0.9760645994774522
outer loop
vertex -21.127 7.559 0.041
vertex -21.472 6.513 0.041
vertex -21.258 7.606 0.01
endloop
endfacet
facet normal 0.20650716729066354 -0.06811595727173056 -0.9760712096064208
outer loop
vertex -21.258 7.606 0.01
vertex -21.472 6.513 0.041
vertex -21.605 6.554 0.01
endloop
endfacet
facet normal 0.06657689596028722 -0.021960249903250722 -0.9975396054034544
outer loop
vertex -21.258 7.606 0.01
vertex -21.605 6.554 0.01
vertex -21.392 7.654 0.0
endloop
endfacet
facet normal 0.06626094594109465 -0.021899273918208895 -0.997561982457655
outer loop
vertex -21.392 7.654 0.0
vertex -21.605 6.554 0.01
vertex -21.742 6.595 0.0
endloop
endfacet
facet normal -0.0 0.0 -1.0
outer loop
vertex -21.742 6.595 0.0
vertex -22.039 5.521 0.0
vertex -33.493 10.16 0.0
endloop
endfacet
facet normal -0.0 -0.0 -0.9999999999999999
outer loop
vertex -33.493 10.16 0.0
vertex -22.039 5.521 0.0
vertex -33.951 8.504 0.0
endloop
endfacet
facet normal -0.9638174834783934 0.2665630479668493 0.0
outer loop
vertex -33.493 10.16 0.0
vertex -33.951 8.504 0.0
vertex -33.493 10.16 3.0
endloop
endfacet
facet normal -0.9638174834783934 0.2665630479668493 0.0
outer loop
vertex -33.493 10.16 3.0
vertex -33.951 8.504 0.0
vertex -33.951 8.504 3.0
endloop
endfacet
facet normal -0.0 0.0 1.0
outer loop
vertex -33.493 10.16 3.0
vertex -33.951 8.504 3.0
vertex -28.746 8.72 3.0
endloop
endfacet
facet normal 0.0 0.0 1.0
outer loop
vertex -28.746 8.72 3.0
vertex -33.951 8.504 3.0
vertex -29.14 7.299 3.0
endloop
endfacet
facet normal -0.9636441044307671 0.26718914647834197 0.0
outer loop
vertex -28.746 8.72 3.0
vertex -29.14 7.299 3.0
vertex -28.746 8.72 52.0
endloop
endfacet
facet normal -0.9636441044307671 0.26718914647834197 0.0
outer loop
vertex -28.746 8.72 52.0
vertex -29.14 7.299 3.0
vertex -29.14 7.299 52.0
endloop
endfacet
facet normal -0.6818325784483678 0.18905139754303882 0.7066568502841207
outer loop
vertex -28.746 8.72 52.0
vertex -29.14 7.299 52.0
vertex -27.79 8.43 53.0
endloop
endfacet
facet normal -0.6816325702672315 0.18851555800695036 0.7069928737549027
outer loop
vertex -27.79 8.43 53.0
vertex -29.14 7.299 52.0
vertex -28.17 7.056 53.0
endloop
endfacet
facet normal 0.0 0.0 1.0
outer loop
vertex -27.79 8.43 53.0
vertex -28.17 7.056 53.0
vertex -20.785 6.305 53.0
endloop
endfacet
facet normal 0.0 0.0 1.0
outer loop
vertex -20.785 6.305 53.0
vertex -28.17 7.056 53.0
vertex -21.069 5.278 53.0
endloop
endfacet
facet normal 0.9638265101561043 -0.2665304078717941 0.0
outer loop
vertex -20.785 6.305 53.0
vertex -21.069 5.278 53.0
vertex -20.785 6.305 1.0
endloop
endfacet
facet normal 0.9638265101561043 -0.2665304078717941 0.0
outer loop
vertex -20.785 6.305 1.0
vertex -21.069 5.278 53.0
vertex -21.069 5.278 1.0
endloop
endfacet
facet normal 0.9616884755720227 -0.2659391694863226 -0.06657051963808101
outer loop
vertex -20.785 6.305 1.0
vertex -21.069 5.278 1.0
vertex -20.794 6.308 0.858
endloop
endfacet
facet normal 0.9611896776419178 -0.2664776830038392 -0.07144262072132772
outer loop
vertex -20.794 6.308 0.858
vertex -21.069 5.278 1.0
vertex -21.079 5.28 0.858
endloop
endfacet
facet normal 0.9404151883218353 -0.2607182185522601 -0.21827799726161815
outer loop
vertex -20.794 6.308 0.858
vertex -21.079 5.28 0.858
vertex -20.824 6.317 0.718
endloop
endfacet
facet normal 0.9428778717733305 -0.2599779762947813 -0.20830931511064202
outer loop
vertex -20.824 6.317 0.718
vertex -21.079 5.28 0.858
vertex -21.108 5.287 0.718
endloop
endfacet
facet normal 0.9045195026112388 -0.2494014939238746 -0.3458950190801491
outer loop
vertex -20.824 6.317 0.718
vertex -21.108 5.287 0.718
vertex -20.871 6.331 0.585
endloop
endfacet
facet normal 0.9010890261136181 -0.24972040839970547 -0.35451133218318354
outer loop
vertex -20.871 6.331 0.585
vertex -21.108 5.287 0.718
vertex -21.157 5.299 0.585
endloop
endfacet
facet normal 0.8453966212152032 -0.23428627293367177 -0.4800150988799911
outer loop
vertex -20.871 6.331 0.585
vertex -21.157 5.299 0.585
vertex -20.937 6.351 0.459
endloop
endfacet
facet normal 0.8478286463384633 -0.2342792201476315 -0.47570982064164546
outer loop
vertex -20.937 6.351 0.459
vertex -21.157 5.299 0.585
vertex -21.223 5.316 0.459
endloop
endfacet
facet normal 0.7735938055761492 -0.21376601777273135 -0.5965372692630355
outer loop
vertex -20.937 6.351 0.459
vertex -21.223 5.316 0.459
vertex -21.018 6.376 0.345
endloop
endfacet
facet normal 0.7706274074317881 -0.21360990696858043 -0.6004200251156148
outer loop
vertex -21.018 6.376 0.345
vertex -21.223 5.316 0.459
vertex -21.306 5.337 0.345
endloop
endfacet
facet normal 0.6806654648981721 -0.18867339161758773 -0.7078819648715962
outer loop
vertex -21.018 6.376 0.345
vertex -21.306 5.337 0.345
vertex -21.115 6.405 0.244
endloop
endfacet
facet normal 0.6819812087488225 -0.18878598594675344 -0.706584377426792
outer loop
vertex -21.115 6.405 0.244
vertex -21.306 5.337 0.345
vertex -21.404 5.361 0.244
endloop
endfacet
facet normal 0.5765589476933778 -0.15960300371971933 -0.80131558142741
outer loop
vertex -21.115 6.405 0.244
vertex -21.404 5.361 0.244
vertex -21.224 6.438 0.159
endloop
endfacet
facet normal 0.5745513642889568 -0.15938460153297113 -0.8027996503411511
outer loop
vertex -21.224 6.438 0.159
vertex -21.404 5.361 0.244
vertex -21.515 5.389 0.159
endloop
endfacet
facet normal 0.4641851158300938 -0.12876822564972118 -0.876328090560165
outer loop
vertex -21.224 6.438 0.159
vertex -21.515 5.389 0.159
vertex -21.344 6.475 0.09
endloop
endfacet
facet normal 0.46608090079615255 -0.12900059055210966 -0.8752870623688288
outer loop
vertex -21.344 6.475 0.09
vertex -21.515 5.389 0.159
vertex -21.636 5.42 0.09
endloop
endfacet
facet normal 0.332082920730539 -0.09191299796522916 -0.9387613831875053
outer loop
vertex -21.344 6.475 0.09
vertex -21.636 5.42 0.09
vertex -21.472 6.513 0.041
endloop
endfacet
facet normal 0.3313426646680078 -0.0918140842718127 -0.9390325939497693
outer loop
vertex -21.472 6.513 0.041
vertex -21.636 5.42 0.09
vertex -21.766 5.452 0.041
endloop
endfacet
facet normal 0.20959882591296894 -0.05807922226052049 -0.9760610309389048
outer loop
vertex -21.472 6.513 0.041
vertex -21.766 5.452 0.041
vertex -21.605 6.554 0.01
endloop
endfacet
facet normal 0.20951262342585245 -0.05806716903937467 -0.9760802551557785
outer loop
vertex -21.605 6.554 0.01
vertex -21.766 5.452 0.041
vertex -21.901 5.486 0.01
endloop
endfacet
facet normal 0.0672378518248503 -0.018635209869059585 -0.9975629304635951
outer loop
vertex -21.605 6.554 0.01
vertex -21.901 5.486 0.01
vertex -21.742 6.595 0.0
endloop
endfacet
facet normal 0.06754803958509978 -0.01867948580705277 -0.9975411465990733
outer loop
vertex -21.742 6.595 0.0
vertex -21.901 5.486 0.01
vertex -22.039 5.521 0.0
endloop
endfacet
facet normal -0.0 0.0 -1.0
outer loop
vertex -22.039 5.521 0.0
vertex -22.283 4.432 0.0
vertex -33.951 8.504 0.0
endloop
endfacet
facet normal -0.0 -0.0 -1.0
outer loop
vertex -33.951 8.504 0.0
vertex -22.283 4.432 0.0
vertex -34.327 6.828 0.0
endloop
endfacet
facet normal -0.9757467140187474 0.21890260409966997 0.0
outer loop
vertex -33.951 8.504 0.0
vertex -34.327 6.828 0.0
vertex -33.951 8.504 3.0
endloop
endfacet
facet normal -0.9757467140187474 0.21890260409966997 0.0
outer loop
vertex -33.951 8.504 3.0
vertex -34.327 6.828 0.0
vertex -34.327 6.828 3.0
endloop
endfacet
facet normal -0.0 0.0 1.0
outer loop
vertex -33.951 8.504 3.0
vertex -34.327 6.828 3.0
vertex -29.14 7.299 3.0
endloop
endfacet
facet normal 0.0 0.0 1.0
outer loop
vertex -29.14 7.299 3.0
vertex -34.327 6.828 3.0
vertex -29.463 5.861 3.0
endloop
endfacet
facet normal -0.9756896104808593 0.2191569848298455 0.0
outer loop
vertex -29.14 7.299 3.0
vertex -29.463 5.861 3.0
vertex -29.14 7.299 52.0
endloop
endfacet
facet normal -0.9756896104808593 0.2191569848298455 0.0
outer loop
vertex -29.14 7.299 52.0
vertex -29.463 5.861 3.0
vertex -29.463 5.861 52.0
endloop
endfacet
facet normal -0.690029181524943 0.15499264647604782 0.7069915191728737
outer loop
vertex -29.14 7.299 52.0
vertex -29.463 5.861 52.0
vertex -28.17 7.056 53.0
endloop
endfacet
facet normal -0.6899245602940929 0.15474943408465516 0.7071468827290986
outer loop
vertex -28.17 7.056 53.0
vertex -29.463 5.861 52.0
vertex -28.482 5.665 53.0
endloop
endfacet
facet normal 0.0 0.0 0.9999999999999999
outer loop
vertex -28.17 7.056 53.0
vertex -28.482 5.665 53.0
vertex -21.069 5.278 53.0
endloop
endfacet
facet normal 0.0 0.0 1.0
outer loop
vertex -21.069 5.278 53.0
vertex -28.482 5.665 53.0
vertex -21.303 4.237 53.0
endloop
endfacet
facet normal 0.9756548963731482 -0.21931147526543562 0.0
outer loop
vertex -21.069 5.278 53.0
vertex -21.303 4.237 53.0
vertex -21.069 5.278 1.0
endloop
endfacet
facet normal 0.9756548963731482 -0.21931147526543562 0.0
outer loop
vertex -21.069 5.278 1.0
vertex -21.303 4.237 53.0
vertex -21.303 4.237 1.0
endloop
endfacet
facet normal 0.9731499203314903 -0.21874839707739724 -0.0716126478695166
outer loop
vertex -21.069 5.278 1.0
vertex -21.303 4.237 1.0
vertex -21.079 5.28 0.858
endloop
endfacet
facet normal 0.9731499203314928 -0.21874839707739435 -0.07161264786949108
outer loop
vertex -21.079 5.28 0.858
vertex -21.303 4.237 1.0
vertex -21.313 4.239 0.858
endloop
endfacet
facet normal 0.9542356144573136 -0.21449676636216103 -0.20838792988426494
outer loop
vertex -21.079 5.28 0.858
vertex -21.313 4.239 0.858
vertex -21.108 5.287 0.718
endloop
endfacet
facet normal 0.954583202960197 -0.21436897264173171 -0.2069223337264005
outer loop
vertex -21.108 5.287 0.718
vertex -21.313 4.239 0.858
vertex -21.342 4.245 0.718
endloop
endfacet
facet normal 0.9122989455866087 -0.20487327568835398 -0.3545949446767194
outer loop
vertex -21.108 5.287 0.718
vertex -21.342 4.245 0.718
vertex -21.157 5.299 0.585
endloop
endfacet
facet normal 0.9133758977090667 -0.2047221839692719 -0.3518995550935073
outer loop
vertex -21.157 5.299 0.585
vertex -21.342 4.245 0.718
vertex -21.391 4.255 0.585
endloop
endfacet
facet normal 0.8583739657718517 -0.1923941647419652 -0.4755824011234495
outer loop
vertex -21.157 5.299 0.585
vertex -21.391 4.255 0.585
vertex -21.223 5.316 0.459
endloop
endfacet
facet normal 0.8580686510776244 -0.19241043225500118 -0.476126470170762
outer loop
vertex -21.223 5.316 0.459
vertex -21.391 4.255 0.585
vertex -21.458 4.268 0.459
endloop
endfacet
facet normal 0.7803401357935479 -0.17498085106057568 -0.6003756942380529
outer loop
vertex -21.223 5.316 0.459
vertex -21.458 4.268 0.459
vertex -21.306 5.337 0.345
endloop
endfacet
facet normal 0.7799939027899397 -0.17497962077797183 -0.6008258016454646
outer loop
vertex -21.306 5.337 0.345
vertex -21.458 4.268 0.459
vertex -21.542 4.285 0.345
endloop
endfacet
facet normal 0.6903793098347579 -0.15487596684506025 -0.7066752036444259
outer loop
vertex -21.306 5.337 0.345
vertex -21.542 4.285 0.345
vertex -21.404 5.361 0.244
endloop
endfacet
facet normal 0.6900233875794247 -0.1548632034624266 -0.7070255390060318
outer loop
vertex -21.404 5.361 0.244
vertex -21.542 4.285 0.345
vertex -21.641 4.305 0.244
endloop
endfacet
facet normal 0.5818032596822581 -0.13057516339459677 -0.8027796047032919
outer loop
vertex -21.404 5.361 0.244
vertex -21.641 4.305 0.244
vertex -21.515 5.389 0.159
endloop
endfacet
facet normal 0.5829503229545333 -0.13064235109527175 -0.8019360928824099
outer loop
vertex -21.515 5.389 0.159
vertex -21.641 4.305 0.244
vertex -21.753 4.327 0.159
endloop
endfacet
facet normal 0.47199844053670137 -0.1057774282935355 -0.8752306026382578
outer loop
vertex -21.515 5.389 0.159
vertex -21.753 4.327 0.159
vertex -21.636 5.42 0.09
endloop
endfacet
facet normal 0.4707457257467474 -0.10568659885801714 -0.8759159802817806
outer loop
vertex -21.636 5.42 0.09
vertex -21.753 4.327 0.159
vertex -21.876 4.351 0.09
endloop
endfacet
facet normal 0.3354154910991301 -0.07530375852553031 -0.9390557982796646
outer loop
vertex -21.636 5.42 0.09
vertex -21.876 4.351 0.09
vertex -21.766 5.452 0.041
endloop
endfacet
facet normal 0.33618624663163865 -0.07536826552393115 -0.9387749635176926
outer loop
vertex -21.766 5.452 0.041
vertex -21.876 4.351 0.09
vertex -22.007 4.377 0.041
endloop
endfacet
facet normal 0.21215751068451388 -0.047562753558110245 -0.9760773407543691
outer loop
vertex -21.766 5.452 0.041
vertex -22.007 4.377 0.041
vertex -21.901 5.486 0.01
endloop
endfacet
facet normal 0.21120822005884574 -0.04747788850536468 -0.9762873234261757
outer loop
vertex -21.901 5.486 0.01
vertex -22.007 4.377 0.041
vertex -22.144 4.405 0.01
endloop
endfacet
facet normal 0.06838665066201119 -0.01537276235973046 -0.9975404473948228
outer loop
vertex -21.901 5.486 0.01
vertex -22.144 4.405 0.01
vertex -22.039 5.521 0.0
endloop
endfacet
facet normal 0.06877051674494505 -0.015408637360667202 -0.9975135036285576
outer loop
vertex -22.039 5.521 0.0
vertex -22.144 4.405 0.01
vertex -22.283 4.432 0.0
endloop
endfacet
facet normal -0.0 0.0 -0.9999999999999999
outer loop
vertex -22.283 4.432 0.0
vertex -22.474 3.334 0.0
vertex -34.327 6.828 0.0
endloop
endfacet
facet normal -0.0 -0.0 -1.0
outer loop
vertex -34.327 6.828 0.0
vertex -22.474 3.334 0.0
vertex -34.621 5.136 0.0
endloop
endfacet
facet normal -0.985237385985719 0.17119373018901024 0.0
outer loop
vertex -34.327 6.828 0.0
vertex -34.621 5.136 0.0
vertex -34.327 6.828 3.0
endloop
endfacet
facet normal -0.985237385985719 0.17119373018901024 0.0
outer loop
vertex -34.327 6.828 3.0
vertex -34.621 5.136 0.0
vertex -34.621 5.136 3.0
endloop
endfacet
facet normal -0.0 0.0 1.0
outer loop
vertex -34.327 6.828 3.0
vertex -34.621 5.136 3.0
vertex -29.463 5.861 3.0
endloop
endfacet
facet normal 0.0 0.0 1.0
outer loop
vertex -29.463 5.861 3.0
vertex -34.621 5.136 3.0
vertex -29.715 4.408 3.0
endloop
endfacet
facet normal -0.9852912794797203 0.1708832776523665 0.0
outer loop
vertex -29.463 5.861 3.0
vertex -29.715 4.408 3.0
vertex -29.463 5.861 52.0
endloop
endfacet
facet normal -0.9852912794797203 0.1708832776523665 0.0
outer loop
vertex -29.463 5.861 52.0
vertex -29.715 4.408 3.0
vertex -29.715 4.408 52.0
endloop
endfacet
facet normal -0.6966838970482998 0.12082886583356563 0.7071293607077621
outer loop
vertex -29.463 5.861 52.0
vertex -29.715 4.408 52.0
vertex -28.482 5.665 53.0
endloop
endfacet
facet normal -0.696816178941523 0.12109910802117627 0.7069527698522797
outer loop
vertex -28.482 5.665 53.0
vertex -29.715 4.408 52.0
vertex -28.726 4.261 53.0
endloop
endfacet
facet normal 0.0 0.0 1.0
outer loop
vertex -28.482 5.665 53.0
vertex -28.726 4.261 53.0
vertex -21.303 4.237 53.0
endloop
endfacet
facet normal 0.0 0.0 1.0
outer loop
vertex -21.303 4.237 53.0
vertex -28.726 4.261 53.0
vertex -21.485 3.187 53.0
endloop
endfacet
facet normal 0.9853080203996412 -0.17078672353593644 0.0
outer loop
vertex -21.303 4.237 53.0
vertex -21.485 3.187 53.0
vertex -21.303 4.237 1.0
endloop
endfacet
facet normal 0.9853080203996412 -0.17078672353593644 0.0
outer loop
vertex -21.303 4.237 1.0
vertex -21.485 3.187 53.0
vertex -21.485 3.187 1.0
endloop
endfacet
facet normal 0.9827785163396834 -0.17034827616554377 -0.07160902616708402
outer loop
vertex -21.303 4.237 1.0
vertex -21.485 3.187 1.0
vertex -21.313 4.239 0.858
endloop
endfacet
facet normal 0.9828894542761698 -0.17020540502213616 -0.07041619681539033
outer loop
vertex -21.313 4.239 0.858
vertex -21.485 3.187 1.0
vertex -21.495 3.188 0.858
endloop
endfacet
facet normal 0.9640260867949149 -0.16693886564859814 -0.2068456407924577
outer loop
vertex -21.313 4.239 0.858
vertex -21.495 3.188 0.858
vertex -21.342 4.245 0.718
endloop
endfacet
facet normal 0.9627499356060468 -0.1674745610417361 -0.21228479195276953
outer loop
vertex -21.342 4.245 0.718
vertex -21.495 3.188 0.858
vertex -21.525 3.193 0.718
endloop
endfacet
facet normal 0.9222162858493006 -0.16042355542815764 -0.3518258162473444
outer loop
vertex -21.342 4.245 0.718
vertex -21.525 3.193 0.718
vertex -21.391 4.255 0.585
endloop
endfacet
facet normal 0.9234619523766767 -0.1601834476634455 -0.34865353233160973
outer loop
vertex -21.391 4.255 0.585
vertex -21.525 3.193 0.718
vertex -21.574 3.2 0.585
endloop
endfacet
facet normal 0.8663952158013163 -0.15028466776459132 -0.4762077788859367
outer loop
vertex -21.391 4.255 0.585
vertex -21.574 3.2 0.585
vertex -21.458 4.268 0.459
endloop
endfacet
facet normal 0.8649691952997722 -0.15042942526952652 -0.47874761534188814
outer loop
vertex -21.458 4.268 0.459
vertex -21.574 3.2 0.585
vertex -21.642 3.21 0.459
endloop
endfacet
facet normal 0.7876033368893465 -0.13697449337206108 -0.6007653218073041
outer loop
vertex -21.458 4.268 0.459
vertex -21.642 3.21 0.459
vertex -21.542 4.285 0.345
endloop
endfacet
facet normal 0.7865721193313322 -0.13702056692683184 -0.6021043641509884
outer loop
vertex -21.542 4.285 0.345
vertex -21.642 3.21 0.459
vertex -21.727 3.223 0.345
endloop
endfacet
facet normal 0.6967419126362008 -0.12137217875489287 -0.7069791378819739
outer loop
vertex -21.542 4.285 0.345
vertex -21.727 3.223 0.345
vertex -21.641 4.305 0.244
endloop
endfacet
facet normal 0.6997982553812351 -0.12133334324791951 -0.7039606676382301
outer loop
vertex -21.641 4.305 0.244
vertex -21.727 3.223 0.345
vertex -21.826 3.238 0.244
endloop
endfacet
facet normal 0.5885887577026817 -0.10205147157919164 -0.8019655674993378
outer loop
vertex -21.641 4.305 0.244
vertex -21.826 3.238 0.244
vertex -21.753 4.327 0.159
endloop
endfacet
facet normal 0.5887237964066613 -0.10205277365483593 -0.8018662749697627
outer loop
vertex -21.753 4.327 0.159
vertex -21.826 3.238 0.244
vertex -21.939 3.254 0.159
endloop
endfacet
facet normal 0.4753107393928845 -0.0823931011435941 -0.8759515271416171
outer loop
vertex -21.753 4.327 0.159
vertex -21.939 3.254 0.159
vertex -21.876 4.351 0.09
endloop
endfacet
facet normal 0.47491974797048175 -0.08238403791324579 -0.8761644270824757
outer loop
vertex -21.876 4.351 0.09
vertex -21.939 3.254 0.159
vertex -22.063 3.273 0.09
endloop
endfacet
facet normal 0.33945807151174334 -0.05888558383366902 -0.9387761744431397
outer loop
vertex -21.876 4.351 0.09
vertex -22.063 3.273 0.09
vertex -22.007 4.377 0.041
endloop
endfacet
facet normal 0.33994141488453056 -0.05890229124266485 -0.9386002101707989
outer loop
vertex -22.007 4.377 0.041
vertex -22.063 3.273 0.09
vertex -22.195 3.292 0.041
endloop
endfacet
facet normal 0.21335349344530202 -0.03696816291955441 -0.9762753923791374
outer loop
vertex -22.007 4.377 0.041
vertex -22.195 3.292 0.041
vertex -22.144 4.405 0.01
endloop
endfacet
facet normal 0.21366534067164236 -0.036980539731630416 -0.976206720872597
outer loop
vertex -22.144 4.405 0.01
vertex -22.195 3.292 0.041
vertex -22.333 3.313 0.01
endloop
endfacet
facet normal 0.06942946496129833 -0.01201663816637856 -0.997514486011289
outer loop
vertex -22.144 4.405 0.01
vertex -22.333 3.313 0.01
vertex -22.283 4.432 0.0
endloop
endfacet
facet normal 0.06896138797670001 -0.011996015577003303 -0.9975472031831893
outer loop
vertex -22.283 4.432 0.0
vertex -22.333 3.313 0.01
vertex -22.474 3.334 0.0
endloop
endfacet
facet normal -0.0 0.0 -1.0
outer loop
vertex -22.474 3.334 0.0
vertex -22.611 2.227 0.0
vertex -34.621 5.136 0.0
endloop
endfacet
facet normal -0.0 -0.0 -0.9999999999999999
outer loop
vertex -34.621 5.136 0.0
vertex -22.611 2.227 0.0
vertex -34.831 3.431 0.0
endloop
endfacet
facet normal -0.992500149235439 0.12224342014043581 0.0
outer loop
vertex -34.621 5.136 0.0
vertex -34.831 3.431 0.0
vertex -34.621 5.136 3.0
endloop
endfacet
facet normal -0.992500149235439 0.12224342014043581 0.0
outer loop
vertex -34.621 5.136 3.0
vertex -34.831 3.431 0.0
vertex -34.831 3.431 3.0
endloop
endfacet
facet normal -0.0 0.0 1.0
outer loop
vertex -34.621 5.136 3.0
vertex -34.831 3.431 3.0
vertex -29.715 4.408 3.0
endloop
endfacet
facet normal 0.0 0.0 1.0
outer loop
vertex -29.715 4.408 3.0
vertex -34.831 3.431 3.0
vertex -29.895 2.944 3.0
endloop
endfacet
facet normal -0.9925261778147189 0.12203190710836685 0.0
outer loop
vertex -29.715 4.408 3.0
vertex -29.895 2.944 3.0
vertex -29.715 4.408 52.0
endloop
endfacet
facet normal -0.9925261778147189 0.12203190710836685 0.0
outer loop
vertex -29.715 4.408 52.0
vertex -29.895 2.944 3.0
vertex -29.895 2.944 52.0
endloop
endfacet
facet normal -0.7019809433665928 0.0863091323811383 0.7069465954495882
outer loop
vertex -29.715 4.408 52.0
vertex -29.895 2.944 52.0
vertex -28.726 4.261 53.0
endloop
endfacet
facet normal -0.7019881773346517 0.0863222210998085 0.7069378141157603
outer loop
vertex -28.726 4.261 53.0
vertex -29.895 2.944 52.0
vertex -28.9 2.846 53.0
endloop
endfacet
facet normal -0.0 0.0 1.0
outer loop
vertex -28.726 4.261 53.0
vertex -28.9 2.846 53.0
vertex -21.485 3.187 53.0
endloop
endfacet
facet normal 0.0 0.0 0.9999999999999999
outer loop
vertex -21.485 3.187 53.0
vertex -28.9 2.846 53.0
vertex -21.615 2.129 53.0
endloop
endfacet
facet normal 0.9925354884882946 -0.12195615643050788 0.0
outer loop
vertex -21.485 3.187 53.0
vertex -21.615 2.129 53.0
vertex -21.485 3.187 1.0
endloop
endfacet
facet normal 0.9925354884882946 -0.12195615643050788 0.0
outer loop
vertex -21.485 3.187 1.0
vertex -21.615 2.129 53.0
vertex -21.615 2.129 1.0
endloop
endfacet
facet normal 0.9900602781827383 -0.1216520190583696 -0.07057925916117844
outer loop
vertex -21.485 3.187 1.0
vertex -21.615 2.129 1.0
vertex -21.495 3.188 0.858
endloop
endfacet
facet normal 0.9894359512562277 -0.12251050058087526 -0.07750919693240932
outer loop
vertex -21.495 3.188 0.858
vertex -21.615 2.129 1.0
vertex -21.626 2.13 0.858
endloop
endfacet
facet normal 0.9698394414055997 -0.12008408962583529 -0.2121114549306772
outer loop
vertex -21.495 3.188 0.858
vertex -21.626 2.13 0.858
vertex -21.525 3.193 0.718
endloop
endfacet
facet normal 0.9702184893133985 -0.11990436047175038 -0.2104733411486776
outer loop
vertex -21.525 3.193 0.718
vertex -21.626 2.13 0.858
vertex -21.656 2.133 0.718
endloop
endfacet
facet normal 0.9301450811404064 -0.11495189210320136 -0.3487351294782342
outer loop
vertex -21.525 3.193 0.718
vertex -21.656 2.133 0.718
vertex -21.574 3.2 0.585
endloop
endfacet
facet normal 0.93073070905097 -0.11480764866824288 -0.3472168645626937
outer loop
vertex -21.574 3.2 0.585
vertex -21.656 2.133 0.718
vertex -21.705 2.138 0.585
endloop
endfacet
facet normal 0.8713341680961728 -0.10748095670489237 -0.47877407140941897
outer loop
vertex -21.574 3.2 0.585
vertex -21.705 2.138 0.585
vertex -21.642 3.21 0.459
endloop
endfacet
facet normal 0.8728018807219977 -0.10725801723694364 -0.47614346025808557
outer loop
vertex -21.642 3.21 0.459
vertex -21.705 2.138 0.585
vertex -21.773 2.144 0.459
endloop
endfacet
facet normal 0.7925194140467764 -0.09739216063801867 -0.602019721774306
outer loop
vertex -21.642 3.21 0.459
vertex -21.773 2.144 0.459
vertex -21.727 3.223 0.345
endloop
endfacet
facet normal 0.7941921737304884 -0.09723287360625624 -0.5998371107855127
outer loop
vertex -21.727 3.223 0.345
vertex -21.773 2.144 0.459
vertex -21.858 2.153 0.345
endloop
endfacet
facet normal 0.7050382261163163 -0.08631776413199778 -0.7038965430445094
outer loop
vertex -21.727 3.223 0.345
vertex -21.858 2.153 0.345
vertex -21.826 3.238 0.244
endloop
endfacet
facet normal 0.7001475728776652 -0.08662290901649194 -0.7087240985228561
outer loop
vertex -21.826 3.238 0.244
vertex -21.858 2.153 0.345
vertex -21.959 2.163 0.244
endloop
endfacet
facet normal 0.5928581985508272 -0.07334896782070649 -0.8019595284867589
outer loop
vertex -21.826 3.238 0.244
vertex -21.959 2.163 0.244
vertex -21.939 3.254 0.159
endloop
endfacet
facet normal 0.5915734796516657 -0.0733989317345587 -0.8029031168161236
outer loop
vertex -21.939 3.254 0.159
vertex -21.959 2.163 0.244
vertex -22.073 2.174 0.159
endloop
endfacet
facet normal 0.4784233181570037 -0.05935993021577653 -0.8761207264575016
outer loop
vertex -21.939 3.254 0.159
vertex -22.073 2.174 0.159
vertex -22.063 3.273 0.09
endloop
endfacet
facet normal 0.48099794225797887 -0.05929505451938299 -0.8747142825249474
outer loop
vertex -22.063 3.273 0.09
vertex -22.073 2.174 0.159
vertex -22.197 2.186 0.09
endloop
endfacet
facet normal 0.3423534365102768 -0.04220364350724674 -0.9386229152243819
outer loop
vertex -22.063 3.273 0.09
vertex -22.197 2.186 0.09
vertex -22.195 3.292 0.041
endloop
endfacet
facet normal 0.34176173979750263 -0.042212108758153864 -0.9388381389168071
outer loop
vertex -22.195 3.292 0.041
vertex -22.197 2.186 0.09
vertex -22.33 2.199 0.041
endloop
endfacet
facet normal 0.21524523218266386 -0.026585641669404567 -0.9761980811698295
outer loop
vertex -22.195 3.292 0.041
vertex -22.33 2.199 0.041
vertex -22.333 3.313 0.01
endloop
endfacet
facet normal 0.21504519422687085 -0.02658740583168639 -0.9762421186832028
outer loop
vertex -22.333 3.313 0.01
vertex -22.33 2.199 0.041
vertex -22.469 2.213 0.01
endloop
endfacet
facet normal 0.06946883074889117 -0.008588873619863083 -0.9975471481610902
outer loop
vertex -22.333 3.313 0.01
vertex -22.469 2.213 0.01
vertex -22.474 3.334 0.0
endloop
endfacet
facet normal 0.06940329701800352 -0.008589206586690616 -0.997551706877013
outer loop
vertex -22.474 3.334 0.0
vertex -22.469 2.213 0.01
vertex -22.611 2.227 0.0
endloop
endfacet
facet normal -0.0 0.0 -1.0
outer loop
vertex -22.611 2.227 0.0
vertex -22.693 1.115 0.0
vertex -34.831 3.431 0.0
endloop
endfacet
facet normal -0.0 -0.0 -1.0
outer loop
vertex -34.831 3.431 0.0
vertex -22.693 1.115 0.0
vertex -34.958 1.717 0.0
endloop
endfacet
facet normal -0.9972661666805244 0.07389311736780745 0.0
outer loop
vertex -34.831 3.431 0.0
vertex -34.958 1.717 0.0
vertex -34.831 3.431 3.0
endloop
endfacet
facet normal -0.9972661666805244 0.07389311736780745 0.0
outer loop
vertex -34.831 3.431 3.0
vertex -34.958 1.717 0.0
vertex -34.958 1.717 3.0
endloop
endfacet
facet normal -0.0 0.0 1.0
outer loop
vertex -34.831 3.431 3.0
vertex -34.958 1.717 3.0
vertex -29.895 2.944 3.0
endloop
endfacet
facet normal 0.0 0.0 1.0
outer loop
vertex -29.895 2.944 3.0
vertex -34.958 1.717 3.0
vertex -30.004 1.474 3.0
endloop
endfacet
facet normal -0.9972621984903066 0.07394665281322801 0.0
outer loop
vertex -29.895 2.944 3.0
vertex -30.004 1.474 3.0
vertex -29.895 2.944 52.0
endloop
endfacet
facet normal -0.9972621984903066 0.07394665281322801 0.0
outer loop
vertex -29.895 2.944 52.0
vertex -30.004 1.474 3.0
vertex -30.004 1.474 52.0
endloop
endfacet
facet normal -0.7053391865687328 0.05230066077278444 0.7069379553916229
outer loop
vertex -29.895 2.944 52.0
vertex -30.004 1.474 52.0
vertex -28.9 2.846 53.0
endloop
endfacet
facet normal -0.7052213850967444 0.052109954563799056 0.7070695514852754
outer loop
vertex -28.9 2.846 53.0
vertex -30.004 1.474 52.0
vertex -29.005 1.425 53.0
endloop
endfacet
facet normal -0.0 0.0 1.0
outer loop
vertex -28.9 2.846 53.0
vertex -29.005 1.425 53.0
vertex -21.615 2.129 53.0
endloop
endfacet
facet normal 0.0 0.0 1.0
outer loop
vertex -21.615 2.129 53.0
vertex -29.005 1.425 53.0
vertex -21.694 1.066 53.0
endloop
endfacet
facet normal 0.997249806904158 -0.07411357925252032 0.0
outer loop
vertex -21.615 2.129 53.0
vertex -21.694 1.066 53.0
vertex -21.615 2.129 1.0
endloop
endfacet
facet normal 0.997249806904158 -0.07411357925252032 0.0
outer loop
vertex -21.615 2.129 1.0
vertex -21.694 1.066 53.0
vertex -21.694 1.066 1.0
endloop
endfacet
facet normal 0.9942473663668343 -0.07389044397270042 -0.07753951742261019
outer loop
vertex -21.615 2.129 1.0
vertex -21.694 1.066 1.0
vertex -21.626 2.13 0.858
endloop
endfacet
facet normal 0.9948729827303368 -0.07293241790692263 -0.07006147765707692
outer loop
vertex -21.626 2.13 0.858
vertex -21.694 1.066 1.0
vertex -21.704 1.066 0.858
endloop
endfacet
facet normal 0.9749867168291205 -0.07147459014348763 -0.21045732339501233
outer loop
vertex -21.626 2.13 0.858
vertex -21.704 1.066 0.858
vertex -21.656 2.133 0.718
endloop
endfacet
facet normal 0.9750962369144116 -0.07141549904162159 -0.209969415039405
outer loop
vertex -21.656 2.133 0.718
vertex -21.704 1.066 0.858
vertex -21.734 1.068 0.718
endloop
endfacet
facet normal 0.9353008764718729 -0.06850090926273132 -0.3471597555897365
outer loop
vertex -21.656 2.133 0.718
vertex -21.734 1.068 0.718
vertex -21.705 2.138 0.585
endloop
endfacet
facet normal 0.9334631495898695 -0.06904830413632985 -0.3519643164493495
outer loop
vertex -21.705 2.138 0.585
vertex -21.734 1.068 0.718
vertex -21.784 1.07 0.585
endloop
endfacet
facet normal 0.876874854497507 -0.06486246582893597 -0.476322737307979
outer loop
vertex -21.705 2.138 0.585
vertex -21.784 1.07 0.585
vertex -21.773 2.144 0.459
endloop
endfacet
facet normal 0.8773132346423458 -0.06477359395957558 -0.4755269391390402
outer loop
vertex -21.773 2.144 0.459
vertex -21.784 1.07 0.585
vertex -21.852 1.074 0.459
endloop
endfacet
facet normal 0.7980570208750226 -0.058921966961801193 -0.5996942497985419
outer loop
vertex -21.773 2.144 0.459
vertex -21.852 1.074 0.459
vertex -21.858 2.153 0.345
endloop
endfacet
facet normal 0.7959143155093379 -0.059230832782088995 -0.602504863727458
outer loop
vertex -21.858 2.153 0.345
vertex -21.852 1.074 0.459
vertex -21.938 1.078 0.345
endloop
endfacet
facet normal 0.703540292788472 -0.0523564869051875 -0.7087241033731377
outer loop
vertex -21.858 2.153 0.345
vertex -21.938 1.078 0.345
vertex -21.959 2.163 0.244
endloop
endfacet
facet normal 0.7048488055033572 -0.05221102262987953 -0.7074335095939639
outer loop
vertex -21.959 2.163 0.244
vertex -21.938 1.078 0.345
vertex -22.039 1.083 0.244
endloop
endfacet
facet normal 0.5944334279946645 -0.04403210577738358 -0.8029383994699227
outer loop
vertex -21.959 2.163 0.244
vertex -22.039 1.083 0.244
vertex -22.073 2.174 0.159
endloop
endfacet
facet normal 0.5959328634364448 -0.04389929012423074 -0.8018334456749907
outer loop
vertex -22.073 2.174 0.159
vertex -22.039 1.083 0.244
vertex -22.153 1.088 0.159
endloop
endfacet
facet normal 0.4832999001326766 -0.03560220258804172 -0.8747306383696782
outer loop
vertex -22.073 2.174 0.159
vertex -22.153 1.088 0.159
vertex -22.197 2.186 0.09
endloop
endfacet
facet normal 0.48163907747682855 -0.03572597552712718 -0.8756411672140046
outer loop
vertex -22.197 2.186 0.09
vertex -22.153 1.088 0.159
vertex -22.278 1.094 0.09
endloop
endfacet
facet normal 0.34340005826664527 -0.02547198234395431 -0.9388437453047944
outer loop
vertex -22.197 2.186 0.09
vertex -22.278 1.094 0.09
vertex -22.33 2.199 0.041
endloop
endfacet
facet normal 0.3444160510209465 -0.025407741468759314 -0.9384732444095536
outer loop
vertex -22.33 2.199 0.041
vertex -22.278 1.094 0.09
vertex -22.411 1.101 0.041
endloop
endfacet
facet normal 0.2161162542335852 -0.015943002361494592 -0.9762374635977384
outer loop
vertex -22.33 2.199 0.041
vertex -22.411 1.101 0.041
vertex -22.469 2.213 0.01
endloop
endfacet
facet normal 0.2168835997115455 -0.015898254820484233 -0.9760680046338088
outer loop
vertex -22.469 2.213 0.01
vertex -22.411 1.101 0.041
vertex -22.55 1.108 0.01
endloop
endfacet
facet normal 0.06974605826621583 -0.00511260698603027 -0.9975516771607033
outer loop
vertex -22.469 2.213 0.01
vertex -22.55 1.108 0.01
vertex -22.611 2.227 0.0
endloop
endfacet
facet normal 0.06950910343771821 -0.0051256712966663166 -0.9975681490670415
outer loop
vertex -22.611 2.227 0.0
vertex -22.55 1.108 0.01
vertex -22.693 1.115 0.0
endloop
endfacet
facet normal -0.0 0.0 -0.9999999999999999
outer loop
vertex -22.693 1.115 0.0
vertex -22.72 0.0 0.0
vertex -34.958 1.717 0.0
endloop
endfacet
facet normal -0.0 -0.0 -1.0
outer loop
vertex -34.958 1.717 0.0
vertex -22.72 0.0 0.0
vertex -35.0 0.0 0.0
endloop
endfacet
facet normal -0.9997009573366754 0.024453954693151987 0.0
outer loop
vertex -34.958 1.717 0.0
vertex -35.0 0.0 0.0
vertex -34.958 1.717 3.0
endloop
endfacet
facet normal -0.9997009573366754 0.024453954693151987 0.0
outer loop
vertex -34.958 1.717 3.0
vertex -35.0 0.0 0.0
vertex -35.0 0.0 3.0
endloop
endfacet
facet normal -0.0 0.0 1.0
outer loop
vertex -34.958 1.717 3.0
vertex -35.0 0.0 3.0
vertex -30.004 1.474 3.0
endloop
endfacet
facet normal -0.0 0.0 1.0
outer loop
vertex -30.004 1.474 3.0
vertex -35.0 0.0 3.0
vertex -30.04 0.0 3.0
endloop
endfacet
facet normal -0.9997018836470306 0.02441605685976317 0.0
outer loop
vertex -30.004 1.474 3.0
vertex -30.04 0.0 3.0
vertex -30.004 1.474 52.0
endloop
endfacet
facet normal -0.9997018836470306 0.02441605685976317 0.0
outer loop
vertex -30.004 1.474 52.0
vertex -30.04 0.0 3.0
vertex -30.04 0.0 52.0
endloop
endfacet
facet normal -0.7069318327431845 0.017265634992369806 0.7070709170250691
outer loop
vertex -30.004 1.474 52.0
vertex -30.04 0.0 52.0
vertex -29.005 1.425 53.0
endloop
endfacet
facet normal -0.7070001625469504 0.017364916273083064 0.7070001625469504
outer loop
vertex -29.005 1.425 53.0
vertex -30.04 0.0 52.0
vertex -29.04 0.0 53.0
endloop
endfacet
facet normal -0.0 0.0 1.0
outer loop
vertex -29.005 1.425 53.0
vertex -29.04 0.0 53.0
vertex -21.694 1.066 53.0
endloop
endfacet
facet normal -0.0 0.0 1.0
outer loop
vertex -21.694 1.066 53.0
vertex -29.04 0.0 53.0
vertex -21.72 0.0 53.0
endloop
endfacet
facet normal 0.99970269064305 -0.024382992454708347 0.0
outer loop
vertex -21.694 1.066 53.0
vertex -21.72 0.0 53.0
vertex -21.694 1.066 1.0
endloop
endfacet
facet normal 0.99970269064305 -0.024382992454708347 0.0
outer loop
vertex -21.694 1.066 1.0
vertex -21.72 0.0 53.0
vertex -21.72 0.0 1.0
endloop
endfacet
facet normal 0.997234406481722 -0.024322790401993033 -0.0702277751043576
outer loop
vertex -21.694 1.066 1.0
vertex -21.72 0.0 1.0
vertex -21.704 1.066 0.858
endloop
endfacet
facet normal 0.997234406481722 -0.024322790401993033 -0.07022777510435758
outer loop
vertex -21.704 1.066 0.858
vertex -21.72 0.0 1.0
vertex -21.73 0.0 0.858
endloop
endfacet
facet normal 0.9774546705004723 -0.02384035781708451 -0.20979514879035321
outer loop
vertex -21.704 1.066 0.858
vertex -21.73 0.0 0.858
vertex -21.734 1.068 0.718
endloop
endfacet
facet normal 0.976053587531162 -0.024675512044324818 -0.21612615152474898
outer loop
vertex -21.734 1.068 0.718
vertex -21.73 0.0 0.858
vertex -21.761 0.0 0.718
endloop
endfacet
facet normal 0.9356605083754569 -0.023654338694882933 -0.3521077751590974
outer loop
vertex -21.734 1.068 0.718
vertex -21.761 0.0 0.718
vertex -21.784 1.07 0.585
endloop
endfacet
facet normal 0.9380992993206942 -0.022794936245175573 -0.3456155313286732
outer loop
vertex -21.784 1.07 0.585
vertex -21.761 0.0 0.718
vertex -21.81 0.0 0.585
endloop
endfacet
facet normal 0.8795374443447525 -0.021371937899965783 -0.4753494759289229
outer loop
vertex -21.784 1.07 0.585
vertex -21.81 0.0 0.585
vertex -21.852 1.074 0.459
endloop
endfacet
facet normal 0.8768831241764121 -0.022044547814491645 -0.4801979013347203
outer loop
vertex -21.852 1.074 0.459
vertex -21.81 0.0 0.585
vertex -21.879 0.0 0.459
endloop
endfacet
facet normal 0.7978171350425352 -0.02005685535023209 -0.6025657985531381
outer loop
vertex -21.852 1.074 0.459
vertex -21.879 0.0 0.459
vertex -21.938 1.078 0.345
endloop
endfacet
facet normal 0.8015347726099272 -0.01933200750265115 -0.5976355760687861
outer loop
vertex -21.938 1.078 0.345
vertex -21.879 0.0 0.459
vertex -21.964 0.0 0.345
endloop
endfacet
facet normal 0.7065821385720403 -0.01704186976147765 -0.707425795490944
outer loop
vertex -21.938 1.078 0.345
vertex -21.964 0.0 0.345
vertex -22.039 1.083 0.244
endloop
endfacet
facet normal 0.7070049171362284 -0.016973340577600925 -0.707004917136247
outer loop
vertex -22.039 1.083 0.244
vertex -21.964 0.0 0.345
vertex -22.065 0.0 0.244
endloop
endfacet
facet normal 0.5972815525119477 -0.014339169312382754 -0.8019034450932035
outer loop
vertex -22.039 1.083 0.244
vertex -22.065 0.0 0.244
vertex -22.153 1.088 0.159
endloop
endfacet
facet normal 0.5976863094266583 -0.01428294489438695 -0.801602814995734
outer loop
vertex -22.153 1.088 0.159
vertex -22.065 0.0 0.244
vertex -22.179 0.0 0.159
endloop
endfacet
facet normal 0.4828057905023244 -0.011537638375974574 -0.8756514441021216
outer loop
vertex -22.153 1.088 0.159
vertex -22.179 0.0 0.159
vertex -22.278 1.094 0.09
endloop
endfacet
facet normal 0.4802808790222046 -0.011853367215356507 -0.8770346486492517
outer loop
vertex -22.278 1.094 0.09
vertex -22.179 0.0 0.159
vertex -22.305 0.0 0.09
endloop
endfacet
facet normal 0.3452978538616408 -0.008521976283605716 -0.9384544570935591
outer loop
vertex -22.278 1.094 0.09
vertex -22.305 0.0 0.09
vertex -22.411 1.101 0.041
endloop
endfacet
facet normal 0.3456929360752262 -0.008477483445985678 -0.9383093979184651
outer loop
vertex -22.411 1.101 0.041
vertex -22.305 0.0 0.09
vertex -22.438 0.0 0.041
endloop
endfacet
facet normal 0.21741499078644835 -0.005331702771329296 -0.97606469802308
outer loop
vertex -22.411 1.101 0.041
vertex -22.438 0.0 0.041
vertex -22.55 1.108 0.01
endloop
endfacet
facet normal 0.21618875274911703 -0.0054632536795803195 -0.9763363027379519
outer loop
vertex -22.55 1.108 0.01
vertex -22.438 0.0 0.041
vertex -22.578 0.0 0.01
endloop
endfacet
facet normal 0.0696738303928047 -0.0017607105153415524 -0.997568271977851
outer loop
vertex -22.55 1.108 0.01
vertex -22.578 0.0 0.01
vertex -22.693 1.115 0.0
endloop
endfacet
facet normal 0.0702484559976008 -0.0017010836878341197 -0.9975280751659273
outer loop
vertex -22.693 1.115 0.0
vertex -22.578 0.0 0.01
vertex -22.72 0.0 0.0
endloop
endfacet
facet normal -0.0 -0.0 -1.0
outer loop
vertex -22.72 0.0 0.0
vertex -22.693 -1.115 0.0
vertex -35.0 0.0 0.0
endloop
endfacet
facet normal 0.0 -0.0 -1.0
outer loop
vertex -35.0 0.0 0.0
vertex -22.693 -1.115 0.0
vertex -34.958 -1.717 0.0
endloop
endfacet
facet normal -0.9997009573366754 -0.024453954693151987 0.0
outer loop
vertex -35.0 0.0 0.0
vertex -34.958 -1.717 0.0
vertex -35.0 0.0 3.0
endloop
endfacet
facet normal -0.9997009573366754 -0.024453954693151987 0.0
outer loop
vertex -35.0 0.0 3.0
vertex -34.958 -1.717 0.0
vertex -34.958 -1.717 3.0
endloop
endfacet
facet normal -0.0 0.0 1.0
outer loop
vertex -35.0 0.0 3.0
vertex -34.958 -1.717 3.0
vertex -30.04 0.0 3.0
endloop
endfacet
facet normal -0.0 0.0 1.0
outer loop
vertex -30.04 0.0 3.0
vertex -34.958 -1.717 3.0
vertex -30.004 -1.474 3.0
endloop
endfacet
facet normal -0.9997018836470306 -0.02441605685976317 0.0
outer loop
vertex -30.04 0.0 3.0
vertex -30.004 -1.474 3.0
vertex -30.04 0.0 52.0
endloop
endfacet
facet normal -0.9997018836470306 -0.02441605685976317 0.0
outer loop
vertex -30.04 0.0 52.0
vertex -30.004 -1.474 3.0
vertex -30.004 -1.474 52.0
endloop
endfacet
facet normal -0.7070013575695426 -0.017267333020693342 0.7070013575695426
outer loop
vertex -30.04 0.0 52.0
vertex -30.004 -1.474 52.0
vertex -29.04 0.0 53.0
endloop
endfacet
facet normal -0.7069282475285367 -0.01736314993929746 0.7070721136280353
outer loop
vertex -29.04 0.0 53.0
vertex -30.004 -1.474 52.0
vertex -29.005 -1.425 53.0
endloop
endfacet
facet normal -0.0 0.0 1.0
outer loop
vertex -29.04 0.0 53.0
vertex -29.005 -1.425 53.0
vertex -21.72 0.0 53.0
endloop
endfacet
facet normal -0.0 0.0 1.0
outer loop
vertex -21.72 0.0 53.0
vertex -29.005 -1.425 53.0
vertex -21.694 -1.066 53.0
endloop
endfacet
facet normal 0.99970269064305 0.024382992454708347 0.0
outer loop
vertex -21.72 0.0 53.0
vertex -21.694 -1.066 53.0
vertex -21.72 0.0 1.0
endloop
endfacet
facet normal 0.99970269064305 0.024382992454708347 0.0
outer loop
vertex -21.72 0.0 1.0
vertex -21.694 -1.066 53.0
vertex -21.694 -1.066 1.0
endloop
endfacet
facet normal 0.997234406481722 0.024322790401993033 -0.0702277751043576
outer loop
vertex -21.72 0.0 1.0
vertex -21.694 -1.066 1.0
vertex -21.73 0.0 0.858
endloop
endfacet
facet normal 0.997234406481722 0.024322790401993033 -0.07022777510435758
outer loop
vertex -21.73 0.0 0.858
vertex -21.694 -1.066 1.0
vertex -21.704 -1.066 0.858
endloop
endfacet
facet normal 0.9760741567769754 0.023806686750657755 -0.2161307061434648
outer loop
vertex -21.73 0.0 0.858
vertex -21.704 -1.066 0.858
vertex -21.761 0.0 0.718
endloop
endfacet
facet normal 0.9774314636003967 0.024710345989895348 -0.20980260428566286
outer loop
vertex -21.761 0.0 0.718
vertex -21.704 -1.066 0.858
vertex -21.734 -1.068 0.718
endloop
endfacet
facet normal 0.9380792062402973 0.02371548555101653 -0.34560812861484275
outer loop
vertex -21.761 0.0 0.718
vertex -21.734 -1.068 0.718
vertex -21.81 0.0 0.585
endloop
endfacet
facet normal 0.9356849978926824 0.02273627097683137 -0.3521031762149258
outer loop
vertex -21.81 0.0 0.585
vertex -21.734 -1.068 0.718
vertex -21.784 -1.07 0.585
endloop
endfacet
facet normal 0.8768971349438497 0.021307780849102727 -0.48020557389784085
outer loop
vertex -21.81 0.0 0.585
vertex -21.784 -1.07 0.585
vertex -21.879 0.0 0.459
endloop
endfacet
facet normal 0.8795134940712794 0.022110674431960384 -0.4753600023379055
outer loop
vertex -21.879 0.0 0.459
vertex -21.784 -1.07 0.585
vertex -21.852 -1.074 0.459
endloop
endfacet
facet normal 0.8015218246499514 0.020149990005167137 -0.5976259218881024
outer loop
vertex -21.879 0.0 0.459
vertex -21.852 -1.074 0.459
vertex -21.964 0.0 0.345
endloop
endfacet
facet normal 0.7978436441565654 0.019242982141067292 -0.6025572397019973
outer loop
vertex -21.964 0.0 0.345
vertex -21.852 -1.074 0.459
vertex -21.938 -1.078 0.345
endloop
endfacet
facet normal 0.7070039702158416 0.017052043808545213 -0.7070039702158601
outer loop
vertex -21.964 0.0 0.345
vertex -21.938 -1.078 0.345
vertex -22.065 0.0 0.244
endloop
endfacet
facet normal 0.706585030741829 0.01696326020248145 -0.707424796098406
outer loop
vertex -22.065 0.0 0.244
vertex -21.938 -1.078 0.345
vertex -22.039 -1.083 0.244
endloop
endfacet
facet normal 0.5976857452032069 0.014348872922699226 -0.8016020582725168
outer loop
vertex -22.065 0.0 0.244
vertex -22.039 -1.083 0.244
vertex -22.179 0.0 0.159
endloop
endfacet
facet normal 0.597283972196691 0.014273330217935521 -0.8019028174295388
outer loop
vertex -22.179 0.0 0.159
vertex -22.039 -1.083 0.244
vertex -22.153 -1.088 0.159
endloop
endfacet
facet normal 0.4802829860017409 0.011477350768423867 -0.8770384961771006
outer loop
vertex -22.179 0.0 0.159
vertex -22.153 -1.088 0.159
vertex -22.305 0.0 0.09
endloop
endfacet
facet normal 0.4827897528057935 0.011915286403799744 -0.8756552292629997
outer loop
vertex -22.305 0.0 0.09
vertex -22.153 -1.088 0.159
vertex -22.278 -1.094 0.09
endloop
endfacet
facet normal 0.3456927766004394 0.008531723005678444 -0.9383089650583294
outer loop
vertex -22.305 0.0 0.09
vertex -22.278 -1.094 0.09
vertex -22.438 0.0 0.041
endloop
endfacet
facet normal 0.34530052099892583 0.008467860187983766 -0.9384539655953866
outer loop
vertex -22.438 0.0 0.041
vertex -22.278 -1.094 0.09
vertex -22.411 -1.101 0.041
endloop
endfacet
facet normal 0.21618894081669238 0.005301636150817572 -0.9763371520753887
outer loop
vertex -22.438 0.0 0.041
vertex -22.411 -1.101 0.041
vertex -22.578 0.0 0.01
endloop
endfacet
facet normal 0.21740701115271727 0.005494039993028702 -0.9760655751670567
outer loop
vertex -22.578 0.0 0.01
vertex -22.411 -1.101 0.041
vertex -22.55 -1.108 0.01
endloop
endfacet
facet normal 0.07024844694391066 0.001775231511217876 -0.9975279466035276
outer loop
vertex -22.578 0.0 0.01
vertex -22.55 -1.108 0.01
vertex -22.72 0.0 0.0
endloop
endfacet
facet normal 0.06967741743279347 0.001687255848148204 -0.9975681483826552
outer loop
vertex -22.72 0.0 0.0
vertex -22.55 -1.108 0.01
vertex -22.693 -1.115 0.0
endloop
endfacet
facet normal -0.0 -0.0 -1.0
outer loop
vertex -22.693 -1.115 0.0
vertex -22.611 -2.227 0.0
vertex -34.958 -1.717 0.0
endloop
endfacet
facet normal 0.0 -0.0 -0.9999999999999999
outer loop
vertex -34.958 -1.717 0.0
vertex -22.611 -2.227 0.0
vertex -34.831 -3.431 0.0
endloop
endfacet
facet normal -0.9972661666805244 -0.07389311736780745 0.0
outer loop
vertex -34.958 -1.717 0.0
vertex -34.831 -3.431 0.0
vertex -34.958 -1.717 3.0
endloop
endfacet
facet normal -0.9972661666805244 -0.07389311736780745 0.0
outer loop
vertex -34.958 -1.717 3.0
vertex -34.831 -3.431 0.0
vertex -34.831 -3.431 3.0
endloop
endfacet
facet normal -0.0 0.0 1.0
outer loop
vertex -34.958 -1.717 3.0
vertex -34.831 -3.431 3.0
vertex -30.004 -1.474 3.0
endloop
endfacet
facet normal -0.0 0.0 1.0
outer loop
vertex -30.004 -1.474 3.0
vertex -34.831 -3.431 3.0
vertex -29.895 -2.944 3.0
endloop
endfacet
facet normal -0.9972621984903066 -0.07394665281322801 0.0
outer loop
vertex -30.004 -1.474 3.0
vertex -29.895 -2.944 3.0
vertex -30.004 -1.474 52.0
endloop
endfacet
facet normal -0.9972621984903066 -0.07394665281322801 0.0
outer loop
vertex -30.004 -1.474 52.0
vertex -29.895 -2.944 3.0
vertex -29.895 -2.944 52.0
endloop
endfacet
facet normal -0.7052102402100152 -0.05229109944414483 0.7070672938425699
outer loop
vertex -30.004 -1.474 52.0
vertex -29.895 -2.944 52.0
vertex -29.005 -1.425 53.0
endloop
endfacet
facet normal -0.7053547829443884 -0.052119811547615115 0.7069357505613334
outer loop
vertex -29.005 -1.425 53.0
vertex -29.895 -2.944 52.0
vertex -28.9 -2.846 53.0
endloop
endfacet
facet normal -0.0 0.0 1.0
outer loop
vertex -29.005 -1.425 53.0
vertex -28.9 -2.846 53.0
vertex -21.694 -1.066 53.0
endloop
endfacet
facet normal -0.0 0.0 1.0
outer loop
vertex -21.694 -1.066 53.0
vertex -28.9 -2.846 53.0
vertex -21.615 -2.129 53.0
endloop
endfacet
facet normal 0.997249806904158 0.07411357925252032 0.0
outer loop
vertex -21.694 -1.066 53.0
vertex -21.615 -2.129 53.0
vertex -21.694 -1.066 1.0
endloop
endfacet
facet normal 0.997249806904158 0.07411357925252032 0.0
outer loop
vertex -21.694 -1.066 1.0
vertex -21.615 -2.129 53.0
vertex -21.615 -2.129 1.0
endloop
endfacet
facet normal 0.9947996024054311 0.07393148503295362 -0.07005631002856247
outer loop
vertex -21.694 -1.066 1.0
vertex -21.615 -2.129 1.0
vertex -21.704 -1.066 0.858
endloop
endfacet
facet normal 0.9943211696643909 0.07289196544532135 -0.0775382030405379
outer loop
vertex -21.704 -1.066 0.858
vertex -21.615 -2.129 1.0
vertex -21.626 -2.13 0.858
endloop
endfacet
facet normal 0.9750913644152138 0.07148226167705461 -0.20996932468436877
outer loop
vertex -21.704 -1.066 0.858
vertex -21.626 -2.13 0.858
vertex -21.734 -1.068 0.718
endloop
endfacet
facet normal 0.9749916866020159 0.07140784183564332 -0.2104569580254647
outer loop
vertex -21.734 -1.068 0.718
vertex -21.626 -2.13 0.858
vertex -21.656 -2.133 0.718
endloop
endfacet
facet normal 0.9335102623664873 0.06836976569444955 -0.35197182443391434
outer loop
vertex -21.734 -1.068 0.718
vertex -21.656 -2.133 0.718
vertex -21.784 -1.07 0.585
endloop
endfacet
facet normal 0.9352485406060782 0.06918036957666737 -0.34716601757579457
outer loop
vertex -21.784 -1.07 0.585
vertex -21.656 -2.133 0.718
vertex -21.705 -2.138 0.585
endloop
endfacet
facet normal 0.8773047288049342 0.06489426364755652 -0.47552617947084924
outer loop
vertex -21.784 -1.07 0.585
vertex -21.705 -2.138 0.585
vertex -21.852 -1.074 0.459
endloop
endfacet
facet normal 0.8768841551102462 0.06474191425580374 -0.4763220161351811
outer loop
vertex -21.852 -1.074 0.459
vertex -21.705 -2.138 0.585
vertex -21.773 -2.144 0.459
endloop
endfacet
facet normal 0.7959441078428675 0.05876596684073554 -0.6025110275600731
outer loop
vertex -21.852 -1.074 0.459
vertex -21.773 -2.144 0.459
vertex -21.938 -1.078 0.345
endloop
endfacet
facet normal 0.7980172189458965 0.05938732792155382 -0.5997013119447003
outer loop
vertex -21.938 -1.078 0.345
vertex -21.773 -2.144 0.459
vertex -21.858 -2.153 0.345
endloop
endfacet
facet normal 0.7048338538338159 0.052452751913213094 -0.7074305247206272
outer loop
vertex -21.938 -1.078 0.345
vertex -21.858 -2.153 0.345
vertex -22.039 -1.083 0.244
endloop
endfacet
facet normal 0.7035611676461179 0.052115642047861795 -0.7087211322053056
outer loop
vertex -22.039 -1.083 0.244
vertex -21.858 -2.153 0.345
vertex -21.959 -2.163 0.244
endloop
endfacet
facet normal 0.5959196106532713 0.04414219338172483 -0.8018299597809401
outer loop
vertex -22.039 -1.083 0.244
vertex -21.959 -2.163 0.244
vertex -22.153 -1.088 0.159
endloop
endfacet
facet normal 0.5944548049165975 0.04379040920195837 -0.8029357913142838
outer loop
vertex -22.153 -1.088 0.159
vertex -21.959 -2.163 0.244
vertex -22.073 -2.174 0.159
endloop
endfacet
facet normal 0.48165232419906046 0.03548083419514182 -0.8756438482616434
outer loop
vertex -22.153 -1.088 0.159
vertex -22.073 -2.174 0.159
vertex -22.278 -1.094 0.09
endloop
endfacet
facet normal 0.4832774794130323 0.03584750534107636 -0.8747330074102656
outer loop
vertex -22.278 -1.094 0.09
vertex -22.073 -2.174 0.159
vertex -22.197 -2.186 0.09
endloop
endfacet
facet normal 0.34440838003778124 0.025546775442362744 -0.9384722851657626
outer loop
vertex -22.278 -1.094 0.09
vertex -22.197 -2.186 0.09
vertex -22.411 -1.101 0.041
endloop
endfacet
facet normal 0.3434131786103414 0.025333759077813038 -0.9388426861874832
outer loop
vertex -22.411 -1.101 0.041
vertex -22.197 -2.186 0.09
vertex -22.33 -2.199 0.041
endloop
endfacet
facet normal 0.21687840430950558 0.01599922654742315 -0.9760675091888096
outer loop
vertex -22.411 -1.101 0.041
vertex -22.33 -2.199 0.041
vertex -22.55 -1.108 0.01
endloop
endfacet
facet normal 0.216126224686401 0.01584273683221573 -0.9762368886148836
outer loop
vertex -22.55 -1.108 0.01
vertex -22.33 -2.199 0.041
vertex -22.469 -2.213 0.01
endloop
endfacet
facet normal 0.06951059148019156 0.005095346524792292 -0.9975682007340984
outer loop
vertex -22.55 -1.108 0.01
vertex -22.469 -2.213 0.01
vertex -22.693 -1.115 0.0
endloop
endfacet
facet normal 0.06974307294492905 0.005142924443780786 -0.9975517300392815
outer loop
vertex -22.693 -1.115 0.0
vertex -22.469 -2.213 0.01
vertex -22.611 -2.227 0.0
endloop
endfacet
facet normal 0.0 -0.0 -1.0
outer loop
vertex -22.611 -2.227 0.0
vertex -22.474 -3.334 0.0
vertex -34.831 -3.431 0.0
endloop
endfacet
facet normal 0.0 -0.0 -1.0
outer loop
vertex -34.831 -3.431 0.0
vertex -22.474 -3.334 0.0
vertex -34.621 -5.136 0.0
endloop
endfacet
facet normal -0.992500149235439 -0.12224342014043581 0.0
outer loop
vertex -34.831 -3.431 0.0
vertex -34.621 -5.136 0.0
vertex -34.831 -3.431 3.0
endloop
endfacet
facet normal -0.992500149235439 -0.12224342014043581 0.0
outer loop
vertex -34.831 -3.431 3.0
vertex -34.621 -5.136 0.0
vertex -34.621 -5.136 3.0
endloop
endfacet
facet normal -0.0 0.0 1.0
outer loop
vertex -34.831 -3.431 3.0
vertex -34.621 -5.136 3.0
vertex -29.895 -2.944 3.0
endloop
endfacet
facet normal -0.0 0.0 1.0
outer loop
vertex -29.895 -2.944 3.0
vertex -34.621 -5.136 3.0
vertex -29.715 -4.408 3.0
endloop
endfacet
facet normal -0.9925261778147189 -0.12203190710836685 0.0
outer loop
vertex -29.895 -2.944 3.0
vertex -29.715 -4.408 3.0
vertex -29.895 -2.944 52.0
endloop
endfacet
facet normal -0.9925261778147189 -0.12203190710836685 0.0
outer loop
vertex -29.895 -2.944 52.0
vertex -29.715 -4.408 3.0
vertex -29.715 -4.408 52.0
endloop
endfacet
facet normal -0.7019895098252616 -0.08631018563425331 0.7069379604682928
outer loop
vertex -29.895 -2.944 52.0
vertex -29.715 -4.408 52.0
vertex -28.9 -2.846 53.0
endloop
endfacet
facet normal -0.7019793142656503 -0.08632113122418572 0.7069467480986841
outer loop
vertex -28.9 -2.846 53.0
vertex -29.715 -4.408 52.0
vertex -28.726 -4.261 53.0
endloop
endfacet
facet normal -0.0 0.0 1.0
outer loop
vertex -28.9 -2.846 53.0
vertex -28.726 -4.261 53.0
vertex -21.615 -2.129 53.0
endloop
endfacet
facet normal -0.0 0.0 1.0
outer loop
vertex -21.615 -2.129 53.0
vertex -28.726 -4.261 53.0
vertex -21.485 -3.187 53.0
endloop
endfacet
facet normal 0.9925354884882946 0.12195615643050788 0.0
outer loop
vertex -21.615 -2.129 53.0
vertex -21.485 -3.187 53.0
vertex -21.615 -2.129 1.0
endloop
endfacet
facet normal 0.9925354884882946 0.12195615643050788 0.0
outer loop
vertex -21.615 -2.129 1.0
vertex -21.485 -3.187 53.0
vertex -21.485 -3.187 1.0
endloop
endfacet
facet normal 0.9895494039744658 0.1215892462350469 -0.07751149781659789
outer loop
vertex -21.615 -2.129 1.0
vertex -21.485 -3.187 1.0
vertex -21.626 -2.13 0.858
endloop
endfacet
facet normal 0.9899466951524389 0.12257374013702238 -0.07057775134973943
outer loop
vertex -21.626 -2.13 0.858
vertex -21.485 -3.187 1.0
vertex -21.495 -3.188 0.858
endloop
endfacet
facet normal 0.9701911053010085 0.12012763213084338 -0.2104722575387175
outer loop
vertex -21.626 -2.13 0.858
vertex -21.495 -3.188 0.858
vertex -21.656 -2.133 0.718
endloop
endfacet
facet normal 0.9698674696142033 0.11986097973534043 -0.2121094927650032
outer loop
vertex -21.656 -2.133 0.718
vertex -21.495 -3.188 0.858
vertex -21.525 -3.193 0.718
endloop
endfacet
facet normal 0.9307049098062408 0.11502107847605447 -0.34721538325477874
outer loop
vertex -21.656 -2.133 0.718
vertex -21.525 -3.193 0.718
vertex -21.705 -2.138 0.585
endloop
endfacet
facet normal 0.9301719029599975 0.11473871872670109 -0.3487337915498468
outer loop
vertex -21.705 -2.138 0.585
vertex -21.525 -3.193 0.718
vertex -21.574 -3.2 0.585
endloop
endfacet
facet normal 0.8727559992511834 0.10765634265715826 -0.4761376667065451
outer loop
vertex -21.705 -2.138 0.585
vertex -21.574 -3.2 0.585
vertex -21.773 -2.144 0.459
endloop
endfacet
facet normal 0.8713852245946051 0.10708392534886817 -0.4787701152850789
outer loop
vertex -21.773 -2.144 0.459
vertex -21.574 -3.2 0.585
vertex -21.642 -3.21 0.459
endloop
endfacet
facet normal 0.7941502276225453 0.09759257018626044 -0.5998342322771346
outer loop
vertex -21.773 -2.144 0.459
vertex -21.642 -3.21 0.459
vertex -21.858 -2.153 0.345
endloop
endfacet
facet normal 0.7925672758251218 0.09703393750756183 -0.6020145581818799
outer loop
vertex -21.858 -2.153 0.345
vertex -21.642 -3.21 0.459
vertex -21.727 -3.223 0.345
endloop
endfacet
facet normal 0.7002465347409372 0.08573111780473174 -0.7087347642265479
outer loop
vertex -21.858 -2.153 0.345
vertex -21.727 -3.223 0.345
vertex -21.959 -2.163 0.244
endloop
endfacet
facet normal 0.7049154790748978 0.08721279880647513 -0.7039091525793285
outer loop
vertex -21.959 -2.163 0.244
vertex -21.727 -3.223 0.345
vertex -21.826 -3.238 0.244
endloop
endfacet
facet normal 0.5915953800271234 0.07319273073823895 -0.8029058042495664
outer loop
vertex -21.959 -2.163 0.244
vertex -21.826 -3.238 0.244
vertex -22.073 -2.174 0.159
endloop
endfacet
facet normal 0.5928303454531465 0.07355487619511282 -0.8019612594744364
outer loop
vertex -22.073 -2.174 0.159
vertex -21.826 -3.238 0.244
vertex -21.939 -3.254 0.159
endloop
endfacet
facet normal 0.4809588280929282 0.059674521263381984 -0.8747099846185954
outer loop
vertex -22.073 -2.174 0.159
vertex -21.939 -3.254 0.159
vertex -22.197 -2.186 0.09
endloop
endfacet
facet normal 0.4784782666901917 0.058984441339913374 -0.8761160790585731
outer loop
vertex -22.197 -2.186 0.09
vertex -21.939 -3.254 0.159
vertex -22.063 -3.273 0.09
endloop
endfacet
facet normal 0.34176984310053676 0.0421317009893947 -0.9388388009231269
outer loop
vertex -22.197 -2.186 0.09
vertex -22.063 -3.273 0.09
vertex -22.33 -2.199 0.041
endloop
endfacet
facet normal 0.34234209655697495 0.042283790517100586 -0.9386234441907366
outer loop
vertex -22.33 -2.199 0.041
vertex -22.063 -3.273 0.09
vertex -22.195 -3.292 0.041
endloop
endfacet
facet normal 0.2150478552964451 0.026561263005507468 -0.9762422441381807
outer loop
vertex -22.33 -2.199 0.041
vertex -22.195 -3.292 0.041
vertex -22.469 -2.213 0.01
endloop
endfacet
facet normal 0.21524130908007516 0.026611652758991647 -0.9761982374512517
outer loop
vertex -22.469 -2.213 0.01
vertex -22.195 -3.292 0.041
vertex -22.333 -3.313 0.01
endloop
endfacet
facet normal 0.06940411966165126 0.008580872976349786 -0.9975517213623338
outer loop
vertex -22.469 -2.213 0.01
vertex -22.333 -3.313 0.01
vertex -22.611 -2.227 0.0
endloop
endfacet
facet normal 0.06946759700724375 0.008597164218602009 -0.9975471626612135
outer loop
vertex -22.611 -2.227 0.0
vertex -22.333 -3.313 0.01
vertex -22.474 -3.334 0.0
endloop
endfacet
facet normal 0.0 -0.0 -1.0
outer loop
vertex -22.474 -3.334 0.0
vertex -22.283 -4.432 0.0
vertex -34.621 -5.136 0.0
endloop
endfacet
facet normal 0.0 -0.0 -1.0
outer loop
vertex -34.621 -5.136 0.0
vertex -22.283 -4.432 0.0
vertex -34.327 -6.828 0.0
endloop
endfacet
facet normal -0.985237385985719 -0.17119373018901024 0.0
outer loop
vertex -34.621 -5.136 0.0
vertex -34.327 -6.828 0.0
vertex -34.621 -5.136 3.0
endloop
endfacet
facet normal -0.985237385985719 -0.17119373018901024 0.0
outer loop
vertex -34.621 -5.136 3.0
vertex -34.327 -6.828 0.0
vertex -34.327 -6.828 3.0
endloop
endfacet
facet normal -0.0 0.0 1.0
outer loop
vertex -34.621 -5.136 3.0
vertex -34.327 -6.828 3.0
vertex -29.715 -4.408 3.0
endloop
endfacet
facet normal -0.0 0.0 1.0
outer loop
vertex -29.715 -4.408 3.0
vertex -34.327 -6.828 3.0
vertex -29.463 -5.861 3.0
endloop
endfacet
facet normal -0.9852912794797203 -0.1708832776523665 0.0
outer loop
vertex -29.715 -4.408 3.0
vertex -29.463 -5.861 3.0
vertex -29.715 -4.408 52.0
endloop
endfacet
facet normal -0.9852912794797203 -0.1708832776523665 0.0
outer loop
vertex -29.715 -4.408 52.0
vertex -29.463 -5.861 3.0
vertex -29.463 -5.861 52.0
endloop
endfacet
facet normal -0.6968549366441004 -0.12085852996167419 0.7069557362453819
outer loop
vertex -29.715 -4.408 52.0
vertex -29.463 -5.861 52.0
vertex -28.726 -4.261 53.0
endloop
endfacet
facet normal -0.6966391912032247 -0.12106834946836659 0.7071324430661644
outer loop
vertex -28.726 -4.261 53.0
vertex -29.463 -5.861 52.0
vertex -28.482 -5.665 53.0
endloop
endfacet
facet normal -0.0 0.0 1.0
outer loop
vertex -28.726 -4.261 53.0
vertex -28.482 -5.665 53.0
vertex -21.485 -3.187 53.0
endloop
endfacet
facet normal -0.0 0.0 1.0
outer loop
vertex -21.485 -3.187 53.0
vertex -28.482 -5.665 53.0
vertex -21.303 -4.237 53.0
endloop
endfacet
facet normal 0.9853080203996412 0.17078672353593644 0.0
outer loop
vertex -21.485 -3.187 53.0
vertex -21.303 -4.237 53.0
vertex -21.485 -3.187 1.0
endloop
endfacet
facet normal 0.9853080203996412 0.17078672353593644 0.0
outer loop
vertex -21.485 -3.187 1.0
vertex -21.303 -4.237 53.0
vertex -21.303 -4.237 1.0
endloop
endfacet
facet normal 0.9828622452079367 0.17036278916937433 -0.07041538902288959
outer loop
vertex -21.485 -3.187 1.0
vertex -21.303 -4.237 1.0
vertex -21.495 -3.188 0.858
endloop
endfacet
facet normal 0.9828058001337568 0.1701909187672178 -0.07160873125964795
outer loop
vertex -21.495 -3.188 0.858
vertex -21.303 -4.237 1.0
vertex -21.313 -4.239 0.858
endloop
endfacet
facet normal 0.962877212917232 0.16673991698471777 -0.21228582837455862
outer loop
vertex -21.495 -3.188 0.858
vertex -21.313 -4.239 0.858
vertex -21.525 -3.193 0.718
endloop
endfacet
facet normal 0.9638974229632931 0.16767417148505936 -0.2068505021060415
outer loop
vertex -21.525 -3.193 0.718
vertex -21.313 -4.239 0.858
vertex -21.342 -4.245 0.718
endloop
endfacet
facet normal 0.9233865533418252 0.16062712857562153 -0.34864910536677896
outer loop
vertex -21.525 -3.193 0.718
vertex -21.342 -4.245 0.718
vertex -21.574 -3.2 0.585
endloop
endfacet
facet normal 0.9222948178702468 0.15998099684384676 -0.3518214740156395
outer loop
vertex -21.574 -3.2 0.585
vertex -21.342 -4.245 0.718
vertex -21.391 -4.255 0.585
endloop
endfacet
facet normal 0.8650330430982095 0.1500483856748581 -0.47875183164623
outer loop
vertex -21.574 -3.2 0.585
vertex -21.391 -4.255 0.585
vertex -21.642 -3.21 0.459
endloop
endfacet
facet normal 0.866327297302406 0.15066561692215844 -0.47621096777182076
outer loop
vertex -21.642 -3.21 0.459
vertex -21.391 -4.255 0.585
vertex -21.458 -4.268 0.459
endloop
endfacet
facet normal 0.7866085701470552 0.13680149046035825 -0.6021065599867103
outer loop
vertex -21.642 -3.21 0.459
vertex -21.458 -4.268 0.459
vertex -21.727 -3.223 0.345
endloop
endfacet
facet normal 0.7875630432780013 0.1371931855051122 -0.6007682437626451
outer loop
vertex -21.727 -3.223 0.345
vertex -21.458 -4.268 0.459
vertex -21.542 -4.285 0.345
endloop
endfacet
facet normal 0.699707857801728 0.12188884528561088 -0.7039545604124297
outer loop
vertex -21.727 -3.223 0.345
vertex -21.542 -4.285 0.345
vertex -21.826 -3.238 0.244
endloop
endfacet
facet normal 0.696845392196096 0.12082136603212686 -0.7069714965153828
outer loop
vertex -21.826 -3.238 0.244
vertex -21.542 -4.285 0.345
vertex -21.641 -4.305 0.244
endloop
endfacet
facet normal 0.5887205029586058 0.10207431400875672 -0.801865951276027
outer loop
vertex -21.826 -3.238 0.244
vertex -21.641 -4.305 0.244
vertex -21.939 -3.254 0.159
endloop
endfacet
facet normal 0.5885927862067013 0.10203006359221471 -0.8019653347550636
outer loop
vertex -21.939 -3.254 0.159
vertex -21.641 -4.305 0.244
vertex -21.753 -4.327 0.159
endloop
endfacet
facet normal 0.47492877197282257 0.0823268887110391 -0.8761649073933211
outer loop
vertex -21.939 -3.254 0.159
vertex -21.753 -4.327 0.159
vertex -22.063 -3.273 0.09
endloop
endfacet
facet normal 0.4752999278772817 0.08244998748891515 -0.8759520409947844
outer loop
vertex -22.063 -3.273 0.09
vertex -21.753 -4.327 0.159
vertex -21.876 -4.351 0.09
endloop
endfacet
facet normal 0.33993176374868855 0.05896775493599624 -0.9385995950737002
outer loop
vertex -22.063 -3.273 0.09
vertex -21.876 -4.351 0.09
vertex -22.195 -3.292 0.041
endloop
endfacet
facet normal 0.33947074776540703 0.058820737861655426 -0.9387756559524782
outer loop
vertex -22.195 -3.292 0.041
vertex -21.876 -4.351 0.09
vertex -22.007 -4.377 0.041
endloop
endfacet
facet normal 0.21365912542345444 0.03702112034987022 -0.9762065430897937
outer loop
vertex -22.195 -3.292 0.041
vertex -22.007 -4.377 0.041
vertex -22.333 -3.313 0.01
endloop
endfacet
facet normal 0.21336164744600847 0.0369279774425784 -0.976275131241765
outer loop
vertex -22.333 -3.313 0.01
vertex -22.007 -4.377 0.041
vertex -22.144 -4.405 0.01
endloop
endfacet
facet normal 0.0689701631992076 0.011937143630632087 -0.9975473027331668
outer loop
vertex -22.333 -3.313 0.01
vertex -22.144 -4.405 0.01
vertex -22.474 -3.334 0.0
endloop
endfacet
facet normal 0.06941804665672546 0.012075452560504997 -0.9975145704418676
outer loop
vertex -22.474 -3.334 0.0
vertex -22.144 -4.405 0.01
vertex -22.283 -4.432 0.0
endloop
endfacet
facet normal 0.0 -0.0 -1.0
outer loop
vertex -22.283 -4.432 0.0
vertex -22.039 -5.521 0.0
vertex -34.327 -6.828 0.0
endloop
endfacet
facet normal 0.0 -0.0 -1.0
outer loop
vertex -34.327 -6.828 0.0
vertex -22.039 -5.521 0.0
vertex -33.951 -8.504 0.0
endloop
endfacet
facet normal -0.9757467140187474 -0.21890260409966997 0.0
outer loop
vertex -34.327 -6.828 0.0
vertex -33.951 -8.504 0.0
vertex -34.327 -6.828 3.0
endloop
endfacet
facet normal -0.9757467140187474 -0.21890260409966997 0.0
outer loop
vertex -34.327 -6.828 3.0
vertex -33.951 -8.504 0.0
vertex -33.951 -8.504 3.0
endloop
endfacet
facet normal -0.0 0.0 1.0
outer loop
vertex -34.327 -6.828 3.0
vertex -33.951 -8.504 3.0
vertex -29.463 -5.861 3.0
endloop
endfacet
facet normal -0.0 0.0 1.0
outer loop
vertex -29.463 -5.861 3.0
vertex -33.951 -8.504 3.0
vertex -29.14 -7.299 3.0
endloop
endfacet
facet normal -0.9756896104808593 -0.2191569848298455 0.0
outer loop
vertex -29.463 -5.861 3.0
vertex -29.14 -7.299 3.0
vertex -29.463 -5.861 52.0
endloop
endfacet
facet normal -0.9756896104808593 -0.2191569848298455 0.0
outer loop
vertex -29.463 -5.861 52.0
vertex -29.14 -7.299 3.0
vertex -29.14 -7.299 52.0
endloop
endfacet
facet normal -0.6898800797693094 -0.15495915560882276 0.7071443527530229
outer loop
vertex -29.463 -5.861 52.0
vertex -29.14 -7.299 52.0
vertex -28.482 -5.665 53.0
endloop
endfacet
facet normal -0.6900787209882401 -0.15478401218427695 0.7069888743193715
outer loop
vertex -28.482 -5.665 53.0
vertex -29.14 -7.299 52.0
vertex -28.17 -7.056 53.0
endloop
endfacet
facet normal -0.0 0.0 1.0
outer loop
vertex -28.482 -5.665 53.0
vertex -28.17 -7.056 53.0
vertex -21.303 -4.237 53.0
endloop
endfacet
facet normal -0.0 0.0 0.9999999999999999
outer loop
vertex -21.303 -4.237 53.0
vertex -28.17 -7.056 53.0
vertex -21.069 -5.278 53.0
endloop
endfacet
facet normal 0.9756548963731482 0.21931147526543562 0.0
outer loop
vertex -21.303 -4.237 53.0
vertex -21.069 -5.278 53.0
vertex -21.303 -4.237 1.0
endloop
endfacet
facet normal 0.9756548963731482 0.21931147526543562 0.0
outer loop
vertex -21.303 -4.237 1.0
vertex -21.069 -5.278 53.0
vertex -21.069 -5.278 1.0
endloop
endfacet
facet normal 0.9731499203314922 0.21874839707739763 -0.07161264786949097
outer loop
vertex -21.303 -4.237 1.0
vertex -21.069 -5.278 1.0
vertex -21.313 -4.239 0.858
endloop
endfacet
facet normal 0.9731499203314911 0.21874839707739394 -0.07161264786951665
outer loop
vertex -21.313 -4.239 0.858
vertex -21.069 -5.278 1.0
vertex -21.079 -5.28 0.858
endloop
endfacet
facet normal 0.9545393032175189 0.21456503069442617 -0.20692164269624705
outer loop
vertex -21.313 -4.239 0.858
vertex -21.079 -5.28 0.858
vertex -21.342 -4.245 0.718
endloop
endfacet
facet normal 0.9542797776216082 0.21430083297836341 -0.20838728129910736
outer loop
vertex -21.342 -4.245 0.718
vertex -21.079 -5.28 0.858
vertex -21.108 -5.287 0.718
endloop
endfacet
facet normal 0.9132928667069117 0.2050964787038539 -0.35189710718553907
outer loop
vertex -21.342 -4.245 0.718
vertex -21.108 -5.287 0.718
vertex -21.391 -4.255 0.585
endloop
endfacet
facet normal 0.9123836983396839 0.2044997944554447 -0.35459247182037196
outer loop
vertex -21.391 -4.255 0.585
vertex -21.108 -5.287 0.718
vertex -21.157 -5.299 0.585
endloop
endfacet
facet normal 0.8580862028809141 0.19232966616296196 -0.47612747026301516
outer loop
vertex -21.391 -4.255 0.585
vertex -21.157 -5.299 0.585
vertex -21.458 -4.268 0.459
endloop
endfacet
facet normal 0.85835530356838 0.19247471024672594 -0.4755834929341781
outer loop
vertex -21.458 -4.268 0.459
vertex -21.157 -5.299 0.585
vertex -21.223 -5.316 0.459
endloop
endfacet
facet normal 0.7800096690756636 0.17490674831372185 -0.6008265519622066
outer loop
vertex -21.458 -4.268 0.459
vertex -21.223 -5.316 0.459
vertex -21.542 -4.285 0.345
endloop
endfacet
facet normal 0.7803230991997825 0.1750534709231457 -0.6003766677453464
outer loop
vertex -21.542 -4.285 0.345
vertex -21.223 -5.316 0.459
vertex -21.306 -5.337 0.345
endloop
endfacet
facet normal 0.6900370353367297 0.1547991828321946 -0.7070262391581955
outer loop
vertex -21.542 -4.285 0.345
vertex -21.306 -5.337 0.345
vertex -21.641 -4.305 0.244
endloop
endfacet
facet normal 0.6903643514359257 0.1549397266006754 -0.7066758403874874
outer loop
vertex -21.641 -4.305 0.244
vertex -21.306 -5.337 0.345
vertex -21.404 -5.361 0.244
endloop
endfacet
facet normal 0.5829128065968908 0.13082418102600582 -0.8019337214285297
outer loop
vertex -21.641 -4.305 0.244
vertex -21.404 -5.361 0.244
vertex -21.753 -4.327 0.159
endloop
endfacet
facet normal 0.5818468909065121 0.1303950659470335 -0.8027772557310615
outer loop
vertex -21.753 -4.327 0.159
vertex -21.404 -5.361 0.244
vertex -21.515 -5.389 0.159
endloop
endfacet
facet normal 0.4707824059520148 0.10550490830186374 -0.8759181700194646
outer loop
vertex -21.753 -4.327 0.159
vertex -21.515 -5.389 0.159
vertex -21.876 -4.351 0.09
endloop
endfacet
facet normal 0.47195358872747556 0.10595777483123955 -0.8752329747216276
outer loop
vertex -21.876 -4.351 0.09
vertex -21.515 -5.389 0.159
vertex -21.636 -5.42 0.09
endloop
endfacet
facet normal 0.336165320525151 0.07547210189526372 -0.938774115062688
outer loop
vertex -21.876 -4.351 0.09
vertex -21.636 -5.42 0.09
vertex -22.007 -4.377 0.041
endloop
endfacet
facet normal 0.33544050022856897 0.0752010795861267 -0.9390550933973408
outer loop
vertex -22.007 -4.377 0.041
vertex -21.636 -5.42 0.09
vertex -21.766 -5.452 0.041
endloop
endfacet
facet normal 0.21123333502492897 0.04735556627070562 -0.9762878307740127
outer loop
vertex -22.007 -4.377 0.041
vertex -21.766 -5.452 0.041
vertex -22.144 -4.405 0.01
endloop
endfacet
facet normal 0.21212702492460495 0.047684428359554776 -0.9760780299692533
outer loop
vertex -22.144 -4.405 0.01
vertex -21.766 -5.452 0.041
vertex -21.901 -5.486 0.01
endloop
endfacet
facet normal 0.06876112672603708 0.015456941530459685 -0.9975134036241767
outer loop
vertex -22.144 -4.405 0.01
vertex -21.901 -5.486 0.01
vertex -22.283 -4.432 0.0
endloop
endfacet
facet normal 0.06839867551762747 0.015325323072820106 -0.9975403528981412
outer loop
vertex -22.283 -4.432 0.0
vertex -21.901 -5.486 0.01
vertex -22.039 -5.521 0.0
endloop
endfacet
facet normal 0.0 -0.0 -1.0
outer loop
vertex -22.039 -5.521 0.0
vertex -21.742 -6.595 0.0
vertex -33.951 -8.504 0.0
endloop
endfacet
facet normal 0.0 -0.0 -1.0
outer loop
vertex -33.951 -8.504 0.0
vertex -21.742 -6.595 0.0
vertex -33.493 -10.16 0.0
endloop
endfacet
facet normal -0.9638174834783934 -0.2665630479668493 0.0
outer loop
vertex -33.951 -8.504 0.0
vertex -33.493 -10.16 0.0
vertex -33.951 -8.504 3.0
endloop
endfacet
facet normal -0.9638174834783934 -0.2665630479668493 0.0
outer loop
vertex -33.951 -8.504 3.0
vertex -33.493 -10.16 0.0
vertex -33.493 -10.16 3.0
endloop
endfacet
facet normal -0.0 0.0 1.0
outer loop
vertex -33.951 -8.504 3.0
vertex -33.493 -10.16 3.0
vertex -29.14 -7.299 3.0
endloop
endfacet
facet normal -0.0 0.0 1.0
outer loop
vertex -29.14 -7.299 3.0
vertex -33.493 -10.16 3.0
vertex -28.746 -8.72 3.0
endloop
endfacet
facet normal -0.9636441044307671 -0.26718914647834197 0.0
outer loop
vertex -29.14 -7.299 3.0
vertex -28.746 -8.72 3.0
vertex -29.14 -7.299 52.0
endloop
endfacet
facet normal -0.9636441044307671 -0.26718914647834197 0.0
outer loop
vertex -29.14 -7.299 52.0
vertex -28.746 -8.72 3.0
vertex -28.746 -8.72 52.0
endloop
endfacet
facet normal -0.6815145343716053 -0.1889632136118323 0.7069871592481316
outer loop
vertex -29.14 -7.299 52.0
vertex -28.746 -8.72 52.0
vertex -28.17 -7.056 53.0
endloop
endfacet
facet normal -0.6819616128248301 -0.1886065595876545 0.7066512041409573
outer loop
vertex -28.17 -7.056 53.0
vertex -28.746 -8.72 52.0
vertex -27.79 -8.43 53.0
endloop
endfacet
facet normal -0.0 0.0 1.0
outer loop
vertex -28.17 -7.056 53.0
vertex -27.79 -8.43 53.0
vertex -21.069 -5.278 53.0
endloop
endfacet
facet normal -0.0 0.0 1.0
outer loop
vertex -21.069 -5.278 53.0
vertex -27.79 -8.43 53.0
vertex -20.785 -6.305 53.0
endloop
endfacet
facet normal 0.9638265101561043 0.2665304078717941 0.0
outer loop
vertex -21.069 -5.278 53.0
vertex -20.785 -6.305 53.0
vertex -21.069 -5.278 1.0
endloop
endfacet
facet normal 0.9638265101561043 0.2665304078717941 0.0
outer loop
vertex -21.069 -5.278 1.0
vertex -20.785 -6.305 53.0
vertex -20.785 -6.305 1.0
endloop
endfacet
facet normal 0.9613634214201455 0.26584928109378797 -0.07144600546754018
outer loop
vertex -21.069 -5.278 1.0
vertex -20.785 -6.305 1.0
vertex -21.079 -5.28 0.858
endloop
endfacet
facet normal 0.9615142953990887 0.2665676791719266 -0.06657275842329533
outer loop
vertex -21.079 -5.28 0.858
vertex -20.785 -6.305 1.0
vertex -20.794 -6.308 0.858
endloop
endfacet
facet normal 0.9425143366535272 0.2613001808815715 -0.2083001216365937
outer loop
vertex -21.079 -5.28 0.858
vertex -20.794 -6.308 0.858
vertex -21.108 -5.287 0.718
endloop
endfacet
facet normal 0.9407811618269564 0.25939985432898494 -0.21827166816979077
outer loop
vertex -21.108 -5.287 0.718
vertex -20.794 -6.308 0.858
vertex -20.824 -6.317 0.718
endloop
endfacet
facet normal 0.9014095288014183 0.24854398658213767 -0.3545232687989086
outer loop
vertex -21.108 -5.287 0.718
vertex -20.824 -6.317 0.718
vertex -21.157 -5.299 0.585
endloop
endfacet
facet normal 0.9041907230486734 0.2505799872014746 -0.3459028857451555
outer loop
vertex -21.157 -5.299 0.585
vertex -20.824 -6.317 0.718
vertex -20.871 -6.331 0.585
endloop
endfacet
facet normal 0.8476561640284166 0.2349124640621398 -0.4757049104359592
outer loop
vertex -21.157 -5.299 0.585
vertex -20.871 -6.331 0.585
vertex -21.223 -5.316 0.459
endloop
endfacet
facet normal 0.8455747240058112 0.23365639716488906 -0.4800084105371696
outer loop
vertex -21.223 -5.316 0.459
vertex -20.871 -6.331 0.585
vertex -20.937 -6.351 0.459
endloop
endfacet
facet normal 0.7707930818569513 0.21299209798172597 -0.6004268408047777
outer loop
vertex -21.223 -5.316 0.459
vertex -20.937 -6.351 0.459
vertex -21.306 -5.337 0.345
endloop
endfacet
facet normal 0.7734161134153767 0.21438290727971948 -0.5965462970933173
outer loop
vertex -21.306 -5.337 0.345
vertex -20.937 -6.351 0.459
vertex -21.018 -6.376 0.345
endloop
endfacet
facet normal 0.6819198658606321 0.18902109852537258 -0.706580724940101
outer loop
vertex -21.306 -5.337 0.345
vertex -21.018 -6.376 0.345
vertex -21.404 -5.361 0.244
endloop
endfacet
facet normal 0.6807325790064561 0.18844034035715207 -0.7078795052869518
outer loop
vertex -21.404 -5.361 0.244
vertex -21.018 -6.376 0.345
vertex -21.115 -6.405 0.244
endloop
endfacet
facet normal 0.5746334924863249 0.1590699993568474 -0.802803266446756
outer loop
vertex -21.404 -5.361 0.244
vertex -21.115 -6.405 0.244
vertex -21.515 -5.389 0.159
endloop
endfacet
facet normal 0.5764670627618546 0.15991602980333647 -0.801319280288861
outer loop
vertex -21.515 -5.389 0.159
vertex -21.115 -6.405 0.244
vertex -21.224 -6.438 0.159
endloop
endfacet
facet normal 0.4660094431131226 0.12927430690745367 -0.8752847265335976
outer loop
vertex -21.515 -5.389 0.159
vertex -21.224 -6.438 0.159
vertex -21.636 -5.42 0.09
endloop
endfacet
facet normal 0.46426635431942487 0.12849836536613385 -0.876324667201136
outer loop
vertex -21.636 -5.42 0.09
vertex -21.224 -6.438 0.159
vertex -21.344 -6.475 0.09
endloop
endfacet
facet normal 0.3313674216674207 0.09171496410131395 -0.9390335442450288
outer loop
vertex -21.636 -5.42 0.09
vertex -21.344 -6.475 0.09
vertex -21.766 -5.452 0.041
endloop
endfacet
facet normal 0.3320540023195343 0.09201119385668433 -0.9387619931317238
outer loop
vertex -21.766 -5.452 0.041
vertex -21.344 -6.475 0.09
vertex -21.472 -6.513 0.041
endloop
endfacet
facet normal 0.20951542150552133 0.0580561111429054 -0.976080312325951
outer loop
vertex -21.766 -5.452 0.041
vertex -21.472 -6.513 0.041
vertex -21.901 -5.486 0.01
endloop
endfacet
facet normal 0.20959547874598322 0.0580901326861525 -0.9760611004305761
outer loop
vertex -21.901 -5.486 0.01
vertex -21.472 -6.513 0.041
vertex -21.605 -6.554 0.01
endloop
endfacet
facet normal 0.06753815545904283 0.018718440089772123 -0.997541085649005
outer loop
vertex -21.901 -5.486 0.01
vertex -21.605 -6.554 0.01
vertex -22.039 -5.521 0.0
endloop
endfacet
facet normal 0.0672493189839136 0.01859687871342866 -0.9975628728046758
outer loop
vertex -22.039 -5.521 0.0
vertex -21.605 -6.554 0.01
vertex -21.742 -6.595 0.0
endloop
endfacet
facet normal 0.0 -0.0 -0.9999999999999999
outer loop
vertex -21.742 -6.595 0.0
vertex -21.392 -7.654 0.0
vertex -33.493 -10.16 0.0
endloop
endfacet
facet normal 0.0 -0.0 -1.0
outer loop
vertex -33.493 -10.16 0.0
vertex -21.392 -7.654 0.0
vertex -32.954 -11.791 0.0
endloop
endfacet
facet normal -0.94949516452424 -0.3137816638127325 0.0
outer loop
vertex -33.493 -10.16 0.0
vertex -32.954 -11.791 0.0
vertex -33.493 -10.16 3.0
endloop
endfacet
facet normal -0.94949516452424 -0.3137816638127325 0.0
outer loop
vertex -33.493 -10.16 3.0
vertex -32.954 -11.791 0.0
vertex -32.954 -11.791 3.0
endloop
endfacet
facet normal -0.0 0.0 1.0
outer loop
vertex -33.493 -10.16 3.0
vertex -32.954 -11.791 3.0
vertex -28.746 -8.72 3.0
endloop
endfacet
facet normal -0.0 0.0 1.0
outer loop
vertex -28.746 -8.72 3.0
vertex -32.954 -11.791 3.0
vertex -28.284 -10.12 3.0
endloop
endfacet
facet normal -0.9496286491027328 -0.31337745420390195 0.0
outer loop
vertex -28.746 -8.72 3.0
vertex -28.284 -10.12 3.0
vertex -28.746 -8.72 52.0
endloop
endfacet
facet normal -0.9496286491027328 -0.31337745420390195 0.0
outer loop
vertex -28.746 -8.72 52.0
vertex -28.284 -10.12 3.0
vertex -28.284 -10.12 52.0
endloop
endfacet
facet normal -0.6719172525868845 -0.221732693353672 0.7066553745456263
outer loop
vertex -28.746 -8.72 52.0
vertex -28.284 -10.12 52.0
vertex -27.79 -8.43 53.0
endloop
endfacet
facet normal -0.6712042035287714 -0.222246476852099 0.70717142242326
outer loop
vertex -27.79 -8.43 53.0
vertex -28.284 -10.12 52.0
vertex -27.342 -9.783 53.0
endloop
endfacet
facet normal -0.0 0.0 1.0
outer loop
vertex -27.79 -8.43 53.0
vertex -27.342 -9.783 53.0
vertex -20.785 -6.305 53.0
endloop
endfacet
facet normal -0.0 0.0 0.9999999999999999
outer loop
vertex -20.785 -6.305 53.0
vertex -27.342 -9.783 53.0
vertex -20.45 -7.317 53.0
endloop
endfacet
facet normal 0.9493379093534396 0.3142571142622559 0.0
outer loop
vertex -20.785 -6.305 53.0
vertex -20.45 -7.317 53.0
vertex -20.785 -6.305 1.0
endloop
endfacet
facet normal 0.9493379093534396 0.3142571142622559 0.0
outer loop
vertex -20.785 -6.305 1.0
vertex -20.45 -7.317 53.0
vertex -20.45 -7.317 1.0
endloop
endfacet
facet normal 0.9472263469273907 0.31355812867655786 -0.0666599401998351
outer loop
vertex -20.785 -6.305 1.0
vertex -20.45 -7.317 1.0
vertex -20.794 -6.308 0.858
endloop
endfacet
facet normal 0.9469999037052337 0.31223886262344297 -0.07548559498272851
outer loop
vertex -20.794 -6.308 0.858
vertex -20.45 -7.317 1.0
vertex -20.46 -7.321 0.858
endloop
endfacet
facet normal 0.9268152177626935 0.3055836947016183 -0.21824792703711804
outer loop
vertex -20.794 -6.308 0.858
vertex -20.46 -7.321 0.858
vertex -20.824 -6.317 0.718
endloop
endfacet
facet normal 0.928545639109861 0.30768376207190834 -0.20768653939852985
outer loop
vertex -20.824 -6.317 0.718
vertex -20.46 -7.321 0.858
vertex -20.488 -7.331 0.718
endloop
endfacet
facet normal 0.8906769045922722 0.29513554235010375 -0.3458173842762082
outer loop
vertex -20.824 -6.317 0.718
vertex -20.488 -7.331 0.718
vertex -20.871 -6.331 0.585
endloop
endfacet
facet normal 0.8888756039749285 0.29366981606251213 -0.3516506786457497
outer loop
vertex -20.871 -6.331 0.585
vertex -20.488 -7.331 0.718
vertex -20.535 -7.348 0.585
endloop
endfacet
facet normal 0.8329808781410901 0.27520312198171604 -0.480006352356732
outer loop
vertex -20.871 -6.331 0.585
vertex -20.535 -7.348 0.585
vertex -20.937 -6.351 0.459
endloop
endfacet
facet normal 0.8330020854341114 0.2752173556777404 -0.47996138677624217
outer loop
vertex -20.937 -6.351 0.459
vertex -20.535 -7.348 0.585
vertex -20.6 -7.371 0.459
endloop
endfacet
facet normal 0.7620017379897289 0.2517593977475866 -0.596632681761907
outer loop
vertex -20.937 -6.351 0.459
vertex -20.6 -7.371 0.459
vertex -21.018 -6.376 0.345
endloop
endfacet
facet normal 0.7610980357357053 0.25122181257682535 -0.5980111879261668
outer loop
vertex -21.018 -6.376 0.345
vertex -20.6 -7.371 0.459
vertex -20.68 -7.4 0.345
endloop
endfacet
facet normal 0.6708030253810929 0.22141740486211922 -0.7078118633957028
outer loop
vertex -21.018 -6.376 0.345
vertex -20.68 -7.4 0.345
vertex -21.115 -6.405 0.244
endloop
endfacet
facet normal 0.6718358962116242 0.22198659350043942 -0.7066530130605787
outer loop
vertex -21.115 -6.405 0.244
vertex -20.68 -7.4 0.345
vertex -20.775 -7.434 0.244
endloop
endfacet
facet normal 0.5680478778362024 0.18769317635015428 -0.8013069823964949
outer loop
vertex -21.115 -6.405 0.244
vertex -20.775 -7.434 0.244
vertex -21.224 -6.438 0.159
endloop
endfacet
facet normal 0.5661795747364715 0.18671879592373045 -0.8028553919604828
outer loop
vertex -21.224 -6.438 0.159
vertex -20.775 -7.434 0.244
vertex -20.883 -7.472 0.159
endloop
endfacet
facet normal 0.45740315079601174 0.15084571994336599 -0.8763720251221216
outer loop
vertex -21.224 -6.438 0.159
vertex -20.883 -7.472 0.159
vertex -21.344 -6.475 0.09
endloop
endfacet
facet normal 0.45828907415959613 0.1512927357427732 -0.8758319659714455
outer loop
vertex -21.344 -6.475 0.09
vertex -20.883 -7.472 0.159
vertex -21.001 -7.514 0.09
endloop
endfacet
facet normal 0.3272818419520161 0.1080439574490293 -0.9387295133249236
outer loop
vertex -21.344 -6.475 0.09
vertex -21.001 -7.514 0.09
vertex -21.472 -6.513 0.041
endloop
endfacet
facet normal 0.3266758325078355 0.10774680900115106 -0.9389747204293531
outer loop
vertex -21.472 -6.513 0.041
vertex -21.001 -7.514 0.09
vertex -21.127 -7.559 0.041
endloop
endfacet
facet normal 0.20650832602112348 0.06811221078134616 -0.9760712258982082
outer loop
vertex -21.472 -6.513 0.041
vertex -21.127 -7.559 0.041
vertex -21.605 -6.554 0.01
endloop
endfacet
facet normal 0.20653525100847978 0.06812522062732204 -0.976064621019194
outer loop
vertex -21.605 -6.554 0.01
vertex -21.127 -7.559 0.041
vertex -21.258 -7.606 0.01
endloop
endfacet
facet normal 0.06627272894548648 0.021859921049509415 -0.9975620628561549
outer loop
vertex -21.605 -6.554 0.01
vertex -21.258 -7.606 0.01
vertex -21.742 -6.595 0.0
endloop
endfacet
facet normal 0.06656298556509012 0.021999098156545452 -0.9975396777236283
outer loop
vertex -21.742 -6.595 0.0
vertex -21.258 -7.606 0.01
vertex -21.392 -7.654 0.0
endloop
endfacet
facet normal 0.0 -0.0 -1.0
outer loop
vertex -21.392 -7.654 0.0
vertex -20.991 -8.695 0.0
vertex -32.954 -11.791 0.0
endloop
endfacet
facet normal 0.0 -0.0 -1.0
outer loop
vertex -32.954 -11.791 0.0
vertex -20.991 -8.695 0.0
vertex -32.336 -13.394 0.0
endloop
endfacet
facet normal -0.9330602770744716 -0.3597200569133035 0.0
outer loop
vertex -32.954 -11.791 0.0
vertex -32.336 -13.394 0.0
vertex -32.954 -11.791 3.0
endloop
endfacet
facet normal -0.9330602770744716 -0.3597200569133035 0.0
outer loop
vertex -32.954 -11.791 3.0
vertex -32.336 -13.394 0.0
vertex -32.336 -13.394 3.0
endloop
endfacet
facet normal -0.0 0.0 1.0
outer loop
vertex -32.954 -11.791 3.0
vertex -32.336 -13.394 3.0
vertex -28.284 -10.12 3.0
endloop
endfacet
facet normal -0.0 0.0 0.9999999999999999
outer loop
vertex -28.284 -10.12 3.0
vertex -32.336 -13.394 3.0
vertex -27.753 -11.496 3.0
endloop
endfacet
facet normal -0.9329431074995648 -0.3600238300016477 0.0
outer loop
vertex -28.284 -10.12 3.0
vertex -27.753 -11.496 3.0
vertex -28.284 -10.12 52.0
endloop
endfacet
facet normal -0.9329431074995648 -0.3600238300016477 0.0
outer loop
vertex -28.284 -10.12 52.0
vertex -27.753 -11.496 3.0
vertex -27.753 -11.496 52.0
endloop
endfacet
facet normal -0.6596374802011241 -0.2545548706299388 0.7071634977517484
outer loop
vertex -28.284 -10.12 52.0
vertex -27.753 -11.496 52.0
vertex -27.342 -9.783 53.0
endloop
endfacet
facet normal -0.6597566934658271 -0.2544775817653895 0.7070800985785684
outer loop
vertex -27.342 -9.783 53.0
vertex -27.753 -11.496 52.0
vertex -26.829 -11.113 53.0
endloop
endfacet
facet normal -0.0 0.0 1.0
outer loop
vertex -27.342 -9.783 53.0
vertex -26.829 -11.113 53.0
vertex -20.45 -7.317 53.0
endloop
endfacet
facet normal -0.0 0.0 1.0
outer loop
vertex -20.45 -7.317 53.0
vertex -26.829 -11.113 53.0
vertex -20.067 -8.312 53.0
endloop
endfacet
facet normal 0.933248877645648 0.3592304725007866 0.0
outer loop
vertex -20.45 -7.317 53.0
vertex -20.067 -8.312 53.0
vertex -20.45 -7.317 1.0
endloop
endfacet
facet normal 0.933248877645648 0.3592304725007866 0.0
outer loop
vertex -20.45 -7.317 1.0
vertex -20.067 -8.312 53.0
vertex -20.067 -8.312 1.0
endloop
endfacet
facet normal 0.9305764491549591 0.35820178897120475 -0.07562374399602612
outer loop
vertex -20.45 -7.317 1.0
vertex -20.067 -8.312 1.0
vertex -20.46 -7.321 0.858
endloop
endfacet
facet normal 0.930703824195093 0.3591861994883575 -0.06910619165993002
outer loop
vertex -20.46 -7.321 0.858
vertex -20.067 -8.312 1.0
vertex -20.076 -8.316 0.858
endloop
endfacet
facet normal 0.9125940895982706 0.3521971159856642 -0.20767575477576627
outer loop
vertex -20.46 -7.321 0.858
vertex -20.076 -8.316 0.858
vertex -20.488 -7.331 0.718
endloop
endfacet
facet normal 0.9122335595077057 0.3517045048704412 -0.21008063728420817
outer loop
vertex -20.488 -7.331 0.718
vertex -20.076 -8.316 0.858
vertex -20.104 -8.327 0.718
endloop
endfacet
facet normal 0.8734439009052436 0.3367494557706968 -0.351703790155253
outer loop
vertex -20.488 -7.331 0.718
vertex -20.104 -8.327 0.718
vertex -20.535 -7.348 0.585
endloop
endfacet
facet normal 0.8738372971476517 0.337101562526901 -0.35038680719400445
outer loop
vertex -20.535 -7.348 0.585
vertex -20.104 -8.327 0.718
vertex -20.15 -8.346 0.585
endloop
endfacet
facet normal 0.8185297254748791 0.31576547525834636 -0.47989712767309806
outer loop
vertex -20.535 -7.348 0.585
vertex -20.15 -8.346 0.585
vertex -20.6 -7.371 0.459
endloop
endfacet
facet normal 0.8195662828097189 0.3165390733007604 -0.47761294282646477
outer loop
vertex -20.6 -7.371 0.459
vertex -20.15 -8.346 0.585
vertex -20.213 -8.373 0.459
endloop
endfacet
facet normal 0.7476063265902189 0.2887461560782588 -0.5980889881884711
outer loop
vertex -20.6 -7.371 0.459
vertex -20.213 -8.373 0.459
vertex -20.68 -7.4 0.345
endloop
endfacet
facet normal 0.7471812983711139 0.2884640236497424 -0.5987558888430721
outer loop
vertex -20.68 -7.4 0.345
vertex -20.213 -8.373 0.459
vertex -20.292 -8.405 0.345
endloop
endfacet
facet normal 0.6600775932032158 0.25483592653019577 -0.7066514144191225
outer loop
vertex -20.68 -7.4 0.345
vertex -20.292 -8.405 0.345
vertex -20.775 -7.434 0.244
endloop
endfacet
facet normal 0.6574575787930899 0.25321881005001123 -0.7096687722623735
outer loop
vertex -20.775 -7.434 0.244
vertex -20.292 -8.405 0.345
vertex -20.386 -8.444 0.244
endloop
endfacet
facet normal 0.5564208081420337 0.2143046478883669 -0.8027885164599761
outer loop
vertex -20.775 -7.434 0.244
vertex -20.386 -8.444 0.244
vertex -20.883 -7.472 0.159
endloop
endfacet
facet normal 0.5583078856071053 0.21541012909250506 -0.8011808666919559
outer loop
vertex -20.883 -7.472 0.159
vertex -20.386 -8.444 0.244
vertex -20.491 -8.488 0.159
endloop
endfacet
facet normal 0.4502918766252807 0.17373466106014757 -0.8758159015407282
outer loop
vertex -20.883 -7.472 0.159
vertex -20.491 -8.488 0.159
vertex -21.001 -7.514 0.09
endloop
endfacet
facet normal 0.449531264474596 0.17330265968981584 -0.8762920919444078
outer loop
vertex -21.001 -7.514 0.09
vertex -20.491 -8.488 0.159
vertex -20.607 -8.536 0.09
endloop
endfacet
facet normal 0.3209642645978079 0.12373769104847065 -0.938973335438862
outer loop
vertex -21.001 -7.514 0.09
vertex -20.607 -8.536 0.09
vertex -21.127 -7.559 0.041
endloop
endfacet
facet normal 0.32224919939250746 0.12444837758640566 -0.9384391588201121
outer loop
vertex -21.127 -7.559 0.041
vertex -20.607 -8.536 0.09
vertex -20.73 -8.587 0.041
endloop
endfacet
facet normal 0.2028689878475824 0.0783453192368579 -0.976066690715021
outer loop
vertex -21.127 -7.559 0.041
vertex -20.73 -8.587 0.041
vertex -21.258 -7.606 0.01
endloop
endfacet
facet normal 0.20248082797280312 0.07813331756397278 -0.976164278689758
outer loop
vertex -21.258 -7.606 0.01
vertex -20.73 -8.587 0.041
vertex -20.859 -8.64 0.01
endloop
endfacet
facet normal 0.06540290185251235 0.02523767682703311 -0.9975397335934267
outer loop
vertex -21.258 -7.606 0.01
vertex -20.859 -8.64 0.01
vertex -21.392 -7.654 0.0
endloop
endfacet
facet normal 0.06512081395777977 0.025084962917454053 -0.997562040288676
outer loop
vertex -21.392 -7.654 0.0
vertex -20.859 -8.64 0.01
vertex -20.991 -8.695 0.0
endloop
endfacet
facet normal 0.0 -0.0 -1.0
outer loop
vertex -20.991 -8.695 0.0
vertex -20.539 -9.714 0.0
vertex -32.336 -13.394 0.0
endloop
endfacet
facet normal 0.0 -0.0 -1.0
outer loop
vertex -32.336 -13.394 0.0
vertex -20.539 -9.714 0.0
vertex -31.64 -14.964 0.0
endloop
endfacet
facet normal -0.9141953311144401 -0.4052738537934065 0.0
outer loop
vertex -32.336 -13.394 0.0
vertex -31.64 -14.964 0.0
vertex -32.336 -13.394 3.0
endloop
endfacet
facet normal -0.9141953311144401 -0.4052738537934065 0.0
outer loop
vertex -32.336 -13.394 3.0
vertex -31.64 -14.964 0.0
vertex -31.64 -14.964 3.0
endloop
endfacet
facet normal -0.0 0.0 1.0
outer loop
vertex -32.336 -13.394 3.0
vertex -31.64 -14.964 3.0
vertex -27.753 -11.496 3.0
endloop
endfacet
facet normal -0.0 0.0 1.0
outer loop
vertex -27.753 -11.496 3.0
vertex -31.64 -14.964 3.0
vertex -27.156 -12.844 3.0
endloop
endfacet
facet normal -0.91434221422311 -0.4049423604534112 0.0
outer loop
vertex -27.753 -11.496 3.0
vertex -27.156 -12.844 3.0
vertex -27.753 -11.496 52.0
endloop
endfacet
facet normal -0.91434221422311 -0.4049423604534112 0.0
outer loop
vertex -27.753 -11.496 52.0
vertex -27.156 -12.844 3.0
vertex -27.156 -12.844 52.0
endloop
endfacet
facet normal -0.646555318005457 -0.2863453448436639 0.7070873809121654
outer loop
vertex -27.753 -11.496 52.0
vertex -27.156 -12.844 52.0
vertex -26.829 -11.113 53.0
endloop
endfacet
facet normal -0.6465894673301614 -0.28632549704489946 0.7070641912016826
outer loop
vertex -26.829 -11.113 53.0
vertex -27.156 -12.844 52.0
vertex -26.252 -12.416 53.0
endloop
endfacet
facet normal -0.0 0.0 0.9999999999999999
outer loop
vertex -26.829 -11.113 53.0
vertex -26.252 -12.416 53.0
vertex -20.067 -8.312 53.0
endloop
endfacet
facet normal -0.0 0.0 0.9999999999999999
outer loop
vertex -20.067 -8.312 53.0
vertex -26.252 -12.416 53.0
vertex -19.635 -9.286 53.0
endloop
endfacet
facet normal 0.9141208987483042 0.40544171279185426 0.0
outer loop
vertex -20.067 -8.312 53.0
vertex -19.635 -9.286 53.0
vertex -20.067 -8.312 1.0
endloop
endfacet
facet normal 0.9141208987483042 0.40544171279185426 0.0
outer loop
vertex -20.067 -8.312 1.0
vertex -19.635 -9.286 53.0
vertex -19.635 -9.286 1.0
endloop
endfacet
facet normal 0.9119300873949175 0.40447001822854517 -0.0691919074610516
outer loop
vertex -20.067 -8.312 1.0
vertex -19.635 -9.286 1.0
vertex -20.076 -8.316 0.858
endloop
endfacet
facet normal 0.9119005563387724 0.4040420926547198 -0.07202334838253477
outer loop
vertex -20.076 -8.316 0.858
vertex -19.635 -9.286 1.0
vertex -19.644 -9.291 0.858
endloop
endfacet
facet normal 0.8939073053598917 0.3960696983748465 -0.20990122308713438
outer loop
vertex -20.076 -8.316 0.858
vertex -19.644 -9.291 0.858
vertex -20.104 -8.327 0.718
endloop
endfacet
facet normal 0.8940047850059374 0.3962170643885062 -0.2092067930872269
outer loop
vertex -20.104 -8.327 0.718
vertex -19.644 -9.291 0.858
vertex -19.671 -9.304 0.718
endloop
endfacet
facet normal 0.8562826828652421 0.3794988758246157 -0.35037204550728085
outer loop
vertex -20.104 -8.327 0.718
vertex -19.671 -9.304 0.718
vertex -20.15 -8.346 0.585
endloop
endfacet
facet normal 0.8564649709550376 0.3796790576041721 -0.3497307060350781
outer loop
vertex -20.15 -8.346 0.585
vertex -19.671 -9.304 0.718
vertex -19.716 -9.325 0.585
endloop
endfacet
facet normal 0.8030788711024118 0.3560124923988202 -0.4778278267795377
outer loop
vertex -20.15 -8.346 0.585
vertex -19.716 -9.325 0.585
vertex -20.213 -8.373 0.459
endloop
endfacet
facet normal 0.8033213501992921 0.35621283112812835 -0.47727060170690394
outer loop
vertex -20.213 -8.373 0.459
vertex -19.716 -9.325 0.585
vertex -19.778 -9.354 0.459
endloop
endfacet
facet normal 0.7322805641573641 0.32471156514623356 -0.5986046899395758
outer loop
vertex -20.213 -8.373 0.459
vertex -19.778 -9.354 0.459
vertex -20.292 -8.405 0.345
endloop
endfacet
facet normal 0.7317304347301473 0.32430649084896046 -0.5994963476810033
outer loop
vertex -20.292 -8.405 0.345
vertex -19.778 -9.354 0.459
vertex -19.855 -9.391 0.345
endloop
endfacet
facet normal 0.64409470649872 0.285465909472557 -0.709683889904043
outer loop
vertex -20.292 -8.405 0.345
vertex -19.855 -9.391 0.345
vertex -20.386 -8.444 0.244
endloop
endfacet
facet normal 0.6447012345333306 0.2858826686465986 -0.7089650329591006
outer loop
vertex -20.386 -8.444 0.244
vertex -19.855 -9.391 0.345
vertex -19.947 -9.434 0.244
endloop
endfacet
facet normal 0.5469807841274975 0.24255006488077963 -0.8012374728016641
outer loop
vertex -20.386 -8.444 0.244
vertex -19.947 -9.434 0.244
vertex -20.491 -8.488 0.159
endloop
endfacet
facet normal 0.5464147015755637 0.24217978230635456 -0.8017355717093598
outer loop
vertex -20.491 -8.488 0.159
vertex -19.947 -9.434 0.244
vertex -20.05 -9.483 0.159
endloop
endfacet
facet normal 0.4404608686539848 0.19521933977528305 -0.8762896967112415
outer loop
vertex -20.491 -8.488 0.159
vertex -20.05 -9.483 0.159
vertex -20.607 -8.536 0.09
endloop
endfacet
facet normal 0.44226633608724764 0.1963662532227375 -0.875123295632807
outer loop
vertex -20.607 -8.536 0.09
vertex -20.05 -9.483 0.159
vertex -20.163 -9.536 0.09
endloop
endfacet
facet normal 0.31572519990299097 0.1401819887569277 -0.9384383880545217
outer loop
vertex -20.607 -8.536 0.09
vertex -20.163 -9.536 0.09
vertex -20.73 -8.587 0.041
endloop
endfacet
facet normal 0.3137584934428137 0.1389635432725873 -0.939278841150818
outer loop
vertex -20.73 -8.587 0.041
vertex -20.163 -9.536 0.09
vertex -20.284 -9.594 0.041
endloop
endfacet
facet normal 0.1984663786552131 0.08790069998036283 -0.9761580627574858
outer loop
vertex -20.73 -8.587 0.041
vertex -20.284 -9.594 0.041
vertex -20.859 -8.64 0.01
endloop
endfacet
facet normal 0.19886617370379311 0.08814502664659765 -0.9760546599621783
outer loop
vertex -20.859 -8.64 0.01
vertex -20.284 -9.594 0.041
vertex -20.41 -9.653 0.01
endloop
endfacet
facet normal 0.06379171376159304 0.028274905704793074 -0.9975626030293757
outer loop
vertex -20.859 -8.64 0.01
vertex -20.41 -9.653 0.01
vertex -20.991 -8.695 0.0
endloop
endfacet
facet normal 0.06392191772583054 0.02835398116984817 -0.9975520237992963
outer loop
vertex -20.991 -8.695 0.0
vertex -20.41 -9.653 0.01
vertex -20.539 -9.714 0.0
endloop
endfacet
facet normal 0.0 -0.0 -1.0
outer loop
vertex -20.539 -9.714 0.0
vertex -20.037 -10.71 0.0
vertex -31.64 -14.964 0.0
endloop
endfacet
facet normal 0.0 -0.0 -1.0
outer loop
vertex -31.64 -14.964 0.0
vertex -20.037 -10.71 0.0
vertex -30.867 -16.499 0.0
endloop
endfacet
facet normal -0.8931434516822083 -0.4497719141044609 0.0
outer loop
vertex -31.64 -14.964 0.0
vertex -30.867 -16.499 0.0
vertex -31.64 -14.964 3.0
endloop
endfacet
facet normal -0.8931434516822083 -0.4497719141044609 0.0
outer loop
vertex -31.64 -14.964 3.0
vertex -30.867 -16.499 0.0
vertex -30.867 -16.499 3.0
endloop
endfacet
facet normal -0.0 0.0 0.9999999999999999
outer loop
vertex -31.64 -14.964 3.0
vertex -30.867 -16.499 3.0
vertex -27.156 -12.844 3.0
endloop
endfacet
facet normal -0.0 0.0 1.0
outer loop
vertex -27.156 -12.844 3.0
vertex -30.867 -16.499 3.0
vertex -26.493 -14.161 3.0
endloop
endfacet
facet normal -0.8932030798833204 -0.44965348668385835 0.0
outer loop
vertex -27.156 -12.844 3.0
vertex -26.493 -14.161 3.0
vertex -27.156 -12.844 52.0
endloop
endfacet
facet normal -0.8932030798833204 -0.44965348668385835 0.0
outer loop
vertex -27.156 -12.844 52.0
vertex -26.493 -14.161 3.0
vertex -26.493 -14.161 52.0
endloop
endfacet
facet normal -0.6316192370517283 -0.3179677708164738 0.7070739962042129
outer loop
vertex -27.156 -12.844 52.0
vertex -26.493 -14.161 52.0
vertex -26.252 -12.416 53.0
endloop
endfacet
facet normal -0.6315461285981254 -0.3180055525776884 0.7071223062402141
outer loop
vertex -26.252 -12.416 53.0
vertex -26.493 -14.161 52.0
vertex -25.611 -13.689 53.0
endloop
endfacet
facet normal -0.0 0.0 1.0
outer loop
vertex -26.252 -12.416 53.0
vertex -25.611 -13.689 53.0
vertex -19.635 -9.286 53.0
endloop
endfacet
facet normal -0.0 0.0 1.0
outer loop
vertex -19.635 -9.286 53.0
vertex -25.611 -13.689 53.0
vertex -19.155 -10.239 53.0
endloop
endfacet
facet normal 0.8931113209988969 0.44983571257027316 0.0
outer loop
vertex -19.635 -9.286 53.0
vertex -19.155 -10.239 53.0
vertex -19.635 -9.286 1.0
endloop
endfacet
facet normal 0.8931113209988969 0.44983571257027316 0.0
outer loop
vertex -19.635 -9.286 1.0
vertex -19.155 -10.239 53.0
vertex -19.155 -10.239 1.0
endloop
endfacet
facet normal 0.890776861981625 0.4486599094975655 -0.07225557257267544
outer loop
vertex -19.635 -9.286 1.0
vertex -19.155 -10.239 1.0
vertex -19.644 -9.291 0.858
endloop
endfacet
facet normal 0.890776861981625 0.44865990949756296 -0.07225557257269223
outer loop
vertex -19.644 -9.291 0.858
vertex -19.155 -10.239 1.0
vertex -19.164 -10.244 0.858
endloop
endfacet
facet normal 0.8733351082892178 0.4398749758434649 -0.20927444721267685
outer loop
vertex -19.644 -9.291 0.858
vertex -19.164 -10.244 0.858
vertex -19.671 -9.304 0.718
endloop
endfacet
facet normal 0.8729424055045547 0.4392163046563807 -0.21227480867007004
outer loop
vertex -19.671 -9.304 0.718
vertex -19.164 -10.244 0.858
vertex -19.191 -10.258 0.718
endloop
endfacet
facet normal 0.8369144968376994 0.42108905501267985 -0.3496543046087504
outer loop
vertex -19.671 -9.304 0.718
vertex -19.191 -10.258 0.718
vertex -19.716 -9.325 0.585
endloop
endfacet
facet normal 0.8369051341726865 0.42107883842789023 -0.3496890164469225
outer loop
vertex -19.716 -9.325 0.585
vertex -19.191 -10.258 0.718
vertex -19.235 -10.281 0.585
endloop
endfacet
facet normal 0.7850328883794903 0.3949799365172967 -0.47719410506768356
outer loop
vertex -19.716 -9.325 0.585
vertex -19.235 -10.281 0.585
vertex -19.778 -9.354 0.459
endloop
endfacet
facet normal 0.7850077801130165 0.39495703936935866 -0.47725435798390026
outer loop
vertex -19.778 -9.354 0.459
vertex -19.235 -10.281 0.585
vertex -19.295 -10.314 0.459
endloop
endfacet
facet normal 0.7149044586701973 0.35968630576844046 -0.5996143564126232
outer loop
vertex -19.778 -9.354 0.459
vertex -19.295 -10.314 0.459
vertex -19.855 -9.391 0.345
endloop
endfacet
facet normal 0.7136889705288809 0.3586972603696572 -0.6016513348682345
outer loop
vertex -19.855 -9.391 0.345
vertex -19.295 -10.314 0.459
vertex -19.371 -10.354 0.345
endloop
endfacet
facet normal 0.6301996770796771 0.3167358709310126 -0.7088912152610186
outer loop
vertex -19.855 -9.391 0.345
vertex -19.371 -10.354 0.345
vertex -19.947 -9.434 0.244
endloop
endfacet
facet normal 0.6326992051349548 0.31863962037303184 -0.7058048654905452
outer loop
vertex -19.947 -9.434 0.244
vertex -19.371 -10.354 0.345
vertex -19.46 -10.401 0.244
endloop
endfacet
facet normal 0.5337683899881145 0.2688161384945303 -0.801766293588341
outer loop
vertex -19.947 -9.434 0.244
vertex -19.46 -10.401 0.244
vertex -20.05 -9.483 0.159
endloop
endfacet
facet normal 0.5349552910441842 0.2696791076251558 -0.8006847166608914
outer loop
vertex -20.05 -9.483 0.159
vertex -19.46 -10.401 0.244
vertex -19.56 -10.455 0.159
endloop
endfacet
facet normal 0.43216194061854396 0.21785941450934926 -0.8750847573752256
outer loop
vertex -20.05 -9.483 0.159
vertex -19.56 -10.455 0.159
vertex -20.163 -9.536 0.09
endloop
endfacet
facet normal 0.4299333494142287 0.21628548866237315 -0.8765716755950657
outer loop
vertex -20.163 -9.536 0.09
vertex -19.56 -10.455 0.159
vertex -19.671 -10.514 0.09
endloop
endfacet
facet normal 0.3064772874494484 0.1541787581034038 -0.9393085663546992
outer loop
vertex -20.163 -9.536 0.09
vertex -19.671 -10.514 0.09
vertex -20.284 -9.594 0.041
endloop
endfacet
facet normal 0.3072888603400541 0.15473854106645565 -0.9389512981084457
outer loop
vertex -20.284 -9.594 0.041
vertex -19.671 -10.514 0.09
vertex -19.789 -10.577 0.041
endloop
endfacet
facet normal 0.19431894969133062 0.09785135309990653 -0.9760457256129835
outer loop
vertex -20.284 -9.594 0.041
vertex -19.789 -10.577 0.041
vertex -20.41 -9.653 0.01
endloop
endfacet
facet normal 0.19374012046756237 0.0974571515079255 -0.9762002199042855
outer loop
vertex -20.41 -9.653 0.01
vertex -19.789 -10.577 0.041
vertex -19.912 -10.643 0.01
endloop
endfacet
facet normal 0.062470047443687754 0.03142432689591572 -0.9975520060886661
outer loop
vertex -20.41 -9.653 0.01
vertex -19.912 -10.643 0.01
vertex -20.539 -9.714 0.0
endloop
endfacet
facet normal 0.06282847130478393 0.03166655883032296 -0.9975218354729634
outer loop
vertex -20.539 -9.714 0.0
vertex -19.912 -10.643 0.01
vertex -20.037 -10.71 0.0
endloop
endfacet
facet normal 0.0 -0.0 -1.0
outer loop
vertex -20.037 -10.71 0.0
vertex -19.488 -11.68 0.0
vertex -30.867 -16.499 0.0
endloop
endfacet
facet normal 0.0 -0.0 -1.0
outer loop
vertex -30.867 -16.499 0.0
vertex -19.488 -11.68 0.0
vertex -30.021 -17.994 0.0
endloop
endfacet
facet normal -0.8703133534670595 -0.4924983926643023 0.0
outer loop
vertex -30.867 -16.499 0.0
vertex -30.021 -17.994 0.0
vertex -30.867 -16.499 3.0
endloop
endfacet
facet normal -0.8703133534670595 -0.4924983926643023 0.0
outer loop
vertex -30.867 -16.499 3.0
vertex -30.021 -17.994 0.0
vertex -30.021 -17.994 3.0
endloop
endfacet
facet normal -0.0 0.0 1.0
outer loop
vertex -30.867 -16.499 3.0
vertex -30.021 -17.994 3.0
vertex -26.493 -14.161 3.0
endloop
endfacet
facet normal -0.0 0.0 1.0
outer loop
vertex -26.493 -14.161 3.0
vertex -30.021 -17.994 3.0
vertex -25.766 -15.444 3.0
endloop
endfacet
facet normal -0.8700318813001833 -0.4929954619682252 0.0
outer loop
vertex -26.493 -14.161 3.0
vertex -25.766 -15.444 3.0
vertex -26.493 -14.161 52.0
endloop
endfacet
facet normal -0.8700318813001833 -0.4929954619682252 0.0
outer loop
vertex -26.493 -14.161 52.0
vertex -25.766 -15.444 3.0
vertex -25.766 -15.444 52.0
endloop
endfacet
facet normal -0.6151863790079412 -0.3485896317527459 0.7071286924722987
outer loop
vertex -26.493 -14.161 52.0
vertex -25.766 -15.444 52.0
vertex -25.611 -13.689 53.0
endloop
endfacet
facet normal -0.615283871313927 -0.34854517448323163 0.7070657812717289
outer loop
vertex -25.611 -13.689 53.0
vertex -25.766 -15.444 52.0
vertex -24.908 -14.93 53.0
endloop
endfacet
facet normal -0.0 0.0 0.9999999999999999
outer loop
vertex -25.611 -13.689 53.0
vertex -24.908 -14.93 53.0
vertex -19.155 -10.239 53.0
endloop
endfacet
facet normal -0.0 0.0 0.9999999999999999
outer loop
vertex -19.155 -10.239 53.0
vertex -24.908 -14.93 53.0
vertex -18.63 -11.166 53.0
endloop
endfacet
facet normal 0.8701429468074582 0.4927994035317342 0.0
outer loop
vertex -19.155 -10.239 53.0
vertex -18.63 -11.166 53.0
vertex -19.155 -10.239 1.0
endloop
endfacet
facet normal 0.8701429468074582 0.4927994035317342 0.0
outer loop
vertex -19.155 -10.239 1.0
vertex -18.63 -11.166 53.0
vertex -18.63 -11.166 1.0
endloop
endfacet
facet normal 0.867864953256448 0.4915092777342365 -0.07231218991534528
outer loop
vertex -19.155 -10.239 1.0
vertex -18.63 -11.166 1.0
vertex -19.164 -10.244 0.858
endloop
endfacet
facet normal 0.8678698072847234 0.49098238019879453 -0.07575156723067385
outer loop
vertex -19.164 -10.244 0.858
vertex -18.63 -11.166 1.0
vertex -18.639 -11.172 0.858
endloop
endfacet
facet normal 0.8505575462718762 0.4811882670180349 -0.21215492491136176
outer loop
vertex -19.164 -10.244 0.858
vertex -18.639 -11.172 0.858
vertex -19.191 -10.258 0.718
endloop
endfacet
facet normal 0.8508604501097254 0.48175737002983343 -0.20963380180928293
outer loop
vertex -19.191 -10.258 0.718
vertex -18.639 -11.172 0.858
vertex -18.665 -11.187 0.718
endloop
endfacet
facet normal 0.8153011757061285 0.4616237012071295 -0.34955335984086217
outer loop
vertex -19.191 -10.258 0.718
vertex -18.665 -11.187 0.718
vertex -19.235 -10.281 0.585
endloop
endfacet
facet normal 0.8157127737197916 0.4621205413348171 -0.3479328614356218
outer loop
vertex -19.235 -10.281 0.585
vertex -18.665 -11.187 0.718
vertex -18.707 -11.213 0.585
endloop
endfacet
facet normal 0.7644886126578456 0.43310084493920825 -0.47747337017830255
outer loop
vertex -19.235 -10.281 0.585
vertex -18.707 -11.213 0.585
vertex -19.295 -10.314 0.459
endloop
endfacet
facet normal 0.7642409332443376 0.4328516634756505 -0.4780954228814434
outer loop
vertex -19.295 -10.314 0.459
vertex -18.707 -11.213 0.585
vertex -18.766 -11.248 0.459
endloop
endfacet
facet normal 0.695098518300555 0.39369070254924654 -0.6015361008141189
outer loop
vertex -19.295 -10.314 0.459
vertex -18.766 -11.248 0.459
vertex -19.371 -10.354 0.345
endloop
endfacet
facet normal 0.6967335756050865 0.3951623264625861 -0.5986727489782943
outer loop
vertex -19.371 -10.354 0.345
vertex -18.766 -11.248 0.459
vertex -18.839 -11.292 0.345
endloop
endfacet
facet normal 0.6162790228550113 0.34953138609687184 -0.7057109720856494
outer loop
vertex -19.371 -10.354 0.345
vertex -18.839 -11.292 0.345
vertex -19.46 -10.401 0.244
endloop
endfacet
facet normal 0.6143032317040693 0.34786630512192424 -0.7082517725207307
outer loop
vertex -19.46 -10.401 0.244
vertex -18.839 -11.292 0.345
vertex -18.926 -11.344 0.244
endloop
endfacet
facet normal 0.5212397604798509 0.2951665239620804 -0.8007408040227812
outer loop
vertex -19.46 -10.401 0.244
vertex -18.926 -11.344 0.244
vertex -19.56 -10.455 0.159
endloop
endfacet
facet normal 0.5206257014080937 0.2946730474706835 -0.8013218293093423
outer loop
vertex -19.56 -10.455 0.159
vertex -18.926 -11.344 0.244
vertex -19.024 -11.402 0.159
endloop
endfacet
facet normal 0.4188686119781146 0.2370787497574115 -0.876551625583451
outer loop
vertex -19.56 -10.455 0.159
vertex -19.024 -11.402 0.159
vertex -19.671 -10.514 0.09
endloop
endfacet
facet normal 0.42009963545749135 0.23804176615639527 -0.8757010984654677
outer loop
vertex -19.671 -10.514 0.09
vertex -19.024 -11.402 0.159
vertex -19.131 -11.467 0.09
endloop
endfacet
facet normal 0.29934359313054 0.16961756588718901 -0.938947972250967
outer loop
vertex -19.671 -10.514 0.09
vertex -19.131 -11.467 0.09
vertex -19.789 -10.577 0.041
endloop
endfacet
facet normal 0.2987140768709455 0.16913633341076564 -0.939235221336754
outer loop
vertex -19.789 -10.577 0.041
vertex -19.131 -11.467 0.09
vertex -19.246 -11.536 0.041
endloop
endfacet
facet normal 0.18870301564580738 0.10684644160132845 -0.9762043893587613
outer loop
vertex -19.789 -10.577 0.041
vertex -19.246 -11.536 0.041
vertex -19.912 -10.643 0.01
endloop
endfacet
facet normal 0.18887797815454896 0.10697860588421552 -0.9761560773008174
outer loop
vertex -19.912 -10.643 0.01
vertex -19.246 -11.536 0.041
vertex -19.366 -11.607 0.01
endloop
endfacet
facet normal 0.06121715186470633 0.034672785184781806 -0.9975220590468682
outer loop
vertex -19.912 -10.643 0.01
vertex -19.366 -11.607 0.01
vertex -20.037 -10.71 0.0
endloop
endfacet
facet normal 0.06107981006089617 0.034569913116940215 -0.9975340484965974
outer loop
vertex -20.037 -10.71 0.0
vertex -19.366 -11.607 0.01
vertex -19.488 -11.68 0.0
endloop
endfacet
facet normal 0.0 -0.0 -1.0
outer loop
vertex -19.488 -11.68 0.0
vertex -18.891 -12.623 0.0
vertex -30.021 -17.994 0.0
endloop
endfacet
facet normal 0.0 -0.0 -1.0
outer loop
vertex -30.021 -17.994 0.0
vertex -18.891 -12.623 0.0
vertex -29.101 -19.445 0.0
endloop
endfacet
facet normal -0.8445470993869619 -0.535481275972437 0.0
outer loop
vertex -30.021 -17.994 0.0
vertex -29.101 -19.445 0.0
vertex -30.021 -17.994 3.0
endloop
endfacet
facet normal -0.8445470993869619 -0.535481275972437 0.0
outer loop
vertex -30.021 -17.994 3.0
vertex -29.101 -19.445 0.0
vertex -29.101 -19.445 3.0
endloop
endfacet
facet normal -0.0 0.0 1.0
outer loop
vertex -30.021 -17.994 3.0
vertex -29.101 -19.445 3.0
vertex -25.766 -15.444 3.0
endloop
endfacet
facet normal -0.0 0.0 0.9999999999999999
outer loop
vertex -25.766 -15.444 3.0
vertex -29.101 -19.445 3.0
vertex -24.977 -16.689 3.0
endloop
endfacet
facet normal -0.8446657044548227 -0.5352941693291999 0.0
outer loop
vertex -25.766 -15.444 3.0
vertex -24.977 -16.689 3.0
vertex -25.766 -15.444 52.0
endloop
endfacet
facet normal -0.8446657044548227 -0.5352941693291999 0.0
outer loop
vertex -25.766 -15.444 52.0
vertex -24.977 -16.689 3.0
vertex -24.977 -16.689 52.0
endloop
endfacet
facet normal -0.5973093503886958 -0.37853580518608837 0.7070588264991491
outer loop
vertex -25.766 -15.444 52.0
vertex -24.977 -16.689 52.0
vertex -24.908 -14.93 53.0
endloop
endfacet
facet normal -0.5977984660052281 -0.37834088961460455 0.7067497189864497
outer loop
vertex -24.908 -14.93 53.0
vertex -24.977 -16.689 52.0
vertex -24.146 -16.134 53.0
endloop
endfacet
facet normal -0.0 0.0 1.0
outer loop
vertex -24.908 -14.93 53.0
vertex -24.146 -16.134 53.0
vertex -18.63 -11.166 53.0
endloop
endfacet
facet normal -0.0 0.0 1.0
outer loop
vertex -18.63 -11.166 53.0
vertex -24.146 -16.134 53.0
vertex -18.06 -12.067 53.0
endloop
endfacet
facet normal 0.8450874844431213 0.5346280423225078 0.0
outer loop
vertex -18.63 -11.166 53.0
vertex -18.06 -12.067 53.0
vertex -18.63 -11.166 1.0
endloop
endfacet
facet normal 0.8450874844431213 0.5346280423225078 0.0
outer loop
vertex -18.63 -11.166 1.0
vertex -18.06 -12.067 53.0
vertex -18.06 -12.067 1.0
endloop
endfacet
facet normal 0.8426477186547002 0.5330845722898774 -0.0759319500114929
outer loop
vertex -18.63 -11.166 1.0
vertex -18.06 -12.067 1.0
vertex -18.639 -11.172 0.858
endloop
endfacet
facet normal 0.8425897669718615 0.5339830820654067 -0.07003251146598384
outer loop
vertex -18.639 -11.172 0.858
vertex -18.06 -12.067 1.0
vertex -18.068 -12.073 0.858
endloop
endfacet
facet normal 0.8259253870086074 0.5234221930986829 -0.20946709256216606
outer loop
vertex -18.639 -11.172 0.858
vertex -18.068 -12.073 0.858
vertex -18.665 -11.187 0.718
endloop
endfacet
facet normal 0.8261457714127239 0.5238973184568481 -0.20740000986161786
outer loop
vertex -18.665 -11.187 0.718
vertex -18.068 -12.073 0.858
vertex -18.093 -12.089 0.718
endloop
endfacet
facet normal 0.7916764032134409 0.5020386947207173 -0.3481459774263484
outer loop
vertex -18.665 -11.187 0.718
vertex -18.093 -12.089 0.718
vertex -18.707 -11.213 0.585
endloop
endfacet
facet normal 0.7900846718851066 0.49992083221048617 -0.3547469136922525
outer loop
vertex -18.707 -11.213 0.585
vertex -18.093 -12.089 0.718
vertex -18.135 -12.117 0.585
endloop
endfacet
facet normal 0.7422449211171726 0.46965054743254564 -0.4780176151273849
outer loop
vertex -18.707 -11.213 0.585
vertex -18.135 -12.117 0.585
vertex -18.766 -11.248 0.459
endloop
endfacet
facet normal 0.742419623365204 0.4698443922950668 -0.47755559872243997
outer loop
vertex -18.766 -11.248 0.459
vertex -18.135 -12.117 0.585
vertex -18.192 -12.155 0.459
endloop
endfacet
facet normal 0.6768133081064834 0.42832507040035295 -0.5987164437665723
outer loop
vertex -18.766 -11.248 0.459
vertex -18.192 -12.155 0.459
vertex -18.839 -11.292 0.345
endloop
endfacet
facet normal 0.6757162425058061 0.4272366143615175 -0.6007299184847902
outer loop
vertex -18.839 -11.292 0.345
vertex -18.192 -12.155 0.459
vertex -18.263 -12.203 0.345
endloop
endfacet
facet normal 0.5967061592325126 0.377280732950522 -0.7082379600658951
outer loop
vertex -18.839 -11.292 0.345
vertex -18.263 -12.203 0.345
vertex -18.926 -11.344 0.244
endloop
endfacet
facet normal 0.5999440052992082 0.38029237494375895 -0.7038784696701407
outer loop
vertex -18.926 -11.344 0.244
vertex -18.263 -12.203 0.345
vertex -18.346 -12.259 0.244
endloop
endfacet
facet normal 0.5053650327703391 0.320340676510159 -0.8012415582245143
outer loop
vertex -18.926 -11.344 0.244
vertex -18.346 -12.259 0.244
vertex -19.024 -11.402 0.159
endloop
endfacet
facet normal 0.5050003768363466 0.32001654314738154 -0.8016009178557295
outer loop
vertex -19.024 -11.402 0.159
vertex -18.346 -12.259 0.244
vertex -18.441 -12.322 0.159
endloop
endfacet
facet normal 0.40776882976272505 0.25840133451268427 -0.8757587177961756
outer loop
vertex -19.024 -11.402 0.159
vertex -18.441 -12.322 0.159
vertex -19.131 -11.467 0.09
endloop
endfacet
facet normal 0.40555359151121556 0.25648524436114783 -0.8773491915066409
outer loop
vertex -19.131 -11.467 0.09
vertex -18.441 -12.322 0.159
vertex -18.546 -12.392 0.09
endloop
endfacet
facet normal 0.29011206831883096 0.18347628104488278 -0.9392398214033034
outer loop
vertex -19.131 -11.467 0.09
vertex -18.546 -12.392 0.09
vertex -19.246 -11.536 0.041
endloop
endfacet
facet normal 0.29134708571695106 0.18451982095406866 -0.9386529237792411
outer loop
vertex -19.246 -11.536 0.041
vertex -18.546 -12.392 0.09
vertex -18.657 -12.466 0.041
endloop
endfacet
facet normal 0.18343365820711632 0.11617465019784012 -0.9761431983516374
outer loop
vertex -19.246 -11.536 0.041
vertex -18.657 -12.466 0.041
vertex -19.366 -11.607 0.01
endloop
endfacet
facet normal 0.1836274934777481 0.11633664917981262 -0.9760874590407833
outer loop
vertex -19.366 -11.607 0.01
vertex -18.657 -12.466 0.041
vertex -18.773 -12.543 0.01
endloop
endfacet
facet normal 0.05928916618840501 0.03756247387791044 -0.9975338868072878
outer loop
vertex -19.366 -11.607 0.01
vertex -18.773 -12.543 0.01
vertex -19.488 -11.68 0.0
endloop
endfacet
facet normal 0.05915001432709839 0.037447039823200245 -0.9975464876453547
outer loop
vertex -19.488 -11.68 0.0
vertex -18.773 -12.543 0.01
vertex -18.891 -12.623 0.0
endloop
endfacet
facet normal 0.0 -0.0 -1.0
outer loop
vertex -18.891 -12.623 0.0
vertex -18.249 -13.534 0.0
vertex -29.101 -19.445 0.0
endloop
endfacet
facet normal 0.0 -0.0 -1.0
outer loop
vertex -29.101 -19.445 0.0
vertex -18.249 -13.534 0.0
vertex -28.112 -20.849 0.0
endloop
endfacet
facet normal -0.8175322772943157 -0.5758827793761245 0.0
outer loop
vertex -29.101 -19.445 0.0
vertex -28.112 -20.849 0.0
vertex -29.101 -19.445 3.0
endloop
endfacet
facet normal -0.8175322772943157 -0.5758827793761245 0.0
outer loop
vertex -29.101 -19.445 3.0
vertex -28.112 -20.849 0.0
vertex -28.112 -20.849 3.0
endloop
endfacet
facet normal -0.0 0.0 1.0
outer loop
vertex -29.101 -19.445 3.0
vertex -28.112 -20.849 3.0
vertex -24.977 -16.689 3.0
endloop
endfacet
facet normal -0.0 0.0 1.0
outer loop
vertex -24.977 -16.689 3.0
vertex -28.112 -20.849 3.0
vertex -24.128 -17.895 3.0
endloop
endfacet
facet normal -0.8177000360265625 -0.5756445527251676 0.0
outer loop
vertex -24.977 -16.689 3.0
vertex -24.128 -17.895 3.0
vertex -24.977 -16.689 52.0
endloop
endfacet
facet normal -0.8177000360265625 -0.5756445527251676 0.0
outer loop
vertex -24.977 -16.689 52.0
vertex -24.128 -17.895 3.0
vertex -24.128 -17.895 52.0
endloop
endfacet
facet normal -0.5784928844224988 -0.40724747833723196 0.7067499374322599
outer loop
vertex -24.977 -16.689 52.0
vertex -24.128 -17.895 52.0
vertex -24.146 -16.134 53.0
endloop
endfacet
facet normal -0.5780835202639917 -0.4073876138512776 0.7070040846273473
outer loop
vertex -24.146 -16.134 53.0
vertex -24.128 -17.895 52.0
vertex -23.325 -17.299 53.0
endloop
endfacet
facet normal -0.0 0.0 1.0
outer loop
vertex -24.146 -16.134 53.0
vertex -23.325 -17.299 53.0
vertex -18.06 -12.067 53.0
endloop
endfacet
facet normal -0.0 0.0 1.0
outer loop
vertex -18.06 -12.067 53.0
vertex -23.325 -17.299 53.0
vertex -17.446 -12.939 53.0
endloop
endfacet
facet normal 0.8176429403130797 0.5757256483397118 0.0
outer loop
vertex -18.06 -12.067 53.0
vertex -17.446 -12.939 53.0
vertex -18.06 -12.067 1.0
endloop
endfacet
facet normal 0.8176429403130797 0.5757256483397118 0.0
outer loop
vertex -18.06 -12.067 1.0
vertex -17.446 -12.939 53.0
vertex -17.446 -12.939 1.0
endloop
endfacet
facet normal 0.8156247803853887 0.5743046045374156 -0.07021708359373173
outer loop
vertex -18.06 -12.067 1.0
vertex -17.446 -12.939 1.0
vertex -18.068 -12.073 0.858
endloop
endfacet
facet normal 0.8156247803853882 0.5743046045374187 -0.07021708359371147
outer loop
vertex -18.068 -12.073 0.858
vertex -17.446 -12.939 1.0
vertex -17.454 -12.945 0.858
endloop
endfacet
facet normal 0.7998975515678353 0.5632306154388206 -0.2072080616872562
outer loop
vertex -18.068 -12.073 0.858
vertex -17.454 -12.945 0.858
vertex -18.093 -12.089 0.718
endloop
endfacet
facet normal 0.7996851743921152 0.5627075311798059 -0.20943699819033845
outer loop
vertex -18.093 -12.089 0.718
vertex -17.454 -12.945 0.858
vertex -17.478 -12.963 0.718
endloop
endfacet
facet normal 0.7646365941602347 0.5380452006962744 -0.35473686146035377
outer loop
vertex -18.093 -12.089 0.718
vertex -17.478 -12.963 0.718
vertex -18.135 -12.117 0.585
endloop
endfacet
facet normal 0.7661089814188425 0.5402162760404876 -0.34820023505209097
outer loop
vertex -18.135 -12.117 0.585
vertex -17.478 -12.963 0.718
vertex -17.518 -12.992 0.585
endloop
endfacet
facet normal 0.7180490767110618 0.5063271775208293 -0.47753357236762123
outer loop
vertex -18.135 -12.117 0.585
vertex -17.518 -12.992 0.585
vertex -18.192 -12.155 0.459
endloop
endfacet
facet normal 0.7178682980150548 0.5061053262771283 -0.478040275938011
outer loop
vertex -18.192 -12.155 0.459
vertex -17.518 -12.992 0.585
vertex -17.573 -13.033 0.459
endloop
endfacet
facet normal 0.6533290743427048 0.460604438517237 -0.6008366432207056
outer loop
vertex -18.192 -12.155 0.459
vertex -17.573 -13.033 0.459
vertex -18.263 -12.203 0.345
endloop
endfacet
facet normal 0.6531109201797435 0.4603653591732371 -0.6012569018441827
outer loop
vertex -18.263 -12.203 0.345
vertex -17.573 -13.033 0.459
vertex -17.642 -13.084 0.345
endloop
endfacet
facet normal 0.5805254133126768 0.40920122777204704 -0.7039492877246165
outer loop
vertex -18.263 -12.203 0.345
vertex -17.642 -13.084 0.345
vertex -18.346 -12.259 0.244
endloop
endfacet
facet normal 0.5788601645954462 0.4074913927039137 -0.7063084841036227
outer loop
vertex -18.346 -12.259 0.244
vertex -17.642 -13.084 0.345
vertex -17.723 -13.144 0.244
endloop
endfacet
facet normal 0.48892942291693386 0.34418421522853154 -0.8015517733706501
outer loop
vertex -18.346 -12.259 0.244
vertex -17.723 -13.144 0.244
vertex -18.441 -12.322 0.159
endloop
endfacet
facet normal 0.4878966871700486 0.34317227659376304 -0.8026142356237806
outer loop
vertex -18.441 -12.322 0.159
vertex -17.723 -13.144 0.244
vertex -17.815 -13.212 0.159
endloop
endfacet
facet normal 0.39249463257644523 0.2760692584189367 -0.8773447030413414
outer loop
vertex -18.441 -12.322 0.159
vertex -17.815 -13.212 0.159
vertex -18.546 -12.392 0.09
endloop
endfacet
facet normal 0.39509978305416804 0.27855638335997734 -0.8753870588031095
outer loop
vertex -18.546 -12.392 0.09
vertex -17.815 -13.212 0.159
vertex -17.915 -13.287 0.09
endloop
endfacet
facet normal 0.2818719782763114 0.19872761820374557 -0.9386455782805695
outer loop
vertex -18.546 -12.392 0.09
vertex -17.915 -13.287 0.09
vertex -18.657 -12.466 0.041
endloop
endfacet
facet normal 0.2811537751729795 0.1980572149551878 -0.9390026061253378
outer loop
vertex -18.657 -12.466 0.041
vertex -17.915 -13.287 0.09
vertex -18.023 -13.366 0.041
endloop
endfacet
facet normal 0.17773785217694424 0.1252064425335363 -0.976080223471218
outer loop
vertex -18.657 -12.466 0.041
vertex -18.023 -13.366 0.041
vertex -18.773 -12.543 0.01
endloop
endfacet
facet normal 0.17690532656568153 0.12443836642657606 -0.9763296566190003
outer loop
vertex -18.773 -12.543 0.01
vertex -18.023 -13.366 0.041
vertex -18.135 -13.45 0.01
endloop
endfacet
facet normal 0.05724040531440182 0.04026392347363644 -0.9975481704990251
outer loop
vertex -18.773 -12.543 0.01
vertex -18.135 -13.45 0.01
vertex -18.891 -12.623 0.0
endloop
endfacet
facet normal 0.05759439349565161 0.040587926041940996 -0.9975146646027223
outer loop
vertex -18.891 -12.623 0.0
vertex -18.135 -13.45 0.01
vertex -18.249 -13.534 0.0
endloop
endfacet
facet normal 0.0 -0.0 -0.9999999999999999
outer loop
vertex -18.249 -13.534 0.0
vertex -17.563 -14.413 0.0
vertex -28.112 -20.849 0.0
endloop
endfacet
facet normal 0.0 -0.0 -1.0
outer loop
vertex -28.112 -20.849 0.0
vertex -17.563 -14.413 0.0
vertex -27.055 -22.204 0.0
endloop
endfacet
facet normal -0.788474085729856 -0.6150679768387132 0.0
outer loop
vertex -28.112 -20.849 0.0
vertex -27.055 -22.204 0.0
vertex -28.112 -20.849 3.0
endloop
endfacet
facet normal -0.788474085729856 -0.6150679768387132 0.0
outer loop
vertex -28.112 -20.849 3.0
vertex -27.055 -22.204 0.0
vertex -27.055 -22.204 3.0
endloop
endfacet
facet normal -0.0 0.0 1.0
outer loop
vertex -28.112 -20.849 3.0
vertex -27.055 -22.204 3.0
vertex -24.128 -17.895 3.0
endloop
endfacet
facet normal -0.0 0.0 1.0
outer loop
vertex -24.128 -17.895 3.0
vertex -27.055 -22.204 3.0
vertex -23.221 -19.057 3.0
endloop
endfacet
facet normal -0.7882917068561104 -0.6153017023394945 0.0
outer loop
vertex -24.128 -17.895 3.0
vertex -23.221 -19.057 3.0
vertex -24.128 -17.895 52.0
endloop
endfacet
facet normal -0.7882917068561104 -0.6153017023394945 0.0
outer loop
vertex -24.128 -17.895 52.0
vertex -23.221 -19.057 3.0
vertex -23.221 -19.057 52.0
endloop
endfacet
facet normal -0.5574849959286793 -0.43514534535913296 0.7070070775647732
outer loop
vertex -24.128 -17.895 52.0
vertex -23.221 -19.057 52.0
vertex -23.325 -17.299 53.0
endloop
endfacet
facet normal -0.5576423555987025 -0.4350999518327953 0.7069109103397891
outer loop
vertex -23.325 -17.299 53.0
vertex -23.221 -19.057 52.0
vertex -22.448 -18.423 53.0
endloop
endfacet
facet normal -0.0 0.0 1.0
outer loop
vertex -23.325 -17.299 53.0
vertex -22.448 -18.423 53.0
vertex -17.446 -12.939 53.0
endloop
endfacet
facet normal -0.0 0.0 0.9999999999999999
outer loop
vertex -17.446 -12.939 53.0
vertex -22.448 -18.423 53.0
vertex -16.79 -13.779 53.0
endloop
endfacet
facet normal 0.7881381576804046 0.6154983707599374 0.0
outer loop
vertex -17.446 -12.939 53.0
vertex -16.79 -13.779 53.0
vertex -17.446 -12.939 1.0
endloop
endfacet
facet normal 0.7881381576804046 0.6154983707599374 0.0
outer loop
vertex -17.446 -12.939 1.0
vertex -16.79 -13.779 53.0
vertex -16.79 -13.779 1.0
endloop
endfacet
facet normal 0.7861918157246429 0.6139783703754377 -0.07023524470457207
outer loop
vertex -17.446 -12.939 1.0
vertex -16.79 -13.779 1.0
vertex -17.454 -12.945 0.858
endloop
endfacet
facet normal 0.7861918157246429 0.6139783703754377 -0.07023524470457194
outer loop
vertex -17.454 -12.945 0.858
vertex -16.79 -13.779 1.0
vertex -16.798 -13.785 0.858
endloop
endfacet
facet normal 0.7706498362395621 0.6018408244918507 -0.209490935075734
outer loop
vertex -17.454 -12.945 0.858
vertex -16.798 -13.785 0.858
vertex -17.478 -12.963 0.718
endloop
endfacet
facet normal 0.7703973777996318 0.601129545385223 -0.21244093283641596
outer loop
vertex -17.478 -12.963 0.718
vertex -16.798 -13.785 0.858
vertex -16.821 -13.805 0.718
endloop
endfacet
facet normal 0.7391038732777608 0.5767116920944045 -0.3480360451266801
outer loop
vertex -17.478 -12.963 0.718
vertex -16.821 -13.805 0.718
vertex -17.518 -12.992 0.585
endloop
endfacet
facet normal 0.7385384511590729 0.5757799773254398 -0.35076826234805464
outer loop
vertex -17.518 -12.992 0.585
vertex -16.821 -13.805 0.718
vertex -16.86 -13.836 0.585
endloop
endfacet
facet normal 0.6926801577336559 0.5400278954842971 -0.4780837491286216
outer loop
vertex -17.518 -12.992 0.585
vertex -16.86 -13.836 0.585
vertex -17.573 -13.033 0.459
endloop
endfacet
facet normal 0.6936166871652136 0.5412994453556156 -0.47527970895427146
outer loop
vertex -17.573 -13.033 0.459
vertex -16.86 -13.836 0.585
vertex -16.912 -13.88 0.459
endloop
endfacet
facet normal 0.6299549314227736 0.4916177209804647 -0.6012227547208295
outer loop
vertex -17.573 -13.033 0.459
vertex -16.912 -13.88 0.459
vertex -17.642 -13.084 0.345
endloop
endfacet
facet normal 0.62936433412954 0.49090418062104163 -0.6024231240369716
outer loop
vertex -17.642 -13.084 0.345
vertex -16.912 -13.88 0.459
vertex -16.979 -13.934 0.345
endloop
endfacet
facet normal 0.5581888854322938 0.43538733063718954 -0.7063023718638329
outer loop
vertex -17.642 -13.084 0.345
vertex -16.979 -13.934 0.345
vertex -17.723 -13.144 0.244
endloop
endfacet
facet normal 0.5579661037432028 0.43513515818849363 -0.7066337249112189
outer loop
vertex -17.723 -13.144 0.244
vertex -16.979 -13.934 0.345
vertex -17.057 -13.998 0.244
endloop
endfacet
facet normal 0.47038970131363533 0.3668378701111025 -0.8025979728048276
outer loop
vertex -17.723 -13.144 0.244
vertex -17.057 -13.998 0.244
vertex -17.815 -13.212 0.159
endloop
endfacet
facet normal 0.4719951878970257 0.36857433087530056 -0.8008579806818908
outer loop
vertex -17.815 -13.212 0.159
vertex -17.057 -13.998 0.244
vertex -17.145 -14.07 0.159
endloop
endfacet
facet normal 0.38094527913447546 0.2974747517716772 -0.8754367289322146
outer loop
vertex -17.815 -13.212 0.159
vertex -17.145 -14.07 0.159
vertex -17.915 -13.287 0.09
endloop
endfacet
facet normal 0.3794841633368643 0.2959360856613084 -0.8765920390808845
outer loop
vertex -17.915 -13.287 0.09
vertex -17.145 -14.07 0.159
vertex -17.242 -14.15 0.09
endloop
endfacet
facet normal 0.2712704358720123 0.21154693318871834 -0.938967648899714
outer loop
vertex -17.915 -13.287 0.09
vertex -17.242 -14.15 0.09
vertex -18.023 -13.366 0.041
endloop
endfacet
facet normal 0.27167357555066834 0.21196166193711552 -0.9387575417627126
outer loop
vertex -18.023 -13.366 0.041
vertex -17.242 -14.15 0.09
vertex -17.345 -14.235 0.041
endloop
endfacet
facet normal 0.17048025002980371 0.1330099073880404 -0.9763425878688283
outer loop
vertex -18.023 -13.366 0.041
vertex -17.345 -14.235 0.041
vertex -18.135 -13.45 0.01
endloop
endfacet
facet normal 0.17120294480355286 0.13374617222912172 -0.9761155224176336
outer loop
vertex -18.135 -13.45 0.01
vertex -17.345 -14.235 0.041
vertex -17.453 -14.323 0.01
endloop
endfacet
facet normal 0.0555340574282571 0.04338399446285385 -0.9975138081700935
outer loop
vertex -18.135 -13.45 0.01
vertex -17.453 -14.323 0.01
vertex -18.249 -13.534 0.0
endloop
endfacet
facet normal 0.05534502027327781 0.04319304198801887 -0.997532600898222
outer loop
vertex -18.249 -13.534 0.0
vertex -17.453 -14.323 0.01
vertex -17.563 -14.413 0.0
endloop
endfacet
facet normal 0.0 -0.0 -1.0
outer loop
vertex -17.563 -14.413 0.0
vertex -16.834 -15.258 0.0
vertex -27.055 -22.204 0.0
endloop
endfacet
facet normal 0.0 -0.0 -1.0
outer loop
vertex -27.055 -22.204 0.0
vertex -16.834 -15.258 0.0
vertex -25.933 -23.505 0.0
endloop
endfacet
facet normal -0.75728090539885 -0.6530892973539667 0.0
outer loop
vertex -27.055 -22.204 0.0
vertex -25.933 -23.505 0.0
vertex -27.055 -22.204 3.0
endloop
endfacet
facet normal -0.75728090539885 -0.6530892973539667 0.0
outer loop
vertex -27.055 -22.204 3.0
vertex -25.933 -23.505 0.0
vertex -25.933 -23.505 3.0
endloop
endfacet
facet normal -0.0 0.0 1.0
outer loop
vertex -27.055 -22.204 3.0
vertex -25.933 -23.505 3.0
vertex -23.221 -19.057 3.0
endloop
endfacet
facet normal -0.0 0.0 1.0
outer loop
vertex -23.221 -19.057 3.0
vertex -25.933 -23.505 3.0
vertex -22.258 -20.174 3.0
endloop
endfacet
facet normal -0.7573868351206325 -0.6529664478255768 0.0
outer loop
vertex -23.221 -19.057 3.0
vertex -22.258 -20.174 3.0
vertex -23.221 -19.057 52.0
endloop
endfacet
facet normal -0.7573868351206325 -0.6529664478255768 0.0
outer loop
vertex -23.221 -19.057 52.0
vertex -22.258 -20.174 3.0
vertex -22.258 -20.174 52.0
endloop
endfacet
facet normal -0.5357031417434756 -0.4618461284681889 0.7069089740165384
outer loop
vertex -23.221 -19.057 52.0
vertex -22.258 -20.174 52.0
vertex -22.448 -18.423 53.0
endloop
endfacet
facet normal -0.5353593237877091 -0.4619272756685425 0.7071163881759531
outer loop
vertex -22.448 -18.423 53.0
vertex -22.258 -20.174 52.0
vertex -21.517 -19.502 53.0
endloop
endfacet
facet normal -0.0 0.0 1.0
outer loop
vertex -22.448 -18.423 53.0
vertex -21.517 -19.502 53.0
vertex -16.79 -13.779 53.0
endloop
endfacet
facet normal -0.0 0.0 0.9999999999999999
outer loop
vertex -16.79 -13.779 53.0
vertex -21.517 -19.502 53.0
vertex -16.093 -14.586 53.0
endloop
endfacet
facet normal 0.7568019208227457 0.6536442860141919 0.0
outer loop
vertex -16.79 -13.779 53.0
vertex -16.093 -14.586 53.0
vertex -16.79 -13.779 1.0
endloop
endfacet
facet normal 0.7568019208227457 0.6536442860141919 0.0
outer loop
vertex -16.79 -13.779 1.0
vertex -16.093 -14.586 53.0
vertex -16.093 -14.586 1.0
endloop
endfacet
facet normal 0.7549410817513387 0.6520370929128652 -0.07008275501047402
outer loop
vertex -16.79 -13.779 1.0
vertex -16.093 -14.586 1.0
vertex -16.798 -13.785 0.858
endloop
endfacet
facet normal 0.7550894516074612 0.6513581036762376 -0.07464945308867939
outer loop
vertex -16.798 -13.785 0.858
vertex -16.093 -14.586 1.0
vertex -16.101 -14.593 0.858
endloop
endfacet
facet normal 0.7398712337515696 0.6382305073327271 -0.2127260608781628
outer loop
vertex -16.798 -13.785 0.858
vertex -16.101 -14.593 0.858
vertex -16.821 -13.805 0.718
endloop
endfacet
facet normal 0.7402401645038416 0.6394648945837647 -0.20767558221972163
outer loop
vertex -16.821 -13.805 0.718
vertex -16.101 -14.593 0.858
vertex -16.123 -14.613 0.718
endloop
endfacet
facet normal 0.708726289056359 0.6122412744571027 -0.3505248479802033
outer loop
vertex -16.821 -13.805 0.718
vertex -16.123 -14.613 0.718
vertex -16.86 -13.836 0.585
endloop
endfacet
facet normal 0.7081975675384595 0.6112679374561297 -0.3532813524242943
outer loop
vertex -16.86 -13.836 0.585
vertex -16.123 -14.613 0.718
vertex -16.16 -14.647 0.585
endloop
endfacet
facet normal 0.6659346578544169 0.5747894704045516 -0.4755503087796034
outer loop
vertex -16.86 -13.836 0.585
vertex -16.16 -14.647 0.585
vertex -16.912 -13.88 0.459
endloop
endfacet
facet normal 0.6650129953882379 0.5733998890124918 -0.4785083941220107
outer loop
vertex -16.912 -13.88 0.459
vertex -16.16 -14.647 0.585
vertex -16.211 -14.693 0.459
endloop
endfacet
facet normal 0.6045893392617984 0.5213002789944916 -0.602260533300371
outer loop
vertex -16.912 -13.88 0.459
vertex -16.211 -14.693 0.459
vertex -16.979 -13.934 0.345
endloop
endfacet
facet normal 0.6067948246690061 0.5242528816074117 -0.5974604228576446
outer loop
vertex -16.979 -13.934 0.345
vertex -16.211 -14.693 0.459
vertex -16.274 -14.75 0.345
endloop
endfacet
facet normal 0.5354282219521656 0.46259423587778853 -0.7066280436479913
outer loop
vertex -16.979 -13.934 0.345
vertex -16.274 -14.75 0.345
vertex -17.057 -13.998 0.244
endloop
endfacet
facet normal 0.5346637036508944 0.4616364660790638 -0.7078322521504244
outer loop
vertex -17.057 -13.998 0.244
vertex -16.274 -14.75 0.345
vertex -16.349 -14.818 0.244
endloop
endfacet
facet normal 0.45330328169956424 0.39138868712596425 -0.8008314619133163
outer loop
vertex -17.057 -13.998 0.244
vertex -16.349 -14.818 0.244
vertex -17.145 -14.07 0.159
endloop
endfacet
facet normal 0.45112630893686584 0.3887888553383166 -0.8033232720080511
outer loop
vertex -17.145 -14.07 0.159
vertex -16.349 -14.818 0.244
vertex -16.434 -14.895 0.159
endloop
endfacet
facet normal 0.36449802484107885 0.3141310250448567 -0.8766201509155606
outer loop
vertex -17.145 -14.07 0.159
vertex -16.434 -14.895 0.159
vertex -17.242 -14.15 0.09
endloop
endfacet
facet normal 0.3653100656080309 0.31507442329281354 -0.8759432993933779
outer loop
vertex -17.242 -14.15 0.09
vertex -16.434 -14.895 0.159
vertex -16.527 -14.979 0.09
endloop
endfacet
facet normal 0.26090158312665757 0.2250236814662972 -0.9387729793200048
outer loop
vertex -17.242 -14.15 0.09
vertex -16.527 -14.979 0.09
vertex -17.345 -14.235 0.041
endloop
endfacet
facet normal 0.26054429662451584 0.22461792478780085 -0.9389693591169299
outer loop
vertex -17.345 -14.235 0.041
vertex -16.527 -14.979 0.09
vertex -16.626 -15.069 0.041
endloop
endfacet
facet normal 0.1645730007406729 0.14188008097427246 -0.9761074582493182
outer loop
vertex -17.345 -14.235 0.041
vertex -16.626 -15.069 0.041
vertex -17.453 -14.323 0.01
endloop
endfacet
facet normal 0.16509423119702302 0.1424651053476098 -0.9759342132458305
outer loop
vertex -17.453 -14.323 0.01
vertex -16.626 -15.069 0.041
vertex -16.729 -15.162 0.01
endloop
endfacet
facet normal 0.053155257412863664 0.04586937588428282 -0.9975322145000423
outer loop
vertex -17.453 -14.323 0.01
vertex -16.729 -15.162 0.01
vertex -17.563 -14.413 0.0
endloop
endfacet
facet normal 0.053110953598554674 0.045819982453664344 -0.9975368443399962
outer loop
vertex -17.563 -14.413 0.0
vertex -16.729 -15.162 0.01
vertex -16.834 -15.258 0.0
endloop
endfacet
facet normal 0.0 -0.0 -1.0
outer loop
vertex -16.834 -15.258 0.0
vertex -16.065 -16.065 0.0
vertex -25.933 -23.505 0.0
endloop
endfacet
facet normal 0.0 -0.0 -1.0
outer loop
vertex -25.933 -23.505 0.0
vertex -16.065 -16.065 0.0
vertex -24.749 -24.749 0.0
endloop
endfacet
facet normal -0.7243594518179691 -0.6894225007656563 0.0
outer loop
vertex -25.933 -23.505 0.0
vertex -24.749 -24.749 0.0
vertex -25.933 -23.505 3.0
endloop
endfacet
facet normal -0.7243594518179691 -0.6894225007656563 0.0
outer loop
vertex -25.933 -23.505 3.0
vertex -24.749 -24.749 0.0
vertex -24.749 -24.749 3.0
endloop
endfacet
facet normal -0.0 0.0 1.0
outer loop
vertex -25.933 -23.505 3.0
vertex -24.749 -24.749 3.0
vertex -22.258 -20.174 3.0
endloop
endfacet
facet normal -0.0 0.0 1.0
outer loop
vertex -22.258 -20.174 3.0
vertex -24.749 -24.749 3.0
vertex -21.241 -21.241 3.0
endloop
endfacet
facet normal -0.7238636057053067 -0.6899430993461072 0.0
outer loop
vertex -22.258 -20.174 3.0
vertex -21.241 -21.241 3.0
vertex -22.258 -20.174 52.0
endloop
endfacet
facet normal -0.7238636057053067 -0.6899430993461072 0.0
outer loop
vertex -22.258 -20.174 52.0
vertex -21.241 -21.241 3.0
vertex -21.241 -21.241 52.0
endloop
endfacet
facet normal -0.5118425443389194 -0.4878574204242555 0.7071155118802391
outer loop
vertex -22.258 -20.174 52.0
vertex -21.241 -21.241 52.0
vertex -21.517 -19.502 53.0
endloop
endfacet
facet normal -0.5121217651077377 -0.4878059061055295 0.7069488635477806
outer loop
vertex -21.517 -19.502 53.0
vertex -21.241 -21.241 52.0
vertex -20.534 -20.534 53.0
endloop
endfacet
facet normal -0.0 0.0 1.0
outer loop
vertex -21.517 -19.502 53.0
vertex -20.534 -20.534 53.0
vertex -16.093 -14.586 53.0
endloop
endfacet
facet normal -0.0 0.0 1.0
outer loop
vertex -16.093 -14.586 53.0
vertex -20.534 -20.534 53.0
vertex -15.358 -15.358 53.0
endloop
endfacet
facet normal 0.7242494729274253 0.6895380344581049 0.0
outer loop
vertex -16.093 -14.586 53.0
vertex -15.358 -15.358 53.0
vertex -16.093 -14.586 1.0
endloop
endfacet
facet normal 0.7242494729274253 0.6895380344581049 0.0
outer loop
vertex -16.093 -14.586 1.0
vertex -15.358 -15.358 53.0
vertex -15.358 -15.358 1.0
endloop
endfacet
facet normal 0.7222321502026356 0.6876173968898144 -0.07458576746372521
outer loop
vertex -16.093 -14.586 1.0
vertex -15.358 -15.358 1.0
vertex -16.101 -14.593 0.858
endloop
endfacet
facet normal 0.7224072488748731 0.6868943440142711 -0.07939727283881627
outer loop
vertex -16.101 -14.593 0.858
vertex -15.358 -15.358 1.0
vertex -15.366 -15.366 0.858
endloop
endfacet
facet normal 0.7088929502217328 0.6740443963945323 -0.20768952023407078
outer loop
vertex -16.101 -14.593 0.858
vertex -15.366 -15.366 0.858
vertex -16.123 -14.613 0.718
endloop
endfacet
facet normal 0.7089070693582586 0.6741028463148298 -0.20745148735097113
outer loop
vertex -16.123 -14.613 0.718
vertex -15.366 -15.366 0.858
vertex -15.387 -15.387 0.718
endloop
endfacet
facet normal 0.6779145353627993 0.6446319095956332 -0.35338588522311914
outer loop
vertex -16.123 -14.613 0.718
vertex -15.387 -15.387 0.718
vertex -16.16 -14.647 0.585
endloop
endfacet
facet normal 0.6787290367148531 0.646325198832982 -0.3486984830389053
outer loop
vertex -16.16 -14.647 0.585
vertex -15.387 -15.387 0.718
vertex -15.422 -15.422 0.585
endloop
endfacet
facet normal 0.6359091534019014 0.6055496196265842 -0.478465470843797
outer loop
vertex -16.16 -14.647 0.585
vertex -15.422 -15.422 0.585
vertex -16.211 -14.693 0.459
endloop
endfacet
facet normal 0.63494287401466 0.6039302400653562 -0.48178398880889034
outer loop
vertex -16.211 -14.693 0.459
vertex -15.422 -15.422 0.585
vertex -15.471 -15.471 0.459
endloop
endfacet
facet normal 0.5810502607166397 0.5526699137921751 -0.5974416799237182
outer loop
vertex -16.211 -14.693 0.459
vertex -15.471 -15.471 0.459
vertex -16.274 -14.75 0.345
endloop
endfacet
facet normal 0.5812545656073164 0.5529732935291114 -0.5969620311244404
outer loop
vertex -16.274 -14.75 0.345
vertex -15.471 -15.471 0.459
vertex -15.531 -15.531 0.345
endloop
endfacet
facet normal 0.5117801191475913 0.4868791658471961 -0.7078345763730506
outer loop
vertex -16.274 -14.75 0.345
vertex -15.531 -15.531 0.345
vertex -16.349 -14.818 0.244
endloop
endfacet
facet normal 0.513508187789105 0.4892737452531391 -0.7049259133267236
outer loop
vertex -16.349 -14.818 0.244
vertex -15.531 -15.531 0.345
vertex -15.602 -15.602 0.244
endloop
endfacet
facet normal 0.4311669259444411 0.4108184868373689 -0.8033201434324148
outer loop
vertex -16.349 -14.818 0.244
vertex -15.602 -15.602 0.244
vertex -16.434 -14.895 0.159
endloop
endfacet
facet normal 0.4314463167375712 0.4111880505963406 -0.8029809853417231
outer loop
vertex -16.434 -14.895 0.159
vertex -15.602 -15.602 0.244
vertex -15.683 -15.683 0.159
endloop
endfacet
facet normal 0.34924413090929823 0.3328456120721869 -0.8759237041830188
outer loop
vertex -16.434 -14.895 0.159
vertex -15.683 -15.683 0.159
vertex -16.527 -14.979 0.09
endloop
endfacet
facet normal 0.34823374450956135 0.3315466293880438 -0.8768181634331469
outer loop
vertex -16.527 -14.979 0.09
vertex -15.683 -15.683 0.159
vertex -15.772 -15.772 0.09
endloop
endfacet
facet normal 0.2491235196014716 0.23718569646798365 -0.9389783902584621
outer loop
vertex -16.527 -14.979 0.09
vertex -15.772 -15.772 0.09
vertex -16.626 -15.069 0.041
endloop
endfacet
facet normal 0.2503571374464435 0.23873453508067471 -0.9382574942356905
outer loop
vertex -16.626 -15.069 0.041
vertex -15.772 -15.772 0.09
vertex -15.866 -15.866 0.041
endloop
endfacet
facet normal 0.1578327777367867 0.1505055346047156 -0.975928736294428
outer loop
vertex -16.626 -15.069 0.041
vertex -15.866 -15.866 0.041
vertex -16.729 -15.162 0.01
endloop
endfacet
facet normal 0.15666562539011178 0.149056709586607 -0.9763390697643618
outer loop
vertex -16.729 -15.162 0.01
vertex -15.866 -15.866 0.041
vertex -15.965 -15.965 0.01
endloop
endfacet
facet normal 0.05080730850109467 0.0483397057220876 -0.997537914193529
outer loop
vertex -16.729 -15.162 0.01
vertex -15.965 -15.965 0.01
vertex -16.834 -15.258 0.0
endloop
endfacet
facet normal 0.05107797398882184 0.04867281536233433 -0.9975078935115759
outer loop
vertex -16.834 -15.258 0.0
vertex -15.965 -15.965 0.01
vertex -16.065 -16.065 0.0
endloop
endfacet
facet normal 0.0 -0.0 -1.0
outer loop
vertex -16.065 -16.065 0.0
vertex -15.258 -16.834 0.0
vertex -24.749 -24.749 0.0
endloop
endfacet
facet normal 0.0 -0.0 -1.0
outer loop
vertex -24.749 -24.749 0.0
vertex -15.258 -16.834 0.0
vertex -23.505 -25.933 0.0
endloop
endfacet
facet normal -0.6894225007656563 -0.7243594518179691 0.0
outer loop
vertex -24.749 -24.749 0.0
vertex -23.505 -25.933 0.0
vertex -24.749 -24.749 3.0
endloop
endfacet
facet normal -0.6894225007656563 -0.7243594518179691 0.0
outer loop
vertex -24.749 -24.749 3.0
vertex -23.505 -25.933 0.0
vertex -23.505 -25.933 3.0
endloop
endfacet
facet normal -0.0 0.0 1.0
outer loop
vertex -24.749 -24.749 3.0
vertex -23.505 -25.933 3.0
vertex -21.241 -21.241 3.0
endloop
endfacet
facet normal -0.0 0.0 1.0
outer loop
vertex -21.241 -21.241 3.0
vertex -23.505 -25.933 3.0
vertex -20.174 -22.258 3.0
endloop
endfacet
facet normal -0.6899430993461072 -0.7238636057053067 0.0
outer loop
vertex -21.241 -21.241 3.0
vertex -20.174 -22.258 3.0
vertex -21.241 -21.241 52.0
endloop
endfacet
facet normal -0.6899430993461072 -0.7238636057053067 0.0
outer loop
vertex -21.241 -21.241 52.0
vertex -20.174 -22.258 3.0
vertex -20.174 -22.258 52.0
endloop
endfacet
facet normal -0.487970458886624 -0.5119611402478152 0.7069516405880493
outer loop
vertex -21.241 -21.241 52.0
vertex -20.174 -22.258 52.0
vertex -20.534 -20.534 53.0
endloop
endfacet
facet normal -0.48768903765246036 -0.5119990710654515 0.707118344961953
outer loop
vertex -20.534 -20.534 53.0
vertex -20.174 -22.258 52.0
vertex -19.502 -21.517 53.0
endloop
endfacet
facet normal -0.0 0.0 0.9999999999999999
outer loop
vertex -20.534 -20.534 53.0
vertex -19.502 -21.517 53.0
vertex -15.358 -15.358 53.0
endloop
endfacet
facet normal -0.0 0.0 1.0
outer loop
vertex -15.358 -15.358 53.0
vertex -19.502 -21.517 53.0
vertex -14.586 -16.093 53.0
endloop
endfacet
facet normal 0.6895380344581049 0.7242494729274253 0.0
outer loop
vertex -15.358 -15.358 53.0
vertex -14.586 -16.093 53.0
vertex -15.358 -15.358 1.0
endloop
endfacet
facet normal 0.6895380344581049 0.7242494729274253 0.0
outer loop
vertex -15.358 -15.358 1.0
vertex -14.586 -16.093 53.0
vertex -14.586 -16.093 1.0
endloop
endfacet
facet normal 0.6873611300085433 0.7219629828116951 -0.07939854156732831
outer loop
vertex -15.358 -15.358 1.0
vertex -14.586 -16.093 1.0
vertex -15.366 -15.366 0.858
endloop
endfacet
facet normal 0.6871502641025725 0.7226764002058349 -0.07458776796030862
outer loop
vertex -15.366 -15.366 0.858
vertex -14.586 -16.093 1.0
vertex -14.593 -16.101 0.858
endloop
endfacet
facet normal 0.6740792247636174 0.7089295792411924 -0.20745132060072974
outer loop
vertex -15.366 -15.366 0.858
vertex -14.593 -16.101 0.858
vertex -15.387 -15.387 0.718
endloop
endfacet
facet normal 0.6740680628253096 0.7088704899820515 -0.20768937168651763
outer loop
vertex -15.387 -15.387 0.718
vertex -14.593 -16.101 0.858
vertex -14.613 -16.123 0.718
endloop
endfacet
facet normal 0.645844250803009 0.6791894702738168 -0.348693084493903
outer loop
vertex -15.387 -15.387 0.718
vertex -14.613 -16.123 0.718
vertex -15.422 -15.422 0.585
endloop
endfacet
facet normal 0.6451143345654398 0.6774574651601848 -0.35338205703873365
outer loop
vertex -15.422 -15.422 0.585
vertex -14.613 -16.123 0.718
vertex -14.647 -16.16 0.585
endloop
endfacet
facet normal 0.6042950407665272 0.634591675601706 -0.48178927858764153
outer loop
vertex -15.422 -15.422 0.585
vertex -14.647 -16.16 0.585
vertex -15.471 -15.471 0.459
endloop
endfacet
facet normal 0.6051799099338813 0.6362567161196768 -0.47847117761159264
outer loop
vertex -15.471 -15.471 0.459
vertex -14.647 -16.16 0.585
vertex -14.693 -16.211 0.459
endloop
endfacet
facet normal 0.5529165259695513 0.581309536762584 -0.5969610856484971
outer loop
vertex -15.471 -15.471 0.459
vertex -14.693 -16.211 0.459
vertex -15.531 -15.531 0.345
endloop
endfacet
facet normal 0.5527276262258612 0.5809963338928636 -0.5974407344747901
outer loop
vertex -15.531 -15.531 0.345
vertex -14.693 -16.211 0.459
vertex -14.75 -16.274 0.345
endloop
endfacet
facet normal 0.4888844624045195 0.5138879746136338 -0.7049192379038476
outer loop
vertex -15.531 -15.531 0.345
vertex -14.75 -16.274 0.345
vertex -15.602 -15.602 0.244
endloop
endfacet
facet normal 0.48727597147342283 0.5114114613589879 -0.7078279768526367
outer loop
vertex -15.602 -15.602 0.244
vertex -14.75 -16.274 0.345
vertex -14.818 -16.349 0.244
endloop
endfacet
facet normal 0.4111346804187705 0.43149878105530975 -0.8029801221105896
outer loop
vertex -15.602 -15.602 0.244
vertex -14.818 -16.349 0.244
vertex -15.683 -15.683 0.159
endloop
endfacet
facet normal 0.4108734582264348 0.4311162251430495 -0.8033192402422946
outer loop
vertex -15.683 -15.683 0.159
vertex -14.818 -16.349 0.244
vertex -14.895 -16.434 0.159
endloop
endfacet
facet normal 0.33171963057901055 0.34806267496173104 -0.8768206549728451
outer loop
vertex -15.683 -15.683 0.159
vertex -14.895 -16.434 0.159
vertex -15.772 -15.772 0.09
endloop
endfacet
facet normal 0.3326654555351726 0.34940888243628077 -0.8759264395873693
outer loop
vertex -15.772 -15.772 0.09
vertex -14.895 -16.434 0.159
vertex -14.979 -16.527 0.09
endloop
endfacet
facet normal 0.23854223267169813 0.2505483317995453 -0.9382553685774819
outer loop
vertex -15.772 -15.772 0.09
vertex -14.979 -16.527 0.09
vertex -15.866 -15.866 0.041
endloop
endfacet
facet normal 0.2373847054117257 0.24894159238571673 -0.9389763496579941
outer loop
vertex -15.866 -15.866 0.041
vertex -14.979 -16.527 0.09
vertex -15.069 -16.626 0.041
endloop
endfacet
facet normal 0.14922881930320384 0.15649390655875398 -0.9763403180752867
outer loop
vertex -15.866 -15.866 0.041
vertex -15.069 -16.626 0.041
vertex -15.965 -15.965 0.01
endloop
endfacet
facet normal 0.15032374356884418 0.157997337808615 -0.9759301272964366
outer loop
vertex -15.965 -15.965 0.01
vertex -15.069 -16.626 0.041
vertex -15.162 -16.729 0.01
endloop
endfacet
facet normal 0.048634075207311736 0.05111670470087868 -0.9975077990819183
outer loop
vertex -15.965 -15.965 0.01
vertex -15.162 -16.729 0.01
vertex -16.065 -16.065 0.0
endloop
endfacet
facet normal 0.048379883620874656 0.05077056707678288 -0.997537837066611
outer loop
vertex -16.065 -16.065 0.0
vertex -15.162 -16.729 0.01
vertex -15.258 -16.834 0.0
endloop
endfacet
facet normal 0.0 -0.0 -1.0
outer loop
vertex -15.258 -16.834 0.0
vertex -14.413 -17.563 0.0
vertex -23.505 -25.933 0.0
endloop
endfacet
facet normal 0.0 -0.0 -1.0
outer loop
vertex -23.505 -25.933 0.0
vertex -14.413 -17.563 0.0
vertex -22.204 -27.055 0.0
endloop
endfacet
facet normal -0.6530892973539667 -0.75728090539885 0.0
outer loop
vertex -23.505 -25.933 0.0
vertex -22.204 -27.055 0.0
vertex -23.505 -25.933 3.0
endloop
endfacet
facet normal -0.6530892973539667 -0.75728090539885 0.0
outer loop
vertex -23.505 -25.933 3.0
vertex -22.204 -27.055 0.0
vertex -22.204 -27.055 3.0
endloop
endfacet
facet normal -0.0 0.0 1.0
outer loop
vertex -23.505 -25.933 3.0
vertex -22.204 -27.055 3.0
vertex -20.174 -22.258 3.0
endloop
endfacet
facet normal -0.0 0.0 1.0
outer loop
vertex -20.174 -22.258 3.0
vertex -22.204 -27.055 3.0
vertex -19.057 -23.221 3.0
endloop
endfacet
facet normal -0.6529664478255768 -0.7573868351206325 0.0
outer loop
vertex -20.174 -22.258 3.0
vertex -19.057 -23.221 3.0
vertex -20.174 -22.258 52.0
endloop
endfacet
facet normal -0.6529664478255768 -0.7573868351206325 0.0
outer loop
vertex -20.174 -22.258 52.0
vertex -19.057 -23.221 3.0
vertex -19.057 -23.221 52.0
endloop
endfacet
facet normal -0.46171305599764223 -0.5355487887324676 0.7071128260811741
outer loop
vertex -20.174 -22.258 52.0
vertex -19.057 -23.221 52.0
vertex -19.502 -21.517 53.0
endloop
endfacet
facet normal -0.462065051200949 -0.5355190013381566 0.7069054304957968
outer loop
vertex -19.502 -21.517 53.0
vertex -19.057 -23.221 52.0
vertex -18.423 -22.448 53.0
endloop
endfacet
facet normal -0.0 0.0 1.0
outer loop
vertex -19.502 -21.517 53.0
vertex -18.423 -22.448 53.0
vertex -14.586 -16.093 53.0
endloop
endfacet
facet normal -0.0 0.0 1.0
outer loop
vertex -14.586 -16.093 53.0
vertex -18.423 -22.448 53.0
vertex -13.779 -16.79 53.0
endloop
endfacet
facet normal 0.6536442860141919 0.7568019208227457 0.0
outer loop
vertex -14.586 -16.093 53.0
vertex -13.779 -16.79 53.0
vertex -14.586 -16.093 1.0
endloop
endfacet
facet normal 0.6536442860141919 0.7568019208227457 0.0
outer loop
vertex -14.586 -16.093 1.0
vertex -13.779 -16.79 53.0
vertex -13.779 -16.79 1.0
endloop
endfacet
facet normal 0.6518204969485546 0.7546903027797481 -0.07464975986533115
outer loop
vertex -14.586 -16.093 1.0
vertex -13.779 -16.79 1.0
vertex -14.593 -16.101 0.858
endloop
endfacet
facet normal 0.6515743963240656 0.7553401897128342 -0.0700856894059616
outer loop
vertex -14.593 -16.101 0.858
vertex -13.779 -16.79 1.0
vertex -13.785 -16.798 0.858
endloop
endfacet
facet normal 0.6389402843753248 0.7406940455886126 -0.20767196207469416
outer loop
vertex -14.593 -16.101 0.858
vertex -13.785 -16.798 0.858
vertex -14.613 -16.123 0.718
endloop
endfacet
facet normal 0.6387549626009755 0.7394183521226186 -0.21272658107744183
outer loop
vertex -14.613 -16.123 0.718
vertex -13.785 -16.798 0.858
vertex -13.805 -16.821 0.718
endloop
endfacet
facet normal 0.6115628351161211 0.7079409323407241 -0.353285345041764
outer loop
vertex -14.613 -16.123 0.718
vertex -13.805 -16.821 0.718
vertex -14.647 -16.16 0.585
endloop
endfacet
facet normal 0.6119437848096466 0.7089805849723197 -0.35053007626329624
outer loop
vertex -14.647 -16.16 0.585
vertex -13.805 -16.821 0.718
vertex -13.836 -16.86 0.585
endloop
endfacet
facet normal 0.573738917185257 0.6647175169103484 -0.4785125678805411
outer loop
vertex -14.647 -16.16 0.585
vertex -13.836 -16.86 0.585
vertex -14.693 -16.211 0.459
endloop
endfacet
facet normal 0.5744476976629288 0.6662282142652783 -0.4755521098330427
outer loop
vertex -14.693 -16.211 0.459
vertex -13.836 -16.86 0.585
vertex -13.88 -16.912 0.459
endloop
endfacet
facet normal 0.5236546833442572 0.6073199109256493 -0.5974515029731594
outer loop
vertex -14.693 -16.211 0.459
vertex -13.88 -16.912 0.459
vertex -14.75 -16.274 0.345
endloop
endfacet
facet normal 0.5219064438672516 0.6040789477952889 -0.6022476971150459
outer loop
vertex -14.75 -16.274 0.345
vertex -13.88 -16.912 0.459
vertex -13.934 -16.979 0.345
endloop
endfacet
facet normal 0.4618049158329598 0.534514625985385 -0.7078349626291547
outer loop
vertex -14.75 -16.274 0.345
vertex -13.934 -16.979 0.345
vertex -14.818 -16.349 0.244
endloop
endfacet
facet normal 0.46242186215595593 0.5355733431749786 -0.7066308905507845
outer loop
vertex -14.818 -16.349 0.244
vertex -13.934 -16.979 0.345
vertex -13.998 -17.057 0.244
endloop
endfacet
facet normal 0.38919604308558875 0.45076377871494855 -0.8033296059807215
outer loop
vertex -14.818 -16.349 0.244
vertex -13.998 -17.057 0.244
vertex -14.895 -16.434 0.159
endloop
endfacet
facet normal 0.3909676174765335 0.45365440846433264 -0.800838310625559
outer loop
vertex -14.895 -16.434 0.159
vertex -13.998 -17.057 0.244
vertex -14.07 -17.145 0.159
endloop
endfacet
facet normal 0.3149368188847227 0.36543301769324404 -0.8759414990114239
outer loop
vertex -14.895 -16.434 0.159
vertex -14.07 -17.145 0.159
vertex -14.979 -16.527 0.09
endloop
endfacet
facet normal 0.3142724263995304 0.3643801978814132 -0.8766184537168117
outer loop
vertex -14.979 -16.527 0.09
vertex -14.07 -17.145 0.159
vertex -14.15 -17.242 0.09
endloop
endfacet
facet normal 0.22467278215606307 0.2604947362340924 -0.938969985331046
outer loop
vertex -14.979 -16.527 0.09
vertex -14.15 -17.242 0.09
vertex -15.069 -16.626 0.041
endloop
endfacet
facet normal 0.22496669838199815 0.2609488545905249 -0.9387734976590444
outer loop
vertex -15.069 -16.626 0.041
vertex -14.15 -17.242 0.09
vertex -14.235 -17.345 0.041
endloop
endfacet
facet normal 0.14238874779036884 0.16516302594877358 -0.975933716684763
outer loop
vertex -15.069 -16.626 0.041
vertex -14.235 -17.345 0.041
vertex -15.162 -16.729 0.01
endloop
endfacet
facet normal 0.14195939800536875 0.1645081974122989 -0.9761068498387405
outer loop
vertex -15.162 -16.729 0.01
vertex -14.235 -17.345 0.041
vertex -14.323 -17.453 0.01
endloop
endfacet
facet normal 0.045826222730933175 0.05310524982217257 -0.9975368613497647
outer loop
vertex -15.162 -16.729 0.01
vertex -14.323 -17.453 0.01
vertex -15.258 -16.834 0.0
endloop
endfacet
facet normal 0.045862827678659485 0.05316061644508539 -0.997532230003871
outer loop
vertex -15.258 -16.834 0.0
vertex -14.323 -17.453 0.01
vertex -14.413 -17.563 0.0
endloop
endfacet
facet normal 0.0 -0.0 -1.0
outer loop
vertex -14.413 -17.563 0.0
vertex -13.534 -18.249 0.0
vertex -22.204 -27.055 0.0
endloop
endfacet
facet normal 0.0 -0.0 -0.9999999999999999
outer loop
vertex -22.204 -27.055 0.0
vertex -13.534 -18.249 0.0
vertex -20.849 -28.112 0.0
endloop
endfacet
facet normal -0.6150679768387132 -0.788474085729856 0.0
outer loop
vertex -22.204 -27.055 0.0
vertex -20.849 -28.112 0.0
vertex -22.204 -27.055 3.0
endloop
endfacet
facet normal -0.6150679768387132 -0.788474085729856 0.0
outer loop
vertex -22.204 -27.055 3.0
vertex -20.849 -28.112 0.0
vertex -20.849 -28.112 3.0
endloop
endfacet
facet normal -0.0 0.0 1.0
outer loop
vertex -22.204 -27.055 3.0
vertex -20.849 -28.112 3.0
vertex -19.057 -23.221 3.0
endloop
endfacet
facet normal -0.0 0.0 1.0
outer loop
vertex -19.057 -23.221 3.0
vertex -20.849 -28.112 3.0
vertex -17.895 -24.128 3.0
endloop
endfacet
facet normal -0.6153017023394945 -0.7882917068561104 0.0
outer loop
vertex -19.057 -23.221 3.0
vertex -17.895 -24.128 3.0
vertex -19.057 -23.221 52.0
endloop
endfacet
facet normal -0.6153017023394945 -0.7882917068561104 0.0
outer loop
vertex -19.057 -23.221 52.0
vertex -17.895 -24.128 3.0
vertex -17.895 -24.128 52.0
endloop
endfacet
facet normal -0.4352035034818969 -0.557559505012088 0.7069125185818667
outer loop
vertex -19.057 -23.221 52.0
vertex -17.895 -24.128 52.0
vertex -18.423 -22.448 53.0
endloop
endfacet
facet normal -0.4350398331570407 -0.5575653049812016 0.7070086804615017
outer loop
vertex -18.423 -22.448 53.0
vertex -17.895 -24.128 52.0
vertex -17.299 -23.325 53.0
endloop
endfacet
facet normal -0.0 0.0 1.0
outer loop
vertex -18.423 -22.448 53.0
vertex -17.299 -23.325 53.0
vertex -13.779 -16.79 53.0
endloop
endfacet
facet normal -0.0 0.0 1.0
outer loop
vertex -13.779 -16.79 53.0
vertex -17.299 -23.325 53.0
vertex -12.939 -17.446 53.0
endloop
endfacet
facet normal 0.6154983707599374 0.7881381576804046 0.0
outer loop
vertex -13.779 -16.79 53.0
vertex -12.939 -17.446 53.0
vertex -13.779 -16.79 1.0
endloop
endfacet
facet normal 0.6154983707599374 0.7881381576804046 0.0
outer loop
vertex -13.779 -16.79 1.0
vertex -12.939 -17.446 53.0
vertex -12.939 -17.446 1.0
endloop
endfacet
facet normal 0.6139783703754377 0.7861918157246429 -0.07023524470457207
outer loop
vertex -13.779 -16.79 1.0
vertex -12.939 -17.446 1.0
vertex -13.785 -16.798 0.858
endloop
endfacet
facet normal 0.6139783703754377 0.7861918157246429 -0.07023524470457194
outer loop
vertex -13.785 -16.798 0.858
vertex -12.939 -17.446 1.0
vertex -12.945 -17.454 0.858
endloop
endfacet
facet normal 0.6014483530877265 0.7701472813928176 -0.21244538952708253
outer loop
vertex -13.785 -16.798 0.858
vertex -12.945 -17.454 0.858
vertex -13.805 -16.821 0.718
endloop
endfacet
facet normal 0.601521000915769 0.7708990605343651 -0.20949253906649032
outer loop
vertex -13.805 -16.821 0.718
vertex -12.945 -17.454 0.858
vertex -12.963 -17.478 0.718
endloop
endfacet
facet normal 0.5760846491637628 0.7383002657471666 -0.35076943224221735
outer loop
vertex -13.805 -16.821 0.718
vertex -12.963 -17.478 0.718
vertex -13.836 -16.86 0.585
endloop
endfacet
facet normal 0.5764054067676246 0.7393406737262523 -0.34804047928805676
outer loop
vertex -13.836 -16.86 0.585
vertex -12.963 -17.478 0.718
vertex -12.992 -17.518 0.585
endloop
endfacet
facet normal 0.540965132870018 0.6938823284837295 -0.4752725946621806
outer loop
vertex -13.836 -16.86 0.585
vertex -12.992 -17.518 0.585
vertex -13.88 -16.912 0.459
endloop
endfacet
facet normal 0.5403652987199191 0.6924196792976872 -0.47807983816578214
outer loop
vertex -13.88 -16.912 0.459
vertex -12.992 -17.518 0.585
vertex -13.033 -17.573 0.459
endloop
endfacet
facet normal 0.4910605049561641 0.6292409193613778 -0.6024246391653025
outer loop
vertex -13.88 -16.912 0.459
vertex -13.033 -17.573 0.459
vertex -13.934 -16.979 0.345
endloop
endfacet
facet normal 0.4914593604604455 0.6300761031544168 -0.6012252500099732
outer loop
vertex -13.934 -16.979 0.345
vertex -13.033 -17.573 0.459
vertex -13.084 -17.642 0.345
endloop
endfacet
facet normal 0.43518343581498103 0.5579274818140778 -0.7066344898381837
outer loop
vertex -13.934 -16.979 0.345
vertex -13.084 -17.642 0.345
vertex -13.998 -17.057 0.244
endloop
endfacet
facet normal 0.43533808909474814 0.5582263184488203 -0.7063031400003891
outer loop
vertex -13.998 -17.057 0.244
vertex -13.084 -17.642 0.345
vertex -13.144 -17.723 0.244
endloop
endfacet
facet normal 0.3682766682682994 0.47223464669838927 -0.8008537532326663
outer loop
vertex -13.998 -17.057 0.244
vertex -13.144 -17.723 0.244
vertex -14.07 -17.145 0.159
endloop
endfacet
facet normal 0.3671417812611571 0.47016066913742116 -0.8025932080753221
outer loop
vertex -14.07 -17.145 0.159
vertex -13.144 -17.723 0.244
vertex -13.212 -17.815 0.159
endloop
endfacet
facet normal 0.2961791986010392 0.3792861976114793 -0.8765956095130022
outer loop
vertex -14.07 -17.145 0.159
vertex -13.212 -17.815 0.159
vertex -14.15 -17.242 0.09
endloop
endfacet
facet normal 0.297223716715071 0.38113531578767723 -0.8754392801796747
outer loop
vertex -14.15 -17.242 0.09
vertex -13.212 -17.815 0.159
vertex -13.287 -17.915 0.09
endloop
endfacet
facet normal 0.21190044925072934 0.2717237558742642 -0.9387568375787855
outer loop
vertex -14.15 -17.242 0.09
vertex -13.287 -17.915 0.09
vertex -14.235 -17.345 0.041
endloop
endfacet
facet normal 0.21161054602328244 0.2712235464516699 -0.9389668602575423
outer loop
vertex -14.235 -17.345 0.041
vertex -13.287 -17.915 0.09
vertex -13.366 -18.023 0.041
endloop
endfacet
facet normal 0.13364068514556424 0.17128872476621704 -0.9761149215342358
outer loop
vertex -14.235 -17.345 0.041
vertex -13.366 -18.023 0.041
vertex -14.323 -17.453 0.01
endloop
endfacet
facet normal 0.13311808863494934 0.17039896096526472 -0.9763420346272795
outer loop
vertex -14.323 -17.453 0.01
vertex -13.366 -18.023 0.041
vertex -13.45 -18.135 0.01
endloop
endfacet
facet normal 0.043219444186535484 0.055323423423527 -0.9975326553376125
outer loop
vertex -14.323 -17.453 0.01
vertex -13.45 -18.135 0.01
vertex -14.413 -17.563 0.0
endloop
endfacet
facet normal 0.043356428973558944 0.055554374734341536 -0.9975138753493793
outer loop
vertex -14.413 -17.563 0.0
vertex -13.45 -18.135 0.01
vertex -13.534 -18.249 0.0
endloop
endfacet
facet normal 0.0 -0.0 -0.9999999999999999
outer loop
vertex -13.534 -18.249 0.0
vertex -12.623 -18.891 0.0
vertex -20.849 -28.112 0.0
endloop
endfacet
facet normal 0.0 -0.0 -1.0
outer loop
vertex -20.849 -28.112 0.0
vertex -12.623 -18.891 0.0
vertex -19.445 -29.101 0.0
endloop
endfacet
facet normal -0.5758827793761245 -0.8175322772943157 0.0
outer loop
vertex -20.849 -28.112 0.0
vertex -19.445 -29.101 0.0
vertex -20.849 -28.112 3.0
endloop
endfacet
facet normal -0.5758827793761245 -0.8175322772943157 0.0
outer loop
vertex -20.849 -28.112 3.0
vertex -19.445 -29.101 0.0
vertex -19.445 -29.101 3.0
endloop
endfacet
facet normal -0.0 0.0 1.0
outer loop
vertex -20.849 -28.112 3.0
vertex -19.445 -29.101 3.0
vertex -17.895 -24.128 3.0
endloop
endfacet
facet normal -0.0 0.0 1.0
outer loop
vertex -17.895 -24.128 3.0
vertex -19.445 -29.101 3.0
vertex -16.689 -24.977 3.0
endloop
endfacet
facet normal -0.5756445527251676 -0.8177000360265625 0.0
outer loop
vertex -17.895 -24.128 3.0
vertex -16.689 -24.977 3.0
vertex -17.895 -24.128 52.0
endloop
endfacet
facet normal -0.5756445527251676 -0.8177000360265625 0.0
outer loop
vertex -17.895 -24.128 52.0
vertex -16.689 -24.977 3.0
vertex -16.689 -24.977 52.0
endloop
endfacet
facet normal -0.4071037808702934 -0.5782887629323599 0.7069997300333805
outer loop
vertex -17.895 -24.128 52.0
vertex -16.689 -24.977 52.0
vertex -17.299 -23.325 53.0
endloop
endfacet
facet normal -0.4075364211926617 -0.5782946780626671 0.7067455912320032
outer loop
vertex -17.299 -23.325 53.0
vertex -16.689 -24.977 52.0
vertex -16.134 -24.146 53.0
endloop
endfacet
facet normal -0.0 0.0 1.0
outer loop
vertex -17.299 -23.325 53.0
vertex -16.134 -24.146 53.0
vertex -12.939 -17.446 53.0
endloop
endfacet
facet normal -0.0 0.0 1.0
outer loop
vertex -12.939 -17.446 53.0
vertex -16.134 -24.146 53.0
vertex -12.067 -18.06 53.0
endloop
endfacet
facet normal 0.5757256483397118 0.8176429403130797 0.0
outer loop
vertex -12.939 -17.446 53.0
vertex -12.067 -18.06 53.0
vertex -12.939 -17.446 1.0
endloop
endfacet
facet normal 0.5757256483397118 0.8176429403130797 0.0
outer loop
vertex -12.939 -17.446 1.0
vertex -12.067 -18.06 53.0
vertex -12.067 -18.06 1.0
endloop
endfacet
facet normal 0.5743046045374165 0.8156247803853899 -0.07021708359371136
outer loop
vertex -12.939 -17.446 1.0
vertex -12.067 -18.06 1.0
vertex -12.945 -17.454 0.858
endloop
endfacet
facet normal 0.5743046045374178 0.8156247803853871 -0.07021708359373179
outer loop
vertex -12.945 -17.454 0.858
vertex -12.067 -18.06 1.0
vertex -12.073 -18.068 0.858
endloop
endfacet
facet normal 0.5629570546269465 0.7995090417503202 -0.20943888560923443
outer loop
vertex -12.945 -17.454 0.858
vertex -12.073 -18.068 0.858
vertex -12.963 -17.478 0.718
endloop
endfacet
facet normal 0.5629804053961792 0.8000729663679044 -0.2072107903252525
outer loop
vertex -12.963 -17.478 0.718
vertex -12.073 -18.068 0.858
vertex -12.089 -18.093 0.718
endloop
endfacet
facet normal 0.5394582880170816 0.7666447865478534 -0.3481961038677422
outer loop
vertex -12.963 -17.478 0.718
vertex -12.089 -18.093 0.718
vertex -12.992 -17.518 0.585
endloop
endfacet
facet normal 0.538803809061868 0.7641058880537016 -0.35472897708262585
outer loop
vertex -12.992 -17.518 0.585
vertex -12.089 -18.093 0.718
vertex -12.117 -18.135 0.585
endloop
endfacet
facet normal 0.5061680935746539 0.7178234714389328 -0.47804113306112056
outer loop
vertex -12.992 -17.518 0.585
vertex -12.117 -18.135 0.585
vertex -13.033 -17.573 0.459
endloop
endfacet
facet normal 0.5062638567266935 0.7180931602682344 -0.4775344181817617
outer loop
vertex -13.033 -17.573 0.459
vertex -12.117 -18.135 0.585
vertex -12.155 -18.192 0.459
endloop
endfacet
facet normal 0.46042199911957904 0.6530702992358491 -0.6012576544067683
outer loop
vertex -13.033 -17.573 0.459
vertex -12.155 -18.192 0.459
vertex -13.084 -17.642 0.345
endloop
endfacet
facet normal 0.46054716600958806 0.6533688458203636 -0.6008372984360265
outer loop
vertex -13.084 -17.642 0.345
vertex -12.155 -18.192 0.459
vertex -12.203 -18.263 0.345
endloop
endfacet
facet normal 0.40784657094360904 0.5786035893741037 -0.7063137128308803
outer loop
vertex -13.084 -17.642 0.345
vertex -12.203 -18.263 0.345
vertex -13.144 -17.723 0.244
endloop
endfacet
facet normal 0.40883933081498414 0.580774972345522 -0.7039537151516526
outer loop
vertex -13.144 -17.723 0.244
vertex -12.203 -18.263 0.345
vertex -12.259 -18.346 0.244
endloop
endfacet
facet normal 0.3433608113677853 0.4877597400649909 -0.8026168383410536
outer loop
vertex -13.144 -17.723 0.244
vertex -12.259 -18.346 0.244
vertex -13.212 -17.815 0.159
endloop
endfacet
facet normal 0.3439908245335443 0.48906043743587174 -0.801554864729649
outer loop
vertex -13.212 -17.815 0.159
vertex -12.259 -18.346 0.244
vertex -12.322 -18.441 0.159
endloop
endfacet
facet normal 0.2781255992739625 0.3954181842712902 -0.875380266270662
outer loop
vertex -13.212 -17.815 0.159
vertex -12.322 -18.441 0.159
vertex -13.287 -17.915 0.09
endloop
endfacet
facet normal 0.2765099145396235 0.39219710540881664 -0.87733898674927
outer loop
vertex -13.287 -17.915 0.09
vertex -12.322 -18.441 0.159
vertex -12.392 -18.546 0.09
endloop
endfacet
facet normal 0.19816560896844848 0.28107483363987573 -0.939003370237019
outer loop
vertex -13.287 -17.915 0.09
vertex -12.392 -18.546 0.09
vertex -13.366 -18.023 0.041
endloop
endfacet
facet normal 0.19861594484000084 0.28194692485173617 -0.9386467056469987
outer loop
vertex -13.366 -18.023 0.041
vertex -12.392 -18.546 0.09
vertex -12.466 -18.657 0.041
endloop
endfacet
facet normal 0.12455731454442322 0.1768163771135345 -0.9763306018854093
outer loop
vertex -13.366 -18.023 0.041
vertex -12.466 -18.657 0.041
vertex -13.45 -18.135 0.01
endloop
endfacet
facet normal 0.12508216896867927 0.17782057563415743 -0.9760810898113065
outer loop
vertex -13.45 -18.135 0.01
vertex -12.466 -18.657 0.041
vertex -12.543 -18.773 0.01
endloop
endfacet
facet normal 0.04053852453390436 0.05763078644553505 -0.997514571563886
outer loop
vertex -13.45 -18.135 0.01
vertex -12.543 -18.773 0.01
vertex -13.534 -18.249 0.0
endloop
endfacet
facet normal 0.04031436107777069 0.05720620395926664 -0.9975480953415038
outer loop
vertex -13.534 -18.249 0.0
vertex -12.543 -18.773 0.01
vertex -12.623 -18.891 0.0
endloop
endfacet
facet normal 0.0 -0.0 -1.0
outer loop
vertex -12.623 -18.891 0.0
vertex -11.68 -19.488 0.0
vertex -19.445 -29.101 0.0
endloop
endfacet
facet normal 0.0 -0.0 -1.0
outer loop
vertex -19.445 -29.101 0.0
vertex -11.68 -19.488 0.0
vertex -17.994 -30.021 0.0
endloop
endfacet
facet normal -0.535481275972437 -0.8445470993869619 0.0
outer loop
vertex -19.445 -29.101 0.0
vertex -17.994 -30.021 0.0
vertex -19.445 -29.101 3.0
endloop
endfacet
facet normal -0.535481275972437 -0.8445470993869619 0.0
outer loop
vertex -19.445 -29.101 3.0
vertex -17.994 -30.021 0.0
vertex -17.994 -30.021 3.0
endloop
endfacet
facet normal -0.0 0.0 1.0
outer loop
vertex -19.445 -29.101 3.0
vertex -17.994 -30.021 3.0
vertex -16.689 -24.977 3.0
endloop
endfacet
facet normal -0.0 0.0 0.9999999999999999
outer loop
vertex -16.689 -24.977 3.0
vertex -17.994 -30.021 3.0
vertex -15.444 -25.766 3.0
endloop
endfacet
facet normal -0.5352941693291999 -0.8446657044548227 0.0
outer loop
vertex -16.689 -24.977 3.0
vertex -15.444 -25.766 3.0
vertex -16.689 -24.977 52.0
endloop
endfacet
facet normal -0.5352941693291999 -0.8446657044548227 0.0
outer loop
vertex -16.689 -24.977 52.0
vertex -15.444 -25.766 3.0
vertex -15.444 -25.766 52.0
endloop
endfacet
facet normal -0.378698404744071 -0.5975659238357026 0.706754897340428
outer loop
vertex -16.689 -24.977 52.0
vertex -15.444 -25.766 52.0
vertex -16.134 -24.146 53.0
endloop
endfacet
facet normal -0.378172848863622 -0.597532952797639 0.7070641178162745
outer loop
vertex -16.134 -24.146 53.0
vertex -15.444 -25.766 52.0
vertex -14.93 -24.908 53.0
endloop
endfacet
facet normal -0.0 0.0 1.0
outer loop
vertex -16.134 -24.146 53.0
vertex -14.93 -24.908 53.0
vertex -12.067 -18.06 53.0
endloop
endfacet
facet normal -0.0 0.0 1.0
outer loop
vertex -12.067 -18.06 53.0
vertex -14.93 -24.908 53.0
vertex -11.166 -18.63 53.0
endloop
endfacet
facet normal 0.5346280423225078 0.8450874844431213 0.0
outer loop
vertex -12.067 -18.06 53.0
vertex -11.166 -18.63 53.0
vertex -12.067 -18.06 1.0
endloop
endfacet
facet normal 0.5346280423225078 0.8450874844431213 0.0
outer loop
vertex -12.067 -18.06 1.0
vertex -11.166 -18.63 53.0
vertex -11.166 -18.63 1.0
endloop
endfacet
facet normal 0.5333155392565173 0.843012808544073 -0.07002813875981724
outer loop
vertex -12.067 -18.06 1.0
vertex -11.166 -18.63 1.0
vertex -12.073 -18.068 0.858
endloop
endfacet
facet normal 0.5337519328514583 0.8422250288952112 -0.07593335814905675
outer loop
vertex -12.073 -18.068 0.858
vertex -11.166 -18.63 1.0
vertex -11.172 -18.639 0.858
endloop
endfacet
facet normal 0.5236580331463245 0.8262975269086514 -0.20739976216468814
outer loop
vertex -12.073 -18.068 0.858
vertex -11.172 -18.639 0.858
vertex -12.089 -18.093 0.718
endloop
endfacet
facet normal 0.523661676602645 0.8257741823349422 -0.20946467064105262
outer loop
vertex -12.089 -18.093 0.718
vertex -11.172 -18.639 0.858
vertex -11.187 -18.665 0.718
endloop
endfacet
facet normal 0.5007101658364705 0.7895814153575134 -0.3547541660784829
outer loop
vertex -12.089 -18.093 0.718
vertex -11.187 -18.665 0.718
vertex -12.117 -18.135 0.585
endloop
endfacet
facet normal 0.5012451624280968 0.7921776692919598 -0.3481491453638646
outer loop
vertex -12.117 -18.135 0.585
vertex -11.187 -18.665 0.718
vertex -11.213 -18.707 0.585
endloop
endfacet
facet normal 0.46978511147250157 0.7424575887607392 -0.47755489520091654
outer loop
vertex -12.117 -18.135 0.585
vertex -11.213 -18.707 0.585
vertex -12.155 -18.192 0.459
endloop
endfacet
facet normal 0.4697102631666856 0.7422076806484065 -0.47801676483403355
outer loop
vertex -12.155 -18.192 0.459
vertex -11.213 -18.707 0.585
vertex -11.248 -18.766 0.459
endloop
endfacet
facet normal 0.4275161429021364 0.6755350899167928 -0.6007347916087353
outer loop
vertex -12.155 -18.192 0.459
vertex -11.248 -18.766 0.459
vertex -12.203 -18.263 0.345
endloop
endfacet
facet normal 0.4280416720320016 0.6769895194811725 -0.5987198990485448
outer loop
vertex -12.203 -18.263 0.345
vertex -11.248 -18.766 0.459
vertex -11.292 -18.839 0.345
endloop
endfacet
facet normal 0.37960991863021054 0.6003899928335478 -0.7038665826581749
outer loop
vertex -12.203 -18.263 0.345
vertex -11.292 -18.839 0.345
vertex -12.259 -18.346 0.244
endloop
endfacet
facet normal 0.377970853135646 0.5962816045157198 -0.7082275639200092
outer loop
vertex -12.259 -18.346 0.244
vertex -11.292 -18.839 0.345
vertex -11.344 -18.926 0.244
endloop
endfacet
facet normal 0.3200823198564638 0.5049574528770095 -0.8016016961679081
outer loop
vertex -12.259 -18.346 0.244
vertex -11.344 -18.926 0.244
vertex -12.322 -18.441 0.159
endloop
endfacet
facet normal 0.3202734636728396 0.5054058088833815 -0.8012427078070272
outer loop
vertex -12.322 -18.441 0.159
vertex -11.344 -18.926 0.244
vertex -11.402 -19.024 0.159
endloop
endfacet
facet normal 0.2568466567025236 0.4053154788444612 -0.8773534963455845
outer loop
vertex -12.322 -18.441 0.159
vertex -11.402 -19.024 0.159
vertex -12.392 -18.546 0.09
endloop
endfacet
facet normal 0.25803020391654774 0.40799647627830093 -0.875762119077592
outer loop
vertex -12.392 -18.546 0.09
vertex -11.402 -19.024 0.159
vertex -11.467 -19.131 0.09
endloop
endfacet
facet normal 0.18433485529469168 0.29146964298733224 -0.9386512176204332
outer loop
vertex -12.392 -18.546 0.09
vertex -11.467 -19.131 0.09
vertex -12.466 -18.657 0.041
endloop
endfacet
facet normal 0.1836653421884076 0.2899979087185389 -0.9392381247679894
outer loop
vertex -12.466 -18.657 0.041
vertex -11.467 -19.131 0.09
vertex -11.536 -19.246 0.041
endloop
endfacet
facet normal 0.11630900765818003 0.18364580156554777 -0.9760873087510753
outer loop
vertex -12.466 -18.657 0.041
vertex -11.536 -19.246 0.041
vertex -12.543 -18.773 0.01
endloop
endfacet
facet normal 0.11620313357117358 0.1834167504597276 -0.9761429851200253
outer loop
vertex -12.543 -18.773 0.01
vertex -11.536 -19.246 0.041
vertex -11.607 -19.366 0.01
endloop
endfacet
facet normal 0.03746612136314017 0.0591370819492398 -0.9975465379061428
outer loop
vertex -12.543 -18.773 0.01
vertex -11.607 -19.366 0.01
vertex -12.623 -18.891 0.0
endloop
endfacet
facet normal 0.037542647525238046 0.05930103285812292 -0.9975339278033382
outer loop
vertex -12.623 -18.891 0.0
vertex -11.607 -19.366 0.01
vertex -11.68 -19.488 0.0
endloop
endfacet
facet normal 0.0 -0.0 -1.0
outer loop
vertex -11.68 -19.488 0.0
vertex -10.71 -20.037 0.0
vertex -17.994 -30.021 0.0
endloop
endfacet
facet normal 0.0 -0.0 -1.0
outer loop
vertex -17.994 -30.021 0.0
vertex -10.71 -20.037 0.0
vertex -16.499 -30.867 0.0
endloop
endfacet
facet normal -0.4924983926643023 -0.8703133534670595 0.0
outer loop
vertex -17.994 -30.021 0.0
vertex -16.499 -30.867 0.0
vertex -17.994 -30.021 3.0
endloop
endfacet
facet normal -0.4924983926643023 -0.8703133534670595 0.0
outer loop
vertex -17.994 -30.021 3.0
vertex -16.499 -30.867 0.0
vertex -16.499 -30.867 3.0
endloop
endfacet
facet normal -0.0 0.0 1.0
outer loop
vertex -17.994 -30.021 3.0
vertex -16.499 -30.867 3.0
vertex -15.444 -25.766 3.0
endloop
endfacet
facet normal -0.0 0.0 0.9999999999999999
outer loop
vertex -15.444 -25.766 3.0
vertex -16.499 -30.867 3.0
vertex -14.161 -26.493 3.0
endloop
endfacet
facet normal -0.4929954619682252 -0.8700318813001833 0.0
outer loop
vertex -15.444 -25.766 3.0
vertex -14.161 -26.493 3.0
vertex -15.444 -25.766 52.0
endloop
endfacet
facet normal -0.4929954619682252 -0.8700318813001833 0.0
outer loop
vertex -15.444 -25.766 52.0
vertex -14.161 -26.493 3.0
vertex -14.161 -26.493 52.0
endloop
endfacet
facet normal -0.348620126966484 -0.6152401965584583 0.7070668339079285
outer loop
vertex -15.444 -25.766 52.0
vertex -14.161 -26.493 52.0
vertex -14.93 -24.908 53.0
endloop
endfacet
facet normal -0.34851365183379707 -0.6152282246454372 0.7071297378028264
outer loop
vertex -14.93 -24.908 53.0
vertex -14.161 -26.493 52.0
vertex -13.689 -25.611 53.0
endloop
endfacet
facet normal -0.0 0.0 1.0
outer loop
vertex -14.93 -24.908 53.0
vertex -13.689 -25.611 53.0
vertex -11.166 -18.63 53.0
endloop
endfacet
facet normal -0.0 0.0 1.0
outer loop
vertex -11.166 -18.63 53.0
vertex -13.689 -25.611 53.0
vertex -10.239 -19.155 53.0
endloop
endfacet
facet normal 0.4927994035317342 0.8701429468074582 0.0
outer loop
vertex -11.166 -18.63 53.0
vertex -10.239 -19.155 53.0
vertex -11.166 -18.63 1.0
endloop
endfacet
facet normal 0.4927994035317342 0.8701429468074582 0.0
outer loop
vertex -11.166 -18.63 1.0
vertex -10.239 -19.155 53.0
vertex -10.239 -19.155 1.0
endloop
endfacet
facet normal 0.4913833587118705 0.8676426162398131 -0.07575411055232341
outer loop
vertex -11.166 -18.63 1.0
vertex -10.239 -19.155 1.0
vertex -11.172 -18.639 0.858
endloop
endfacet
facet normal 0.49110809183854204 0.8680920175736487 -0.07231245505179827
outer loop
vertex -11.172 -18.639 0.858
vertex -10.239 -19.155 1.0
vertex -10.244 -19.164 0.858
endloop
endfacet
facet normal 0.4814561558271772 0.8510310716335601 -0.20963321571342472
outer loop
vertex -11.172 -18.639 0.858
vertex -10.244 -19.164 0.858
vertex -11.187 -18.665 0.718
endloop
endfacet
facet normal 0.48148965695655604 0.8503876260696596 -0.21215229358050086
outer loop
vertex -11.187 -18.665 0.718
vertex -10.244 -19.164 0.858
vertex -10.258 -19.191 0.718
endloop
endfacet
facet normal 0.4619213340892133 0.8158268429066149 -0.34792994051427484
outer loop
vertex -11.187 -18.665 0.718
vertex -10.258 -19.191 0.718
vertex -11.213 -18.707 0.585
endloop
endfacet
facet normal 0.46182377924705875 0.8151889436709454 -0.3495508304075565
outer loop
vertex -11.213 -18.707 0.585
vertex -10.258 -19.191 0.718
vertex -10.281 -19.235 0.585
endloop
endfacet
facet normal 0.4329338665805057 0.7641938705549843 -0.4780962197861899
outer loop
vertex -11.213 -18.707 0.585
vertex -10.281 -19.235 0.585
vertex -11.248 -18.766 0.459
endloop
endfacet
facet normal 0.43301826271554517 0.7645350801064579 -0.47747386885715876
outer loop
vertex -11.248 -18.766 0.459
vertex -10.281 -19.235 0.585
vertex -10.314 -19.295 0.459
endloop
endfacet
facet normal 0.3947515883946563 0.6969716135361177 -0.5986666462938759
outer loop
vertex -11.248 -18.766 0.459
vertex -10.314 -19.295 0.459
vertex -11.292 -18.839 0.345
endloop
endfacet
facet normal 0.3941052144818065 0.6948697202705539 -0.6015290115774726
outer loop
vertex -11.292 -18.839 0.345
vertex -10.314 -19.295 0.459
vertex -10.354 -19.371 0.345
endloop
endfacet
facet normal 0.34827563550707846 0.6140649362887967 -0.7082572525098327
outer loop
vertex -11.292 -18.839 0.345
vertex -10.354 -19.371 0.345
vertex -11.344 -18.926 0.244
endloop
endfacet
facet normal 0.3491143927690317 0.6165072516501784 -0.705718038188237
outer loop
vertex -11.344 -18.926 0.244
vertex -10.354 -19.371 0.345
vertex -10.401 -19.46 0.244
endloop
endfacet
facet normal 0.2947826410791808 0.5205618549394496 -0.8013229996077624
outer loop
vertex -11.344 -18.926 0.244
vertex -10.401 -19.46 0.244
vertex -11.402 -19.024 0.159
endloop
endfacet
facet normal 0.2950552116041488 0.5213009055767347 -0.8007420233446645
outer loop
vertex -11.402 -19.024 0.159
vertex -10.401 -19.46 0.244
vertex -10.455 -19.56 0.159
endloop
endfacet
facet normal 0.2378428162597547 0.42021855783206796 -0.8756980977523964
outer loop
vertex -11.402 -19.024 0.159
vertex -10.455 -19.56 0.159
vertex -11.467 -19.131 0.09
endloop
endfacet
facet normal 0.23728207388202424 0.418758919276981 -0.8765490202722379
outer loop
vertex -11.467 -19.131 0.09
vertex -10.455 -19.56 0.159
vertex -10.514 -19.671 0.09
endloop
endfacet
facet normal 0.16922942439357003 0.29865859527235683 -0.9392360967240152
outer loop
vertex -11.467 -19.131 0.09
vertex -10.514 -19.671 0.09
vertex -11.536 -19.246 0.041
endloop
endfacet
facet normal 0.16952190055850658 0.29939503247809746 -0.9389488483184113
outer loop
vertex -11.536 -19.246 0.041
vertex -10.514 -19.671 0.09
vertex -10.577 -19.789 0.041
endloop
endfacet
facet normal 0.10695380092484974 0.18889262446948496 -0.976155961354925
outer loop
vertex -11.536 -19.246 0.041
vertex -10.577 -19.789 0.041
vertex -11.607 -19.366 0.01
endloop
endfacet
facet normal 0.10687178635379131 0.18868938103489885 -0.9762042505368517
outer loop
vertex -11.607 -19.366 0.01
vertex -10.577 -19.789 0.041
vertex -10.643 -19.912 0.01
endloop
endfacet
facet normal 0.034588648376813004 0.061068602628658854 -0.9975340852203738
outer loop
vertex -11.607 -19.366 0.01
vertex -10.643 -19.912 0.01
vertex -11.68 -19.488 0.0
endloop
endfacet
facet normal 0.03465349831597091 0.06122749247084111 -0.9975220946025196
outer loop
vertex -11.68 -19.488 0.0
vertex -10.643 -19.912 0.01
vertex -10.71 -20.037 0.0
endloop
endfacet
facet normal 0.0 -0.0 -0.9999999999999999
outer loop
vertex -10.71 -20.037 0.0
vertex -9.714 -20.539 0.0
vertex -16.499 -30.867 0.0
endloop
endfacet
facet normal 0.0 -0.0 -1.0
outer loop
vertex -16.499 -30.867 0.0
vertex -9.714 -20.539 0.0
vertex -14.964 -31.64 0.0
endloop
endfacet
facet normal -0.4497719141044609 -0.8931434516822083 0.0
outer loop
vertex -16.499 -30.867 0.0
vertex -14.964 -31.64 0.0
vertex -16.499 -30.867 3.0
endloop
endfacet
facet normal -0.4497719141044609 -0.8931434516822083 0.0
outer loop
vertex -16.499 -30.867 3.0
vertex -14.964 -31.64 0.0
vertex -14.964 -31.64 3.0
endloop
endfacet
facet normal -0.0 0.0 1.0
outer loop
vertex -16.499 -30.867 3.0
vertex -14.964 -31.64 3.0
vertex -14.161 -26.493 3.0
endloop
endfacet
facet normal -0.0 0.0 1.0
outer loop
vertex -14.161 -26.493 3.0
vertex -14.964 -31.64 3.0
vertex -12.844 -27.156 3.0
endloop
endfacet
facet normal -0.44965348668385835 -0.8932030798833204 0.0
outer loop
vertex -14.161 -26.493 3.0
vertex -12.844 -27.156 3.0
vertex -14.161 -26.493 52.0
endloop
endfacet
facet normal -0.44965348668385835 -0.8932030798833204 0.0
outer loop
vertex -14.161 -26.493 52.0
vertex -12.844 -27.156 3.0
vertex -12.844 -27.156 52.0
endloop
endfacet
facet normal -0.3179464222777558 -0.6315768297734605 0.7071214751752916
outer loop
vertex -14.161 -26.493 52.0
vertex -12.844 -27.156 52.0
vertex -13.689 -25.611 53.0
endloop
endfacet
facet normal -0.318027642093036 -0.6315899974796192 0.7070731885373949
outer loop
vertex -13.689 -25.611 53.0
vertex -12.844 -27.156 52.0
vertex -12.416 -26.252 53.0
endloop
endfacet
facet normal -0.0 0.0 1.0
outer loop
vertex -13.689 -25.611 53.0
vertex -12.416 -26.252 53.0
vertex -10.239 -19.155 53.0
endloop
endfacet
facet normal -0.0 0.0 0.9999999999999999
outer loop
vertex -10.239 -19.155 53.0
vertex -12.416 -26.252 53.0
vertex -9.286 -19.635 53.0
endloop
endfacet
facet normal 0.44983571257027316 0.8931113209988969 0.0
outer loop
vertex -10.239 -19.155 53.0
vertex -9.286 -19.635 53.0
vertex -10.239 -19.155 1.0
endloop
endfacet
facet normal 0.44983571257027316 0.8931113209988969 0.0
outer loop
vertex -10.239 -19.155 1.0
vertex -9.286 -19.635 53.0
vertex -9.286 -19.635 1.0
endloop
endfacet
facet normal 0.448659909497565 0.8907768619816241 -0.07225557257269216
outer loop
vertex -10.239 -19.155 1.0
vertex -9.286 -19.635 1.0
vertex -10.244 -19.164 0.858
endloop
endfacet
facet normal 0.4486599094975635 0.8907768619816262 -0.07225557257267565
outer loop
vertex -10.244 -19.164 0.858
vertex -9.286 -19.635 1.0
vertex -9.291 -19.644 0.858
endloop
endfacet
facet normal 0.4395838616574705 0.8727571253324413 -0.21227583176555692
outer loop
vertex -10.244 -19.164 0.858
vertex -9.291 -19.644 0.858
vertex -10.258 -19.191 0.718
endloop
endfacet
facet normal 0.4395069323754396 0.8735200280961843 -0.20927593485341814
outer loop
vertex -10.258 -19.191 0.718
vertex -9.291 -19.644 0.858
vertex -9.304 -19.671 0.718
endloop
endfacet
facet normal 0.4210832278019966 0.8369029152564664 -0.3496890414340711
outer loop
vertex -10.258 -19.191 0.718
vertex -9.304 -19.671 0.718
vertex -10.281 -19.235 0.585
endloop
endfacet
facet normal 0.42108465340257767 0.8369166915859946 -0.34965435220169094
outer loop
vertex -10.281 -19.235 0.585
vertex -9.304 -19.671 0.718
vertex -9.325 -19.716 0.585
endloop
endfacet
facet normal 0.39496519568383337 0.7850035905899042 -0.4772544991504949
outer loop
vertex -10.281 -19.235 0.585
vertex -9.325 -19.716 0.585
vertex -10.314 -19.295 0.459
endloop
endfacet
facet normal 0.39497171855512686 0.7850369561344193 -0.4771942152256412
outer loop
vertex -10.314 -19.295 0.459
vertex -9.325 -19.716 0.585
vertex -9.354 -19.778 0.459
endloop
endfacet
facet normal 0.35899752168581767 0.7135354468289594 -0.6016543405827289
outer loop
vertex -10.314 -19.295 0.459
vertex -9.354 -19.778 0.459
vertex -10.354 -19.371 0.345
endloop
endfacet
facet normal 0.3593834681480017 0.7150542971622399 -0.5996172737102635
outer loop
vertex -10.354 -19.371 0.345
vertex -9.354 -19.778 0.459
vertex -9.391 -19.855 0.345
endloop
endfacet
facet normal 0.31812536016729404 0.6329643013245925 -0.7057991558985459
outer loop
vertex -10.354 -19.371 0.345
vertex -9.391 -19.855 0.345
vertex -10.401 -19.46 0.244
endloop
endfacet
facet normal 0.31725419743094574 0.6299482729275683 -0.7088828871174845
outer loop
vertex -10.401 -19.46 0.244
vertex -9.391 -19.855 0.345
vertex -9.434 -19.947 0.244
endloop
endfacet
facet normal 0.2694695055632845 0.5350657328125197 -0.8006814891960974
outer loop
vertex -10.401 -19.46 0.244
vertex -9.434 -19.947 0.244
vertex -10.455 -19.56 0.159
endloop
endfacet
facet normal 0.2690287214769505 0.533665137297132 -0.8017637234585452
outer loop
vertex -10.455 -19.56 0.159
vertex -9.434 -19.947 0.244
vertex -9.483 -20.05 0.159
endloop
endfacet
facet normal 0.21664167777835297 0.42974634857256766 -0.8765754156591009
outer loop
vertex -10.455 -19.56 0.159
vertex -9.483 -20.05 0.159
vertex -10.514 -19.671 0.09
endloop
endfacet
facet normal 0.21749425249227064 0.43233613605170784 -0.8750895471874336
outer loop
vertex -10.514 -19.671 0.09
vertex -9.483 -20.05 0.159
vertex -9.536 -20.163 0.09
endloop
endfacet
facet normal 0.15461893773682026 0.30735227867197135 -0.9389502440961843
outer loop
vertex -10.514 -19.671 0.09
vertex -9.536 -20.163 0.09
vertex -10.577 -19.789 0.041
endloop
endfacet
facet normal 0.15430034541423301 0.3064186657418019 -0.9393077263016962
outer loop
vertex -10.577 -19.789 0.041
vertex -9.536 -20.163 0.09
vertex -9.594 -20.284 0.041
endloop
endfacet
facet normal 0.0975380760851001 0.19369682584172515 -0.9762007290370447
outer loop
vertex -10.577 -19.789 0.041
vertex -9.594 -20.284 0.041
vertex -10.643 -19.912 0.01
endloop
endfacet
facet normal 0.09776801799204159 0.19435810805646783 -0.9760462798917979
outer loop
vertex -10.643 -19.912 0.01
vertex -9.594 -20.284 0.041
vertex -9.653 -20.41 0.01
endloop
endfacet
facet normal 0.03161777442199995 0.06285461180277087 -0.9975217361620361
outer loop
vertex -10.643 -19.912 0.01
vertex -9.653 -20.41 0.01
vertex -10.71 -20.037 0.0
endloop
endfacet
facet normal 0.03147405247926903 0.06244652643297176 -0.997551911108885
outer loop
vertex -10.71 -20.037 0.0
vertex -9.653 -20.41 0.01
vertex -9.714 -20.539 0.0
endloop
endfacet
facet normal 0.0 -0.0 -1.0
outer loop
vertex -9.714 -20.539 0.0
vertex -8.695 -20.991 0.0
vertex -14.964 -31.64 0.0
endloop
endfacet
facet normal 0.0 -0.0 -0.9999999999999999
outer loop
vertex -14.964 -31.64 0.0
vertex -8.695 -20.991 0.0
vertex -13.394 -32.336 0.0
endloop
endfacet
facet normal -0.4052738537934065 -0.9141953311144401 0.0
outer loop
vertex -14.964 -31.64 0.0
vertex -13.394 -32.336 0.0
vertex -14.964 -31.64 3.0
endloop
endfacet
facet normal -0.4052738537934065 -0.9141953311144401 0.0
outer loop
vertex -14.964 -31.64 3.0
vertex -13.394 -32.336 0.0
vertex -13.394 -32.336 3.0
endloop
endfacet
facet normal -0.0 0.0 1.0
outer loop
vertex -14.964 -31.64 3.0
vertex -13.394 -32.336 3.0
vertex -12.844 -27.156 3.0
endloop
endfacet
facet normal -0.0 0.0 1.0
outer loop
vertex -12.844 -27.156 3.0
vertex -13.394 -32.336 3.0
vertex -11.496 -27.753 3.0
endloop
endfacet
facet normal -0.4049423604534112 -0.91434221422311 0.0
outer loop
vertex -12.844 -27.156 3.0
vertex -11.496 -27.753 3.0
vertex -12.844 -27.156 52.0
endloop
endfacet
facet normal -0.4049423604534112 -0.91434221422311 0.0
outer loop
vertex -12.844 -27.156 52.0
vertex -11.496 -27.753 3.0
vertex -11.496 -27.753 52.0
endloop
endfacet
facet normal -0.28635457076208864 -0.6465761497274611 0.7070645956397985
outer loop
vertex -12.844 -27.156 52.0
vertex -11.496 -27.753 52.0
vertex -12.416 -26.252 53.0
endloop
endfacet
facet normal -0.28631595328630743 -0.6465679153068591 0.7070877638521935
outer loop
vertex -12.416 -26.252 53.0
vertex -11.496 -27.753 52.0
vertex -11.113 -26.829 53.0
endloop
endfacet
facet normal -0.0 0.0 1.0
outer loop
vertex -12.416 -26.252 53.0
vertex -11.113 -26.829 53.0
vertex -9.286 -19.635 53.0
endloop
endfacet
facet normal -0.0 0.0 0.9999999999999999
outer loop
vertex -9.286 -19.635 53.0
vertex -11.113 -26.829 53.0
vertex -8.312 -20.067 53.0
endloop
endfacet
facet normal 0.40544171279185426 0.9141208987483042 0.0
outer loop
vertex -9.286 -19.635 53.0
vertex -8.312 -20.067 53.0
vertex -9.286 -19.635 1.0
endloop
endfacet
facet normal 0.40544171279185426 0.9141208987483042 0.0
outer loop
vertex -9.286 -19.635 1.0
vertex -8.312 -20.067 53.0
vertex -8.312 -20.067 1.0
endloop
endfacet
facet normal 0.40438868705643194 0.9117467157244585 -0.07202580194929355
outer loop
vertex -9.286 -19.635 1.0
vertex -8.312 -20.067 1.0
vertex -9.291 -19.644 0.858
endloop
endfacet
facet normal 0.40412328303200157 0.9120837985097208 -0.06919188252617142
outer loop
vertex -9.291 -19.644 0.858
vertex -8.312 -20.067 1.0
vertex -8.316 -20.076 0.858
endloop
endfacet
facet normal 0.39613003985794104 0.8940434927349314 -0.20920617729998017
outer loop
vertex -9.291 -19.644 0.858
vertex -8.316 -20.076 0.858
vertex -9.304 -19.671 0.718
endloop
endfacet
facet normal 0.39615683582068584 0.8938688882143424 -0.20990038617162612
outer loop
vertex -9.304 -19.671 0.718
vertex -8.316 -20.076 0.858
vertex -8.327 -20.104 0.718
endloop
endfacet
facet normal 0.3795960715411918 0.8565019905213502 -0.3497301283896755
outer loop
vertex -9.304 -19.671 0.718
vertex -8.327 -20.104 0.718
vertex -9.325 -19.716 0.585
endloop
endfacet
facet normal 0.3795820434105781 0.8562461301819303 -0.35037128430954356
outer loop
vertex -9.325 -19.716 0.585
vertex -8.327 -20.104 0.718
vertex -8.346 -20.15 0.585
endloop
endfacet
facet normal 0.3561353949597031 0.8033561098284587 -0.47726988304122153
outer loop
vertex -9.325 -19.716 0.585
vertex -8.346 -20.15 0.585
vertex -9.354 -19.778 0.459
endloop
endfacet
facet normal 0.35609015764888696 0.8030447003530029 -0.47782738395841906
outer loop
vertex -9.354 -19.778 0.459
vertex -8.346 -20.15 0.585
vertex -8.373 -20.213 0.459
endloop
endfacet
facet normal 0.32444049438436945 0.7316692528530223 -0.5994985154553146
outer loop
vertex -9.354 -19.778 0.459
vertex -8.373 -20.213 0.459
vertex -9.391 -19.855 0.345
endloop
endfacet
facet normal 0.3245760970663982 0.7323387453260137 -0.5986069823410548
outer loop
vertex -9.391 -19.855 0.345
vertex -8.373 -20.213 0.459
vertex -8.405 -20.292 0.345
endloop
endfacet
facet normal 0.2857595695304201 0.6447572896041045 -0.7089636844889573
outer loop
vertex -9.391 -19.855 0.345
vertex -8.405 -20.292 0.345
vertex -9.434 -19.947 0.244
endloop
endfacet
facet normal 0.2855900933573538 0.6440414406008651 -0.7096822678952182
outer loop
vertex -9.434 -19.947 0.244
vertex -8.405 -20.292 0.345
vertex -8.444 -20.386 0.244
endloop
endfacet
facet normal 0.24227869083739012 0.5463688016606283 -0.8017369696715059
outer loop
vertex -9.434 -19.947 0.244
vertex -8.444 -20.386 0.244
vertex -9.483 -20.05 0.159
endloop
endfacet
facet normal 0.24244970355581585 0.5470237075692462 -0.8012385441320786
outer loop
vertex -9.483 -20.05 0.159
vertex -8.444 -20.386 0.244
vertex -8.488 -20.491 0.159
endloop
endfacet
facet normal 0.19607858759699065 0.4423995343741641 -0.8751204714046473
outer loop
vertex -9.483 -20.05 0.159
vertex -8.488 -20.491 0.159
vertex -9.536 -20.163 0.09
endloop
endfacet
facet normal 0.1955102855273114 0.44033848091736894 -0.8762863404597913
outer loop
vertex -9.536 -20.163 0.09
vertex -8.488 -20.491 0.159
vertex -8.536 -20.607 0.09
endloop
endfacet
facet normal 0.13924863684167854 0.31362305594972706 -0.9392818511578347
outer loop
vertex -9.536 -20.163 0.09
vertex -8.536 -20.607 0.09
vertex -9.594 -20.284 0.041
endloop
endfacet
facet normal 0.13988886822950525 0.3158477361145992 -0.9384408943224664
outer loop
vertex -9.594 -20.284 0.041
vertex -8.536 -20.607 0.09
vertex -8.587 -20.73 0.041
endloop
endfacet
facet normal 0.08808929713142526 0.19889220226758947 -0.9760543876280868
outer loop
vertex -9.594 -20.284 0.041
vertex -8.587 -20.73 0.041
vertex -9.653 -20.41 0.01
endloop
endfacet
facet normal 0.0879574500754472 0.1984429775644269 -0.9761577083809714
outer loop
vertex -9.653 -20.41 0.01
vertex -8.587 -20.73 0.041
vertex -8.64 -20.859 0.01
endloop
endfacet
facet normal 0.028336317980203796 0.0639302675143571 -0.9975519906144579
outer loop
vertex -9.653 -20.41 0.01
vertex -8.64 -20.859 0.01
vertex -9.714 -20.539 0.0
endloop
endfacet
facet normal 0.028292899624170465 0.0637842139757297 -0.9975625724125554
outer loop
vertex -9.714 -20.539 0.0
vertex -8.64 -20.859 0.01
vertex -8.695 -20.991 0.0
endloop
endfacet
facet normal 0.0 -0.0 -1.0
outer loop
vertex -8.695 -20.991 0.0
vertex -7.654 -21.392 0.0
vertex -13.394 -32.336 0.0
endloop
endfacet
facet normal 0.0 -0.0 -0.9999999999999999
outer loop
vertex -13.394 -32.336 0.0
vertex -7.654 -21.392 0.0
vertex -11.791 -32.954 0.0
endloop
endfacet
facet normal -0.3597200569133035 -0.9330602770744716 0.0
outer loop
vertex -13.394 -32.336 0.0
vertex -11.791 -32.954 0.0
vertex -13.394 -32.336 3.0
endloop
endfacet
facet normal -0.3597200569133035 -0.9330602770744716 0.0
outer loop
vertex -13.394 -32.336 3.0
vertex -11.791 -32.954 0.0
vertex -11.791 -32.954 3.0
endloop
endfacet
facet normal -0.0 0.0 0.9999999999999999
outer loop
vertex -13.394 -32.336 3.0
vertex -11.791 -32.954 3.0
vertex -11.496 -27.753 3.0
endloop
endfacet
facet normal -0.0 0.0 1.0
outer loop
vertex -11.496 -27.753 3.0
vertex -11.791 -32.954 3.0
vertex -10.12 -28.284 3.0
endloop
endfacet
facet normal -0.3600238300016477 -0.9329431074995648 0.0
outer loop
vertex -11.496 -27.753 3.0
vertex -10.12 -28.284 3.0
vertex -11.496 -27.753 52.0
endloop
endfacet
facet normal -0.3600238300016477 -0.9329431074995648 0.0
outer loop
vertex -11.496 -27.753 52.0
vertex -10.12 -28.284 3.0
vertex -10.12 -28.284 52.0
endloop
endfacet
facet normal -0.2545843854012871 -0.6597139629231114 0.7070815213496479
outer loop
vertex -11.496 -27.753 52.0
vertex -10.12 -28.284 52.0
vertex -11.113 -26.829 53.0
endloop
endfacet
facet normal -0.25444705713846727 -0.6596775555441768 0.7071649155782781
outer loop
vertex -11.113 -26.829 53.0
vertex -10.12 -28.284 52.0
vertex -9.783 -27.342 53.0
endloop
endfacet
facet normal -0.0 0.0 1.0
outer loop
vertex -11.113 -26.829 53.0
vertex -9.783 -27.342 53.0
vertex -8.312 -20.067 53.0
endloop
endfacet
facet normal -0.0 0.0 0.9999999999999999
outer loop
vertex -8.312 -20.067 53.0
vertex -9.783 -27.342 53.0
vertex -7.317 -20.45 53.0
endloop
endfacet
facet normal 0.3592304725007866 0.933248877645648 0.0
outer loop
vertex -8.312 -20.067 53.0
vertex -7.317 -20.45 53.0
vertex -8.312 -20.067 1.0
endloop
endfacet
facet normal 0.3592304725007866 0.933248877645648 0.0
outer loop
vertex -8.312 -20.067 1.0
vertex -7.317 -20.45 53.0
vertex -7.317 -20.45 1.0
endloop
endfacet
facet normal 0.3583717390546166 0.9310179643847104 -0.06910315940620858
outer loop
vertex -8.312 -20.067 1.0
vertex -7.317 -20.45 1.0
vertex -8.316 -20.076 0.858
endloop
endfacet
facet normal 0.3590159160698879 0.9302625950248401 -0.07562457475020597
outer loop
vertex -8.316 -20.076 0.858
vertex -7.317 -20.45 1.0
vertex -7.321 -20.46 0.858
endloop
endfacet
facet normal 0.35201214244722007 0.9121147961848542 -0.21008105614352776
outer loop
vertex -8.316 -20.076 0.858
vertex -7.321 -20.46 0.858
vertex -8.327 -20.104 0.718
endloop
endfacet
facet normal 0.3518891557129268 0.9127124976304025 -0.20767743921985413
outer loop
vertex -8.327 -20.104 0.718
vertex -7.321 -20.46 0.858
vertex -7.331 -20.488 0.718
endloop
endfacet
facet normal 0.33692726631937053 0.873905097015866 -0.3503853573142658
outer loop
vertex -8.327 -20.104 0.718
vertex -7.331 -20.488 0.718
vertex -8.346 -20.15 0.585
endloop
endfacet
facet normal 0.3369240300533352 0.8733770960863046 -0.3517024964433335
outer loop
vertex -8.346 -20.15 0.585
vertex -7.331 -20.488 0.718
vertex -7.348 -20.535 0.585
endloop
endfacet
facet normal 0.31621483288665225 0.8196945538204615 -0.4776075982430986
outer loop
vertex -8.346 -20.15 0.585
vertex -7.348 -20.535 0.585
vertex -8.373 -20.213 0.459
endloop
endfacet
facet normal 0.3160911175081381 0.8184064592846348 -0.4798929806046801
outer loop
vertex -8.373 -20.213 0.459
vertex -7.348 -20.535 0.585
vertex -7.371 -20.6 0.459
endloop
endfacet
facet normal 0.28856645461179214 0.7471410530258787 -0.5987567520756335
outer loop
vertex -8.373 -20.213 0.459
vertex -7.371 -20.6 0.459
vertex -8.405 -20.292 0.345
endloop
endfacet
facet normal 0.2886431344516194 0.7476452322780376 -0.5980900831696372
outer loop
vertex -8.405 -20.292 0.345
vertex -7.371 -20.6 0.459
vertex -7.4 -20.68 0.345
endloop
endfacet
facet normal 0.2537433560205444 0.6572476103109486 -0.70967590350524
outer loop
vertex -8.405 -20.292 0.345
vertex -7.4 -20.68 0.345
vertex -8.444 -20.386 0.244
endloop
endfacet
facet normal 0.25430404910977933 0.6602752946037986 -0.7066583233375503
outer loop
vertex -8.444 -20.386 0.244
vertex -7.4 -20.68 0.345
vertex -7.434 -20.775 0.244
endloop
endfacet
facet normal 0.21508276228827616 0.5584411051700757 -0.8011759715710833
outer loop
vertex -8.444 -20.386 0.244
vertex -7.434 -20.775 0.244
vertex -8.488 -20.491 0.159
endloop
endfacet
facet normal 0.21463560018149735 0.556300433123473 -0.8027835245203807
outer loop
vertex -8.488 -20.491 0.159
vertex -7.434 -20.775 0.244
vertex -7.472 -20.883 0.159
endloop
endfacet
facet normal 0.1734223856712235 0.44948250980092647 -0.8762934152047255
outer loop
vertex -8.488 -20.491 0.159
vertex -7.472 -20.883 0.159
vertex -8.536 -20.607 0.09
endloop
endfacet
facet normal 0.17361291788746955 0.450336045890845 -0.8758173328462947
outer loop
vertex -8.536 -20.607 0.09
vertex -7.472 -20.883 0.159
vertex -7.514 -21.001 0.09
endloop
endfacet
facet normal 0.12426251852795875 0.3223256191258202 -0.9384375428041257
outer loop
vertex -8.536 -20.607 0.09
vertex -7.514 -21.001 0.09
vertex -8.587 -20.73 0.041
endloop
endfacet
facet normal 0.12392594339972285 0.32089639751867893 -0.9389717049049044
outer loop
vertex -8.587 -20.73 0.041
vertex -7.514 -21.001 0.09
vertex -7.559 -21.127 0.041
endloop
endfacet
facet normal 0.07818693428331208 0.20245886257744358 -0.9761645415969711
outer loop
vertex -8.587 -20.73 0.041
vertex -7.559 -21.127 0.041
vertex -8.64 -20.859 0.01
endloop
endfacet
facet normal 0.07829069073286533 0.2028886571874269 -0.9760669856773424
outer loop
vertex -8.64 -20.859 0.01
vertex -7.559 -21.127 0.041
vertex -7.606 -21.258 0.01
endloop
endfacet
facet normal 0.025122751229498873 0.06510507461479205 -0.9975621166774844
outer loop
vertex -8.64 -20.859 0.01
vertex -7.606 -21.258 0.01
vertex -8.695 -20.991 0.0
endloop
endfacet
facet normal 0.025198968190933802 0.06541677278494291 -0.9975398026347198
outer loop
vertex -8.695 -20.991 0.0
vertex -7.606 -21.258 0.01
vertex -7.654 -21.392 0.0
endloop
endfacet
facet normal 0.0 -0.0 -1.0
outer loop
vertex -7.654 -21.392 0.0
vertex -6.595 -21.742 0.0
vertex -11.791 -32.954 0.0
endloop
endfacet
facet normal 0.0 -0.0 -1.0
outer loop
vertex -11.791 -32.954 0.0
vertex -6.595 -21.742 0.0
vertex -10.16 -33.493 0.0
endloop
endfacet
facet normal -0.3137816638127325 -0.94949516452424 0.0
outer loop
vertex -11.791 -32.954 0.0
vertex -10.16 -33.493 0.0
vertex -11.791 -32.954 3.0
endloop
endfacet
facet normal -0.3137816638127325 -0.94949516452424 0.0
outer loop
vertex -11.791 -32.954 3.0
vertex -10.16 -33.493 0.0
vertex -10.16 -33.493 3.0
endloop
endfacet
facet normal -0.0 0.0 1.0
outer loop
vertex -11.791 -32.954 3.0
vertex -10.16 -33.493 3.0
vertex -10.12 -28.284 3.0
endloop
endfacet
facet normal -0.0 0.0 1.0
outer loop
vertex -10.12 -28.284 3.0
vertex -10.16 -33.493 3.0
vertex -8.72 -28.746 3.0
endloop
endfacet
facet normal -0.31337745420390195 -0.9496286491027328 0.0
outer loop
vertex -10.12 -28.284 3.0
vertex -8.72 -28.746 3.0
vertex -10.12 -28.284 52.0
endloop
endfacet
facet normal -0.31337745420390195 -0.9496286491027328 0.0
outer loop
vertex -10.12 -28.284 52.0
vertex -8.72 -28.746 3.0
vertex -8.72 -28.746 52.0
endloop
endfacet
facet normal -0.22157377476169696 -0.6714356810960511 0.7071627736871721
outer loop
vertex -10.12 -28.284 52.0
vertex -8.72 -28.746 52.0
vertex -9.783 -27.342 53.0
endloop
endfacet
facet normal -0.22241136232465158 -0.6717021723777975 0.7066465718673233
outer loop
vertex -9.783 -27.342 53.0
vertex -8.72 -28.746 52.0
vertex -8.43 -27.79 53.0
endloop
endfacet
facet normal -0.0 0.0 1.0
outer loop
vertex -9.783 -27.342 53.0
vertex -8.43 -27.79 53.0
vertex -7.317 -20.45 53.0
endloop
endfacet
facet normal -0.0 0.0 1.0
outer loop
vertex -7.317 -20.45 53.0
vertex -8.43 -27.79 53.0
vertex -6.305 -20.785 53.0
endloop
endfacet
facet normal 0.3142571142622559 0.9493379093534396 0.0
outer loop
vertex -7.317 -20.45 53.0
vertex -6.305 -20.785 53.0
vertex -7.317 -20.45 1.0
endloop
endfacet
facet normal 0.3142571142622559 0.9493379093534396 0.0
outer loop
vertex -7.317 -20.45 1.0
vertex -6.305 -20.785 53.0
vertex -6.305 -20.785 1.0
endloop
endfacet
facet normal 0.3133603747880751 0.9466289530911384 -0.0754910635920074
outer loop
vertex -7.317 -20.45 1.0
vertex -6.305 -20.785 1.0
vertex -7.321 -20.46 0.858
endloop
endfacet
facet normal 0.31243578342530326 0.9475971515264446 -0.06665973038038217
outer loop
vertex -7.321 -20.46 0.858
vertex -6.305 -20.785 1.0
vertex -6.308 -20.794 0.858
endloop
endfacet
facet normal 0.30630501553087697 0.9290029363256846 -0.20767951694590667
outer loop
vertex -7.321 -20.46 0.858
vertex -6.308 -20.794 0.858
vertex -7.331 -20.488 0.718
endloop
endfacet
facet normal 0.30696026547045946 0.9263622297233454 -0.2182393520066832
outer loop
vertex -7.331 -20.488 0.718
vertex -6.308 -20.794 0.858
vertex -6.317 -20.824 0.718
endloop
endfacet
facet normal 0.29445193183021773 0.8886138657019019 -0.35165815435416137
outer loop
vertex -7.331 -20.488 0.718
vertex -6.317 -20.824 0.718
vertex -7.348 -20.535 0.585
endloop
endfacet
facet normal 0.294349796167816 0.8909337580436606 -0.34582544191277376
outer loop
vertex -7.348 -20.535 0.585
vertex -6.317 -20.824 0.718
vertex -6.331 -20.871 0.585
endloop
endfacet
facet normal 0.27521085017918867 0.8330042697387974 -0.47996132608844777
outer loop
vertex -7.348 -20.535 0.585
vertex -6.331 -20.871 0.585
vertex -7.371 -20.6 0.459
endloop
endfacet
facet normal 0.27520965004777515 0.8329787627558783 -0.4800062804987736
outer loop
vertex -7.371 -20.6 0.459
vertex -6.331 -20.871 0.585
vertex -6.351 -20.937 0.459
endloop
endfacet
facet normal 0.25143657572006683 0.7610246505473842 -0.5980143222778186
outer loop
vertex -7.371 -20.6 0.459
vertex -6.351 -20.937 0.459
vertex -7.4 -20.68 0.345
endloop
endfacet
facet normal 0.25154312805913037 0.7620714885578365 -0.5966348138128307
outer loop
vertex -7.4 -20.68 0.345
vertex -6.351 -20.937 0.459
vertex -6.376 -21.018 0.345
endloop
endfacet
facet normal 0.2217816081645476 0.671906410534012 -0.7066503334487622
outer loop
vertex -7.4 -20.68 0.345
vertex -6.376 -21.018 0.345
vertex -7.434 -20.775 0.244
endloop
endfacet
facet normal 0.2216238601278007 0.6707380943279617 -0.7078087831041286
outer loop
vertex -7.434 -20.775 0.244
vertex -6.376 -21.018 0.345
vertex -6.405 -21.115 0.244
endloop
endfacet
facet normal 0.18703940453822282 0.5660692566759745 -0.8028585540406832
outer loop
vertex -7.434 -20.775 0.244
vertex -6.405 -21.115 0.244
vertex -7.472 -20.883 0.159
endloop
endfacet
facet normal 0.18736840752648606 0.5681493647577306 -0.8013110377290305
outer loop
vertex -7.472 -20.883 0.159
vertex -6.405 -21.115 0.244
vertex -6.438 -21.224 0.159
endloop
endfacet
facet normal 0.1511539038555921 0.45833764394921356 -0.8758305209846813
outer loop
vertex -7.472 -20.883 0.159
vertex -6.438 -21.224 0.159
vertex -7.514 -21.001 0.09
endloop
endfacet
facet normal 0.15098578262523454 0.45735926573649793 -0.8763708093552735
outer loop
vertex -7.514 -21.001 0.09
vertex -6.438 -21.224 0.159
vertex -6.475 -21.344 0.09
endloop
endfacet
facet normal 0.10783374187223967 0.32664506648763003 -0.938975444116151
outer loop
vertex -7.514 -21.001 0.09
vertex -6.475 -21.344 0.09
vertex -7.559 -21.127 0.041
endloop
endfacet
facet normal 0.10795546643183068 0.32730845764549027 -0.9387304143475997
outer loop
vertex -7.559 -21.127 0.041
vertex -6.475 -21.344 0.09
vertex -6.513 -21.472 0.041
endloop
endfacet
facet normal 0.06812152681992029 0.20653657116995985 -0.9760645994774522
outer loop
vertex -7.559 -21.127 0.041
vertex -6.513 -21.472 0.041
vertex -7.606 -21.258 0.01
endloop
endfacet
facet normal 0.06811595727173056 0.20650716729066354 -0.9760712096064208
outer loop
vertex -7.606 -21.258 0.01
vertex -6.513 -21.472 0.041
vertex -6.554 -21.605 0.01
endloop
endfacet
facet normal 0.021960249903250722 0.06657689596028722 -0.9975396054034544
outer loop
vertex -7.606 -21.258 0.01
vertex -6.554 -21.605 0.01
vertex -7.654 -21.392 0.0
endloop
endfacet
facet normal 0.021899273918208895 0.06626094594109465 -0.997561982457655
outer loop
vertex -7.654 -21.392 0.0
vertex -6.554 -21.605 0.01
vertex -6.595 -21.742 0.0
endloop
endfacet
facet normal 0.0 -0.0 -1.0
outer loop
vertex -6.595 -21.742 0.0
vertex -5.521 -22.039 0.0
vertex -10.16 -33.493 0.0
endloop
endfacet
facet normal 0.0 -0.0 -0.9999999999999999
outer loop
vertex -10.16 -33.493 0.0
vertex -5.521 -22.039 0.0
vertex -8.504 -33.951 0.0
endloop
endfacet
facet normal -0.2665630479668493 -0.9638174834783934 0.0
outer loop
vertex -10.16 -33.493 0.0
vertex -8.504 -33.951 0.0
vertex -10.16 -33.493 3.0
endloop
endfacet
facet normal -0.2665630479668493 -0.9638174834783934 0.0
outer loop
vertex -10.16 -33.493 3.0
vertex -8.504 -33.951 0.0
vertex -8.504 -33.951 3.0
endloop
endfacet
facet normal -0.0 -0.0 1.0
outer loop
vertex -10.16 -33.493 3.0
vertex -8.504 -33.951 3.0
vertex -8.72 -28.746 3.0
endloop
endfacet
facet normal -0.0 0.0 1.0
outer loop
vertex -8.72 -28.746 3.0
vertex -8.504 -33.951 3.0
vertex -7.299 -29.14 3.0
endloop
endfacet
facet normal -0.26718914647834197 -0.9636441044307671 0.0
outer loop
vertex -8.72 -28.746 3.0
vertex -7.299 -29.14 3.0
vertex -8.72 -28.746 52.0
endloop
endfacet
facet normal -0.26718914647834197 -0.9636441044307671 0.0
outer loop
vertex -8.72 -28.746 52.0
vertex -7.299 -29.14 3.0
vertex -7.299 -29.14 52.0
endloop
endfacet
facet normal -0.18905139754303882 -0.6818325784483678 0.7066568502841207
outer loop
vertex -8.72 -28.746 52.0
vertex -7.299 -29.14 52.0
vertex -8.43 -27.79 53.0
endloop
endfacet
facet normal -0.18851555800695036 -0.6816325702672315 0.7069928737549027
outer loop
vertex -8.43 -27.79 53.0
vertex -7.299 -29.14 52.0
vertex -7.056 -28.17 53.0
endloop
endfacet
facet normal -0.0 0.0 1.0
outer loop
vertex -8.43 -27.79 53.0
vertex -7.056 -28.17 53.0
vertex -6.305 -20.785 53.0
endloop
endfacet
facet normal -0.0 0.0 1.0
outer loop
vertex -6.305 -20.785 53.0
vertex -7.056 -28.17 53.0
vertex -5.278 -21.069 53.0
endloop
endfacet
facet normal 0.2665304078717941 0.9638265101561043 0.0
outer loop
vertex -6.305 -20.785 53.0
vertex -5.278 -21.069 53.0
vertex -6.305 -20.785 1.0
endloop
endfacet
facet normal 0.2665304078717941 0.9638265101561043 0.0
outer loop
vertex -6.305 -20.785 1.0
vertex -5.278 -21.069 53.0
vertex -5.278 -21.069 1.0
endloop
endfacet
facet normal 0.2659391694863226 0.9616884755720227 -0.06657051963808101
outer loop
vertex -6.305 -20.785 1.0
vertex -5.278 -21.069 1.0
vertex -6.308 -20.794 0.858
endloop
endfacet
facet normal 0.2664776830038392 0.9611896776419178 -0.07144262072132772
outer loop
vertex -6.308 -20.794 0.858
vertex -5.278 -21.069 1.0
vertex -5.28 -21.079 0.858
endloop
endfacet
facet normal 0.2607182185522601 0.9404151883218353 -0.21827799726161815
outer loop
vertex -6.308 -20.794 0.858
vertex -5.28 -21.079 0.858
vertex -6.317 -20.824 0.718
endloop
endfacet
facet normal 0.2599779762947813 0.9428778717733305 -0.20830931511064202
outer loop
vertex -6.317 -20.824 0.718
vertex -5.28 -21.079 0.858
vertex -5.287 -21.108 0.718
endloop
endfacet
facet normal 0.2494014939238746 0.9045195026112388 -0.3458950190801491
outer loop
vertex -6.317 -20.824 0.718
vertex -5.287 -21.108 0.718
vertex -6.331 -20.871 0.585
endloop
endfacet
facet normal 0.24972040839970547 0.9010890261136181 -0.35451133218318354
outer loop
vertex -6.331 -20.871 0.585
vertex -5.287 -21.108 0.718
vertex -5.299 -21.157 0.585
endloop
endfacet
facet normal 0.23428627293367177 0.8453966212152032 -0.4800150988799911
outer loop
vertex -6.331 -20.871 0.585
vertex -5.299 -21.157 0.585
vertex -6.351 -20.937 0.459
endloop
endfacet
facet normal 0.2342792201476315 0.8478286463384633 -0.47570982064164546
outer loop
vertex -6.351 -20.937 0.459
vertex -5.299 -21.157 0.585
vertex -5.316 -21.223 0.459
endloop
endfacet
facet normal 0.21376601777273135 0.7735938055761492 -0.5965372692630355
outer loop
vertex -6.351 -20.937 0.459
vertex -5.316 -21.223 0.459
vertex -6.376 -21.018 0.345
endloop
endfacet
facet normal 0.21360990696858043 0.7706274074317881 -0.6004200251156148
outer loop
vertex -6.376 -21.018 0.345
vertex -5.316 -21.223 0.459
vertex -5.337 -21.306 0.345
endloop
endfacet
facet normal 0.18867339161758773 0.6806654648981721 -0.7078819648715962
outer loop
vertex -6.376 -21.018 0.345
vertex -5.337 -21.306 0.345
vertex -6.405 -21.115 0.244
endloop
endfacet
facet normal 0.18878598594675344 0.6819812087488225 -0.706584377426792
outer loop
vertex -6.405 -21.115 0.244
vertex -5.337 -21.306 0.345
vertex -5.361 -21.404 0.244
endloop
endfacet
facet normal 0.15960300371971933 0.5765589476933778 -0.80131558142741
outer loop
vertex -6.405 -21.115 0.244
vertex -5.361 -21.404 0.244
vertex -6.438 -21.224 0.159
endloop
endfacet
facet normal 0.15938460153297113 0.5745513642889568 -0.8027996503411511
outer loop
vertex -6.438 -21.224 0.159
vertex -5.361 -21.404 0.244
vertex -5.389 -21.515 0.159
endloop
endfacet
facet normal 0.12876822564972118 0.4641851158300938 -0.876328090560165
outer loop
vertex -6.438 -21.224 0.159
vertex -5.389 -21.515 0.159
vertex -6.475 -21.344 0.09
endloop
endfacet
facet normal 0.12900059055210966 0.46608090079615255 -0.8752870623688288
outer loop
vertex -6.475 -21.344 0.09
vertex -5.389 -21.515 0.159
vertex -5.42 -21.636 0.09
endloop
endfacet
facet normal 0.09191299796522916 0.332082920730539 -0.9387613831875053
outer loop
vertex -6.475 -21.344 0.09
vertex -5.42 -21.636 0.09
vertex -6.513 -21.472 0.041
endloop
endfacet
facet normal 0.0918140842718127 0.3313426646680078 -0.9390325939497693
outer loop
vertex -6.513 -21.472 0.041
vertex -5.42 -21.636 0.09
vertex -5.452 -21.766 0.041
endloop
endfacet
facet normal 0.05807922226052049 0.20959882591296894 -0.9760610309389048
outer loop
vertex -6.513 -21.472 0.041
vertex -5.452 -21.766 0.041
vertex -6.554 -21.605 0.01
endloop
endfacet
facet normal 0.05806716903937467 0.20951262342585245 -0.9760802551557785
outer loop
vertex -6.554 -21.605 0.01
vertex -5.452 -21.766 0.041
vertex -5.486 -21.901 0.01
endloop
endfacet
facet normal 0.018635209869059585 0.0672378518248503 -0.9975629304635951
outer loop
vertex -6.554 -21.605 0.01
vertex -5.486 -21.901 0.01
vertex -6.595 -21.742 0.0
endloop
endfacet
facet normal 0.01867948580705277 0.06754803958509978 -0.9975411465990733
outer loop
vertex -6.595 -21.742 0.0
vertex -5.486 -21.901 0.01
vertex -5.521 -22.039 0.0
endloop
endfacet
facet normal 0.0 -0.0 -1.0
outer loop
vertex -5.521 -22.039 0.0
vertex -4.432 -22.283 0.0
vertex -8.504 -33.951 0.0
endloop
endfacet
facet normal 0.0 -0.0 -1.0
outer loop
vertex -8.504 -33.951 0.0
vertex -4.432 -22.283 0.0
vertex -6.828 -34.327 0.0
endloop
endfacet
facet normal -0.21890260409966997 -0.9757467140187474 0.0
outer loop
vertex -8.504 -33.951 0.0
vertex -6.828 -34.327 0.0
vertex -8.504 -33.951 3.0
endloop
endfacet
facet normal -0.21890260409966997 -0.9757467140187474 0.0
outer loop
vertex -8.504 -33.951 3.0
vertex -6.828 -34.327 0.0
vertex -6.828 -34.327 3.0
endloop
endfacet
facet normal -0.0 -0.0 1.0
outer loop
vertex -8.504 -33.951 3.0
vertex -6.828 -34.327 3.0
vertex -7.299 -29.14 3.0
endloop
endfacet
facet normal -0.0 0.0 1.0
outer loop
vertex -7.299 -29.14 3.0
vertex -6.828 -34.327 3.0
vertex -5.861 -29.463 3.0
endloop
endfacet
facet normal -0.2191569848298455 -0.9756896104808593 0.0
outer loop
vertex -7.299 -29.14 3.0
vertex -5.861 -29.463 3.0
vertex -7.299 -29.14 52.0
endloop
endfacet
facet normal -0.2191569848298455 -0.9756896104808593 0.0
outer loop
vertex -7.299 -29.14 52.0
vertex -5.861 -29.463 3.0
vertex -5.861 -29.463 52.0
endloop
endfacet
facet normal -0.15499264647604782 -0.690029181524943 0.7069915191728737
outer loop
vertex -7.299 -29.14 52.0
vertex -5.861 -29.463 52.0
vertex -7.056 -28.17 53.0
endloop
endfacet
facet normal -0.15474943408465516 -0.6899245602940929 0.7071468827290986
outer loop
vertex -7.056 -28.17 53.0
vertex -5.861 -29.463 52.0
vertex -5.665 -28.482 53.0
endloop
endfacet
facet normal -0.0 0.0 0.9999999999999999
outer loop
vertex -7.056 -28.17 53.0
vertex -5.665 -28.482 53.0
vertex -5.278 -21.069 53.0
endloop
endfacet
facet normal -0.0 0.0 1.0
outer loop
vertex -5.278 -21.069 53.0
vertex -5.665 -28.482 53.0
vertex -4.237 -21.303 53.0
endloop
endfacet
facet normal 0.21931147526543562 0.9756548963731482 0.0
outer loop
vertex -5.278 -21.069 53.0
vertex -4.237 -21.303 53.0
vertex -5.278 -21.069 1.0
endloop
endfacet
facet normal 0.21931147526543562 0.9756548963731482 0.0
outer loop
vertex -5.278 -21.069 1.0
vertex -4.237 -21.303 53.0
vertex -4.237 -21.303 1.0
endloop
endfacet
facet normal 0.21874839707739724 0.9731499203314903 -0.0716126478695166
outer loop
vertex -5.278 -21.069 1.0
vertex -4.237 -21.303 1.0
vertex -5.28 -21.079 0.858
endloop
endfacet
facet normal 0.21874839707739435 0.9731499203314928 -0.07161264786949108
outer loop
vertex -5.28 -21.079 0.858
vertex -4.237 -21.303 1.0
vertex -4.239 -21.313 0.858
endloop
endfacet
facet normal 0.21449676636216103 0.9542356144573136 -0.20838792988426494
outer loop
vertex -5.28 -21.079 0.858
vertex -4.239 -21.313 0.858
vertex -5.287 -21.108 0.718
endloop
endfacet
facet normal 0.21436897264173171 0.954583202960197 -0.2069223337264005
outer loop
vertex -5.287 -21.108 0.718
vertex -4.239 -21.313 0.858
vertex -4.245 -21.342 0.718
endloop
endfacet
facet normal 0.20487327568835398 0.9122989455866087 -0.3545949446767194
outer loop
vertex -5.287 -21.108 0.718
vertex -4.245 -21.342 0.718
vertex -5.299 -21.157 0.585
endloop
endfacet
facet normal 0.2047221839692719 0.9133758977090667 -0.3518995550935073
outer loop
vertex -5.299 -21.157 0.585
vertex -4.245 -21.342 0.718
vertex -4.255 -21.391 0.585
endloop
endfacet
facet normal 0.1923941647419652 0.8583739657718517 -0.4755824011234495
outer loop
vertex -5.299 -21.157 0.585
vertex -4.255 -21.391 0.585
vertex -5.316 -21.223 0.459
endloop
endfacet
facet normal 0.19241043225500118 0.8580686510776244 -0.476126470170762
outer loop
vertex -5.316 -21.223 0.459
vertex -4.255 -21.391 0.585
vertex -4.268 -21.458 0.459
endloop
endfacet
facet normal 0.17498085106057568 0.7803401357935479 -0.6003756942380529
outer loop
vertex -5.316 -21.223 0.459
vertex -4.268 -21.458 0.459
vertex -5.337 -21.306 0.345
endloop
endfacet
facet normal 0.17497962077797183 0.7799939027899397 -0.6008258016454646
outer loop
vertex -5.337 -21.306 0.345
vertex -4.268 -21.458 0.459
vertex -4.285 -21.542 0.345
endloop
endfacet
facet normal 0.15487596684506025 0.6903793098347579 -0.7066752036444259
outer loop
vertex -5.337 -21.306 0.345
vertex -4.285 -21.542 0.345
vertex -5.361 -21.404 0.244
endloop
endfacet
facet normal 0.1548632034624266 0.6900233875794247 -0.7070255390060318
outer loop
vertex -5.361 -21.404 0.244
vertex -4.285 -21.542 0.345
vertex -4.305 -21.641 0.244
endloop
endfacet
facet normal 0.13057516339459677 0.5818032596822581 -0.8027796047032919
outer loop
vertex -5.361 -21.404 0.244
vertex -4.305 -21.641 0.244
vertex -5.389 -21.515 0.159
endloop
endfacet
facet normal 0.13064235109527175 0.5829503229545333 -0.8019360928824099
outer loop
vertex -5.389 -21.515 0.159
vertex -4.305 -21.641 0.244
vertex -4.327 -21.753 0.159
endloop
endfacet
facet normal 0.1057774282935355 0.47199844053670137 -0.8752306026382578
outer loop
vertex -5.389 -21.515 0.159
vertex -4.327 -21.753 0.159
vertex -5.42 -21.636 0.09
endloop
endfacet
facet normal 0.10568659885801714 0.4707457257467474 -0.8759159802817806
outer loop
vertex -5.42 -21.636 0.09
vertex -4.327 -21.753 0.159
vertex -4.351 -21.876 0.09
endloop
endfacet
facet normal 0.07530375852553031 0.3354154910991301 -0.9390557982796646
outer loop
vertex -5.42 -21.636 0.09
vertex -4.351 -21.876 0.09
vertex -5.452 -21.766 0.041
endloop
endfacet
facet normal 0.07536826552393115 0.33618624663163865 -0.9387749635176926
outer loop
vertex -5.452 -21.766 0.041
vertex -4.351 -21.876 0.09
vertex -4.377 -22.007 0.041
endloop
endfacet
facet normal 0.047562753558110245 0.21215751068451388 -0.9760773407543691
outer loop
vertex -5.452 -21.766 0.041
vertex -4.377 -22.007 0.041
vertex -5.486 -21.901 0.01
endloop
endfacet
facet normal 0.04747788850536468 0.21120822005884574 -0.9762873234261757
outer loop
vertex -5.486 -21.901 0.01
vertex -4.377 -22.007 0.041
vertex -4.405 -22.144 0.01
endloop
endfacet
facet normal 0.01537276235973046 0.06838665066201119 -0.9975404473948228
outer loop
vertex -5.486 -21.901 0.01
vertex -4.405 -22.144 0.01
vertex -5.521 -22.039 0.0
endloop
endfacet
facet normal 0.015408637360667202 0.06877051674494505 -0.9975135036285576
outer loop
vertex -5.521 -22.039 0.0
vertex -4.405 -22.144 0.01
vertex -4.432 -22.283 0.0
endloop
endfacet
facet normal 0.0 -0.0 -0.9999999999999999
outer loop
vertex -4.432 -22.283 0.0
vertex -3.334 -22.474 0.0
vertex -6.828 -34.327 0.0
endloop
endfacet
facet normal 0.0 -0.0 -1.0
outer loop
vertex -6.828 -34.327 0.0
vertex -3.334 -22.474 0.0
vertex -5.136 -34.621 0.0
endloop
endfacet
facet normal -0.17119373018901024 -0.985237385985719 0.0
outer loop
vertex -6.828 -34.327 0.0
vertex -5.136 -34.621 0.0
vertex -6.828 -34.327 3.0
endloop
endfacet
facet normal -0.17119373018901024 -0.985237385985719 0.0
outer loop
vertex -6.828 -34.327 3.0
vertex -5.136 -34.621 0.0
vertex -5.136 -34.621 3.0
endloop
endfacet
facet normal -0.0 -0.0 1.0
outer loop
vertex -6.828 -34.327 3.0
vertex -5.136 -34.621 3.0
vertex -5.861 -29.463 3.0
endloop
endfacet
facet normal -0.0 0.0 1.0
outer loop
vertex -5.861 -29.463 3.0
vertex -5.136 -34.621 3.0
vertex -4.408 -29.715 3.0
endloop
endfacet
facet normal -0.1708832776523665 -0.9852912794797203 0.0
outer loop
vertex -5.861 -29.463 3.0
vertex -4.408 -29.715 3.0
vertex -5.861 -29.463 52.0
endloop
endfacet
facet normal -0.1708832776523665 -0.9852912794797203 0.0
outer loop
vertex -5.861 -29.463 52.0
vertex -4.408 -29.715 3.0
vertex -4.408 -29.715 52.0
endloop
endfacet
facet normal -0.12082886583356563 -0.6966838970482998 0.7071293607077621
outer loop
vertex -5.861 -29.463 52.0
vertex -4.408 -29.715 52.0
vertex -5.665 -28.482 53.0
endloop
endfacet
facet normal -0.12109910802117627 -0.696816178941523 0.7069527698522797
outer loop
vertex -5.665 -28.482 53.0
vertex -4.408 -29.715 52.0
vertex -4.261 -28.726 53.0
endloop
endfacet
facet normal -0.0 0.0 1.0
outer loop
vertex -5.665 -28.482 53.0
vertex -4.261 -28.726 53.0
vertex -4.237 -21.303 53.0
endloop
endfacet
facet normal -0.0 0.0 1.0
outer loop
vertex -4.237 -21.303 53.0
vertex -4.261 -28.726 53.0
vertex -3.187 -21.485 53.0
endloop
endfacet
facet normal 0.17078672353593644 0.9853080203996412 0.0
outer loop
vertex -4.237 -21.303 53.0
vertex -3.187 -21.485 53.0
vertex -4.237 -21.303 1.0
endloop
endfacet
facet normal 0.17078672353593644 0.9853080203996412 0.0
outer loop
vertex -4.237 -21.303 1.0
vertex -3.187 -21.485 53.0
vertex -3.187 -21.485 1.0
endloop
endfacet
facet normal 0.17034827616554377 0.9827785163396834 -0.07160902616708402
outer loop
vertex -4.237 -21.303 1.0
vertex -3.187 -21.485 1.0
vertex -4.239 -21.313 0.858
endloop
endfacet
facet normal 0.17020540502213616 0.9828894542761698 -0.07041619681539033
outer loop
vertex -4.239 -21.313 0.858
vertex -3.187 -21.485 1.0
vertex -3.188 -21.495 0.858
endloop
endfacet
facet normal 0.16693886564859814 0.9640260867949149 -0.2068456407924577
outer loop
vertex -4.239 -21.313 0.858
vertex -3.188 -21.495 0.858
vertex -4.245 -21.342 0.718
endloop
endfacet
facet normal 0.1674745610417361 0.9627499356060468 -0.21228479195276953
outer loop
vertex -4.245 -21.342 0.718
vertex -3.188 -21.495 0.858
vertex -3.193 -21.525 0.718
endloop
endfacet
facet normal 0.16042355542815764 0.9222162858493006 -0.3518258162473444
outer loop
vertex -4.245 -21.342 0.718
vertex -3.193 -21.525 0.718
vertex -4.255 -21.391 0.585
endloop
endfacet
facet normal 0.1601834476634455 0.9234619523766767 -0.34865353233160973
outer loop
vertex -4.255 -21.391 0.585
vertex -3.193 -21.525 0.718
vertex -3.2 -21.574 0.585
endloop
endfacet
facet normal 0.15028466776459132 0.8663952158013163 -0.4762077788859367
outer loop
vertex -4.255 -21.391 0.585
vertex -3.2 -21.574 0.585
vertex -4.268 -21.458 0.459
endloop
endfacet
facet normal 0.15042942526952652 0.8649691952997722 -0.47874761534188814
outer loop
vertex -4.268 -21.458 0.459
vertex -3.2 -21.574 0.585
vertex -3.21 -21.642 0.459
endloop
endfacet
facet normal 0.13697449337206108 0.7876033368893465 -0.6007653218073041
outer loop
vertex -4.268 -21.458 0.459
vertex -3.21 -21.642 0.459
vertex -4.285 -21.542 0.345
endloop
endfacet
facet normal 0.13702056692683184 0.7865721193313322 -0.6021043641509884
outer loop
vertex -4.285 -21.542 0.345
vertex -3.21 -21.642 0.459
vertex -3.223 -21.727 0.345
endloop
endfacet
facet normal 0.12137217875489287 0.6967419126362008 -0.7069791378819739
outer loop
vertex -4.285 -21.542 0.345
vertex -3.223 -21.727 0.345
vertex -4.305 -21.641 0.244
endloop
endfacet
facet normal 0.12133334324791951 0.6997982553812351 -0.7039606676382301
outer loop
vertex -4.305 -21.641 0.244
vertex -3.223 -21.727 0.345
vertex -3.238 -21.826 0.244
endloop
endfacet
facet normal 0.10205147157919164 0.5885887577026817 -0.8019655674993378
outer loop
vertex -4.305 -21.641 0.244
vertex -3.238 -21.826 0.244
vertex -4.327 -21.753 0.159
endloop
endfacet
facet normal 0.10205277365483593 0.5887237964066613 -0.8018662749697627
outer loop
vertex -4.327 -21.753 0.159
vertex -3.238 -21.826 0.244
vertex -3.254 -21.939 0.159
endloop
endfacet
facet normal 0.0823931011435941 0.4753107393928845 -0.8759515271416171
outer loop
vertex -4.327 -21.753 0.159
vertex -3.254 -21.939 0.159
vertex -4.351 -21.876 0.09
endloop
endfacet
facet normal 0.08238403791324579 0.47491974797048175 -0.8761644270824757
outer loop
vertex -4.351 -21.876 0.09
vertex -3.254 -21.939 0.159
vertex -3.273 -22.063 0.09
endloop
endfacet
facet normal 0.05888558383366902 0.33945807151174334 -0.9387761744431397
outer loop
vertex -4.351 -21.876 0.09
vertex -3.273 -22.063 0.09
vertex -4.377 -22.007 0.041
endloop
endfacet
facet normal 0.05890229124266485 0.33994141488453056 -0.9386002101707989
outer loop
vertex -4.377 -22.007 0.041
vertex -3.273 -22.063 0.09
vertex -3.292 -22.195 0.041
endloop
endfacet
facet normal 0.03696816291955441 0.21335349344530202 -0.9762753923791374
outer loop
vertex -4.377 -22.007 0.041
vertex -3.292 -22.195 0.041
vertex -4.405 -22.144 0.01
endloop
endfacet
facet normal 0.036980539731630416 0.21366534067164236 -0.976206720872597
outer loop
vertex -4.405 -22.144 0.01
vertex -3.292 -22.195 0.041
vertex -3.313 -22.333 0.01
endloop
endfacet
facet normal 0.01201663816637856 0.06942946496129833 -0.997514486011289
outer loop
vertex -4.405 -22.144 0.01
vertex -3.313 -22.333 0.01
vertex -4.432 -22.283 0.0
endloop
endfacet
facet normal 0.011996015577003303 0.06896138797670001 -0.9975472031831893
outer loop
vertex -4.432 -22.283 0.0
vertex -3.313 -22.333 0.01
vertex -3.334 -22.474 0.0
endloop
endfacet
facet normal 0.0 -0.0 -1.0
outer loop
vertex -3.334 -22.474 0.0
vertex -2.227 -22.611 0.0
vertex -5.136 -34.621 0.0
endloop
endfacet
facet normal 0.0 -0.0 -0.9999999999999999
outer loop
vertex -5.136 -34.621 0.0
vertex -2.227 -22.611 0.0
vertex -3.431 -34.831 0.0
endloop
endfacet
facet normal -0.12224342014043581 -0.992500149235439 0.0
outer loop
vertex -5.136 -34.621 0.0
vertex -3.431 -34.831 0.0
vertex -5.136 -34.621 3.0
endloop
endfacet
facet normal -0.12224342014043581 -0.992500149235439 0.0
outer loop
vertex -5.136 -34.621 3.0
vertex -3.431 -34.831 0.0
vertex -3.431 -34.831 3.0
endloop
endfacet
facet normal -0.0 -0.0 1.0
outer loop
vertex -5.136 -34.621 3.0
vertex -3.431 -34.831 3.0
vertex -4.408 -29.715 3.0
endloop
endfacet
facet normal -0.0 0.0 1.0
outer loop
vertex -4.408 -29.715 3.0
vertex -3.431 -34.831 3.0
vertex -2.944 -29.895 3.0
endloop
endfacet
facet normal -0.12203190710836685 -0.9925261778147189 0.0
outer loop
vertex -4.408 -29.715 3.0
vertex -2.944 -29.895 3.0
vertex -4.408 -29.715 52.0
endloop
endfacet
facet normal -0.12203190710836685 -0.9925261778147189 0.0
outer loop
vertex -4.408 -29.715 52.0
vertex -2.944 -29.895 3.0
vertex -2.944 -29.895 52.0
endloop
endfacet
facet normal -0.0863091323811383 -0.7019809433665928 0.7069465954495882
outer loop
vertex -4.408 -29.715 52.0
vertex -2.944 -29.895 52.0
vertex -4.261 -28.726 53.0
endloop
endfacet
facet normal -0.0863222210998085 -0.7019881773346517 0.7069378141157603
outer loop
vertex -4.261 -28.726 53.0
vertex -2.944 -29.895 52.0
vertex -2.846 -28.9 53.0
endloop
endfacet
facet normal -0.0 -0.0 1.0
outer loop
vertex -4.261 -28.726 53.0
vertex -2.846 -28.9 53.0
vertex -3.187 -21.485 53.0
endloop
endfacet
facet normal -0.0 0.0 0.9999999999999999
outer loop
vertex -3.187 -21.485 53.0
vertex -2.846 -28.9 53.0
vertex -2.129 -21.615 53.0
endloop
endfacet
facet normal 0.12195615643050788 0.9925354884882946 0.0
outer loop
vertex -3.187 -21.485 53.0
vertex -2.129 -21.615 53.0
vertex -3.187 -21.485 1.0
endloop
endfacet
facet normal 0.12195615643050788 0.9925354884882946 0.0
outer loop
vertex -3.187 -21.485 1.0
vertex -2.129 -21.615 53.0
vertex -2.129 -21.615 1.0
endloop
endfacet
facet normal 0.1216520190583696 0.9900602781827383 -0.07057925916117844
outer loop
vertex -3.187 -21.485 1.0
vertex -2.129 -21.615 1.0
vertex -3.188 -21.495 0.858
endloop
endfacet
facet normal 0.12251050058087526 0.9894359512562277 -0.07750919693240932
outer loop
vertex -3.188 -21.495 0.858
vertex -2.129 -21.615 1.0
vertex -2.13 -21.626 0.858
endloop
endfacet
facet normal 0.12008408962583529 0.9698394414055997 -0.2121114549306772
outer loop
vertex -3.188 -21.495 0.858
vertex -2.13 -21.626 0.858
vertex -3.193 -21.525 0.718
endloop
endfacet
facet normal 0.11990436047175038 0.9702184893133985 -0.2104733411486776
outer loop
vertex -3.193 -21.525 0.718
vertex -2.13 -21.626 0.858
vertex -2.133 -21.656 0.718
endloop
endfacet
facet normal 0.11495189210320136 0.9301450811404064 -0.3487351294782342
outer loop
vertex -3.193 -21.525 0.718
vertex -2.133 -21.656 0.718
vertex -3.2 -21.574 0.585
endloop
endfacet
facet normal 0.11480764866824288 0.93073070905097 -0.3472168645626937
outer loop
vertex -3.2 -21.574 0.585
vertex -2.133 -21.656 0.718
vertex -2.138 -21.705 0.585
endloop
endfacet
facet normal 0.10748095670489237 0.8713341680961728 -0.47877407140941897
outer loop
vertex -3.2 -21.574 0.585
vertex -2.138 -21.705 0.585
vertex -3.21 -21.642 0.459
endloop
endfacet
facet normal 0.10725801723694364 0.8728018807219977 -0.47614346025808557
outer loop
vertex -3.21 -21.642 0.459
vertex -2.138 -21.705 0.585
vertex -2.144 -21.773 0.459
endloop
endfacet
facet normal 0.09739216063801867 0.7925194140467764 -0.602019721774306
outer loop
vertex -3.21 -21.642 0.459
vertex -2.144 -21.773 0.459
vertex -3.223 -21.727 0.345
endloop
endfacet
facet normal 0.09723287360625624 0.7941921737304884 -0.5998371107855127
outer loop
vertex -3.223 -21.727 0.345
vertex -2.144 -21.773 0.459
vertex -2.153 -21.858 0.345
endloop
endfacet
facet normal 0.08631776413199778 0.7050382261163163 -0.7038965430445094
outer loop
vertex -3.223 -21.727 0.345
vertex -2.153 -21.858 0.345
vertex -3.238 -21.826 0.244
endloop
endfacet
facet normal 0.08662290901649194 0.7001475728776652 -0.7087240985228561
outer loop
vertex -3.238 -21.826 0.244
vertex -2.153 -21.858 0.345
vertex -2.163 -21.959 0.244
endloop
endfacet
facet normal 0.07334896782070649 0.5928581985508272 -0.8019595284867589
outer loop
vertex -3.238 -21.826 0.244
vertex -2.163 -21.959 0.244
vertex -3.254 -21.939 0.159
endloop
endfacet
facet normal 0.0733989317345587 0.5915734796516657 -0.8029031168161236
outer loop
vertex -3.254 -21.939 0.159
vertex -2.163 -21.959 0.244
vertex -2.174 -22.073 0.159
endloop
endfacet
facet normal 0.05935993021577653 0.4784233181570037 -0.8761207264575016
outer loop
vertex -3.254 -21.939 0.159
vertex -2.174 -22.073 0.159
vertex -3.273 -22.063 0.09
endloop
endfacet
facet normal 0.05929505451938299 0.48099794225797887 -0.8747142825249474
outer loop
vertex -3.273 -22.063 0.09
vertex -2.174 -22.073 0.159
vertex -2.186 -22.197 0.09
endloop
endfacet
facet normal 0.04220364350724674 0.3423534365102768 -0.9386229152243819
outer loop
vertex -3.273 -22.063 0.09
vertex -2.186 -22.197 0.09
vertex -3.292 -22.195 0.041
endloop
endfacet
facet normal 0.042212108758153864 0.34176173979750263 -0.9388381389168071
outer loop
vertex -3.292 -22.195 0.041
vertex -2.186 -22.197 0.09
vertex -2.199 -22.33 0.041
endloop
endfacet
facet normal 0.026585641669404567 0.21524523218266386 -0.9761980811698295
outer loop
vertex -3.292 -22.195 0.041
vertex -2.199 -22.33 0.041
vertex -3.313 -22.333 0.01
endloop
endfacet
facet normal 0.02658740583168639 0.21504519422687085 -0.9762421186832028
outer loop
vertex -3.313 -22.333 0.01
vertex -2.199 -22.33 0.041
vertex -2.213 -22.469 0.01
endloop
endfacet
facet normal 0.008588873619863083 0.06946883074889117 -0.9975471481610902
outer loop
vertex -3.313 -22.333 0.01
vertex -2.213 -22.469 0.01
vertex -3.334 -22.474 0.0
endloop
endfacet
facet normal 0.008589206586690616 0.06940329701800352 -0.997551706877013
outer loop
vertex -3.334 -22.474 0.0
vertex -2.213 -22.469 0.01
vertex -2.227 -22.611 0.0
endloop
endfacet
facet normal 0.0 -0.0 -1.0
outer loop
vertex -2.227 -22.611 0.0
vertex -1.115 -22.693 0.0
vertex -3.431 -34.831 0.0
endloop
endfacet
facet normal 0.0 -0.0 -1.0
outer loop
vertex -3.431 -34.831 0.0
vertex -1.115 -22.693 0.0
vertex -1.717 -34.958 0.0
endloop
endfacet
facet normal -0.07389311736780745 -0.9972661666805244 0.0
outer loop
vertex -3.431 -34.831 0.0
vertex -1.717 -34.958 0.0
vertex -3.431 -34.831 3.0
endloop
endfacet
facet normal -0.07389311736780745 -0.9972661666805244 0.0
outer loop
vertex -3.431 -34.831 3.0
vertex -1.717 -34.958 0.0
vertex -1.717 -34.958 3.0
endloop
endfacet
facet normal -0.0 -0.0 1.0
outer loop
vertex -3.431 -34.831 3.0
vertex -1.717 -34.958 3.0
vertex -2.944 -29.895 3.0
endloop
endfacet
facet normal -0.0 0.0 1.0
outer loop
vertex -2.944 -29.895 3.0
vertex -1.717 -34.958 3.0
vertex -1.474 -30.004 3.0
endloop
endfacet
facet normal -0.07394665281322801 -0.9972621984903066 0.0
outer loop
vertex -2.944 -29.895 3.0
vertex -1.474 -30.004 3.0
vertex -2.944 -29.895 52.0
endloop
endfacet
facet normal -0.07394665281322801 -0.9972621984903066 0.0
outer loop
vertex -2.944 -29.895 52.0
vertex -1.474 -30.004 3.0
vertex -1.474 -30.004 52.0
endloop
endfacet
facet normal -0.05230066077278444 -0.7053391865687328 0.7069379553916229
outer loop
vertex -2.944 -29.895 52.0
vertex -1.474 -30.004 52.0
vertex -2.846 -28.9 53.0
endloop
endfacet
facet normal -0.052109954563799056 -0.7052213850967444 0.7070695514852754
outer loop
vertex -2.846 -28.9 53.0
vertex -1.474 -30.004 52.0
vertex -1.425 -29.005 53.0
endloop
endfacet
facet normal -0.0 -0.0 1.0
outer loop
vertex -2.846 -28.9 53.0
vertex -1.425 -29.005 53.0
vertex -2.129 -21.615 53.0
endloop
endfacet
facet normal -0.0 0.0 1.0
outer loop
vertex -2.129 -21.615 53.0
vertex -1.425 -29.005 53.0
vertex -1.066 -21.694 53.0
endloop
endfacet
facet normal 0.07411357925252032 0.997249806904158 0.0
outer loop
vertex -2.129 -21.615 53.0
vertex -1.066 -21.694 53.0
vertex -2.129 -21.615 1.0
endloop
endfacet
facet normal 0.07411357925252032 0.997249806904158 0.0
outer loop
vertex -2.129 -21.615 1.0
vertex -1.066 -21.694 53.0
vertex -1.066 -21.694 1.0
endloop
endfacet
facet normal 0.07389044397270042 0.9942473663668343 -0.07753951742261019
outer loop
vertex -2.129 -21.615 1.0
vertex -1.066 -21.694 1.0
vertex -2.13 -21.626 0.858
endloop
endfacet
facet normal 0.07293241790692263 0.9948729827303368 -0.07006147765707692
outer loop
vertex -2.13 -21.626 0.858
vertex -1.066 -21.694 1.0
vertex -1.066 -21.704 0.858
endloop
endfacet
facet normal 0.07147459014348763 0.9749867168291205 -0.21045732339501233
outer loop
vertex -2.13 -21.626 0.858
vertex -1.066 -21.704 0.858
vertex -2.133 -21.656 0.718
endloop
endfacet
facet normal 0.07141549904162159 0.9750962369144116 -0.209969415039405
outer loop
vertex -2.133 -21.656 0.718
vertex -1.066 -21.704 0.858
vertex -1.068 -21.734 0.718
endloop
endfacet
facet normal 0.06850090926273132 0.9353008764718729 -0.3471597555897365
outer loop
vertex -2.133 -21.656 0.718
vertex -1.068 -21.734 0.718
vertex -2.138 -21.705 0.585
endloop
endfacet
facet normal 0.06904830413632985 0.9334631495898695 -0.3519643164493495
outer loop
vertex -2.138 -21.705 0.585
vertex -1.068 -21.734 0.718
vertex -1.07 -21.784 0.585
endloop
endfacet
facet normal 0.06486246582893597 0.876874854497507 -0.476322737307979
outer loop
vertex -2.138 -21.705 0.585
vertex -1.07 -21.784 0.585
vertex -2.144 -21.773 0.459
endloop
endfacet
facet normal 0.06477359395957558 0.8773132346423458 -0.4755269391390402
outer loop
vertex -2.144 -21.773 0.459
vertex -1.07 -21.784 0.585
vertex -1.074 -21.852 0.459
endloop
endfacet
facet normal 0.058921966961801193 0.7980570208750226 -0.5996942497985419
outer loop
vertex -2.144 -21.773 0.459
vertex -1.074 -21.852 0.459
vertex -2.153 -21.858 0.345
endloop
endfacet
facet normal 0.059230832782088995 0.7959143155093379 -0.602504863727458
outer loop
vertex -2.153 -21.858 0.345
vertex -1.074 -21.852 0.459
vertex -1.078 -21.938 0.345
endloop
endfacet
facet normal 0.0523564869051875 0.703540292788472 -0.7087241033731377
outer loop
vertex -2.153 -21.858 0.345
vertex -1.078 -21.938 0.345
vertex -2.163 -21.959 0.244
endloop
endfacet
facet normal 0.05221102262987953 0.7048488055033572 -0.7074335095939639
outer loop
vertex -2.163 -21.959 0.244
vertex -1.078 -21.938 0.345
vertex -1.083 -22.039 0.244
endloop
endfacet
facet normal 0.04403210577738358 0.5944334279946645 -0.8029383994699227
outer loop
vertex -2.163 -21.959 0.244
vertex -1.083 -22.039 0.244
vertex -2.174 -22.073 0.159
endloop
endfacet
facet normal 0.04389929012423074 0.5959328634364448 -0.8018334456749907
outer loop
vertex -2.174 -22.073 0.159
vertex -1.083 -22.039 0.244
vertex -1.088 -22.153 0.159
endloop
endfacet
facet normal 0.03560220258804172 0.4832999001326766 -0.8747306383696782
outer loop
vertex -2.174 -22.073 0.159
vertex -1.088 -22.153 0.159
vertex -2.186 -22.197 0.09
endloop
endfacet
facet normal 0.03572597552712718 0.48163907747682855 -0.8756411672140046
outer loop
vertex -2.186 -22.197 0.09
vertex -1.088 -22.153 0.159
vertex -1.094 -22.278 0.09
endloop
endfacet
facet normal 0.02547198234395431 0.34340005826664527 -0.9388437453047944
outer loop
vertex -2.186 -22.197 0.09
vertex -1.094 -22.278 0.09
vertex -2.199 -22.33 0.041
endloop
endfacet
facet normal 0.025407741468759314 0.3444160510209465 -0.9384732444095536
outer loop
vertex -2.199 -22.33 0.041
vertex -1.094 -22.278 0.09
vertex -1.101 -22.411 0.041
endloop
endfacet
facet normal 0.015943002361494592 0.2161162542335852 -0.9762374635977384
outer loop
vertex -2.199 -22.33 0.041
vertex -1.101 -22.411 0.041
vertex -2.213 -22.469 0.01
endloop
endfacet
facet normal 0.015898254820484233 0.2168835997115455 -0.9760680046338088
outer loop
vertex -2.213 -22.469 0.01
vertex -1.101 -22.411 0.041
vertex -1.108 -22.55 0.01
endloop
endfacet
facet normal 0.00511260698603027 0.06974605826621583 -0.9975516771607033
outer loop
vertex -2.213 -22.469 0.01
vertex -1.108 -22.55 0.01
vertex -2.227 -22.611 0.0
endloop
endfacet
facet normal 0.0051256712966663166 0.06950910343771821 -0.9975681490670415
outer loop
vertex -2.227 -22.611 0.0
vertex -1.108 -22.55 0.01
vertex -1.115 -22.693 0.0
endloop
endfacet
facet normal 0.0 -0.0 -0.9999999999999999
outer loop
vertex -1.115 -22.693 0.0
vertex -0.0 -22.72 0.0
vertex -1.717 -34.958 0.0
endloop
endfacet
facet normal 0.0 0.0 -1.0
outer loop
vertex -1.717 -34.958 0.0
vertex -0.0 -22.72 0.0
vertex -0.0 -35.0 0.0
endloop
endfacet
facet normal -0.024453954693151987 -0.9997009573366754 0.0
outer loop
vertex -1.717 -34.958 0.0
vertex -0.0 -35.0 0.0
vertex -1.717 -34.958 3.0
endloop
endfacet
facet normal -0.024453954693151987 -0.9997009573366754 0.0
outer loop
vertex -1.717 -34.958 3.0
vertex -0.0 -35.0 0.0
vertex -0.0 -35.0 3.0
endloop
endfacet
facet normal -0.0 -0.0 1.0
outer loop
vertex -1.717 -34.958 3.0
vertex -0.0 -35.0 3.0
vertex -1.474 -30.004 3.0
endloop
endfacet
facet normal -0.0 0.0 1.0
outer loop
vertex -1.474 -30.004 3.0
vertex -0.0 -35.0 3.0
vertex -0.0 -30.04 3.0
endloop
endfacet
facet normal -0.02441605685976317 -0.9997018836470306 0.0
outer loop
vertex -1.474 -30.004 3.0
vertex -0.0 -30.04 3.0
vertex -1.474 -30.004 52.0
endloop
endfacet
facet normal -0.02441605685976317 -0.9997018836470306 0.0
outer loop
vertex -1.474 -30.004 52.0
vertex -0.0 -30.04 3.0
vertex -0.0 -30.04 52.0
endloop
endfacet
facet normal -0.017265634992369806 -0.7069318327431845 0.7070709170250691
outer loop
vertex -1.474 -30.004 52.0
vertex -0.0 -30.04 52.0
vertex -1.425 -29.005 53.0
endloop
endfacet
facet normal -0.017364916273083064 -0.7070001625469504 0.7070001625469504
outer loop
vertex -1.425 -29.005 53.0
vertex -0.0 -30.04 52.0
vertex -0.0 -29.04 53.0
endloop
endfacet
facet normal -0.0 -0.0 1.0
outer loop
vertex -1.425 -29.005 53.0
vertex -0.0 -29.04 53.0
vertex -1.066 -21.694 53.0
endloop
endfacet
facet normal -0.0 0.0 1.0
outer loop
vertex -1.066 -21.694 53.0
vertex -0.0 -29.04 53.0
vertex -0.0 -21.72 53.0
endloop
endfacet
facet normal 0.024382992454708347 0.99970269064305 0.0
outer loop
vertex -1.066 -21.694 53.0
vertex -0.0 -21.72 53.0
vertex -1.066 -21.694 1.0
endloop
endfacet
facet normal 0.024382992454708347 0.99970269064305 0.0
outer loop
vertex -1.066 -21.694 1.0
vertex -0.0 -21.72 53.0
vertex -0.0 -21.72 1.0
endloop
endfacet
facet normal 0.024322790401993033 0.997234406481722 -0.0702277751043576
outer loop
vertex -1.066 -21.694 1.0
vertex -0.0 -21.72 1.0
vertex -1.066 -21.704 0.858
endloop
endfacet
facet normal 0.024322790401993033 0.997234406481722 -0.07022777510435758
outer loop
vertex -1.066 -21.704 0.858
vertex -0.0 -21.72 1.0
vertex -0.0 -21.73 0.858
endloop
endfacet
facet normal 0.02384035781708451 0.9774546705004723 -0.20979514879035321
outer loop
vertex -1.066 -21.704 0.858
vertex -0.0 -21.73 0.858
vertex -1.068 -21.734 0.718
endloop
endfacet
facet normal 0.024675512044324818 0.976053587531162 -0.21612615152474898
outer loop
vertex -1.068 -21.734 0.718
vertex -0.0 -21.73 0.858
vertex -0.0 -21.761 0.718
endloop
endfacet
facet normal 0.023654338694882933 0.9356605083754569 -0.3521077751590974
outer loop
vertex -1.068 -21.734 0.718
vertex -0.0 -21.761 0.718
vertex -1.07 -21.784 0.585
endloop
endfacet
facet normal 0.022794936245175573 0.9380992993206942 -0.3456155313286732
outer loop
vertex -1.07 -21.784 0.585
vertex -0.0 -21.761 0.718
vertex -0.0 -21.81 0.585
endloop
endfacet
facet normal 0.021371937899965783 0.8795374443447525 -0.4753494759289229
outer loop
vertex -1.07 -21.784 0.585
vertex -0.0 -21.81 0.585
vertex -1.074 -21.852 0.459
endloop
endfacet
facet normal 0.022044547814491645 0.8768831241764121 -0.4801979013347203
outer loop
vertex -1.074 -21.852 0.459
vertex -0.0 -21.81 0.585
vertex -0.0 -21.879 0.459
endloop
endfacet
facet normal 0.02005685535023209 0.7978171350425352 -0.6025657985531381
outer loop
vertex -1.074 -21.852 0.459
vertex -0.0 -21.879 0.459
vertex -1.078 -21.938 0.345
endloop
endfacet
facet normal 0.01933200750265115 0.8015347726099272 -0.5976355760687861
outer loop
vertex -1.078 -21.938 0.345
vertex -0.0 -21.879 0.459
vertex -0.0 -21.964 0.345
endloop
endfacet
facet normal 0.01704186976147765 0.7065821385720403 -0.707425795490944
outer loop
vertex -1.078 -21.938 0.345
vertex -0.0 -21.964 0.345
vertex -1.083 -22.039 0.244
endloop
endfacet
facet normal 0.016973340577600925 0.7070049171362284 -0.707004917136247
outer loop
vertex -1.083 -22.039 0.244
vertex -0.0 -21.964 0.345
vertex -0.0 -22.065 0.244
endloop
endfacet
facet normal 0.014339169312382754 0.5972815525119477 -0.8019034450932035
outer loop
vertex -1.083 -22.039 0.244
vertex -0.0 -22.065 0.244
vertex -1.088 -22.153 0.159
endloop
endfacet
facet normal 0.01428294489438695 0.5976863094266583 -0.801602814995734
outer loop
vertex -1.088 -22.153 0.159
vertex -0.0 -22.065 0.244
vertex -0.0 -22.179 0.159
endloop
endfacet
facet normal 0.011537638375974574 0.4828057905023244 -0.8756514441021216
outer loop
vertex -1.088 -22.153 0.159
vertex -0.0 -22.179 0.159
vertex -1.094 -22.278 0.09
endloop
endfacet
facet normal 0.011853367215356507 0.4802808790222046 -0.8770346486492517
outer loop
vertex -1.094 -22.278 0.09
vertex -0.0 -22.179 0.159
vertex -0.0 -22.305 0.09
endloop
endfacet
facet normal 0.008521976283605716 0.3452978538616408 -0.9384544570935591
outer loop
vertex -1.094 -22.278 0.09
vertex -0.0 -22.305 0.09
vertex -1.101 -22.411 0.041
endloop
endfacet
facet normal 0.008477483445985678 0.3456929360752262 -0.9383093979184651
outer loop
vertex -1.101 -22.411 0.041
vertex -0.0 -22.305 0.09
vertex -0.0 -22.438 0.041
endloop
endfacet
facet normal 0.005331702771329296 0.21741499078644835 -0.97606469802308
outer loop
vertex -1.101 -22.411 0.041
vertex -0.0 -22.438 0.041
vertex -1.108 -22.55 0.01
endloop
endfacet
facet normal 0.0054632536795803195 0.21618875274911703 -0.9763363027379519
outer loop
vertex -1.108 -22.55 0.01
vertex -0.0 -22.438 0.041
vertex -0.0 -22.578 0.01
endloop
endfacet
facet normal 0.0017607105153415524 0.0696738303928047 -0.997568271977851
outer loop
vertex -1.108 -22.55 0.01
vertex -0.0 -22.578 0.01
vertex -1.115 -22.693 0.0
endloop
endfacet
facet normal 0.0017010836878341197 0.0702484559976008 -0.9975280751659273
outer loop
vertex -1.115 -22.693 0.0
vertex -0.0 -22.578 0.01
vertex -0.0 -22.72 0.0
endloop
endfacet
facet normal 0.0 -0.0 -1.0
outer loop
vertex -0.0 -22.72 0.0
vertex 1.115 -22.693 0.0
vertex -0.0 -35.0 0.0
endloop
endfacet
facet normal 0.0 0.0 -1.0
outer loop
vertex -0.0 -35.0 0.0
vertex 1.115 -22.693 0.0
vertex 1.717 -34.958 0.0
endloop
endfacet
facet normal 0.024453954693151987 -0.9997009573366754 0.0
outer loop
vertex -0.0 -35.0 0.0
vertex 1.717 -34.958 0.0
vertex -0.0 -35.0 3.0
endloop
endfacet
facet normal 0.024453954693151987 -0.9997009573366754 0.0
outer loop
vertex -0.0 -35.0 3.0
vertex 1.717 -34.958 0.0
vertex 1.717 -34.958 3.0
endloop
endfacet
facet normal 0.0 -0.0 1.0
outer loop
vertex -0.0 -35.0 3.0
vertex 1.717 -34.958 3.0
vertex -0.0 -30.04 3.0
endloop
endfacet
facet normal -0.0 -0.0 1.0
outer loop
vertex -0.0 -30.04 3.0
vertex 1.717 -34.958 3.0
vertex 1.474 -30.004 3.0
endloop
endfacet
facet normal 0.02441605685976317 -0.9997018836470306 0.0
outer loop
vertex -0.0 -30.04 3.0
vertex 1.474 -30.004 3.0
vertex -0.0 -30.04 52.0
endloop
endfacet
facet normal 0.02441605685976317 -0.9997018836470306 0.0
outer loop
vertex -0.0 -30.04 52.0
vertex 1.474 -30.004 3.0
vertex 1.474 -30.004 52.0
endloop
endfacet
facet normal 0.017267333020693342 -0.7070013575695426 0.7070013575695426
outer loop
vertex -0.0 -30.04 52.0
vertex 1.474 -30.004 52.0
vertex -0.0 -29.04 53.0
endloop
endfacet
facet normal 0.01736314993929746 -0.7069282475285367 0.7070721136280353
outer loop
vertex -0.0 -29.04 53.0
vertex 1.474 -30.004 52.0
vertex 1.425 -29.005 53.0
endloop
endfacet
facet normal 0.0 -0.0 1.0
outer loop
vertex -0.0 -29.04 53.0
vertex 1.425 -29.005 53.0
vertex -0.0 -21.72 53.0
endloop
endfacet
facet normal -0.0 -0.0 1.0
outer loop
vertex -0.0 -21.72 53.0
vertex 1.425 -29.005 53.0
vertex 1.066 -21.694 53.0
endloop
endfacet
facet normal -0.024382992454708347 0.99970269064305 0.0
outer loop
vertex -0.0 -21.72 53.0
vertex 1.066 -21.694 53.0
vertex -0.0 -21.72 1.0
endloop
endfacet
facet normal -0.024382992454708347 0.99970269064305 0.0
outer loop
vertex -0.0 -21.72 1.0
vertex 1.066 -21.694 53.0
vertex 1.066 -21.694 1.0
endloop
endfacet
facet normal -0.024322790401993033 0.997234406481722 -0.0702277751043576
outer loop
vertex -0.0 -21.72 1.0
vertex 1.066 -21.694 1.0
vertex -0.0 -21.73 0.858
endloop
endfacet
facet normal -0.024322790401993033 0.997234406481722 -0.07022777510435758
outer loop
vertex -0.0 -21.73 0.858
vertex 1.066 -21.694 1.0
vertex 1.066 -21.704 0.858
endloop
endfacet
facet normal -0.023806686750657755 0.9760741567769754 -0.2161307061434648
outer loop
vertex -0.0 -21.73 0.858
vertex 1.066 -21.704 0.858
vertex -0.0 -21.761 0.718
endloop
endfacet
facet normal -0.024710345989895348 0.9774314636003967 -0.20980260428566286
outer loop
vertex -0.0 -21.761 0.718
vertex 1.066 -21.704 0.858
vertex 1.068 -21.734 0.718
endloop
endfacet
facet normal -0.02371548555101653 0.9380792062402973 -0.34560812861484275
outer loop
vertex -0.0 -21.761 0.718
vertex 1.068 -21.734 0.718
vertex -0.0 -21.81 0.585
endloop
endfacet
facet normal -0.02273627097683137 0.9356849978926824 -0.3521031762149258
outer loop
vertex -0.0 -21.81 0.585
vertex 1.068 -21.734 0.718
vertex 1.07 -21.784 0.585
endloop
endfacet
facet normal -0.021307780849102727 0.8768971349438497 -0.48020557389784085
outer loop
vertex -0.0 -21.81 0.585
vertex 1.07 -21.784 0.585
vertex -0.0 -21.879 0.459
endloop
endfacet
facet normal -0.022110674431960384 0.8795134940712794 -0.4753600023379055
outer loop
vertex -0.0 -21.879 0.459
vertex 1.07 -21.784 0.585
vertex 1.074 -21.852 0.459
endloop
endfacet
facet normal -0.020149990005167137 0.8015218246499514 -0.5976259218881024
outer loop
vertex -0.0 -21.879 0.459
vertex 1.074 -21.852 0.459
vertex -0.0 -21.964 0.345
endloop
endfacet
facet normal -0.019242982141067292 0.7978436441565654 -0.6025572397019973
outer loop
vertex -0.0 -21.964 0.345
vertex 1.074 -21.852 0.459
vertex 1.078 -21.938 0.345
endloop
endfacet
facet normal -0.017052043808545213 0.7070039702158416 -0.7070039702158601
outer loop
vertex -0.0 -21.964 0.345
vertex 1.078 -21.938 0.345
vertex -0.0 -22.065 0.244
endloop
endfacet
facet normal -0.01696326020248145 0.706585030741829 -0.707424796098406
outer loop
vertex -0.0 -22.065 0.244
vertex 1.078 -21.938 0.345
vertex 1.083 -22.039 0.244
endloop
endfacet
facet normal -0.014348872922699226 0.5976857452032069 -0.8016020582725168
outer loop
vertex -0.0 -22.065 0.244
vertex 1.083 -22.039 0.244
vertex -0.0 -22.179 0.159
endloop
endfacet
facet normal -0.014273330217935521 0.597283972196691 -0.8019028174295388
outer loop
vertex -0.0 -22.179 0.159
vertex 1.083 -22.039 0.244
vertex 1.088 -22.153 0.159
endloop
endfacet
facet normal -0.011477350768423867 0.4802829860017409 -0.8770384961771006
outer loop
vertex -0.0 -22.179 0.159
vertex 1.088 -22.153 0.159
vertex -0.0 -22.305 0.09
endloop
endfacet
facet normal -0.011915286403799744 0.4827897528057935 -0.8756552292629997
outer loop
vertex -0.0 -22.305 0.09
vertex 1.088 -22.153 0.159
vertex 1.094 -22.278 0.09
endloop
endfacet
facet normal -0.008531723005678444 0.3456927766004394 -0.9383089650583294
outer loop
vertex -0.0 -22.305 0.09
vertex 1.094 -22.278 0.09
vertex -0.0 -22.438 0.041
endloop
endfacet
facet normal -0.008467860187983766 0.34530052099892583 -0.9384539655953866
outer loop
vertex -0.0 -22.438 0.041
vertex 1.094 -22.278 0.09
vertex 1.101 -22.411 0.041
endloop
endfacet
facet normal -0.005301636150817572 0.21618894081669238 -0.9763371520753887
outer loop
vertex -0.0 -22.438 0.041
vertex 1.101 -22.411 0.041
vertex -0.0 -22.578 0.01
endloop
endfacet
facet normal -0.005494039993028702 0.21740701115271727 -0.9760655751670567
outer loop
vertex -0.0 -22.578 0.01
vertex 1.101 -22.411 0.041
vertex 1.108 -22.55 0.01
endloop
endfacet
facet normal -0.001775231511217876 0.07024844694391066 -0.9975279466035276
outer loop
vertex -0.0 -22.578 0.01
vertex 1.108 -22.55 0.01
vertex -0.0 -22.72 0.0
endloop
endfacet
facet normal -0.001687255848148204 0.06967741743279347 -0.9975681483826552
outer loop
vertex -0.0 -22.72 0.0
vertex 1.108 -22.55 0.01
vertex 1.115 -22.693 0.0
endloop
endfacet
facet normal 0.0 -0.0 -1.0
outer loop
vertex 1.115 -22.693 0.0
vertex 2.227 -22.611 0.0
vertex 1.717 -34.958 0.0
endloop
endfacet
facet normal 0.0 0.0 -0.9999999999999999
outer loop
vertex 1.717 -34.958 0.0
vertex 2.227 -22.611 0.0
vertex 3.431 -34.831 0.0
endloop
endfacet
facet normal 0.07389311736780745 -0.9972661666805244 0.0
outer loop
vertex 1.717 -34.958 0.0
vertex 3.431 -34.831 0.0
vertex 1.717 -34.958 3.0
endloop
endfacet
facet normal 0.07389311736780745 -0.9972661666805244 0.0
outer loop
vertex 1.717 -34.958 3.0
vertex 3.431 -34.831 0.0
vertex 3.431 -34.831 3.0
endloop
endfacet
facet normal 0.0 -0.0 1.0
outer loop
vertex 1.717 -34.958 3.0
vertex 3.431 -34.831 3.0
vertex 1.474 -30.004 3.0
endloop
endfacet
facet normal -0.0 -0.0 1.0
outer loop
vertex 1.474 -30.004 3.0
vertex 3.431 -34.831 3.0
vertex 2.944 -29.895 3.0
endloop
endfacet
facet normal 0.07394665281322801 -0.9972621984903066 0.0
outer loop
vertex 1.474 -30.004 3.0
vertex 2.944 -29.895 3.0
vertex 1.474 -30.004 52.0
endloop
endfacet
facet normal 0.07394665281322801 -0.9972621984903066 0.0
outer loop
vertex 1.474 -30.004 52.0
vertex 2.944 -29.895 3.0
vertex 2.944 -29.895 52.0
endloop
endfacet
facet normal 0.05229109944414483 -0.7052102402100152 0.7070672938425699
outer loop
vertex 1.474 -30.004 52.0
vertex 2.944 -29.895 52.0
vertex 1.425 -29.005 53.0
endloop
endfacet
facet normal 0.052119811547615115 -0.7053547829443884 0.7069357505613334
outer loop
vertex 1.425 -29.005 53.0
vertex 2.944 -29.895 52.0
vertex 2.846 -28.9 53.0
endloop
endfacet
facet normal 0.0 -0.0 1.0
outer loop
vertex 1.425 -29.005 53.0
vertex 2.846 -28.9 53.0
vertex 1.066 -21.694 53.0
endloop
endfacet
facet normal -0.0 -0.0 1.0
outer loop
vertex 1.066 -21.694 53.0
vertex 2.846 -28.9 53.0
vertex 2.129 -21.615 53.0
endloop
endfacet
facet normal -0.07411357925252032 0.997249806904158 0.0
outer loop
vertex 1.066 -21.694 53.0
vertex 2.129 -21.615 53.0
vertex 1.066 -21.694 1.0
endloop
endfacet
facet normal -0.07411357925252032 0.997249806904158 0.0
outer loop
vertex 1.066 -21.694 1.0
vertex 2.129 -21.615 53.0
vertex 2.129 -21.615 1.0
endloop
endfacet
facet normal -0.07393148503295362 0.9947996024054311 -0.07005631002856247
outer loop
vertex 1.066 -21.694 1.0
vertex 2.129 -21.615 1.0
vertex 1.066 -21.704 0.858
endloop
endfacet
facet normal -0.07289196544532135 0.9943211696643909 -0.0775382030405379
outer loop
vertex 1.066 -21.704 0.858
vertex 2.129 -21.615 1.0
vertex 2.13 -21.626 0.858
endloop
endfacet
facet normal -0.07148226167705461 0.9750913644152138 -0.20996932468436877
outer loop
vertex 1.066 -21.704 0.858
vertex 2.13 -21.626 0.858
vertex 1.068 -21.734 0.718
endloop
endfacet
facet normal -0.07140784183564332 0.9749916866020159 -0.2104569580254647
outer loop
vertex 1.068 -21.734 0.718
vertex 2.13 -21.626 0.858
vertex 2.133 -21.656 0.718
endloop
endfacet
facet normal -0.06836976569444955 0.9335102623664873 -0.35197182443391434
outer loop
vertex 1.068 -21.734 0.718
vertex 2.133 -21.656 0.718
vertex 1.07 -21.784 0.585
endloop
endfacet
facet normal -0.06918036957666737 0.9352485406060782 -0.34716601757579457
outer loop
vertex 1.07 -21.784 0.585
vertex 2.133 -21.656 0.718
vertex 2.138 -21.705 0.585
endloop
endfacet
facet normal -0.06489426364755652 0.8773047288049342 -0.47552617947084924
outer loop
vertex 1.07 -21.784 0.585
vertex 2.138 -21.705 0.585
vertex 1.074 -21.852 0.459
endloop
endfacet
facet normal -0.06474191425580374 0.8768841551102462 -0.4763220161351811
outer loop
vertex 1.074 -21.852 0.459
vertex 2.138 -21.705 0.585
vertex 2.144 -21.773 0.459
endloop
endfacet
facet normal -0.05876596684073554 0.7959441078428675 -0.6025110275600731
outer loop
vertex 1.074 -21.852 0.459
vertex 2.144 -21.773 0.459
vertex 1.078 -21.938 0.345
endloop
endfacet
facet normal -0.05938732792155382 0.7980172189458965 -0.5997013119447003
outer loop
vertex 1.078 -21.938 0.345
vertex 2.144 -21.773 0.459
vertex 2.153 -21.858 0.345
endloop
endfacet
facet normal -0.052452751913213094 0.7048338538338159 -0.7074305247206272
outer loop
vertex 1.078 -21.938 0.345
vertex 2.153 -21.858 0.345
vertex 1.083 -22.039 0.244
endloop
endfacet
facet normal -0.052115642047861795 0.7035611676461179 -0.7087211322053056
outer loop
vertex 1.083 -22.039 0.244
vertex 2.153 -21.858 0.345
vertex 2.163 -21.959 0.244
endloop
endfacet
facet normal -0.04414219338172483 0.5959196106532713 -0.8018299597809401
outer loop
vertex 1.083 -22.039 0.244
vertex 2.163 -21.959 0.244
vertex 1.088 -22.153 0.159
endloop
endfacet
facet normal -0.04379040920195837 0.5944548049165975 -0.8029357913142838
outer loop
vertex 1.088 -22.153 0.159
vertex 2.163 -21.959 0.244
vertex 2.174 -22.073 0.159
endloop
endfacet
facet normal -0.03548083419514182 0.48165232419906046 -0.8756438482616434
outer loop
vertex 1.088 -22.153 0.159
vertex 2.174 -22.073 0.159
vertex 1.094 -22.278 0.09
endloop
endfacet
facet normal -0.03584750534107636 0.4832774794130323 -0.8747330074102656
outer loop
vertex 1.094 -22.278 0.09
vertex 2.174 -22.073 0.159
vertex 2.186 -22.197 0.09
endloop
endfacet
facet normal -0.025546775442362744 0.34440838003778124 -0.9384722851657626
outer loop
vertex 1.094 -22.278 0.09
vertex 2.186 -22.197 0.09
vertex 1.101 -22.411 0.041
endloop
endfacet
facet normal -0.025333759077813038 0.3434131786103414 -0.9388426861874832
outer loop
vertex 1.101 -22.411 0.041
vertex 2.186 -22.197 0.09
vertex 2.199 -22.33 0.041
endloop
endfacet
facet normal -0.01599922654742315 0.21687840430950558 -0.9760675091888096
outer loop
vertex 1.101 -22.411 0.041
vertex 2.199 -22.33 0.041
vertex 1.108 -22.55 0.01
endloop
endfacet
facet normal -0.01584273683221573 0.216126224686401 -0.9762368886148836
outer loop
vertex 1.108 -22.55 0.01
vertex 2.199 -22.33 0.041
vertex 2.213 -22.469 0.01
endloop
endfacet
facet normal -0.005095346524792292 0.06951059148019156 -0.9975682007340984
outer loop
vertex 1.108 -22.55 0.01
vertex 2.213 -22.469 0.01
vertex 1.115 -22.693 0.0
endloop
endfacet
facet normal -0.005142924443780786 0.06974307294492905 -0.9975517300392815
outer loop
vertex 1.115 -22.693 0.0
vertex 2.213 -22.469 0.01
vertex 2.227 -22.611 0.0
endloop
endfacet
facet normal 0.0 0.0 -1.0
outer loop
vertex 2.227 -22.611 0.0
vertex 3.334 -22.474 0.0
vertex 3.431 -34.831 0.0
endloop
endfacet
facet normal 0.0 0.0 -1.0
outer loop
vertex 3.431 -34.831 0.0
vertex 3.334 -22.474 0.0
vertex 5.136 -34.621 0.0
endloop
endfacet
facet normal 0.12224342014043581 -0.992500149235439 0.0
outer loop
vertex 3.431 -34.831 0.0
vertex 5.136 -34.621 0.0
vertex 3.431 -34.831 3.0
endloop
endfacet
facet normal 0.12224342014043581 -0.992500149235439 0.0
outer loop
vertex 3.431 -34.831 3.0
vertex 5.136 -34.621 0.0
vertex 5.136 -34.621 3.0
endloop
endfacet
facet normal 0.0 -0.0 1.0
outer loop
vertex 3.431 -34.831 3.0
vertex 5.136 -34.621 3.0
vertex 2.944 -29.895 3.0
endloop
endfacet
facet normal -0.0 -0.0 1.0
outer loop
vertex 2.944 -29.895 3.0
vertex 5.136 -34.621 3.0
vertex 4.408 -29.715 3.0
endloop
endfacet
facet normal 0.12203190710836685 -0.9925261778147189 0.0
outer loop
vertex 2.944 -29.895 3.0
vertex 4.408 -29.715 3.0
vertex 2.944 -29.895 52.0
endloop
endfacet
facet normal 0.12203190710836685 -0.9925261778147189 0.0
outer loop
vertex 2.944 -29.895 52.0
vertex 4.408 -29.715 3.0
vertex 4.408 -29.715 52.0
endloop
endfacet
facet normal 0.08631018563425331 -0.7019895098252616 0.7069379604682928
outer loop
vertex 2.944 -29.895 52.0
vertex 4.408 -29.715 52.0
vertex 2.846 -28.9 53.0
endloop
endfacet
facet normal 0.08632113122418572 -0.7019793142656503 0.7069467480986841
outer loop
vertex 2.846 -28.9 53.0
vertex 4.408 -29.715 52.0
vertex 4.261 -28.726 53.0
endloop
endfacet
facet normal 0.0 -0.0 1.0
outer loop
vertex 2.846 -28.9 53.0
vertex 4.261 -28.726 53.0
vertex 2.129 -21.615 53.0
endloop
endfacet
facet normal -0.0 -0.0 1.0
outer loop
vertex 2.129 -21.615 53.0
vertex 4.261 -28.726 53.0
vertex 3.187 -21.485 53.0
endloop
endfacet
facet normal -0.12195615643050788 0.9925354884882946 0.0
outer loop
vertex 2.129 -21.615 53.0
vertex 3.187 -21.485 53.0
vertex 2.129 -21.615 1.0
endloop
endfacet
facet normal -0.12195615643050788 0.9925354884882946 0.0
outer loop
vertex 2.129 -21.615 1.0
vertex 3.187 -21.485 53.0
vertex 3.187 -21.485 1.0
endloop
endfacet
facet normal -0.1215892462350469 0.9895494039744658 -0.07751149781659789
outer loop
vertex 2.129 -21.615 1.0
vertex 3.187 -21.485 1.0
vertex 2.13 -21.626 0.858
endloop
endfacet
facet normal -0.12257374013702238 0.9899466951524389 -0.07057775134973943
outer loop
vertex 2.13 -21.626 0.858
vertex 3.187 -21.485 1.0
vertex 3.188 -21.495 0.858
endloop
endfacet
facet normal -0.12012763213084338 0.9701911053010085 -0.2104722575387175
outer loop
vertex 2.13 -21.626 0.858
vertex 3.188 -21.495 0.858
vertex 2.133 -21.656 0.718
endloop
endfacet
facet normal -0.11986097973534043 0.9698674696142033 -0.2121094927650032
outer loop
vertex 2.133 -21.656 0.718
vertex 3.188 -21.495 0.858
vertex 3.193 -21.525 0.718
endloop
endfacet
facet normal -0.11502107847605447 0.9307049098062408 -0.34721538325477874
outer loop
vertex 2.133 -21.656 0.718
vertex 3.193 -21.525 0.718
vertex 2.138 -21.705 0.585
endloop
endfacet
facet normal -0.11473871872670109 0.9301719029599975 -0.3487337915498468
outer loop
vertex 2.138 -21.705 0.585
vertex 3.193 -21.525 0.718
vertex 3.2 -21.574 0.585
endloop
endfacet
facet normal -0.10765634265715826 0.8727559992511834 -0.4761376667065451
outer loop
vertex 2.138 -21.705 0.585
vertex 3.2 -21.574 0.585
vertex 2.144 -21.773 0.459
endloop
endfacet
facet normal -0.10708392534886817 0.8713852245946051 -0.4787701152850789
outer loop
vertex 2.144 -21.773 0.459
vertex 3.2 -21.574 0.585
vertex 3.21 -21.642 0.459
endloop
endfacet
facet normal -0.09759257018626044 0.7941502276225453 -0.5998342322771346
outer loop
vertex 2.144 -21.773 0.459
vertex 3.21 -21.642 0.459
vertex 2.153 -21.858 0.345
endloop
endfacet
facet normal -0.09703393750756183 0.7925672758251218 -0.6020145581818799
outer loop
vertex 2.153 -21.858 0.345
vertex 3.21 -21.642 0.459
vertex 3.223 -21.727 0.345
endloop
endfacet
facet normal -0.08573111780473174 0.7002465347409372 -0.7087347642265479
outer loop
vertex 2.153 -21.858 0.345
vertex 3.223 -21.727 0.345
vertex 2.163 -21.959 0.244
endloop
endfacet
facet normal -0.08721279880647513 0.7049154790748978 -0.7039091525793285
outer loop
vertex 2.163 -21.959 0.244
vertex 3.223 -21.727 0.345
vertex 3.238 -21.826 0.244
endloop
endfacet
facet normal -0.07319273073823895 0.5915953800271234 -0.8029058042495664
outer loop
vertex 2.163 -21.959 0.244
vertex 3.238 -21.826 0.244
vertex 2.174 -22.073 0.159
endloop
endfacet
facet normal -0.07355487619511282 0.5928303454531465 -0.8019612594744364
outer loop
vertex 2.174 -22.073 0.159
vertex 3.238 -21.826 0.244
vertex 3.254 -21.939 0.159
endloop
endfacet
facet normal -0.059674521263381984 0.4809588280929282 -0.8747099846185954
outer loop
vertex 2.174 -22.073 0.159
vertex 3.254 -21.939 0.159
vertex 2.186 -22.197 0.09
endloop
endfacet
facet normal -0.058984441339913374 0.4784782666901917 -0.8761160790585731
outer loop
vertex 2.186 -22.197 0.09
vertex 3.254 -21.939 0.159
vertex 3.273 -22.063 0.09
endloop
endfacet
facet normal -0.0421317009893947 0.34176984310053676 -0.9388388009231269
outer loop
vertex 2.186 -22.197 0.09
vertex 3.273 -22.063 0.09
vertex 2.199 -22.33 0.041
endloop
endfacet
facet normal -0.042283790517100586 0.34234209655697495 -0.9386234441907366
outer loop
vertex 2.199 -22.33 0.041
vertex 3.273 -22.063 0.09
vertex 3.292 -22.195 0.041
endloop
endfacet
facet normal -0.026561263005507468 0.2150478552964451 -0.9762422441381807
outer loop
vertex 2.199 -22.33 0.041
vertex 3.292 -22.195 0.041
vertex 2.213 -22.469 0.01
endloop
endfacet
facet normal -0.026611652758991647 0.21524130908007516 -0.9761982374512517
outer loop
vertex 2.213 -22.469 0.01
vertex 3.292 -22.195 0.041
vertex 3.313 -22.333 0.01
endloop
endfacet
facet normal -0.008580872976349786 0.06940411966165126 -0.9975517213623338
outer loop
vertex 2.213 -22.469 0.01
vertex 3.313 -22.333 0.01
vertex 2.227 -22.611 0.0
endloop
endfacet
facet normal -0.008597164218602009 0.06946759700724375 -0.9975471626612135
outer loop
vertex 2.227 -22.611 0.0
vertex 3.313 -22.333 0.01
vertex 3.334 -22.474 0.0
endloop
endfacet
facet normal 0.0 0.0 -1.0
outer loop
vertex 3.334 -22.474 0.0
vertex 4.432 -22.283 0.0
vertex 5.136 -34.621 0.0
endloop
endfacet
facet normal 0.0 0.0 -1.0
outer loop
vertex 5.136 -34.621 0.0
vertex 4.432 -22.283 0.0
vertex 6.828 -34.327 0.0
endloop
endfacet
facet normal 0.17119373018901024 -0.985237385985719 0.0
outer loop
vertex 5.136 -34.621 0.0
vertex 6.828 -34.327 0.0
vertex 5.136 -34.621 3.0
endloop
endfacet
facet normal 0.17119373018901024 -0.985237385985719 0.0
outer loop
vertex 5.136 -34.621 3.0
vertex 6.828 -34.327 0.0
vertex 6.828 -34.327 3.0
endloop
endfacet
facet normal 0.0 -0.0 1.0
outer loop
vertex 5.136 -34.621 3.0
vertex 6.828 -34.327 3.0
vertex 4.408 -29.715 3.0
endloop
endfacet
facet normal -0.0 -0.0 1.0
outer loop
vertex 4.408 -29.715 3.0
vertex 6.828 -34.327 3.0
vertex 5.861 -29.463 3.0
endloop
endfacet
facet normal 0.1708832776523665 -0.9852912794797203 0.0
outer loop
vertex 4.408 -29.715 3.0
vertex 5.861 -29.463 3.0
vertex 4.408 -29.715 52.0
endloop
endfacet
facet normal 0.1708832776523665 -0.9852912794797203 0.0
outer loop
vertex 4.408 -29.715 52.0
vertex 5.861 -29.463 3.0
vertex 5.861 -29.463 52.0
endloop
endfacet
facet normal 0.12085852996167419 -0.6968549366441004 0.7069557362453819
outer loop
vertex 4.408 -29.715 52.0
vertex 5.861 -29.463 52.0
vertex 4.261 -28.726 53.0
endloop
endfacet
facet normal 0.12106834946836659 -0.6966391912032247 0.7071324430661644
outer loop
vertex 4.261 -28.726 53.0
vertex 5.861 -29.463 52.0
vertex 5.665 -28.482 53.0
endloop
endfacet
facet normal 0.0 -0.0 1.0
outer loop
vertex 4.261 -28.726 53.0
vertex 5.665 -28.482 53.0
vertex 3.187 -21.485 53.0
endloop
endfacet
facet normal -0.0 -0.0 1.0
outer loop
vertex 3.187 -21.485 53.0
vertex 5.665 -28.482 53.0
vertex 4.237 -21.303 53.0
endloop
endfacet
facet normal -0.17078672353593644 0.9853080203996412 0.0
outer loop
vertex 3.187 -21.485 53.0
vertex 4.237 -21.303 53.0
vertex 3.187 -21.485 1.0
endloop
endfacet
facet normal -0.17078672353593644 0.9853080203996412 0.0
outer loop
vertex 3.187 -21.485 1.0
vertex 4.237 -21.303 53.0
vertex 4.237 -21.303 1.0
endloop
endfacet
facet normal -0.17036278916937433 0.9828622452079367 -0.07041538902288959
outer loop
vertex 3.187 -21.485 1.0
vertex 4.237 -21.303 1.0
vertex 3.188 -21.495 0.858
endloop
endfacet
facet normal -0.1701909187672178 0.9828058001337568 -0.07160873125964795
outer loop
vertex 3.188 -21.495 0.858
vertex 4.237 -21.303 1.0
vertex 4.239 -21.313 0.858
endloop
endfacet
facet normal -0.16673991698471777 0.962877212917232 -0.21228582837455862
outer loop
vertex 3.188 -21.495 0.858
vertex 4.239 -21.313 0.858
vertex 3.193 -21.525 0.718
endloop
endfacet
facet normal -0.16767417148505936 0.9638974229632931 -0.2068505021060415
outer loop
vertex 3.193 -21.525 0.718
vertex 4.239 -21.313 0.858
vertex 4.245 -21.342 0.718
endloop
endfacet
facet normal -0.16062712857562153 0.9233865533418252 -0.34864910536677896
outer loop
vertex 3.193 -21.525 0.718
vertex 4.245 -21.342 0.718
vertex 3.2 -21.574 0.585
endloop
endfacet
facet normal -0.15998099684384676 0.9222948178702468 -0.3518214740156395
outer loop
vertex 3.2 -21.574 0.585
vertex 4.245 -21.342 0.718
vertex 4.255 -21.391 0.585
endloop
endfacet
facet normal -0.1500483856748581 0.8650330430982095 -0.47875183164623
outer loop
vertex 3.2 -21.574 0.585
vertex 4.255 -21.391 0.585
vertex 3.21 -21.642 0.459
endloop
endfacet
facet normal -0.15066561692215844 0.866327297302406 -0.47621096777182076
outer loop
vertex 3.21 -21.642 0.459
vertex 4.255 -21.391 0.585
vertex 4.268 -21.458 0.459
endloop
endfacet
facet normal -0.13680149046035825 0.7866085701470552 -0.6021065599867103
outer loop
vertex 3.21 -21.642 0.459
vertex 4.268 -21.458 0.459
vertex 3.223 -21.727 0.345
endloop
endfacet
facet normal -0.1371931855051122 0.7875630432780013 -0.6007682437626451
outer loop
vertex 3.223 -21.727 0.345
vertex 4.268 -21.458 0.459
vertex 4.285 -21.542 0.345
endloop
endfacet
facet normal -0.12188884528561088 0.699707857801728 -0.7039545604124297
outer loop
vertex 3.223 -21.727 0.345
vertex 4.285 -21.542 0.345
vertex 3.238 -21.826 0.244
endloop
endfacet
facet normal -0.12082136603212686 0.696845392196096 -0.7069714965153828
outer loop
vertex 3.238 -21.826 0.244
vertex 4.285 -21.542 0.345
vertex 4.305 -21.641 0.244
endloop
endfacet
facet normal -0.10207431400875672 0.5887205029586058 -0.801865951276027
outer loop
vertex 3.238 -21.826 0.244
vertex 4.305 -21.641 0.244
vertex 3.254 -21.939 0.159
endloop
endfacet
facet normal -0.10203006359221471 0.5885927862067013 -0.8019653347550636
outer loop
vertex 3.254 -21.939 0.159
vertex 4.305 -21.641 0.244
vertex 4.327 -21.753 0.159
endloop
endfacet
facet normal -0.0823268887110391 0.47492877197282257 -0.8761649073933211
outer loop
vertex 3.254 -21.939 0.159
vertex 4.327 -21.753 0.159
vertex 3.273 -22.063 0.09
endloop
endfacet
facet normal -0.08244998748891515 0.4752999278772817 -0.8759520409947844
outer loop
vertex 3.273 -22.063 0.09
vertex 4.327 -21.753 0.159
vertex 4.351 -21.876 0.09
endloop
endfacet
facet normal -0.05896775493599624 0.33993176374868855 -0.9385995950737002
outer loop
vertex 3.273 -22.063 0.09
vertex 4.351 -21.876 0.09
vertex 3.292 -22.195 0.041
endloop
endfacet
facet normal -0.058820737861655426 0.33947074776540703 -0.9387756559524782
outer loop
vertex 3.292 -22.195 0.041
vertex 4.351 -21.876 0.09
vertex 4.377 -22.007 0.041
endloop
endfacet
facet normal -0.03702112034987022 0.21365912542345444 -0.9762065430897937
outer loop
vertex 3.292 -22.195 0.041
vertex 4.377 -22.007 0.041
vertex 3.313 -22.333 0.01
endloop
endfacet
facet normal -0.0369279774425784 0.21336164744600847 -0.976275131241765
outer loop
vertex 3.313 -22.333 0.01
vertex 4.377 -22.007 0.041
vertex 4.405 -22.144 0.01
endloop
endfacet
facet normal -0.011937143630632087 0.0689701631992076 -0.9975473027331668
outer loop
vertex 3.313 -22.333 0.01
vertex 4.405 -22.144 0.01
vertex 3.334 -22.474 0.0
endloop
endfacet
facet normal -0.012075452560504997 0.06941804665672546 -0.9975145704418676
outer loop
vertex 3.334 -22.474 0.0
vertex 4.405 -22.144 0.01
vertex 4.432 -22.283 0.0
endloop
endfacet
facet normal 0.0 0.0 -1.0
outer loop
vertex 4.432 -22.283 0.0
vertex 5.521 -22.039 0.0
vertex 6.828 -34.327 0.0
endloop
endfacet
facet normal 0.0 0.0 -1.0
outer loop
vertex 6.828 -34.327 0.0
vertex 5.521 -22.039 0.0
vertex 8.504 -33.951 0.0
endloop
endfacet
facet normal 0.21890260409966997 -0.9757467140187474 0.0
outer loop
vertex 6.828 -34.327 0.0
vertex 8.504 -33.951 0.0
vertex 6.828 -34.327 3.0
endloop
endfacet
facet normal 0.21890260409966997 -0.9757467140187474 0.0
outer loop
vertex 6.828 -34.327 3.0
vertex 8.504 -33.951 0.0
vertex 8.504 -33.951 3.0
endloop
endfacet
facet normal 0.0 -0.0 1.0
outer loop
vertex 6.828 -34.327 3.0
vertex 8.504 -33.951 3.0
vertex 5.861 -29.463 3.0
endloop
endfacet
facet normal -0.0 -0.0 1.0
outer loop
vertex 5.861 -29.463 3.0
vertex 8.504 -33.951 3.0
vertex 7.299 -29.14 3.0
endloop
endfacet
facet normal 0.2191569848298455 -0.9756896104808593 0.0
outer loop
vertex 5.861 -29.463 3.0
vertex 7.299 -29.14 3.0
vertex 5.861 -29.463 52.0
endloop
endfacet
facet normal 0.2191569848298455 -0.9756896104808593 0.0
outer loop
vertex 5.861 -29.463 52.0
vertex 7.299 -29.14 3.0
vertex 7.299 -29.14 52.0
endloop
endfacet
facet normal 0.15495915560882276 -0.6898800797693094 0.7071443527530229
outer loop
vertex 5.861 -29.463 52.0
vertex 7.299 -29.14 52.0
vertex 5.665 -28.482 53.0
endloop
endfacet
facet normal 0.15478401218427695 -0.6900787209882401 0.7069888743193715
outer loop
vertex 5.665 -28.482 53.0
vertex 7.299 -29.14 52.0
vertex 7.056 -28.17 53.0
endloop
endfacet
facet normal 0.0 -0.0 1.0
outer loop
vertex 5.665 -28.482 53.0
vertex 7.056 -28.17 53.0
vertex 4.237 -21.303 53.0
endloop
endfacet
facet normal -0.0 -0.0 0.9999999999999999
outer loop
vertex 4.237 -21.303 53.0
vertex 7.056 -28.17 53.0
vertex 5.278 -21.069 53.0
endloop
endfacet
facet normal -0.21931147526543562 0.9756548963731482 0.0
outer loop
vertex 4.237 -21.303 53.0
vertex 5.278 -21.069 53.0
vertex 4.237 -21.303 1.0
endloop
endfacet
facet normal -0.21931147526543562 0.9756548963731482 0.0
outer loop
vertex 4.237 -21.303 1.0
vertex 5.278 -21.069 53.0
vertex 5.278 -21.069 1.0
endloop
endfacet
facet normal -0.21874839707739763 0.9731499203314922 -0.07161264786949097
outer loop
vertex 4.237 -21.303 1.0
vertex 5.278 -21.069 1.0
vertex 4.239 -21.313 0.858
endloop
endfacet
facet normal -0.21874839707739394 0.9731499203314911 -0.07161264786951665
outer loop
vertex 4.239 -21.313 0.858
vertex 5.278 -21.069 1.0
vertex 5.28 -21.079 0.858
endloop
endfacet
facet normal -0.21456503069442617 0.9545393032175189 -0.20692164269624705
outer loop
vertex 4.239 -21.313 0.858
vertex 5.28 -21.079 0.858
vertex 4.245 -21.342 0.718
endloop
endfacet
facet normal -0.21430083297836341 0.9542797776216082 -0.20838728129910736
outer loop
vertex 4.245 -21.342 0.718
vertex 5.28 -21.079 0.858
vertex 5.287 -21.108 0.718
endloop
endfacet
facet normal -0.2050964787038539 0.9132928667069117 -0.35189710718553907
outer loop
vertex 4.245 -21.342 0.718
vertex 5.287 -21.108 0.718
vertex 4.255 -21.391 0.585
endloop
endfacet
facet normal -0.2044997944554447 0.9123836983396839 -0.35459247182037196
outer loop
vertex 4.255 -21.391 0.585
vertex 5.287 -21.108 0.718
vertex 5.299 -21.157 0.585
endloop
endfacet
facet normal -0.19232966616296196 0.8580862028809141 -0.47612747026301516
outer loop
vertex 4.255 -21.391 0.585
vertex 5.299 -21.157 0.585
vertex 4.268 -21.458 0.459
endloop
endfacet
facet normal -0.19247471024672594 0.85835530356838 -0.4755834929341781
outer loop
vertex 4.268 -21.458 0.459
vertex 5.299 -21.157 0.585
vertex 5.316 -21.223 0.459
endloop
endfacet
facet normal -0.17490674831372185 0.7800096690756636 -0.6008265519622066
outer loop
vertex 4.268 -21.458 0.459
vertex 5.316 -21.223 0.459
vertex 4.285 -21.542 0.345
endloop
endfacet
facet normal -0.1750534709231457 0.7803230991997825 -0.6003766677453464
outer loop
vertex 4.285 -21.542 0.345
vertex 5.316 -21.223 0.459
vertex 5.337 -21.306 0.345
endloop
endfacet
facet normal -0.1547991828321946 0.6900370353367297 -0.7070262391581955
outer loop
vertex 4.285 -21.542 0.345
vertex 5.337 -21.306 0.345
vertex 4.305 -21.641 0.244
endloop
endfacet
facet normal -0.1549397266006754 0.6903643514359257 -0.7066758403874874
outer loop
vertex 4.305 -21.641 0.244
vertex 5.337 -21.306 0.345
vertex 5.361 -21.404 0.244
endloop
endfacet
facet normal -0.13082418102600582 0.5829128065968908 -0.8019337214285297
outer loop
vertex 4.305 -21.641 0.244
vertex 5.361 -21.404 0.244
vertex 4.327 -21.753 0.159
endloop
endfacet
facet normal -0.1303950659470335 0.5818468909065121 -0.8027772557310615
outer loop
vertex 4.327 -21.753 0.159
vertex 5.361 -21.404 0.244
vertex 5.389 -21.515 0.159
endloop
endfacet
facet normal -0.10550490830186374 0.4707824059520148 -0.8759181700194646
outer loop
vertex 4.327 -21.753 0.159
vertex 5.389 -21.515 0.159
vertex 4.351 -21.876 0.09
endloop
endfacet
facet normal -0.10595777483123955 0.47195358872747556 -0.8752329747216276
outer loop
vertex 4.351 -21.876 0.09
vertex 5.389 -21.515 0.159
vertex 5.42 -21.636 0.09
endloop
endfacet
facet normal -0.07547210189526372 0.336165320525151 -0.938774115062688
outer loop
vertex 4.351 -21.876 0.09
vertex 5.42 -21.636 0.09
vertex 4.377 -22.007 0.041
endloop
endfacet
facet normal -0.0752010795861267 0.33544050022856897 -0.9390550933973408
outer loop
vertex 4.377 -22.007 0.041
vertex 5.42 -21.636 0.09
vertex 5.452 -21.766 0.041
endloop
endfacet
facet normal -0.04735556627070562 0.21123333502492897 -0.9762878307740127
outer loop
vertex 4.377 -22.007 0.041
vertex 5.452 -21.766 0.041
vertex 4.405 -22.144 0.01
endloop
endfacet
facet normal -0.047684428359554776 0.21212702492460495 -0.9760780299692533
outer loop
vertex 4.405 -22.144 0.01
vertex 5.452 -21.766 0.041
vertex 5.486 -21.901 0.01
endloop
endfacet
facet normal -0.015456941530459685 0.06876112672603708 -0.9975134036241767
outer loop
vertex 4.405 -22.144 0.01
vertex 5.486 -21.901 0.01
vertex 4.432 -22.283 0.0
endloop
endfacet
facet normal -0.015325323072820106 0.06839867551762747 -0.9975403528981412
outer loop
vertex 4.432 -22.283 0.0
vertex 5.486 -21.901 0.01
vertex 5.521 -22.039 0.0
endloop
endfacet
facet normal 0.0 0.0 -1.0
outer loop
vertex 5.521 -22.039 0.0
vertex 6.595 -21.742 0.0
vertex 8.504 -33.951 0.0
endloop
endfacet
facet normal 0.0 0.0 -1.0
outer loop
vertex 8.504 -33.951 0.0
vertex 6.595 -21.742 0.0
vertex 10.16 -33.493 0.0
endloop
endfacet
facet normal 0.2665630479668493 -0.9638174834783934 0.0
outer loop
vertex 8.504 -33.951 0.0
vertex 10.16 -33.493 0.0
vertex 8.504 -33.951 3.0
endloop
endfacet
facet normal 0.2665630479668493 -0.9638174834783934 0.0
outer loop
vertex 8.504 -33.951 3.0
vertex 10.16 -33.493 0.0
vertex 10.16 -33.493 3.0
endloop
endfacet
facet normal 0.0 -0.0 1.0
outer loop
vertex 8.504 -33.951 3.0
vertex 10.16 -33.493 3.0
vertex 7.299 -29.14 3.0
endloop
endfacet
facet normal -0.0 -0.0 1.0
outer loop
vertex 7.299 -29.14 3.0
vertex 10.16 -33.493 3.0
vertex 8.72 -28.746 3.0
endloop
endfacet
facet normal 0.26718914647834197 -0.9636441044307671 0.0
outer loop
vertex 7.299 -29.14 3.0
vertex 8.72 -28.746 3.0
vertex 7.299 -29.14 52.0
endloop
endfacet
facet normal 0.26718914647834197 -0.9636441044307671 0.0
outer loop
vertex 7.299 -29.14 52.0
vertex 8.72 -28.746 3.0
vertex 8.72 -28.746 52.0
endloop
endfacet
facet normal 0.1889632136118323 -0.6815145343716053 0.7069871592481316
outer loop
vertex 7.299 -29.14 52.0
vertex 8.72 -28.746 52.0
vertex 7.056 -28.17 53.0
endloop
endfacet
facet normal 0.1886065595876545 -0.6819616128248301 0.7066512041409573
outer loop
vertex 7.056 -28.17 53.0
vertex 8.72 -28.746 52.0
vertex 8.43 -27.79 53.0
endloop
endfacet
facet normal 0.0 -0.0 1.0
outer loop
vertex 7.056 -28.17 53.0
vertex 8.43 -27.79 53.0
vertex 5.278 -21.069 53.0
endloop
endfacet
facet normal -0.0 -0.0 1.0
outer loop
vertex 5.278 -21.069 53.0
vertex 8.43 -27.79 53.0
vertex 6.305 -20.785 53.0
endloop
endfacet
facet normal -0.2665304078717941 0.9638265101561043 0.0
outer loop
vertex 5.278 -21.069 53.0
vertex 6.305 -20.785 53.0
vertex 5.278 -21.069 1.0
endloop
endfacet
facet normal -0.2665304078717941 0.9638265101561043 0.0
outer loop
vertex 5.278 -21.069 1.0
vertex 6.305 -20.785 53.0
vertex 6.305 -20.785 1.0
endloop
endfacet
facet normal -0.26584928109378797 0.9613634214201455 -0.07144600546754018
outer loop
vertex 5.278 -21.069 1.0
vertex 6.305 -20.785 1.0
vertex 5.28 -21.079 0.858
endloop
endfacet
facet normal -0.2665676791719266 0.9615142953990887 -0.06657275842329533
outer loop
vertex 5.28 -21.079 0.858
vertex 6.305 -20.785 1.0
vertex 6.308 -20.794 0.858
endloop
endfacet
facet normal -0.2613001808815715 0.9425143366535272 -0.2083001216365937
outer loop
vertex 5.28 -21.079 0.858
vertex 6.308 -20.794 0.858
vertex 5.287 -21.108 0.718
endloop
endfacet
facet normal -0.25939985432898494 0.9407811618269564 -0.21827166816979077
outer loop
vertex 5.287 -21.108 0.718
vertex 6.308 -20.794 0.858
vertex 6.317 -20.824 0.718
endloop
endfacet
facet normal -0.24854398658213767 0.9014095288014183 -0.3545232687989086
outer loop
vertex 5.287 -21.108 0.718
vertex 6.317 -20.824 0.718
vertex 5.299 -21.157 0.585
endloop
endfacet
facet normal -0.2505799872014746 0.9041907230486734 -0.3459028857451555
outer loop
vertex 5.299 -21.157 0.585
vertex 6.317 -20.824 0.718
vertex 6.331 -20.871 0.585
endloop
endfacet
facet normal -0.2349124640621398 0.8476561640284166 -0.4757049104359592
outer loop
vertex 5.299 -21.157 0.585
vertex 6.331 -20.871 0.585
vertex 5.316 -21.223 0.459
endloop
endfacet
facet normal -0.23365639716488906 0.8455747240058112 -0.4800084105371696
outer loop
vertex 5.316 -21.223 0.459
vertex 6.331 -20.871 0.585
vertex 6.351 -20.937 0.459
endloop
endfacet
facet normal -0.21299209798172597 0.7707930818569513 -0.6004268408047777
outer loop
vertex 5.316 -21.223 0.459
vertex 6.351 -20.937 0.459
vertex 5.337 -21.306 0.345
endloop
endfacet
facet normal -0.21438290727971948 0.7734161134153767 -0.5965462970933173
outer loop
vertex 5.337 -21.306 0.345
vertex 6.351 -20.937 0.459
vertex 6.376 -21.018 0.345
endloop
endfacet
facet normal -0.18902109852537258 0.6819198658606321 -0.706580724940101
outer loop
vertex 5.337 -21.306 0.345
vertex 6.376 -21.018 0.345
vertex 5.361 -21.404 0.244
endloop
endfacet
facet normal -0.18844034035715207 0.6807325790064561 -0.7078795052869518
outer loop
vertex 5.361 -21.404 0.244
vertex 6.376 -21.018 0.345
vertex 6.405 -21.115 0.244
endloop
endfacet
facet normal -0.1590699993568474 0.5746334924863249 -0.802803266446756
outer loop
vertex 5.361 -21.404 0.244
vertex 6.405 -21.115 0.244
vertex 5.389 -21.515 0.159
endloop
endfacet
facet normal -0.15991602980333647 0.5764670627618546 -0.801319280288861
outer loop
vertex 5.389 -21.515 0.159
vertex 6.405 -21.115 0.244
vertex 6.438 -21.224 0.159
endloop
endfacet
facet normal -0.12927430690745367 0.4660094431131226 -0.8752847265335976
outer loop
vertex 5.389 -21.515 0.159
vertex 6.438 -21.224 0.159
vertex 5.42 -21.636 0.09
endloop
endfacet
facet normal -0.12849836536613385 0.46426635431942487 -0.876324667201136
outer loop
vertex 5.42 -21.636 0.09
vertex 6.438 -21.224 0.159
vertex 6.475 -21.344 0.09
endloop
endfacet
facet normal -0.09171496410131395 0.3313674216674207 -0.9390335442450288
outer loop
vertex 5.42 -21.636 0.09
vertex 6.475 -21.344 0.09
vertex 5.452 -21.766 0.041
endloop
endfacet
facet normal -0.09201119385668433 0.3320540023195343 -0.9387619931317238
outer loop
vertex 5.452 -21.766 0.041
vertex 6.475 -21.344 0.09
vertex 6.513 -21.472 0.041
endloop
endfacet
facet normal -0.0580561111429054 0.20951542150552133 -0.976080312325951
outer loop
vertex 5.452 -21.766 0.041
vertex 6.513 -21.472 0.041
vertex 5.486 -21.901 0.01
endloop
endfacet
facet normal -0.0580901326861525 0.20959547874598322 -0.9760611004305761
outer loop
vertex 5.486 -21.901 0.01
vertex 6.513 -21.472 0.041
vertex 6.554 -21.605 0.01
endloop
endfacet
facet normal -0.018718440089772123 0.06753815545904283 -0.997541085649005
outer loop
vertex 5.486 -21.901 0.01
vertex 6.554 -21.605 0.01
vertex 5.521 -22.039 0.0
endloop
endfacet
facet normal -0.01859687871342866 0.0672493189839136 -0.9975628728046758
outer loop
vertex 5.521 -22.039 0.0
vertex 6.554 -21.605 0.01
vertex 6.595 -21.742 0.0
endloop
endfacet
facet normal 0.0 0.0 -0.9999999999999999
outer loop
vertex 6.595 -21.742 0.0
vertex 7.654 -21.392 0.0
vertex 10.16 -33.493 0.0
endloop
endfacet
facet normal 0.0 0.0 -1.0
outer loop
vertex 10.16 -33.493 0.0
vertex 7.654 -21.392 0.0
vertex 11.791 -32.954 0.0
endloop
endfacet
facet normal 0.3137816638127325 -0.94949516452424 0.0
outer loop
vertex 10.16 -33.493 0.0
vertex 11.791 -32.954 0.0
vertex 10.16 -33.493 3.0
endloop
endfacet
facet normal 0.3137816638127325 -0.94949516452424 0.0
outer loop
vertex 10.16 -33.493 3.0
vertex 11.791 -32.954 0.0
vertex 11.791 -32.954 3.0
endloop
endfacet
facet normal 0.0 -0.0 1.0
outer loop
vertex 10.16 -33.493 3.0
vertex 11.791 -32.954 3.0
vertex 8.72 -28.746 3.0
endloop
endfacet
facet normal -0.0 -0.0 1.0
outer loop
vertex 8.72 -28.746 3.0
vertex 11.791 -32.954 3.0
vertex 10.12 -28.284 3.0
endloop
endfacet
facet normal 0.31337745420390195 -0.9496286491027328 0.0
outer loop
vertex 8.72 -28.746 3.0
vertex 10.12 -28.284 3.0
vertex 8.72 -28.746 52.0
endloop
endfacet
facet normal 0.31337745420390195 -0.9496286491027328 0.0
outer loop
vertex 8.72 -28.746 52.0
vertex 10.12 -28.284 3.0
vertex 10.12 -28.284 52.0
endloop
endfacet
facet normal 0.221732693353672 -0.6719172525868845 0.7066553745456263
outer loop
vertex 8.72 -28.746 52.0
vertex 10.12 -28.284 52.0
vertex 8.43 -27.79 53.0
endloop
endfacet
facet normal 0.222246476852099 -0.6712042035287714 0.70717142242326
outer loop
vertex 8.43 -27.79 53.0
vertex 10.12 -28.284 52.0
vertex 9.783 -27.342 53.0
endloop
endfacet
facet normal 0.0 -0.0 1.0
outer loop
vertex 8.43 -27.79 53.0
vertex 9.783 -27.342 53.0
vertex 6.305 -20.785 53.0
endloop
endfacet
facet normal -0.0 -0.0 0.9999999999999999
outer loop
vertex 6.305 -20.785 53.0
vertex 9.783 -27.342 53.0
vertex 7.317 -20.45 53.0
endloop
endfacet
facet normal -0.3142571142622559 0.9493379093534396 0.0
outer loop
vertex 6.305 -20.785 53.0
vertex 7.317 -20.45 53.0
vertex 6.305 -20.785 1.0
endloop
endfacet
facet normal -0.3142571142622559 0.9493379093534396 0.0
outer loop
vertex 6.305 -20.785 1.0
vertex 7.317 -20.45 53.0
vertex 7.317 -20.45 1.0
endloop
endfacet
facet normal -0.31355812867655786 0.9472263469273907 -0.0666599401998351
outer loop
vertex 6.305 -20.785 1.0
vertex 7.317 -20.45 1.0
vertex 6.308 -20.794 0.858
endloop
endfacet
facet normal -0.31223886262344297 0.9469999037052337 -0.07548559498272851
outer loop
vertex 6.308 -20.794 0.858
vertex 7.317 -20.45 1.0
vertex 7.321 -20.46 0.858
endloop
endfacet
facet normal -0.3055836947016183 0.9268152177626935 -0.21824792703711804
outer loop
vertex 6.308 -20.794 0.858
vertex 7.321 -20.46 0.858
vertex 6.317 -20.824 0.718
endloop
endfacet
facet normal -0.30768376207190834 0.928545639109861 -0.20768653939852985
outer loop
vertex 6.317 -20.824 0.718
vertex 7.321 -20.46 0.858
vertex 7.331 -20.488 0.718
endloop
endfacet
facet normal -0.29513554235010375 0.8906769045922722 -0.3458173842762082
outer loop
vertex 6.317 -20.824 0.718
vertex 7.331 -20.488 0.718
vertex 6.331 -20.871 0.585
endloop
endfacet
facet normal -0.29366981606251213 0.8888756039749285 -0.3516506786457497
outer loop
vertex 6.331 -20.871 0.585
vertex 7.331 -20.488 0.718
vertex 7.348 -20.535 0.585
endloop
endfacet
facet normal -0.27520312198171604 0.8329808781410901 -0.480006352356732
outer loop
vertex 6.331 -20.871 0.585
vertex 7.348 -20.535 0.585
vertex 6.351 -20.937 0.459
endloop
endfacet
facet normal -0.2752173556777404 0.8330020854341114 -0.47996138677624217
outer loop
vertex 6.351 -20.937 0.459
vertex 7.348 -20.535 0.585
vertex 7.371 -20.6 0.459
endloop
endfacet
facet normal -0.2517593977475866 0.7620017379897289 -0.596632681761907
outer loop
vertex 6.351 -20.937 0.459
vertex 7.371 -20.6 0.459
vertex 6.376 -21.018 0.345
endloop
endfacet
facet normal -0.25122181257682535 0.7610980357357053 -0.5980111879261668
outer loop
vertex 6.376 -21.018 0.345
vertex 7.371 -20.6 0.459
vertex 7.4 -20.68 0.345
endloop
endfacet
facet normal -0.22141740486211922 0.6708030253810929 -0.7078118633957028
outer loop
vertex 6.376 -21.018 0.345
vertex 7.4 -20.68 0.345
vertex 6.405 -21.115 0.244
endloop
endfacet
facet normal -0.22198659350043942 0.6718358962116242 -0.7066530130605787
outer loop
vertex 6.405 -21.115 0.244
vertex 7.4 -20.68 0.345
vertex 7.434 -20.775 0.244
endloop
endfacet
facet normal -0.18769317635015428 0.5680478778362024 -0.8013069823964949
outer loop
vertex 6.405 -21.115 0.244
vertex 7.434 -20.775 0.244
vertex 6.438 -21.224 0.159
endloop
endfacet
facet normal -0.18671879592373045 0.5661795747364715 -0.8028553919604828
outer loop
vertex 6.438 -21.224 0.159
vertex 7.434 -20.775 0.244
vertex 7.472 -20.883 0.159
endloop
endfacet
facet normal -0.15084571994336599 0.45740315079601174 -0.8763720251221216
outer loop
vertex 6.438 -21.224 0.159
vertex 7.472 -20.883 0.159
vertex 6.475 -21.344 0.09
endloop
endfacet
facet normal -0.1512927357427732 0.45828907415959613 -0.8758319659714455
outer loop
vertex 6.475 -21.344 0.09
vertex 7.472 -20.883 0.159
vertex 7.514 -21.001 0.09
endloop
endfacet
facet normal -0.1080439574490293 0.3272818419520161 -0.9387295133249236
outer loop
vertex 6.475 -21.344 0.09
vertex 7.514 -21.001 0.09
vertex 6.513 -21.472 0.041
endloop
endfacet
facet normal -0.10774680900115106 0.3266758325078355 -0.9389747204293531
outer loop
vertex 6.513 -21.472 0.041
vertex 7.514 -21.001 0.09
vertex 7.559 -21.127 0.041
endloop
endfacet
facet normal -0.06811221078134616 0.20650832602112348 -0.9760712258982082
outer loop
vertex 6.513 -21.472 0.041
vertex 7.559 -21.127 0.041
vertex 6.554 -21.605 0.01
endloop
endfacet
facet normal -0.06812522062732204 0.20653525100847978 -0.976064621019194
outer loop
vertex 6.554 -21.605 0.01
vertex 7.559 -21.127 0.041
vertex 7.606 -21.258 0.01
endloop
endfacet
facet normal -0.021859921049509415 0.06627272894548648 -0.9975620628561549
outer loop
vertex 6.554 -21.605 0.01
vertex 7.606 -21.258 0.01
vertex 6.595 -21.742 0.0
endloop
endfacet
facet normal -0.021999098156545452 0.06656298556509012 -0.9975396777236283
outer loop
vertex 6.595 -21.742 0.0
vertex 7.606 -21.258 0.01
vertex 7.654 -21.392 0.0
endloop
endfacet
facet normal 0.0 0.0 -1.0
outer loop
vertex 7.654 -21.392 0.0
vertex 8.695 -20.991 0.0
vertex 11.791 -32.954 0.0
endloop
endfacet
facet normal 0.0 0.0 -1.0
outer loop
vertex 11.791 -32.954 0.0
vertex 8.695 -20.991 0.0
vertex 13.394 -32.336 0.0
endloop
endfacet
facet normal 0.3597200569133035 -0.9330602770744716 0.0
outer loop
vertex 11.791 -32.954 0.0
vertex 13.394 -32.336 0.0
vertex 11.791 -32.954 3.0
endloop
endfacet
facet normal 0.3597200569133035 -0.9330602770744716 0.0
outer loop
vertex 11.791 -32.954 3.0
vertex 13.394 -32.336 0.0
vertex 13.394 -32.336 3.0
endloop
endfacet
facet normal 0.0 -0.0 1.0
outer loop
vertex 11.791 -32.954 3.0
vertex 13.394 -32.336 3.0
vertex 10.12 -28.284 3.0
endloop
endfacet
facet normal -0.0 -0.0 0.9999999999999999
outer loop
vertex 10.12 -28.284 3.0
vertex 13.394 -32.336 3.0
vertex 11.496 -27.753 3.0
endloop
endfacet
facet normal 0.3600238300016477 -0.9329431074995648 0.0
outer loop
vertex 10.12 -28.284 3.0
vertex 11.496 -27.753 3.0
vertex 10.12 -28.284 52.0
endloop
endfacet
facet normal 0.3600238300016477 -0.9329431074995648 0.0
outer loop
vertex 10.12 -28.284 52.0
vertex 11.496 -27.753 3.0
vertex 11.496 -27.753 52.0
endloop
endfacet
facet normal 0.2545548706299388 -0.6596374802011241 0.7071634977517484
outer loop
vertex 10.12 -28.284 52.0
vertex 11.496 -27.753 52.0
vertex 9.783 -27.342 53.0
endloop
endfacet
facet normal 0.2544775817653895 -0.6597566934658271 0.7070800985785684
outer loop
vertex 9.783 -27.342 53.0
vertex 11.496 -27.753 52.0
vertex 11.113 -26.829 53.0
endloop
endfacet
facet normal 0.0 -0.0 1.0
outer loop
vertex 9.783 -27.342 53.0
vertex 11.113 -26.829 53.0
vertex 7.317 -20.45 53.0
endloop
endfacet
facet normal -0.0 -0.0 1.0
outer loop
vertex 7.317 -20.45 53.0
vertex 11.113 -26.829 53.0
vertex 8.312 -20.067 53.0
endloop
endfacet
facet normal -0.3592304725007866 0.933248877645648 0.0
outer loop
vertex 7.317 -20.45 53.0
vertex 8.312 -20.067 53.0
vertex 7.317 -20.45 1.0
endloop
endfacet
facet normal -0.3592304725007866 0.933248877645648 0.0
outer loop
vertex 7.317 -20.45 1.0
vertex 8.312 -20.067 53.0
vertex 8.312 -20.067 1.0
endloop
endfacet
facet normal -0.35820178897120475 0.9305764491549591 -0.07562374399602612
outer loop
vertex 7.317 -20.45 1.0
vertex 8.312 -20.067 1.0
vertex 7.321 -20.46 0.858
endloop
endfacet
facet normal -0.3591861994883575 0.930703824195093 -0.06910619165993002
outer loop
vertex 7.321 -20.46 0.858
vertex 8.312 -20.067 1.0
vertex 8.316 -20.076 0.858
endloop
endfacet
facet normal -0.3521971159856642 0.9125940895982706 -0.20767575477576627
outer loop
vertex 7.321 -20.46 0.858
vertex 8.316 -20.076 0.858
vertex 7.331 -20.488 0.718
endloop
endfacet
facet normal -0.3517045048704412 0.9122335595077057 -0.21008063728420817
outer loop
vertex 7.331 -20.488 0.718
vertex 8.316 -20.076 0.858
vertex 8.327 -20.104 0.718
endloop
endfacet
facet normal -0.3367494557706968 0.8734439009052436 -0.351703790155253
outer loop
vertex 7.331 -20.488 0.718
vertex 8.327 -20.104 0.718
vertex 7.348 -20.535 0.585
endloop
endfacet
facet normal -0.337101562526901 0.8738372971476517 -0.35038680719400445
outer loop
vertex 7.348 -20.535 0.585
vertex 8.327 -20.104 0.718
vertex 8.346 -20.15 0.585
endloop
endfacet
facet normal -0.31576547525834636 0.8185297254748791 -0.47989712767309806
outer loop
vertex 7.348 -20.535 0.585
vertex 8.346 -20.15 0.585
vertex 7.371 -20.6 0.459
endloop
endfacet
facet normal -0.3165390733007604 0.8195662828097189 -0.47761294282646477
outer loop
vertex 7.371 -20.6 0.459
vertex 8.346 -20.15 0.585
vertex 8.373 -20.213 0.459
endloop
endfacet
facet normal -0.2887461560782588 0.7476063265902189 -0.5980889881884711
outer loop
vertex 7.371 -20.6 0.459
vertex 8.373 -20.213 0.459
vertex 7.4 -20.68 0.345
endloop
endfacet
facet normal -0.2884640236497424 0.7471812983711139 -0.5987558888430721
outer loop
vertex 7.4 -20.68 0.345
vertex 8.373 -20.213 0.459
vertex 8.405 -20.292 0.345
endloop
endfacet
facet normal -0.25483592653019577 0.6600775932032158 -0.7066514144191225
outer loop
vertex 7.4 -20.68 0.345
vertex 8.405 -20.292 0.345
vertex 7.434 -20.775 0.244
endloop
endfacet
facet normal -0.25321881005001123 0.6574575787930899 -0.7096687722623735
outer loop
vertex 7.434 -20.775 0.244
vertex 8.405 -20.292 0.345
vertex 8.444 -20.386 0.244
endloop
endfacet
facet normal -0.2143046478883669 0.5564208081420337 -0.8027885164599761
outer loop
vertex 7.434 -20.775 0.244
vertex 8.444 -20.386 0.244
vertex 7.472 -20.883 0.159
endloop
endfacet
facet normal -0.21541012909250506 0.5583078856071053 -0.8011808666919559
outer loop
vertex 7.472 -20.883 0.159
vertex 8.444 -20.386 0.244
vertex 8.488 -20.491 0.159
endloop
endfacet
facet normal -0.17373466106014757 0.4502918766252807 -0.8758159015407282
outer loop
vertex 7.472 -20.883 0.159
vertex 8.488 -20.491 0.159
vertex 7.514 -21.001 0.09
endloop
endfacet
facet normal -0.17330265968981584 0.449531264474596 -0.8762920919444078
outer loop
vertex 7.514 -21.001 0.09
vertex 8.488 -20.491 0.159
vertex 8.536 -20.607 0.09
endloop
endfacet
facet normal -0.12373769104847065 0.3209642645978079 -0.938973335438862
outer loop
vertex 7.514 -21.001 0.09
vertex 8.536 -20.607 0.09
vertex 7.559 -21.127 0.041
endloop
endfacet
facet normal -0.12444837758640566 0.32224919939250746 -0.9384391588201121
outer loop
vertex 7.559 -21.127 0.041
vertex 8.536 -20.607 0.09
vertex 8.587 -20.73 0.041
endloop
endfacet
facet normal -0.0783453192368579 0.2028689878475824 -0.976066690715021
outer loop
vertex 7.559 -21.127 0.041
vertex 8.587 -20.73 0.041
vertex 7.606 -21.258 0.01
endloop
endfacet
facet normal -0.07813331756397278 0.20248082797280312 -0.976164278689758
outer loop
vertex 7.606 -21.258 0.01
vertex 8.587 -20.73 0.041
vertex 8.64 -20.859 0.01
endloop
endfacet
facet normal -0.02523767682703311 0.06540290185251235 -0.9975397335934267
outer loop
vertex 7.606 -21.258 0.01
vertex 8.64 -20.859 0.01
vertex 7.654 -21.392 0.0
endloop
endfacet
facet normal -0.025084962917454053 0.06512081395777977 -0.997562040288676
outer loop
vertex 7.654 -21.392 0.0
vertex 8.64 -20.859 0.01
vertex 8.695 -20.991 0.0
endloop
endfacet
facet normal 0.0 0.0 -1.0
outer loop
vertex 8.695 -20.991 0.0
vertex 9.714 -20.539 0.0
vertex 13.394 -32.336 0.0
endloop
endfacet
facet normal 0.0 0.0 -1.0
outer loop
vertex 13.394 -32.336 0.0
vertex 9.714 -20.539 0.0
vertex 14.964 -31.64 0.0
endloop
endfacet
facet normal 0.4052738537934065 -0.9141953311144401 0.0
outer loop
vertex 13.394 -32.336 0.0
vertex 14.964 -31.64 0.0
vertex 13.394 -32.336 3.0
endloop
endfacet
facet normal 0.4052738537934065 -0.9141953311144401 0.0
outer loop
vertex 13.394 -32.336 3.0
vertex 14.964 -31.64 0.0
vertex 14.964 -31.64 3.0
endloop
endfacet
facet normal 0.0 -0.0 1.0
outer loop
vertex 13.394 -32.336 3.0
vertex 14.964 -31.64 3.0
vertex 11.496 -27.753 3.0
endloop
endfacet
facet normal -0.0 -0.0 1.0
outer loop
vertex 11.496 -27.753 3.0
vertex 14.964 -31.64 3.0
vertex 12.844 -27.156 3.0
endloop
endfacet
facet normal 0.4049423604534112 -0.91434221422311 0.0
outer loop
vertex 11.496 -27.753 3.0
vertex 12.844 -27.156 3.0
vertex 11.496 -27.753 52.0
endloop
endfacet
facet normal 0.4049423604534112 -0.91434221422311 0.0
outer loop
vertex 11.496 -27.753 52.0
vertex 12.844 -27.156 3.0
vertex 12.844 -27.156 52.0
endloop
endfacet
facet normal 0.2863453448436639 -0.646555318005457 0.7070873809121654
outer loop
vertex 11.496 -27.753 52.0
vertex 12.844 -27.156 52.0
vertex 11.113 -26.829 53.0
endloop
endfacet
facet normal 0.28632549704489946 -0.6465894673301614 0.7070641912016826
outer loop
vertex 11.113 -26.829 53.0
vertex 12.844 -27.156 52.0
vertex 12.416 -26.252 53.0
endloop
endfacet
facet normal 0.0 -0.0 0.9999999999999999
outer loop
vertex 11.113 -26.829 53.0
vertex 12.416 -26.252 53.0
vertex 8.312 -20.067 53.0
endloop
endfacet
facet normal -0.0 -0.0 0.9999999999999999
outer loop
vertex 8.312 -20.067 53.0
vertex 12.416 -26.252 53.0
vertex 9.286 -19.635 53.0
endloop
endfacet
facet normal -0.40544171279185426 0.9141208987483042 0.0
outer loop
vertex 8.312 -20.067 53.0
vertex 9.286 -19.635 53.0
vertex 8.312 -20.067 1.0
endloop
endfacet
facet normal -0.40544171279185426 0.9141208987483042 0.0
outer loop
vertex 8.312 -20.067 1.0
vertex 9.286 -19.635 53.0
vertex 9.286 -19.635 1.0
endloop
endfacet
facet normal -0.40447001822854517 0.9119300873949175 -0.0691919074610516
outer loop
vertex 8.312 -20.067 1.0
vertex 9.286 -19.635 1.0
vertex 8.316 -20.076 0.858
endloop
endfacet
facet normal -0.4040420926547198 0.9119005563387724 -0.07202334838253477
outer loop
vertex 8.316 -20.076 0.858
vertex 9.286 -19.635 1.0
vertex 9.291 -19.644 0.858
endloop
endfacet
facet normal -0.3960696983748465 0.8939073053598917 -0.20990122308713438
outer loop
vertex 8.316 -20.076 0.858
vertex 9.291 -19.644 0.858
vertex 8.327 -20.104 0.718
endloop
endfacet
facet normal -0.3962170643885062 0.8940047850059374 -0.2092067930872269
outer loop
vertex 8.327 -20.104 0.718
vertex 9.291 -19.644 0.858
vertex 9.304 -19.671 0.718
endloop
endfacet
facet normal -0.3794988758246157 0.8562826828652421 -0.35037204550728085
outer loop
vertex 8.327 -20.104 0.718
vertex 9.304 -19.671 0.718
vertex 8.346 -20.15 0.585
endloop
endfacet
facet normal -0.3796790576041721 0.8564649709550376 -0.3497307060350781
outer loop
vertex 8.346 -20.15 0.585
vertex 9.304 -19.671 0.718
vertex 9.325 -19.716 0.585
endloop
endfacet
facet normal -0.3560124923988202 0.8030788711024118 -0.4778278267795377
outer loop
vertex 8.346 -20.15 0.585
vertex 9.325 -19.716 0.585
vertex 8.373 -20.213 0.459
endloop
endfacet
facet normal -0.35621283112812835 0.8033213501992921 -0.47727060170690394
outer loop
vertex 8.373 -20.213 0.459
vertex 9.325 -19.716 0.585
vertex 9.354 -19.778 0.459
endloop
endfacet
facet normal -0.32471156514623356 0.7322805641573641 -0.5986046899395758
outer loop
vertex 8.373 -20.213 0.459
vertex 9.354 -19.778 0.459
vertex 8.405 -20.292 0.345
endloop
endfacet
facet normal -0.32430649084896046 0.7317304347301473 -0.5994963476810033
outer loop
vertex 8.405 -20.292 0.345
vertex 9.354 -19.778 0.459
vertex 9.391 -19.855 0.345
endloop
endfacet
facet normal -0.285465909472557 0.64409470649872 -0.709683889904043
outer loop
vertex 8.405 -20.292 0.345
vertex 9.391 -19.855 0.345
vertex 8.444 -20.386 0.244
endloop
endfacet
facet normal -0.2858826686465986 0.6447012345333306 -0.7089650329591006
outer loop
vertex 8.444 -20.386 0.244
vertex 9.391 -19.855 0.345
vertex 9.434 -19.947 0.244
endloop
endfacet
facet normal -0.24255006488077963 0.5469807841274975 -0.8012374728016641
outer loop
vertex 8.444 -20.386 0.244
vertex 9.434 -19.947 0.244
vertex 8.488 -20.491 0.159
endloop
endfacet
facet normal -0.24217978230635456 0.5464147015755637 -0.8017355717093598
outer loop
vertex 8.488 -20.491 0.159
vertex 9.434 -19.947 0.244
vertex 9.483 -20.05 0.159
endloop
endfacet
facet normal -0.19521933977528305 0.4404608686539848 -0.8762896967112415
outer loop
vertex 8.488 -20.491 0.159
vertex 9.483 -20.05 0.159
vertex 8.536 -20.607 0.09
endloop
endfacet
facet normal -0.1963662532227375 0.44226633608724764 -0.875123295632807
outer loop
vertex 8.536 -20.607 0.09
vertex 9.483 -20.05 0.159
vertex 9.536 -20.163 0.09
endloop
endfacet
facet normal -0.1401819887569277 0.31572519990299097 -0.9384383880545217
outer loop
vertex 8.536 -20.607 0.09
vertex 9.536 -20.163 0.09
vertex 8.587 -20.73 0.041
endloop
endfacet
facet normal -0.1389635432725873 0.3137584934428137 -0.939278841150818
outer loop
vertex 8.587 -20.73 0.041
vertex 9.536 -20.163 0.09
vertex 9.594 -20.284 0.041
endloop
endfacet
facet normal -0.08790069998036283 0.1984663786552131 -0.9761580627574858
outer loop
vertex 8.587 -20.73 0.041
vertex 9.594 -20.284 0.041
vertex 8.64 -20.859 0.01
endloop
endfacet
facet normal -0.08814502664659765 0.19886617370379311 -0.9760546599621783
outer loop
vertex 8.64 -20.859 0.01
vertex 9.594 -20.284 0.041
vertex 9.653 -20.41 0.01
endloop
endfacet
facet normal -0.028274905704793074 0.06379171376159304 -0.9975626030293757
outer loop
vertex 8.64 -20.859 0.01
vertex 9.653 -20.41 0.01
vertex 8.695 -20.991 0.0
endloop
endfacet
facet normal -0.02835398116984817 0.06392191772583054 -0.9975520237992963
outer loop
vertex 8.695 -20.991 0.0
vertex 9.653 -20.41 0.01
vertex 9.714 -20.539 0.0
endloop
endfacet
facet normal 0.0 0.0 -1.0
outer loop
vertex 9.714 -20.539 0.0
vertex 10.71 -20.037 0.0
vertex 14.964 -31.64 0.0
endloop
endfacet
facet normal 0.0 0.0 -1.0
outer loop
vertex 14.964 -31.64 0.0
vertex 10.71 -20.037 0.0
vertex 16.499 -30.867 0.0
endloop
endfacet
facet normal 0.4497719141044609 -0.8931434516822083 0.0
outer loop
vertex 14.964 -31.64 0.0
vertex 16.499 -30.867 0.0
vertex 14.964 -31.64 3.0
endloop
endfacet
facet normal 0.4497719141044609 -0.8931434516822083 0.0
outer loop
vertex 14.964 -31.64 3.0
vertex 16.499 -30.867 0.0
vertex 16.499 -30.867 3.0
endloop
endfacet
facet normal 0.0 -0.0 0.9999999999999999
outer loop
vertex 14.964 -31.64 3.0
vertex 16.499 -30.867 3.0
vertex 12.844 -27.156 3.0
endloop
endfacet
facet normal -0.0 -0.0 1.0
outer loop
vertex 12.844 -27.156 3.0
vertex 16.499 -30.867 3.0
vertex 14.161 -26.493 3.0
endloop
endfacet
facet normal 0.44965348668385835 -0.8932030798833204 0.0
outer loop
vertex 12.844 -27.156 3.0
vertex 14.161 -26.493 3.0
vertex 12.844 -27.156 52.0
endloop
endfacet
facet normal 0.44965348668385835 -0.8932030798833204 0.0
outer loop
vertex 12.844 -27.156 52.0
vertex 14.161 -26.493 3.0
vertex 14.161 -26.493 52.0
endloop
endfacet
facet normal 0.3179677708164738 -0.6316192370517283 0.7070739962042129
outer loop
vertex 12.844 -27.156 52.0
vertex 14.161 -26.493 52.0
vertex 12.416 -26.252 53.0
endloop
endfacet
facet normal 0.3180055525776884 -0.6315461285981254 0.7071223062402141
outer loop
vertex 12.416 -26.252 53.0
vertex 14.161 -26.493 52.0
vertex 13.689 -25.611 53.0
endloop
endfacet
facet normal 0.0 -0.0 1.0
outer loop
vertex 12.416 -26.252 53.0
vertex 13.689 -25.611 53.0
vertex 9.286 -19.635 53.0
endloop
endfacet
facet normal -0.0 -0.0 1.0
outer loop
vertex 9.286 -19.635 53.0
vertex 13.689 -25.611 53.0
vertex 10.239 -19.155 53.0
endloop
endfacet
facet normal -0.44983571257027316 0.8931113209988969 0.0
outer loop
vertex 9.286 -19.635 53.0
vertex 10.239 -19.155 53.0
vertex 9.286 -19.635 1.0
endloop
endfacet
facet normal -0.44983571257027316 0.8931113209988969 0.0
outer loop
vertex 9.286 -19.635 1.0
vertex 10.239 -19.155 53.0
vertex 10.239 -19.155 1.0
endloop
endfacet
facet normal -0.4486599094975655 0.890776861981625 -0.07225557257267544
outer loop
vertex 9.286 -19.635 1.0
vertex 10.239 -19.155 1.0
vertex 9.291 -19.644 0.858
endloop
endfacet
facet normal -0.44865990949756296 0.890776861981625 -0.07225557257269223
outer loop
vertex 9.291 -19.644 0.858
vertex 10.239 -19.155 1.0
vertex 10.244 -19.164 0.858
endloop
endfacet
facet normal -0.4398749758434649 0.8733351082892178 -0.20927444721267685
outer loop
vertex 9.291 -19.644 0.858
vertex 10.244 -19.164 0.858
vertex 9.304 -19.671 0.718
endloop
endfacet
facet normal -0.4392163046563807 0.8729424055045547 -0.21227480867007004
outer loop
vertex 9.304 -19.671 0.718
vertex 10.244 -19.164 0.858
vertex 10.258 -19.191 0.718
endloop
endfacet
facet normal -0.42108905501267985 0.8369144968376994 -0.3496543046087504
outer loop
vertex 9.304 -19.671 0.718
vertex 10.258 -19.191 0.718
vertex 9.325 -19.716 0.585
endloop
endfacet
facet normal -0.42107883842789023 0.8369051341726865 -0.3496890164469225
outer loop
vertex 9.325 -19.716 0.585
vertex 10.258 -19.191 0.718
vertex 10.281 -19.235 0.585
endloop
endfacet
facet normal -0.3949799365172967 0.7850328883794903 -0.47719410506768356
outer loop
vertex 9.325 -19.716 0.585
vertex 10.281 -19.235 0.585
vertex 9.354 -19.778 0.459
endloop
endfacet
facet normal -0.39495703936935866 0.7850077801130165 -0.47725435798390026
outer loop
vertex 9.354 -19.778 0.459
vertex 10.281 -19.235 0.585
vertex 10.314 -19.295 0.459
endloop
endfacet
facet normal -0.35968630576844046 0.7149044586701973 -0.5996143564126232
outer loop
vertex 9.354 -19.778 0.459
vertex 10.314 -19.295 0.459
vertex 9.391 -19.855 0.345
endloop
endfacet
facet normal -0.3586972603696572 0.7136889705288809 -0.6016513348682345
outer loop
vertex 9.391 -19.855 0.345
vertex 10.314 -19.295 0.459
vertex 10.354 -19.371 0.345
endloop
endfacet
facet normal -0.3167358709310126 0.6301996770796771 -0.7088912152610186
outer loop
vertex 9.391 -19.855 0.345
vertex 10.354 -19.371 0.345
vertex 9.434 -19.947 0.244
endloop
endfacet
facet normal -0.31863962037303184 0.6326992051349548 -0.7058048654905452
outer loop
vertex 9.434 -19.947 0.244
vertex 10.354 -19.371 0.345
vertex 10.401 -19.46 0.244
endloop
endfacet
facet normal -0.2688161384945303 0.5337683899881145 -0.801766293588341
outer loop
vertex 9.434 -19.947 0.244
vertex 10.401 -19.46 0.244
vertex 9.483 -20.05 0.159
endloop
endfacet
facet normal -0.2696791076251558 0.5349552910441842 -0.8006847166608914
outer loop
vertex 9.483 -20.05 0.159
vertex 10.401 -19.46 0.244
vertex 10.455 -19.56 0.159
endloop
endfacet
facet normal -0.21785941450934926 0.43216194061854396 -0.8750847573752256
outer loop
vertex 9.483 -20.05 0.159
vertex 10.455 -19.56 0.159
vertex 9.536 -20.163 0.09
endloop
endfacet
facet normal -0.21628548866237315 0.4299333494142287 -0.8765716755950657
outer loop
vertex 9.536 -20.163 0.09
vertex 10.455 -19.56 0.159
vertex 10.514 -19.671 0.09
endloop
endfacet
facet normal -0.1541787581034038 0.3064772874494484 -0.9393085663546992
outer loop
vertex 9.536 -20.163 0.09
vertex 10.514 -19.671 0.09
vertex 9.594 -20.284 0.041
endloop
endfacet
facet normal -0.15473854106645565 0.3072888603400541 -0.9389512981084457
outer loop
vertex 9.594 -20.284 0.041
vertex 10.514 -19.671 0.09
vertex 10.577 -19.789 0.041
endloop
endfacet
facet normal -0.09785135309990653 0.19431894969133062 -0.9760457256129835
outer loop
vertex 9.594 -20.284 0.041
vertex 10.577 -19.789 0.041
vertex 9.653 -20.41 0.01
endloop
endfacet
facet normal -0.0974571515079255 0.19374012046756237 -0.9762002199042855
outer loop
vertex 9.653 -20.41 0.01
vertex 10.577 -19.789 0.041
vertex 10.643 -19.912 0.01
endloop
endfacet
facet normal -0.03142432689591572 0.062470047443687754 -0.9975520060886661
outer loop
vertex 9.653 -20.41 0.01
vertex 10.643 -19.912 0.01
vertex 9.714 -20.539 0.0
endloop
endfacet
facet normal -0.03166655883032296 0.06282847130478393 -0.9975218354729634
outer loop
vertex 9.714 -20.539 0.0
vertex 10.643 -19.912 0.01
vertex 10.71 -20.037 0.0
endloop
endfacet
facet normal 0.0 0.0 -1.0
outer loop
vertex 10.71 -20.037 0.0
vertex 11.68 -19.488 0.0
vertex 16.499 -30.867 0.0
endloop
endfacet
facet normal 0.0 0.0 -1.0
outer loop
vertex 16.499 -30.867 0.0
vertex 11.68 -19.488 0.0
vertex 17.994 -30.021 0.0
endloop
endfacet
facet normal 0.4924983926643023 -0.8703133534670595 0.0
outer loop
vertex 16.499 -30.867 0.0
vertex 17.994 -30.021 0.0
vertex 16.499 -30.867 3.0
endloop
endfacet
facet normal 0.4924983926643023 -0.8703133534670595 0.0
outer loop
vertex 16.499 -30.867 3.0
vertex 17.994 -30.021 0.0
vertex 17.994 -30.021 3.0
endloop
endfacet
facet normal 0.0 -0.0 1.0
outer loop
vertex 16.499 -30.867 3.0
vertex 17.994 -30.021 3.0
vertex 14.161 -26.493 3.0
endloop
endfacet
facet normal -0.0 -0.0 1.0
outer loop
vertex 14.161 -26.493 3.0
vertex 17.994 -30.021 3.0
vertex 15.444 -25.766 3.0
endloop
endfacet
facet normal 0.4929954619682252 -0.8700318813001833 0.0
outer loop
vertex 14.161 -26.493 3.0
vertex 15.444 -25.766 3.0
vertex 14.161 -26.493 52.0
endloop
endfacet
facet normal 0.4929954619682252 -0.8700318813001833 0.0
outer loop
vertex 14.161 -26.493 52.0
vertex 15.444 -25.766 3.0
vertex 15.444 -25.766 52.0
endloop
endfacet
facet normal 0.3485896317527459 -0.6151863790079412 0.7071286924722987
outer loop
vertex 14.161 -26.493 52.0
vertex 15.444 -25.766 52.0
vertex 13.689 -25.611 53.0
endloop
endfacet
facet normal 0.34854517448323163 -0.615283871313927 0.7070657812717289
outer loop
vertex 13.689 -25.611 53.0
vertex 15.444 -25.766 52.0
vertex 14.93 -24.908 53.0
endloop
endfacet
facet normal 0.0 -0.0 0.9999999999999999
outer loop
vertex 13.689 -25.611 53.0
vertex 14.93 -24.908 53.0
vertex 10.239 -19.155 53.0
endloop
endfacet
facet normal -0.0 -0.0 0.9999999999999999
outer loop
vertex 10.239 -19.155 53.0
vertex 14.93 -24.908 53.0
vertex 11.166 -18.63 53.0
endloop
endfacet
facet normal -0.4927994035317342 0.8701429468074582 0.0
outer loop
vertex 10.239 -19.155 53.0
vertex 11.166 -18.63 53.0
vertex 10.239 -19.155 1.0
endloop
endfacet
facet normal -0.4927994035317342 0.8701429468074582 0.0
outer loop
vertex 10.239 -19.155 1.0
vertex 11.166 -18.63 53.0
vertex 11.166 -18.63 1.0
endloop
endfacet
facet normal -0.4915092777342365 0.867864953256448 -0.07231218991534528
outer loop
vertex 10.239 -19.155 1.0
vertex 11.166 -18.63 1.0
vertex 10.244 -19.164 0.858
endloop
endfacet
facet normal -0.49098238019879453 0.8678698072847234 -0.07575156723067385
outer loop
vertex 10.244 -19.164 0.858
vertex 11.166 -18.63 1.0
vertex 11.172 -18.639 0.858
endloop
endfacet
facet normal -0.4811882670180349 0.8505575462718762 -0.21215492491136176
outer loop
vertex 10.244 -19.164 0.858
vertex 11.172 -18.639 0.858
vertex 10.258 -19.191 0.718
endloop
endfacet
facet normal -0.48175737002983343 0.8508604501097254 -0.20963380180928293
outer loop
vertex 10.258 -19.191 0.718
vertex 11.172 -18.639 0.858
vertex 11.187 -18.665 0.718
endloop
endfacet
facet normal -0.4616237012071295 0.8153011757061285 -0.34955335984086217
outer loop
vertex 10.258 -19.191 0.718
vertex 11.187 -18.665 0.718
vertex 10.281 -19.235 0.585
endloop
endfacet
facet normal -0.4621205413348171 0.8157127737197916 -0.3479328614356218
outer loop
vertex 10.281 -19.235 0.585
vertex 11.187 -18.665 0.718
vertex 11.213 -18.707 0.585
endloop
endfacet
facet normal -0.43310084493920825 0.7644886126578456 -0.47747337017830255
outer loop
vertex 10.281 -19.235 0.585
vertex 11.213 -18.707 0.585
vertex 10.314 -19.295 0.459
endloop
endfacet
facet normal -0.4328516634756505 0.7642409332443376 -0.4780954228814434
outer loop
vertex 10.314 -19.295 0.459
vertex 11.213 -18.707 0.585
vertex 11.248 -18.766 0.459
endloop
endfacet
facet normal -0.39369070254924654 0.695098518300555 -0.6015361008141189
outer loop
vertex 10.314 -19.295 0.459
vertex 11.248 -18.766 0.459
vertex 10.354 -19.371 0.345
endloop
endfacet
facet normal -0.3951623264625861 0.6967335756050865 -0.5986727489782943
outer loop
vertex 10.354 -19.371 0.345
vertex 11.248 -18.766 0.459
vertex 11.292 -18.839 0.345
endloop
endfacet
facet normal -0.34953138609687184 0.6162790228550113 -0.7057109720856494
outer loop
vertex 10.354 -19.371 0.345
vertex 11.292 -18.839 0.345
vertex 10.401 -19.46 0.244
endloop
endfacet
facet normal -0.34786630512192424 0.6143032317040693 -0.7082517725207307
outer loop
vertex 10.401 -19.46 0.244
vertex 11.292 -18.839 0.345
vertex 11.344 -18.926 0.244
endloop
endfacet
facet normal -0.2951665239620804 0.5212397604798509 -0.8007408040227812
outer loop
vertex 10.401 -19.46 0.244
vertex 11.344 -18.926 0.244
vertex 10.455 -19.56 0.159
endloop
endfacet
facet normal -0.2946730474706835 0.5206257014080937 -0.8013218293093423
outer loop
vertex 10.455 -19.56 0.159
vertex 11.344 -18.926 0.244
vertex 11.402 -19.024 0.159
endloop
endfacet
facet normal -0.2370787497574115 0.4188686119781146 -0.876551625583451
outer loop
vertex 10.455 -19.56 0.159
vertex 11.402 -19.024 0.159
vertex 10.514 -19.671 0.09
endloop
endfacet
facet normal -0.23804176615639527 0.42009963545749135 -0.8757010984654677
outer loop
vertex 10.514 -19.671 0.09
vertex 11.402 -19.024 0.159
vertex 11.467 -19.131 0.09
endloop
endfacet
facet normal -0.16961756588718901 0.29934359313054 -0.938947972250967
outer loop
vertex 10.514 -19.671 0.09
vertex 11.467 -19.131 0.09
vertex 10.577 -19.789 0.041
endloop
endfacet
facet normal -0.16913633341076564 0.2987140768709455 -0.939235221336754
outer loop
vertex 10.577 -19.789 0.041
vertex 11.467 -19.131 0.09
vertex 11.536 -19.246 0.041
endloop
endfacet
facet normal -0.10684644160132845 0.18870301564580738 -0.9762043893587613
outer loop
vertex 10.577 -19.789 0.041
vertex 11.536 -19.246 0.041
vertex 10.643 -19.912 0.01
endloop
endfacet
facet normal -0.10697860588421552 0.18887797815454896 -0.9761560773008174
outer loop
vertex 10.643 -19.912 0.01
vertex 11.536 -19.246 0.041
vertex 11.607 -19.366 0.01
endloop
endfacet
facet normal -0.034672785184781806 0.06121715186470633 -0.9975220590468682
outer loop
vertex 10.643 -19.912 0.01
vertex 11.607 -19.366 0.01
vertex 10.71 -20.037 0.0
endloop
endfacet
facet normal -0.034569913116940215 0.06107981006089617 -0.9975340484965974
outer loop
vertex 10.71 -20.037 0.0
vertex 11.607 -19.366 0.01
vertex 11.68 -19.488 0.0
endloop
endfacet
facet normal 0.0 0.0 -1.0
outer loop
vertex 11.68 -19.488 0.0
vertex 12.623 -18.891 0.0
vertex 17.994 -30.021 0.0
endloop
endfacet
facet normal 0.0 0.0 -1.0
outer loop
vertex 17.994 -30.021 0.0
vertex 12.623 -18.891 0.0
vertex 19.445 -29.101 0.0
endloop
endfacet
facet normal 0.535481275972437 -0.8445470993869619 0.0
outer loop
vertex 17.994 -30.021 0.0
vertex 19.445 -29.101 0.0
vertex 17.994 -30.021 3.0
endloop
endfacet
facet normal 0.535481275972437 -0.8445470993869619 0.0
outer loop
vertex 17.994 -30.021 3.0
vertex 19.445 -29.101 0.0
vertex 19.445 -29.101 3.0
endloop
endfacet
facet normal 0.0 -0.0 1.0
outer loop
vertex 17.994 -30.021 3.0
vertex 19.445 -29.101 3.0
vertex 15.444 -25.766 3.0
endloop
endfacet
facet normal -0.0 -0.0 0.9999999999999999
outer loop
vertex 15.444 -25.766 3.0
vertex 19.445 -29.101 3.0
vertex 16.689 -24.977 3.0
endloop
endfacet
facet normal 0.5352941693291999 -0.8446657044548227 0.0
outer loop
vertex 15.444 -25.766 3.0
vertex 16.689 -24.977 3.0
vertex 15.444 -25.766 52.0
endloop
endfacet
facet normal 0.5352941693291999 -0.8446657044548227 0.0
outer loop
vertex 15.444 -25.766 52.0
vertex 16.689 -24.977 3.0
vertex 16.689 -24.977 52.0
endloop
endfacet
facet normal 0.37853580518608837 -0.5973093503886958 0.7070588264991491
outer loop
vertex 15.444 -25.766 52.0
vertex 16.689 -24.977 52.0
vertex 14.93 -24.908 53.0
endloop
endfacet
facet normal 0.37834088961460455 -0.5977984660052281 0.7067497189864497
outer loop
vertex 14.93 -24.908 53.0
vertex 16.689 -24.977 52.0
vertex 16.134 -24.146 53.0
endloop
endfacet
facet normal 0.0 -0.0 1.0
outer loop
vertex 14.93 -24.908 53.0
vertex 16.134 -24.146 53.0
vertex 11.166 -18.63 53.0
endloop
endfacet
facet normal -0.0 -0.0 1.0
outer loop
vertex 11.166 -18.63 53.0
vertex 16.134 -24.146 53.0
vertex 12.067 -18.06 53.0
endloop
endfacet
facet normal -0.5346280423225078 0.8450874844431213 0.0
outer loop
vertex 11.166 -18.63 53.0
vertex 12.067 -18.06 53.0
vertex 11.166 -18.63 1.0
endloop
endfacet
facet normal -0.5346280423225078 0.8450874844431213 0.0
outer loop
vertex 11.166 -18.63 1.0
vertex 12.067 -18.06 53.0
vertex 12.067 -18.06 1.0
endloop
endfacet
facet normal -0.5330845722898774 0.8426477186547002 -0.0759319500114929
outer loop
vertex 11.166 -18.63 1.0
vertex 12.067 -18.06 1.0
vertex 11.172 -18.639 0.858
endloop
endfacet
facet normal -0.5339830820654067 0.8425897669718615 -0.07003251146598384
outer loop
vertex 11.172 -18.639 0.858
vertex 12.067 -18.06 1.0
vertex 12.073 -18.068 0.858
endloop
endfacet
facet normal -0.5234221930986829 0.8259253870086074 -0.20946709256216606
outer loop
vertex 11.172 -18.639 0.858
vertex 12.073 -18.068 0.858
vertex 11.187 -18.665 0.718
endloop
endfacet
facet normal -0.5238973184568481 0.8261457714127239 -0.20740000986161786
outer loop
vertex 11.187 -18.665 0.718
vertex 12.073 -18.068 0.858
vertex 12.089 -18.093 0.718
endloop
endfacet
facet normal -0.5020386947207173 0.7916764032134409 -0.3481459774263484
outer loop
vertex 11.187 -18.665 0.718
vertex 12.089 -18.093 0.718
vertex 11.213 -18.707 0.585
endloop
endfacet
facet normal -0.49992083221048617 0.7900846718851066 -0.3547469136922525
outer loop
vertex 11.213 -18.707 0.585
vertex 12.089 -18.093 0.718
vertex 12.117 -18.135 0.585
endloop
endfacet
facet normal -0.46965054743254564 0.7422449211171726 -0.4780176151273849
outer loop
vertex 11.213 -18.707 0.585
vertex 12.117 -18.135 0.585
vertex 11.248 -18.766 0.459
endloop
endfacet
facet normal -0.4698443922950668 0.742419623365204 -0.47755559872243997
outer loop
vertex 11.248 -18.766 0.459
vertex 12.117 -18.135 0.585
vertex 12.155 -18.192 0.459
endloop
endfacet
facet normal -0.42832507040035295 0.6768133081064834 -0.5987164437665723
outer loop
vertex 11.248 -18.766 0.459
vertex 12.155 -18.192 0.459
vertex 11.292 -18.839 0.345
endloop
endfacet
facet normal -0.4272366143615175 0.6757162425058061 -0.6007299184847902
outer loop
vertex 11.292 -18.839 0.345
vertex 12.155 -18.192 0.459
vertex 12.203 -18.263 0.345
endloop
endfacet
facet normal -0.377280732950522 0.5967061592325126 -0.7082379600658951
outer loop
vertex 11.292 -18.839 0.345
vertex 12.203 -18.263 0.345
vertex 11.344 -18.926 0.244
endloop
endfacet
facet normal -0.38029237494375895 0.5999440052992082 -0.7038784696701407
outer loop
vertex 11.344 -18.926 0.244
vertex 12.203 -18.263 0.345
vertex 12.259 -18.346 0.244
endloop
endfacet
facet normal -0.320340676510159 0.5053650327703391 -0.8012415582245143
outer loop
vertex 11.344 -18.926 0.244
vertex 12.259 -18.346 0.244
vertex 11.402 -19.024 0.159
endloop
endfacet
facet normal -0.32001654314738154 0.5050003768363466 -0.8016009178557295
outer loop
vertex 11.402 -19.024 0.159
vertex 12.259 -18.346 0.244
vertex 12.322 -18.441 0.159
endloop
endfacet
facet normal -0.25840133451268427 0.40776882976272505 -0.8757587177961756
outer loop
vertex 11.402 -19.024 0.159
vertex 12.322 -18.441 0.159
vertex 11.467 -19.131 0.09
endloop
endfacet
facet normal -0.25648524436114783 0.40555359151121556 -0.8773491915066409
outer loop
vertex 11.467 -19.131 0.09
vertex 12.322 -18.441 0.159
vertex 12.392 -18.546 0.09
endloop
endfacet
facet normal -0.18347628104488278 0.29011206831883096 -0.9392398214033034
outer loop
vertex 11.467 -19.131 0.09
vertex 12.392 -18.546 0.09
vertex 11.536 -19.246 0.041
endloop
endfacet
facet normal -0.18451982095406866 0.29134708571695106 -0.9386529237792411
outer loop
vertex 11.536 -19.246 0.041
vertex 12.392 -18.546 0.09
vertex 12.466 -18.657 0.041
endloop
endfacet
facet normal -0.11617465019784012 0.18343365820711632 -0.9761431983516374
outer loop
vertex 11.536 -19.246 0.041
vertex 12.466 -18.657 0.041
vertex 11.607 -19.366 0.01
endloop
endfacet
facet normal -0.11633664917981262 0.1836274934777481 -0.9760874590407833
outer loop
vertex 11.607 -19.366 0.01
vertex 12.466 -18.657 0.041
vertex 12.543 -18.773 0.01
endloop
endfacet
facet normal -0.03756247387791044 0.05928916618840501 -0.9975338868072878
outer loop
vertex 11.607 -19.366 0.01
vertex 12.543 -18.773 0.01
vertex 11.68 -19.488 0.0
endloop
endfacet
facet normal -0.037447039823200245 0.05915001432709839 -0.9975464876453547
outer loop
vertex 11.68 -19.488 0.0
vertex 12.543 -18.773 0.01
vertex 12.623 -18.891 0.0
endloop
endfacet
facet normal 0.0 0.0 -1.0
outer loop
vertex 12.623 -18.891 0.0
vertex 13.534 -18.249 0.0
vertex 19.445 -29.101 0.0
endloop
endfacet
facet normal 0.0 0.0 -1.0
outer loop
vertex 19.445 -29.101 0.0
vertex 13.534 -18.249 0.0
vertex 20.849 -28.112 0.0
endloop
endfacet
facet normal 0.5758827793761245 -0.8175322772943157 0.0
outer loop
vertex 19.445 -29.101 0.0
vertex 20.849 -28.112 0.0
vertex 19.445 -29.101 3.0
endloop
endfacet
facet normal 0.5758827793761245 -0.8175322772943157 0.0
outer loop
vertex 19.445 -29.101 3.0
vertex 20.849 -28.112 0.0
vertex 20.849 -28.112 3.0
endloop
endfacet
facet normal 0.0 -0.0 1.0
outer loop
vertex 19.445 -29.101 3.0
vertex 20.849 -28.112 3.0
vertex 16.689 -24.977 3.0
endloop
endfacet
facet normal -0.0 -0.0 1.0
outer loop
vertex 16.689 -24.977 3.0
vertex 20.849 -28.112 3.0
vertex 17.895 -24.128 3.0
endloop
endfacet
facet normal 0.5756445527251676 -0.8177000360265625 0.0
outer loop
vertex 16.689 -24.977 3.0
vertex 17.895 -24.128 3.0
vertex 16.689 -24.977 52.0
endloop
endfacet
facet normal 0.5756445527251676 -0.8177000360265625 0.0
outer loop
vertex 16.689 -24.977 52.0
vertex 17.895 -24.128 3.0
vertex 17.895 -24.128 52.0
endloop
endfacet
facet normal 0.40724747833723196 -0.5784928844224988 0.7067499374322599
outer loop
vertex 16.689 -24.977 52.0
vertex 17.895 -24.128 52.0
vertex 16.134 -24.146 53.0
endloop
endfacet
facet normal 0.4073876138512776 -0.5780835202639917 0.7070040846273473
outer loop
vertex 16.134 -24.146 53.0
vertex 17.895 -24.128 52.0
vertex 17.299 -23.325 53.0
endloop
endfacet
facet normal 0.0 -0.0 1.0
outer loop
vertex 16.134 -24.146 53.0
vertex 17.299 -23.325 53.0
vertex 12.067 -18.06 53.0
endloop
endfacet
facet normal -0.0 -0.0 1.0
outer loop
vertex 12.067 -18.06 53.0
vertex 17.299 -23.325 53.0
vertex 12.939 -17.446 53.0
endloop
endfacet
facet normal -0.5757256483397118 0.8176429403130797 0.0
outer loop
vertex 12.067 -18.06 53.0
vertex 12.939 -17.446 53.0
vertex 12.067 -18.06 1.0
endloop
endfacet
facet normal -0.5757256483397118 0.8176429403130797 0.0
outer loop
vertex 12.067 -18.06 1.0
vertex 12.939 -17.446 53.0
vertex 12.939 -17.446 1.0
endloop
endfacet
facet normal -0.5743046045374156 0.8156247803853887 -0.07021708359373173
outer loop
vertex 12.067 -18.06 1.0
vertex 12.939 -17.446 1.0
vertex 12.073 -18.068 0.858
endloop
endfacet
facet normal -0.5743046045374187 0.8156247803853882 -0.07021708359371147
outer loop
vertex 12.073 -18.068 0.858
vertex 12.939 -17.446 1.0
vertex 12.945 -17.454 0.858
endloop
endfacet
facet normal -0.5632306154388206 0.7998975515678353 -0.2072080616872562
outer loop
vertex 12.073 -18.068 0.858
vertex 12.945 -17.454 0.858
vertex 12.089 -18.093 0.718
endloop
endfacet
facet normal -0.5627075311798059 0.7996851743921152 -0.20943699819033845
outer loop
vertex 12.089 -18.093 0.718
vertex 12.945 -17.454 0.858
vertex 12.963 -17.478 0.718
endloop
endfacet
facet normal -0.5380452006962744 0.7646365941602347 -0.35473686146035377
outer loop
vertex 12.089 -18.093 0.718
vertex 12.963 -17.478 0.718
vertex 12.117 -18.135 0.585
endloop
endfacet
facet normal -0.5402162760404876 0.7661089814188425 -0.34820023505209097
outer loop
vertex 12.117 -18.135 0.585
vertex 12.963 -17.478 0.718
vertex 12.992 -17.518 0.585
endloop
endfacet
facet normal -0.5063271775208293 0.7180490767110618 -0.47753357236762123
outer loop
vertex 12.117 -18.135 0.585
vertex 12.992 -17.518 0.585
vertex 12.155 -18.192 0.459
endloop
endfacet
facet normal -0.5061053262771283 0.7178682980150548 -0.478040275938011
outer loop
vertex 12.155 -18.192 0.459
vertex 12.992 -17.518 0.585
vertex 13.033 -17.573 0.459
endloop
endfacet
facet normal -0.460604438517237 0.6533290743427048 -0.6008366432207056
outer loop
vertex 12.155 -18.192 0.459
vertex 13.033 -17.573 0.459
vertex 12.203 -18.263 0.345
endloop
endfacet
facet normal -0.4603653591732371 0.6531109201797435 -0.6012569018441827
outer loop
vertex 12.203 -18.263 0.345
vertex 13.033 -17.573 0.459
vertex 13.084 -17.642 0.345
endloop
endfacet
facet normal -0.40920122777204704 0.5805254133126768 -0.7039492877246165
outer loop
vertex 12.203 -18.263 0.345
vertex 13.084 -17.642 0.345
vertex 12.259 -18.346 0.244
endloop
endfacet
facet normal -0.4074913927039137 0.5788601645954462 -0.7063084841036227
outer loop
vertex 12.259 -18.346 0.244
vertex 13.084 -17.642 0.345
vertex 13.144 -17.723 0.244
endloop
endfacet
facet normal -0.34418421522853154 0.48892942291693386 -0.8015517733706501
outer loop
vertex 12.259 -18.346 0.244
vertex 13.144 -17.723 0.244
vertex 12.322 -18.441 0.159
endloop
endfacet
facet normal -0.34317227659376304 0.4878966871700486 -0.8026142356237806
outer loop
vertex 12.322 -18.441 0.159
vertex 13.144 -17.723 0.244
vertex 13.212 -17.815 0.159
endloop
endfacet
facet normal -0.2760692584189367 0.39249463257644523 -0.8773447030413414
outer loop
vertex 12.322 -18.441 0.159
vertex 13.212 -17.815 0.159
vertex 12.392 -18.546 0.09
endloop
endfacet
facet normal -0.27855638335997734 0.39509978305416804 -0.8753870588031095
outer loop
vertex 12.392 -18.546 0.09
vertex 13.212 -17.815 0.159
vertex 13.287 -17.915 0.09
endloop
endfacet
facet normal -0.19872761820374557 0.2818719782763114 -0.9386455782805695
outer loop
vertex 12.392 -18.546 0.09
vertex 13.287 -17.915 0.09
vertex 12.466 -18.657 0.041
endloop
endfacet
facet normal -0.1980572149551878 0.2811537751729795 -0.9390026061253378
outer loop
vertex 12.466 -18.657 0.041
vertex 13.287 -17.915 0.09
vertex 13.366 -18.023 0.041
endloop
endfacet
facet normal -0.1252064425335363 0.17773785217694424 -0.976080223471218
outer loop
vertex 12.466 -18.657 0.041
vertex 13.366 -18.023 0.041
vertex 12.543 -18.773 0.01
endloop
endfacet
facet normal -0.12443836642657606 0.17690532656568153 -0.9763296566190003
outer loop
vertex 12.543 -18.773 0.01
vertex 13.366 -18.023 0.041
vertex 13.45 -18.135 0.01
endloop
endfacet
facet normal -0.04026392347363644 0.05724040531440182 -0.9975481704990251
outer loop
vertex 12.543 -18.773 0.01
vertex 13.45 -18.135 0.01
vertex 12.623 -18.891 0.0
endloop
endfacet
facet normal -0.040587926041940996 0.05759439349565161 -0.9975146646027223
outer loop
vertex 12.623 -18.891 0.0
vertex 13.45 -18.135 0.01
vertex 13.534 -18.249 0.0
endloop
endfacet
facet normal 0.0 0.0 -0.9999999999999999
outer loop
vertex 13.534 -18.249 0.0
vertex 14.413 -17.563 0.0
vertex 20.849 -28.112 0.0
endloop
endfacet
facet normal 0.0 0.0 -1.0
outer loop
vertex 20.849 -28.112 0.0
vertex 14.413 -17.563 0.0
vertex 22.204 -27.055 0.0
endloop
endfacet
facet normal 0.6150679768387132 -0.788474085729856 0.0
outer loop
vertex 20.849 -28.112 0.0
vertex 22.204 -27.055 0.0
vertex 20.849 -28.112 3.0
endloop
endfacet
facet normal 0.6150679768387132 -0.788474085729856 0.0
outer loop
vertex 20.849 -28.112 3.0
vertex 22.204 -27.055 0.0
vertex 22.204 -27.055 3.0
endloop
endfacet
facet normal 0.0 -0.0 1.0
outer loop
vertex 20.849 -28.112 3.0
vertex 22.204 -27.055 3.0
vertex 17.895 -24.128 3.0
endloop
endfacet
facet normal -0.0 -0.0 1.0
outer loop
vertex 17.895 -24.128 3.0
vertex 22.204 -27.055 3.0
vertex 19.057 -23.221 3.0
endloop
endfacet
facet normal 0.6153017023394945 -0.7882917068561104 0.0
outer loop
vertex 17.895 -24.128 3.0
vertex 19.057 -23.221 3.0
vertex 17.895 -24.128 52.0
endloop
endfacet
facet normal 0.6153017023394945 -0.7882917068561104 0.0
outer loop
vertex 17.895 -24.128 52.0
vertex 19.057 -23.221 3.0
vertex 19.057 -23.221 52.0
endloop
endfacet
facet normal 0.43514534535913296 -0.5574849959286793 0.7070070775647732
outer loop
vertex 17.895 -24.128 52.0
vertex 19.057 -23.221 52.0
vertex 17.299 -23.325 53.0
endloop
endfacet
facet normal 0.4350999518327953 -0.5576423555987025 0.7069109103397891
outer loop
vertex 17.299 -23.325 53.0
vertex 19.057 -23.221 52.0
vertex 18.423 -22.448 53.0
endloop
endfacet
facet normal 0.0 -0.0 1.0
outer loop
vertex 17.299 -23.325 53.0
vertex 18.423 -22.448 53.0
vertex 12.939 -17.446 53.0
endloop
endfacet
facet normal -0.0 -0.0 0.9999999999999999
outer loop
vertex 12.939 -17.446 53.0
vertex 18.423 -22.448 53.0
vertex 13.779 -16.79 53.0
endloop
endfacet
facet normal -0.6154983707599374 0.7881381576804046 0.0
outer loop
vertex 12.939 -17.446 53.0
vertex 13.779 -16.79 53.0
vertex 12.939 -17.446 1.0
endloop
endfacet
facet normal -0.6154983707599374 0.7881381576804046 0.0
outer loop
vertex 12.939 -17.446 1.0
vertex 13.779 -16.79 53.0
vertex 13.779 -16.79 1.0
endloop
endfacet
facet normal -0.6139783703754377 0.7861918157246429 -0.07023524470457207
outer loop
vertex 12.939 -17.446 1.0
vertex 13.779 -16.79 1.0
vertex 12.945 -17.454 0.858
endloop
endfacet
facet normal -0.6139783703754377 0.7861918157246429 -0.07023524470457194
outer loop
vertex 12.945 -17.454 0.858
vertex 13.779 -16.79 1.0
vertex 13.785 -16.798 0.858
endloop
endfacet
facet normal -0.6018408244918507 0.7706498362395621 -0.209490935075734
outer loop
vertex 12.945 -17.454 0.858
vertex 13.785 -16.798 0.858
vertex 12.963 -17.478 0.718
endloop
endfacet
facet normal -0.601129545385223 0.7703973777996318 -0.21244093283641596
outer loop
vertex 12.963 -17.478 0.718
vertex 13.785 -16.798 0.858
vertex 13.805 -16.821 0.718
endloop
endfacet
facet normal -0.5767116920944045 0.7391038732777608 -0.3480360451266801
outer loop
vertex 12.963 -17.478 0.718
vertex 13.805 -16.821 0.718
vertex 12.992 -17.518 0.585
endloop
endfacet
facet normal -0.5757799773254398 0.7385384511590729 -0.35076826234805464
outer loop
vertex 12.992 -17.518 0.585
vertex 13.805 -16.821 0.718
vertex 13.836 -16.86 0.585
endloop
endfacet
facet normal -0.5400278954842971 0.6926801577336559 -0.4780837491286216
outer loop
vertex 12.992 -17.518 0.585
vertex 13.836 -16.86 0.585
vertex 13.033 -17.573 0.459
endloop
endfacet
facet normal -0.5412994453556156 0.6936166871652136 -0.47527970895427146
outer loop
vertex 13.033 -17.573 0.459
vertex 13.836 -16.86 0.585
vertex 13.88 -16.912 0.459
endloop
endfacet
facet normal -0.4916177209804647 0.6299549314227736 -0.6012227547208295
outer loop
vertex 13.033 -17.573 0.459
vertex 13.88 -16.912 0.459
vertex 13.084 -17.642 0.345
endloop
endfacet
facet normal -0.49090418062104163 0.62936433412954 -0.6024231240369716
outer loop
vertex 13.084 -17.642 0.345
vertex 13.88 -16.912 0.459
vertex 13.934 -16.979 0.345
endloop
endfacet
facet normal -0.43538733063718954 0.5581888854322938 -0.7063023718638329
outer loop
vertex 13.084 -17.642 0.345
vertex 13.934 -16.979 0.345
vertex 13.144 -17.723 0.244
endloop
endfacet
facet normal -0.43513515818849363 0.5579661037432028 -0.7066337249112189
outer loop
vertex 13.144 -17.723 0.244
vertex 13.934 -16.979 0.345
vertex 13.998 -17.057 0.244
endloop
endfacet
facet normal -0.3668378701111025 0.47038970131363533 -0.8025979728048276
outer loop
vertex 13.144 -17.723 0.244
vertex 13.998 -17.057 0.244
vertex 13.212 -17.815 0.159
endloop
endfacet
facet normal -0.36857433087530056 0.4719951878970257 -0.8008579806818908
outer loop
vertex 13.212 -17.815 0.159
vertex 13.998 -17.057 0.244
vertex 14.07 -17.145 0.159
endloop
endfacet
facet normal -0.2974747517716772 0.38094527913447546 -0.8754367289322146
outer loop
vertex 13.212 -17.815 0.159
vertex 14.07 -17.145 0.159
vertex 13.287 -17.915 0.09
endloop
endfacet
facet normal -0.2959360856613084 0.3794841633368643 -0.8765920390808845
outer loop
vertex 13.287 -17.915 0.09
vertex 14.07 -17.145 0.159
vertex 14.15 -17.242 0.09
endloop
endfacet
facet normal -0.21154693318871834 0.2712704358720123 -0.938967648899714
outer loop
vertex 13.287 -17.915 0.09
vertex 14.15 -17.242 0.09
vertex 13.366 -18.023 0.041
endloop
endfacet
facet normal -0.21196166193711552 0.27167357555066834 -0.9387575417627126
outer loop
vertex 13.366 -18.023 0.041
vertex 14.15 -17.242 0.09
vertex 14.235 -17.345 0.041
endloop
endfacet
facet normal -0.1330099073880404 0.17048025002980371 -0.9763425878688283
outer loop
vertex 13.366 -18.023 0.041
vertex 14.235 -17.345 0.041
vertex 13.45 -18.135 0.01
endloop
endfacet
facet normal -0.13374617222912172 0.17120294480355286 -0.9761155224176336
outer loop
vertex 13.45 -18.135 0.01
vertex 14.235 -17.345 0.041
vertex 14.323 -17.453 0.01
endloop
endfacet
facet normal -0.04338399446285385 0.0555340574282571 -0.9975138081700935
outer loop
vertex 13.45 -18.135 0.01
vertex 14.323 -17.453 0.01
vertex 13.534 -18.249 0.0
endloop
endfacet
facet normal -0.04319304198801887 0.05534502027327781 -0.997532600898222
outer loop
vertex 13.534 -18.249 0.0
vertex 14.323 -17.453 0.01
vertex 14.413 -17.563 0.0
endloop
endfacet
facet normal 0.0 0.0 -1.0
outer loop
vertex 14.413 -17.563 0.0
vertex 15.258 -16.834 0.0
vertex 22.204 -27.055 0.0
endloop
endfacet
facet normal 0.0 0.0 -1.0
outer loop
vertex 22.204 -27.055 0.0
vertex 15.258 -16.834 0.0
vertex 23.505 -25.933 0.0
endloop
endfacet
facet normal 0.6530892973539667 -0.75728090539885 0.0
outer loop
vertex 22.204 -27.055 0.0
vertex 23.505 -25.933 0.0
vertex 22.204 -27.055 3.0
endloop
endfacet
facet normal 0.6530892973539667 -0.75728090539885 0.0
outer loop
vertex 22.204 -27.055 3.0
vertex 23.505 -25.933 0.0
vertex 23.505 -25.933 3.0
endloop
endfacet
facet normal 0.0 -0.0 1.0
outer loop
vertex 22.204 -27.055 3.0
vertex 23.505 -25.933 3.0
vertex 19.057 -23.221 3.0
endloop
endfacet
facet normal -0.0 -0.0 1.0
outer loop
vertex 19.057 -23.221 3.0
vertex 23.505 -25.933 3.0
vertex 20.174 -22.258 3.0
endloop
endfacet
facet normal 0.6529664478255768 -0.7573868351206325 0.0
outer loop
vertex 19.057 -23.221 3.0
vertex 20.174 -22.258 3.0
vertex 19.057 -23.221 52.0
endloop
endfacet
facet normal 0.6529664478255768 -0.7573868351206325 0.0
outer loop
vertex 19.057 -23.221 52.0
vertex 20.174 -22.258 3.0
vertex 20.174 -22.258 52.0
endloop
endfacet
facet normal 0.4618461284681889 -0.5357031417434756 0.7069089740165384
outer loop
vertex 19.057 -23.221 52.0
vertex 20.174 -22.258 52.0
vertex 18.423 -22.448 53.0
endloop
endfacet
facet normal 0.4619272756685425 -0.5353593237877091 0.7071163881759531
outer loop
vertex 18.423 -22.448 53.0
vertex 20.174 -22.258 52.0
vertex 19.502 -21.517 53.0
endloop
endfacet
facet normal 0.0 -0.0 1.0
outer loop
vertex 18.423 -22.448 53.0
vertex 19.502 -21.517 53.0
vertex 13.779 -16.79 53.0
endloop
endfacet
facet normal -0.0 -0.0 0.9999999999999999
outer loop
vertex 13.779 -16.79 53.0
vertex 19.502 -21.517 53.0
vertex 14.586 -16.093 53.0
endloop
endfacet
facet normal -0.6536442860141919 0.7568019208227457 0.0
outer loop
vertex 13.779 -16.79 53.0
vertex 14.586 -16.093 53.0
vertex 13.779 -16.79 1.0
endloop
endfacet
facet normal -0.6536442860141919 0.7568019208227457 0.0
outer loop
vertex 13.779 -16.79 1.0
vertex 14.586 -16.093 53.0
vertex 14.586 -16.093 1.0
endloop
endfacet
facet normal -0.6520370929128652 0.7549410817513387 -0.07008275501047402
outer loop
vertex 13.779 -16.79 1.0
vertex 14.586 -16.093 1.0
vertex 13.785 -16.798 0.858
endloop
endfacet
facet normal -0.6513581036762376 0.7550894516074612 -0.07464945308867939
outer loop
vertex 13.785 -16.798 0.858
vertex 14.586 -16.093 1.0
vertex 14.593 -16.101 0.858
endloop
endfacet
facet normal -0.6382305073327271 0.7398712337515696 -0.2127260608781628
outer loop
vertex 13.785 -16.798 0.858
vertex 14.593 -16.101 0.858
vertex 13.805 -16.821 0.718
endloop
endfacet
facet normal -0.6394648945837647 0.7402401645038416 -0.20767558221972163
outer loop
vertex 13.805 -16.821 0.718
vertex 14.593 -16.101 0.858
vertex 14.613 -16.123 0.718
endloop
endfacet
facet normal -0.6122412744571027 0.708726289056359 -0.3505248479802033
outer loop
vertex 13.805 -16.821 0.718
vertex 14.613 -16.123 0.718
vertex 13.836 -16.86 0.585
endloop
endfacet
facet normal -0.6112679374561297 0.7081975675384595 -0.3532813524242943
outer loop
vertex 13.836 -16.86 0.585
vertex 14.613 -16.123 0.718
vertex 14.647 -16.16 0.585
endloop
endfacet
facet normal -0.5747894704045516 0.6659346578544169 -0.4755503087796034
outer loop
vertex 13.836 -16.86 0.585
vertex 14.647 -16.16 0.585
vertex 13.88 -16.912 0.459
endloop
endfacet
facet normal -0.5733998890124918 0.6650129953882379 -0.4785083941220107
outer loop
vertex 13.88 -16.912 0.459
vertex 14.647 -16.16 0.585
vertex 14.693 -16.211 0.459
endloop
endfacet
facet normal -0.5213002789944916 0.6045893392617984 -0.602260533300371
outer loop
vertex 13.88 -16.912 0.459
vertex 14.693 -16.211 0.459
vertex 13.934 -16.979 0.345
endloop
endfacet
facet normal -0.5242528816074117 0.6067948246690061 -0.5974604228576446
outer loop
vertex 13.934 -16.979 0.345
vertex 14.693 -16.211 0.459
vertex 14.75 -16.274 0.345
endloop
endfacet
facet normal -0.46259423587778853 0.5354282219521656 -0.7066280436479913
outer loop
vertex 13.934 -16.979 0.345
vertex 14.75 -16.274 0.345
vertex 13.998 -17.057 0.244
endloop
endfacet
facet normal -0.4616364660790638 0.5346637036508944 -0.7078322521504244
outer loop
vertex 13.998 -17.057 0.244
vertex 14.75 -16.274 0.345
vertex 14.818 -16.349 0.244
endloop
endfacet
facet normal -0.39138868712596425 0.45330328169956424 -0.8008314619133163
outer loop
vertex 13.998 -17.057 0.244
vertex 14.818 -16.349 0.244
vertex 14.07 -17.145 0.159
endloop
endfacet
facet normal -0.3887888553383166 0.45112630893686584 -0.8033232720080511
outer loop
vertex 14.07 -17.145 0.159
vertex 14.818 -16.349 0.244
vertex 14.895 -16.434 0.159
endloop
endfacet
facet normal -0.3141310250448567 0.36449802484107885 -0.8766201509155606
outer loop
vertex 14.07 -17.145 0.159
vertex 14.895 -16.434 0.159
vertex 14.15 -17.242 0.09
endloop
endfacet
facet normal -0.31507442329281354 0.3653100656080309 -0.8759432993933779
outer loop
vertex 14.15 -17.242 0.09
vertex 14.895 -16.434 0.159
vertex 14.979 -16.527 0.09
endloop
endfacet
facet normal -0.2250236814662972 0.26090158312665757 -0.9387729793200048
outer loop
vertex 14.15 -17.242 0.09
vertex 14.979 -16.527 0.09
vertex 14.235 -17.345 0.041
endloop
endfacet
facet normal -0.22461792478780085 0.26054429662451584 -0.9389693591169299
outer loop
vertex 14.235 -17.345 0.041
vertex 14.979 -16.527 0.09
vertex 15.069 -16.626 0.041
endloop
endfacet
facet normal -0.14188008097427246 0.1645730007406729 -0.9761074582493182
outer loop
vertex 14.235 -17.345 0.041
vertex 15.069 -16.626 0.041
vertex 14.323 -17.453 0.01
endloop
endfacet
facet normal -0.1424651053476098 0.16509423119702302 -0.9759342132458305
outer loop
vertex 14.323 -17.453 0.01
vertex 15.069 -16.626 0.041
vertex 15.162 -16.729 0.01
endloop
endfacet
facet normal -0.04586937588428282 0.053155257412863664 -0.9975322145000423
outer loop
vertex 14.323 -17.453 0.01
vertex 15.162 -16.729 0.01
vertex 14.413 -17.563 0.0
endloop
endfacet
facet normal -0.045819982453664344 0.053110953598554674 -0.9975368443399962
outer loop
vertex 14.413 -17.563 0.0
vertex 15.162 -16.729 0.01
vertex 15.258 -16.834 0.0
endloop
endfacet
facet normal 0.0 0.0 -1.0
outer loop
vertex 15.258 -16.834 0.0
vertex 16.065 -16.065 0.0
vertex 23.505 -25.933 0.0
endloop
endfacet
facet normal 0.0 0.0 -1.0
outer loop
vertex 23.505 -25.933 0.0
vertex 16.065 -16.065 0.0
vertex 24.749 -24.749 0.0
endloop
endfacet
facet normal 0.6894225007656563 -0.7243594518179691 0.0
outer loop
vertex 23.505 -25.933 0.0
vertex 24.749 -24.749 0.0
vertex 23.505 -25.933 3.0
endloop
endfacet
facet normal 0.6894225007656563 -0.7243594518179691 0.0
outer loop
vertex 23.505 -25.933 3.0
vertex 24.749 -24.749 0.0
vertex 24.749 -24.749 3.0
endloop
endfacet
facet normal 0.0 -0.0 1.0
outer loop
vertex 23.505 -25.933 3.0
vertex 24.749 -24.749 3.0
vertex 20.174 -22.258 3.0
endloop
endfacet
facet normal -0.0 -0.0 1.0
outer loop
vertex 20.174 -22.258 3.0
vertex 24.749 -24.749 3.0
vertex 21.241 -21.241 3.0
endloop
endfacet
facet normal 0.6899430993461072 -0.7238636057053067 0.0
outer loop
vertex 20.174 -22.258 3.0
vertex 21.241 -21.241 3.0
vertex 20.174 -22.258 52.0
endloop
endfacet
facet normal 0.6899430993461072 -0.7238636057053067 0.0
outer loop
vertex 20.174 -22.258 52.0
vertex 21.241 -21.241 3.0
vertex 21.241 -21.241 52.0
endloop
endfacet
facet normal 0.4878574204242555 -0.5118425443389194 0.7071155118802391
outer loop
vertex 20.174 -22.258 52.0
vertex 21.241 -21.241 52.0
vertex 19.502 -21.517 53.0
endloop
endfacet
facet normal 0.4878059061055295 -0.5121217651077377 0.7069488635477806
outer loop
vertex 19.502 -21.517 53.0
vertex 21.241 -21.241 52.0
vertex 20.534 -20.534 53.0
endloop
endfacet
facet normal 0.0 -0.0 1.0
outer loop
vertex 19.502 -21.517 53.0
vertex 20.534 -20.534 53.0
vertex 14.586 -16.093 53.0
endloop
endfacet
facet normal -0.0 -0.0 1.0
outer loop
vertex 14.586 -16.093 53.0
vertex 20.534 -20.534 53.0
vertex 15.358 -15.358 53.0
endloop
endfacet
facet normal -0.6895380344581049 0.7242494729274253 0.0
outer loop
vertex 14.586 -16.093 53.0
vertex 15.358 -15.358 53.0
vertex 14.586 -16.093 1.0
endloop
endfacet
facet normal -0.6895380344581049 0.7242494729274253 0.0
outer loop
vertex 14.586 -16.093 1.0
vertex 15.358 -15.358 53.0
vertex 15.358 -15.358 1.0
endloop
endfacet
facet normal -0.6876173968898144 0.7222321502026356 -0.07458576746372521
outer loop
vertex 14.586 -16.093 1.0
vertex 15.358 -15.358 1.0
vertex 14.593 -16.101 0.858
endloop
endfacet
facet normal -0.6868943440142711 0.7224072488748731 -0.07939727283881627
outer loop
vertex 14.593 -16.101 0.858
vertex 15.358 -15.358 1.0
vertex 15.366 -15.366 0.858
endloop
endfacet
facet normal -0.6740443963945323 0.7088929502217328 -0.20768952023407078
outer loop
vertex 14.593 -16.101 0.858
vertex 15.366 -15.366 0.858
vertex 14.613 -16.123 0.718
endloop
endfacet
facet normal -0.6741028463148298 0.7089070693582586 -0.20745148735097113
outer loop
vertex 14.613 -16.123 0.718
vertex 15.366 -15.366 0.858
vertex 15.387 -15.387 0.718
endloop
endfacet
facet normal -0.6446319095956332 0.6779145353627993 -0.35338588522311914
outer loop
vertex 14.613 -16.123 0.718
vertex 15.387 -15.387 0.718
vertex 14.647 -16.16 0.585
endloop
endfacet
facet normal -0.646325198832982 0.6787290367148531 -0.3486984830389053
outer loop
vertex 14.647 -16.16 0.585
vertex 15.387 -15.387 0.718
vertex 15.422 -15.422 0.585
endloop
endfacet
facet normal -0.6055496196265842 0.6359091534019014 -0.478465470843797
outer loop
vertex 14.647 -16.16 0.585
vertex 15.422 -15.422 0.585
vertex 14.693 -16.211 0.459
endloop
endfacet
facet normal -0.6039302400653562 0.63494287401466 -0.48178398880889034
outer loop
vertex 14.693 -16.211 0.459
vertex 15.422 -15.422 0.585
vertex 15.471 -15.471 0.459
endloop
endfacet
facet normal -0.5526699137921751 0.5810502607166397 -0.5974416799237182
outer loop
vertex 14.693 -16.211 0.459
vertex 15.471 -15.471 0.459
vertex 14.75 -16.274 0.345
endloop
endfacet
facet normal -0.5529732935291114 0.5812545656073164 -0.5969620311244404
outer loop
vertex 14.75 -16.274 0.345
vertex 15.471 -15.471 0.459
vertex 15.531 -15.531 0.345
endloop
endfacet
facet normal -0.4868791658471961 0.5117801191475913 -0.7078345763730506
outer loop
vertex 14.75 -16.274 0.345
vertex 15.531 -15.531 0.345
vertex 14.818 -16.349 0.244
endloop
endfacet
facet normal -0.4892737452531391 0.513508187789105 -0.7049259133267236
outer loop
vertex 14.818 -16.349 0.244
vertex 15.531 -15.531 0.345
vertex 15.602 -15.602 0.244
endloop
endfacet
facet normal -0.4108184868373689 0.4311669259444411 -0.8033201434324148
outer loop
vertex 14.818 -16.349 0.244
vertex 15.602 -15.602 0.244
vertex 14.895 -16.434 0.159
endloop
endfacet
facet normal -0.4111880505963406 0.4314463167375712 -0.8029809853417231
outer loop
vertex 14.895 -16.434 0.159
vertex 15.602 -15.602 0.244
vertex 15.683 -15.683 0.159
endloop
endfacet
facet normal -0.3328456120721869 0.34924413090929823 -0.8759237041830188
outer loop
vertex 14.895 -16.434 0.159
vertex 15.683 -15.683 0.159
vertex 14.979 -16.527 0.09
endloop
endfacet
facet normal -0.3315466293880438 0.34823374450956135 -0.8768181634331469
outer loop
vertex 14.979 -16.527 0.09
vertex 15.683 -15.683 0.159
vertex 15.772 -15.772 0.09
endloop
endfacet
facet normal -0.23718569646798365 0.2491235196014716 -0.9389783902584621
outer loop
vertex 14.979 -16.527 0.09
vertex 15.772 -15.772 0.09
vertex 15.069 -16.626 0.041
endloop
endfacet
facet normal -0.23873453508067471 0.2503571374464435 -0.9382574942356905
outer loop
vertex 15.069 -16.626 0.041
vertex 15.772 -15.772 0.09
vertex 15.866 -15.866 0.041
endloop
endfacet
facet normal -0.1505055346047156 0.1578327777367867 -0.975928736294428
outer loop
vertex 15.069 -16.626 0.041
vertex 15.866 -15.866 0.041
vertex 15.162 -16.729 0.01
endloop
endfacet
facet normal -0.149056709586607 0.15666562539011178 -0.9763390697643618
outer loop
vertex 15.162 -16.729 0.01
vertex 15.866 -15.866 0.041
vertex 15.965 -15.965 0.01
endloop
endfacet
facet normal -0.0483397057220876 0.05080730850109467 -0.997537914193529
outer loop
vertex 15.162 -16.729 0.01
vertex 15.965 -15.965 0.01
vertex 15.258 -16.834 0.0
endloop
endfacet
facet normal -0.04867281536233433 0.05107797398882184 -0.9975078935115759
outer loop
vertex 15.258 -16.834 0.0
vertex 15.965 -15.965 0.01
vertex 16.065 -16.065 0.0
endloop
endfacet
facet normal 0.0 0.0 -1.0
outer loop
vertex 16.065 -16.065 0.0
vertex 16.834 -15.258 0.0
vertex 24.749 -24.749 0.0
endloop
endfacet
facet normal 0.0 0.0 -1.0
outer loop
vertex 24.749 -24.749 0.0
vertex 16.834 -15.258 0.0
vertex 25.933 -23.505 0.0
endloop
endfacet
facet normal 0.7243594518179691 -0.6894225007656563 0.0
outer loop
vertex 24.749 -24.749 0.0
vertex 25.933 -23.505 0.0
vertex 24.749 -24.749 3.0
endloop
endfacet
facet normal 0.7243594518179691 -0.6894225007656563 0.0
outer loop
vertex 24.749 -24.749 3.0
vertex 25.933 -23.505 0.0
vertex 25.933 -23.505 3.0
endloop
endfacet
facet normal 0.0 -0.0 1.0
outer loop
vertex 24.749 -24.749 3.0
vertex 25.933 -23.505 3.0
vertex 21.241 -21.241 3.0
endloop
endfacet
facet normal -0.0 -0.0 1.0
outer loop
vertex 21.241 -21.241 3.0
vertex 25.933 -23.505 3.0
vertex 22.258 -20.174 3.0
endloop
endfacet
facet normal 0.7238636057053067 -0.6899430993461072 0.0
outer loop
vertex 21.241 -21.241 3.0
vertex 22.258 -20.174 3.0
vertex 21.241 -21.241 52.0
endloop
endfacet
facet normal 0.7238636057053067 -0.6899430993461072 0.0
outer loop
vertex 21.241 -21.241 52.0
vertex 22.258 -20.174 3.0
vertex 22.258 -20.174 52.0
endloop
endfacet
facet normal 0.5119611402478152 -0.487970458886624 0.7069516405880493
outer loop
vertex 21.241 -21.241 52.0
vertex 22.258 -20.174 52.0
vertex 20.534 -20.534 53.0
endloop
endfacet
facet normal 0.5119990710654515 -0.48768903765246036 0.707118344961953
outer loop
vertex 20.534 -20.534 53.0
vertex 22.258 -20.174 52.0
vertex 21.517 -19.502 53.0
endloop
endfacet
facet normal 0.0 -0.0 0.9999999999999999
outer loop
vertex 20.534 -20.534 53.0
vertex 21.517 -19.502 53.0
vertex 15.358 -15.358 53.0
endloop
endfacet
facet normal -0.0 -0.0 1.0
outer loop
vertex 15.358 -15.358 53.0
vertex 21.517 -19.502 53.0
vertex 16.093 -14.586 53.0
endloop
endfacet
facet normal -0.7242494729274253 0.6895380344581049 0.0
outer loop
vertex 15.358 -15.358 53.0
vertex 16.093 -14.586 53.0
vertex 15.358 -15.358 1.0
endloop
endfacet
facet normal -0.7242494729274253 0.6895380344581049 0.0
outer loop
vertex 15.358 -15.358 1.0
vertex 16.093 -14.586 53.0
vertex 16.093 -14.586 1.0
endloop
endfacet
facet normal -0.7219629828116951 0.6873611300085433 -0.07939854156732831
outer loop
vertex 15.358 -15.358 1.0
vertex 16.093 -14.586 1.0
vertex 15.366 -15.366 0.858
endloop
endfacet
facet normal -0.7226764002058349 0.6871502641025725 -0.07458776796030862
outer loop
vertex 15.366 -15.366 0.858
vertex 16.093 -14.586 1.0
vertex 16.101 -14.593 0.858
endloop
endfacet
facet normal -0.7089295792411924 0.6740792247636174 -0.20745132060072974
outer loop
vertex 15.366 -15.366 0.858
vertex 16.101 -14.593 0.858
vertex 15.387 -15.387 0.718
endloop
endfacet
facet normal -0.7088704899820515 0.6740680628253096 -0.20768937168651763
outer loop
vertex 15.387 -15.387 0.718
vertex 16.101 -14.593 0.858
vertex 16.123 -14.613 0.718
endloop
endfacet
facet normal -0.6791894702738168 0.645844250803009 -0.348693084493903
outer loop
vertex 15.387 -15.387 0.718
vertex 16.123 -14.613 0.718
vertex 15.422 -15.422 0.585
endloop
endfacet
facet normal -0.6774574651601848 0.6451143345654398 -0.35338205703873365
outer loop
vertex 15.422 -15.422 0.585
vertex 16.123 -14.613 0.718
vertex 16.16 -14.647 0.585
endloop
endfacet
facet normal -0.634591675601706 0.6042950407665272 -0.48178927858764153
outer loop
vertex 15.422 -15.422 0.585
vertex 16.16 -14.647 0.585
vertex 15.471 -15.471 0.459
endloop
endfacet
facet normal -0.6362567161196768 0.6051799099338813 -0.47847117761159264
outer loop
vertex 15.471 -15.471 0.459
vertex 16.16 -14.647 0.585
vertex 16.211 -14.693 0.459
endloop
endfacet
facet normal -0.581309536762584 0.5529165259695513 -0.5969610856484971
outer loop
vertex 15.471 -15.471 0.459
vertex 16.211 -14.693 0.459
vertex 15.531 -15.531 0.345
endloop
endfacet
facet normal -0.5809963338928636 0.5527276262258612 -0.5974407344747901
outer loop
vertex 15.531 -15.531 0.345
vertex 16.211 -14.693 0.459
vertex 16.274 -14.75 0.345
endloop
endfacet
facet normal -0.5138879746136338 0.4888844624045195 -0.7049192379038476
outer loop
vertex 15.531 -15.531 0.345
vertex 16.274 -14.75 0.345
vertex 15.602 -15.602 0.244
endloop
endfacet
facet normal -0.5114114613589879 0.48727597147342283 -0.7078279768526367
outer loop
vertex 15.602 -15.602 0.244
vertex 16.274 -14.75 0.345
vertex 16.349 -14.818 0.244
endloop
endfacet
facet normal -0.43149878105530975 0.4111346804187705 -0.8029801221105896
outer loop
vertex 15.602 -15.602 0.244
vertex 16.349 -14.818 0.244
vertex 15.683 -15.683 0.159
endloop
endfacet
facet normal -0.4311162251430495 0.4108734582264348 -0.8033192402422946
outer loop
vertex 15.683 -15.683 0.159
vertex 16.349 -14.818 0.244
vertex 16.434 -14.895 0.159
endloop
endfacet
facet normal -0.34806267496173104 0.33171963057901055 -0.8768206549728451
outer loop
vertex 15.683 -15.683 0.159
vertex 16.434 -14.895 0.159
vertex 15.772 -15.772 0.09
endloop
endfacet
facet normal -0.34940888243628077 0.3326654555351726 -0.8759264395873693
outer loop
vertex 15.772 -15.772 0.09
vertex 16.434 -14.895 0.159
vertex 16.527 -14.979 0.09
endloop
endfacet
facet normal -0.2505483317995453 0.23854223267169813 -0.9382553685774819
outer loop
vertex 15.772 -15.772 0.09
vertex 16.527 -14.979 0.09
vertex 15.866 -15.866 0.041
endloop
endfacet
facet normal -0.24894159238571673 0.2373847054117257 -0.9389763496579941
outer loop
vertex 15.866 -15.866 0.041
vertex 16.527 -14.979 0.09
vertex 16.626 -15.069 0.041
endloop
endfacet
facet normal -0.15649390655875398 0.14922881930320384 -0.9763403180752867
outer loop
vertex 15.866 -15.866 0.041
vertex 16.626 -15.069 0.041
vertex 15.965 -15.965 0.01
endloop
endfacet
facet normal -0.157997337808615 0.15032374356884418 -0.9759301272964366
outer loop
vertex 15.965 -15.965 0.01
vertex 16.626 -15.069 0.041
vertex 16.729 -15.162 0.01
endloop
endfacet
facet normal -0.05111670470087868 0.048634075207311736 -0.9975077990819183
outer loop
vertex 15.965 -15.965 0.01
vertex 16.729 -15.162 0.01
vertex 16.065 -16.065 0.0
endloop
endfacet
facet normal -0.05077056707678288 0.048379883620874656 -0.997537837066611
outer loop
vertex 16.065 -16.065 0.0
vertex 16.729 -15.162 0.01
vertex 16.834 -15.258 0.0
endloop
endfacet
facet normal 0.0 0.0 -1.0
outer loop
vertex 16.834 -15.258 0.0
vertex 17.563 -14.413 0.0
vertex 25.933 -23.505 0.0
endloop
endfacet
facet normal 0.0 0.0 -1.0
outer loop
vertex 25.933 -23.505 0.0
vertex 17.563 -14.413 0.0
vertex 27.055 -22.204 0.0
endloop
endfacet
facet normal 0.75728090539885 -0.6530892973539667 0.0
outer loop
vertex 25.933 -23.505 0.0
vertex 27.055 -22.204 0.0
vertex 25.933 -23.505 3.0
endloop
endfacet
facet normal 0.75728090539885 -0.6530892973539667 0.0
outer loop
vertex 25.933 -23.505 3.0
vertex 27.055 -22.204 0.0
vertex 27.055 -22.204 3.0
endloop
endfacet
facet normal 0.0 -0.0 1.0
outer loop
vertex 25.933 -23.505 3.0
vertex 27.055 -22.204 3.0
vertex 22.258 -20.174 3.0
endloop
endfacet
facet normal -0.0 -0.0 1.0
outer loop
vertex 22.258 -20.174 3.0
vertex 27.055 -22.204 3.0
vertex 23.221 -19.057 3.0
endloop
endfacet
facet normal 0.7573868351206325 -0.6529664478255768 0.0
outer loop
vertex 22.258 -20.174 3.0
vertex 23.221 -19.057 3.0
vertex 22.258 -20.174 52.0
endloop
endfacet
facet normal 0.7573868351206325 -0.6529664478255768 0.0
outer loop
vertex 22.258 -20.174 52.0
vertex 23.221 -19.057 3.0
vertex 23.221 -19.057 52.0
endloop
endfacet
facet normal 0.5355487887324676 -0.46171305599764223 0.7071128260811741
outer loop
vertex 22.258 -20.174 52.0
vertex 23.221 -19.057 52.0
vertex 21.517 -19.502 53.0
endloop
endfacet
facet normal 0.5355190013381566 -0.462065051200949 0.7069054304957968
outer loop
vertex 21.517 -19.502 53.0
vertex 23.221 -19.057 52.0
vertex 22.448 -18.423 53.0
endloop
endfacet
facet normal 0.0 -0.0 1.0
outer loop
vertex 21.517 -19.502 53.0
vertex 22.448 -18.423 53.0
vertex 16.093 -14.586 53.0
endloop
endfacet
facet normal -0.0 -0.0 1.0
outer loop
vertex 16.093 -14.586 53.0
vertex 22.448 -18.423 53.0
vertex 16.79 -13.779 53.0
endloop
endfacet
facet normal -0.7568019208227457 0.6536442860141919 0.0
outer loop
vertex 16.093 -14.586 53.0
vertex 16.79 -13.779 53.0
vertex 16.093 -14.586 1.0
endloop
endfacet
facet normal -0.7568019208227457 0.6536442860141919 0.0
outer loop
vertex 16.093 -14.586 1.0
vertex 16.79 -13.779 53.0
vertex 16.79 -13.779 1.0
endloop
endfacet
facet normal -0.7546903027797481 0.6518204969485546 -0.07464975986533115
outer loop
vertex 16.093 -14.586 1.0
vertex 16.79 -13.779 1.0
vertex 16.101 -14.593 0.858
endloop
endfacet
facet normal -0.7553401897128342 0.6515743963240656 -0.0700856894059616
outer loop
vertex 16.101 -14.593 0.858
vertex 16.79 -13.779 1.0
vertex 16.798 -13.785 0.858
endloop
endfacet
facet normal -0.7406940455886126 0.6389402843753248 -0.20767196207469416
outer loop
vertex 16.101 -14.593 0.858
vertex 16.798 -13.785 0.858
vertex 16.123 -14.613 0.718
endloop
endfacet
facet normal -0.7394183521226186 0.6387549626009755 -0.21272658107744183
outer loop
vertex 16.123 -14.613 0.718
vertex 16.798 -13.785 0.858
vertex 16.821 -13.805 0.718
endloop
endfacet
facet normal -0.7079409323407241 0.6115628351161211 -0.353285345041764
outer loop
vertex 16.123 -14.613 0.718
vertex 16.821 -13.805 0.718
vertex 16.16 -14.647 0.585
endloop
endfacet
facet normal -0.7089805849723197 0.6119437848096466 -0.35053007626329624
outer loop
vertex 16.16 -14.647 0.585
vertex 16.821 -13.805 0.718
vertex 16.86 -13.836 0.585
endloop
endfacet
facet normal -0.6647175169103484 0.573738917185257 -0.4785125678805411
outer loop
vertex 16.16 -14.647 0.585
vertex 16.86 -13.836 0.585
vertex 16.211 -14.693 0.459
endloop
endfacet
facet normal -0.6662282142652783 0.5744476976629288 -0.4755521098330427
outer loop
vertex 16.211 -14.693 0.459
vertex 16.86 -13.836 0.585
vertex 16.912 -13.88 0.459
endloop
endfacet
facet normal -0.6073199109256493 0.5236546833442572 -0.5974515029731594
outer loop
vertex 16.211 -14.693 0.459
vertex 16.912 -13.88 0.459
vertex 16.274 -14.75 0.345
endloop
endfacet
facet normal -0.6040789477952889 0.5219064438672516 -0.6022476971150459
outer loop
vertex 16.274 -14.75 0.345
vertex 16.912 -13.88 0.459
vertex 16.979 -13.934 0.345
endloop
endfacet
facet normal -0.534514625985385 0.4618049158329598 -0.7078349626291547
outer loop
vertex 16.274 -14.75 0.345
vertex 16.979 -13.934 0.345
vertex 16.349 -14.818 0.244
endloop
endfacet
facet normal -0.5355733431749786 0.46242186215595593 -0.7066308905507845
outer loop
vertex 16.349 -14.818 0.244
vertex 16.979 -13.934 0.345
vertex 17.057 -13.998 0.244
endloop
endfacet
facet normal -0.45076377871494855 0.38919604308558875 -0.8033296059807215
outer loop
vertex 16.349 -14.818 0.244
vertex 17.057 -13.998 0.244
vertex 16.434 -14.895 0.159
endloop
endfacet
facet normal -0.45365440846433264 0.3909676174765335 -0.800838310625559
outer loop
vertex 16.434 -14.895 0.159
vertex 17.057 -13.998 0.244
vertex 17.145 -14.07 0.159
endloop
endfacet
facet normal -0.36543301769324404 0.3149368188847227 -0.8759414990114239
outer loop
vertex 16.434 -14.895 0.159
vertex 17.145 -14.07 0.159
vertex 16.527 -14.979 0.09
endloop
endfacet
facet normal -0.3643801978814132 0.3142724263995304 -0.8766184537168117
outer loop
vertex 16.527 -14.979 0.09
vertex 17.145 -14.07 0.159
vertex 17.242 -14.15 0.09
endloop
endfacet
facet normal -0.2604947362340924 0.22467278215606307 -0.938969985331046
outer loop
vertex 16.527 -14.979 0.09
vertex 17.242 -14.15 0.09
vertex 16.626 -15.069 0.041
endloop
endfacet
facet normal -0.2609488545905249 0.22496669838199815 -0.9387734976590444
outer loop
vertex 16.626 -15.069 0.041
vertex 17.242 -14.15 0.09
vertex 17.345 -14.235 0.041
endloop
endfacet
facet normal -0.16516302594877358 0.14238874779036884 -0.975933716684763
outer loop
vertex 16.626 -15.069 0.041
vertex 17.345 -14.235 0.041
vertex 16.729 -15.162 0.01
endloop
endfacet
facet normal -0.1645081974122989 0.14195939800536875 -0.9761068498387405
outer loop
vertex 16.729 -15.162 0.01
vertex 17.345 -14.235 0.041
vertex 17.453 -14.323 0.01
endloop
endfacet
facet normal -0.05310524982217257 0.045826222730933175 -0.9975368613497647
outer loop
vertex 16.729 -15.162 0.01
vertex 17.453 -14.323 0.01
vertex 16.834 -15.258 0.0
endloop
endfacet
facet normal -0.05316061644508539 0.045862827678659485 -0.997532230003871
outer loop
vertex 16.834 -15.258 0.0
vertex 17.453 -14.323 0.01
vertex 17.563 -14.413 0.0
endloop
endfacet
facet normal 0.0 0.0 -1.0
outer loop
vertex 17.563 -14.413 0.0
vertex 18.249 -13.534 0.0
vertex 27.055 -22.204 0.0
endloop
endfacet
facet normal 0.0 0.0 -0.9999999999999999
outer loop
vertex 27.055 -22.204 0.0
vertex 18.249 -13.534 0.0
vertex 28.112 -20.849 0.0
endloop
endfacet
facet normal 0.788474085729856 -0.6150679768387132 0.0
outer loop
vertex 27.055 -22.204 0.0
vertex 28.112 -20.849 0.0
vertex 27.055 -22.204 3.0
endloop
endfacet
facet normal 0.788474085729856 -0.6150679768387132 0.0
outer loop
vertex 27.055 -22.204 3.0
vertex 28.112 -20.849 0.0
vertex 28.112 -20.849 3.0
endloop
endfacet
facet normal 0.0 -0.0 1.0
outer loop
vertex 27.055 -22.204 3.0
vertex 28.112 -20.849 3.0
vertex 23.221 -19.057 3.0
endloop
endfacet
facet normal -0.0 -0.0 1.0
outer loop
vertex 23.221 -19.057 3.0
vertex 28.112 -20.849 3.0
vertex 24.128 -17.895 3.0
endloop
endfacet
facet normal 0.7882917068561104 -0.6153017023394945 0.0
outer loop
vertex 23.221 -19.057 3.0
vertex 24.128 -17.895 3.0
vertex 23.221 -19.057 52.0
endloop
endfacet
facet normal 0.7882917068561104 -0.6153017023394945 0.0
outer loop
vertex 23.221 -19.057 52.0
vertex 24.128 -17.895 3.0
vertex 24.128 -17.895 52.0
endloop
endfacet
facet normal 0.557559505012088 -0.4352035034818969 0.7069125185818667
outer loop
vertex 23.221 -19.057 52.0
vertex 24.128 -17.895 52.0
vertex 22.448 -18.423 53.0
endloop
endfacet
facet normal 0.5575653049812016 -0.4350398331570407 0.7070086804615017
outer loop
vertex 22.448 -18.423 53.0
vertex 24.128 -17.895 52.0
vertex 23.325 -17.299 53.0
endloop
endfacet
facet normal 0.0 -0.0 1.0
outer loop
vertex 22.448 -18.423 53.0
vertex 23.325 -17.299 53.0
vertex 16.79 -13.779 53.0
endloop
endfacet
facet normal -0.0 -0.0 1.0
outer loop
vertex 16.79 -13.779 53.0
vertex 23.325 -17.299 53.0
vertex 17.446 -12.939 53.0
endloop
endfacet
facet normal -0.7881381576804046 0.6154983707599374 0.0
outer loop
vertex 16.79 -13.779 53.0
vertex 17.446 -12.939 53.0
vertex 16.79 -13.779 1.0
endloop
endfacet
facet normal -0.7881381576804046 0.6154983707599374 0.0
outer loop
vertex 16.79 -13.779 1.0
vertex 17.446 -12.939 53.0
vertex 17.446 -12.939 1.0
endloop
endfacet
facet normal -0.7861918157246429 0.6139783703754377 -0.07023524470457207
outer loop
vertex 16.79 -13.779 1.0
vertex 17.446 -12.939 1.0
vertex 16.798 -13.785 0.858
endloop
endfacet
facet normal -0.7861918157246429 0.6139783703754377 -0.07023524470457194
outer loop
vertex 16.798 -13.785 0.858
vertex 17.446 -12.939 1.0
vertex 17.454 -12.945 0.858
endloop
endfacet
facet normal -0.7701472813928176 0.6014483530877265 -0.21244538952708253
outer loop
vertex 16.798 -13.785 0.858
vertex 17.454 -12.945 0.858
vertex 16.821 -13.805 0.718
endloop
endfacet
facet normal -0.7708990605343651 0.601521000915769 -0.20949253906649032
outer loop
vertex 16.821 -13.805 0.718
vertex 17.454 -12.945 0.858
vertex 17.478 -12.963 0.718
endloop
endfacet
facet normal -0.7383002657471666 0.5760846491637628 -0.35076943224221735
outer loop
vertex 16.821 -13.805 0.718
vertex 17.478 -12.963 0.718
vertex 16.86 -13.836 0.585
endloop
endfacet
facet normal -0.7393406737262523 0.5764054067676246 -0.34804047928805676
outer loop
vertex 16.86 -13.836 0.585
vertex 17.478 -12.963 0.718
vertex 17.518 -12.992 0.585
endloop
endfacet
facet normal -0.6938823284837295 0.540965132870018 -0.4752725946621806
outer loop
vertex 16.86 -13.836 0.585
vertex 17.518 -12.992 0.585
vertex 16.912 -13.88 0.459
endloop
endfacet
facet normal -0.6924196792976872 0.5403652987199191 -0.47807983816578214
outer loop
vertex 16.912 -13.88 0.459
vertex 17.518 -12.992 0.585
vertex 17.573 -13.033 0.459
endloop
endfacet
facet normal -0.6292409193613778 0.4910605049561641 -0.6024246391653025
outer loop
vertex 16.912 -13.88 0.459
vertex 17.573 -13.033 0.459
vertex 16.979 -13.934 0.345
endloop
endfacet
facet normal -0.6300761031544168 0.4914593604604455 -0.6012252500099732
outer loop
vertex 16.979 -13.934 0.345
vertex 17.573 -13.033 0.459
vertex 17.642 -13.084 0.345
endloop
endfacet
facet normal -0.5579274818140778 0.43518343581498103 -0.7066344898381837
outer loop
vertex 16.979 -13.934 0.345
vertex 17.642 -13.084 0.345
vertex 17.057 -13.998 0.244
endloop
endfacet
facet normal -0.5582263184488203 0.43533808909474814 -0.7063031400003891
outer loop
vertex 17.057 -13.998 0.244
vertex 17.642 -13.084 0.345
vertex 17.723 -13.144 0.244
endloop
endfacet
facet normal -0.47223464669838927 0.3682766682682994 -0.8008537532326663
outer loop
vertex 17.057 -13.998 0.244
vertex 17.723 -13.144 0.244
vertex 17.145 -14.07 0.159
endloop
endfacet
facet normal -0.47016066913742116 0.3671417812611571 -0.8025932080753221
outer loop
vertex 17.145 -14.07 0.159
vertex 17.723 -13.144 0.244
vertex 17.815 -13.212 0.159
endloop
endfacet
facet normal -0.3792861976114793 0.2961791986010392 -0.8765956095130022
outer loop
vertex 17.145 -14.07 0.159
vertex 17.815 -13.212 0.159
vertex 17.242 -14.15 0.09
endloop
endfacet
facet normal -0.38113531578767723 0.297223716715071 -0.8754392801796747
outer loop
vertex 17.242 -14.15 0.09
vertex 17.815 -13.212 0.159
vertex 17.915 -13.287 0.09
endloop
endfacet
facet normal -0.2717237558742642 0.21190044925072934 -0.9387568375787855
outer loop
vertex 17.242 -14.15 0.09
vertex 17.915 -13.287 0.09
vertex 17.345 -14.235 0.041
endloop
endfacet
facet normal -0.2712235464516699 0.21161054602328244 -0.9389668602575423
outer loop
vertex 17.345 -14.235 0.041
vertex 17.915 -13.287 0.09
vertex 18.023 -13.366 0.041
endloop
endfacet
facet normal -0.17128872476621704 0.13364068514556424 -0.9761149215342358
outer loop
vertex 17.345 -14.235 0.041
vertex 18.023 -13.366 0.041
vertex 17.453 -14.323 0.01
endloop
endfacet
facet normal -0.17039896096526472 0.13311808863494934 -0.9763420346272795
outer loop
vertex 17.453 -14.323 0.01
vertex 18.023 -13.366 0.041
vertex 18.135 -13.45 0.01
endloop
endfacet
facet normal -0.055323423423527 0.043219444186535484 -0.9975326553376125
outer loop
vertex 17.453 -14.323 0.01
vertex 18.135 -13.45 0.01
vertex 17.563 -14.413 0.0
endloop
endfacet
facet normal -0.055554374734341536 0.043356428973558944 -0.9975138753493793
outer loop
vertex 17.563 -14.413 0.0
vertex 18.135 -13.45 0.01
vertex 18.249 -13.534 0.0
endloop
endfacet
facet normal 0.0 0.0 -0.9999999999999999
outer loop
vertex 18.249 -13.534 0.0
vertex 18.891 -12.623 0.0
vertex 28.112 -20.849 0.0
endloop
endfacet
facet normal 0.0 0.0 -1.0
outer loop
vertex 28.112 -20.849 0.0
vertex 18.891 -12.623 0.0
vertex 29.101 -19.445 0.0
endloop
endfacet
facet normal 0.8175322772943157 -0.5758827793761245 0.0
outer loop
vertex 28.112 -20.849 0.0
vertex 29.101 -19.445 0.0
vertex 28.112 -20.849 3.0
endloop
endfacet
facet normal 0.8175322772943157 -0.5758827793761245 0.0
outer loop
vertex 28.112 -20.849 3.0
vertex 29.101 -19.445 0.0
vertex 29.101 -19.445 3.0
endloop
endfacet
facet normal 0.0 -0.0 1.0
outer loop
vertex 28.112 -20.849 3.0
vertex 29.101 -19.445 3.0
vertex 24.128 -17.895 3.0
endloop
endfacet
facet normal -0.0 -0.0 1.0
outer loop
vertex 24.128 -17.895 3.0
vertex 29.101 -19.445 3.0
vertex 24.977 -16.689 3.0
endloop
endfacet
facet normal 0.8177000360265625 -0.5756445527251676 0.0
outer loop
vertex 24.128 -17.895 3.0
vertex 24.977 -16.689 3.0
vertex 24.128 -17.895 52.0
endloop
endfacet
facet normal 0.8177000360265625 -0.5756445527251676 0.0
outer loop
vertex 24.128 -17.895 52.0
vertex 24.977 -16.689 3.0
vertex 24.977 -16.689 52.0
endloop
endfacet
facet normal 0.5782887629323599 -0.4071037808702934 0.7069997300333805
outer loop
vertex 24.128 -17.895 52.0
vertex 24.977 -16.689 52.0
vertex 23.325 -17.299 53.0
endloop
endfacet
facet normal 0.5782946780626671 -0.4075364211926617 0.7067455912320032
outer loop
vertex 23.325 -17.299 53.0
vertex 24.977 -16.689 52.0
vertex 24.146 -16.134 53.0
endloop
endfacet
facet normal 0.0 -0.0 1.0
outer loop
vertex 23.325 -17.299 53.0
vertex 24.146 -16.134 53.0
vertex 17.446 -12.939 53.0
endloop
endfacet
facet normal -0.0 -0.0 1.0
outer loop
vertex 17.446 -12.939 53.0
vertex 24.146 -16.134 53.0
vertex 18.06 -12.067 53.0
endloop
endfacet
facet normal -0.8176429403130797 0.5757256483397118 0.0
outer loop
vertex 17.446 -12.939 53.0
vertex 18.06 -12.067 53.0
vertex 17.446 -12.939 1.0
endloop
endfacet
facet normal -0.8176429403130797 0.5757256483397118 0.0
outer loop
vertex 17.446 -12.939 1.0
vertex 18.06 -12.067 53.0
vertex 18.06 -12.067 1.0
endloop
endfacet
facet normal -0.8156247803853899 0.5743046045374165 -0.07021708359371136
outer loop
vertex 17.446 -12.939 1.0
vertex 18.06 -12.067 1.0
vertex 17.454 -12.945 0.858
endloop
endfacet
facet normal -0.8156247803853871 0.5743046045374178 -0.07021708359373179
outer loop
vertex 17.454 -12.945 0.858
vertex 18.06 -12.067 1.0
vertex 18.068 -12.073 0.858
endloop
endfacet
facet normal -0.7995090417503202 0.5629570546269465 -0.20943888560923443
outer loop
vertex 17.454 -12.945 0.858
vertex 18.068 -12.073 0.858
vertex 17.478 -12.963 0.718
endloop
endfacet
facet normal -0.8000729663679044 0.5629804053961792 -0.2072107903252525
outer loop
vertex 17.478 -12.963 0.718
vertex 18.068 -12.073 0.858
vertex 18.093 -12.089 0.718
endloop
endfacet
facet normal -0.7666447865478534 0.5394582880170816 -0.3481961038677422
outer loop
vertex 17.478 -12.963 0.718
vertex 18.093 -12.089 0.718
vertex 17.518 -12.992 0.585
endloop
endfacet
facet normal -0.7641058880537016 0.538803809061868 -0.35472897708262585
outer loop
vertex 17.518 -12.992 0.585
vertex 18.093 -12.089 0.718
vertex 18.135 -12.117 0.585
endloop
endfacet
facet normal -0.7178234714389328 0.5061680935746539 -0.47804113306112056
outer loop
vertex 17.518 -12.992 0.585
vertex 18.135 -12.117 0.585
vertex 17.573 -13.033 0.459
endloop
endfacet
facet normal -0.7180931602682344 0.5062638567266935 -0.4775344181817617
outer loop
vertex 17.573 -13.033 0.459
vertex 18.135 -12.117 0.585
vertex 18.192 -12.155 0.459
endloop
endfacet
facet normal -0.6530702992358491 0.46042199911957904 -0.6012576544067683
outer loop
vertex 17.573 -13.033 0.459
vertex 18.192 -12.155 0.459
vertex 17.642 -13.084 0.345
endloop
endfacet
facet normal -0.6533688458203636 0.46054716600958806 -0.6008372984360265
outer loop
vertex 17.642 -13.084 0.345
vertex 18.192 -12.155 0.459
vertex 18.263 -12.203 0.345
endloop
endfacet
facet normal -0.5786035893741037 0.40784657094360904 -0.7063137128308803
outer loop
vertex 17.642 -13.084 0.345
vertex 18.263 -12.203 0.345
vertex 17.723 -13.144 0.244
endloop
endfacet
facet normal -0.580774972345522 0.40883933081498414 -0.7039537151516526
outer loop
vertex 17.723 -13.144 0.244
vertex 18.263 -12.203 0.345
vertex 18.346 -12.259 0.244
endloop
endfacet
facet normal -0.4877597400649909 0.3433608113677853 -0.8026168383410536
outer loop
vertex 17.723 -13.144 0.244
vertex 18.346 -12.259 0.244
vertex 17.815 -13.212 0.159
endloop
endfacet
facet normal -0.48906043743587174 0.3439908245335443 -0.801554864729649
outer loop
vertex 17.815 -13.212 0.159
vertex 18.346 -12.259 0.244
vertex 18.441 -12.322 0.159
endloop
endfacet
facet normal -0.3954181842712902 0.2781255992739625 -0.875380266270662
outer loop
vertex 17.815 -13.212 0.159
vertex 18.441 -12.322 0.159
vertex 17.915 -13.287 0.09
endloop
endfacet
facet normal -0.39219710540881664 0.2765099145396235 -0.87733898674927
outer loop
vertex 17.915 -13.287 0.09
vertex 18.441 -12.322 0.159
vertex 18.546 -12.392 0.09
endloop
endfacet
facet normal -0.28107483363987573 0.19816560896844848 -0.939003370237019
outer loop
vertex 17.915 -13.287 0.09
vertex 18.546 -12.392 0.09
vertex 18.023 -13.366 0.041
endloop
endfacet
facet normal -0.28194692485173617 0.19861594484000084 -0.9386467056469987
outer loop
vertex 18.023 -13.366 0.041
vertex 18.546 -12.392 0.09
vertex 18.657 -12.466 0.041
endloop
endfacet
facet normal -0.1768163771135345 0.12455731454442322 -0.9763306018854093
outer loop
vertex 18.023 -13.366 0.041
vertex 18.657 -12.466 0.041
vertex 18.135 -13.45 0.01
endloop
endfacet
facet normal -0.17782057563415743 0.12508216896867927 -0.9760810898113065
outer loop
vertex 18.135 -13.45 0.01
vertex 18.657 -12.466 0.041
vertex 18.773 -12.543 0.01
endloop
endfacet
facet normal -0.05763078644553505 0.04053852453390436 -0.997514571563886
outer loop
vertex 18.135 -13.45 0.01
vertex 18.773 -12.543 0.01
vertex 18.249 -13.534 0.0
endloop
endfacet
facet normal -0.05720620395926664 0.04031436107777069 -0.9975480953415038
outer loop
vertex 18.249 -13.534 0.0
vertex 18.773 -12.543 0.01
vertex 18.891 -12.623 0.0
endloop
endfacet
facet normal 0.0 0.0 -1.0
outer loop
vertex 18.891 -12.623 0.0
vertex 19.488 -11.68 0.0
vertex 29.101 -19.445 0.0
endloop
endfacet
facet normal 0.0 0.0 -1.0
outer loop
vertex 29.101 -19.445 0.0
vertex 19.488 -11.68 0.0
vertex 30.021 -17.994 0.0
endloop
endfacet
facet normal 0.8445470993869619 -0.535481275972437 0.0
outer loop
vertex 29.101 -19.445 0.0
vertex 30.021 -17.994 0.0
vertex 29.101 -19.445 3.0
endloop
endfacet
facet normal 0.8445470993869619 -0.535481275972437 0.0
outer loop
vertex 29.101 -19.445 3.0
vertex 30.021 -17.994 0.0
vertex 30.021 -17.994 3.0
endloop
endfacet
facet normal 0.0 -0.0 1.0
outer loop
vertex 29.101 -19.445 3.0
vertex 30.021 -17.994 3.0
vertex 24.977 -16.689 3.0
endloop
endfacet
facet normal -0.0 -0.0 0.9999999999999999
outer loop
vertex 24.977 -16.689 3.0
vertex 30.021 -17.994 3.0
vertex 25.766 -15.444 3.0
endloop
endfacet
facet normal 0.8446657044548227 -0.5352941693291999 0.0
outer loop
vertex 24.977 -16.689 3.0
vertex 25.766 -15.444 3.0
vertex 24.977 -16.689 52.0
endloop
endfacet
facet normal 0.8446657044548227 -0.5352941693291999 0.0
outer loop
vertex 24.977 -16.689 52.0
vertex 25.766 -15.444 3.0
vertex 25.766 -15.444 52.0
endloop
endfacet
facet normal 0.5975659238357026 -0.378698404744071 0.706754897340428
outer loop
vertex 24.977 -16.689 52.0
vertex 25.766 -15.444 52.0
vertex 24.146 -16.134 53.0
endloop
endfacet
facet normal 0.597532952797639 -0.378172848863622 0.7070641178162745
outer loop
vertex 24.146 -16.134 53.0
vertex 25.766 -15.444 52.0
vertex 24.908 -14.93 53.0
endloop
endfacet
facet normal 0.0 -0.0 1.0
outer loop
vertex 24.146 -16.134 53.0
vertex 24.908 -14.93 53.0
vertex 18.06 -12.067 53.0
endloop
endfacet
facet normal -0.0 -0.0 1.0
outer loop
vertex 18.06 -12.067 53.0
vertex 24.908 -14.93 53.0
vertex 18.63 -11.166 53.0
endloop
endfacet
facet normal -0.8450874844431213 0.5346280423225078 0.0
outer loop
vertex 18.06 -12.067 53.0
vertex 18.63 -11.166 53.0
vertex 18.06 -12.067 1.0
endloop
endfacet
facet normal -0.8450874844431213 0.5346280423225078 0.0
outer loop
vertex 18.06 -12.067 1.0
vertex 18.63 -11.166 53.0
vertex 18.63 -11.166 1.0
endloop
endfacet
facet normal -0.843012808544073 0.5333155392565173 -0.07002813875981724
outer loop
vertex 18.06 -12.067 1.0
vertex 18.63 -11.166 1.0
vertex 18.068 -12.073 0.858
endloop
endfacet
facet normal -0.8422250288952112 0.5337519328514583 -0.07593335814905675
outer loop
vertex 18.068 -12.073 0.858
vertex 18.63 -11.166 1.0
vertex 18.639 -11.172 0.858
endloop
endfacet
facet normal -0.8262975269086514 0.5236580331463245 -0.20739976216468814
outer loop
vertex 18.068 -12.073 0.858
vertex 18.639 -11.172 0.858
vertex 18.093 -12.089 0.718
endloop
endfacet
facet normal -0.8257741823349422 0.523661676602645 -0.20946467064105262
outer loop
vertex 18.093 -12.089 0.718
vertex 18.639 -11.172 0.858
vertex 18.665 -11.187 0.718
endloop
endfacet
facet normal -0.7895814153575134 0.5007101658364705 -0.3547541660784829
outer loop
vertex 18.093 -12.089 0.718
vertex 18.665 -11.187 0.718
vertex 18.135 -12.117 0.585
endloop
endfacet
facet normal -0.7921776692919598 0.5012451624280968 -0.3481491453638646
outer loop
vertex 18.135 -12.117 0.585
vertex 18.665 -11.187 0.718
vertex 18.707 -11.213 0.585
endloop
endfacet
facet normal -0.7424575887607392 0.46978511147250157 -0.47755489520091654
outer loop
vertex 18.135 -12.117 0.585
vertex 18.707 -11.213 0.585
vertex 18.192 -12.155 0.459
endloop
endfacet
facet normal -0.7422076806484065 0.4697102631666856 -0.47801676483403355
outer loop
vertex 18.192 -12.155 0.459
vertex 18.707 -11.213 0.585
vertex 18.766 -11.248 0.459
endloop
endfacet
facet normal -0.6755350899167928 0.4275161429021364 -0.6007347916087353
outer loop
vertex 18.192 -12.155 0.459
vertex 18.766 -11.248 0.459
vertex 18.263 -12.203 0.345
endloop
endfacet
facet normal -0.6769895194811725 0.4280416720320016 -0.5987198990485448
outer loop
vertex 18.263 -12.203 0.345
vertex 18.766 -11.248 0.459
vertex 18.839 -11.292 0.345
endloop
endfacet
facet normal -0.6003899928335478 0.37960991863021054 -0.7038665826581749
outer loop
vertex 18.263 -12.203 0.345
vertex 18.839 -11.292 0.345
vertex 18.346 -12.259 0.244
endloop
endfacet
facet normal -0.5962816045157198 0.377970853135646 -0.7082275639200092
outer loop
vertex 18.346 -12.259 0.244
vertex 18.839 -11.292 0.345
vertex 18.926 -11.344 0.244
endloop
endfacet
facet normal -0.5049574528770095 0.3200823198564638 -0.8016016961679081
outer loop
vertex 18.346 -12.259 0.244
vertex 18.926 -11.344 0.244
vertex 18.441 -12.322 0.159
endloop
endfacet
facet normal -0.5054058088833815 0.3202734636728396 -0.8012427078070272
outer loop
vertex 18.441 -12.322 0.159
vertex 18.926 -11.344 0.244
vertex 19.024 -11.402 0.159
endloop
endfacet
facet normal -0.4053154788444612 0.2568466567025236 -0.8773534963455845
outer loop
vertex 18.441 -12.322 0.159
vertex 19.024 -11.402 0.159
vertex 18.546 -12.392 0.09
endloop
endfacet
facet normal -0.40799647627830093 0.25803020391654774 -0.875762119077592
outer loop
vertex 18.546 -12.392 0.09
vertex 19.024 -11.402 0.159
vertex 19.131 -11.467 0.09
endloop
endfacet
facet normal -0.29146964298733224 0.18433485529469168 -0.9386512176204332
outer loop
vertex 18.546 -12.392 0.09
vertex 19.131 -11.467 0.09
vertex 18.657 -12.466 0.041
endloop
endfacet
facet normal -0.2899979087185389 0.1836653421884076 -0.9392381247679894
outer loop
vertex 18.657 -12.466 0.041
vertex 19.131 -11.467 0.09
vertex 19.246 -11.536 0.041
endloop
endfacet
facet normal -0.18364580156554777 0.11630900765818003 -0.9760873087510753
outer loop
vertex 18.657 -12.466 0.041
vertex 19.246 -11.536 0.041
vertex 18.773 -12.543 0.01
endloop
endfacet
facet normal -0.1834167504597276 0.11620313357117358 -0.9761429851200253
outer loop
vertex 18.773 -12.543 0.01
vertex 19.246 -11.536 0.041
vertex 19.366 -11.607 0.01
endloop
endfacet
facet normal -0.0591370819492398 0.03746612136314017 -0.9975465379061428
outer loop
vertex 18.773 -12.543 0.01
vertex 19.366 -11.607 0.01
vertex 18.891 -12.623 0.0
endloop
endfacet
facet normal -0.05930103285812292 0.037542647525238046 -0.9975339278033382
outer loop
vertex 18.891 -12.623 0.0
vertex 19.366 -11.607 0.01
vertex 19.488 -11.68 0.0
endloop
endfacet
facet normal 0.0 0.0 -1.0
outer loop
vertex 19.488 -11.68 0.0
vertex 20.037 -10.71 0.0
vertex 30.021 -17.994 0.0
endloop
endfacet
facet normal 0.0 0.0 -1.0
outer loop
vertex 30.021 -17.994 0.0
vertex 20.037 -10.71 0.0
vertex 30.867 -16.499 0.0
endloop
endfacet
facet normal 0.8703133534670595 -0.4924983926643023 0.0
outer loop
vertex 30.021 -17.994 0.0
vertex 30.867 -16.499 0.0
vertex 30.021 -17.994 3.0
endloop
endfacet
facet normal 0.8703133534670595 -0.4924983926643023 0.0
outer loop
vertex 30.021 -17.994 3.0
vertex 30.867 -16.499 0.0
vertex 30.867 -16.499 3.0
endloop
endfacet
facet normal 0.0 -0.0 1.0
outer loop
vertex 30.021 -17.994 3.0
vertex 30.867 -16.499 3.0
vertex 25.766 -15.444 3.0
endloop
endfacet
facet normal -0.0 -0.0 0.9999999999999999
outer loop
vertex 25.766 -15.444 3.0
vertex 30.867 -16.499 3.0
vertex 26.493 -14.161 3.0
endloop
endfacet
facet normal 0.8700318813001833 -0.4929954619682252 0.0
outer loop
vertex 25.766 -15.444 3.0
vertex 26.493 -14.161 3.0
vertex 25.766 -15.444 52.0
endloop
endfacet
facet normal 0.8700318813001833 -0.4929954619682252 0.0
outer loop
vertex 25.766 -15.444 52.0
vertex 26.493 -14.161 3.0
vertex 26.493 -14.161 52.0
endloop
endfacet
facet normal 0.6152401965584583 -0.348620126966484 0.7070668339079285
outer loop
vertex 25.766 -15.444 52.0
vertex 26.493 -14.161 52.0
vertex 24.908 -14.93 53.0
endloop
endfacet
facet normal 0.6152282246454372 -0.34851365183379707 0.7071297378028264
outer loop
vertex 24.908 -14.93 53.0
vertex 26.493 -14.161 52.0
vertex 25.611 -13.689 53.0
endloop
endfacet
facet normal 0.0 -0.0 1.0
outer loop
vertex 24.908 -14.93 53.0
vertex 25.611 -13.689 53.0
vertex 18.63 -11.166 53.0
endloop
endfacet
facet normal -0.0 -0.0 1.0
outer loop
vertex 18.63 -11.166 53.0
vertex 25.611 -13.689 53.0
vertex 19.155 -10.239 53.0
endloop
endfacet
facet normal -0.8701429468074582 0.4927994035317342 0.0
outer loop
vertex 18.63 -11.166 53.0
vertex 19.155 -10.239 53.0
vertex 18.63 -11.166 1.0
endloop
endfacet
facet normal -0.8701429468074582 0.4927994035317342 0.0
outer loop
vertex 18.63 -11.166 1.0
vertex 19.155 -10.239 53.0
vertex 19.155 -10.239 1.0
endloop
endfacet
facet normal -0.8676426162398131 0.4913833587118705 -0.07575411055232341
outer loop
vertex 18.63 -11.166 1.0
vertex 19.155 -10.239 1.0
vertex 18.639 -11.172 0.858
endloop
endfacet
facet normal -0.8680920175736487 0.49110809183854204 -0.07231245505179827
outer loop
vertex 18.639 -11.172 0.858
vertex 19.155 -10.239 1.0
vertex 19.164 -10.244 0.858
endloop
endfacet
facet normal -0.8510310716335601 0.4814561558271772 -0.20963321571342472
outer loop
vertex 18.639 -11.172 0.858
vertex 19.164 -10.244 0.858
vertex 18.665 -11.187 0.718
endloop
endfacet
facet normal -0.8503876260696596 0.48148965695655604 -0.21215229358050086
outer loop
vertex 18.665 -11.187 0.718
vertex 19.164 -10.244 0.858
vertex 19.191 -10.258 0.718
endloop
endfacet
facet normal -0.8158268429066149 0.4619213340892133 -0.34792994051427484
outer loop
vertex 18.665 -11.187 0.718
vertex 19.191 -10.258 0.718
vertex 18.707 -11.213 0.585
endloop
endfacet
facet normal -0.8151889436709454 0.46182377924705875 -0.3495508304075565
outer loop
vertex 18.707 -11.213 0.585
vertex 19.191 -10.258 0.718
vertex 19.235 -10.281 0.585
endloop
endfacet
facet normal -0.7641938705549843 0.4329338665805057 -0.4780962197861899
outer loop
vertex 18.707 -11.213 0.585
vertex 19.235 -10.281 0.585
vertex 18.766 -11.248 0.459
endloop
endfacet
facet normal -0.7645350801064579 0.43301826271554517 -0.47747386885715876
outer loop
vertex 18.766 -11.248 0.459
vertex 19.235 -10.281 0.585
vertex 19.295 -10.314 0.459
endloop
endfacet
facet normal -0.6969716135361177 0.3947515883946563 -0.5986666462938759
outer loop
vertex 18.766 -11.248 0.459
vertex 19.295 -10.314 0.459
vertex 18.839 -11.292 0.345
endloop
endfacet
facet normal -0.6948697202705539 0.3941052144818065 -0.6015290115774726
outer loop
vertex 18.839 -11.292 0.345
vertex 19.295 -10.314 0.459
vertex 19.371 -10.354 0.345
endloop
endfacet
facet normal -0.6140649362887967 0.34827563550707846 -0.7082572525098327
outer loop
vertex 18.839 -11.292 0.345
vertex 19.371 -10.354 0.345
vertex 18.926 -11.344 0.244
endloop
endfacet
facet normal -0.6165072516501784 0.3491143927690317 -0.705718038188237
outer loop
vertex 18.926 -11.344 0.244
vertex 19.371 -10.354 0.345
vertex 19.46 -10.401 0.244
endloop
endfacet
facet normal -0.5205618549394496 0.2947826410791808 -0.8013229996077624
outer loop
vertex 18.926 -11.344 0.244
vertex 19.46 -10.401 0.244
vertex 19.024 -11.402 0.159
endloop
endfacet
facet normal -0.5213009055767347 0.2950552116041488 -0.8007420233446645
outer loop
vertex 19.024 -11.402 0.159
vertex 19.46 -10.401 0.244
vertex 19.56 -10.455 0.159
endloop
endfacet
facet normal -0.42021855783206796 0.2378428162597547 -0.8756980977523964
outer loop
vertex 19.024 -11.402 0.159
vertex 19.56 -10.455 0.159
vertex 19.131 -11.467 0.09
endloop
endfacet
facet normal -0.418758919276981 0.23728207388202424 -0.8765490202722379
outer loop
vertex 19.131 -11.467 0.09
vertex 19.56 -10.455 0.159
vertex 19.671 -10.514 0.09
endloop
endfacet
facet normal -0.29865859527235683 0.16922942439357003 -0.9392360967240152
outer loop
vertex 19.131 -11.467 0.09
vertex 19.671 -10.514 0.09
vertex 19.246 -11.536 0.041
endloop
endfacet
facet normal -0.29939503247809746 0.16952190055850658 -0.9389488483184113
outer loop
vertex 19.246 -11.536 0.041
vertex 19.671 -10.514 0.09
vertex 19.789 -10.577 0.041
endloop
endfacet
facet normal -0.18889262446948496 0.10695380092484974 -0.976155961354925
outer loop
vertex 19.246 -11.536 0.041
vertex 19.789 -10.577 0.041
vertex 19.366 -11.607 0.01
endloop
endfacet
facet normal -0.18868938103489885 0.10687178635379131 -0.9762042505368517
outer loop
vertex 19.366 -11.607 0.01
vertex 19.789 -10.577 0.041
vertex 19.912 -10.643 0.01
endloop
endfacet
facet normal -0.061068602628658854 0.034588648376813004 -0.9975340852203738
outer loop
vertex 19.366 -11.607 0.01
vertex 19.912 -10.643 0.01
vertex 19.488 -11.68 0.0
endloop
endfacet
facet normal -0.06122749247084111 0.03465349831597091 -0.9975220946025196
outer loop
vertex 19.488 -11.68 0.0
vertex 19.912 -10.643 0.01
vertex 20.037 -10.71 0.0
endloop
endfacet
facet normal 0.0 0.0 -0.9999999999999999
outer loop
vertex 20.037 -10.71 0.0
vertex 20.539 -9.714 0.0
vertex 30.867 -16.499 0.0
endloop
endfacet
facet normal 0.0 0.0 -1.0
outer loop
vertex 30.867 -16.499 0.0
vertex 20.539 -9.714 0.0
vertex 31.64 -14.964 0.0
endloop
endfacet
facet normal 0.8931434516822083 -0.4497719141044609 0.0
outer loop
vertex 30.867 -16.499 0.0
vertex 31.64 -14.964 0.0
vertex 30.867 -16.499 3.0
endloop
endfacet
facet normal 0.8931434516822083 -0.4497719141044609 0.0
outer loop
vertex 30.867 -16.499 3.0
vertex 31.64 -14.964 0.0
vertex 31.64 -14.964 3.0
endloop
endfacet
facet normal 0.0 -0.0 1.0
outer loop
vertex 30.867 -16.499 3.0
vertex 31.64 -14.964 3.0
vertex 26.493 -14.161 3.0
endloop
endfacet
facet normal -0.0 -0.0 1.0
outer loop
vertex 26.493 -14.161 3.0
vertex 31.64 -14.964 3.0
vertex 27.156 -12.844 3.0
endloop
endfacet
facet normal 0.8932030798833204 -0.44965348668385835 0.0
outer loop
vertex 26.493 -14.161 3.0
vertex 27.156 -12.844 3.0
vertex 26.493 -14.161 52.0
endloop
endfacet
facet normal 0.8932030798833204 -0.44965348668385835 0.0
outer loop
vertex 26.493 -14.161 52.0
vertex 27.156 -12.844 3.0
vertex 27.156 -12.844 52.0
endloop
endfacet
facet normal 0.6315768297734605 -0.3179464222777558 0.7071214751752916
outer loop
vertex 26.493 -14.161 52.0
vertex 27.156 -12.844 52.0
vertex 25.611 -13.689 53.0
endloop
endfacet
facet normal 0.6315899974796192 -0.318027642093036 0.7070731885373949
outer loop
vertex 25.611 -13.689 53.0
vertex 27.156 -12.844 52.0
vertex 26.252 -12.416 53.0
endloop
endfacet
facet normal 0.0 -0.0 1.0
outer loop
vertex 25.611 -13.689 53.0
vertex 26.252 -12.416 53.0
vertex 19.155 -10.239 53.0
endloop
endfacet
facet normal -0.0 -0.0 0.9999999999999999
outer loop
vertex 19.155 -10.239 53.0
vertex 26.252 -12.416 53.0
vertex 19.635 -9.286 53.0
endloop
endfacet
facet normal -0.8931113209988969 0.44983571257027316 0.0
outer loop
vertex 19.155 -10.239 53.0
vertex 19.635 -9.286 53.0
vertex 19.155 -10.239 1.0
endloop
endfacet
facet normal -0.8931113209988969 0.44983571257027316 0.0
outer loop
vertex 19.155 -10.239 1.0
vertex 19.635 -9.286 53.0
vertex 19.635 -9.286 1.0
endloop
endfacet
facet normal -0.8907768619816241 0.448659909497565 -0.07225557257269216
outer loop
vertex 19.155 -10.239 1.0
vertex 19.635 -9.286 1.0
vertex 19.164 -10.244 0.858
endloop
endfacet
facet normal -0.8907768619816262 0.4486599094975635 -0.07225557257267565
outer loop
vertex 19.164 -10.244 0.858
vertex 19.635 -9.286 1.0
vertex 19.644 -9.291 0.858
endloop
endfacet
facet normal -0.8727571253324413 0.4395838616574705 -0.21227583176555692
outer loop
vertex 19.164 -10.244 0.858
vertex 19.644 -9.291 0.858
vertex 19.191 -10.258 0.718
endloop
endfacet
facet normal -0.8735200280961843 0.4395069323754396 -0.20927593485341814
outer loop
vertex 19.191 -10.258 0.718
vertex 19.644 -9.291 0.858
vertex 19.671 -9.304 0.718
endloop
endfacet
facet normal -0.8369029152564664 0.4210832278019966 -0.3496890414340711
outer loop
vertex 19.191 -10.258 0.718
vertex 19.671 -9.304 0.718
vertex 19.235 -10.281 0.585
endloop
endfacet
facet normal -0.8369166915859946 0.42108465340257767 -0.34965435220169094
outer loop
vertex 19.235 -10.281 0.585
vertex 19.671 -9.304 0.718
vertex 19.716 -9.325 0.585
endloop
endfacet
facet normal -0.7850035905899042 0.39496519568383337 -0.4772544991504949
outer loop
vertex 19.235 -10.281 0.585
vertex 19.716 -9.325 0.585
vertex 19.295 -10.314 0.459
endloop
endfacet
facet normal -0.7850369561344193 0.39497171855512686 -0.4771942152256412
outer loop
vertex 19.295 -10.314 0.459
vertex 19.716 -9.325 0.585
vertex 19.778 -9.354 0.459
endloop
endfacet
facet normal -0.7135354468289594 0.35899752168581767 -0.6016543405827289
outer loop
vertex 19.295 -10.314 0.459
vertex 19.778 -9.354 0.459
vertex 19.371 -10.354 0.345
endloop
endfacet
facet normal -0.7150542971622399 0.3593834681480017 -0.5996172737102635
outer loop
vertex 19.371 -10.354 0.345
vertex 19.778 -9.354 0.459
vertex 19.855 -9.391 0.345
endloop
endfacet
facet normal -0.6329643013245925 0.31812536016729404 -0.7057991558985459
outer loop
vertex 19.371 -10.354 0.345
vertex 19.855 -9.391 0.345
vertex 19.46 -10.401 0.244
endloop
endfacet
facet normal -0.6299482729275683 0.31725419743094574 -0.7088828871174845
outer loop
vertex 19.46 -10.401 0.244
vertex 19.855 -9.391 0.345
vertex 19.947 -9.434 0.244
endloop
endfacet
facet normal -0.5350657328125197 0.2694695055632845 -0.8006814891960974
outer loop
vertex 19.46 -10.401 0.244
vertex 19.947 -9.434 0.244
vertex 19.56 -10.455 0.159
endloop
endfacet
facet normal -0.533665137297132 0.2690287214769505 -0.8017637234585452
outer loop
vertex 19.56 -10.455 0.159
vertex 19.947 -9.434 0.244
vertex 20.05 -9.483 0.159
endloop
endfacet
facet normal -0.42974634857256766 0.21664167777835297 -0.8765754156591009
outer loop
vertex 19.56 -10.455 0.159
vertex 20.05 -9.483 0.159
vertex 19.671 -10.514 0.09
endloop
endfacet
facet normal -0.43233613605170784 0.21749425249227064 -0.8750895471874336
outer loop
vertex 19.671 -10.514 0.09
vertex 20.05 -9.483 0.159
vertex 20.163 -9.536 0.09
endloop
endfacet
facet normal -0.30735227867197135 0.15461893773682026 -0.9389502440961843
outer loop
vertex 19.671 -10.514 0.09
vertex 20.163 -9.536 0.09
vertex 19.789 -10.577 0.041
endloop
endfacet
facet normal -0.3064186657418019 0.15430034541423301 -0.9393077263016962
outer loop
vertex 19.789 -10.577 0.041
vertex 20.163 -9.536 0.09
vertex 20.284 -9.594 0.041
endloop
endfacet
facet normal -0.19369682584172515 0.0975380760851001 -0.9762007290370447
outer loop
vertex 19.789 -10.577 0.041
vertex 20.284 -9.594 0.041
vertex 19.912 -10.643 0.01
endloop
endfacet
facet normal -0.19435810805646783 0.09776801799204159 -0.9760462798917979
outer loop
vertex 19.912 -10.643 0.01
vertex 20.284 -9.594 0.041
vertex 20.41 -9.653 0.01
endloop
endfacet
facet normal -0.06285461180277087 0.03161777442199995 -0.9975217361620361
outer loop
vertex 19.912 -10.643 0.01
vertex 20.41 -9.653 0.01
vertex 20.037 -10.71 0.0
endloop
endfacet
facet normal -0.06244652643297176 0.03147405247926903 -0.997551911108885
outer loop
vertex 20.037 -10.71 0.0
vertex 20.41 -9.653 0.01
vertex 20.539 -9.714 0.0
endloop
endfacet
facet normal 0.0 0.0 -1.0
outer loop
vertex 20.539 -9.714 0.0
vertex 20.991 -8.695 0.0
vertex 31.64 -14.964 0.0
endloop
endfacet
facet normal 0.0 0.0 -0.9999999999999999
outer loop
vertex 31.64 -14.964 0.0
vertex 20.991 -8.695 0.0
vertex 32.336 -13.394 0.0
endloop
endfacet
facet normal 0.9141953311144401 -0.4052738537934065 0.0
outer loop
vertex 31.64 -14.964 0.0
vertex 32.336 -13.394 0.0
vertex 31.64 -14.964 3.0
endloop
endfacet
facet normal 0.9141953311144401 -0.4052738537934065 0.0
outer loop
vertex 31.64 -14.964 3.0
vertex 32.336 -13.394 0.0
vertex 32.336 -13.394 3.0
endloop
endfacet
facet normal 0.0 -0.0 1.0
outer loop
vertex 31.64 -14.964 3.0
vertex 32.336 -13.394 3.0
vertex 27.156 -12.844 3.0
endloop
endfacet
facet normal -0.0 -0.0 1.0
outer loop
vertex 27.156 -12.844 3.0
vertex 32.336 -13.394 3.0
vertex 27.753 -11.496 3.0
endloop
endfacet
facet normal 0.91434221422311 -0.4049423604534112 0.0
outer loop
vertex 27.156 -12.844 3.0
vertex 27.753 -11.496 3.0
vertex 27.156 -12.844 52.0
endloop
endfacet
facet normal 0.91434221422311 -0.4049423604534112 0.0
outer loop
vertex 27.156 -12.844 52.0
vertex 27.753 -11.496 3.0
vertex 27.753 -11.496 52.0
endloop
endfacet
facet normal 0.6465761497274611 -0.28635457076208864 0.7070645956397985
outer loop
vertex 27.156 -12.844 52.0
vertex 27.753 -11.496 52.0
vertex 26.252 -12.416 53.0
endloop
endfacet
facet normal 0.6465679153068591 -0.28631595328630743 0.7070877638521935
outer loop
vertex 26.252 -12.416 53.0
vertex 27.753 -11.496 52.0
vertex 26.829 -11.113 53.0
endloop
endfacet
facet normal 0.0 -0.0 1.0
outer loop
vertex 26.252 -12.416 53.0
vertex 26.829 -11.113 53.0
vertex 19.635 -9.286 53.0
endloop
endfacet
facet normal -0.0 -0.0 0.9999999999999999
outer loop
vertex 19.635 -9.286 53.0
vertex 26.829 -11.113 53.0
vertex 20.067 -8.312 53.0
endloop
endfacet
facet normal -0.9141208987483042 0.40544171279185426 0.0
outer loop
vertex 19.635 -9.286 53.0
vertex 20.067 -8.312 53.0
vertex 19.635 -9.286 1.0
endloop
endfacet
facet normal -0.9141208987483042 0.40544171279185426 0.0
outer loop
vertex 19.635 -9.286 1.0
vertex 20.067 -8.312 53.0
vertex 20.067 -8.312 1.0
endloop
endfacet
facet normal -0.9117467157244585 0.40438868705643194 -0.07202580194929355
outer loop
vertex 19.635 -9.286 1.0
vertex 20.067 -8.312 1.0
vertex 19.644 -9.291 0.858
endloop
endfacet
facet normal -0.9120837985097208 0.40412328303200157 -0.06919188252617142
outer loop
vertex 19.644 -9.291 0.858
vertex 20.067 -8.312 1.0
vertex 20.076 -8.316 0.858
endloop
endfacet
facet normal -0.8940434927349314 0.39613003985794104 -0.20920617729998017
outer loop
vertex 19.644 -9.291 0.858
vertex 20.076 -8.316 0.858
vertex 19.671 -9.304 0.718
endloop
endfacet
facet normal -0.8938688882143424 0.39615683582068584 -0.20990038617162612
outer loop
vertex 19.671 -9.304 0.718
vertex 20.076 -8.316 0.858
vertex 20.104 -8.327 0.718
endloop
endfacet
facet normal -0.8565019905213502 0.3795960715411918 -0.3497301283896755
outer loop
vertex 19.671 -9.304 0.718
vertex 20.104 -8.327 0.718
vertex 19.716 -9.325 0.585
endloop
endfacet
facet normal -0.8562461301819303 0.3795820434105781 -0.35037128430954356
outer loop
vertex 19.716 -9.325 0.585
vertex 20.104 -8.327 0.718
vertex 20.15 -8.346 0.585
endloop
endfacet
facet normal -0.8033561098284587 0.3561353949597031 -0.47726988304122153
outer loop
vertex 19.716 -9.325 0.585
vertex 20.15 -8.346 0.585
vertex 19.778 -9.354 0.459
endloop
endfacet
facet normal -0.8030447003530029 0.35609015764888696 -0.47782738395841906
outer loop
vertex 19.778 -9.354 0.459
vertex 20.15 -8.346 0.585
vertex 20.213 -8.373 0.459
endloop
endfacet
facet normal -0.7316692528530223 0.32444049438436945 -0.5994985154553146
outer loop
vertex 19.778 -9.354 0.459
vertex 20.213 -8.373 0.459
vertex 19.855 -9.391 0.345
endloop
endfacet
facet normal -0.7323387453260137 0.3245760970663982 -0.5986069823410548
outer loop
vertex 19.855 -9.391 0.345
vertex 20.213 -8.373 0.459
vertex 20.292 -8.405 0.345
endloop
endfacet
facet normal -0.6447572896041045 0.2857595695304201 -0.7089636844889573
outer loop
vertex 19.855 -9.391 0.345
vertex 20.292 -8.405 0.345
vertex 19.947 -9.434 0.244
endloop
endfacet
facet normal -0.6440414406008651 0.2855900933573538 -0.7096822678952182
outer loop
vertex 19.947 -9.434 0.244
vertex 20.292 -8.405 0.345
vertex 20.386 -8.444 0.244
endloop
endfacet
facet normal -0.5463688016606283 0.24227869083739012 -0.8017369696715059
outer loop
vertex 19.947 -9.434 0.244
vertex 20.386 -8.444 0.244
vertex 20.05 -9.483 0.159
endloop
endfacet
facet normal -0.5470237075692462 0.24244970355581585 -0.8012385441320786
outer loop
vertex 20.05 -9.483 0.159
vertex 20.386 -8.444 0.244
vertex 20.491 -8.488 0.159
endloop
endfacet
facet normal -0.4423995343741641 0.19607858759699065 -0.8751204714046473
outer loop
vertex 20.05 -9.483 0.159
vertex 20.491 -8.488 0.159
vertex 20.163 -9.536 0.09
endloop
endfacet
facet normal -0.44033848091736894 0.1955102855273114 -0.8762863404597913
outer loop
vertex 20.163 -9.536 0.09
vertex 20.491 -8.488 0.159
vertex 20.607 -8.536 0.09
endloop
endfacet
facet normal -0.31362305594972706 0.13924863684167854 -0.9392818511578347
outer loop
vertex 20.163 -9.536 0.09
vertex 20.607 -8.536 0.09
vertex 20.284 -9.594 0.041
endloop
endfacet
facet normal -0.3158477361145992 0.13988886822950525 -0.9384408943224664
outer loop
vertex 20.284 -9.594 0.041
vertex 20.607 -8.536 0.09
vertex 20.73 -8.587 0.041
endloop
endfacet
facet normal -0.19889220226758947 0.08808929713142526 -0.9760543876280868
outer loop
vertex 20.284 -9.594 0.041
vertex 20.73 -8.587 0.041
vertex 20.41 -9.653 0.01
endloop
endfacet
facet normal -0.1984429775644269 0.0879574500754472 -0.9761577083809714
outer loop
vertex 20.41 -9.653 0.01
vertex 20.73 -8.587 0.041
vertex 20.859 -8.64 0.01
endloop
endfacet
facet normal -0.0639302675143571 0.028336317980203796 -0.9975519906144579
outer loop
vertex 20.41 -9.653 0.01
vertex 20.859 -8.64 0.01
vertex 20.539 -9.714 0.0
endloop
endfacet
facet normal -0.0637842139757297 0.028292899624170465 -0.9975625724125554
outer loop
vertex 20.539 -9.714 0.0
vertex 20.859 -8.64 0.01
vertex 20.991 -8.695 0.0
endloop
endfacet
facet normal 0.0 0.0 -1.0
outer loop
vertex 20.991 -8.695 0.0
vertex 21.392 -7.654 0.0
vertex 32.336 -13.394 0.0
endloop
endfacet
facet normal 0.0 0.0 -0.9999999999999999
outer loop
vertex 32.336 -13.394 0.0
vertex 21.392 -7.654 0.0
vertex 32.954 -11.791 0.0
endloop
endfacet
facet normal 0.9330602770744716 -0.3597200569133035 0.0
outer loop
vertex 32.336 -13.394 0.0
vertex 32.954 -11.791 0.0
vertex 32.336 -13.394 3.0
endloop
endfacet
facet normal 0.9330602770744716 -0.3597200569133035 0.0
outer loop
vertex 32.336 -13.394 3.0
vertex 32.954 -11.791 0.0
vertex 32.954 -11.791 3.0
endloop
endfacet
facet normal 0.0 -0.0 0.9999999999999999
outer loop
vertex 32.336 -13.394 3.0
vertex 32.954 -11.791 3.0
vertex 27.753 -11.496 3.0
endloop
endfacet
facet normal -0.0 -0.0 1.0
outer loop
vertex 27.753 -11.496 3.0
vertex 32.954 -11.791 3.0
vertex 28.284 -10.12 3.0
endloop
endfacet
facet normal 0.9329431074995648 -0.3600238300016477 0.0
outer loop
vertex 27.753 -11.496 3.0
vertex 28.284 -10.12 3.0
vertex 27.753 -11.496 52.0
endloop
endfacet
facet normal 0.9329431074995648 -0.3600238300016477 0.0
outer loop
vertex 27.753 -11.496 52.0
vertex 28.284 -10.12 3.0
vertex 28.284 -10.12 52.0
endloop
endfacet
facet normal 0.6597139629231114 -0.2545843854012871 0.7070815213496479
outer loop
vertex 27.753 -11.496 52.0
vertex 28.284 -10.12 52.0
vertex 26.829 -11.113 53.0
endloop
endfacet
facet normal 0.6596775555441768 -0.25444705713846727 0.7071649155782781
outer loop
vertex 26.829 -11.113 53.0
vertex 28.284 -10.12 52.0
vertex 27.342 -9.783 53.0
endloop
endfacet
facet normal 0.0 -0.0 1.0
outer loop
vertex 26.829 -11.113 53.0
vertex 27.342 -9.783 53.0
vertex 20.067 -8.312 53.0
endloop
endfacet
facet normal -0.0 -0.0 0.9999999999999999
outer loop
vertex 20.067 -8.312 53.0
vertex 27.342 -9.783 53.0
vertex 20.45 -7.317 53.0
endloop
endfacet
facet normal -0.933248877645648 0.3592304725007866 0.0
outer loop
vertex 20.067 -8.312 53.0
vertex 20.45 -7.317 53.0
vertex 20.067 -8.312 1.0
endloop
endfacet
facet normal -0.933248877645648 0.3592304725007866 0.0
outer loop
vertex 20.067 -8.312 1.0
vertex 20.45 -7.317 53.0
vertex 20.45 -7.317 1.0
endloop
endfacet
facet normal -0.9310179643847104 0.3583717390546166 -0.06910315940620858
outer loop
vertex 20.067 -8.312 1.0
vertex 20.45 -7.317 1.0
vertex 20.076 -8.316 0.858
endloop
endfacet
facet normal -0.9302625950248401 0.3590159160698879 -0.07562457475020597
outer loop
vertex 20.076 -8.316 0.858
vertex 20.45 -7.317 1.0
vertex 20.46 -7.321 0.858
endloop
endfacet
facet normal -0.9121147961848542 0.35201214244722007 -0.21008105614352776
outer loop
vertex 20.076 -8.316 0.858
vertex 20.46 -7.321 0.858
vertex 20.104 -8.327 0.718
endloop
endfacet
facet normal -0.9127124976304025 0.3518891557129268 -0.20767743921985413
outer loop
vertex 20.104 -8.327 0.718
vertex 20.46 -7.321 0.858
vertex 20.488 -7.331 0.718
endloop
endfacet
facet normal -0.873905097015866 0.33692726631937053 -0.3503853573142658
outer loop
vertex 20.104 -8.327 0.718
vertex 20.488 -7.331 0.718
vertex 20.15 -8.346 0.585
endloop
endfacet
facet normal -0.8733770960863046 0.3369240300533352 -0.3517024964433335
outer loop
vertex 20.15 -8.346 0.585
vertex 20.488 -7.331 0.718
vertex 20.535 -7.348 0.585
endloop
endfacet
facet normal -0.8196945538204615 0.31621483288665225 -0.4776075982430986
outer loop
vertex 20.15 -8.346 0.585
vertex 20.535 -7.348 0.585
vertex 20.213 -8.373 0.459
endloop
endfacet
facet normal -0.8184064592846348 0.3160911175081381 -0.4798929806046801
outer loop
vertex 20.213 -8.373 0.459
vertex 20.535 -7.348 0.585
vertex 20.6 -7.371 0.459
endloop
endfacet
facet normal -0.7471410530258787 0.28856645461179214 -0.5987567520756335
outer loop
vertex 20.213 -8.373 0.459
vertex 20.6 -7.371 0.459
vertex 20.292 -8.405 0.345
endloop
endfacet
facet normal -0.7476452322780376 0.2886431344516194 -0.5980900831696372
outer loop
vertex 20.292 -8.405 0.345
vertex 20.6 -7.371 0.459
vertex 20.68 -7.4 0.345
endloop
endfacet
facet normal -0.6572476103109486 0.2537433560205444 -0.70967590350524
outer loop
vertex 20.292 -8.405 0.345
vertex 20.68 -7.4 0.345
vertex 20.386 -8.444 0.244
endloop
endfacet
facet normal -0.6602752946037986 0.25430404910977933 -0.7066583233375503
outer loop
vertex 20.386 -8.444 0.244
vertex 20.68 -7.4 0.345
vertex 20.775 -7.434 0.244
endloop
endfacet
facet normal -0.5584411051700757 0.21508276228827616 -0.8011759715710833
outer loop
vertex 20.386 -8.444 0.244
vertex 20.775 -7.434 0.244
vertex 20.491 -8.488 0.159
endloop
endfacet
facet normal -0.556300433123473 0.21463560018149735 -0.8027835245203807
outer loop
vertex 20.491 -8.488 0.159
vertex 20.775 -7.434 0.244
vertex 20.883 -7.472 0.159
endloop
endfacet
facet normal -0.44948250980092647 0.1734223856712235 -0.8762934152047255
outer loop
vertex 20.491 -8.488 0.159
vertex 20.883 -7.472 0.159
vertex 20.607 -8.536 0.09
endloop
endfacet
facet normal -0.450336045890845 0.17361291788746955 -0.8758173328462947
outer loop
vertex 20.607 -8.536 0.09
vertex 20.883 -7.472 0.159
vertex 21.001 -7.514 0.09
endloop
endfacet
facet normal -0.3223256191258202 0.12426251852795875 -0.9384375428041257
outer loop
vertex 20.607 -8.536 0.09
vertex 21.001 -7.514 0.09
vertex 20.73 -8.587 0.041
endloop
endfacet
facet normal -0.32089639751867893 0.12392594339972285 -0.9389717049049044
outer loop
vertex 20.73 -8.587 0.041
vertex 21.001 -7.514 0.09
vertex 21.127 -7.559 0.041
endloop
endfacet
facet normal -0.20245886257744358 0.07818693428331208 -0.9761645415969711
outer loop
vertex 20.73 -8.587 0.041
vertex 21.127 -7.559 0.041
vertex 20.859 -8.64 0.01
endloop
endfacet
facet normal -0.2028886571874269 0.07829069073286533 -0.9760669856773424
outer loop
vertex 20.859 -8.64 0.01
vertex 21.127 -7.559 0.041
vertex 21.258 -7.606 0.01
endloop
endfacet
facet normal -0.06510507461479205 0.025122751229498873 -0.9975621166774844
outer loop
vertex 20.859 -8.64 0.01
vertex 21.258 -7.606 0.01
vertex 20.991 -8.695 0.0
endloop
endfacet
facet normal -0.06541677278494291 0.025198968190933802 -0.9975398026347198
outer loop
vertex 20.991 -8.695 0.0
vertex 21.258 -7.606 0.01
vertex 21.392 -7.654 0.0
endloop
endfacet
facet normal 0.0 0.0 -1.0
outer loop
vertex 21.392 -7.654 0.0
vertex 21.742 -6.595 0.0
vertex 32.954 -11.791 0.0
endloop
endfacet
facet normal 0.0 0.0 -1.0
outer loop
vertex 32.954 -11.791 0.0
vertex 21.742 -6.595 0.0
vertex 33.493 -10.16 0.0
endloop
endfacet
facet normal 0.94949516452424 -0.3137816638127325 0.0
outer loop
vertex 32.954 -11.791 0.0
vertex 33.493 -10.16 0.0
vertex 32.954 -11.791 3.0
endloop
endfacet
facet normal 0.94949516452424 -0.3137816638127325 0.0
outer loop
vertex 32.954 -11.791 3.0
vertex 33.493 -10.16 0.0
vertex 33.493 -10.16 3.0
endloop
endfacet
facet normal 0.0 -0.0 1.0
outer loop
vertex 32.954 -11.791 3.0
vertex 33.493 -10.16 3.0
vertex 28.284 -10.12 3.0
endloop
endfacet
facet normal -0.0 -0.0 1.0
outer loop
vertex 28.284 -10.12 3.0
vertex 33.493 -10.16 3.0
vertex 28.746 -8.72 3.0
endloop
endfacet
facet normal 0.9496286491027328 -0.31337745420390195 0.0
outer loop
vertex 28.284 -10.12 3.0
vertex 28.746 -8.72 3.0
vertex 28.284 -10.12 52.0
endloop
endfacet
facet normal 0.9496286491027328 -0.31337745420390195 0.0
outer loop
vertex 28.284 -10.12 52.0
vertex 28.746 -8.72 3.0
vertex 28.746 -8.72 52.0
endloop
endfacet
facet normal 0.6714356810960511 -0.22157377476169696 0.7071627736871721
outer loop
vertex 28.284 -10.12 52.0
vertex 28.746 -8.72 52.0
vertex 27.342 -9.783 53.0
endloop
endfacet
facet normal 0.6717021723777975 -0.22241136232465158 0.7066465718673233
outer loop
vertex 27.342 -9.783 53.0
vertex 28.746 -8.72 52.0
vertex 27.79 -8.43 53.0
endloop
endfacet
facet normal 0.0 -0.0 1.0
outer loop
vertex 27.342 -9.783 53.0
vertex 27.79 -8.43 53.0
vertex 20.45 -7.317 53.0
endloop
endfacet
facet normal -0.0 -0.0 1.0
outer loop
vertex 20.45 -7.317 53.0
vertex 27.79 -8.43 53.0
vertex 20.785 -6.305 53.0
endloop
endfacet
facet normal -0.9493379093534396 0.3142571142622559 0.0
outer loop
vertex 20.45 -7.317 53.0
vertex 20.785 -6.305 53.0
vertex 20.45 -7.317 1.0
endloop
endfacet
facet normal -0.9493379093534396 0.3142571142622559 0.0
outer loop
vertex 20.45 -7.317 1.0
vertex 20.785 -6.305 53.0
vertex 20.785 -6.305 1.0
endloop
endfacet
facet normal -0.9466289530911384 0.3133603747880751 -0.0754910635920074
outer loop
vertex 20.45 -7.317 1.0
vertex 20.785 -6.305 1.0
vertex 20.46 -7.321 0.858
endloop
endfacet
facet normal -0.9475971515264446 0.31243578342530326 -0.06665973038038217
outer loop
vertex 20.46 -7.321 0.858
vertex 20.785 -6.305 1.0
vertex 20.794 -6.308 0.858
endloop
endfacet
facet normal -0.9290029363256846 0.30630501553087697 -0.20767951694590667
outer loop
vertex 20.46 -7.321 0.858
vertex 20.794 -6.308 0.858
vertex 20.488 -7.331 0.718
endloop
endfacet
facet normal -0.9263622297233454 0.30696026547045946 -0.2182393520066832
outer loop
vertex 20.488 -7.331 0.718
vertex 20.794 -6.308 0.858
vertex 20.824 -6.317 0.718
endloop
endfacet
facet normal -0.8886138657019019 0.29445193183021773 -0.35165815435416137
outer loop
vertex 20.488 -7.331 0.718
vertex 20.824 -6.317 0.718
vertex 20.535 -7.348 0.585
endloop
endfacet
facet normal -0.8909337580436606 0.294349796167816 -0.34582544191277376
outer loop
vertex 20.535 -7.348 0.585
vertex 20.824 -6.317 0.718
vertex 20.871 -6.331 0.585
endloop
endfacet
facet normal -0.8330042697387974 0.27521085017918867 -0.47996132608844777
outer loop
vertex 20.535 -7.348 0.585
vertex 20.871 -6.331 0.585
vertex 20.6 -7.371 0.459
endloop
endfacet
facet normal -0.8329787627558783 0.27520965004777515 -0.4800062804987736
outer loop
vertex 20.6 -7.371 0.459
vertex 20.871 -6.331 0.585
vertex 20.937 -6.351 0.459
endloop
endfacet
facet normal -0.7610246505473842 0.25143657572006683 -0.5980143222778186
outer loop
vertex 20.6 -7.371 0.459
vertex 20.937 -6.351 0.459
vertex 20.68 -7.4 0.345
endloop
endfacet
facet normal -0.7620714885578365 0.25154312805913037 -0.5966348138128307
outer loop
vertex 20.68 -7.4 0.345
vertex 20.937 -6.351 0.459
vertex 21.018 -6.376 0.345
endloop
endfacet
facet normal -0.671906410534012 0.2217816081645476 -0.7066503334487622
outer loop
vertex 20.68 -7.4 0.345
vertex 21.018 -6.376 0.345
vertex 20.775 -7.434 0.244
endloop
endfacet
facet normal -0.6707380943279617 0.2216238601278007 -0.7078087831041286
outer loop
vertex 20.775 -7.434 0.244
vertex 21.018 -6.376 0.345
vertex 21.115 -6.405 0.244
endloop
endfacet
facet normal -0.5660692566759745 0.18703940453822282 -0.8028585540406832
outer loop
vertex 20.775 -7.434 0.244
vertex 21.115 -6.405 0.244
vertex 20.883 -7.472 0.159
endloop
endfacet
facet normal -0.5681493647577306 0.18736840752648606 -0.8013110377290305
outer loop
vertex 20.883 -7.472 0.159
vertex 21.115 -6.405 0.244
vertex 21.224 -6.438 0.159
endloop
endfacet
facet normal -0.45833764394921356 0.1511539038555921 -0.8758305209846813
outer loop
vertex 20.883 -7.472 0.159
vertex 21.224 -6.438 0.159
vertex 21.001 -7.514 0.09
endloop
endfacet
facet normal -0.45735926573649793 0.15098578262523454 -0.8763708093552735
outer loop
vertex 21.001 -7.514 0.09
vertex 21.224 -6.438 0.159
vertex 21.344 -6.475 0.09
endloop
endfacet
facet normal -0.32664506648763003 0.10783374187223967 -0.938975444116151
outer loop
vertex 21.001 -7.514 0.09
vertex 21.344 -6.475 0.09
vertex 21.127 -7.559 0.041
endloop
endfacet
facet normal -0.32730845764549027 0.10795546643183068 -0.9387304143475997
outer loop
vertex 21.127 -7.559 0.041
vertex 21.344 -6.475 0.09
vertex 21.472 -6.513 0.041
endloop
endfacet
facet normal -0.20653657116995985 0.06812152681992029 -0.9760645994774522
outer loop
vertex 21.127 -7.559 0.041
vertex 21.472 -6.513 0.041
vertex 21.258 -7.606 0.01
endloop
endfacet
facet normal -0.20650716729066354 0.06811595727173056 -0.9760712096064208
outer loop
vertex 21.258 -7.606 0.01
vertex 21.472 -6.513 0.041
vertex 21.605 -6.554 0.01
endloop
endfacet
facet normal -0.06657689596028722 0.021960249903250722 -0.9975396054034544
outer loop
vertex 21.258 -7.606 0.01
vertex 21.605 -6.554 0.01
vertex 21.392 -7.654 0.0
endloop
endfacet
facet normal -0.06626094594109465 0.021899273918208895 -0.997561982457655
outer loop
vertex 21.392 -7.654 0.0
vertex 21.605 -6.554 0.01
vertex 21.742 -6.595 0.0
endloop
endfacet
facet normal 0.0 0.0 -1.0
outer loop
vertex 21.742 -6.595 0.0
vertex 22.039 -5.521 0.0
vertex 33.493 -10.16 0.0
endloop
endfacet
facet normal 0.0 0.0 -0.9999999999999999
outer loop
vertex 33.493 -10.16 0.0
vertex 22.039 -5.521 0.0
vertex 33.951 -8.504 0.0
endloop
endfacet
facet normal 0.9638174834783934 -0.2665630479668493 0.0
outer loop
vertex 33.493 -10.16 0.0
vertex 33.951 -8.504 0.0
vertex 33.493 -10.16 3.0
endloop
endfacet
facet normal 0.9638174834783934 -0.2665630479668493 0.0
outer loop
vertex 33.493 -10.16 3.0
vertex 33.951 -8.504 0.0
vertex 33.951 -8.504 3.0
endloop
endfacet
facet normal 0.0 -0.0 1.0
outer loop
vertex 33.493 -10.16 3.0
vertex 33.951 -8.504 3.0
vertex 28.746 -8.72 3.0
endloop
endfacet
facet normal 0.0 -0.0 1.0
outer loop
vertex 28.746 -8.72 3.0
vertex 33.951 -8.504 3.0
vertex 29.14 -7.299 3.0
endloop
endfacet
facet normal 0.9636441044307671 -0.26718914647834197 0.0
outer loop
vertex 28.746 -8.72 3.0
vertex 29.14 -7.299 3.0
vertex 28.746 -8.72 52.0
endloop
endfacet
facet normal 0.9636441044307671 -0.26718914647834197 0.0
outer loop
vertex 28.746 -8.72 52.0
vertex 29.14 -7.299 3.0
vertex 29.14 -7.299 52.0
endloop
endfacet
facet normal 0.6818325784483678 -0.18905139754303882 0.7066568502841207
outer loop
vertex 28.746 -8.72 52.0
vertex 29.14 -7.299 52.0
vertex 27.79 -8.43 53.0
endloop
endfacet
facet normal 0.6816325702672315 -0.18851555800695036 0.7069928737549027
outer loop
vertex 27.79 -8.43 53.0
vertex 29.14 -7.299 52.0
vertex 28.17 -7.056 53.0
endloop
endfacet
facet normal 0.0 -0.0 1.0
outer loop
vertex 27.79 -8.43 53.0
vertex 28.17 -7.056 53.0
vertex 20.785 -6.305 53.0
endloop
endfacet
facet normal -0.0 -0.0 1.0
outer loop
vertex 20.785 -6.305 53.0
vertex 28.17 -7.056 53.0
vertex 21.069 -5.278 53.0
endloop
endfacet
facet normal -0.9638265101561043 0.2665304078717941 0.0
outer loop
vertex 20.785 -6.305 53.0
vertex 21.069 -5.278 53.0
vertex 20.785 -6.305 1.0
endloop
endfacet
facet normal -0.9638265101561043 0.2665304078717941 0.0
outer loop
vertex 20.785 -6.305 1.0
vertex 21.069 -5.278 53.0
vertex 21.069 -5.278 1.0
endloop
endfacet
facet normal -0.9616884755720227 0.2659391694863226 -0.06657051963808101
outer loop
vertex 20.785 -6.305 1.0
vertex 21.069 -5.278 1.0
vertex 20.794 -6.308 0.858
endloop
endfacet
facet normal -0.9611896776419178 0.2664776830038392 -0.07144262072132772
outer loop
vertex 20.794 -6.308 0.858
vertex 21.069 -5.278 1.0
vertex 21.079 -5.28 0.858
endloop
endfacet
facet normal -0.9404151883218353 0.2607182185522601 -0.21827799726161815
outer loop
vertex 20.794 -6.308 0.858
vertex 21.079 -5.28 0.858
vertex 20.824 -6.317 0.718
endloop
endfacet
facet normal -0.9428778717733305 0.2599779762947813 -0.20830931511064202
outer loop
vertex 20.824 -6.317 0.718
vertex 21.079 -5.28 0.858
vertex 21.108 -5.287 0.718
endloop
endfacet
facet normal -0.9045195026112388 0.2494014939238746 -0.3458950190801491
outer loop
vertex 20.824 -6.317 0.718
vertex 21.108 -5.287 0.718
vertex 20.871 -6.331 0.585
endloop
endfacet
facet normal -0.9010890261136181 0.24972040839970547 -0.35451133218318354
outer loop
vertex 20.871 -6.331 0.585
vertex 21.108 -5.287 0.718
vertex 21.157 -5.299 0.585
endloop
endfacet
facet normal -0.8453966212152032 0.23428627293367177 -0.4800150988799911
outer loop
vertex 20.871 -6.331 0.585
vertex 21.157 -5.299 0.585
vertex 20.937 -6.351 0.459
endloop
endfacet
facet normal -0.8478286463384633 0.2342792201476315 -0.47570982064164546
outer loop
vertex 20.937 -6.351 0.459
vertex 21.157 -5.299 0.585
vertex 21.223 -5.316 0.459
endloop
endfacet
facet normal -0.7735938055761492 0.21376601777273135 -0.5965372692630355
outer loop
vertex 20.937 -6.351 0.459
vertex 21.223 -5.316 0.459
vertex 21.018 -6.376 0.345
endloop
endfacet
facet normal -0.7706274074317881 0.21360990696858043 -0.6004200251156148
outer loop
vertex 21.018 -6.376 0.345
vertex 21.223 -5.316 0.459
vertex 21.306 -5.337 0.345
endloop
endfacet
facet normal -0.6806654648981721 0.18867339161758773 -0.7078819648715962
outer loop
vertex 21.018 -6.376 0.345
vertex 21.306 -5.337 0.345
vertex 21.115 -6.405 0.244
endloop
endfacet
facet normal -0.6819812087488225 0.18878598594675344 -0.706584377426792
outer loop
vertex 21.115 -6.405 0.244
vertex 21.306 -5.337 0.345
vertex 21.404 -5.361 0.244
endloop
endfacet
facet normal -0.5765589476933778 0.15960300371971933 -0.80131558142741
outer loop
vertex 21.115 -6.405 0.244
vertex 21.404 -5.361 0.244
vertex 21.224 -6.438 0.159
endloop
endfacet
facet normal -0.5745513642889568 0.15938460153297113 -0.8027996503411511
outer loop
vertex 21.224 -6.438 0.159
vertex 21.404 -5.361 0.244
vertex 21.515 -5.389 0.159
endloop
endfacet
facet normal -0.4641851158300938 0.12876822564972118 -0.876328090560165
outer loop
vertex 21.224 -6.438 0.159
vertex 21.515 -5.389 0.159
vertex 21.344 -6.475 0.09
endloop
endfacet
facet normal -0.46608090079615255 0.12900059055210966 -0.8752870623688288
outer loop
vertex 21.344 -6.475 0.09
vertex 21.515 -5.389 0.159
vertex 21.636 -5.42 0.09
endloop
endfacet
facet normal -0.332082920730539 0.09191299796522916 -0.9387613831875053
outer loop
vertex 21.344 -6.475 0.09
vertex 21.636 -5.42 0.09
vertex 21.472 -6.513 0.041
endloop
endfacet
facet normal -0.3313426646680078 0.0918140842718127 -0.9390325939497693
outer loop
vertex 21.472 -6.513 0.041
vertex 21.636 -5.42 0.09
vertex 21.766 -5.452 0.041
endloop
endfacet
facet normal -0.20959882591296894 0.05807922226052049 -0.9760610309389048
outer loop
vertex 21.472 -6.513 0.041
vertex 21.766 -5.452 0.041
vertex 21.605 -6.554 0.01
endloop
endfacet
facet normal -0.20951262342585245 0.05806716903937467 -0.9760802551557785
outer loop
vertex 21.605 -6.554 0.01
vertex 21.766 -5.452 0.041
vertex 21.901 -5.486 0.01
endloop
endfacet
facet normal -0.0672378518248503 0.018635209869059585 -0.9975629304635951
outer loop
vertex 21.605 -6.554 0.01
vertex 21.901 -5.486 0.01
vertex 21.742 -6.595 0.0
endloop
endfacet
facet normal -0.06754803958509978 0.01867948580705277 -0.9975411465990733
outer loop
vertex 21.742 -6.595 0.0
vertex 21.901 -5.486 0.01
vertex 22.039 -5.521 0.0
endloop
endfacet
facet normal 0.0 0.0 -1.0
outer loop
vertex 22.039 -5.521 0.0
vertex 22.283 -4.432 0.0
vertex 33.951 -8.504 0.0
endloop
endfacet
facet normal 0.0 0.0 -1.0
outer loop
vertex 33.951 -8.504 0.0
vertex 22.283 -4.432 0.0
vertex 34.327 -6.828 0.0
endloop
endfacet
facet normal 0.9757467140187474 -0.21890260409966997 0.0
outer loop
vertex 33.951 -8.504 0.0
vertex 34.327 -6.828 0.0
vertex 33.951 -8.504 3.0
endloop
endfacet
facet normal 0.9757467140187474 -0.21890260409966997 0.0
outer loop
vertex 33.951 -8.504 3.0
vertex 34.327 -6.828 0.0
vertex 34.327 -6.828 3.0
endloop
endfacet
facet normal 0.0 -0.0 1.0
outer loop
vertex 33.951 -8.504 3.0
vertex 34.327 -6.828 3.0
vertex 29.14 -7.299 3.0
endloop
endfacet
facet normal 0.0 -0.0 1.0
outer loop
vertex 29.14 -7.299 3.0
vertex 34.327 -6.828 3.0
vertex 29.463 -5.861 3.0
endloop
endfacet
facet normal 0.9756896104808593 -0.2191569848298455 0.0
outer loop
vertex 29.14 -7.299 3.0
vertex 29.463 -5.861 3.0
vertex 29.14 -7.299 52.0
endloop
endfacet
facet normal 0.9756896104808593 -0.2191569848298455 0.0
outer loop
vertex 29.14 -7.299 52.0
vertex 29.463 -5.861 3.0
vertex 29.463 -5.861 52.0
endloop
endfacet
facet normal 0.690029181524943 -0.15499264647604782 0.7069915191728737
outer loop
vertex 29.14 -7.299 52.0
vertex 29.463 -5.861 52.0
vertex 28.17 -7.056 53.0
endloop
endfacet
facet normal 0.6899245602940929 -0.15474943408465516 0.7071468827290986
outer loop
vertex 28.17 -7.056 53.0
vertex 29.463 -5.861 52.0
vertex 28.482 -5.665 53.0
endloop
endfacet
facet normal 0.0 -0.0 0.9999999999999999
outer loop
vertex 28.17 -7.056 53.0
vertex 28.482 -5.665 53.0
vertex 21.069 -5.278 53.0
endloop
endfacet
facet normal -0.0 -0.0 1.0
outer loop
vertex 21.069 -5.278 53.0
vertex 28.482 -5.665 53.0
vertex 21.303 -4.237 53.0
endloop
endfacet
facet normal -0.9756548963731482 0.21931147526543562 0.0
outer loop
vertex 21.069 -5.278 53.0
vertex 21.303 -4.237 53.0
vertex 21.069 -5.278 1.0
endloop
endfacet
facet normal -0.9756548963731482 0.21931147526543562 0.0
outer loop
vertex 21.069 -5.278 1.0
vertex 21.303 -4.237 53.0
vertex 21.303 -4.237 1.0
endloop
endfacet
facet normal -0.9731499203314903 0.21874839707739724 -0.0716126478695166
outer loop
vertex 21.069 -5.278 1.0
vertex 21.303 -4.237 1.0
vertex 21.079 -5.28 0.858
endloop
endfacet
facet normal -0.9731499203314928 0.21874839707739435 -0.07161264786949108
outer loop
vertex 21.079 -5.28 0.858
vertex 21.303 -4.237 1.0
vertex 21.313 -4.239 0.858
endloop
endfacet
facet normal -0.9542356144573136 0.21449676636216103 -0.20838792988426494
outer loop
vertex 21.079 -5.28 0.858
vertex 21.313 -4.239 0.858
vertex 21.108 -5.287 0.718
endloop
endfacet
facet normal -0.954583202960197 0.21436897264173171 -0.2069223337264005
outer loop
vertex 21.108 -5.287 0.718
vertex 21.313 -4.239 0.858
vertex 21.342 -4.245 0.718
endloop
endfacet
facet normal -0.9122989455866087 0.20487327568835398 -0.3545949446767194
outer loop
vertex 21.108 -5.287 0.718
vertex 21.342 -4.245 0.718
vertex 21.157 -5.299 0.585
endloop
endfacet
facet normal -0.9133758977090667 0.2047221839692719 -0.3518995550935073
outer loop
vertex 21.157 -5.299 0.585
vertex 21.342 -4.245 0.718
vertex 21.391 -4.255 0.585
endloop
endfacet
facet normal -0.8583739657718517 0.1923941647419652 -0.4755824011234495
outer loop
vertex 21.157 -5.299 0.585
vertex 21.391 -4.255 0.585
vertex 21.223 -5.316 0.459
endloop
endfacet
facet normal -0.8580686510776244 0.19241043225500118 -0.476126470170762
outer loop
vertex 21.223 -5.316 0.459
vertex 21.391 -4.255 0.585
vertex 21.458 -4.268 0.459
endloop
endfacet
facet normal -0.7803401357935479 0.17498085106057568 -0.6003756942380529
outer loop
vertex 21.223 -5.316 0.459
vertex 21.458 -4.268 0.459
vertex 21.306 -5.337 0.345
endloop
endfacet
facet normal -0.7799939027899397 0.17497962077797183 -0.6008258016454646
outer loop
vertex 21.306 -5.337 0.345
vertex 21.458 -4.268 0.459
vertex 21.542 -4.285 0.345
endloop
endfacet
facet normal -0.6903793098347579 0.15487596684506025 -0.7066752036444259
outer loop
vertex 21.306 -5.337 0.345
vertex 21.542 -4.285 0.345
vertex 21.404 -5.361 0.244
endloop
endfacet
facet normal -0.6900233875794247 0.1548632034624266 -0.7070255390060318
outer loop
vertex 21.404 -5.361 0.244
vertex 21.542 -4.285 0.345
vertex 21.641 -4.305 0.244
endloop
endfacet
facet normal -0.5818032596822581 0.13057516339459677 -0.8027796047032919
outer loop
vertex 21.404 -5.361 0.244
vertex 21.641 -4.305 0.244
vertex 21.515 -5.389 0.159
endloop
endfacet
facet normal -0.5829503229545333 0.13064235109527175 -0.8019360928824099
outer loop
vertex 21.515 -5.389 0.159
vertex 21.641 -4.305 0.244
vertex 21.753 -4.327 0.159
endloop
endfacet
facet normal -0.47199844053670137 0.1057774282935355 -0.8752306026382578
outer loop
vertex 21.515 -5.389 0.159
vertex 21.753 -4.327 0.159
vertex 21.636 -5.42 0.09
endloop
endfacet
facet normal -0.4707457257467474 0.10568659885801714 -0.8759159802817806
outer loop
vertex 21.636 -5.42 0.09
vertex 21.753 -4.327 0.159
vertex 21.876 -4.351 0.09
endloop
endfacet
facet normal -0.3354154910991301 0.07530375852553031 -0.9390557982796646
outer loop
vertex 21.636 -5.42 0.09
vertex 21.876 -4.351 0.09
vertex 21.766 -5.452 0.041
endloop
endfacet
facet normal -0.33618624663163865 0.07536826552393115 -0.9387749635176926
outer loop
vertex 21.766 -5.452 0.041
vertex 21.876 -4.351 0.09
vertex 22.007 -4.377 0.041
endloop
endfacet
facet normal -0.21215751068451388 0.047562753558110245 -0.9760773407543691
outer loop
vertex 21.766 -5.452 0.041
vertex 22.007 -4.377 0.041
vertex 21.901 -5.486 0.01
endloop
endfacet
facet normal -0.21120822005884574 0.04747788850536468 -0.9762873234261757
outer loop
vertex 21.901 -5.486 0.01
vertex 22.007 -4.377 0.041
vertex 22.144 -4.405 0.01
endloop
endfacet
facet normal -0.06838665066201119 0.01537276235973046 -0.9975404473948228
outer loop
vertex 21.901 -5.486 0.01
vertex 22.144 -4.405 0.01
vertex 22.039 -5.521 0.0
endloop
endfacet
facet normal -0.06877051674494505 0.015408637360667202 -0.9975135036285576
outer loop
vertex 22.039 -5.521 0.0
vertex 22.144 -4.405 0.01
vertex 22.283 -4.432 0.0
endloop
endfacet
facet normal 0.0 0.0 -0.9999999999999999
outer loop
vertex 22.283 -4.432 0.0
vertex 22.474 -3.334 0.0
vertex 34.327 -6.828 0.0
endloop
endfacet
facet normal 0.0 0.0 -1.0
outer loop
vertex 34.327 -6.828 0.0
vertex 22.474 -3.334 0.0
vertex 34.621 -5.136 0.0
endloop
endfacet
facet normal 0.985237385985719 -0.17119373018901024 0.0
outer loop
vertex 34.327 -6.828 0.0
vertex 34.621 -5.136 0.0
vertex 34.327 -6.828 3.0
endloop
endfacet
facet normal 0.985237385985719 -0.17119373018901024 0.0
outer loop
vertex 34.327 -6.828 3.0
vertex 34.621 -5.136 0.0
vertex 34.621 -5.136 3.0
endloop
endfacet
facet normal 0.0 -0.0 1.0
outer loop
vertex 34.327 -6.828 3.0
vertex 34.621 -5.136 3.0
vertex 29.463 -5.861 3.0
endloop
endfacet
facet normal 0.0 -0.0 1.0
outer loop
vertex 29.463 -5.861 3.0
vertex 34.621 -5.136 3.0
vertex 29.715 -4.408 3.0
endloop
endfacet
facet normal 0.9852912794797203 -0.1708832776523665 0.0
outer loop
vertex 29.463 -5.861 3.0
vertex 29.715 -4.408 3.0
vertex 29.463 -5.861 52.0
endloop
endfacet
facet normal 0.9852912794797203 -0.1708832776523665 0.0
outer loop
vertex 29.463 -5.861 52.0
vertex 29.715 -4.408 3.0
vertex 29.715 -4.408 52.0
endloop
endfacet
facet normal 0.6966838970482998 -0.12082886583356563 0.7071293607077621
outer loop
vertex 29.463 -5.861 52.0
vertex 29.715 -4.408 52.0
vertex 28.482 -5.665 53.0
endloop
endfacet
facet normal 0.696816178941523 -0.12109910802117627 0.7069527698522797
outer loop
vertex 28.482 -5.665 53.0
vertex 29.715 -4.408 52.0
vertex 28.726 -4.261 53.0
endloop
endfacet
facet normal 0.0 -0.0 1.0
outer loop
vertex 28.482 -5.665 53.0
vertex 28.726 -4.261 53.0
vertex 21.303 -4.237 53.0
endloop
endfacet
facet normal -0.0 -0.0 1.0
outer loop
vertex 21.303 -4.237 53.0
vertex 28.726 -4.261 53.0
vertex 21.485 -3.187 53.0
endloop
endfacet
facet normal -0.9853080203996412 0.17078672353593644 0.0
outer loop
vertex 21.303 -4.237 53.0
vertex 21.485 -3.187 53.0
vertex 21.303 -4.237 1.0
endloop
endfacet
facet normal -0.9853080203996412 0.17078672353593644 0.0
outer loop
vertex 21.303 -4.237 1.0
vertex 21.485 -3.187 53.0
vertex 21.485 -3.187 1.0
endloop
endfacet
facet normal -0.9827785163396834 0.17034827616554377 -0.07160902616708402
outer loop
vertex 21.303 -4.237 1.0
vertex 21.485 -3.187 1.0
vertex 21.313 -4.239 0.858
endloop
endfacet
facet normal -0.9828894542761698 0.17020540502213616 -0.07041619681539033
outer loop
vertex 21.313 -4.239 0.858
vertex 21.485 -3.187 1.0
vertex 21.495 -3.188 0.858
endloop
endfacet
facet normal -0.9640260867949149 0.16693886564859814 -0.2068456407924577
outer loop
vertex 21.313 -4.239 0.858
vertex 21.495 -3.188 0.858
vertex 21.342 -4.245 0.718
endloop
endfacet
facet normal -0.9627499356060468 0.1674745610417361 -0.21228479195276953
outer loop
vertex 21.342 -4.245 0.718
vertex 21.495 -3.188 0.858
vertex 21.525 -3.193 0.718
endloop
endfacet
facet normal -0.9222162858493006 0.16042355542815764 -0.3518258162473444
outer loop
vertex 21.342 -4.245 0.718
vertex 21.525 -3.193 0.718
vertex 21.391 -4.255 0.585
endloop
endfacet
facet normal -0.9234619523766767 0.1601834476634455 -0.34865353233160973
outer loop
vertex 21.391 -4.255 0.585
vertex 21.525 -3.193 0.718
vertex 21.574 -3.2 0.585
endloop
endfacet
facet normal -0.8663952158013163 0.15028466776459132 -0.4762077788859367
outer loop
vertex 21.391 -4.255 0.585
vertex 21.574 -3.2 0.585
vertex 21.458 -4.268 0.459
endloop
endfacet
facet normal -0.8649691952997722 0.15042942526952652 -0.47874761534188814
outer loop
vertex 21.458 -4.268 0.459
vertex 21.574 -3.2 0.585
vertex 21.642 -3.21 0.459
endloop
endfacet
facet normal -0.7876033368893465 0.13697449337206108 -0.6007653218073041
outer loop
vertex 21.458 -4.268 0.459
vertex 21.642 -3.21 0.459
vertex 21.542 -4.285 0.345
endloop
endfacet
facet normal -0.7865721193313322 0.13702056692683184 -0.6021043641509884
outer loop
vertex 21.542 -4.285 0.345
vertex 21.642 -3.21 0.459
vertex 21.727 -3.223 0.345
endloop
endfacet
facet normal -0.6967419126362008 0.12137217875489287 -0.7069791378819739
outer loop
vertex 21.542 -4.285 0.345
vertex 21.727 -3.223 0.345
vertex 21.641 -4.305 0.244
endloop
endfacet
facet normal -0.6997982553812351 0.12133334324791951 -0.7039606676382301
outer loop
vertex 21.641 -4.305 0.244
vertex 21.727 -3.223 0.345
vertex 21.826 -3.238 0.244
endloop
endfacet
facet normal -0.5885887577026817 0.10205147157919164 -0.8019655674993378
outer loop
vertex 21.641 -4.305 0.244
vertex 21.826 -3.238 0.244
vertex 21.753 -4.327 0.159
endloop
endfacet
facet normal -0.5887237964066613 0.10205277365483593 -0.8018662749697627
outer loop
vertex 21.753 -4.327 0.159
vertex 21.826 -3.238 0.244
vertex 21.939 -3.254 0.159
endloop
endfacet
facet normal -0.4753107393928845 0.0823931011435941 -0.8759515271416171
outer loop
vertex 21.753 -4.327 0.159
vertex 21.939 -3.254 0.159
vertex 21.876 -4.351 0.09
endloop
endfacet
facet normal -0.47491974797048175 0.08238403791324579 -0.8761644270824757
outer loop
vertex 21.876 -4.351 0.09
vertex 21.939 -3.254 0.159
vertex 22.063 -3.273 0.09
endloop
endfacet
facet normal -0.33945807151174334 0.05888558383366902 -0.9387761744431397
outer loop
vertex 21.876 -4.351 0.09
vertex 22.063 -3.273 0.09
vertex 22.007 -4.377 0.041
endloop
endfacet
facet normal -0.33994141488453056 0.05890229124266485 -0.9386002101707989
outer loop
vertex 22.007 -4.377 0.041
vertex 22.063 -3.273 0.09
vertex 22.195 -3.292 0.041
endloop
endfacet
facet normal -0.21335349344530202 0.03696816291955441 -0.9762753923791374
outer loop
vertex 22.007 -4.377 0.041
vertex 22.195 -3.292 0.041
vertex 22.144 -4.405 0.01
endloop
endfacet
facet normal -0.21366534067164236 0.036980539731630416 -0.976206720872597
outer loop
vertex 22.144 -4.405 0.01
vertex 22.195 -3.292 0.041
vertex 22.333 -3.313 0.01
endloop
endfacet
facet normal -0.06942946496129833 0.01201663816637856 -0.997514486011289
outer loop
vertex 22.144 -4.405 0.01
vertex 22.333 -3.313 0.01
vertex 22.283 -4.432 0.0
endloop
endfacet
facet normal -0.06896138797670001 0.011996015577003303 -0.9975472031831893
outer loop
vertex 22.283 -4.432 0.0
vertex 22.333 -3.313 0.01
vertex 22.474 -3.334 0.0
endloop
endfacet
facet normal 0.0 0.0 -1.0
outer loop
vertex 22.474 -3.334 0.0
vertex 22.611 -2.227 0.0
vertex 34.621 -5.136 0.0
endloop
endfacet
facet normal 0.0 0.0 -0.9999999999999999
outer loop
vertex 34.621 -5.136 0.0
vertex 22.611 -2.227 0.0
vertex 34.831 -3.431 0.0
endloop
endfacet
facet normal 0.992500149235439 -0.12224342014043581 0.0
outer loop
vertex 34.621 -5.136 0.0
vertex 34.831 -3.431 0.0
vertex 34.621 -5.136 3.0
endloop
endfacet
facet normal 0.992500149235439 -0.12224342014043581 0.0
outer loop
vertex 34.621 -5.136 3.0
vertex 34.831 -3.431 0.0
vertex 34.831 -3.431 3.0
endloop
endfacet
facet normal 0.0 -0.0 1.0
outer loop
vertex 34.621 -5.136 3.0
vertex 34.831 -3.431 3.0
vertex 29.715 -4.408 3.0
endloop
endfacet
facet normal 0.0 -0.0 1.0
outer loop
vertex 29.715 -4.408 3.0
vertex 34.831 -3.431 3.0
vertex 29.895 -2.944 3.0
endloop
endfacet
facet normal 0.9925261778147189 -0.12203190710836685 0.0
outer loop
vertex 29.715 -4.408 3.0
vertex 29.895 -2.944 3.0
vertex 29.715 -4.408 52.0
endloop
endfacet
facet normal 0.9925261778147189 -0.12203190710836685 0.0
outer loop
vertex 29.715 -4.408 52.0
vertex 29.895 -2.944 3.0
vertex 29.895 -2.944 52.0
endloop
endfacet
facet normal 0.7019809433665928 -0.0863091323811383 0.7069465954495882
outer loop
vertex 29.715 -4.408 52.0
vertex 29.895 -2.944 52.0
vertex 28.726 -4.261 53.0
endloop
endfacet
facet normal 0.7019881773346517 -0.0863222210998085 0.7069378141157603
outer loop
vertex 28.726 -4.261 53.0
vertex 29.895 -2.944 52.0
vertex 28.9 -2.846 53.0
endloop
endfacet
facet normal 0.0 -0.0 1.0
outer loop
vertex 28.726 -4.261 53.0
vertex 28.9 -2.846 53.0
vertex 21.485 -3.187 53.0
endloop
endfacet
facet normal 0.0 -0.0 0.9999999999999999
outer loop
vertex 21.485 -3.187 53.0
vertex 28.9 -2.846 53.0
vertex 21.615 -2.129 53.0
endloop
endfacet
facet normal -0.9925354884882946 0.12195615643050788 0.0
outer loop
vertex 21.485 -3.187 53.0
vertex 21.615 -2.129 53.0
vertex 21.485 -3.187 1.0
endloop
endfacet
facet normal -0.9925354884882946 0.12195615643050788 0.0
outer loop
vertex 21.485 -3.187 1.0
vertex 21.615 -2.129 53.0
vertex 21.615 -2.129 1.0
endloop
endfacet
facet normal -0.9900602781827383 0.1216520190583696 -0.07057925916117844
outer loop
vertex 21.485 -3.187 1.0
vertex 21.615 -2.129 1.0
vertex 21.495 -3.188 0.858
endloop
endfacet
facet normal -0.9894359512562277 0.12251050058087526 -0.07750919693240932
outer loop
vertex 21.495 -3.188 0.858
vertex 21.615 -2.129 1.0
vertex 21.626 -2.13 0.858
endloop
endfacet
facet normal -0.9698394414055997 0.12008408962583529 -0.2121114549306772
outer loop
vertex 21.495 -3.188 0.858
vertex 21.626 -2.13 0.858
vertex 21.525 -3.193 0.718
endloop
endfacet
facet normal -0.9702184893133985 0.11990436047175038 -0.2104733411486776
outer loop
vertex 21.525 -3.193 0.718
vertex 21.626 -2.13 0.858
vertex 21.656 -2.133 0.718
endloop
endfacet
facet normal -0.9301450811404064 0.11495189210320136 -0.3487351294782342
outer loop
vertex 21.525 -3.193 0.718
vertex 21.656 -2.133 0.718
vertex 21.574 -3.2 0.585
endloop
endfacet
facet normal -0.93073070905097 0.11480764866824288 -0.3472168645626937
outer loop
vertex 21.574 -3.2 0.585
vertex 21.656 -2.133 0.718
vertex 21.705 -2.138 0.585
endloop
endfacet
facet normal -0.8713341680961728 0.10748095670489237 -0.47877407140941897
outer loop
vertex 21.574 -3.2 0.585
vertex 21.705 -2.138 0.585
vertex 21.642 -3.21 0.459
endloop
endfacet
facet normal -0.8728018807219977 0.10725801723694364 -0.47614346025808557
outer loop
vertex 21.642 -3.21 0.459
vertex 21.705 -2.138 0.585
vertex 21.773 -2.144 0.459
endloop
endfacet
facet normal -0.7925194140467764 0.09739216063801867 -0.602019721774306
outer loop
vertex 21.642 -3.21 0.459
vertex 21.773 -2.144 0.459
vertex 21.727 -3.223 0.345
endloop
endfacet
facet normal -0.7941921737304884 0.09723287360625624 -0.5998371107855127
outer loop
vertex 21.727 -3.223 0.345
vertex 21.773 -2.144 0.459
vertex 21.858 -2.153 0.345
endloop
endfacet
facet normal -0.7050382261163163 0.08631776413199778 -0.7038965430445094
outer loop
vertex 21.727 -3.223 0.345
vertex 21.858 -2.153 0.345
vertex 21.826 -3.238 0.244
endloop
endfacet
facet normal -0.7001475728776652 0.08662290901649194 -0.7087240985228561
outer loop
vertex 21.826 -3.238 0.244
vertex 21.858 -2.153 0.345
vertex 21.959 -2.163 0.244
endloop
endfacet
facet normal -0.5928581985508272 0.07334896782070649 -0.8019595284867589
outer loop
vertex 21.826 -3.238 0.244
vertex 21.959 -2.163 0.244
vertex 21.939 -3.254 0.159
endloop
endfacet
facet normal -0.5915734796516657 0.0733989317345587 -0.8029031168161236
outer loop
vertex 21.939 -3.254 0.159
vertex 21.959 -2.163 0.244
vertex 22.073 -2.174 0.159
endloop
endfacet
facet normal -0.4784233181570037 0.05935993021577653 -0.8761207264575016
outer loop
vertex 21.939 -3.254 0.159
vertex 22.073 -2.174 0.159
vertex 22.063 -3.273 0.09
endloop
endfacet
facet normal -0.48099794225797887 0.05929505451938299 -0.8747142825249474
outer loop
vertex 22.063 -3.273 0.09
vertex 22.073 -2.174 0.159
vertex 22.197 -2.186 0.09
endloop
endfacet
facet normal -0.3423534365102768 0.04220364350724674 -0.9386229152243819
outer loop
vertex 22.063 -3.273 0.09
vertex 22.197 -2.186 0.09
vertex 22.195 -3.292 0.041
endloop
endfacet
facet normal -0.34176173979750263 0.042212108758153864 -0.9388381389168071
outer loop
vertex 22.195 -3.292 0.041
vertex 22.197 -2.186 0.09
vertex 22.33 -2.199 0.041
endloop
endfacet
facet normal -0.21524523218266386 0.026585641669404567 -0.9761980811698295
outer loop
vertex 22.195 -3.292 0.041
vertex 22.33 -2.199 0.041
vertex 22.333 -3.313 0.01
endloop
endfacet
facet normal -0.21504519422687085 0.02658740583168639 -0.9762421186832028
outer loop
vertex 22.333 -3.313 0.01
vertex 22.33 -2.199 0.041
vertex 22.469 -2.213 0.01
endloop
endfacet
facet normal -0.06946883074889117 0.008588873619863083 -0.9975471481610902
outer loop
vertex 22.333 -3.313 0.01
vertex 22.469 -2.213 0.01
vertex 22.474 -3.334 0.0
endloop
endfacet
facet normal -0.06940329701800352 0.008589206586690616 -0.997551706877013
outer loop
vertex 22.474 -3.334 0.0
vertex 22.469 -2.213 0.01
vertex 22.611 -2.227 0.0
endloop
endfacet
facet normal 0.0 0.0 -1.0
outer loop
vertex 22.611 -2.227 0.0
vertex 22.693 -1.115 0.0
vertex 34.831 -3.431 0.0
endloop
endfacet
facet normal 0.0 0.0 -1.0
outer loop
vertex 34.831 -3.431 0.0
vertex 22.693 -1.115 0.0
vertex 34.958 -1.717 0.0
endloop
endfacet
facet normal 0.9972661666805244 -0.07389311736780745 0.0
outer loop
vertex 34.831 -3.431 0.0
vertex 34.958 -1.717 0.0
vertex 34.831 -3.431 3.0
endloop
endfacet
facet normal 0.9972661666805244 -0.07389311736780745 0.0
outer loop
vertex 34.831 -3.431 3.0
vertex 34.958 -1.717 0.0
vertex 34.958 -1.717 3.0
endloop
endfacet
facet normal 0.0 -0.0 1.0
outer loop
vertex 34.831 -3.431 3.0
vertex 34.958 -1.717 3.0
vertex 29.895 -2.944 3.0
endloop
endfacet
facet normal 0.0 -0.0 1.0
outer loop
vertex 29.895 -2.944 3.0
vertex 34.958 -1.717 3.0
vertex 30.004 -1.474 3.0
endloop
endfacet
facet normal 0.9972621984903066 -0.07394665281322801 0.0
outer loop
vertex 29.895 -2.944 3.0
vertex 30.004 -1.474 3.0
vertex 29.895 -2.944 52.0
endloop
endfacet
facet normal 0.9972621984903066 -0.07394665281322801 0.0
outer loop
vertex 29.895 -2.944 52.0
vertex 30.004 -1.474 3.0
vertex 30.004 -1.474 52.0
endloop
endfacet
facet normal 0.7053391865687328 -0.05230066077278444 0.7069379553916229
outer loop
vertex 29.895 -2.944 52.0
vertex 30.004 -1.474 52.0
vertex 28.9 -2.846 53.0
endloop
endfacet
facet normal 0.7052213850967444 -0.052109954563799056 0.7070695514852754
outer loop
vertex 28.9 -2.846 53.0
vertex 30.004 -1.474 52.0
vertex 29.005 -1.425 53.0
endloop
endfacet
facet normal 0.0 -0.0 1.0
outer loop
vertex 28.9 -2.846 53.0
vertex 29.005 -1.425 53.0
vertex 21.615 -2.129 53.0
endloop
endfacet
facet normal 0.0 -0.0 1.0
outer loop
vertex 21.615 -2.129 53.0
vertex 29.005 -1.425 53.0
vertex 21.694 -1.066 53.0
endloop
endfacet
facet normal -0.997249806904158 0.07411357925252032 0.0
outer loop
vertex 21.615 -2.129 53.0
vertex 21.694 -1.066 53.0
vertex 21.615 -2.129 1.0
endloop
endfacet
facet normal -0.997249806904158 0.07411357925252032 0.0
outer loop
vertex 21.615 -2.129 1.0
vertex 21.694 -1.066 53.0
vertex 21.694 -1.066 1.0
endloop
endfacet
facet normal -0.9942473663668343 0.07389044397270042 -0.07753951742261019
outer loop
vertex 21.615 -2.129 1.0
vertex 21.694 -1.066 1.0
vertex 21.626 -2.13 0.858
endloop
endfacet
facet normal -0.9948729827303368 0.07293241790692263 -0.07006147765707692
outer loop
vertex 21.626 -2.13 0.858
vertex 21.694 -1.066 1.0
vertex 21.704 -1.066 0.858
endloop
endfacet
facet normal -0.9749867168291205 0.07147459014348763 -0.21045732339501233
outer loop
vertex 21.626 -2.13 0.858
vertex 21.704 -1.066 0.858
vertex 21.656 -2.133 0.718
endloop
endfacet
facet normal -0.9750962369144116 0.07141549904162159 -0.209969415039405
outer loop
vertex 21.656 -2.133 0.718
vertex 21.704 -1.066 0.858
vertex 21.734 -1.068 0.718
endloop
endfacet
facet normal -0.9353008764718729 0.06850090926273132 -0.3471597555897365
outer loop
vertex 21.656 -2.133 0.718
vertex 21.734 -1.068 0.718
vertex 21.705 -2.138 0.585
endloop
endfacet
facet normal -0.9334631495898695 0.06904830413632985 -0.3519643164493495
outer loop
vertex 21.705 -2.138 0.585
vertex 21.734 -1.068 0.718
vertex 21.784 -1.07 0.585
endloop
endfacet
facet normal -0.876874854497507 0.06486246582893597 -0.476322737307979
outer loop
vertex 21.705 -2.138 0.585
vertex 21.784 -1.07 0.585
vertex 21.773 -2.144 0.459
endloop
endfacet
facet normal -0.8773132346423458 0.06477359395957558 -0.4755269391390402
outer loop
vertex 21.773 -2.144 0.459
vertex 21.784 -1.07 0.585
vertex 21.852 -1.074 0.459
endloop
endfacet
facet normal -0.7980570208750226 0.058921966961801193 -0.5996942497985419
outer loop
vertex 21.773 -2.144 0.459
vertex 21.852 -1.074 0.459
vertex 21.858 -2.153 0.345
endloop
endfacet
facet normal -0.7959143155093379 0.059230832782088995 -0.602504863727458
outer loop
vertex 21.858 -2.153 0.345
vertex 21.852 -1.074 0.459
vertex 21.938 -1.078 0.345
endloop
endfacet
facet normal -0.703540292788472 0.0523564869051875 -0.7087241033731377
outer loop
vertex 21.858 -2.153 0.345
vertex 21.938 -1.078 0.345
vertex 21.959 -2.163 0.244
endloop
endfacet
facet normal -0.7048488055033572 0.05221102262987953 -0.7074335095939639
outer loop
vertex 21.959 -2.163 0.244
vertex 21.938 -1.078 0.345
vertex 22.039 -1.083 0.244
endloop
endfacet
facet normal -0.5944334279946645 0.04403210577738358 -0.8029383994699227
outer loop
vertex 21.959 -2.163 0.244
vertex 22.039 -1.083 0.244
vertex 22.073 -2.174 0.159
endloop
endfacet
facet normal -0.5959328634364448 0.04389929012423074 -0.8018334456749907
outer loop
vertex 22.073 -2.174 0.159
vertex 22.039 -1.083 0.244
vertex 22.153 -1.088 0.159
endloop
endfacet
facet normal -0.4832999001326766 0.03560220258804172 -0.8747306383696782
outer loop
vertex 22.073 -2.174 0.159
vertex 22.153 -1.088 0.159
vertex 22.197 -2.186 0.09
endloop
endfacet
facet normal -0.48163907747682855 0.03572597552712718 -0.8756411672140046
outer loop
vertex 22.197 -2.186 0.09
vertex 22.153 -1.088 0.159
vertex 22.278 -1.094 0.09
endloop
endfacet
facet normal -0.34340005826664527 0.02547198234395431 -0.9388437453047944
outer loop
vertex 22.197 -2.186 0.09
vertex 22.278 -1.094 0.09
vertex 22.33 -2.199 0.041
endloop
endfacet
facet normal -0.3444160510209465 0.025407741468759314 -0.9384732444095536
outer loop
vertex 22.33 -2.199 0.041
vertex 22.278 -1.094 0.09
vertex 22.411 -1.101 0.041
endloop
endfacet
facet normal -0.2161162542335852 0.015943002361494592 -0.9762374635977384
outer loop
vertex 22.33 -2.199 0.041
vertex 22.411 -1.101 0.041
vertex 22.469 -2.213 0.01
endloop
endfacet
facet normal -0.2168835997115455 0.015898254820484233 -0.9760680046338088
outer loop
vertex 22.469 -2.213 0.01
vertex 22.411 -1.101 0.041
vertex 22.55 -1.108 0.01
endloop
endfacet
facet normal -0.06974605826621583 0.00511260698603027 -0.9975516771607033
outer loop
vertex 22.469 -2.213 0.01
vertex 22.55 -1.108 0.01
vertex 22.611 -2.227 0.0
endloop
endfacet
facet normal -0.06950910343771821 0.0051256712966663166 -0.9975681490670415
outer loop
vertex 22.611 -2.227 0.0
vertex 22.55 -1.108 0.01
vertex 22.693 -1.115 0.0
endloop
endfacet
facet normal 0.0 0.0 -0.9999999999999999
outer loop
vertex 22.693 -1.115 0.0
vertex 22.72 0.0 0.0
vertex 34.958 -1.717 0.0
endloop
endfacet
facet normal 0.0 0.0 -1.0
outer loop
vertex 34.958 -1.717 0.0
vertex 22.72 0.0 0.0
vertex 35.0 0.0 0.0
endloop
endfacet
facet normal 0.9997009573366754 -0.024453954693151987 0.0
outer loop
vertex 34.958 -1.717 0.0
vertex 35.0 0.0 0.0
vertex 34.958 -1.717 3.0
endloop
endfacet
facet normal 0.9997009573366754 -0.024453954693151987 0.0
outer loop
vertex 34.958 -1.717 3.0
vertex 35.0 0.0 0.0
vertex 35.0 0.0 3.0
endloop
endfacet
facet normal 0.0 -0.0 1.0
outer loop
vertex 34.958 -1.717 3.0
vertex 35.0 0.0 3.0
vertex 30.004 -1.474 3.0
endloop
endfacet
facet normal 0.0 -0.0 1.0
outer loop
vertex 30.004 -1.474 3.0
vertex 35.0 0.0 3.0
vertex 30.04 0.0 3.0
endloop
endfacet
facet normal 0.9997018836470306 -0.02441605685976317 0.0
outer loop
vertex 30.004 -1.474 3.0
vertex 30.04 0.0 3.0
vertex 30.004 -1.474 52.0
endloop
endfacet
facet normal 0.9997018836470306 -0.02441605685976317 0.0
outer loop
vertex 30.004 -1.474 52.0
vertex 30.04 0.0 3.0
vertex 30.04 0.0 52.0
endloop
endfacet
facet normal 0.7069318327431845 -0.017265634992369806 0.7070709170250691
outer loop
vertex 30.004 -1.474 52.0
vertex 30.04 0.0 52.0
vertex 29.005 -1.425 53.0
endloop
endfacet
facet normal 0.7070001625469504 -0.017364916273083064 0.7070001625469504
outer loop
vertex 29.005 -1.425 53.0
vertex 30.04 0.0 52.0
vertex 29.04 0.0 53.0
endloop
endfacet
facet normal 0.0 -0.0 1.0
outer loop
vertex 29.005 -1.425 53.0
vertex 29.04 0.0 53.0
vertex 21.694 -1.066 53.0
endloop
endfacet
facet normal 0.0 -0.0 1.0
outer loop
vertex 21.694 -1.066 53.0
vertex 29.04 0.0 53.0
vertex 21.72 0.0 53.0
endloop
endfacet
facet normal -0.99970269064305 0.024382992454708347 0.0
outer loop
vertex 21.694 -1.066 53.0
vertex 21.72 0.0 53.0
vertex 21.694 -1.066 1.0
endloop
endfacet
facet normal -0.99970269064305 0.024382992454708347 0.0
outer loop
vertex 21.694 -1.066 1.0
vertex 21.72 0.0 53.0
vertex 21.72 0.0 1.0
endloop
endfacet
facet normal -0.997234406481722 0.024322790401993033 -0.0702277751043576
outer loop
vertex 21.694 -1.066 1.0
vertex 21.72 0.0 1.0
vertex 21.704 -1.066 0.858
endloop
endfacet
facet normal -0.997234406481722 0.024322790401993033 -0.07022777510435758
outer loop
vertex 21.704 -1.066 0.858
vertex 21.72 0.0 1.0
vertex 21.73 0.0 0.858
endloop
endfacet
facet normal -0.9774546705004723 0.02384035781708451 -0.20979514879035321
outer loop
vertex 21.704 -1.066 0.858
vertex 21.73 0.0 0.858
vertex 21.734 -1.068 0.718
endloop
endfacet
facet normal -0.976053587531162 0.024675512044324818 -0.21612615152474898
outer loop
vertex 21.734 -1.068 0.718
vertex 21.73 0.0 0.858
vertex 21.761 0.0 0.718
endloop
endfacet
facet normal -0.9356605083754569 0.023654338694882933 -0.3521077751590974
outer loop
vertex 21.734 -1.068 0.718
vertex 21.761 0.0 0.718
vertex 21.784 -1.07 0.585
endloop
endfacet
facet normal -0.9380992993206942 0.022794936245175573 -0.3456155313286732
outer loop
vertex 21.784 -1.07 0.585
vertex 21.761 0.0 0.718
vertex 21.81 0.0 0.585
endloop
endfacet
facet normal -0.8795374443447525 0.021371937899965783 -0.4753494759289229
outer loop
vertex 21.784 -1.07 0.585
vertex 21.81 0.0 0.585
vertex 21.852 -1.074 0.459
endloop
endfacet
facet normal -0.8768831241764121 0.022044547814491645 -0.4801979013347203
outer loop
vertex 21.852 -1.074 0.459
vertex 21.81 0.0 0.585
vertex 21.879 0.0 0.459
endloop
endfacet
facet normal -0.7978171350425352 0.02005685535023209 -0.6025657985531381
outer loop
vertex 21.852 -1.074 0.459
vertex 21.879 0.0 0.459
vertex 21.938 -1.078 0.345
endloop
endfacet
facet normal -0.8015347726099272 0.01933200750265115 -0.5976355760687861
outer loop
vertex 21.938 -1.078 0.345
vertex 21.879 0.0 0.459
vertex 21.964 0.0 0.345
endloop
endfacet
facet normal -0.7065821385720403 0.01704186976147765 -0.707425795490944
outer loop
vertex 21.938 -1.078 0.345
vertex 21.964 0.0 0.345
vertex 22.039 -1.083 0.244
endloop
endfacet
facet normal -0.7070049171362284 0.016973340577600925 -0.707004917136247
outer loop
vertex 22.039 -1.083 0.244
vertex 21.964 0.0 0.345
vertex 22.065 0.0 0.244
endloop
endfacet
facet normal -0.5972815525119477 0.014339169312382754 -0.8019034450932035
outer loop
vertex 22.039 -1.083 0.244
vertex 22.065 0.0 0.244
vertex 22.153 -1.088 0.159
endloop
endfacet
facet normal -0.5976863094266583 0.01428294489438695 -0.801602814995734
outer loop
vertex 22.153 -1.088 0.159
vertex 22.065 0.0 0.244
vertex 22.179 0.0 0.159
endloop
endfacet
facet normal -0.4828057905023244 0.011537638375974574 -0.8756514441021216
outer loop
vertex 22.153 -1.088 0.159
vertex 22.179 0.0 0.159
vertex 22.278 -1.094 0.09
endloop
endfacet
facet normal -0.4802808790222046 0.011853367215356507 -0.8770346486492517
outer loop
vertex 22.278 -1.094 0.09
vertex 22.179 0.0 0.159
vertex 22.305 0.0 0.09
endloop
endfacet
facet normal -0.3452978538616408 0.008521976283605716 -0.9384544570935591
outer loop
vertex 22.278 -1.094 0.09
vertex 22.305 0.0 0.09
vertex 22.411 -1.101 0.041
endloop
endfacet
facet normal -0.3456929360752262 0.008477483445985678 -0.9383093979184651
outer loop
vertex 22.411 -1.101 0.041
vertex 22.305 0.0 0.09
vertex 22.438 0.0 0.041
endloop
endfacet
facet normal -0.21741499078644835 0.005331702771329296 -0.97606469802308
outer loop
vertex 22.411 -1.101 0.041
vertex 22.438 0.0 0.041
vertex 22.55 -1.108 0.01
endloop
endfacet
facet normal -0.21618875274911703 0.0054632536795803195 -0.9763363027379519
outer loop
vertex 22.55 -1.108 0.01
vertex 22.438 0.0 0.041
vertex 22.578 0.0 0.01
endloop
endfacet
facet normal -0.0696738303928047 0.0017607105153415524 -0.997568271977851
outer loop
vertex 22.55 -1.108 0.01
vertex 22.578 0.0 0.01
vertex 22.693 -1.115 0.0
endloop
endfacet
facet normal -0.0702484559976008 0.0017010836878341197 -0.9975280751659273
outer loop
vertex 22.693 -1.115 0.0
vertex 22.578 0.0 0.01
vertex 22.72 0.0 0.0
endloop
endfacet

endsolid
